periodo,pais_origen,viajeros,pernoctaciones
2024M12,Alemania,"286,033","1,762,158"
2024M12,Austria,"22,084","94,783"
2024M12,Bélgica,"71,327","346,465"
2024M12,Dinamarca,"30,906","169,332"
2024M12,Finlandia,"31,26","209,2"
2024M12,Francia,"283,608","699,522"
2024M12,Grecia,"11,443","35,434"
2024M12,Irlanda,"56,356","269,896"
2024M12,Italia,"195,361","532,534"
2024M12,Luxemburgo,"5,524","27,633"
2024M12,Países Bajos,"103,511","424,135"
2024M12,Polonia,"59,297","253,198"
2024M12,Portugal,"128,922","231,359"
2024M12,República Checa,"13,713","53,328"
2024M12,Suecia,"54,564","318,886"
2024M12,Resto de la U.E.,"89,661","272,833"
2024M12,Noruega,"31,965","192,64"
2024M12,Reino Unido,"452,151","2,483,982"
2024M12,Rusia,,
2024M12,Suiza,"45,653","158,354"
2024M12,Otros Países Europeos,"103,104","307,922"
2024M12,África,"68,028","184,751"
2024M12,UE28 sin España,"1,895,720","8,184,678"
2024M12,UE27_2020 sin España,"1,443,569","5,700,696"
2024M12,Resto del Mundo,"205,318","482,345"
2024M12,América (sin EEUU),"259,055","597,401"
2024M12,Estados Unidos de América,"197,039","488,58"
2024M12,Japón,"32,495","66,849"
2024M12,Asia (sin Japón),,
2024M11,Alemania,"344,91","2,059,727"
2024M11,Austria,"28,319","120,82"
2024M11,Bélgica,"80,144","354,049"
2024M11,Dinamarca,"42,145","214,629"
2024M11,Finlandia,"41,032","256,344"
2024M11,Francia,"294,221","739,763"
2024M11,Grecia,"13,33","37,005"
2024M11,Irlanda,"70,939","326,619"
2024M11,Italia,"196,093","546,979"
2024M11,Luxemburgo,"5,689","28,405"
2024M11,Países Bajos,"126,21","509,889"
2024M11,Polonia,"74,431","280,421"
2024M11,Portugal,"108,576","217,299"
2024M11,República Checa,"19,004","67,874"
2024M11,Suecia,"70,75","389,653"
2024M11,Resto de la U.E.,"105,311","314,682"
2024M11,Noruega,"43,217","273,069"
2024M11,Reino Unido,"544,599","2,800,713"
2024M11,Rusia,,
2024M11,Suiza,"50,541","189,233"
2024M11,Otros Países Europeos,"117,91","338,473"
2024M11,África,"58,695","158,898"
2024M11,UE28 sin España,"2,165,701","9,264,872"
2024M11,UE27_2020 sin España,"1,621,102","6,464,159"
2024M11,Resto del Mundo,"243,834","547,11"
2024M11,América (sin EEUU),"310,273","726,792"
2024M11,Estados Unidos de América,"282,624","679,941"
2024M11,Japón,"31,748","62,103"
2024M11,Asia (sin Japón),,
2024M10,Alemania,"893,847","4,990,492"
2024M10,Austria,"61,734","228,695"
2024M10,Bélgica,"140,45","667,351"
2024M10,Dinamarca,"67,73","342,42"
2024M10,Finlandia,"46,88","229,977"
2024M10,Francia,"664,619","1,974,407"
2024M10,Grecia,"14,305","40,204"
2024M10,Irlanda,"155,568","721,429"
2024M10,Italia,"282,888","756,382"
2024M10,Luxemburgo,"8,952","41,671"
2024M10,Países Bajos,"244,099","1,073,474"
2024M10,Polonia,"124,39","519,815"
2024M10,Portugal,"149,707","352,814"
2024M10,República Checa,"39,506","169,577"
2024M10,Suecia,"94,802","429,052"
2024M10,Resto de la U.E.,"175,192","589,881"
2024M10,Noruega,"66,36","334,131"
2024M10,Reino Unido,"1,112,550","6,112,425"
2024M10,Rusia,,
2024M10,Suiza,"139,479","576,866"
2024M10,Otros Países Europeos,"182,121","580,408"
2024M10,África,"73,462","187,527"
2024M10,UE28 sin España,"4,277,218","19,240,066"
2024M10,UE27_2020 sin España,"3,164,669","13,127,641"
2024M10,Resto del Mundo,"335,723","741,023"
2024M10,América (sin EEUU),"503,613","1,151,690"
2024M10,Estados Unidos de América,"495,221","1,126,877"
2024M10,Japón,"38,081","72,687"
2024M10,Asia (sin Japón),,
2024M09,Alemania,"919,461","5,060,994"
2024M09,Austria,"61,503","252,528"
2024M09,Bélgica,"165,428","765,868"
2024M09,Dinamarca,"61,81","265,161"
2024M09,Finlandia,"25,424","103,152"
2024M09,Francia,"631,226","2,025,526"
2024M09,Grecia,"14,762","39,821"
2024M09,Irlanda,"190,473","887,047"
2024M09,Italia,"320,475","1,033,443"
2024M09,Luxemburgo,"11,936","65,117"
2024M09,Países Bajos,"288,054","1,322,227"
2024M09,Polonia,"161,56","806,57"
2024M09,Portugal,"233,122","791,923"
2024M09,República Checa,"50,572","249,027"
2024M09,Suecia,"70,856","289,411"
2024M09,Resto de la U.E.,"185,119","728,955"
2024M09,Noruega,"52,748","225,98"
2024M09,Reino Unido,"1,345,502","7,272,079"
2024M09,Rusia,,
2024M09,Suiza,"137,166","544,148"
2024M09,Otros Países Europeos,"205,356","769,96"
2024M09,África,"83,095","221,882"
2024M09,UE28 sin España,"4,737,284","21,958,849"
2024M09,UE27_2020 sin España,"3,391,782","14,686,770"
2024M09,Resto del Mundo,"349,119","814,55"
2024M09,América (sin EEUU),"539,247","1,231,176"
2024M09,Estados Unidos de América,"514,136","1,176,953"
2024M09,Japón,"38,963","80,798"
2024M09,Asia (sin Japón),,
2024M08,Alemania,"847,5","4,762,987"
2024M08,Austria,"65,153","288,816"
2024M08,Bélgica,"186,469","779,611"
2024M08,Dinamarca,"46,967","242,74"
2024M08,Finlandia,"12,701","48,713"
2024M08,Francia,"1,068,792","3,672,995"
2024M08,Grecia,"16,824","47,355"
2024M08,Irlanda,"158,716","841,733"
2024M08,Italia,"547,898","1,976,847"
2024M08,Luxemburgo,"15,557","71,971"
2024M08,Países Bajos,"334,802","1,595,899"
2024M08,Polonia,"157,683","854,384"
2024M08,Portugal,"387,598","1,340,439"
2024M08,República Checa,"44,805","226,512"
2024M08,Suecia,"63,077","292,734"
2024M08,Resto de la U.E.,"210,139","841,897"
2024M08,Noruega,"33,623","169,84"
2024M08,Reino Unido,"1,333,270","7,664,524"
2024M08,Rusia,,
2024M08,Suiza,"98,422","441,191"
2024M08,Otros Países Europeos,"206,026","768,201"
2024M08,África,"142,567","402,719"
2024M08,UE28 sin España,"5,497,950","25,550,159"
2024M08,UE27_2020 sin España,"4,164,680","17,885,634"
2024M08,Resto del Mundo,"312,168","838,069"
2024M08,América (sin EEUU),"459,857","1,110,025"
2024M08,Estados Unidos de América,"390,344","936,141"
2024M08,Japón,"33,221","67,038"
2024M08,Asia (sin Japón),,
2024M07,Alemania,"832,821","4,634,009"
2024M07,Austria,"65,281","287,432"
2024M07,Bélgica,"235,295","1,002,153"
2024M07,Dinamarca,"84,763","418,355"
2024M07,Finlandia,"22,36","84,936"
2024M07,Francia,"725,973","2,434,299"
2024M07,Grecia,"15,331","46,679"
2024M07,Irlanda,"167,416","928,18"
2024M07,Italia,"367,301","1,292,013"
2024M07,Luxemburgo,"9,42","41,968"
2024M07,Países Bajos,"340,058","1,531,236"
2024M07,Polonia,"157,004","867,696"
2024M07,Portugal,"254,474","857,672"
2024M07,República Checa,"50,29","284,236"
2024M07,Suecia,"89,84","388,025"
2024M07,Resto de la U.E.,"196,822","813,305"
2024M07,Noruega,"71,165","371,003"
2024M07,Reino Unido,"1,311,285","7,466,689"
2024M07,Rusia,,
2024M07,Suiza,"152,258","689,153"
2024M07,Otros Países Europeos,"220,23","848,98"
2024M07,África,"113,276","294,009"
2024M07,UE28 sin España,"4,925,734","23,378,883"
2024M07,UE27_2020 sin España,"3,614,448","15,912,194"
2024M07,Resto del Mundo,"331,313","905,151"
2024M07,América (sin EEUU),"508,14","1,239,501"
2024M07,Estados Unidos de América,"489,061","1,204,142"
2024M07,Japón,"27,217","56,999"
2024M07,Asia (sin Japón),,
2024M06,Alemania,"835,373","4,495,932"
2024M06,Austria,"60,029","239,892"
2024M06,Bélgica,"134,241","593,618"
2024M06,Dinamarca,"44,292","183,623"
2024M06,Finlandia,"24,407","94,121"
2024M06,Francia,"552,932","1,738,308"
2024M06,Grecia,"16,372","44,327"
2024M06,Irlanda,"180,968","924,775"
2024M06,Italia,"325,633","1,006,385"
2024M06,Luxemburgo,"8,911","40,071"
2024M06,Países Bajos,"263,909","1,192,836"
2024M06,Polonia,"153,981","817,385"
2024M06,Portugal,"228,972","673,196"
2024M06,República Checa,"48,729","246,586"
2024M06,Suecia,"77,03","336,816"
2024M06,Resto de la U.E.,"186,974","694,329"
2024M06,Noruega,"48,793","224,055"
2024M06,Reino Unido,"1,365,862","7,538,958"
2024M06,Rusia,,
2024M06,Suiza,"110,522","417,611"
2024M06,Otros Países Europeos,"197,907","694,017"
2024M06,África,"74,715","185,544"
2024M06,UE28 sin España,"4,508,616","20,861,157"
2024M06,UE27_2020 sin España,"3,142,754","13,322,200"
2024M06,Resto del Mundo,"330,668","782,651"
2024M06,América (sin EEUU),"457,393","1,078,862"
2024M06,Estados Unidos de América,"571,681","1,334,877"
2024M06,Japón,"37,25","71,862"
2024M06,Asia (sin Japón),,
2024M05,Alemania,"938,592","4,679,079"
2024M05,Austria,"77,343","275,395"
2024M05,Bélgica,"152,758","669,474"
2024M05,Dinamarca,"54,953","224,753"
2024M05,Finlandia,"28,98","119,642"
2024M05,Francia,"807,894","2,408,540"
2024M05,Grecia,"16,915","45,805"
2024M05,Irlanda,"187,539","834,469"
2024M05,Italia,"318,92","870,893"
2024M05,Luxemburgo,"11,642","52,96"
2024M05,Países Bajos,"294,016","1,317,658"
2024M05,Polonia,"147,44","635,901"
2024M05,Portugal,"163,039","368,47"
2024M05,República Checa,"37,66","143,096"
2024M05,Suecia,"76,343","313,346"
2024M05,Resto de la U.E.,"181,732","604,591"
2024M05,Noruega,"46,066","195,409"
2024M05,Reino Unido,"1,362,521","6,727,915"
2024M05,Rusia,,
2024M05,Suiza,"117,609","416,899"
2024M05,Otros Países Europeos,"184,333","573,307"
2024M05,África,"71,841","175,594"
2024M05,UE28 sin España,"4,858,287","20,291,987"
2024M05,UE27_2020 sin España,"3,495,766","13,564,072"
2024M05,Resto del Mundo,"359,002","765,034"
2024M05,América (sin EEUU),"505,456","1,154,750"
2024M05,Estados Unidos de América,"548,908","1,235,243"
2024M05,Japón,"37,934","73,489"
2024M05,Asia (sin Japón),,
2024M04,Alemania,"638,213","3,173,927"
2024M04,Austria,"52,79","180,398"
2024M04,Bélgica,"136,465","567,835"
2024M04,Dinamarca,"48,251","211,984"
2024M04,Finlandia,"31,247","153,349"
2024M04,Francia,"629,551","1,810,575"
2024M04,Grecia,"15,092","39,844"
2024M04,Irlanda,"136,786","555,977"
2024M04,Italia,"302,203","815,504"
2024M04,Luxemburgo,"11,021","51,774"
2024M04,Países Bajos,"218,788","800,419"
2024M04,Polonia,"112,932","415,012"
2024M04,Portugal,"177,491","414,06"
2024M04,República Checa,"31,04","103,079"
2024M04,Suecia,"71,704","319,171"
2024M04,Resto de la U.E.,"160,365","497,421"
2024M04,Noruega,"44,259","206,647"
2024M04,Reino Unido,"861,943","4,205,971"
2024M04,Rusia,,
2024M04,Suiza,"106,366","377,703"
2024M04,Otros Países Europeos,"159,725","453,193"
2024M04,África,"60,679","152,146"
2024M04,UE28 sin España,"3,635,880","14,316,301"
2024M04,UE27_2020 sin España,"2,773,937","10,110,329"
2024M04,Resto del Mundo,"300,003","638,384"
2024M04,América (sin EEUU),"364,968","869,388"
2024M04,Estados Unidos de América,"400,853","962,398"
2024M04,Japón,"32,947","65,484"
2024M04,Asia (sin Japón),,
2024M03,Alemania,"544,724","2,988,329"
2024M03,Austria,"44,892","175,027"
2024M03,Bélgica,"96,694","397,927"
2024M03,Dinamarca,"59,173","312,051"
2024M03,Finlandia,"42,542","259,651"
2024M03,Francia,"344,693","947,89"
2024M03,Grecia,"14,709","47,87"
2024M03,Irlanda,"89,912","403,321"
2024M03,Italia,"242,774","689,604"
2024M03,Luxemburgo,"6,342","28,907"
2024M03,Países Bajos,"137,899","548,953"
2024M03,Polonia,"84,928","337,971"
2024M03,Portugal,"122,916","252,192"
2024M03,República Checa,"24,63","91,955"
2024M03,Suecia,"73,995","386,929"
2024M03,Resto de la U.E.,"132,228","411,37"
2024M03,Noruega,"53,49","321,027"
2024M03,Reino Unido,"689,776","3,429,706"
2024M03,Rusia,,
2024M03,Suiza,"67,218","236,051"
2024M03,Otros Países Europeos,"132,694","417,999"
2024M03,África,"42,332","111,547"
2024M03,UE28 sin España,"2,752,827","11,709,654"
2024M03,UE27_2020 sin España,"2,063,051","8,279,948"
2024M03,Resto del Mundo,"228,303","488,906"
2024M03,América (sin EEUU),"318,762","795,45"
2024M03,Estados Unidos de América,"313,915","799,937"
2024M03,Japón,"32,813","70,076"
2024M03,Asia (sin Japón),,
2024M02,Alemania,"321,751","1,877,629"
2024M02,Austria,"28,214","120,959"
2024M02,Bélgica,"75,702","337,289"
2024M02,Dinamarca,"43,789","253,438"
2024M02,Finlandia,"36,127","227,853"
2024M02,Francia,"304,882","822,411"
2024M02,Grecia,"12,941","43,229"
2024M02,Irlanda,"72,555","331,926"
2024M02,Italia,"180,397","547,433"
2024M02,Luxemburgo,"5,001","25,07"
2024M02,Países Bajos,"127,067","535,759"
2024M02,Polonia,"77,999","345,291"
2024M02,Portugal,"109,612","225,585"
2024M02,República Checa,"20,461","80,508"
2024M02,Suecia,"60,098","331,212"
2024M02,Resto de la U.E.,"100,351","312,767"
2024M02,Noruega,"44,226","295,299"
2024M02,Reino Unido,"519,513","2,669,132"
2024M02,Rusia,,
2024M02,Suiza,"47,455","173,917"
2024M02,Otros Países Europeos,"108,579","354,319"
2024M02,África,"56,571","140,255"
2024M02,UE28 sin España,"2,096,462","9,087,492"
2024M02,UE27_2020 sin España,"1,576,948","6,418,360"
2024M02,Resto del Mundo,"207,281","471,542"
2024M02,América (sin EEUU),"235,324","598,121"
2024M02,Estados Unidos de América,"165,964","428,198"
2024M02,Japón,"31,851","67,149"
2024M02,Asia (sin Japón),,
2024M01,Alemania,"253,218","1,619,813"
2024M01,Austria,"19,24","92,645"
2024M01,Bélgica,"63,212","299,887"
2024M01,Dinamarca,"37,19","212,932"
2024M01,Finlandia,"34,61","226,174"
2024M01,Francia,"243,554","672,76"
2024M01,Grecia,"11,527","29,472"
2024M01,Irlanda,"68,131","342,315"
2024M01,Italia,"185,269","580,111"
2024M01,Luxemburgo,"3,891","24,692"
2024M01,Países Bajos,"116,77","490,405"
2024M01,Polonia,"76,597","324,211"
2024M01,Portugal,"87,823","173,563"
2024M01,República Checa,"12,552","45,007"
2024M01,Suecia,"61,269","348,892"
2024M01,Resto de la U.E.,"88,373","285,628"
2024M01,Noruega,"39,149","233,547"
2024M01,Reino Unido,"428,802","2,453,646"
2024M01,Rusia,,
2024M01,Suiza,"35,231","136,162"
2024M01,Otros Países Europeos,"106,311","317,735"
2024M01,África,"61,716","156,419"
2024M01,UE28 sin España,"1,792,026","8,222,153"
2024M01,UE27_2020 sin España,"1,363,225","5,768,507"
2024M01,Resto del Mundo,"210,846","470,275"
2024M01,América (sin EEUU),"263,204","651,403"
2024M01,Estados Unidos de América,"153,304","388,082"
2024M01,Japón,"24,668","48,896"
2024M01,Asia (sin Japón),,
2023M12,Alemania,"265,222","1,634,262"
2023M12,Austria,"20,273","86,582"
2023M12,Bélgica,"67,538","325,506"
2023M12,Dinamarca,"32,715","177,892"
2023M12,Finlandia,"32,59","224,511"
2023M12,Francia,"284,341","703,63"
2023M12,Grecia,"13,188","38,73"
2023M12,Irlanda,"57,019","268,118"
2023M12,Italia,"192,995","533,064"
2023M12,Luxemburgo,"5,196","27,113"
2023M12,Países Bajos,"96,042","398,031"
2023M12,Polonia,"56,322","236,583"
2023M12,Portugal,"137,95","253,428"
2023M12,República Checa,"13,418","49,777"
2023M12,Suecia,"55,338","323,683"
2023M12,Resto de la U.E.,"90,674","283,932"
2023M12,Noruega,"30,854","193,009"
2023M12,Reino Unido,"448,005","2,475,906"
2023M12,Rusia,,
2023M12,Suiza,"43,965","153,965"
2023M12,Otros Países Europeos,"103,69","307,868"
2023M12,África,"56,184","144,946"
2023M12,UE28 sin España,"1,868,826","8,040,748"
2023M12,UE27_2020 sin España,"1,420,821","5,564,842"
2023M12,Resto del Mundo,"207,736","460,683"
2023M12,América (sin EEUU),"251,354","584,694"
2023M12,Estados Unidos de América,"191,388","472,389"
2023M12,Japón,"26,533","54,371"
2023M12,Asia (sin Japón),,
2023M11,Alemania,"334,775","2,004,674"
2023M11,Austria,"27,479","121,654"
2023M11,Bélgica,"78,287","357,727"
2023M11,Dinamarca,"42,067","213,538"
2023M11,Finlandia,"43,287","274,594"
2023M11,Francia,"279,934","741,958"
2023M11,Grecia,"14,218","38,322"
2023M11,Irlanda,"70,387","334,179"
2023M11,Italia,"192,385","543,701"
2023M11,Luxemburgo,"5,262","25,42"
2023M11,Países Bajos,"115,945","453,594"
2023M11,Polonia,"70,702","271,071"
2023M11,Portugal,"98,114","193,958"
2023M11,República Checa,"20,033","75,003"
2023M11,Suecia,"74,144","426,545"
2023M11,Resto de la U.E.,"107,369","334,242"
2023M11,Noruega,"42,618","278,288"
2023M11,Reino Unido,"520,064","2,749,562"
2023M11,Rusia,,
2023M11,Suiza,"51,337","197,897"
2023M11,Otros Países Europeos,"110,85","324,109"
2023M11,África,"53,364","140,759"
2023M11,UE28 sin España,"2,094,452","9,159,741"
2023M11,UE27_2020 sin España,"1,574,388","6,410,179"
2023M11,Resto del Mundo,"222,631","469,708"
2023M11,América (sin EEUU),"290,492","689,288"
2023M11,Estados Unidos de América,"250,259","628,841"
2023M11,Japón,"28,743","58,834"
2023M11,Asia (sin Japón),,
2023M10,Alemania,"800,108","4,543,616"
2023M10,Austria,"56,793","212,34"
2023M10,Bélgica,"135,392","582,917"
2023M10,Dinamarca,"66,548","323,42"
2023M10,Finlandia,"43,654","219,136"
2023M10,Francia,"621,677","1,847,246"
2023M10,Grecia,"14,706","41,673"
2023M10,Irlanda,"146,25","667,551"
2023M10,Italia,"265,751","714,811"
2023M10,Luxemburgo,"9,116","41,327"
2023M10,Países Bajos,"232,544","1,013,787"
2023M10,Polonia,"112,801","498,379"
2023M10,Portugal,"146,895","344,079"
2023M10,República Checa,"35,884","148,694"
2023M10,Suecia,"91,634","378,622"
2023M10,Resto de la U.E.,"158,421","535,331"
2023M10,Noruega,"62,029","323,588"
2023M10,Reino Unido,"1,077,224","6,003,348"
2023M10,Rusia,,
2023M10,Suiza,"128,628","556,985"
2023M10,Otros Países Europeos,"146,458","481,729"
2023M10,África,"69,68","188,778"
2023M10,UE28 sin España,"4,015,396","18,116,276"
2023M10,UE27_2020 sin España,"2,938,171","12,112,928"
2023M10,Resto del Mundo,"335,662","721,921"
2023M10,América (sin EEUU),"469,114","1,088,466"
2023M10,Estados Unidos de América,"448,05","1,044,392"
2023M10,Japón,"34,799","68,24"
2023M10,Asia (sin Japón),,
2023M09,Alemania,"935,137","5,054,810"
2023M09,Austria,"62,045","260,577"
2023M09,Bélgica,"164,049","727,586"
2023M09,Dinamarca,"58,557","234,939"
2023M09,Finlandia,"25,067","94,416"
2023M09,Francia,"625,64","1,963,100"
2023M09,Grecia,"13,487","37,638"
2023M09,Irlanda,"176,614","797,076"
2023M09,Italia,"315,872","1,013,267"
2023M09,Luxemburgo,"11,309","63,599"
2023M09,Países Bajos,"276,962","1,266,504"
2023M09,Polonia,"143,55","718,88"
2023M09,Portugal,"227,742","777,119"
2023M09,República Checa,"48,62","234,488"
2023M09,Suecia,"77,154","315,575"
2023M09,Resto de la U.E.,"170,612","654,456"
2023M09,Noruega,"55,502","219,403"
2023M09,Reino Unido,"1,315,229","7,237,750"
2023M09,Rusia,,
2023M09,Suiza,"127,504","498,617"
2023M09,Otros Países Europeos,"166,424","583,423"
2023M09,África,"75,96","187,205"
2023M09,UE28 sin España,"4,647,646","21,451,781"
2023M09,UE27_2020 sin España,"3,332,417","14,214,031"
2023M09,Resto del Mundo,"349,814","822,039"
2023M09,América (sin EEUU),"502,969","1,151,327"
2023M09,Estados Unidos de América,"467,826","1,075,129"
2023M09,Japón,"35,613","74,408"
2023M09,Asia (sin Japón),,
2023M08,Alemania,"822,266","4,553,050"
2023M08,Austria,"63,084","299,893"
2023M08,Bélgica,"173,132","724,555"
2023M08,Dinamarca,"50,16","261,526"
2023M08,Finlandia,"14,015","55,414"
2023M08,Francia,"1,013,707","3,530,465"
2023M08,Grecia,"17,091","50,242"
2023M08,Irlanda,"152,649","781,883"
2023M08,Italia,"535,344","1,903,428"
2023M08,Luxemburgo,"13,73","69,858"
2023M08,Países Bajos,"331,299","1,620,348"
2023M08,Polonia,"131,818","704,398"
2023M08,Portugal,"357,426","1,227,651"
2023M08,República Checa,"45,589","233,771"
2023M08,Suecia,"62,714","289,605"
2023M08,Resto de la U.E.,"187,364","755,455"
2023M08,Noruega,"37,768","196,179"
2023M08,Reino Unido,"1,285,936","7,488,102"
2023M08,Rusia,,
2023M08,Suiza,"98,882","466,034"
2023M08,Otros Países Europeos,"177,389","678,895"
2023M08,África,"116,747","321,296"
2023M08,UE28 sin España,"5,257,323","24,549,644"
2023M08,UE27_2020 sin España,"3,971,387","17,061,542"
2023M08,Resto del Mundo,"319,399","861,03"
2023M08,América (sin EEUU),"455,1","1,085,803"
2023M08,Estados Unidos de América,"338,032","814,906"
2023M08,Japón,"26,36","57,167"
2023M08,Asia (sin Japón),,
2023M07,Alemania,"804,595","4,461,214"
2023M07,Austria,"64,943","289,721"
2023M07,Bélgica,"227,444","981,631"
2023M07,Dinamarca,"83,365","411,921"
2023M07,Finlandia,"23,44","87,327"
2023M07,Francia,"737,817","2,378,675"
2023M07,Grecia,"14,547","44,515"
2023M07,Irlanda,"154,419","843,58"
2023M07,Italia,"352,978","1,240,864"
2023M07,Luxemburgo,"10,281","46,482"
2023M07,Países Bajos,"309,905","1,329,781"
2023M07,Polonia,"146,803","782,672"
2023M07,Portugal,"238,855","775,471"
2023M07,República Checa,"52,972","285,777"
2023M07,Suecia,"85,223","366,8"
2023M07,Resto de la U.E.,"188,44","761,736"
2023M07,Noruega,"72,823","389,425"
2023M07,Reino Unido,"1,297,386","7,244,055"
2023M07,Rusia,,
2023M07,Suiza,"148,103","677,205"
2023M07,Otros Países Europeos,"196,146","771,119"
2023M07,África,"99,238","251,678"
2023M07,UE28 sin España,"4,793,411","22,332,223"
2023M07,UE27_2020 sin España,"3,496,025","15,088,168"
2023M07,Resto del Mundo,"344,249","954,839"
2023M07,América (sin EEUU),"483,156","1,153,428"
2023M07,Estados Unidos de América,"444,443","1,101,227"
2023M07,Japón,"22,657","48,075"
2023M07,Asia (sin Japón),,
2023M06,Alemania,"858,136","4,451,013"
2023M06,Austria,"57,655","230,713"
2023M06,Bélgica,"114,5","522,825"
2023M06,Dinamarca,"44,028","195,181"
2023M06,Finlandia,"22,98","84,245"
2023M06,Francia,"554,215","1,665,248"
2023M06,Grecia,"14,364","38,133"
2023M06,Irlanda,"156,683","805,595"
2023M06,Italia,"307,839","966,271"
2023M06,Luxemburgo,"11,154","43,178"
2023M06,Países Bajos,"247,274","1,055,908"
2023M06,Polonia,"130,829","637,338"
2023M06,Portugal,"198,834","570,429"
2023M06,República Checa,"43,253","210,186"
2023M06,Suecia,"71,439","299,69"
2023M06,Resto de la U.E.,"168,686","621,157"
2023M06,Noruega,"49,107","237,382"
2023M06,Reino Unido,"1,313,714","7,098,445"
2023M06,Rusia,,
2023M06,Suiza,"101,881","403,316"
2023M06,Otros Países Europeos,"172,649","619,57"
2023M06,África,"66,615","152,289"
2023M06,UE28 sin España,"4,315,582","19,495,555"
2023M06,UE27_2020 sin España,"3,001,868","12,397,110"
2023M06,Resto del Mundo,"335,588","779,938"
2023M06,América (sin EEUU),"445,741","1,020,623"
2023M06,Estados Unidos de América,"501,977","1,155,467"
2023M06,Japón,"26,099","50,878"
2023M06,Asia (sin Japón),,
2023M05,Alemania,"837,369","4,113,960"
2023M05,Austria,"68,696","260,933"
2023M05,Bélgica,"150,287","674,756"
2023M05,Dinamarca,"48,29","206,37"
2023M05,Finlandia,"23,461","85,167"
2023M05,Francia,"770,117","2,214,128"
2023M05,Grecia,"12,464","35,98"
2023M05,Irlanda,"152,793","681,894"
2023M05,Italia,"281,024","773,655"
2023M05,Luxemburgo,"10,068","41,755"
2023M05,Países Bajos,"246,257","1,041,196"
2023M05,Polonia,"115,088","506,833"
2023M05,Portugal,"137,771","326,122"
2023M05,República Checa,"41,073","155,442"
2023M05,Suecia,"70,64","300,94"
2023M05,Resto de la U.E.,"153,557","498,61"
2023M05,Noruega,"46,367","197,613"
2023M05,Reino Unido,"1,214,064","6,286,436"
2023M05,Rusia,,
2023M05,Suiza,"112,091","418,745"
2023M05,Otros Países Europeos,"139,47","455,061"
2023M05,África,"64,725","152,833"
2023M05,UE28 sin España,"4,333,018","18,204,178"
2023M05,UE27_2020 sin España,"3,118,954","11,917,742"
2023M05,Resto del Mundo,"323,677","720,766"
2023M05,América (sin EEUU),"473,902","1,080,435"
2023M05,Estados Unidos de América,"455,864","1,027,692"
2023M05,Japón,"26,989","52,327"
2023M05,Asia (sin Japón),,
2023M04,Alemania,"640,754","3,143,902"
2023M04,Austria,"57,2","194,998"
2023M04,Bélgica,"119,211","475,32"
2023M04,Dinamarca,"54,007","250,101"
2023M04,Finlandia,"30,88","139,428"
2023M04,Francia,"595,525","1,737,664"
2023M04,Grecia,"17,258","51,925"
2023M04,Irlanda,"126,674","526,043"
2023M04,Italia,"268,582","739,851"
2023M04,Luxemburgo,"9,578","43,066"
2023M04,Países Bajos,"217,441","829,492"
2023M04,Polonia,"94,301","353,756"
2023M04,Portugal,"194,126","462,595"
2023M04,República Checa,"32,098","115,556"
2023M04,Suecia,"71,199","323,088"
2023M04,Resto de la U.E.,"152,254","478,929"
2023M04,Noruega,"49,732","237,343"
2023M04,Reino Unido,"786,934","3,816,795"
2023M04,Rusia,,
2023M04,Suiza,"108,981","377,899"
2023M04,Otros Países Europeos,"139,081","458,938"
2023M04,África,"44,908",110
2023M04,UE28 sin España,"3,468,023","13,682,510"
2023M04,UE27_2020 sin España,"2,681,089","9,865,714"
2023M04,Resto del Mundo,"264,705","615,635"
2023M04,América (sin EEUU),"366,005","859,247"
2023M04,Estados Unidos de América,"335,189","808,101"
2023M04,Japón,"21,464","46,06"
2023M04,Asia (sin Japón),,
2023M03,Alemania,"424,265","2,266,807"
2023M03,Austria,"29,806","112,131"
2023M03,Bélgica,"76,888","335,966"
2023M03,Dinamarca,"49,914","258,925"
2023M03,Finlandia,"37,257","196,226"
2023M03,Francia,"316,646","840,882"
2023M03,Grecia,"12,056","39,39"
2023M03,Irlanda,"70,198","309,428"
2023M03,Italia,"203,945","575,925"
2023M03,Luxemburgo,"5,282","26,364"
2023M03,Países Bajos,"130,15","502,268"
2023M03,Polonia,"62,908","254,447"
2023M03,Portugal,"99,783","208,726"
2023M03,República Checa,"20,177","78,385"
2023M03,Suecia,"71,971","371,908"
2023M03,Resto de la U.E.,"111,632","338,639"
2023M03,Noruega,"48,443","296,387"
2023M03,Reino Unido,"592,671","2,958,064"
2023M03,Rusia,,
2023M03,Suiza,"55,193","189,149"
2023M03,Otros Países Europeos,"113,904","367,971"
2023M03,África,"54,366","129,576"
2023M03,UE28 sin España,"2,315,549","9,674,481"
2023M03,UE27_2020 sin España,"1,722,878","6,716,417"
2023M03,Resto del Mundo,"199,347","473,051"
2023M03,América (sin EEUU),"263,751","628,363"
2023M03,Estados Unidos de América,"265,869","666,163"
2023M03,Japón,"21,131","43,846"
2023M03,Asia (sin Japón),,
2023M02,Alemania,"278,415","1,653,987"
2023M02,Austria,"24,072","109,134"
2023M02,Bélgica,"66,352","311,754"
2023M02,Dinamarca,"42,814","243,113"
2023M02,Finlandia,"32,467","179,528"
2023M02,Francia,"295,528","830,127"
2023M02,Grecia,"10,237","35,046"
2023M02,Irlanda,"57,047","270,757"
2023M02,Italia,"157,089","481,94"
2023M02,Luxemburgo,"4,893","24,972"
2023M02,Países Bajos,"104,754","424,906"
2023M02,Polonia,"60,585","269,603"
2023M02,Portugal,"109,844","229,762"
2023M02,República Checa,"15,854","60,12"
2023M02,Suecia,"56,607","311,636"
2023M02,Resto de la U.E.,"90,488","287,692"
2023M02,Noruega,"40,567","257,487"
2023M02,Reino Unido,"450,143","2,358,247"
2023M02,Rusia,,
2023M02,Suiza,"41,986","167,744"
2023M02,Otros Países Europeos,"92,304","311,507"
2023M02,África,"50,637","119,22"
2023M02,UE28 sin España,"1,857,190","8,082,324"
2023M02,UE27_2020 sin España,"1,407,046","5,724,077"
2023M02,Resto del Mundo,"159,677","397,339"
2023M02,América (sin EEUU),"207,331","508,716"
2023M02,Estados Unidos de América,"131,354","348,808"
2023M02,Japón,"19,051","41,741"
2023M02,Asia (sin Japón),,
2023M01,Alemania,"237,872","1,527,076"
2023M01,Austria,"18,615","95,171"
2023M01,Bélgica,"59,982","293,555"
2023M01,Dinamarca,"36,103","208,137"
2023M01,Finlandia,"29,444","175,225"
2023M01,Francia,"224,999","634,54"
2023M01,Grecia,"8,761","26,684"
2023M01,Irlanda,"52,74","267,148"
2023M01,Italia,"171,322","541,879"
2023M01,Luxemburgo,"4,329","25,938"
2023M01,Países Bajos,"104,46","432,709"
2023M01,Polonia,"54,889","239,561"
2023M01,Portugal,"82,766","163,786"
2023M01,República Checa,"11,655","41,228"
2023M01,Suecia,"61,837","356,138"
2023M01,Resto de la U.E.,"83,204","271,388"
2023M01,Noruega,"35,622","216,925"
2023M01,Reino Unido,"358,996","2,120,727"
2023M01,Rusia,,
2023M01,Suiza,"32,016","133,371"
2023M01,Otros Países Europeos,"103,993","358,726"
2023M01,África,"58,152","136,874"
2023M01,UE28 sin España,"1,601,974","7,420,891"
2023M01,UE27_2020 sin España,"1,242,977","5,300,164"
2023M01,Resto del Mundo,"168,982","406,918"
2023M01,América (sin EEUU),"235,376","572,576"
2023M01,Estados Unidos de América,"122,304","324,555"
2023M01,Japón,"13,433","28,375"
2023M01,Asia (sin Japón),,
2022M12,Alemania,"236,239","1,461,766"
2022M12,Austria,"18,129","78,147"
2022M12,Bélgica,"59,495","285,934"
2022M12,Dinamarca,"29,667","162,968"
2022M12,Finlandia,"31,494","191,414"
2022M12,Francia,"272,172","713,753"
2022M12,Grecia,"9,732","28,878"
2022M12,Irlanda,"44,892","215,052"
2022M12,Italia,"156,91","443,467"
2022M12,Luxemburgo,"5,05","25,228"
2022M12,Países Bajos,"84,441","355,202"
2022M12,Polonia,"42,348","187,748"
2022M12,Portugal,"111,951","213,573"
2022M12,República Checa,"11,432","44,645"
2022M12,Suecia,"56,09","324,14"
2022M12,Resto de la U.E.,"78,208","245,194"
2022M12,Noruega,"31,771","205,59"
2022M12,Reino Unido,"416,521","2,272,697"
2022M12,Rusia,,
2022M12,Suiza,"36,804","133,615"
2022M12,Otros Países Europeos,"102,352","347,513"
2022M12,África,"55,953","129,053"
2022M12,UE28 sin España,"1,664,772","7,249,806"
2022M12,UE27_2020 sin España,"1,248,251","4,977,109"
2022M12,Resto del Mundo,"174,62","431,913"
2022M12,América (sin EEUU),"217,689","508,822"
2022M12,Estados Unidos de América,"156,109","394,602"
2022M12,Japón,"13,261","27,506"
2022M12,Asia (sin Japón),,
2022M11,Alemania,"290,82","1,778,704"
2022M11,Austria,"21,391","93,936"
2022M11,Bélgica,"69,02","342,323"
2022M11,Dinamarca,"37,264","196,744"
2022M11,Finlandia,"37,091","216,982"
2022M11,Francia,"283,356","732,149"
2022M11,Grecia,"12,329","38,446"
2022M11,Irlanda,"58,029","278,862"
2022M11,Italia,"163,395","472,097"
2022M11,Luxemburgo,"4,436","25,82"
2022M11,Países Bajos,"106,833","414,227"
2022M11,Polonia,"48,748","188,236"
2022M11,Portugal,"85,628","176,193"
2022M11,República Checa,"17,261","59,534"
2022M11,Suecia,"71,64","419,091"
2022M11,Resto de la U.E.,"89,332","273,385"
2022M11,Noruega,"46,624","281,236"
2022M11,Reino Unido,"448,512","2,385,127"
2022M11,Rusia,,
2022M11,Suiza,"43,22","169,885"
2022M11,Otros Países Europeos,"99,831","346,939"
2022M11,África,"49,027","118,308"
2022M11,UE28 sin España,"1,845,085","8,091,857"
2022M11,UE27_2020 sin España,"1,396,573","5,706,730"
2022M11,Resto del Mundo,"183,932","457,672"
2022M11,América (sin EEUU),"245,004","589,626"
2022M11,Estados Unidos de América,"196,609","487,522"
2022M11,Japón,"13,423","29,125"
2022M11,Asia (sin Japón),,
2022M10,Alemania,"716,36","3,976,465"
2022M10,Austria,"49,84","178,167"
2022M10,Bélgica,"129,151","533,996"
2022M10,Dinamarca,"60,784","321,637"
2022M10,Finlandia,"38,249","177,537"
2022M10,Francia,"598,164","1,745,157"
2022M10,Grecia,"14,643","43,164"
2022M10,Irlanda,"117,981","531,972"
2022M10,Italia,"245,017","681,048"
2022M10,Luxemburgo,"8,253","36,324"
2022M10,Países Bajos,"211,127","886,386"
2022M10,Polonia,"94,042","398,298"
2022M10,Portugal,"134,86","305,894"
2022M10,República Checa,"34,613","173,943"
2022M10,Suecia,"82,346","331,756"
2022M10,Resto de la U.E.,"135,432","431,75"
2022M10,Noruega,"67,438","320,957"
2022M10,Reino Unido,"957,6","5,359,407"
2022M10,Rusia,,
2022M10,Suiza,"118,941","500,962"
2022M10,Otros Países Europeos,"145,433","523,225"
2022M10,África,"64,837","159,849"
2022M10,UE28 sin España,"3,628,462","16,112,899"
2022M10,UE27_2020 sin España,"2,670,862","10,753,493"
2022M10,Resto del Mundo,"253,855","619,268"
2022M10,América (sin EEUU),"402,817","937,605"
2022M10,Estados Unidos de América,"363,053","833,401"
2022M10,Japón,"16,157","33,29"
2022M10,Asia (sin Japón),,
2022M09,Alemania,"880,931","4,793,552"
2022M09,Austria,"56,407","223,951"
2022M09,Bélgica,"159,125","696,873"
2022M09,Dinamarca,"66,012","272,629"
2022M09,Finlandia,"22,354","73,632"
2022M09,Francia,"594,211","1,837,514"
2022M09,Grecia,"11,564","32,626"
2022M09,Irlanda,"154,968","699,535"
2022M09,Italia,"295,884","971,011"
2022M09,Luxemburgo,"9,899","55,075"
2022M09,Países Bajos,"256,111","1,124,274"
2022M09,Polonia,"114,825","567,143"
2022M09,Portugal,"205,6","677,034"
2022M09,República Checa,"45,378","200,996"
2022M09,Suecia,"76,613","306,36"
2022M09,Resto de la U.E.,"146,222","527,439"
2022M09,Noruega,"56,915","228,604"
2022M09,Reino Unido,"1,237,605","6,768,744"
2022M09,Rusia,,
2022M09,Suiza,"112,907","449,136"
2022M09,Otros Países Europeos,"166,271","631,716"
2022M09,África,"67,728","162,012"
2022M09,UE28 sin España,"4,333,707","19,828,387"
2022M09,UE27_2020 sin España,"3,096,103","13,059,643"
2022M09,Resto del Mundo,"259,103","638,933"
2022M09,América (sin EEUU),"441,76","1,016,207"
2022M09,Estados Unidos de América,"392,915","890,838"
2022M09,Japón,"14,129","31,807"
2022M09,Asia (sin Japón),,
2022M08,Alemania,"801,55","4,665,352"
2022M08,Austria,"56,108","262,337"
2022M08,Bélgica,"164,69","683,468"
2022M08,Dinamarca,"50,043","259,389"
2022M08,Finlandia,"15,675","60,202"
2022M08,Francia,"1,054,575","3,699,046"
2022M08,Grecia,"15,937","48,321"
2022M08,Irlanda,"128,508","680,463"
2022M08,Italia,"484,39","1,773,605"
2022M08,Luxemburgo,"15,901","77,771"
2022M08,Países Bajos,"326,268","1,571,343"
2022M08,Polonia,"109,881","599,393"
2022M08,Portugal,"316,463","1,047,020"
2022M08,República Checa,"37,296","191,819"
2022M08,Suecia,"62,114","275,004"
2022M08,Resto de la U.E.,"159,498","638,444"
2022M08,Noruega,"42,36","209,848"
2022M08,Reino Unido,"1,221,354","7,294,732"
2022M08,Rusia,,
2022M08,Suiza,"98,49","459,603"
2022M08,Otros Países Europeos,"156,661","697,477"
2022M08,África,"110,101","275,633"
2022M08,UE28 sin España,"5,020,252","23,827,710"
2022M08,UE27_2020 sin España,"3,798,898","16,532,978"
2022M08,Resto del Mundo,"255,421","740,209"
2022M08,América (sin EEUU),"375,613","913,442"
2022M08,Estados Unidos de América,"260,354","645,375"
2022M08,Japón,"11,942","29,213"
2022M08,Asia (sin Japón),,
2022M07,Alemania,"776,051","4,502,389"
2022M07,Austria,"62,461","276,35"
2022M07,Bélgica,"233,125","1,035,204"
2022M07,Dinamarca,"92,739","444,814"
2022M07,Finlandia,"24,477","96,548"
2022M07,Francia,"748,958","2,382,480"
2022M07,Grecia,"13,561","40,74"
2022M07,Irlanda,"135,486","746,222"
2022M07,Italia,"320,514","1,159,710"
2022M07,Luxemburgo,"9,609","43,63"
2022M07,Países Bajos,"307,323","1,334,873"
2022M07,Polonia,"121,357","678,75"
2022M07,Portugal,"208,687","621,349"
2022M07,República Checa,"46,14","246,901"
2022M07,Suecia,"86,411","363,11"
2022M07,Resto de la U.E.,"165,921","657,433"
2022M07,Noruega,"88,758","408,179"
2022M07,Reino Unido,"1,246,024","7,004,436"
2022M07,Rusia,,
2022M07,Suiza,"148,126","661,885"
2022M07,Otros Países Europeos,"163,77","736,901"
2022M07,África,"95,908","226,287"
2022M07,UE28 sin España,"4,598,843","21,634,939"
2022M07,UE27_2020 sin España,"3,352,820","14,630,503"
2022M07,Resto del Mundo,"277,955","786,18"
2022M07,América (sin EEUU),"412,3","1,002,778"
2022M07,Estados Unidos de América,"393,819","961,715"
2022M07,Japón,"10,452","29,439"
2022M07,Asia (sin Japón),,
2022M06,Alemania,"862,263","4,688,446"
2022M06,Austria,"53,803","207,64"
2022M06,Bélgica,"123,255","544,104"
2022M06,Dinamarca,"42,486","181,524"
2022M06,Finlandia,"24,676","88,595"
2022M06,Francia,"557,755","1,651,129"
2022M06,Grecia,"12,88","38,978"
2022M06,Irlanda,"137,175","709,437"
2022M06,Italia,"292,664","920,47"
2022M06,Luxemburgo,"9,182","42,535"
2022M06,Países Bajos,"228,625","1,010,520"
2022M06,Polonia,"112,585","543,537"
2022M06,Portugal,"199,57","563,887"
2022M06,República Checa,"35,584","163,427"
2022M06,Suecia,"71,124","293,062"
2022M06,Resto de la U.E.,"153,453","533,849"
2022M06,Noruega,"54,021","236,042"
2022M06,Reino Unido,"1,223,994","6,795,442"
2022M06,Rusia,,
2022M06,Suiza,"99,416","381,996"
2022M06,Otros Países Europeos,"144,417","580,114"
2022M06,África,"58,438","140,15"
2022M06,UE28 sin España,"4,141,074","18,976,581"
2022M06,UE27_2020 sin España,"2,917,080","12,181,139"
2022M06,Resto del Mundo,"223,122","570,394"
2022M06,América (sin EEUU),"374,258","910,477"
2022M06,Estados Unidos de América,"437,326","1,022,960"
2022M06,Japón,"11,087","24,511"
2022M06,Asia (sin Japón),,
2022M05,Alemania,"760,733","3,668,543"
2022M05,Austria,"61,177","227,901"
2022M05,Bélgica,"128,81","523,905"
2022M05,Dinamarca,"54,737","232,535"
2022M05,Finlandia,"25,211","89,116"
2022M05,Francia,"688,452","1,963,996"
2022M05,Grecia,"13,137","40,031"
2022M05,Irlanda,"133,43","589,362"
2022M05,Italia,"255,672","690,066"
2022M05,Luxemburgo,"9,902","48,182"
2022M05,Países Bajos,"267,278","1,164,861"
2022M05,Polonia,"89,592","397,558"
2022M05,Portugal,"120,365","272,413"
2022M05,República Checa,"30,983","115,116"
2022M05,Suecia,"74,242","286,849"
2022M05,Resto de la U.E.,"128,803","403,854"
2022M05,Noruega,"48,649","198,231"
2022M05,Reino Unido,"1,117,705","5,562,875"
2022M05,Rusia,,
2022M05,Suiza,"100,169","350,045"
2022M05,Otros Países Europeos,"130,622","513,472"
2022M05,África,"61,115","150,453"
2022M05,UE28 sin España,"3,960,229","16,277,162"
2022M05,UE27_2020 sin España,"2,842,525","10,714,287"
2022M05,Resto del Mundo,"197,101","500,607"
2022M05,América (sin EEUU),"361,85","843,961"
2022M05,Estados Unidos de América,"361,833","838,841"
2022M05,Japón,"8,241","20,421"
2022M05,Asia (sin Japón),,
2022M04,Alemania,"565,194","2,858,295"
2022M04,Austria,"48,997","175,205"
2022M04,Bélgica,"119,332","500,566"
2022M04,Dinamarca,"53,475","255,76"
2022M04,Finlandia,"24,642","106,7"
2022M04,Francia,"509,757","1,486,007"
2022M04,Grecia,"12,221","36,685"
2022M04,Irlanda,"99,375","423,287"
2022M04,Italia,"208,141","593,722"
2022M04,Luxemburgo,"9,17","43,878"
2022M04,Países Bajos,"200,24","760,745"
2022M04,Polonia,"63,343","254,084"
2022M04,Portugal,"157,339","357,552"
2022M04,República Checa,"24,94","88,635"
2022M04,Suecia,"63,726","289,229"
2022M04,Resto de la U.E.,"130,262","397,777"
2022M04,Noruega,"44,998","211,008"
2022M04,Reino Unido,"710,06","3,499,739"
2022M04,Rusia,,
2022M04,Suiza,"90,789","339,515"
2022M04,Otros Países Europeos,"119,231","498,562"
2022M04,África,"30,76","80,816"
2022M04,UE28 sin España,"3,000,215","12,127,864"
2022M04,UE27_2020 sin España,"2,290,155","8,628,125"
2022M04,Resto del Mundo,"137,188","393,612"
2022M04,América (sin EEUU),"279,019","675,976"
2022M04,Estados Unidos de América,"222,759","536,732"
2022M04,Japón,"7,907","20,113"
2022M04,Asia (sin Japón),,
2022M03,Alemania,"358,345","1,971,226"
2022M03,Austria,"22,928","89,77"
2022M03,Bélgica,"78,803","378,93"
2022M03,Dinamarca,"44,074","241,815"
2022M03,Finlandia,"27,919","140,949"
2022M03,Francia,"276,873","767,468"
2022M03,Grecia,"9,25","32,982"
2022M03,Irlanda,"60,501","266,88"
2022M03,Italia,"150,285","440,198"
2022M03,Luxemburgo,"4,242","20,829"
2022M03,Países Bajos,"128,193","541,843"
2022M03,Polonia,"44,952","199,521"
2022M03,Portugal,"79,235","173,611"
2022M03,República Checa,"18,604","70,345"
2022M03,Suecia,"52,984","273,55"
2022M03,Resto de la U.E.,"87,395","275,552"
2022M03,Noruega,"35,781","214,894"
2022M03,Reino Unido,"481,097","2,533,178"
2022M03,Rusia,,
2022M03,Suiza,"44,19","160,751"
2022M03,Otros Países Europeos,"96,776","369,536"
2022M03,África,"47,245","129,023"
2022M03,UE28 sin España,"1,925,680","8,418,647"
2022M03,UE27_2020 sin España,"1,444,583","5,885,469"
2022M03,Resto del Mundo,"105,146","308,959"
2022M03,América (sin EEUU),"192,296","489,641"
2022M03,Estados Unidos de América,"160,667","415,119"
2022M03,Japón,"4,861","14,146"
2022M03,Asia (sin Japón),,
2022M02,Alemania,"200,136","1,087,577"
2022M02,Austria,"18,345","80,963"
2022M02,Bélgica,"64,593","284,967"
2022M02,Dinamarca,"36,925","208,473"
2022M02,Finlandia,"21,104","116,688"
2022M02,Francia,"281,232","782,6"
2022M02,Grecia,"5,552","15,604"
2022M02,Irlanda,"47,425","217,798"
2022M02,Italia,"112,736","330,073"
2022M02,Luxemburgo,"4,835","23,022"
2022M02,Países Bajos,"103,254","409,27"
2022M02,Polonia,"48,072","228,944"
2022M02,Portugal,"80,563","167,185"
2022M02,República Checa,"12,772","48,031"
2022M02,Suecia,"39,45","199,711"
2022M02,Resto de la U.E.,"71,293","226,44"
2022M02,Noruega,"25,846","156,082"
2022M02,Reino Unido,"342,343","1,761,079"
2022M02,Rusia,"13,582","38,348"
2022M02,Suiza,"33,326","120,667"
2022M02,Otros Países Europeos,"61,792","206,621"
2022M02,África,"39,523","104,181"
2022M02,UE28 sin España,"1,490,629","6,188,423"
2022M02,UE27_2020 sin España,"1,148,286","4,427,345"
2022M02,Resto del Mundo,"74,419","207,96"
2022M02,América (sin EEUU),"140,962","356,253"
2022M02,Estados Unidos de América,"72,38","187,273"
2022M02,Japón,"3,89","9,584"
2022M02,Asia (sin Japón),,
2022M01,Alemania,"143,443","1,019,957"
2022M01,Austria,"11,405","62,706"
2022M01,Bélgica,"54,596","275,167"
2022M01,Dinamarca,"27,33","165,793"
2022M01,Finlandia,"17,719","106,459"
2022M01,Francia,"165,41","445,257"
2022M01,Grecia,"3,481","11,886"
2022M01,Irlanda,"32,193","169,173"
2022M01,Italia,"85,866","290,787"
2022M01,Luxemburgo,"2,5","15,912"
2022M01,Países Bajos,"98,157","415,754"
2022M01,Polonia,"35,008","180,713"
2022M01,Portugal,"44,865","92,711"
2022M01,República Checa,"8,943","35,681"
2022M01,Suecia,"37,152","240,746"
2022M01,Resto de la U.E.,"54,314","175,868"
2022M01,Noruega,"18,392","112,573"
2022M01,Reino Unido,"184,101","1,092,945"
2022M01,Rusia,"15,047","40,519"
2022M01,Suiza,"19,706","75,888"
2022M01,Otros Países Europeos,"50,242","173,44"
2022M01,África,"32,144","100,219"
2022M01,UE28 sin España,"1,006,483","4,797,514"
2022M01,UE27_2020 sin España,"822,382","3,704,569"
2022M01,Resto del Mundo,"63,302","170,238"
2022M01,América (sin EEUU),"149,4","403,075"
2022M01,Estados Unidos de América,"59,962","159,41"
2022M01,Japón,"2,189","6,372"
2022M01,Asia (sin Japón),,
2021M12,Alemania,"194,051","1,305,578"
2021M12,Austria,"14,825","65,451"
2021M12,Bélgica,"59,926","287,721"
2021M12,Dinamarca,"26,712","165,453"
2021M12,Finlandia,"21,755","132,843"
2021M12,Francia,"236,273","636,407"
2021M12,Grecia,"4,943","16,111"
2021M12,Irlanda,"27,181","134,532"
2021M12,Italia,"115,568","344,887"
2021M12,Luxemburgo,"3,92","23,966"
2021M12,Países Bajos,"88,499","370,733"
2021M12,Polonia,"29,624","149,247"
2021M12,Portugal,"53,514","112,33"
2021M12,República Checa,"8,551","35,354"
2021M12,Suecia,"44,599","257,202"
2021M12,Resto de la U.E.,"59,075","188,675"
2021M12,Noruega,"21,101","132,752"
2021M12,Reino Unido,"199,43","1,189,776"
2021M12,Rusia,"14,18","36,973"
2021M12,Suiza,"23,897","94,35"
2021M12,Otros Países Europeos,"56,215","185,918"
2021M12,África,"35,055","91,933"
2021M12,UE28 sin España,"1,188,446","5,416,266"
2021M12,UE27_2020 sin España,"989,017","4,226,490"
2021M12,Resto del Mundo,"93,998","251,756"
2021M12,América (sin EEUU),"164,989","396,636"
2021M12,Estados Unidos de América,"98,448","249,341"
2021M12,Japón,"4,769","12,371"
2021M12,Asia (sin Japón),,
2021M11,Alemania,"282,527","1,834,075"
2021M11,Austria,"17,448","76,687"
2021M11,Bélgica,"80,428","428,986"
2021M11,Dinamarca,"38,99","214,288"
2021M11,Finlandia,"23,808","130,812"
2021M11,Francia,"288,439","787,919"
2021M11,Grecia,"7,925","23,909"
2021M11,Irlanda,"40,429","178,764"
2021M11,Italia,"140,042","413,857"
2021M11,Luxemburgo,"4,487","26,457"
2021M11,Países Bajos,"105,298","433,862"
2021M11,Polonia,"38,493","166,633"
2021M11,Portugal,"74,394","154,604"
2021M11,República Checa,"13,37","46,298"
2021M11,Suecia,"57,625","327,297"
2021M11,Resto de la U.E.,"66,503","207,215"
2021M11,Noruega,"29,339","161,651"
2021M11,Reino Unido,"317,175","1,756,952"
2021M11,Rusia,"15,039","35,403"
2021M11,Suiza,"38,96","154,211"
2021M11,Otros Países Europeos,"59,25","190,785"
2021M11,África,"36,416","99,233"
2021M11,UE28 sin España,"1,597,380","7,208,615"
2021M11,UE27_2020 sin España,"1,280,206","5,451,664"
2021M11,Resto del Mundo,"94,978","251,182"
2021M11,América (sin EEUU),"175,767","432,995"
2021M11,Estados Unidos de América,"113,376","278,431"
2021M11,Japón,"3,756","10,486"
2021M11,Asia (sin Japón),,
2021M10,Alemania,"594,642","3,496,598"
2021M10,Austria,"35,14","137,334"
2021M10,Bélgica,"124,807","501,839"
2021M10,Dinamarca,"64,886","342,478"
2021M10,Finlandia,"24,807","101,763"
2021M10,Francia,"507,695","1,457,189"
2021M10,Grecia,"10,511","32,236"
2021M10,Irlanda,"79,673","361,3"
2021M10,Italia,"163,11","468,504"
2021M10,Luxemburgo,"8,237","39,196"
2021M10,Países Bajos,"221,929","988,267"
2021M10,Polonia,"55,882","261,231"
2021M10,Portugal,"120,21","262,673"
2021M10,República Checa,"22,263","97,503"
2021M10,Suecia,"64,614","247,214"
2021M10,Resto de la U.E.,"90,261","279,178"
2021M10,Noruega,"33,599","154,291"
2021M10,Reino Unido,"576,607","3,073,477"
2021M10,Rusia,"18,608","53,198"
2021M10,Suiza,"98,848","427,546"
2021M10,Otros Países Europeos,"82,244","283,557"
2021M10,África,"37,794","112,938"
2021M10,UE28 sin España,"2,765,272","12,147,980"
2021M10,UE27_2020 sin España,"2,188,664","9,074,503"
2021M10,Resto del Mundo,"108,253","280,371"
2021M10,América (sin EEUU),"219,647","530,9"
2021M10,Estados Unidos de América,"162,385","386,251"
2021M10,Japón,"3,864","9,555"
2021M10,Asia (sin Japón),,
2021M09,Alemania,"572,993","3,398,567"
2021M09,Austria,"31,729","134,532"
2021M09,Bélgica,"143,391","690,055"
2021M09,Dinamarca,"46,867","214,938"
2021M09,Finlandia,"11,598","36,079"
2021M09,Francia,"451,146","1,447,504"
2021M09,Grecia,"5,921","19,21"
2021M09,Irlanda,"76,198","334,533"
2021M09,Italia,"162,384","515,421"
2021M09,Luxemburgo,"10,233","58,335"
2021M09,Países Bajos,"222,975","1,042,597"
2021M09,Polonia,"80,015","439,539"
2021M09,Portugal,"143,145","430,664"
2021M09,República Checa,"24,693","112,473"
2021M09,Suecia,"52,275","196,438"
2021M09,Resto de la U.E.,"86,148","290,672"
2021M09,Noruega,"14,649","54,14"
2021M09,Reino Unido,"481,75","2,538,080"
2021M09,Rusia,"15,985","49,48"
2021M09,Suiza,"76,446","313,929"
2021M09,Otros Países Europeos,"82,438","279,506"
2021M09,África,"35,917","114,163"
2021M09,UE28 sin España,"2,603,461","11,899,635"
2021M09,UE27_2020 sin España,"2,121,711","9,361,556"
2021M09,Resto del Mundo,"112,409","279,016"
2021M09,América (sin EEUU),"193,581","477,853"
2021M09,Estados Unidos de América,"154,653","366,025"
2021M09,Japón,"3,867","9,442"
2021M09,Asia (sin Japón),,
2021M08,Alemania,"426,635","2,521,804"
2021M08,Austria,"32,935","159,145"
2021M08,Bélgica,"129,313","556,426"
2021M08,Dinamarca,"39,862","222,036"
2021M08,Finlandia,"6,753","20,351"
2021M08,Francia,"790,735","3,026,237"
2021M08,Grecia,"7,6","22,147"
2021M08,Irlanda,"56,984","277,56"
2021M08,Italia,"214,271","799,598"
2021M08,Luxemburgo,"14,866","88,331"
2021M08,Países Bajos,"251,957","1,113,191"
2021M08,Polonia,"87,843","495,478"
2021M08,Portugal,"176,109","543,832"
2021M08,República Checa,"21,839","107,961"
2021M08,Suecia,"42,652","189,034"
2021M08,Resto de la U.E.,"111,564","419,145"
2021M08,Noruega,"6,945","25,399"
2021M08,Reino Unido,"426,658","2,374,945"
2021M08,Rusia,"17,471","56,185"
2021M08,Suiza,"75,021","358,795"
2021M08,Otros Países Europeos,"73,899","258,323"
2021M08,África,"47,202","160,706"
2021M08,UE28 sin España,"2,838,575","12,937,221"
2021M08,UE27_2020 sin España,"2,411,917","10,562,277"
2021M08,Resto del Mundo,"111,958","330,89"
2021M08,América (sin EEUU),"159,379","402,51"
2021M08,Estados Unidos de América,"127,577","321,528"
2021M08,Japón,"3,992","11,767"
2021M08,Asia (sin Japón),,
2021M07,Alemania,"436,47","2,629,179"
2021M07,Austria,"30,473","130,987"
2021M07,Bélgica,"126,358","540,596"
2021M07,Dinamarca,"67,008","361,107"
2021M07,Finlandia,"6,857","20,493"
2021M07,Francia,"470,256","1,596,732"
2021M07,Grecia,"6,229","17,774"
2021M07,Irlanda,"30,484","111,151"
2021M07,Italia,"143,199","489,722"
2021M07,Luxemburgo,"8,925","48,274"
2021M07,Países Bajos,"151,481","622,607"
2021M07,Polonia,"85,635","498,504"
2021M07,Portugal,"103,207","280,577"
2021M07,República Checa,"32,331","164,114"
2021M07,Suecia,"53,545","222,236"
2021M07,Resto de la U.E.,"105,096","383,165"
2021M07,Noruega,"9,977","38,091"
2021M07,Reino Unido,"315,341","1,561,051"
2021M07,Rusia,"16,808","58,213"
2021M07,Suiza,"90,743","402,191"
2021M07,Otros Países Europeos,"65,772","226,648"
2021M07,África,"34,796","116,538"
2021M07,UE28 sin España,"2,172,898","9,678,268"
2021M07,UE27_2020 sin España,"1,857,556","8,117,217"
2021M07,Resto del Mundo,"97,612","293,609"
2021M07,América (sin EEUU),"144,735","359,974"
2021M07,Estados Unidos de América,"126,195","308,88"
2021M07,Japón,"2,893","7,906"
2021M07,Asia (sin Japón),,
2021M06,Alemania,"295,062","1,577,948"
2021M06,Austria,"15,426","55,829"
2021M06,Bélgica,"56,606","233,723"
2021M06,Dinamarca,"23,853","99,217"
2021M06,Finlandia,"4,007","10,08"
2021M06,Francia,"268,061","762,366"
2021M06,Grecia,"3,288","9,164"
2021M06,Irlanda,"9,926","26,561"
2021M06,Italia,"90,025","278,981"
2021M06,Luxemburgo,"5,705","31,655"
2021M06,Países Bajos,"84,936","362,215"
2021M06,Polonia,"46,922","215,034"
2021M06,Portugal,"86,436","196,279"
2021M06,República Checa,"15,051","59,339"
2021M06,Suecia,"27,169","95,14"
2021M06,Resto de la U.E.,"69,417","202,529"
2021M06,Noruega,"3,673","9,825"
2021M06,Reino Unido,"82,024","239,429"
2021M06,Rusia,"11,28","28,602"
2021M06,Suiza,"38,574","147,291"
2021M06,Otros Países Europeos,"42,745","120,374"
2021M06,África,"24,958","76,843"
2021M06,UE28 sin España,"1,183,912","4,455,490"
2021M06,UE27_2020 sin España,"1,101,889","4,216,061"
2021M06,Resto del Mundo,"57,045","137,067"
2021M06,América (sin EEUU),"78,07","186,65"
2021M06,Estados Unidos de América,"47,194","117,437"
2021M06,Japón,"1,709","4,693"
2021M06,Asia (sin Japón),,
2021M05,Alemania,"148,245","739,246"
2021M05,Austria,"6,567","22,84"
2021M05,Bélgica,"33,384","112,802"
2021M05,Dinamarca,"6,166","21,13"
2021M05,Finlandia,"2,474","8,839"
2021M05,Francia,"199,406","509,051"
2021M05,Grecia,"2,549","6,798"
2021M05,Irlanda,"5,497","15,019"
2021M05,Italia,"46,719","134,638"
2021M05,Luxemburgo,"4,309","23,173"
2021M05,Países Bajos,"36,953","116,307"
2021M05,Polonia,"18,369","81,251"
2021M05,Portugal,"37,228","75,288"
2021M05,República Checa,"8,405","36,587"
2021M05,Suecia,"10,823","36,652"
2021M05,Resto de la U.E.,"37,032","100,144"
2021M05,Noruega,"1,725","4,498"
2021M05,Reino Unido,"33,841","88,183"
2021M05,Rusia,"7,459","19,106"
2021M05,Suiza,"28,108","112,015"
2021M05,Otros Países Europeos,"25,408","64,702"
2021M05,África,"21,935","72,079"
2021M05,UE28 sin España,"637,966","2,127,949"
2021M05,UE27_2020 sin España,"604,125","2,039,766"
2021M05,Resto del Mundo,"33,048","80,171"
2021M05,América (sin EEUU),"46,383","109,657"
2021M05,Estados Unidos de América,"16,093","44,329"
2021M05,Japón,"1,159","3,92"
2021M05,Asia (sin Japón),,
2021M04,Alemania,"57,903","303,295"
2021M04,Austria,"3,75","13,92"
2021M04,Bélgica,"11,564","32,849"
2021M04,Dinamarca,"2,512","8,117"
2021M04,Finlandia,"1,868","6,069"
2021M04,Francia,"67,278","172,486"
2021M04,Grecia,"1,639","4,517"
2021M04,Irlanda,"3,077","9,034"
2021M04,Italia,"31,271","96,021"
2021M04,Luxemburgo,"4,093","22,903"
2021M04,Países Bajos,"16,104","43,351"
2021M04,Polonia,"10,263","44,949"
2021M04,Portugal,"16,58","40,859"
2021M04,República Checa,"5,686","29,853"
2021M04,Suecia,"6,758","24,367"
2021M04,Resto de la U.E.,"24,232","68,615"
2021M04,Noruega,"1,094","3,675"
2021M04,Reino Unido,"18,558","50,949"
2021M04,Rusia,"4,678","13,243"
2021M04,Suiza,"17,372","66,178"
2021M04,Otros Países Europeos,"18,171","47,022"
2021M04,África,"10,799","35,398"
2021M04,UE28 sin España,"283,137","972,156"
2021M04,UE27_2020 sin España,"264,579","921,207"
2021M04,Resto del Mundo,"16,979","44,906"
2021M04,América (sin EEUU),"31,012","79,699"
2021M04,Estados Unidos de América,"8,641","28,215"
2021M04,Japón,895,"2,85"
2021M04,Asia (sin Japón),,
2021M03,Alemania,"40,944","184,106"
2021M03,Austria,"2,482","9,997"
2021M03,Bélgica,"6,22","17,05"
2021M03,Dinamarca,"2,09","7,391"
2021M03,Finlandia,"1,97","6,678"
2021M03,Francia,"58,727","149,682"
2021M03,Grecia,"1,268","4,841"
2021M03,Irlanda,"3,027","15,029"
2021M03,Italia,"22,35","62,894"
2021M03,Luxemburgo,"1,54","7,628"
2021M03,Países Bajos,"11,006","26,976"
2021M03,Polonia,"7,42","34,894"
2021M03,Portugal,"14,734","34,25"
2021M03,República Checa,"4,125","24,736"
2021M03,Suecia,"6,442","30,298"
2021M03,Resto de la U.E.,"18,832","54,338"
2021M03,Noruega,"1,114","4,727"
2021M03,Reino Unido,"13,938","35,816"
2021M03,Rusia,"4,413","12,02"
2021M03,Suiza,"5,291","16,865"
2021M03,Otros Países Europeos,"14,608","35,848"
2021M03,África,"15,085","68,868"
2021M03,UE28 sin España,"217,114","706,606"
2021M03,UE27_2020 sin España,"203,176","670,79"
2021M03,Resto del Mundo,"14,926","42,081"
2021M03,América (sin EEUU),"29,989","75,148"
2021M03,Estados Unidos de América,"6,961","25,756"
2021M03,Japón,594,"2,318"
2021M03,Asia (sin Japón),,
2021M02,Alemania,"15,557","76,077"
2021M02,Austria,"1,408","6,567"
2021M02,Bélgica,"4,093","11,98"
2021M02,Dinamarca,939,"5,061"
2021M02,Finlandia,669,"2,576"
2021M02,Francia,"40,762","109,628"
2021M02,Grecia,714,"2,057"
2021M02,Irlanda,"2,495","10,501"
2021M02,Italia,"15,911","45,627"
2021M02,Luxemburgo,"1,583","8,034"
2021M02,Países Bajos,"7,832","20,842"
2021M02,Polonia,"5,079","24,013"
2021M02,Portugal,"9,411","23,673"
2021M02,República Checa,"2,191","12,923"
2021M02,Suecia,"4,167","25,678"
2021M02,Resto de la U.E.,"14,618","40,894"
2021M02,Noruega,706,"2,755"
2021M02,Reino Unido,"9,606","27,345"
2021M02,Rusia,"2,883","10,454"
2021M02,Suiza,"2,366","9,016"
2021M02,Otros Países Europeos,"8,959","23,639"
2021M02,África,"11,42","48,908"
2021M02,UE28 sin España,"137,034","453,475"
2021M02,UE27_2020 sin España,"127,428","426,13"
2021M02,Resto del Mundo,"9,78","27,409"
2021M02,América (sin EEUU),"22,893","61,699"
2021M02,Estados Unidos de América,"5,009","18,506"
2021M02,Japón,475,"1,89"
2021M02,Asia (sin Japón),,
2021M01,Alemania,"19,98","122,268"
2021M01,Austria,"1,603","7,487"
2021M01,Bélgica,"7,44","35,448"
2021M01,Dinamarca,"1,181","4,974"
2021M01,Finlandia,"1,022","3,052"
2021M01,Francia,"40,133","100,504"
2021M01,Grecia,674,"2,068"
2021M01,Irlanda,"3,532","15,573"
2021M01,Italia,"16,094","48,909"
2021M01,Luxemburgo,932,"6,338"
2021M01,Países Bajos,"8,302","20,669"
2021M01,Polonia,"7,024","34,809"
2021M01,Portugal,"14,242","33,804"
2021M01,República Checa,"2,33","10,468"
2021M01,Suecia,"6,316","33,309"
2021M01,Resto de la U.E.,"14,82","39,181"
2021M01,Noruega,"1,12","3,367"
2021M01,Reino Unido,"9,99","36,47"
2021M01,Rusia,"3,265","11,474"
2021M01,Suiza,"4,522","18,048"
2021M01,Otros Países Europeos,"10,016","26,556"
2021M01,África,"13,042","36,432"
2021M01,UE28 sin España,"155,613","555,332"
2021M01,UE27_2020 sin España,"145,623","518,862"
2021M01,Resto del Mundo,"11,969","35,959"
2021M01,América (sin EEUU),"26,791","64,858"
2021M01,Estados Unidos de América,"5,312","19,101"
2021M01,Japón,498,"1,345"
2021M01,Asia (sin Japón),,
2020M12,Alemania,"39,419","283,603"
2020M12,Austria,"2,382","13,176"
2020M12,Bélgica,"12,764","58,537"
2020M12,Dinamarca,"1,573","4,798"
2020M12,Finlandia,"1,238","4,004"
2020M12,Francia,"45,692","107,29"
2020M12,Grecia,643,"2,349"
2020M12,Irlanda,"4,506","17,95"
2020M12,Italia,"15,566","42,444"
2020M12,Luxemburgo,"1,573","9,845"
2020M12,Países Bajos,"11,599","40,761"
2020M12,Polonia,"6,644","31,041"
2020M12,Portugal,"15,424","31,861"
2020M12,República Checa,"2,288","11,539"
2020M12,Suecia,"5,074","29,263"
2020M12,Resto de la U.E.,"16,756","42,476"
2020M12,Noruega,762,"2,626"
2020M12,Reino Unido,"47,795","247,47"
2020M12,Rusia,"3,429","9,61"
2020M12,Suiza,"6,001","22,715"
2020M12,Otros Países Europeos,"11,241","31,8"
2020M12,África,"13,914","44,966"
2020M12,UE28 sin España,"230,936","978,407"
2020M12,UE27_2020 sin España,"183,141","730,937"
2020M12,Resto del Mundo,"16,48","44,375"
2020M12,América (sin EEUU),"29,992","65,61"
2020M12,Estados Unidos de América,"6,895","20,563"
2020M12,Japón,738,"2,261"
2020M12,Asia (sin Japón),,
2020M11,Alemania,"40,658","261,148"
2020M11,Austria,"2,165","11,164"
2020M11,Bélgica,"9,883","54,091"
2020M11,Dinamarca,"1,497","4,814"
2020M11,Finlandia,"1,003","4,137"
2020M11,Francia,"25,151","56,547"
2020M11,Grecia,619,"1,613"
2020M11,Irlanda,"3,914","17,278"
2020M11,Italia,"14,675","47,67"
2020M11,Luxemburgo,984,"7,72"
2020M11,Países Bajos,"10,181","35,441"
2020M11,Polonia,"6,531","30,508"
2020M11,Portugal,"12,137","30,454"
2020M11,República Checa,"2,67","13,409"
2020M11,Suecia,"5,233","32,627"
2020M11,Resto de la U.E.,"14,998","40,538"
2020M11,Noruega,638,"2,449"
2020M11,Reino Unido,"37,808","209,822"
2020M11,Rusia,"2,487","6,291"
2020M11,Suiza,"3,921","14,8"
2020M11,Otros Países Europeos,"9,53","25,02"
2020M11,África,"10,081","38,202"
2020M11,UE28 sin España,"190,109","858,981"
2020M11,UE27_2020 sin España,"152,301","649,159"
2020M11,Resto del Mundo,"14,337","41,91"
2020M11,América (sin EEUU),"23,259","66,819"
2020M11,Estados Unidos de América,"4,718","17,242"
2020M11,Japón,823,"3,371"
2020M11,Asia (sin Japón),,
2020M10,Alemania,"29,29","90,26"
2020M10,Austria,"2,542","8,613"
2020M10,Bélgica,"16,113","58,651"
2020M10,Dinamarca,"2,818","8,059"
2020M10,Finlandia,"1,636","4,886"
2020M10,Francia,"141,311","362,132"
2020M10,Grecia,970,"2,683"
2020M10,Irlanda,"6,535","19,604"
2020M10,Italia,"25,499","76,485"
2020M10,Luxemburgo,"1,904","7,535"
2020M10,Países Bajos,"14,753","32,987"
2020M10,Polonia,"10,932","40,732"
2020M10,Portugal,"24,826","58,152"
2020M10,República Checa,"3,28","12,739"
2020M10,Suecia,"10,396","32,024"
2020M10,Resto de la U.E.,"23,423","53,959"
2020M10,Noruega,"1,407","4,784"
2020M10,Reino Unido,"62,795","205,577"
2020M10,Rusia,"4,644","9,689"
2020M10,Suiza,"4,347","11,956"
2020M10,Otros Países Europeos,"16,542","40,66"
2020M10,África,"14,006","36,085"
2020M10,UE28 sin España,"379,023","1,075,079"
2020M10,UE27_2020 sin España,"316,229","869,502"
2020M10,Resto del Mundo,"22,926","55,061"
2020M10,América (sin EEUU),"36,437","106,758"
2020M10,Estados Unidos de América,"8,454","28,036"
2020M10,Japón,985,"2,548"
2020M10,Asia (sin Japón),,
2020M09,Alemania,"34,99","164,354"
2020M09,Austria,"2,927","8,195"
2020M09,Bélgica,"17,195","84,246"
2020M09,Dinamarca,"3,101","7,295"
2020M09,Finlandia,"1,687","5,249"
2020M09,Francia,"166,701","430,119"
2020M09,Grecia,"1,049","3,014"
2020M09,Irlanda,"7,75","25,18"
2020M09,Italia,"36,063","109,621"
2020M09,Luxemburgo,"2,79","16,078"
2020M09,Países Bajos,"18,753","47,225"
2020M09,Polonia,"10,231","40,675"
2020M09,Portugal,"38,67","102,677"
2020M09,República Checa,"3,933","14,481"
2020M09,Suecia,"9,641","31,174"
2020M09,Resto de la U.E.,"31,798","85,671"
2020M09,Noruega,"1,428","5,134"
2020M09,Reino Unido,"76,414","264,727"
2020M09,Rusia,"5,617","13,523"
2020M09,Suiza,"5,754","19,5"
2020M09,Otros Países Europeos,"23,848","67,484"
2020M09,África,"17,314","43,322"
2020M09,UE28 sin España,"463,693","1,439,979"
2020M09,UE27_2020 sin España,"387,279","1,175,252"
2020M09,Resto del Mundo,"30,102","74,134"
2020M09,América (sin EEUU),"48,18","134,46"
2020M09,Estados Unidos de América,"10,267","25,759"
2020M09,Japón,"1,213","2,739"
2020M09,Asia (sin Japón),,
2020M08,Alemania,"154,679","974,152"
2020M08,Austria,"6,185","27,272"
2020M08,Bélgica,"51,171","221,157"
2020M08,Dinamarca,"5,71","20,346"
2020M08,Finlandia,"2,105","6,098"
2020M08,Francia,"370,701","1,185,204"
2020M08,Grecia,"1,918","5,215"
2020M08,Irlanda,"10,789","33,687"
2020M08,Italia,"78,631","289,732"
2020M08,Luxemburgo,"5,626","27,324"
2020M08,Países Bajos,"75,395","330,28"
2020M08,Polonia,"40,093","250,137"
2020M08,Portugal,"60,78","150,202"
2020M08,República Checa,"7,331","33,319"
2020M08,Suecia,"11,191","46,44"
2020M08,Resto de la U.E.,"64,693","198,368"
2020M08,Noruega,"1,707","5,703"
2020M08,Reino Unido,"108,767","405,406"
2020M08,Rusia,"9,232","29,679"
2020M08,Suiza,"15,804","68,93"
2020M08,Otros Países Europeos,"34,936","112,137"
2020M08,África,"27,953","71,529"
2020M08,UE28 sin España,"1,055,766","4,204,340"
2020M08,UE27_2020 sin España,"946,999","3,798,934"
2020M08,Resto del Mundo,"47,751","133,992"
2020M08,América (sin EEUU),"66,909","204,423"
2020M08,Estados Unidos de América,"13,535","34,256"
2020M08,Japón,"2,058","4,183"
2020M08,Asia (sin Japón),,
2020M07,Alemania,"193,212","1,035,844"
2020M07,Austria,"6,472","24,533"
2020M07,Bélgica,"63,845","264,295"
2020M07,Dinamarca,"11,653","43,655"
2020M07,Finlandia,"3,549","10,665"
2020M07,Francia,"235,997","627,18"
2020M07,Grecia,"1,737","3,805"
2020M07,Irlanda,"10,409","32,901"
2020M07,Italia,"59,398","183,42"
2020M07,Luxemburgo,"3,42","14,936"
2020M07,Países Bajos,"79,401","307,184"
2020M07,Polonia,"29,209","135,364"
2020M07,Portugal,"40,539","91,89"
2020M07,República Checa,"6,33","25,825"
2020M07,Suecia,"11,882","38,105"
2020M07,Resto de la U.E.,"46,416","132,729"
2020M07,Noruega,"3,081","9,318"
2020M07,Reino Unido,"151,003","641,145"
2020M07,Rusia,"8,467","26,989"
2020M07,Suiza,"28,679","114,813"
2020M07,Otros Países Europeos,"25,099","70,392"
2020M07,África,"18,005","45,528"
2020M07,UE28 sin España,"954,473","3,613,477"
2020M07,UE27_2020 sin España,"803,469","2,972,332"
2020M07,Resto del Mundo,"37,223","95,902"
2020M07,América (sin EEUU),"46,979","158,884"
2020M07,Estados Unidos de América,"12,646","31,095"
2020M07,Japón,"1,173","3,407"
2020M07,Asia (sin Japón),,
2020M06,Alemania,.,.
2020M06,Austria,.,.
2020M06,Bélgica,.,.
2020M06,Dinamarca,.,.
2020M06,Finlandia,.,.
2020M06,Francia,.,.
2020M06,Grecia,.,.
2020M06,Irlanda,.,.
2020M06,Italia,.,.
2020M06,Luxemburgo,.,.
2020M06,Países Bajos,.,.
2020M06,Polonia,.,.
2020M06,Portugal,.,.
2020M06,República Checa,.,.
2020M06,Suecia,.,.
2020M06,Resto de la U.E.,.,.
2020M06,Noruega,.,.
2020M06,Reino Unido,.,.
2020M06,Rusia,.,.
2020M06,Suiza,.,.
2020M06,Otros Países Europeos,.,.
2020M06,África,.,.
2020M06,UE28 sin España,.,.
2020M06,UE27_2020 sin España,.,.
2020M06,Resto del Mundo,.,.
2020M06,América (sin EEUU),.,.
2020M06,Estados Unidos de América,.,.
2020M06,Japón,.,.
2020M06,Asia (sin Japón),,
2020M05,Alemania,.,.
2020M05,Austria,.,.
2020M05,Bélgica,.,.
2020M05,Dinamarca,.,.
2020M05,Finlandia,.,.
2020M05,Francia,.,.
2020M05,Grecia,.,.
2020M05,Irlanda,.,.
2020M05,Italia,.,.
2020M05,Luxemburgo,.,.
2020M05,Países Bajos,.,.
2020M05,Polonia,.,.
2020M05,Portugal,.,.
2020M05,República Checa,.,.
2020M05,Suecia,.,.
2020M05,Resto de la U.E.,.,.
2020M05,Noruega,.,.
2020M05,Reino Unido,.,.
2020M05,Rusia,.,.
2020M05,Suiza,.,.
2020M05,Otros Países Europeos,.,.
2020M05,África,.,.
2020M05,UE28 sin España,.,.
2020M05,UE27_2020 sin España,.,.
2020M05,Resto del Mundo,.,.
2020M05,América (sin EEUU),.,.
2020M05,Estados Unidos de América,.,.
2020M05,Japón,.,.
2020M05,Asia (sin Japón),,
2020M04,Alemania,0,0
2020M04,Austria,0,0
2020M04,Bélgica,0,0
2020M04,Dinamarca,0,0
2020M04,Finlandia,0,0
2020M04,Francia,0,0
2020M04,Grecia,0,0
2020M04,Irlanda,0,0
2020M04,Italia,0,0
2020M04,Luxemburgo,0,0
2020M04,Países Bajos,0,0
2020M04,Polonia,0,0
2020M04,Portugal,0,0
2020M04,República Checa,0,0
2020M04,Suecia,0,0
2020M04,Resto de la U.E.,0,0
2020M04,Noruega,0,0
2020M04,Reino Unido,0,0
2020M04,Rusia,0,0
2020M04,Suiza,0,0
2020M04,Otros Países Europeos,0,0
2020M04,África,0,0
2020M04,UE28 sin España,0,0
2020M04,UE27_2020 sin España,0,0
2020M04,Resto del Mundo,0,0
2020M04,América (sin EEUU),0,0
2020M04,Estados Unidos de América,0,0
2020M04,Japón,0,0
2020M04,Asia (sin Japón),,
2020M03,Alemania,"176,339","1,137,363"
2020M03,Austria,"10,967","46,634"
2020M03,Bélgica,"32,002","158,855"
2020M03,Dinamarca,"21,058","134,725"
2020M03,Finlandia,"18,446","120,603"
2020M03,Francia,"123,112","353,457"
2020M03,Grecia,"3,598","11,891"
2020M03,Irlanda,"20,599","91,609"
2020M03,Italia,"40,218","126,981"
2020M03,Luxemburgo,"1,899","10,052"
2020M03,Países Bajos,"50,482","219,257"
2020M03,Polonia,"17,628","79,038"
2020M03,Portugal,"30,102","67,326"
2020M03,República Checa,"3,685","14,063"
2020M03,Suecia,"32,016","196,07"
2020M03,Resto de la U.E.,"31,118","90,822"
2020M03,Noruega,"18,738","156,747"
2020M03,Reino Unido,"224,705","1,268,669"
2020M03,Rusia,"17,562","51,486"
2020M03,Suiza,"19,299","71,204"
2020M03,Otros Países Europeos,"36,286","115,493"
2020M03,África,"25,802","67,794"
2020M03,UE28 sin España,"837,973","4,127,415"
2020M03,UE27_2020 sin España,"613,268","2,858,746"
2020M03,Resto del Mundo,"61,092","155,746"
2020M03,América (sin EEUU),"102,402","353,603"
2020M03,Estados Unidos de América,"61,791","153,128"
2020M03,Japón,"20,218","40,127"
2020M03,Asia (sin Japón),,
2020M02,Alemania,"314,388","1,832,616"
2020M02,Austria,"24,443","107,347"
2020M02,Bélgica,"70,229","323,427"
2020M02,Dinamarca,"44,216","251,149"
2020M02,Finlandia,"37,853","204,385"
2020M02,Francia,"298,092","781,69"
2020M02,Grecia,"8,452","24,504"
2020M02,Irlanda,"50,006","210,139"
2020M02,Italia,"155,952","476,649"
2020M02,Luxemburgo,"4,156","21,956"
2020M02,Países Bajos,"103,069","412,09"
2020M02,Polonia,"45,053","207,409"
2020M02,Portugal,"104,469","218,164"
2020M02,República Checa,"11,122","38,463"
2020M02,Suecia,"72,731","399,812"
2020M02,Resto de la U.E.,"74,88","212,28"
2020M02,Noruega,"47,395","286,001"
2020M02,Reino Unido,"491,656","2,415,390"
2020M02,Rusia,"36,014","113,722"
2020M02,Suiza,"41,372","161,763"
2020M02,Otros Países Europeos,"82,386","253,433"
2020M02,África,"60,13","133,926"
2020M02,UE28 sin España,"1,910,767","8,137,470"
2020M02,UE27_2020 sin España,"1,419,112","5,722,080"
2020M02,Resto del Mundo,"249,876","544,877"
2020M02,América (sin EEUU),"208,281","561,541"
2020M02,Estados Unidos de América,"133,954","323,539"
2020M02,Japón,"49,764","93,962"
2020M02,Asia (sin Japón),,
2020M01,Alemania,"256,909","1,716,631"
2020M01,Austria,"18,028","90,098"
2020M01,Bélgica,"59,462","296,161"
2020M01,Dinamarca,"35,445","211,11"
2020M01,Finlandia,"33,367","190,258"
2020M01,Francia,"230,833","639,521"
2020M01,Grecia,"9,121","26,199"
2020M01,Irlanda,"40,872","195,765"
2020M01,Italia,"170,52","540,413"
2020M01,Luxemburgo,"3,823","23,08"
2020M01,Países Bajos,"88,378","375,682"
2020M01,Polonia,"44,299","203,471"
2020M01,Portugal,"75,673","158,04"
2020M01,República Checa,"8,452","30,12"
2020M01,Suecia,"68,031","414,921"
2020M01,Resto de la U.E.,"70,114","213,637"
2020M01,Noruega,"36,706","243,36"
2020M01,Reino Unido,"387,907","2,219,874"
2020M01,Rusia,"54,835","182,46"
2020M01,Suiza,"31,098","130,676"
2020M01,Otros Países Europeos,"75,628","227,831"
2020M01,África,"69,515","156,123"
2020M01,UE28 sin España,"1,601,233","7,544,981"
2020M01,UE27_2020 sin España,"1,213,326","5,325,107"
2020M01,Resto del Mundo,"372,356","736,131"
2020M01,América (sin EEUU),"233,932","638,5"
2020M01,Estados Unidos de América,"126,7","314,837"
2020M01,Japón,"48,91","88,215"
2020M01,Asia (sin Japón),,
2019M12,Alemania,"255,317","1,684,211"
2019M12,Austria,"18,458","83,896"
2019M12,Bélgica,"61,859","309,081"
2019M12,Dinamarca,"29,854","169,094"
2019M12,Finlandia,"33,607","202,89"
2019M12,Francia,"253,81","629,209"
2019M12,Grecia,"11,529","35,963"
2019M12,Irlanda,"37,102","168,989"
2019M12,Italia,"184,905","516,721"
2019M12,Luxemburgo,"3,877","21,228"
2019M12,Países Bajos,"85,905","357,859"
2019M12,Polonia,"35,1","162,296"
2019M12,Portugal,"85,011","165,4"
2019M12,República Checa,"9,085","37,309"
2019M12,Suecia,"66,672","395,554"
2019M12,Resto de la U.E.,"70,797","207,983"
2019M12,Noruega,"30,895","210,177"
2019M12,Reino Unido,"406,404","2,209,920"
2019M12,Rusia,"38,017","104,63"
2019M12,Suiza,"37,522","139,565"
2019M12,Otros Países Europeos,"70,801","202,537"
2019M12,África,"64,822","152,593"
2019M12,UE28 sin España,"1,649,291","7,357,603"
2019M12,UE27_2020 sin España,"1,242,887","5,147,683"
2019M12,Resto del Mundo,"345,075","728,111"
2019M12,América (sin EEUU),"220,424","559,336"
2019M12,Estados Unidos de América,"155,987","388,787"
2019M12,Japón,"50,161","96,717"
2019M12,Asia (sin Japón),,
2019M11,Alemania,"328,474","1,966,912"
2019M11,Austria,"24,254","105,806"
2019M11,Bélgica,"69,703","316,536"
2019M11,Dinamarca,"38,806","199,051"
2019M11,Finlandia,"40,548","241,854"
2019M11,Francia,"272,545","670,376"
2019M11,Grecia,"12,846","35,155"
2019M11,Irlanda,"44,546","196,533"
2019M11,Italia,"186,213","515,096"
2019M11,Luxemburgo,"4,098","19,638"
2019M11,Países Bajos,"103,929","393,656"
2019M11,Polonia,"43,865","176,049"
2019M11,Portugal,"88,994","191,458"
2019M11,República Checa,"16,356","55,879"
2019M11,Suecia,"79,045","459,426"
2019M11,Resto de la U.E.,"78,571","231,49"
2019M11,Noruega,"44,834","294,338"
2019M11,Reino Unido,"472,378","2,412,658"
2019M11,Rusia,"42,111","125,303"
2019M11,Suiza,"50,204","184,242"
2019M11,Otros Países Europeos,"78,758","219,958"
2019M11,África,"62,058","143,434"
2019M11,UE28 sin España,"1,905,170","8,187,573"
2019M11,UE27_2020 sin España,"1,432,792","5,774,916"
2019M11,Resto del Mundo,"399,268","748,97"
2019M11,América (sin EEUU),"254,886","622,878"
2019M11,Estados Unidos de América,"217,918","514,04"
2019M11,Japón,"52,092","98,654"
2019M11,Asia (sin Japón),,
2019M10,Alemania,"794,579","4,687,973"
2019M10,Austria,"47,75","174,033"
2019M10,Bélgica,"122,159","544,885"
2019M10,Dinamarca,"66,102","325,6"
2019M10,Finlandia,"47,081","214,246"
2019M10,Francia,"564,878","1,663,413"
2019M10,Grecia,"13,097","36,037"
2019M10,Irlanda,"102,269","470,852"
2019M10,Italia,"247,283","693,309"
2019M10,Luxemburgo,"6,152","31,819"
2019M10,Países Bajos,"203,226","859,349"
2019M10,Polonia,"76,744","358,846"
2019M10,Portugal,"119,72","274,57"
2019M10,República Checa,"24,37","98,838"
2019M10,Suecia,"112,53","524,757"
2019M10,Resto de la U.E.,"127,706","426,96"
2019M10,Noruega,"62,176","323,668"
2019M10,Reino Unido,"999,824","5,610,669"
2019M10,Rusia,"81,406","341,3"
2019M10,Suiza,"112,187","512,893"
2019M10,Otros Países Europeos,"111,275","363,753"
2019M10,África,"68,507","161,395"
2019M10,UE28 sin España,"3,675,468","16,996,155"
2019M10,UE27_2020 sin España,"2,675,645","11,385,486"
2019M10,Resto del Mundo,"508,229","973,765"
2019M10,América (sin EEUU),"390,925","939,378"
2019M10,Estados Unidos de América,"369,184","836,384"
2019M10,Japón,"72,149","130,378"
2019M10,Asia (sin Japón),,
2019M09,Alemania,"906,606","5,228,687"
2019M09,Austria,"55,424","230,633"
2019M09,Bélgica,"152,631","703,041"
2019M09,Dinamarca,"60,381","268,002"
2019M09,Finlandia,"29,073","109,482"
2019M09,Francia,"583,811","1,874,016"
2019M09,Grecia,"12,436","33,778"
2019M09,Irlanda,"134,466","623,853"
2019M09,Italia,"307,72","1,044,581"
2019M09,Luxemburgo,"9,594","56,664"
2019M09,Países Bajos,"228,067","1,026,726"
2019M09,Polonia,"114,951","607,327"
2019M09,Portugal,"171,93","542,491"
2019M09,República Checa,"40,357","228,732"
2019M09,Suecia,"107,777","498,376"
2019M09,Resto de la U.E.,"139,181","530,936"
2019M09,Noruega,"62,17","274,966"
2019M09,Reino Unido,"1,288,851","7,077,730"
2019M09,Rusia,"134,676","830,709"
2019M09,Suiza,"111,577","451,509"
2019M09,Otros Países Europeos,"132,952","539,915"
2019M09,África,"73,246","179,229"
2019M09,UE28 sin España,"4,343,256","20,685,054"
2019M09,UE27_2020 sin España,"3,054,406","13,607,323"
2019M09,Resto del Mundo,"485,952","993,533"
2019M09,América (sin EEUU),"427,227","1,060,141"
2019M09,Estados Unidos de América,"395,413","888,98"
2019M09,Japón,"62,793","127,577"
2019M09,Asia (sin Japón),,
2019M08,Alemania,"780,62","4,672,133"
2019M08,Austria,"54,689","267,388"
2019M08,Bélgica,"161,421","696,188"
2019M08,Dinamarca,"50,118","266,932"
2019M08,Finlandia,"23,491","86,727"
2019M08,Francia,"1,004,343","3,515,752"
2019M08,Grecia,"14,863","39,003"
2019M08,Irlanda,"120,627","660,174"
2019M08,Italia,"505,996","1,890,616"
2019M08,Luxemburgo,"13,073","67,701"
2019M08,Países Bajos,"249,016","1,224,221"
2019M08,Polonia,"112,721","624,191"
2019M08,Portugal,"265,23","852,75"
2019M08,República Checa,"42,432","245,632"
2019M08,Suecia,"89,722","473,743"
2019M08,Resto de la U.E.,"156,76","624,664"
2019M08,Noruega,"45,991","240,845"
2019M08,Reino Unido,"1,213,674","7,292,820"
2019M08,Rusia,"150,231","889,849"
2019M08,Suiza,"85,732","385,774"
2019M08,Otros Países Europeos,"130,607","535,253"
2019M08,África,"121,97","333,48"
2019M08,UE28 sin España,"4,858,794","23,500,633"
2019M08,UE27_2020 sin España,"3,645,120","16,207,813"
2019M08,Resto del Mundo,"460,771","1,122,472"
2019M08,América (sin EEUU),"380,558","958,864"
2019M08,Estados Unidos de América,"304,733","735,546"
2019M08,Japón,"55,978","111,03"
2019M08,Asia (sin Japón),,
2019M07,Alemania,"807,451","4,943,147"
2019M07,Austria,"57,641","282,897"
2019M07,Bélgica,"195,795","924,835"
2019M07,Dinamarca,"87,724","450,541"
2019M07,Finlandia,"30,525","118,991"
2019M07,Francia,"659,982","2,214,272"
2019M07,Grecia,"11,731","30,313"
2019M07,Irlanda,"127,557","736,783"
2019M07,Italia,"337,987","1,271,142"
2019M07,Luxemburgo,"8,965","52,035"
2019M07,Países Bajos,"260,113","1,187,060"
2019M07,Polonia,"118,142","704,881"
2019M07,Portugal,"188,77","607,396"
2019M07,República Checa,"43,112","249,138"
2019M07,Suecia,"119,219","563,255"
2019M07,Resto de la U.E.,"142,265","572,795"
2019M07,Noruega,"89,161","479,224"
2019M07,Reino Unido,"1,253,705","7,201,443"
2019M07,Rusia,"147,768","902,94"
2019M07,Suiza,"123,579","583,932"
2019M07,Otros Países Europeos,"153,207","636,816"
2019M07,África,"101,141","251,936"
2019M07,UE28 sin España,"4,450,685","22,110,924"
2019M07,UE27_2020 sin España,"3,196,980","14,909,480"
2019M07,Resto del Mundo,"488,326","1,137,277"
2019M07,América (sin EEUU),"431,071","1,094,219"
2019M07,Estados Unidos de América,"418,781","1,025,523"
2019M07,Japón,"51,49","104,97"
2019M07,Asia (sin Japón),,
2019M06,Alemania,"889,958","5,066,606"
2019M06,Austria,"56,112","241,958"
2019M06,Bélgica,"140,343","620,36"
2019M06,Dinamarca,"51,061","247,667"
2019M06,Finlandia,"30,599","123,849"
2019M06,Francia,"550,865","1,705,922"
2019M06,Grecia,"12,481","33,13"
2019M06,Irlanda,"135,052","708,098"
2019M06,Italia,"305,229","991,891"
2019M06,Luxemburgo,"8,388","44,993"
2019M06,Países Bajos,"211,333","964,864"
2019M06,Polonia,"122,885","634,333"
2019M06,Portugal,"188,112","524,157"
2019M06,República Checa,"39,179","191,548"
2019M06,Suecia,"110,404","531,554"
2019M06,Resto de la U.E.,"138,95","533,544"
2019M06,Noruega,"66,025","324,399"
2019M06,Reino Unido,"1,277,761","6,996,210"
2019M06,Rusia,"137,31","790,583"
2019M06,Suiza,"99,019","402,026"
2019M06,Otros Países Europeos,"146,399","568,004"
2019M06,África,"69,037","170,448"
2019M06,UE28 sin España,"4,268,712","20,160,683"
2019M06,UE27_2020 sin España,"2,990,951","13,164,473"
2019M06,Resto del Mundo,"509,958","1,084,270"
2019M06,América (sin EEUU),"402,06","975,806"
2019M06,Estados Unidos de América,"426,387","963,401"
2019M06,Japón,"63,496","117,407"
2019M06,Asia (sin Japón),,
2019M05,Alemania,"822,439","4,314,258"
2019M05,Austria,"57,663","202,458"
2019M05,Bélgica,"135,524","577,326"
2019M05,Dinamarca,"62,315","272,581"
2019M05,Finlandia,"30,999","126,669"
2019M05,Francia,"671,626","1,948,573"
2019M05,Grecia,"15,946","39,968"
2019M05,Irlanda,"132,592","578,565"
2019M05,Italia,"276,077","758,594"
2019M05,Luxemburgo,"8,562","37,564"
2019M05,Países Bajos,"239,622","976,05"
2019M05,Polonia,"95,732","469,35"
2019M05,Portugal,"121,252","276,475"
2019M05,República Checa,"28,403","97,093"
2019M05,Suecia,"106,748","458,13"
2019M05,Resto de la U.E.,"123,738","407,876"
2019M05,Noruega,"54,047","230,849"
2019M05,Reino Unido,"1,233,243","6,178,593"
2019M05,Rusia,"100,23","398,259"
2019M05,Suiza,"102,662","362,212"
2019M05,Otros Países Europeos,"117,777","390,625"
2019M05,África,"42,129","119,204"
2019M05,UE28 sin España,"4,162,482","17,720,120"
2019M05,UE27_2020 sin España,"2,929,238","11,541,528"
2019M05,Resto del Mundo,"498,567","921,999"
2019M05,América (sin EEUU),"405,423","955,719"
2019M05,Estados Unidos de América,"383,202","855,181"
2019M05,Japón,"64,617","121,393"
2019M05,Asia (sin Japón),,
2019M04,Alemania,"623,576","3,261,354"
2019M04,Austria,"50,044","175,603"
2019M04,Bélgica,"124,768","523,349"
2019M04,Dinamarca,"54,958","260,684"
2019M04,Finlandia,"37,863","176,762"
2019M04,Francia,"559,413","1,619,949"
2019M04,Grecia,"12,025","34,899"
2019M04,Irlanda,"88,606","369,821"
2019M04,Italia,"277,922","761,375"
2019M04,Luxemburgo,"8,556","41,629"
2019M04,Países Bajos,"174,611","664,701"
2019M04,Polonia,"69,885","273,154"
2019M04,Portugal,"166,936","369,1"
2019M04,República Checa,"18,122","61,648"
2019M04,Suecia,"92,964","423,259"
2019M04,Resto de la U.E.,"114,744","336,874"
2019M04,Noruega,"52,038","248,652"
2019M04,Reino Unido,"761,27","3,721,076"
2019M04,Rusia,"61,584","190,156"
2019M04,Suiza,"98,933","350,202"
2019M04,Otros Países Europeos,"96,445","333,253"
2019M04,África,"72,187","183,02"
2019M04,UE28 sin España,"3,236,262","13,075,235"
2019M04,UE27_2020 sin España,"2,474,993","9,354,159"
2019M04,Resto del Mundo,"432,519","851,156"
2019M04,América (sin EEUU),"298,214","717,286"
2019M04,Estados Unidos de América,"264,691","631,339"
2019M04,Japón,"55,448","103,855"
2019M04,Asia (sin Japón),,
2019M03,Alemania,"462,68","2,569,349"
2019M03,Austria,"32,049","122,521"
2019M03,Bélgica,"85,292","376,899"
2019M03,Dinamarca,"50,413","273,261"
2019M03,Finlandia,"44,251","242,644"
2019M03,Francia,"320,467","836,118"
2019M03,Grecia,"10,937","31,171"
2019M03,Irlanda,"54,693","224,832"
2019M03,Italia,"220,982","646,338"
2019M03,Luxemburgo,"4,252","20,382"
2019M03,Países Bajos,"125,892","495,958"
2019M03,Polonia,"46,805","203,473"
2019M03,Portugal,"106,412","227,504"
2019M03,República Checa,"12,775","42,231"
2019M03,Suecia,"87,359","477,882"
2019M03,Resto de la U.E.,"88,547","263,606"
2019M03,Noruega,"49,303","301,693"
2019M03,Reino Unido,"589,731","2,942,722"
2019M03,Rusia,"52,315","170,397"
2019M03,Suiza,"58,586","202,1"
2019M03,Otros Países Europeos,"79,507","281,329"
2019M03,África,"55,944","150,589"
2019M03,UE28 sin España,"2,343,537","9,996,892"
2019M03,UE27_2020 sin España,"1,753,806","7,054,170"
2019M03,Resto del Mundo,"359,03","707,283"
2019M03,América (sin EEUU),"215,985","576,751"
2019M03,Estados Unidos de América,"230,86","544,597"
2019M03,Japón,"55,463","106,878"
2019M03,Asia (sin Japón),,
2019M02,Alemania,"304,76","1,770,544"
2019M02,Austria,"24,985","113,628"
2019M02,Bélgica,"61,971","290,979"
2019M02,Dinamarca,"42,841","245,841"
2019M02,Finlandia,"35,044","200,791"
2019M02,Francia,"280,428","756,204"
2019M02,Grecia,"8,517","24,663"
2019M02,Irlanda,"42,336","184,225"
2019M02,Italia,"163,134","482,168"
2019M02,Luxemburgo,"4,858","22,487"
2019M02,Países Bajos,"88,822","371,518"
2019M02,Polonia,"44,017","211,348"
2019M02,Portugal,"75,517","155,429"
2019M02,República Checa,"10,209","36,218"
2019M02,Suecia,"68,048","382,028"
2019M02,Resto de la U.E.,"70,262","202,912"
2019M02,Noruega,"42,549","281,119"
2019M02,Reino Unido,"462,912","2,345,542"
2019M02,Rusia,"35,514","112,468"
2019M02,Suiza,"42,969","159,903"
2019M02,Otros Países Europeos,"56,504","178,293"
2019M02,África,"50,459","144,708"
2019M02,UE28 sin España,"1,788,662","7,796,525"
2019M02,UE27_2020 sin España,"1,325,750","5,450,984"
2019M02,Resto del Mundo,"341,413","685,65"
2019M02,América (sin EEUU),"170,123","431,601"
2019M02,Estados Unidos de América,"121,012","307,577"
2019M02,Japón,"46,725","95,353"
2019M02,Asia (sin Japón),,
2019M01,Alemania,"259,171","1,751,999"
2019M01,Austria,"17,321","90,446"
2019M01,Bélgica,"60,079","302,953"
2019M01,Dinamarca,"37,544","213,36"
2019M01,Finlandia,"31,746","179,145"
2019M01,Francia,"228,378","634,498"
2019M01,Grecia,"7,94","22,831"
2019M01,Irlanda,"38,821","181,798"
2019M01,Italia,"157,742","501,891"
2019M01,Luxemburgo,"3,402","20,828"
2019M01,Países Bajos,"86,916","371,134"
2019M01,Polonia,"42,272","193,585"
2019M01,Portugal,"70,296","142,134"
2019M01,República Checa,"11,539","43,165"
2019M01,Suecia,"69,459","399,175"
2019M01,Resto de la U.E.,"65,444","200,31"
2019M01,Noruega,"34,868","231,222"
2019M01,Reino Unido,"391,932","2,287,003"
2019M01,Rusia,"50,48","179,439"
2019M01,Suiza,"31,823","131,703"
2019M01,Otros Países Europeos,"65,183","196,248"
2019M01,África,"67,757","188,149"
2019M01,UE28 sin España,"1,580,001","7,536,252"
2019M01,UE27_2020 sin España,,
2019M01,Resto del Mundo,"313,519","655,341"
2019M01,América (sin EEUU),"190,844","509,172"
2019M01,Estados Unidos de América,"121,175","301,379"
2019M01,Japón,"40,251","77,369"
2019M01,Asia (sin Japón),,
2018M12,Alemania,"269,907","1,713,490"
2018M12,Austria,"19,732","88,431"
2018M12,Bélgica,"62,834","315,551"
2018M12,Dinamarca,"28,925","147,83"
2018M12,Finlandia,"34,787","212,044"
2018M12,Francia,"244,456","597,195"
2018M12,Grecia,"9,312","27,89"
2018M12,Irlanda,"35,294","149,23"
2018M12,Italia,"179,591","510,619"
2018M12,Luxemburgo,"4,11","23,171"
2018M12,Países Bajos,"77,73","334,56"
2018M12,Polonia,"35,676","166,815"
2018M12,Portugal,"87,374","174,846"
2018M12,República Checa,"8,582","34,063"
2018M12,Suecia,"70,421","417,11"
2018M12,Resto de la U.E.,"64,965","204,172"
2018M12,Noruega,"32,406","205,556"
2018M12,Reino Unido,"421,436","2,202,616"
2018M12,Rusia,"41,414","113,393"
2018M12,Suiza,"38,519","139,577"
2018M12,Otros Países Europeos,"55,386","184,056"
2018M12,África,"52,883","152,08"
2018M12,UE28 sin España,"1,655,131","7,319,635"
2018M12,UE27_2020 sin España,,
2018M12,Resto del Mundo,"339,333","715,222"
2018M12,América (sin EEUU),"178,819","449,004"
2018M12,Estados Unidos de América,"140,107","339,236"
2018M12,Japón,"43,034","85,019"
2018M12,Asia (sin Japón),,
2018M11,Alemania,"343,111","2,105,493"
2018M11,Austria,"25,632","115,382"
2018M11,Bélgica,"69,361","341,498"
2018M11,Dinamarca,"37,593","193,476"
2018M11,Finlandia,"40,692","250,466"
2018M11,Francia,"246,356","621,364"
2018M11,Grecia,"14,853","39,144"
2018M11,Irlanda,"40,778","178,787"
2018M11,Italia,"180,76","504,351"
2018M11,Luxemburgo,"4,387","21,121"
2018M11,Países Bajos,"98,082","380,868"
2018M11,Polonia,"43,077","172,433"
2018M11,Portugal,"80,07","158,933"
2018M11,República Checa,"12,336","43,564"
2018M11,Suecia,"82,51","509,229"
2018M11,Resto de la U.E.,"71,763","212,535"
2018M11,Noruega,"43,195","283,582"
2018M11,Reino Unido,"481,441","2,519,361"
2018M11,Rusia,"42,268","129,939"
2018M11,Suiza,"50,738","188,245"
2018M11,Otros Países Europeos,"62,261","226,372"
2018M11,África,"56,857","162,035"
2018M11,UE28 sin España,"1,872,802","8,368,006"
2018M11,UE27_2020 sin España,,
2018M11,Resto del Mundo,"355,925","687,685"
2018M11,América (sin EEUU),"214,302","520,078"
2018M11,Estados Unidos de América,"187,178","448,253"
2018M11,Japón,"48,747","91,761"
2018M11,Asia (sin Japón),,
2018M10,Alemania,"848,483","5,317,224"
2018M10,Austria,"50,479","192,7"
2018M10,Bélgica,"127,037","579,989"
2018M10,Dinamarca,"68,275","318,407"
2018M10,Finlandia,"48,779","227,312"
2018M10,Francia,"560,82","1,731,993"
2018M10,Grecia,"12,246","31,429"
2018M10,Irlanda,"96,591","424,232"
2018M10,Italia,"220,304","616,662"
2018M10,Luxemburgo,"8,125","38,806"
2018M10,Países Bajos,"211,642","924,048"
2018M10,Polonia,"70,655","340,727"
2018M10,Portugal,"128,196","257,775"
2018M10,República Checa,"23,589","97,756"
2018M10,Suecia,"116,694","544,158"
2018M10,Resto de la U.E.,"123,835","389,144"
2018M10,Noruega,"64,774","342,834"
2018M10,Reino Unido,"997,642","5,630,884"
2018M10,Rusia,"66,866","278,728"
2018M10,Suiza,"116,727","530,357"
2018M10,Otros Países Europeos,"88,887","316,833"
2018M10,África,"57,085","152,3"
2018M10,UE28 sin España,"3,713,389","17,663,247"
2018M10,UE27_2020 sin España,,
2018M10,Resto del Mundo,"486,322","946,724"
2018M10,América (sin EEUU),"344,428","796,395"
2018M10,Estados Unidos de América,"320,846","719,629"
2018M10,Japón,"52,325","99,356"
2018M10,Asia (sin Japón),,
2018M09,Alemania,"969,936","5,802,929"
2018M09,Austria,"55,076","244,768"
2018M09,Bélgica,"155,337","744,044"
2018M09,Dinamarca,"64,111","268,288"
2018M09,Finlandia,"30,326","113,73"
2018M09,Francia,"602,357","1,857,942"
2018M09,Grecia,"13,612","30,916"
2018M09,Irlanda,"119,884","530,482"
2018M09,Italia,"292,034","982,808"
2018M09,Luxemburgo,"10,34","55,114"
2018M09,Países Bajos,"238,798","1,095,997"
2018M09,Polonia,"119,047","648,909"
2018M09,Portugal,"169,02","519,919"
2018M09,República Checa,"42,867","227,507"
2018M09,Suecia,"114,9","521,948"
2018M09,Resto de la U.E.,"137,83","545,109"
2018M09,Noruega,"66,881","284,497"
2018M09,Reino Unido,"1,273,842","7,089,930"
2018M09,Rusia,"129,724","828,546"
2018M09,Suiza,"118,983","488,77"
2018M09,Otros Países Europeos,"115,197","466,145"
2018M09,África,"73,093","250,531"
2018M09,UE28 sin España,"4,409,316","21,280,340"
2018M09,UE27_2020 sin España,,
2018M09,Resto del Mundo,"479,311","1,009,907"
2018M09,América (sin EEUU),"381,166","896,628"
2018M09,Estados Unidos de América,"331,379","744,66"
2018M09,Japón,"55,282","107,876"
2018M09,Asia (sin Japón),,
2018M08,Alemania,"837,116","5,285,200"
2018M08,Austria,"58,802","293,78"
2018M08,Bélgica,"162,362","730,25"
2018M08,Dinamarca,"51,741","287,154"
2018M08,Finlandia,"22,645","84,757"
2018M08,Francia,"971,575","3,366,130"
2018M08,Grecia,"14,053","39,831"
2018M08,Irlanda,"98,755","525,44"
2018M08,Italia,"487,732","1,807,660"
2018M08,Luxemburgo,"13,467","67,769"
2018M08,Países Bajos,"250,386","1,283,046"
2018M08,Polonia,"109,047","667,711"
2018M08,Portugal,"247,691","833,016"
2018M08,República Checa,"37,407","211,834"
2018M08,Suecia,"96,404","516,701"
2018M08,Resto de la U.E.,"134,976","548,645"
2018M08,Noruega,"50,29","295,299"
2018M08,Reino Unido,"1,159,129","7,283,385"
2018M08,Rusia,"138,587","848,786"
2018M08,Suiza,"87,057","431,935"
2018M08,Otros Países Europeos,"120,135","475,823"
2018M08,África,"115,463","335,617"
2018M08,UE28 sin España,"4,753,287","23,832,308"
2018M08,UE27_2020 sin España,,
2018M08,Resto del Mundo,"426,377","1,038,836"
2018M08,América (sin EEUU),"321,016","794,192"
2018M08,Estados Unidos de América,"260,293","625,082"
2018M08,Japón,"46,532","94,291"
2018M08,Asia (sin Japón),,
2018M07,Alemania,"867,836","5,606,574"
2018M07,Austria,"60,752","290,679"
2018M07,Bélgica,"205,169","995,833"
2018M07,Dinamarca,"98,855","488,816"
2018M07,Finlandia,"34,959","142,762"
2018M07,Francia,"669,831","2,231,736"
2018M07,Grecia,"11,983","34,08"
2018M07,Irlanda,"110,038","605,858"
2018M07,Italia,"322,24","1,197,492"
2018M07,Luxemburgo,"7,988","36,897"
2018M07,Países Bajos,"262,349","1,220,735"
2018M07,Polonia,"120,584","723,807"
2018M07,Portugal,"178,132","556,19"
2018M07,República Checa,"44,645","255,945"
2018M07,Suecia,"132,364","649,762"
2018M07,Resto de la U.E.,"135,994","557,755"
2018M07,Noruega,"96,237","527,029"
2018M07,Reino Unido,"1,203,558","7,130,286"
2018M07,Rusia,"136,927","843,51"
2018M07,Suiza,"138,317","670,619"
2018M07,Otros Países Europeos,"130,982","553,81"
2018M07,África,"95,779","249,979"
2018M07,UE28 sin España,"4,467,277","22,725,206"
2018M07,UE27_2020 sin España,,
2018M07,Resto del Mundo,"469,416","1,072,182"
2018M07,América (sin EEUU),"393,428","959,674"
2018M07,Estados Unidos de América,"357,863","848,716"
2018M07,Japón,"40,915","81,305"
2018M07,Asia (sin Japón),,
2018M06,Alemania,"902,908","5,425,411"
2018M06,Austria,"51,803","230,526"
2018M06,Bélgica,"131,462","602,687"
2018M06,Dinamarca,"49,924","240,024"
2018M06,Finlandia,"35,14","130,965"
2018M06,Francia,"541,903","1,629,540"
2018M06,Grecia,"14,583","36,824"
2018M06,Irlanda,"121,783","608,159"
2018M06,Italia,"292,153","960,05"
2018M06,Luxemburgo,"7,798","37,339"
2018M06,Países Bajos,"222,321","994,576"
2018M06,Polonia,"116,45","654,288"
2018M06,Portugal,"147,313","427,343"
2018M06,República Checa,"38,016","185,617"
2018M06,Suecia,"118,115","596,664"
2018M06,Resto de la U.E.,"125,755","465,433"
2018M06,Noruega,"62,192","316,531"
2018M06,Reino Unido,"1,297,071","7,160,916"
2018M06,Rusia,"132,551","781,819"
2018M06,Suiza,"102,953","425,756"
2018M06,Otros Países Europeos,"122,736","479,118"
2018M06,África,"54,67","138,627"
2018M06,UE28 sin España,"4,214,501","20,386,363"
2018M06,UE27_2020 sin España,,
2018M06,Resto del Mundo,"493,064","991,968"
2018M06,América (sin EEUU),"357,232","830,919"
2018M06,Estados Unidos de América,"389,477","868,341"
2018M06,Japón,"48,217","91,686"
2018M06,Asia (sin Japón),,
2018M05,Alemania,"906,182","5,157,387"
2018M05,Austria,"52,955","201,852"
2018M05,Bélgica,"134,67","581,955"
2018M05,Dinamarca,"60,474","249,773"
2018M05,Finlandia,"30,571","125,215"
2018M05,Francia,"716,913","2,158,727"
2018M05,Grecia,"12,287","31,481"
2018M05,Irlanda,"118,188","518,107"
2018M05,Italia,"248,083","680,452"
2018M05,Luxemburgo,"9,279","44,165"
2018M05,Países Bajos,"244,47","1,107,236"
2018M05,Polonia,"94,217","456,366"
2018M05,Portugal,"105,772","241,089"
2018M05,República Checa,"22,212","88,913"
2018M05,Suecia,"117,724","521,777"
2018M05,Resto de la U.E.,"107,013","353,78"
2018M05,Noruega,"53,2","246,969"
2018M05,Reino Unido,"1,200,472","6,192,223"
2018M05,Rusia,"82,153","327,151"
2018M05,Suiza,"104,847","408,276"
2018M05,Otros Países Europeos,"99,939","315,527"
2018M05,África,"49,904","118,029"
2018M05,UE28 sin España,"4,181,482","18,710,497"
2018M05,UE27_2020 sin España,,
2018M05,Resto del Mundo,"472,914","904,304"
2018M05,América (sin EEUU),"372,922","866,613"
2018M05,Estados Unidos de América,"325,577","746,54"
2018M05,Japón,"46,982","88,748"
2018M05,Asia (sin Japón),,
2018M04,Alemania,"592,994","3,285,430"
2018M04,Austria,"37,598","140,082"
2018M04,Bélgica,"125,654","552,821"
2018M04,Dinamarca,"54,906","251,256"
2018M04,Finlandia,"41,215","192,398"
2018M04,Francia,"563,625","1,610,811"
2018M04,Grecia,"11,553","31,072"
2018M04,Irlanda,"73,457","306,965"
2018M04,Italia,"241,074","659,187"
2018M04,Luxemburgo,"8,103","42,058"
2018M04,Países Bajos,"182,299","678,601"
2018M04,Polonia,"66,405","264,346"
2018M04,Portugal,"129,976","301,834"
2018M04,República Checa,"14,331","50,54"
2018M04,Suecia,"98,074","490,932"
2018M04,Resto de la U.E.,"94,692","288,897"
2018M04,Noruega,"48,51","236,694"
2018M04,Reino Unido,"724,972","3,619,425"
2018M04,Rusia,"55,14","170,924"
2018M04,Suiza,"96,87","356,144"
2018M04,Otros Países Europeos,"87,481","270,213"
2018M04,África,"58,758","140,913"
2018M04,UE28 sin España,"3,060,931","12,766,655"
2018M04,UE27_2020 sin España,,
2018M04,Resto del Mundo,"390,544","767,677"
2018M04,América (sin EEUU),"265,274","618,957"
2018M04,Estados Unidos de América,"240,997","544,57"
2018M04,Japón,"40,548","75,096"
2018M04,Asia (sin Japón),,
2018M03,Alemania,"490,211","2,793,108"
2018M03,Austria,"31,07","125,837"
2018M03,Bélgica,"85,634","363,762"
2018M03,Dinamarca,"59,023","328,675"
2018M03,Finlandia,"44,83","244,066"
2018M03,Francia,"303,74","817,635"
2018M03,Grecia,"8,958","23,901"
2018M03,Irlanda,"53,534","218,097"
2018M03,Italia,"194,015","548,052"
2018M03,Luxemburgo,"4,982","23,961"
2018M03,Países Bajos,"121,504","496,076"
2018M03,Polonia,"44,963","200,618"
2018M03,Portugal,"93,529","221,237"
2018M03,República Checa,"10,668","39,662"
2018M03,Suecia,"97,448","561,851"
2018M03,Resto de la U.E.,"78,238","223,59"
2018M03,Noruega,"52,611","333,646"
2018M03,Reino Unido,"601,751","2,979,070"
2018M03,Rusia,"44,461","132,176"
2018M03,Suiza,"59,85","204,211"
2018M03,Otros Países Europeos,"76,478","242,589"
2018M03,África,"47,636","113,553"
2018M03,UE28 sin España,"2,324,100","10,209,199"
2018M03,UE27_2020 sin España,,
2018M03,Resto del Mundo,"320,51","626,611"
2018M03,América (sin EEUU),"219,919","528,179"
2018M03,Estados Unidos de América,"200,748","462,365"
2018M03,Japón,"49,22","94,38"
2018M03,Asia (sin Japón),,
2018M02,Alemania,"325,094","1,978,771"
2018M02,Austria,"20,683","92,874"
2018M02,Bélgica,"71,431","349,347"
2018M02,Dinamarca,"47,831","266,689"
2018M02,Finlandia,"35,848","205,868"
2018M02,Francia,"252,509","696,58"
2018M02,Grecia,"7,1","20,823"
2018M02,Irlanda,"37,084","165,827"
2018M02,Italia,"146,227","448,799"
2018M02,Luxemburgo,"4,52","22,868"
2018M02,Países Bajos,"98,66","413,612"
2018M02,Polonia,"37,124","182,474"
2018M02,Portugal,"80,642","170,663"
2018M02,República Checa,"8,558",33
2018M02,Suecia,"75,9","454,465"
2018M02,Resto de la U.E.,"60,206","179,145"
2018M02,Noruega,"46,877","298,639"
2018M02,Reino Unido,"445,357","2,327,471"
2018M02,Rusia,"36,102","113,508"
2018M02,Suiza,"42,96","161,689"
2018M02,Otros Países Europeos,"56,979","187,757"
2018M02,África,"47,621","123,886"
2018M02,UE28 sin España,"1,754,774","8,009,277"
2018M02,UE27_2020 sin España,,
2018M02,Resto del Mundo,"312,846","621,574"
2018M02,América (sin EEUU),"171,426","419,694"
2018M02,Estados Unidos de América,"106,05","269,733"
2018M02,Japón,"41,988","83,381"
2018M02,Asia (sin Japón),,
2018M01,Alemania,"264,452","1,859,606"
2018M01,Austria,"15,407","87,892"
2018M01,Bélgica,"61,184","313,202"
2018M01,Dinamarca,"41,737","241,348"
2018M01,Finlandia,"32,732","195,262"
2018M01,Francia,"227,061","636,95"
2018M01,Grecia,"6,148","16,926"
2018M01,Irlanda,"37,287","177,148"
2018M01,Italia,"150,778","500,339"
2018M01,Luxemburgo,"3,057","19,138"
2018M01,Países Bajos,"95,581","405,172"
2018M01,Polonia,"41,161","200,603"
2018M01,Portugal,"67,085","140,218"
2018M01,República Checa,"6,861","24,431"
2018M01,Suecia,"80,08","481,737"
2018M01,Resto de la U.E.,"54,971","174,549"
2018M01,Noruega,"35,819","238,484"
2018M01,Reino Unido,"381,732","2,221,002"
2018M01,Rusia,"51,753","184,713"
2018M01,Suiza,"33,802","137,696"
2018M01,Otros Países Europeos,"55,455","184,786"
2018M01,África,"56,198","141,767"
2018M01,UE28 sin España,"1,567,317","7,695,524"
2018M01,UE27_2020 sin España,,
2018M01,Resto del Mundo,"266,887","548,116"
2018M01,América (sin EEUU),"189,837","488,381"
2018M01,Estados Unidos de América,"102,491","258,719"
2018M01,Japón,"31,011","58,095"
2018M01,Asia (sin Japón),,
2017M12,Alemania,"254,706","1,722,206"
2017M12,Austria,"15,611","77,673"
2017M12,Bélgica,"58,854","296,293"
2017M12,Dinamarca,"31,377","169,659"
2017M12,Finlandia,"32,392","211,147"
2017M12,Francia,"230,229","569,426"
2017M12,Grecia,"7,376","18,927"
2017M12,Irlanda,"29,981","135,346"
2017M12,Italia,"161,94","442,611"
2017M12,Luxemburgo,"4,424","29,844"
2017M12,Países Bajos,"84,108","356,67"
2017M12,Polonia,"33,732","168,124"
2017M12,Portugal,"77,521","150,296"
2017M12,República Checa,"6,259","24,65"
2017M12,Suecia,"74,662","465,415"
2017M12,Resto de la U.E.,"54,308","169,502"
2017M12,Noruega,"33,12","211,326"
2017M12,Reino Unido,"393,091","2,161,492"
2017M12,Rusia,"36,199","100,867"
2017M12,Suiza,"37,217","138,343"
2017M12,Otros Países Europeos,"53,204","168,733"
2017M12,África,"50,662","115,738"
2017M12,UE28 sin España,"1,550,571","7,169,283"
2017M12,UE27_2020 sin España,,
2017M12,Resto del Mundo,"272,481","564,968"
2017M12,América (sin EEUU),"160,86","415,888"
2017M12,Estados Unidos de América,"117,224","280,299"
2017M12,Japón,"32,521","62,683"
2017M12,Asia (sin Japón),,
2017M11,Alemania,"354,672","2,283,855"
2017M11,Austria,"23,01","108,554"
2017M11,Bélgica,"70,446","350,029"
2017M11,Dinamarca,"40,359","211,547"
2017M11,Finlandia,"39,6","243,722"
2017M11,Francia,"239,109","624,255"
2017M11,Grecia,"7,824","20,962"
2017M11,Irlanda,"39,094","172,727"
2017M11,Italia,"162,693","454,534"
2017M11,Luxemburgo,"3,237","20,081"
2017M11,Países Bajos,"101,348","394,892"
2017M11,Polonia,"42,655","185,749"
2017M11,Portugal,"70,342","137,157"
2017M11,República Checa,"9,718","35,73"
2017M11,Suecia,"89,015","558,572"
2017M11,Resto de la U.E.,"66,034","200,043"
2017M11,Noruega,"43,615","285,97"
2017M11,Reino Unido,"449,89","2,414,843"
2017M11,Rusia,"38,062","128,129"
2017M11,Suiza,"47,106","186,998"
2017M11,Otros Países Europeos,"65,213","196,041"
2017M11,África,"49,72","116,2"
2017M11,UE28 sin España,"1,809,045","8,417,250"
2017M11,UE27_2020 sin España,,
2017M11,Resto del Mundo,"287,934","553,612"
2017M11,América (sin EEUU),"194,179","491,269"
2017M11,Estados Unidos de América,"153,704","366,038"
2017M11,Japón,"38,785","71,929"
2017M11,Asia (sin Japón),,
2017M10,Alemania,"893,915","5,776,139"
2017M10,Austria,"45,488","181,543"
2017M10,Bélgica,"122,468","562,132"
2017M10,Dinamarca,"70,738","330,676"
2017M10,Finlandia,"47,42","223,679"
2017M10,Francia,"529,492","1,590,921"
2017M10,Grecia,"11,184","30,404"
2017M10,Irlanda,"85,961","378,87"
2017M10,Italia,"217,943","629,574"
2017M10,Luxemburgo,"7,307","34,298"
2017M10,Países Bajos,"214,466","969,142"
2017M10,Polonia,"75,429","332,334"
2017M10,Portugal,"106,876","223,358"
2017M10,República Checa,"16,796","78,103"
2017M10,Suecia,"114,133","520,85"
2017M10,Resto de la U.E.,"111,137","370,27"
2017M10,Noruega,"65,631","330,891"
2017M10,Reino Unido,"949,974","5,420,205"
2017M10,Rusia,"62,994","261,343"
2017M10,Suiza,"122,577","567,058"
2017M10,Otros Países Europeos,"90,472","281,275"
2017M10,África,"52,693","129,992"
2017M10,UE28 sin España,"3,620,726","17,652,497"
2017M10,UE27_2020 sin España,,
2017M10,Resto del Mundo,"443,883","871,149"
2017M10,América (sin EEUU),"353,669","792,297"
2017M10,Estados Unidos de América,"288,632","652,739"
2017M10,Japón,"54,509","100,356"
2017M10,Asia (sin Japón),,
2017M09,Alemania,"1,022,635","6,223,773"
2017M09,Austria,"56,283","244,436"
2017M09,Bélgica,"161,441","774,437"
2017M09,Dinamarca,"71,126","296,21"
2017M09,Finlandia,"30,099","109,753"
2017M09,Francia,"567,323","1,798,954"
2017M09,Grecia,"9,354","24,369"
2017M09,Irlanda,"112,732","480,62"
2017M09,Italia,"289,423","954,969"
2017M09,Luxemburgo,"10,38","60,722"
2017M09,Países Bajos,"241,333","1,148,044"
2017M09,Polonia,"122,561","632,968"
2017M09,Portugal,"153,893","464,807"
2017M09,República Checa,"47,546","266,405"
2017M09,Suecia,"108,829","511,31"
2017M09,Resto de la U.E.,"133,477","535,633"
2017M09,Noruega,"68,615","288,897"
2017M09,Reino Unido,"1,306,611","7,174,952"
2017M09,Rusia,"125,512","799,557"
2017M09,Suiza,"121,606","509,502"
2017M09,Otros Países Europeos,"124,987","478,929"
2017M09,África,"66,35","163,552"
2017M09,UE28 sin España,"4,445,046","21,702,360"
2017M09,UE27_2020 sin España,,
2017M09,Resto del Mundo,"441,431","928,11"
2017M09,América (sin EEUU),"378,527","860,59"
2017M09,Estados Unidos de América,"342,007","768,161"
2017M09,Japón,"56,582","106,685"
2017M09,Asia (sin Japón),,
2017M08,Alemania,"902,331","5,911,906"
2017M08,Austria,"50,247","262,429"
2017M08,Bélgica,"164,992","788,011"
2017M08,Dinamarca,"55,82","283,158"
2017M08,Finlandia,"21,031","79,155"
2017M08,Francia,"893,75","3,073,400"
2017M08,Grecia,"15,297","40,606"
2017M08,Irlanda,"95,906","492,633"
2017M08,Italia,"486,651","1,764,110"
2017M08,Luxemburgo,"13,916","69,077"
2017M08,Países Bajos,"266,901","1,460,336"
2017M08,Polonia,"122,657","688,016"
2017M08,Portugal,"231,873","742,214"
2017M08,República Checa,"37,082","223,791"
2017M08,Suecia,"102,528","553,405"
2017M08,Resto de la U.E.,"140,653","559,3"
2017M08,Noruega,"42,291","224,293"
2017M08,Reino Unido,"1,215,335","7,635,304"
2017M08,Rusia,"142,894","909,782"
2017M08,Suiza,"92,894","475,242"
2017M08,Otros Países Europeos,"115,873","472,325"
2017M08,África,"112,195","356,267"
2017M08,UE28 sin España,"4,816,972","24,626,851"
2017M08,UE27_2020 sin España,,
2017M08,Resto del Mundo,"433,851","1,058,398"
2017M08,América (sin EEUU),"318,95","779,97"
2017M08,Estados Unidos de América,"242,508","592,516"
2017M08,Japón,"49,326","98,427"
2017M08,Asia (sin Japón),,
2017M07,Alemania,"988,174","6,405,671"
2017M07,Austria,"59,255","287,883"
2017M07,Bélgica,"220,642","1,061,047"
2017M07,Dinamarca,"95,511","482,933"
2017M07,Finlandia,"29,405","110,639"
2017M07,Francia,"687,186","2,169,004"
2017M07,Grecia,"13,972","37,013"
2017M07,Irlanda,"104,577","549,141"
2017M07,Italia,"331,977","1,221,738"
2017M07,Luxemburgo,"11,72","49,713"
2017M07,Países Bajos,"277,784","1,323,352"
2017M07,Polonia,"123,557","689,983"
2017M07,Portugal,"177,063","565,301"
2017M07,República Checa,"39,755","242,829"
2017M07,Suecia,"116,622","538,332"
2017M07,Resto de la U.E.,"124,87","521,756"
2017M07,Noruega,"88,195","428,606"
2017M07,Reino Unido,"1,273,037","7,292,237"
2017M07,Rusia,"153,762","953,227"
2017M07,Suiza,"139,752","718,783"
2017M07,Otros Países Europeos,"125,082","533,574"
2017M07,África,"98,572","265,796"
2017M07,UE28 sin España,"4,675,106","23,548,571"
2017M07,UE27_2020 sin España,,
2017M07,Resto del Mundo,"435,195","1,030,346"
2017M07,América (sin EEUU),"362,518","901,399"
2017M07,Estados Unidos de América,"334,285","821,776"
2017M07,Japón,"44,499","85,997"
2017M07,Asia (sin Japón),,
2017M06,Alemania,"1,003,575","6,259,885"
2017M06,Austria,"48,961","224,717"
2017M06,Bélgica,"125,801","617,834"
2017M06,Dinamarca,"57,639","269,528"
2017M06,Finlandia,"30,287","115,755"
2017M06,Francia,"491,556","1,541,498"
2017M06,Grecia,"11,373","28,835"
2017M06,Irlanda,"112,195","552,089"
2017M06,Italia,"299,333","970,749"
2017M06,Luxemburgo,"8,686","48,254"
2017M06,Países Bajos,"202,903","969,202"
2017M06,Polonia,"109,489","571,035"
2017M06,Portugal,"145,906","431,372"
2017M06,República Checa,"38,312","199,771"
2017M06,Suecia,"113,71","591,103"
2017M06,Resto de la U.E.,"119,947","474,587"
2017M06,Noruega,"65,146","302,801"
2017M06,Reino Unido,"1,272,762","7,192,967"
2017M06,Rusia,"133,371","780,333"
2017M06,Suiza,"108,371","466,448"
2017M06,Otros Países Europeos,"109,022","423,967"
2017M06,África,"45,8","131,6"
2017M06,UE28 sin España,"4,192,434","21,059,182"
2017M06,UE27_2020 sin España,,
2017M06,Resto del Mundo,"419,929","860,915"
2017M06,América (sin EEUU),"355,237","835,799"
2017M06,Estados Unidos de América,"362,498","825,257"
2017M06,Japón,"63,117","109,361"
2017M06,Asia (sin Japón),,
2017M05,Alemania,"913,652","5,262,110"
2017M05,Austria,"57,624","226,136"
2017M05,Bélgica,"135,577","602,995"
2017M05,Dinamarca,"58,105","246,603"
2017M05,Finlandia,"30,603","111,179"
2017M05,Francia,"645,1","1,907,221"
2017M05,Grecia,"11,454","28,93"
2017M05,Irlanda,"94,974","406,111"
2017M05,Italia,"257,864","695,557"
2017M05,Luxemburgo,"8,37","44,824"
2017M05,Países Bajos,"233,134","1,064,094"
2017M05,Polonia,"80,681","403,943"
2017M05,Portugal,"102,115","222,506"
2017M05,República Checa,"22,755","81,851"
2017M05,Suecia,"111,1","520,303"
2017M05,Resto de la U.E.,"105,154","333,693"
2017M05,Noruega,"46,597","213,813"
2017M05,Reino Unido,"1,200,028","6,320,342"
2017M05,Rusia,"81,5","326,138"
2017M05,Suiza,"103,509","412,064"
2017M05,Otros Países Europeos,"94,463","281,774"
2017M05,África,"57,925","130,038"
2017M05,UE28 sin España,"4,068,291","18,478,398"
2017M05,UE27_2020 sin España,,
2017M05,Resto del Mundo,"459,4","890,501"
2017M05,América (sin EEUU),"366,452","835,075"
2017M05,Estados Unidos de América,"331,827","747,113"
2017M05,Japón,"56,097","101,324"
2017M05,Asia (sin Japón),,
2017M04,Alemania,"654,72","3,568,521"
2017M04,Austria,"44,331","162,106"
2017M04,Bélgica,"120,987","532,579"
2017M04,Dinamarca,"55,589","259,703"
2017M04,Finlandia,"35,688","175,169"
2017M04,Francia,"607,677","1,775,276"
2017M04,Grecia,"11,228","29,678"
2017M04,Irlanda,"71,878","286,247"
2017M04,Italia,"238,582","642,878"
2017M04,Luxemburgo,"8,462","40,666"
2017M04,Países Bajos,"178,103","735,394"
2017M04,Polonia,"57,927","225,298"
2017M04,Portugal,"149,355","380,299"
2017M04,República Checa,"14,931","48,16"
2017M04,Suecia,"98,159","476,969"
2017M04,Resto de la U.E.,"96,958","293,872"
2017M04,Noruega,"54,282","289,377"
2017M04,Reino Unido,"756,286","3,818,432"
2017M04,Rusia,"53,968","175,621"
2017M04,Suiza,"103,945","399,239"
2017M04,Otros Países Europeos,"85,84","266,805"
2017M04,África,"59,707","134,567"
2017M04,UE28 sin España,"3,200,863","13,451,248"
2017M04,UE27_2020 sin España,,
2017M04,Resto del Mundo,"399,041","792,285"
2017M04,América (sin EEUU),"274,179","634,039"
2017M04,Estados Unidos de América,"242,815","567,009"
2017M04,Japón,"46,262","81,505"
2017M04,Asia (sin Japón),,
2017M03,Alemania,"453,429","2,698,891"
2017M03,Austria,"25,286","107,835"
2017M03,Bélgica,"76,956","372,467"
2017M03,Dinamarca,"51,924","287,363"
2017M03,Finlandia,"40,507","223,071"
2017M03,Francia,"309,153","837,391"
2017M03,Grecia,"8,863","24,77"
2017M03,Irlanda,"47,811","197,288"
2017M03,Italia,"178,937","540,418"
2017M03,Luxemburgo,"4,661","21,886"
2017M03,Países Bajos,"106,513","446,086"
2017M03,Polonia,"43,795","194,948"
2017M03,Portugal,"74,457","153,055"
2017M03,República Checa,"10,411","39,735"
2017M03,Suecia,"94,391","551,168"
2017M03,Resto de la U.E.,"72,352","217,35"
2017M03,Noruega,"43,301","284,342"
2017M03,Reino Unido,"594,09","3,012,149"
2017M03,Rusia,"43,048","138,954"
2017M03,Suiza,"58,528","230,273"
2017M03,Otros Países Europeos,"64,644","200,034"
2017M03,África,"49,473","111,205"
2017M03,UE28 sin España,"2,193,537","9,925,871"
2017M03,UE27_2020 sin España,,
2017M03,Resto del Mundo,"327,172","647,533"
2017M03,América (sin EEUU),"197,396","487,196"
2017M03,Estados Unidos de América,"177,176","431,259"
2017M03,Japón,"60,635","113,091"
2017M03,Asia (sin Japón),,
2017M02,Alemania,"303,694","1,942,855"
2017M02,Austria,"20,276","98,587"
2017M02,Bélgica,"63,387","315,493"
2017M02,Dinamarca,"44,1","255,853"
2017M02,Finlandia,"33,392","193,576"
2017M02,Francia,"266,165","761,271"
2017M02,Grecia,"7,094","18,902"
2017M02,Irlanda,"37,367","157,952"
2017M02,Italia,"146,698","455,655"
2017M02,Luxemburgo,"3,476","20,118"
2017M02,Países Bajos,"88,284","388,913"
2017M02,Polonia,"38,572","179,215"
2017M02,Portugal,"76,545","153,682"
2017M02,República Checa,"8,27","34,303"
2017M02,Suecia,"77,006","472,699"
2017M02,Resto de la U.E.,"55,714","165,083"
2017M02,Noruega,"42,25","281,491"
2017M02,Reino Unido,"451,677","2,385,277"
2017M02,Rusia,"30,357","97,281"
2017M02,Suiza,"44,006","163,553"
2017M02,Otros Países Europeos,"54,739","163,399"
2017M02,África,"48,7","109,128"
2017M02,UE28 sin España,"1,721,714","7,999,434"
2017M02,UE27_2020 sin España,,
2017M02,Resto del Mundo,"274,967","557,083"
2017M02,América (sin EEUU),"168,375","417,615"
2017M02,Estados Unidos de América,"97,292","243,072"
2017M02,Japón,"49,49","89,267"
2017M02,Asia (sin Japón),,
2017M01,Alemania,"268,67","1,970,630"
2017M01,Austria,"15,86","88,061"
2017M01,Bélgica,"58,788","314,421"
2017M01,Dinamarca,"35,585","210,569"
2017M01,Finlandia,"28,832","175,705"
2017M01,Francia,"204,236","571,545"
2017M01,Grecia,"6,746","17,493"
2017M01,Irlanda,"33,46","164,69"
2017M01,Italia,"153,782","535,878"
2017M01,Luxemburgo,"3,07","23,543"
2017M01,Países Bajos,"77,676","357,489"
2017M01,Polonia,"36,647","184,442"
2017M01,Portugal,"57,522","116,773"
2017M01,República Checa,"7,061","25,469"
2017M01,Suecia,"77,178","492,939"
2017M01,Resto de la U.E.,"51,656","158,885"
2017M01,Noruega,"33,817","222,456"
2017M01,Reino Unido,"383,059","2,324,896"
2017M01,Rusia,"46,796","162,142"
2017M01,Suiza,"36,491","144,997"
2017M01,Otros Países Europeos,"54,523","164,694"
2017M01,África,"57,501","138,273"
2017M01,UE28 sin España,"1,499,829","7,733,429"
2017M01,UE27_2020 sin España,,
2017M01,Resto del Mundo,"289,411","572,663"
2017M01,América (sin EEUU),"178,178","449,603"
2017M01,Estados Unidos de América,"88,155","214,771"
2017M01,Japón,"44,92","80,773"
2017M01,Asia (sin Japón),,
