Totales Territoriales;Comunidades y Ciudades Autónomas;Provincias;Periodo;Total
Total Nacional;01 Andalucía;;2026M03;2,59
Total Nacional;01 Andalucía;;2026M02;2,42
Total Nacional;01 Andalucía;;2026M01;2,42
Total Nacional;01 Andalucía;;2025M12;2,25
Total Nacional;01 Andalucía;;2025M11;2,41
Total Nacional;01 Andalucía;;2025M10;2,76
Total Nacional;01 Andalucía;;2025M09;3,00
Total Nacional;01 Andalucía;;2025M08;3,32
Total Nacional;01 Andalucía;;2025M07;3,24
Total Nacional;01 Andalucía;;2025M06;2,93
Total Nacional;01 Andalucía;;2025M05;2,76
Total Nacional;01 Andalucía;;2025M04;2,71
Total Nacional;01 Andalucía;;2025M03;2,64
Total Nacional;01 Andalucía;;2025M02;2,43
Total Nacional;01 Andalucía;;2025M01;2,31
Total Nacional;01 Andalucía;;2024M12;2,27
Total Nacional;01 Andalucía;;2024M11;2,42
Total Nacional;01 Andalucía;;2024M10;2,80
Total Nacional;01 Andalucía;;2024M09;3,02
Total Nacional;01 Andalucía;;2024M08;3,34
Total Nacional;01 Andalucía;;2024M07;3,28
Total Nacional;01 Andalucía;;2024M06;2,89
Total Nacional;01 Andalucía;;2024M05;2,71
Total Nacional;01 Andalucía;;2024M04;2,60
Total Nacional;01 Andalucía;;2024M03;2,64
Total Nacional;01 Andalucía;;2024M02;2,38
Total Nacional;01 Andalucía;;2024M01;2,23
Total Nacional;01 Andalucía;;2023M12;2,25
Total Nacional;01 Andalucía;;2023M11;2,37
Total Nacional;01 Andalucía;;2023M10;2,72
Total Nacional;01 Andalucía;;2023M09;2,96
Total Nacional;01 Andalucía;;2023M08;3,27
Total Nacional;01 Andalucía;;2023M07;3,12
Total Nacional;01 Andalucía;;2023M06;2,86
Total Nacional;01 Andalucía;;2023M05;2,70
Total Nacional;01 Andalucía;;2023M04;2,60
Total Nacional;01 Andalucía;;2023M03;2,37
Total Nacional;01 Andalucía;;2023M02;2,27
Total Nacional;01 Andalucía;;2023M01;2,19
Total Nacional;01 Andalucía;;2022M12;2,20
Total Nacional;01 Andalucía;;2022M11;2,37
Total Nacional;01 Andalucía;;2022M10;2,72
Total Nacional;01 Andalucía;;2022M09;2,89
Total Nacional;01 Andalucía;;2022M08;3,35
Total Nacional;01 Andalucía;;2022M07;3,14
Total Nacional;01 Andalucía;;2022M06;2,81
Total Nacional;01 Andalucía;;2022M05;2,69
Total Nacional;01 Andalucía;;2022M04;2,64
Total Nacional;01 Andalucía;;2022M03;2,47
Total Nacional;01 Andalucía;;2022M02;2,17
Total Nacional;01 Andalucía;;2022M01;2,11
Total Nacional;01 Andalucía;04 Almería;2026M03;3,70
Total Nacional;01 Andalucía;04 Almería;2026M02;2,80
Total Nacional;01 Andalucía;04 Almería;2026M01;2,40
Total Nacional;01 Andalucía;04 Almería;2025M12;2,24
Total Nacional;01 Andalucía;04 Almería;2025M11;2,47
Total Nacional;01 Andalucía;04 Almería;2025M10;2,77
Total Nacional;01 Andalucía;04 Almería;2025M09;3,66
Total Nacional;01 Andalucía;04 Almería;2025M08;3,71
Total Nacional;01 Andalucía;04 Almería;2025M07;3,91
Total Nacional;01 Andalucía;04 Almería;2025M06;3,29
Total Nacional;01 Andalucía;04 Almería;2025M05;3,24
Total Nacional;01 Andalucía;04 Almería;2025M04;3,40
Total Nacional;01 Andalucía;04 Almería;2025M03;3,54
Total Nacional;01 Andalucía;04 Almería;2025M02;2,92
Total Nacional;01 Andalucía;04 Almería;2025M01;2,47
Total Nacional;01 Andalucía;04 Almería;2024M12;2,37
Total Nacional;01 Andalucía;04 Almería;2024M11;2,53
Total Nacional;01 Andalucía;04 Almería;2024M10;3,11
Total Nacional;01 Andalucía;04 Almería;2024M09;3,64
Total Nacional;01 Andalucía;04 Almería;2024M08;4,11
Total Nacional;01 Andalucía;04 Almería;2024M07;3,89
Total Nacional;01 Andalucía;04 Almería;2024M06;3,43
Total Nacional;01 Andalucía;04 Almería;2024M05;3,34
Total Nacional;01 Andalucía;04 Almería;2024M04;3,40
Total Nacional;01 Andalucía;04 Almería;2024M03;3,24
Total Nacional;01 Andalucía;04 Almería;2024M02;2,81
Total Nacional;01 Andalucía;04 Almería;2024M01;2,31
Total Nacional;01 Andalucía;04 Almería;2023M12;2,40
Total Nacional;01 Andalucía;04 Almería;2023M11;2,31
Total Nacional;01 Andalucía;04 Almería;2023M10;3,23
Total Nacional;01 Andalucía;04 Almería;2023M09;3,75
Total Nacional;01 Andalucía;04 Almería;2023M08;4,13
Total Nacional;01 Andalucía;04 Almería;2023M07;3,97
Total Nacional;01 Andalucía;04 Almería;2023M06;3,40
Total Nacional;01 Andalucía;04 Almería;2023M05;3,36
Total Nacional;01 Andalucía;04 Almería;2023M04;2,84
Total Nacional;01 Andalucía;04 Almería;2023M03;2,88
Total Nacional;01 Andalucía;04 Almería;2023M02;2,66
Total Nacional;01 Andalucía;04 Almería;2023M01;2,31
Total Nacional;01 Andalucía;04 Almería;2022M12;2,48
Total Nacional;01 Andalucía;04 Almería;2022M11;2,53
Total Nacional;01 Andalucía;04 Almería;2022M10;3,04
Total Nacional;01 Andalucía;04 Almería;2022M09;3,69
Total Nacional;01 Andalucía;04 Almería;2022M08;4,15
Total Nacional;01 Andalucía;04 Almería;2022M07;3,94
Total Nacional;01 Andalucía;04 Almería;2022M06;3,13
Total Nacional;01 Andalucía;04 Almería;2022M05;3,13
Total Nacional;01 Andalucía;04 Almería;2022M04;2,96
Total Nacional;01 Andalucía;04 Almería;2022M03;3,02
Total Nacional;01 Andalucía;04 Almería;2022M02;2,10
Total Nacional;01 Andalucía;04 Almería;2022M01;2,11
Total Nacional;01 Andalucía;11 Cádiz;2026M03;2,53
Total Nacional;01 Andalucía;11 Cádiz;2026M02;2,24
Total Nacional;01 Andalucía;11 Cádiz;2026M01;2,40
Total Nacional;01 Andalucía;11 Cádiz;2025M12;2,10
Total Nacional;01 Andalucía;11 Cádiz;2025M11;2,40
Total Nacional;01 Andalucía;11 Cádiz;2025M10;2,95
Total Nacional;01 Andalucía;11 Cádiz;2025M09;3,36
Total Nacional;01 Andalucía;11 Cádiz;2025M08;3,66
Total Nacional;01 Andalucía;11 Cádiz;2025M07;3,46
Total Nacional;01 Andalucía;11 Cádiz;2025M06;2,98
Total Nacional;01 Andalucía;11 Cádiz;2025M05;2,86
Total Nacional;01 Andalucía;11 Cádiz;2025M04;2,64
Total Nacional;01 Andalucía;11 Cádiz;2025M03;2,49
Total Nacional;01 Andalucía;11 Cádiz;2025M02;2,27
Total Nacional;01 Andalucía;11 Cádiz;2025M01;2,30
Total Nacional;01 Andalucía;11 Cádiz;2024M12;2,03
Total Nacional;01 Andalucía;11 Cádiz;2024M11;2,41
Total Nacional;01 Andalucía;11 Cádiz;2024M10;3,06
Total Nacional;01 Andalucía;11 Cádiz;2024M09;3,24
Total Nacional;01 Andalucía;11 Cádiz;2024M08;3,64
Total Nacional;01 Andalucía;11 Cádiz;2024M07;3,62
Total Nacional;01 Andalucía;11 Cádiz;2024M06;3,08
Total Nacional;01 Andalucía;11 Cádiz;2024M05;2,68
Total Nacional;01 Andalucía;11 Cádiz;2024M04;2,60
Total Nacional;01 Andalucía;11 Cádiz;2024M03;2,58
Total Nacional;01 Andalucía;11 Cádiz;2024M02;2,28
Total Nacional;01 Andalucía;11 Cádiz;2024M01;2,09
Total Nacional;01 Andalucía;11 Cádiz;2023M12;2,09
Total Nacional;01 Andalucía;11 Cádiz;2023M11;2,23
Total Nacional;01 Andalucía;11 Cádiz;2023M10;2,91
Total Nacional;01 Andalucía;11 Cádiz;2023M09;3,19
Total Nacional;01 Andalucía;11 Cádiz;2023M08;3,41
Total Nacional;01 Andalucía;11 Cádiz;2023M07;3,13
Total Nacional;01 Andalucía;11 Cádiz;2023M06;2,93
Total Nacional;01 Andalucía;11 Cádiz;2023M05;2,66
Total Nacional;01 Andalucía;11 Cádiz;2023M04;2,51
Total Nacional;01 Andalucía;11 Cádiz;2023M03;2,30
Total Nacional;01 Andalucía;11 Cádiz;2023M02;2,18
Total Nacional;01 Andalucía;11 Cádiz;2023M01;2,05
Total Nacional;01 Andalucía;11 Cádiz;2022M12;2,10
Total Nacional;01 Andalucía;11 Cádiz;2022M11;2,31
Total Nacional;01 Andalucía;11 Cádiz;2022M10;2,91
Total Nacional;01 Andalucía;11 Cádiz;2022M09;3,08
Total Nacional;01 Andalucía;11 Cádiz;2022M08;3,57
Total Nacional;01 Andalucía;11 Cádiz;2022M07;3,18
Total Nacional;01 Andalucía;11 Cádiz;2022M06;2,86
Total Nacional;01 Andalucía;11 Cádiz;2022M05;2,57
Total Nacional;01 Andalucía;11 Cádiz;2022M04;2,58
Total Nacional;01 Andalucía;11 Cádiz;2022M03;2,41
Total Nacional;01 Andalucía;11 Cádiz;2022M02;2,16
Total Nacional;01 Andalucía;11 Cádiz;2022M01;2,12
Total Nacional;01 Andalucía;14 Córdoba;2026M03;1,72
Total Nacional;01 Andalucía;14 Córdoba;2026M02;1,65
Total Nacional;01 Andalucía;14 Córdoba;2026M01;1,71
Total Nacional;01 Andalucía;14 Córdoba;2025M12;1,69
Total Nacional;01 Andalucía;14 Córdoba;2025M11;1,68
Total Nacional;01 Andalucía;14 Córdoba;2025M10;1,65
Total Nacional;01 Andalucía;14 Córdoba;2025M09;1,72
Total Nacional;01 Andalucía;14 Córdoba;2025M08;1,80
Total Nacional;01 Andalucía;14 Córdoba;2025M07;1,65
Total Nacional;01 Andalucía;14 Córdoba;2025M06;1,67
Total Nacional;01 Andalucía;14 Córdoba;2025M05;1,79
Total Nacional;01 Andalucía;14 Córdoba;2025M04;1,69
Total Nacional;01 Andalucía;14 Córdoba;2025M03;1,73
Total Nacional;01 Andalucía;14 Córdoba;2025M02;1,69
Total Nacional;01 Andalucía;14 Córdoba;2025M01;1,69
Total Nacional;01 Andalucía;14 Córdoba;2024M12;1,81
Total Nacional;01 Andalucía;14 Córdoba;2024M11;1,69
Total Nacional;01 Andalucía;14 Córdoba;2024M10;1,82
Total Nacional;01 Andalucía;14 Córdoba;2024M09;1,66
Total Nacional;01 Andalucía;14 Córdoba;2024M08;1,75
Total Nacional;01 Andalucía;14 Córdoba;2024M07;1,78
Total Nacional;01 Andalucía;14 Córdoba;2024M06;1,68
Total Nacional;01 Andalucía;14 Córdoba;2024M05;1,74
Total Nacional;01 Andalucía;14 Córdoba;2024M04;1,72
Total Nacional;01 Andalucía;14 Córdoba;2024M03;1,76
Total Nacional;01 Andalucía;14 Córdoba;2024M02;1,70
Total Nacional;01 Andalucía;14 Córdoba;2024M01;1,66
Total Nacional;01 Andalucía;14 Córdoba;2023M12;1,76
Total Nacional;01 Andalucía;14 Córdoba;2023M11;1,67
Total Nacional;01 Andalucía;14 Córdoba;2023M10;1,69
Total Nacional;01 Andalucía;14 Córdoba;2023M09;1,63
Total Nacional;01 Andalucía;14 Córdoba;2023M08;1,80
Total Nacional;01 Andalucía;14 Córdoba;2023M07;1,77
Total Nacional;01 Andalucía;14 Córdoba;2023M06;1,67
Total Nacional;01 Andalucía;14 Córdoba;2023M05;1,78
Total Nacional;01 Andalucía;14 Córdoba;2023M04;1,78
Total Nacional;01 Andalucía;14 Córdoba;2023M03;1,73
Total Nacional;01 Andalucía;14 Córdoba;2023M02;1,72
Total Nacional;01 Andalucía;14 Córdoba;2023M01;1,71
Total Nacional;01 Andalucía;14 Córdoba;2022M12;1,78
Total Nacional;01 Andalucía;14 Córdoba;2022M11;1,71
Total Nacional;01 Andalucía;14 Córdoba;2022M10;1,71
Total Nacional;01 Andalucía;14 Córdoba;2022M09;1,64
Total Nacional;01 Andalucía;14 Córdoba;2022M08;1,81
Total Nacional;01 Andalucía;14 Córdoba;2022M07;1,75
Total Nacional;01 Andalucía;14 Córdoba;2022M06;1,67
Total Nacional;01 Andalucía;14 Córdoba;2022M05;1,76
Total Nacional;01 Andalucía;14 Córdoba;2022M04;1,73
Total Nacional;01 Andalucía;14 Córdoba;2022M03;1,70
Total Nacional;01 Andalucía;14 Córdoba;2022M02;1,75
Total Nacional;01 Andalucía;14 Córdoba;2022M01;1,75
Total Nacional;01 Andalucía;18 Granada;2026M03;2,03
Total Nacional;01 Andalucía;18 Granada;2026M02;1,82
Total Nacional;01 Andalucía;18 Granada;2026M01;1,97
Total Nacional;01 Andalucía;18 Granada;2025M12;1,98
Total Nacional;01 Andalucía;18 Granada;2025M11;2,00
Total Nacional;01 Andalucía;18 Granada;2025M10;2,07
Total Nacional;01 Andalucía;18 Granada;2025M09;2,23
Total Nacional;01 Andalucía;18 Granada;2025M08;2,40
Total Nacional;01 Andalucía;18 Granada;2025M07;2,26
Total Nacional;01 Andalucía;18 Granada;2025M06;2,17
Total Nacional;01 Andalucía;18 Granada;2025M05;2,13
Total Nacional;01 Andalucía;18 Granada;2025M04;2,16
Total Nacional;01 Andalucía;18 Granada;2025M03;2,13
Total Nacional;01 Andalucía;18 Granada;2025M02;1,96
Total Nacional;01 Andalucía;18 Granada;2025M01;1,94
Total Nacional;01 Andalucía;18 Granada;2024M12;1,95
Total Nacional;01 Andalucía;18 Granada;2024M11;2,07
Total Nacional;01 Andalucía;18 Granada;2024M10;2,11
Total Nacional;01 Andalucía;18 Granada;2024M09;2,18
Total Nacional;01 Andalucía;18 Granada;2024M08;2,31
Total Nacional;01 Andalucía;18 Granada;2024M07;2,39
Total Nacional;01 Andalucía;18 Granada;2024M06;2,10
Total Nacional;01 Andalucía;18 Granada;2024M05;2,04
Total Nacional;01 Andalucía;18 Granada;2024M04;1,99
Total Nacional;01 Andalucía;18 Granada;2024M03;2,03
Total Nacional;01 Andalucía;18 Granada;2024M02;1,93
Total Nacional;01 Andalucía;18 Granada;2024M01;1,88
Total Nacional;01 Andalucía;18 Granada;2023M12;1,89
Total Nacional;01 Andalucía;18 Granada;2023M11;1,88
Total Nacional;01 Andalucía;18 Granada;2023M10;1,99
Total Nacional;01 Andalucía;18 Granada;2023M09;2,08
Total Nacional;01 Andalucía;18 Granada;2023M08;2,29
Total Nacional;01 Andalucía;18 Granada;2023M07;2,22
Total Nacional;01 Andalucía;18 Granada;2023M06;2,04
Total Nacional;01 Andalucía;18 Granada;2023M05;2,00
Total Nacional;01 Andalucía;18 Granada;2023M04;2,04
Total Nacional;01 Andalucía;18 Granada;2023M03;1,88
Total Nacional;01 Andalucía;18 Granada;2023M02;1,90
Total Nacional;01 Andalucía;18 Granada;2023M01;1,85
Total Nacional;01 Andalucía;18 Granada;2022M12;1,89
Total Nacional;01 Andalucía;18 Granada;2022M11;1,95
Total Nacional;01 Andalucía;18 Granada;2022M10;2,08
Total Nacional;01 Andalucía;18 Granada;2022M09;2,11
Total Nacional;01 Andalucía;18 Granada;2022M08;2,28
Total Nacional;01 Andalucía;18 Granada;2022M07;2,20
Total Nacional;01 Andalucía;18 Granada;2022M06;1,99
Total Nacional;01 Andalucía;18 Granada;2022M05;1,97
Total Nacional;01 Andalucía;18 Granada;2022M04;2,03
Total Nacional;01 Andalucía;18 Granada;2022M03;1,91
Total Nacional;01 Andalucía;18 Granada;2022M02;1,84
Total Nacional;01 Andalucía;18 Granada;2022M01;1,86
Total Nacional;01 Andalucía;21 Huelva;2026M03;2,41
Total Nacional;01 Andalucía;21 Huelva;2026M02;2,52
Total Nacional;01 Andalucía;21 Huelva;2026M01;2,19
Total Nacional;01 Andalucía;21 Huelva;2025M12;1,98
Total Nacional;01 Andalucía;21 Huelva;2025M11;2,35
Total Nacional;01 Andalucía;21 Huelva;2025M10;3,00
Total Nacional;01 Andalucía;21 Huelva;2025M09;3,64
Total Nacional;01 Andalucía;21 Huelva;2025M08;4,11
Total Nacional;01 Andalucía;21 Huelva;2025M07;4,04
Total Nacional;01 Andalucía;21 Huelva;2025M06;3,48
Total Nacional;01 Andalucía;21 Huelva;2025M05;3,17
Total Nacional;01 Andalucía;21 Huelva;2025M04;3,31
Total Nacional;01 Andalucía;21 Huelva;2025M03;3,52
Total Nacional;01 Andalucía;21 Huelva;2025M02;2,73
Total Nacional;01 Andalucía;21 Huelva;2025M01;2,35
Total Nacional;01 Andalucía;21 Huelva;2024M12;1,99
Total Nacional;01 Andalucía;21 Huelva;2024M11;2,38
Total Nacional;01 Andalucía;21 Huelva;2024M10;3,23
Total Nacional;01 Andalucía;21 Huelva;2024M09;3,83
Total Nacional;01 Andalucía;21 Huelva;2024M08;4,24
Total Nacional;01 Andalucía;21 Huelva;2024M07;4,19
Total Nacional;01 Andalucía;21 Huelva;2024M06;3,57
Total Nacional;01 Andalucía;21 Huelva;2024M05;3,23
Total Nacional;01 Andalucía;21 Huelva;2024M04;3,21
Total Nacional;01 Andalucía;21 Huelva;2024M03;3,47
Total Nacional;01 Andalucía;21 Huelva;2024M02;2,59
Total Nacional;01 Andalucía;21 Huelva;2024M01;2,18
Total Nacional;01 Andalucía;21 Huelva;2023M12;2,07
Total Nacional;01 Andalucía;21 Huelva;2023M11;2,34
Total Nacional;01 Andalucía;21 Huelva;2023M10;3,15
Total Nacional;01 Andalucía;21 Huelva;2023M09;3,92
Total Nacional;01 Andalucía;21 Huelva;2023M08;4,08
Total Nacional;01 Andalucía;21 Huelva;2023M07;3,75
Total Nacional;01 Andalucía;21 Huelva;2023M06;3,48
Total Nacional;01 Andalucía;21 Huelva;2023M05;3,03
Total Nacional;01 Andalucía;21 Huelva;2023M04;3,21
Total Nacional;01 Andalucía;21 Huelva;2023M03;2,53
Total Nacional;01 Andalucía;21 Huelva;2023M02;2,17
Total Nacional;01 Andalucía;21 Huelva;2023M01;1,98
Total Nacional;01 Andalucía;21 Huelva;2022M12;2,21
Total Nacional;01 Andalucía;21 Huelva;2022M11;2,29
Total Nacional;01 Andalucía;21 Huelva;2022M10;3,01
Total Nacional;01 Andalucía;21 Huelva;2022M09;3,64
Total Nacional;01 Andalucía;21 Huelva;2022M08;4,44
Total Nacional;01 Andalucía;21 Huelva;2022M07;3,84
Total Nacional;01 Andalucía;21 Huelva;2022M06;3,34
Total Nacional;01 Andalucía;21 Huelva;2022M05;3,19
Total Nacional;01 Andalucía;21 Huelva;2022M04;3,24
Total Nacional;01 Andalucía;21 Huelva;2022M03;2,91
Total Nacional;01 Andalucía;21 Huelva;2022M02;2,12
Total Nacional;01 Andalucía;21 Huelva;2022M01;2,02
Total Nacional;01 Andalucía;23 Jaén;2026M03;1,73
Total Nacional;01 Andalucía;23 Jaén;2026M02;1,74
Total Nacional;01 Andalucía;23 Jaén;2026M01;1,82
Total Nacional;01 Andalucía;23 Jaén;2025M12;1,72
Total Nacional;01 Andalucía;23 Jaén;2025M11;1,81
Total Nacional;01 Andalucía;23 Jaén;2025M10;1,75
Total Nacional;01 Andalucía;23 Jaén;2025M09;1,74
Total Nacional;01 Andalucía;23 Jaén;2025M08;1,95
Total Nacional;01 Andalucía;23 Jaén;2025M07;1,79
Total Nacional;01 Andalucía;23 Jaén;2025M06;1,76
Total Nacional;01 Andalucía;23 Jaén;2025M05;1,77
Total Nacional;01 Andalucía;23 Jaén;2025M04;1,89
Total Nacional;01 Andalucía;23 Jaén;2025M03;1,84
Total Nacional;01 Andalucía;23 Jaén;2025M02;1,72
Total Nacional;01 Andalucía;23 Jaén;2025M01;1,75
Total Nacional;01 Andalucía;23 Jaén;2024M12;1,78
Total Nacional;01 Andalucía;23 Jaén;2024M11;1,84
Total Nacional;01 Andalucía;23 Jaén;2024M10;1,71
Total Nacional;01 Andalucía;23 Jaén;2024M09;1,78
Total Nacional;01 Andalucía;23 Jaén;2024M08;1,90
Total Nacional;01 Andalucía;23 Jaén;2024M07;1,88
Total Nacional;01 Andalucía;23 Jaén;2024M06;1,80
Total Nacional;01 Andalucía;23 Jaén;2024M05;1,76
Total Nacional;01 Andalucía;23 Jaén;2024M04;1,74
Total Nacional;01 Andalucía;23 Jaén;2024M03;1,86
Total Nacional;01 Andalucía;23 Jaén;2024M02;1,73
Total Nacional;01 Andalucía;23 Jaén;2024M01;1,76
Total Nacional;01 Andalucía;23 Jaén;2023M12;1,76
Total Nacional;01 Andalucía;23 Jaén;2023M11;1,86
Total Nacional;01 Andalucía;23 Jaén;2023M10;1,82
Total Nacional;01 Andalucía;23 Jaén;2023M09;1,80
Total Nacional;01 Andalucía;23 Jaén;2023M08;2,03
Total Nacional;01 Andalucía;23 Jaén;2023M07;1,91
Total Nacional;01 Andalucía;23 Jaén;2023M06;1,77
Total Nacional;01 Andalucía;23 Jaén;2023M05;1,82
Total Nacional;01 Andalucía;23 Jaén;2023M04;1,93
Total Nacional;01 Andalucía;23 Jaén;2023M03;1,80
Total Nacional;01 Andalucía;23 Jaén;2023M02;1,78
Total Nacional;01 Andalucía;23 Jaén;2023M01;1,78
Total Nacional;01 Andalucía;23 Jaén;2022M12;1,80
Total Nacional;01 Andalucía;23 Jaén;2022M11;1,84
Total Nacional;01 Andalucía;23 Jaén;2022M10;1,84
Total Nacional;01 Andalucía;23 Jaén;2022M09;1,78
Total Nacional;01 Andalucía;23 Jaén;2022M08;2,07
Total Nacional;01 Andalucía;23 Jaén;2022M07;1,81
Total Nacional;01 Andalucía;23 Jaén;2022M06;1,79
Total Nacional;01 Andalucía;23 Jaén;2022M05;1,84
Total Nacional;01 Andalucía;23 Jaén;2022M04;1,89
Total Nacional;01 Andalucía;23 Jaén;2022M03;1,85
Total Nacional;01 Andalucía;23 Jaén;2022M02;1,80
Total Nacional;01 Andalucía;23 Jaén;2022M01;1,66
Total Nacional;01 Andalucía;29 Málaga;2026M03;3,25
Total Nacional;01 Andalucía;29 Málaga;2026M02;3,32
Total Nacional;01 Andalucía;29 Málaga;2026M01;3,34
Total Nacional;01 Andalucía;29 Málaga;2025M12;2,92
Total Nacional;01 Andalucía;29 Málaga;2025M11;3,14
Total Nacional;01 Andalucía;29 Málaga;2025M10;3,66
Total Nacional;01 Andalucía;29 Málaga;2025M09;3,65
Total Nacional;01 Andalucía;29 Málaga;2025M08;3,97
Total Nacional;01 Andalucía;29 Málaga;2025M07;3,86
Total Nacional;01 Andalucía;29 Málaga;2025M06;3,74
Total Nacional;01 Andalucía;29 Málaga;2025M05;3,41
Total Nacional;01 Andalucía;29 Málaga;2025M04;3,39
Total Nacional;01 Andalucía;29 Málaga;2025M03;3,36
Total Nacional;01 Andalucía;29 Málaga;2025M02;3,21
Total Nacional;01 Andalucía;29 Málaga;2025M01;3,13
Total Nacional;01 Andalucía;29 Málaga;2024M12;3,06
Total Nacional;01 Andalucía;29 Málaga;2024M11;3,20
Total Nacional;01 Andalucía;29 Málaga;2024M10;3,63
Total Nacional;01 Andalucía;29 Málaga;2024M09;3,80
Total Nacional;01 Andalucía;29 Málaga;2024M08;3,96
Total Nacional;01 Andalucía;29 Málaga;2024M07;3,82
Total Nacional;01 Andalucía;29 Málaga;2024M06;3,55
Total Nacional;01 Andalucía;29 Málaga;2024M05;3,42
Total Nacional;01 Andalucía;29 Málaga;2024M04;3,23
Total Nacional;01 Andalucía;29 Málaga;2024M03;3,38
Total Nacional;01 Andalucía;29 Málaga;2024M02;3,13
Total Nacional;01 Andalucía;29 Málaga;2024M01;2,92
Total Nacional;01 Andalucía;29 Málaga;2023M12;2,95
Total Nacional;01 Andalucía;29 Málaga;2023M11;3,19
Total Nacional;01 Andalucía;29 Málaga;2023M10;3,51
Total Nacional;01 Andalucía;29 Málaga;2023M09;3,62
Total Nacional;01 Andalucía;29 Málaga;2023M08;3,90
Total Nacional;01 Andalucía;29 Málaga;2023M07;3,73
Total Nacional;01 Andalucía;29 Málaga;2023M06;3,59
Total Nacional;01 Andalucía;29 Málaga;2023M05;3,44
Total Nacional;01 Andalucía;29 Málaga;2023M04;3,27
Total Nacional;01 Andalucía;29 Málaga;2023M03;2,95
Total Nacional;01 Andalucía;29 Málaga;2023M02;2,96
Total Nacional;01 Andalucía;29 Málaga;2023M01;2,87
Total Nacional;01 Andalucía;29 Málaga;2022M12;2,74
Total Nacional;01 Andalucía;29 Málaga;2022M11;3,13
Total Nacional;01 Andalucía;29 Málaga;2022M10;3,55
Total Nacional;01 Andalucía;29 Málaga;2022M09;3,48
Total Nacional;01 Andalucía;29 Málaga;2022M08;4,02
Total Nacional;01 Andalucía;29 Málaga;2022M07;3,69
Total Nacional;01 Andalucía;29 Málaga;2022M06;3,54
Total Nacional;01 Andalucía;29 Málaga;2022M05;3,43
Total Nacional;01 Andalucía;29 Málaga;2022M04;3,35
Total Nacional;01 Andalucía;29 Málaga;2022M03;3,20
Total Nacional;01 Andalucía;29 Málaga;2022M02;2,72
Total Nacional;01 Andalucía;29 Málaga;2022M01;2,69
Total Nacional;01 Andalucía;41 Sevilla;2026M03;2,20
Total Nacional;01 Andalucía;41 Sevilla;2026M02;2,05
Total Nacional;01 Andalucía;41 Sevilla;2026M01;2,10
Total Nacional;01 Andalucía;41 Sevilla;2025M12;2,05
Total Nacional;01 Andalucía;41 Sevilla;2025M11;2,08
Total Nacional;01 Andalucía;41 Sevilla;2025M10;2,06
Total Nacional;01 Andalucía;41 Sevilla;2025M09;1,99
Total Nacional;01 Andalucía;41 Sevilla;2025M08;2,05
Total Nacional;01 Andalucía;41 Sevilla;2025M07;1,99
Total Nacional;01 Andalucía;41 Sevilla;2025M06;2,01
Total Nacional;01 Andalucía;41 Sevilla;2025M05;2,09
Total Nacional;01 Andalucía;41 Sevilla;2025M04;2,12
Total Nacional;01 Andalucía;41 Sevilla;2025M03;2,14
Total Nacional;01 Andalucía;41 Sevilla;2025M02;2,03
Total Nacional;01 Andalucía;41 Sevilla;2025M01;1,95
Total Nacional;01 Andalucía;41 Sevilla;2024M12;2,00
Total Nacional;01 Andalucía;41 Sevilla;2024M11;2,05
Total Nacional;01 Andalucía;41 Sevilla;2024M10;2,06
Total Nacional;01 Andalucía;41 Sevilla;2024M09;2,02
Total Nacional;01 Andalucía;41 Sevilla;2024M08;2,05
Total Nacional;01 Andalucía;41 Sevilla;2024M07;1,98
Total Nacional;01 Andalucía;41 Sevilla;2024M06;1,96
Total Nacional;01 Andalucía;41 Sevilla;2024M05;2,02
Total Nacional;01 Andalucía;41 Sevilla;2024M04;2,03
Total Nacional;01 Andalucía;41 Sevilla;2024M03;2,09
Total Nacional;01 Andalucía;41 Sevilla;2024M02;2,00
Total Nacional;01 Andalucía;41 Sevilla;2024M01;1,98
Total Nacional;01 Andalucía;41 Sevilla;2023M12;2,01
Total Nacional;01 Andalucía;41 Sevilla;2023M11;2,02
Total Nacional;01 Andalucía;41 Sevilla;2023M10;1,98
Total Nacional;01 Andalucía;41 Sevilla;2023M09;1,98
Total Nacional;01 Andalucía;41 Sevilla;2023M08;1,99
Total Nacional;01 Andalucía;41 Sevilla;2023M07;1,87
Total Nacional;01 Andalucía;41 Sevilla;2023M06;1,90
Total Nacional;01 Andalucía;41 Sevilla;2023M05;1,96
Total Nacional;01 Andalucía;41 Sevilla;2023M04;2,07
Total Nacional;01 Andalucía;41 Sevilla;2023M03;2,04
Total Nacional;01 Andalucía;41 Sevilla;2023M02;1,96
Total Nacional;01 Andalucía;41 Sevilla;2023M01;1,97
Total Nacional;01 Andalucía;41 Sevilla;2022M12;1,99
Total Nacional;01 Andalucía;41 Sevilla;2022M11;2,06
Total Nacional;01 Andalucía;41 Sevilla;2022M10;2,01
Total Nacional;01 Andalucía;41 Sevilla;2022M09;1,96
Total Nacional;01 Andalucía;41 Sevilla;2022M08;2,00
Total Nacional;01 Andalucía;41 Sevilla;2022M07;1,91
Total Nacional;01 Andalucía;41 Sevilla;2022M06;1,95
Total Nacional;01 Andalucía;41 Sevilla;2022M05;2,04
Total Nacional;01 Andalucía;41 Sevilla;2022M04;2,11
Total Nacional;01 Andalucía;41 Sevilla;2022M03;2,05
Total Nacional;01 Andalucía;41 Sevilla;2022M02;1,96
Total Nacional;01 Andalucía;41 Sevilla;2022M01;1,88
Total Nacional;02 Aragón;;2026M03;2,06
Total Nacional;02 Aragón;;2026M02;2,10
Total Nacional;02 Aragón;;2026M01;2,16
Total Nacional;02 Aragón;;2025M12;1,87
Total Nacional;02 Aragón;;2025M11;1,90
Total Nacional;02 Aragón;;2025M10;1,91
Total Nacional;02 Aragón;;2025M09;1,92
Total Nacional;02 Aragón;;2025M08;1,99
Total Nacional;02 Aragón;;2025M07;2,00
Total Nacional;02 Aragón;;2025M06;1,88
Total Nacional;02 Aragón;;2025M05;1,91
Total Nacional;02 Aragón;;2025M04;1,90
Total Nacional;02 Aragón;;2025M03;2,02
Total Nacional;02 Aragón;;2025M02;2,03
Total Nacional;02 Aragón;;2025M01;2,01
Total Nacional;02 Aragón;;2024M12;1,86
Total Nacional;02 Aragón;;2024M11;1,89
Total Nacional;02 Aragón;;2024M10;1,86
Total Nacional;02 Aragón;;2024M09;1,89
Total Nacional;02 Aragón;;2024M08;2,04
Total Nacional;02 Aragón;;2024M07;1,99
Total Nacional;02 Aragón;;2024M06;1,84
Total Nacional;02 Aragón;;2024M05;1,82
Total Nacional;02 Aragón;;2024M04;1,82
Total Nacional;02 Aragón;;2024M03;2,01
Total Nacional;02 Aragón;;2024M02;2,07
Total Nacional;02 Aragón;;2024M01;2,04
Total Nacional;02 Aragón;;2023M12;1,85
Total Nacional;02 Aragón;;2023M11;1,92
Total Nacional;02 Aragón;;2023M10;1,94
Total Nacional;02 Aragón;;2023M09;1,89
Total Nacional;02 Aragón;;2023M08;2,05
Total Nacional;02 Aragón;;2023M07;2,03
Total Nacional;02 Aragón;;2023M06;1,93
Total Nacional;02 Aragón;;2023M05;1,91
Total Nacional;02 Aragón;;2023M04;1,96
Total Nacional;02 Aragón;;2023M03;2,06
Total Nacional;02 Aragón;;2023M02;2,18
Total Nacional;02 Aragón;;2023M01;2,08
Total Nacional;02 Aragón;;2022M12;1,98
Total Nacional;02 Aragón;;2022M11;1,92
Total Nacional;02 Aragón;;2022M10;1,97
Total Nacional;02 Aragón;;2022M09;1,95
Total Nacional;02 Aragón;;2022M08;2,12
Total Nacional;02 Aragón;;2022M07;2,04
Total Nacional;02 Aragón;;2022M06;1,92
Total Nacional;02 Aragón;;2022M05;1,93
Total Nacional;02 Aragón;;2022M04;1,99
Total Nacional;02 Aragón;;2022M03;2,15
Total Nacional;02 Aragón;;2022M02;2,13
Total Nacional;02 Aragón;;2022M01;2,15
Total Nacional;02 Aragón;22 Huesca;2026M03;2,41
Total Nacional;02 Aragón;22 Huesca;2026M02;2,59
Total Nacional;02 Aragón;22 Huesca;2026M01;2,64
Total Nacional;02 Aragón;22 Huesca;2025M12;2,18
Total Nacional;02 Aragón;22 Huesca;2025M11;2,01
Total Nacional;02 Aragón;22 Huesca;2025M10;2,11
Total Nacional;02 Aragón;22 Huesca;2025M09;2,09
Total Nacional;02 Aragón;22 Huesca;2025M08;2,40
Total Nacional;02 Aragón;22 Huesca;2025M07;2,24
Total Nacional;02 Aragón;22 Huesca;2025M06;1,87
Total Nacional;02 Aragón;22 Huesca;2025M05;1,97
Total Nacional;02 Aragón;22 Huesca;2025M04;2,03
Total Nacional;02 Aragón;22 Huesca;2025M03;2,35
Total Nacional;02 Aragón;22 Huesca;2025M02;2,42
Total Nacional;02 Aragón;22 Huesca;2025M01;2,46
Total Nacional;02 Aragón;22 Huesca;2024M12;2,20
Total Nacional;02 Aragón;22 Huesca;2024M11;2,01
Total Nacional;02 Aragón;22 Huesca;2024M10;2,01
Total Nacional;02 Aragón;22 Huesca;2024M09;2,12
Total Nacional;02 Aragón;22 Huesca;2024M08;2,47
Total Nacional;02 Aragón;22 Huesca;2024M07;2,29
Total Nacional;02 Aragón;22 Huesca;2024M06;2,04
Total Nacional;02 Aragón;22 Huesca;2024M05;1,93
Total Nacional;02 Aragón;22 Huesca;2024M04;1,95
Total Nacional;02 Aragón;22 Huesca;2024M03;2,38
Total Nacional;02 Aragón;22 Huesca;2024M02;2,59
Total Nacional;02 Aragón;22 Huesca;2024M01;2,53
Total Nacional;02 Aragón;22 Huesca;2023M12;2,21
Total Nacional;02 Aragón;22 Huesca;2023M11;2,09
Total Nacional;02 Aragón;22 Huesca;2023M10;2,09
Total Nacional;02 Aragón;22 Huesca;2023M09;2,08
Total Nacional;02 Aragón;22 Huesca;2023M08;2,55
Total Nacional;02 Aragón;22 Huesca;2023M07;2,42
Total Nacional;02 Aragón;22 Huesca;2023M06;2,08
Total Nacional;02 Aragón;22 Huesca;2023M05;2,06
Total Nacional;02 Aragón;22 Huesca;2023M04;2,24
Total Nacional;02 Aragón;22 Huesca;2023M03;2,48
Total Nacional;02 Aragón;22 Huesca;2023M02;2,75
Total Nacional;02 Aragón;22 Huesca;2023M01;2,50
Total Nacional;02 Aragón;22 Huesca;2022M12;2,48
Total Nacional;02 Aragón;22 Huesca;2022M11;2,13
Total Nacional;02 Aragón;22 Huesca;2022M10;2,19
Total Nacional;02 Aragón;22 Huesca;2022M09;2,14
Total Nacional;02 Aragón;22 Huesca;2022M08;2,63
Total Nacional;02 Aragón;22 Huesca;2022M07;2,35
Total Nacional;02 Aragón;22 Huesca;2022M06;2,16
Total Nacional;02 Aragón;22 Huesca;2022M05;2,03
Total Nacional;02 Aragón;22 Huesca;2022M04;2,24
Total Nacional;02 Aragón;22 Huesca;2022M03;2,68
Total Nacional;02 Aragón;22 Huesca;2022M02;2,68
Total Nacional;02 Aragón;22 Huesca;2022M01;2,56
Total Nacional;02 Aragón;44 Teruel;2026M03;2,08
Total Nacional;02 Aragón;44 Teruel;2026M02;1,92
Total Nacional;02 Aragón;44 Teruel;2026M01;1,99
Total Nacional;02 Aragón;44 Teruel;2025M12;2,01
Total Nacional;02 Aragón;44 Teruel;2025M11;1,99
Total Nacional;02 Aragón;44 Teruel;2025M10;2,02
Total Nacional;02 Aragón;44 Teruel;2025M09;1,98
Total Nacional;02 Aragón;44 Teruel;2025M08;1,98
Total Nacional;02 Aragón;44 Teruel;2025M07;2,11
Total Nacional;02 Aragón;44 Teruel;2025M06;2,18
Total Nacional;02 Aragón;44 Teruel;2025M05;2,16
Total Nacional;02 Aragón;44 Teruel;2025M04;2,04
Total Nacional;02 Aragón;44 Teruel;2025M03;2,11
Total Nacional;02 Aragón;44 Teruel;2025M02;2,01
Total Nacional;02 Aragón;44 Teruel;2025M01;2,04
Total Nacional;02 Aragón;44 Teruel;2024M12;1,98
Total Nacional;02 Aragón;44 Teruel;2024M11;2,12
Total Nacional;02 Aragón;44 Teruel;2024M10;1,94
Total Nacional;02 Aragón;44 Teruel;2024M09;2,06
Total Nacional;02 Aragón;44 Teruel;2024M08;1,98
Total Nacional;02 Aragón;44 Teruel;2024M07;2,11
Total Nacional;02 Aragón;44 Teruel;2024M06;1,90
Total Nacional;02 Aragón;44 Teruel;2024M05;1,97
Total Nacional;02 Aragón;44 Teruel;2024M04;1,87
Total Nacional;02 Aragón;44 Teruel;2024M03;2,03
Total Nacional;02 Aragón;44 Teruel;2024M02;1,95
Total Nacional;02 Aragón;44 Teruel;2024M01;1,90
Total Nacional;02 Aragón;44 Teruel;2023M12;1,95
Total Nacional;02 Aragón;44 Teruel;2023M11;1,97
Total Nacional;02 Aragón;44 Teruel;2023M10;1,95
Total Nacional;02 Aragón;44 Teruel;2023M09;1,94
Total Nacional;02 Aragón;44 Teruel;2023M08;2,02
Total Nacional;02 Aragón;44 Teruel;2023M07;1,96
Total Nacional;02 Aragón;44 Teruel;2023M06;1,94
Total Nacional;02 Aragón;44 Teruel;2023M05;2,00
Total Nacional;02 Aragón;44 Teruel;2023M04;1,96
Total Nacional;02 Aragón;44 Teruel;2023M03;1,97
Total Nacional;02 Aragón;44 Teruel;2023M02;1,93
Total Nacional;02 Aragón;44 Teruel;2023M01;1,98
Total Nacional;02 Aragón;44 Teruel;2022M12;1,96
Total Nacional;02 Aragón;44 Teruel;2022M11;1,92
Total Nacional;02 Aragón;44 Teruel;2022M10;1,94
Total Nacional;02 Aragón;44 Teruel;2022M09;1,89
Total Nacional;02 Aragón;44 Teruel;2022M08;2,02
Total Nacional;02 Aragón;44 Teruel;2022M07;1,95
Total Nacional;02 Aragón;44 Teruel;2022M06;1,80
Total Nacional;02 Aragón;44 Teruel;2022M05;1,93
Total Nacional;02 Aragón;44 Teruel;2022M04;1,97
Total Nacional;02 Aragón;44 Teruel;2022M03;1,88
Total Nacional;02 Aragón;44 Teruel;2022M02;1,82
Total Nacional;02 Aragón;44 Teruel;2022M01;1,84
Total Nacional;02 Aragón;50 Zaragoza;2026M03;1,81
Total Nacional;02 Aragón;50 Zaragoza;2026M02;1,78
Total Nacional;02 Aragón;50 Zaragoza;2026M01;1,83
Total Nacional;02 Aragón;50 Zaragoza;2025M12;1,66
Total Nacional;02 Aragón;50 Zaragoza;2025M11;1,84
Total Nacional;02 Aragón;50 Zaragoza;2025M10;1,78
Total Nacional;02 Aragón;50 Zaragoza;2025M09;1,79
Total Nacional;02 Aragón;50 Zaragoza;2025M08;1,65
Total Nacional;02 Aragón;50 Zaragoza;2025M07;1,75
Total Nacional;02 Aragón;50 Zaragoza;2025M06;1,80
Total Nacional;02 Aragón;50 Zaragoza;2025M05;1,81
Total Nacional;02 Aragón;50 Zaragoza;2025M04;1,79
Total Nacional;02 Aragón;50 Zaragoza;2025M03;1,81
Total Nacional;02 Aragón;50 Zaragoza;2025M02;1,70
Total Nacional;02 Aragón;50 Zaragoza;2025M01;1,67
Total Nacional;02 Aragón;50 Zaragoza;2024M12;1,67
Total Nacional;02 Aragón;50 Zaragoza;2024M11;1,80
Total Nacional;02 Aragón;50 Zaragoza;2024M10;1,77
Total Nacional;02 Aragón;50 Zaragoza;2024M09;1,72
Total Nacional;02 Aragón;50 Zaragoza;2024M08;1,68
Total Nacional;02 Aragón;50 Zaragoza;2024M07;1,74
Total Nacional;02 Aragón;50 Zaragoza;2024M06;1,71
Total Nacional;02 Aragón;50 Zaragoza;2024M05;1,73
Total Nacional;02 Aragón;50 Zaragoza;2024M04;1,76
Total Nacional;02 Aragón;50 Zaragoza;2024M03;1,76
Total Nacional;02 Aragón;50 Zaragoza;2024M02;1,76
Total Nacional;02 Aragón;50 Zaragoza;2024M01;1,71
Total Nacional;02 Aragón;50 Zaragoza;2023M12;1,67
Total Nacional;02 Aragón;50 Zaragoza;2023M11;1,87
Total Nacional;02 Aragón;50 Zaragoza;2023M10;1,87
Total Nacional;02 Aragón;50 Zaragoza;2023M09;1,77
Total Nacional;02 Aragón;50 Zaragoza;2023M08;1,64
Total Nacional;02 Aragón;50 Zaragoza;2023M07;1,74
Total Nacional;02 Aragón;50 Zaragoza;2023M06;1,83
Total Nacional;02 Aragón;50 Zaragoza;2023M05;1,83
Total Nacional;02 Aragón;50 Zaragoza;2023M04;1,83
Total Nacional;02 Aragón;50 Zaragoza;2023M03;1,85
Total Nacional;02 Aragón;50 Zaragoza;2023M02;1,78
Total Nacional;02 Aragón;50 Zaragoza;2023M01;1,76
Total Nacional;02 Aragón;50 Zaragoza;2022M12;1,72
Total Nacional;02 Aragón;50 Zaragoza;2022M11;1,86
Total Nacional;02 Aragón;50 Zaragoza;2022M10;1,89
Total Nacional;02 Aragón;50 Zaragoza;2022M09;1,86
Total Nacional;02 Aragón;50 Zaragoza;2022M08;1,74
Total Nacional;02 Aragón;50 Zaragoza;2022M07;1,81
Total Nacional;02 Aragón;50 Zaragoza;2022M06;1,81
Total Nacional;02 Aragón;50 Zaragoza;2022M05;1,88
Total Nacional;02 Aragón;50 Zaragoza;2022M04;1,87
Total Nacional;02 Aragón;50 Zaragoza;2022M03;1,89
Total Nacional;02 Aragón;50 Zaragoza;2022M02;1,72
Total Nacional;02 Aragón;50 Zaragoza;2022M01;1,74
Total Nacional;03 Asturias, Principado de;;2026M03;1,83
Total Nacional;03 Asturias, Principado de;;2026M02;1,76
Total Nacional;03 Asturias, Principado de;;2026M01;1,91
Total Nacional;03 Asturias, Principado de;;2025M12;1,87
Total Nacional;03 Asturias, Principado de;;2025M11;1,84
Total Nacional;03 Asturias, Principado de;;2025M10;1,84
Total Nacional;03 Asturias, Principado de;;2025M09;1,97
Total Nacional;03 Asturias, Principado de;;2025M08;2,31
Total Nacional;03 Asturias, Principado de;;2025M07;2,16
Total Nacional;03 Asturias, Principado de;;2025M06;1,80
Total Nacional;03 Asturias, Principado de;;2025M05;1,78
Total Nacional;03 Asturias, Principado de;;2025M04;1,84
Total Nacional;03 Asturias, Principado de;;2025M03;1,87
Total Nacional;03 Asturias, Principado de;;2025M02;1,77
Total Nacional;03 Asturias, Principado de;;2025M01;1,83
Total Nacional;03 Asturias, Principado de;;2024M12;1,91
Total Nacional;03 Asturias, Principado de;;2024M11;1,94
Total Nacional;03 Asturias, Principado de;;2024M10;1,92
Total Nacional;03 Asturias, Principado de;;2024M09;2,07
Total Nacional;03 Asturias, Principado de;;2024M08;2,37
Total Nacional;03 Asturias, Principado de;;2024M07;2,17
Total Nacional;03 Asturias, Principado de;;2024M06;1,98
Total Nacional;03 Asturias, Principado de;;2024M05;1,80
Total Nacional;03 Asturias, Principado de;;2024M04;1,85
Total Nacional;03 Asturias, Principado de;;2024M03;1,96
Total Nacional;03 Asturias, Principado de;;2024M02;1,83
Total Nacional;03 Asturias, Principado de;;2024M01;1,91
Total Nacional;03 Asturias, Principado de;;2023M12;1,97
Total Nacional;03 Asturias, Principado de;;2023M11;1,91
Total Nacional;03 Asturias, Principado de;;2023M10;1,98
Total Nacional;03 Asturias, Principado de;;2023M09;2,00
Total Nacional;03 Asturias, Principado de;;2023M08;2,45
Total Nacional;03 Asturias, Principado de;;2023M07;2,25
Total Nacional;03 Asturias, Principado de;;2023M06;1,98
Total Nacional;03 Asturias, Principado de;;2023M05;1,83
Total Nacional;03 Asturias, Principado de;;2023M04;2,01
Total Nacional;03 Asturias, Principado de;;2023M03;1,92
Total Nacional;03 Asturias, Principado de;;2023M02;1,86
Total Nacional;03 Asturias, Principado de;;2023M01;1,91
Total Nacional;03 Asturias, Principado de;;2022M12;1,99
Total Nacional;03 Asturias, Principado de;;2022M11;1,96
Total Nacional;03 Asturias, Principado de;;2022M10;2,05
Total Nacional;03 Asturias, Principado de;;2022M09;2,13
Total Nacional;03 Asturias, Principado de;;2022M08;2,45
Total Nacional;03 Asturias, Principado de;;2022M07;2,28
Total Nacional;03 Asturias, Principado de;;2022M06;2,08
Total Nacional;03 Asturias, Principado de;;2022M05;1,97
Total Nacional;03 Asturias, Principado de;;2022M04;2,06
Total Nacional;03 Asturias, Principado de;;2022M03;1,90
Total Nacional;03 Asturias, Principado de;;2022M02;1,85
Total Nacional;03 Asturias, Principado de;;2022M01;1,87
Total Nacional;04 Balears, Illes;;2026M03;4,39
Total Nacional;04 Balears, Illes;;2026M02;3,66
Total Nacional;04 Balears, Illes;;2026M01;3,13
Total Nacional;04 Balears, Illes;;2025M12;3,10
Total Nacional;04 Balears, Illes;;2025M11;3,12
Total Nacional;04 Balears, Illes;;2025M10;5,37
Total Nacional;04 Balears, Illes;;2025M09;5,25
Total Nacional;04 Balears, Illes;;2025M08;5,53
Total Nacional;04 Balears, Illes;;2025M07;5,40
Total Nacional;04 Balears, Illes;;2025M06;5,15
Total Nacional;04 Balears, Illes;;2025M05;4,77
Total Nacional;04 Balears, Illes;;2025M04;4,65
Total Nacional;04 Balears, Illes;;2025M03;4,34
Total Nacional;04 Balears, Illes;;2025M02;3,70
Total Nacional;04 Balears, Illes;;2025M01;3,31
Total Nacional;04 Balears, Illes;;2024M12;3,04
Total Nacional;04 Balears, Illes;;2024M11;3,36
Total Nacional;04 Balears, Illes;;2024M10;5,18
Total Nacional;04 Balears, Illes;;2024M09;5,38
Total Nacional;04 Balears, Illes;;2024M08;5,45
Total Nacional;04 Balears, Illes;;2024M07;5,40
Total Nacional;04 Balears, Illes;;2024M06;5,09
Total Nacional;04 Balears, Illes;;2024M05;4,69
Total Nacional;04 Balears, Illes;;2024M04;4,49
Total Nacional;04 Balears, Illes;;2024M03;4,47
Total Nacional;04 Balears, Illes;;2024M02;3,93
Total Nacional;04 Balears, Illes;;2024M01;3,28
Total Nacional;04 Balears, Illes;;2023M12;3,07
Total Nacional;04 Balears, Illes;;2023M11;3,66
Total Nacional;04 Balears, Illes;;2023M10;5,37
Total Nacional;04 Balears, Illes;;2023M09;5,36
Total Nacional;04 Balears, Illes;;2023M08;5,59
Total Nacional;04 Balears, Illes;;2023M07;5,38
Total Nacional;04 Balears, Illes;;2023M06;4,96
Total Nacional;04 Balears, Illes;;2023M05;4,86
Total Nacional;04 Balears, Illes;;2023M04;4,37
Total Nacional;04 Balears, Illes;;2023M03;4,10
Total Nacional;04 Balears, Illes;;2023M02;3,74
Total Nacional;04 Balears, Illes;;2023M01;3,13
Total Nacional;04 Balears, Illes;;2022M12;3,08
Total Nacional;04 Balears, Illes;;2022M11;3,58
Total Nacional;04 Balears, Illes;;2022M10;5,23
Total Nacional;04 Balears, Illes;;2022M09;5,36
Total Nacional;04 Balears, Illes;;2022M08;5,52
Total Nacional;04 Balears, Illes;;2022M07;5,45
Total Nacional;04 Balears, Illes;;2022M06;5,14
Total Nacional;04 Balears, Illes;;2022M05;4,63
Total Nacional;04 Balears, Illes;;2022M04;4,49
Total Nacional;04 Balears, Illes;;2022M03;4,04
Total Nacional;04 Balears, Illes;;2022M02;3,35
Total Nacional;04 Balears, Illes;;2022M01;3,02
Total Nacional;05 Canarias;;2026M03;6,30
Total Nacional;05 Canarias;;2026M02;6,38
Total Nacional;05 Canarias;;2026M01;6,74
Total Nacional;05 Canarias;;2025M12;6,52
Total Nacional;05 Canarias;;2025M11;6,43
Total Nacional;05 Canarias;;2025M10;6,47
Total Nacional;05 Canarias;;2025M09;6,56
Total Nacional;05 Canarias;;2025M08;6,70
Total Nacional;05 Canarias;;2025M07;6,56
Total Nacional;05 Canarias;;2025M06;6,26
Total Nacional;05 Canarias;;2025M05;6,01
Total Nacional;05 Canarias;;2025M04;6,12
Total Nacional;05 Canarias;;2025M03;6,35
Total Nacional;05 Canarias;;2025M02;6,47
Total Nacional;05 Canarias;;2025M01;6,89
Total Nacional;05 Canarias;;2024M12;6,56
Total Nacional;05 Canarias;;2024M11;6,59
Total Nacional;05 Canarias;;2024M10;6,54
Total Nacional;05 Canarias;;2024M09;6,69
Total Nacional;05 Canarias;;2024M08;6,80
Total Nacional;05 Canarias;;2024M07;6,69
Total Nacional;05 Canarias;;2024M06;6,33
Total Nacional;05 Canarias;;2024M05;6,23
Total Nacional;05 Canarias;;2024M04;6,24
Total Nacional;05 Canarias;;2024M03;6,45
Total Nacional;05 Canarias;;2024M02;6,61
Total Nacional;05 Canarias;;2024M01;6,97
Total Nacional;05 Canarias;;2023M12;6,56
Total Nacional;05 Canarias;;2023M11;6,83
Total Nacional;05 Canarias;;2023M10;6,37
Total Nacional;05 Canarias;;2023M09;6,69
Total Nacional;05 Canarias;;2023M08;6,70
Total Nacional;05 Canarias;;2023M07;6,46
Total Nacional;05 Canarias;;2023M06;6,30
Total Nacional;05 Canarias;;2023M05;6,24
Total Nacional;05 Canarias;;2023M04;6,03
Total Nacional;05 Canarias;;2023M03;6,47
Total Nacional;05 Canarias;;2023M02;6,62
Total Nacional;05 Canarias;;2023M01;7,08
Total Nacional;05 Canarias;;2022M12;6,32
Total Nacional;05 Canarias;;2022M11;6,76
Total Nacional;05 Canarias;;2022M10;6,38
Total Nacional;05 Canarias;;2022M09;6,74
Total Nacional;05 Canarias;;2022M08;6,91
Total Nacional;05 Canarias;;2022M07;6,52
Total Nacional;05 Canarias;;2022M06;6,36
Total Nacional;05 Canarias;;2022M05;6,16
Total Nacional;05 Canarias;;2022M04;6,24
Total Nacional;05 Canarias;;2022M03;6,67
Total Nacional;05 Canarias;;2022M02;6,12
Total Nacional;05 Canarias;;2022M01;7,11
Total Nacional;05 Canarias;35 Palmas, Las;2026M03;6,77
Total Nacional;05 Canarias;35 Palmas, Las;2026M02;6,68
Total Nacional;05 Canarias;35 Palmas, Las;2026M01;7,25
Total Nacional;05 Canarias;35 Palmas, Las;2025M12;6,88
Total Nacional;05 Canarias;35 Palmas, Las;2025M11;6,83
Total Nacional;05 Canarias;35 Palmas, Las;2025M10;6,80
Total Nacional;05 Canarias;35 Palmas, Las;2025M09;6,95
Total Nacional;05 Canarias;35 Palmas, Las;2025M08;7,07
Total Nacional;05 Canarias;35 Palmas, Las;2025M07;6,94
Total Nacional;05 Canarias;35 Palmas, Las;2025M06;6,63
Total Nacional;05 Canarias;35 Palmas, Las;2025M05;6,43
Total Nacional;05 Canarias;35 Palmas, Las;2025M04;6,46
Total Nacional;05 Canarias;35 Palmas, Las;2025M03;6,66
Total Nacional;05 Canarias;35 Palmas, Las;2025M02;6,78
Total Nacional;05 Canarias;35 Palmas, Las;2025M01;7,24
Total Nacional;05 Canarias;35 Palmas, Las;2024M12;6,90
Total Nacional;05 Canarias;35 Palmas, Las;2024M11;6,99
Total Nacional;05 Canarias;35 Palmas, Las;2024M10;6,87
Total Nacional;05 Canarias;35 Palmas, Las;2024M09;7,14
Total Nacional;05 Canarias;35 Palmas, Las;2024M08;7,22
Total Nacional;05 Canarias;35 Palmas, Las;2024M07;7,11
Total Nacional;05 Canarias;35 Palmas, Las;2024M06;6,72
Total Nacional;05 Canarias;35 Palmas, Las;2024M05;6,61
Total Nacional;05 Canarias;35 Palmas, Las;2024M04;6,45
Total Nacional;05 Canarias;35 Palmas, Las;2024M03;6,76
Total Nacional;05 Canarias;35 Palmas, Las;2024M02;6,87
Total Nacional;05 Canarias;35 Palmas, Las;2024M01;7,31
Total Nacional;05 Canarias;35 Palmas, Las;2023M12;6,85
Total Nacional;05 Canarias;35 Palmas, Las;2023M11;7,18
Total Nacional;05 Canarias;35 Palmas, Las;2023M10;6,68
Total Nacional;05 Canarias;35 Palmas, Las;2023M09;7,14
Total Nacional;05 Canarias;35 Palmas, Las;2023M08;7,06
Total Nacional;05 Canarias;35 Palmas, Las;2023M07;6,84
Total Nacional;05 Canarias;35 Palmas, Las;2023M06;6,65
Total Nacional;05 Canarias;35 Palmas, Las;2023M05;6,54
Total Nacional;05 Canarias;35 Palmas, Las;2023M04;6,27
Total Nacional;05 Canarias;35 Palmas, Las;2023M03;6,74
Total Nacional;05 Canarias;35 Palmas, Las;2023M02;6,81
Total Nacional;05 Canarias;35 Palmas, Las;2023M01;7,39
Total Nacional;05 Canarias;35 Palmas, Las;2022M12;6,65
Total Nacional;05 Canarias;35 Palmas, Las;2022M11;7,09
Total Nacional;05 Canarias;35 Palmas, Las;2022M10;6,64
Total Nacional;05 Canarias;35 Palmas, Las;2022M09;7,15
Total Nacional;05 Canarias;35 Palmas, Las;2022M08;7,32
Total Nacional;05 Canarias;35 Palmas, Las;2022M07;6,97
Total Nacional;05 Canarias;35 Palmas, Las;2022M06;6,71
Total Nacional;05 Canarias;35 Palmas, Las;2022M05;6,43
Total Nacional;05 Canarias;35 Palmas, Las;2022M04;6,46
Total Nacional;05 Canarias;35 Palmas, Las;2022M03;6,94
Total Nacional;05 Canarias;35 Palmas, Las;2022M02;6,26
Total Nacional;05 Canarias;35 Palmas, Las;2022M01;7,48
Total Nacional;05 Canarias;38 Santa Cruz de Tenerife;2026M03;5,66
Total Nacional;05 Canarias;38 Santa Cruz de Tenerife;2026M02;5,96
Total Nacional;05 Canarias;38 Santa Cruz de Tenerife;2026M01;6,07
Total Nacional;05 Canarias;38 Santa Cruz de Tenerife;2025M12;6,01
Total Nacional;05 Canarias;38 Santa Cruz de Tenerife;2025M11;5,88
Total Nacional;05 Canarias;38 Santa Cruz de Tenerife;2025M10;6,00
Total Nacional;05 Canarias;38 Santa Cruz de Tenerife;2025M09;6,00
Total Nacional;05 Canarias;38 Santa Cruz de Tenerife;2025M08;6,15
Total Nacional;05 Canarias;38 Santa Cruz de Tenerife;2025M07;6,01
Total Nacional;05 Canarias;38 Santa Cruz de Tenerife;2025M06;5,74
Total Nacional;05 Canarias;38 Santa Cruz de Tenerife;2025M05;5,44
Total Nacional;05 Canarias;38 Santa Cruz de Tenerife;2025M04;5,65
Total Nacional;05 Canarias;38 Santa Cruz de Tenerife;2025M03;5,90
Total Nacional;05 Canarias;38 Santa Cruz de Tenerife;2025M02;6,03
Total Nacional;05 Canarias;38 Santa Cruz de Tenerife;2025M01;6,40
Total Nacional;05 Canarias;38 Santa Cruz de Tenerife;2024M12;6,08
Total Nacional;05 Canarias;38 Santa Cruz de Tenerife;2024M11;6,03
Total Nacional;05 Canarias;38 Santa Cruz de Tenerife;2024M10;6,05
Total Nacional;05 Canarias;38 Santa Cruz de Tenerife;2024M09;6,05
Total Nacional;05 Canarias;38 Santa Cruz de Tenerife;2024M08;6,20
Total Nacional;05 Canarias;38 Santa Cruz de Tenerife;2024M07;6,12
Total Nacional;05 Canarias;38 Santa Cruz de Tenerife;2024M06;5,77
Total Nacional;05 Canarias;38 Santa Cruz de Tenerife;2024M05;5,70
Total Nacional;05 Canarias;38 Santa Cruz de Tenerife;2024M04;5,92
Total Nacional;05 Canarias;38 Santa Cruz de Tenerife;2024M03;6,00
Total Nacional;05 Canarias;38 Santa Cruz de Tenerife;2024M02;6,22
Total Nacional;05 Canarias;38 Santa Cruz de Tenerife;2024M01;6,50
Total Nacional;05 Canarias;38 Santa Cruz de Tenerife;2023M12;6,14
Total Nacional;05 Canarias;38 Santa Cruz de Tenerife;2023M11;6,33
Total Nacional;05 Canarias;38 Santa Cruz de Tenerife;2023M10;5,92
Total Nacional;05 Canarias;38 Santa Cruz de Tenerife;2023M09;6,07
Total Nacional;05 Canarias;38 Santa Cruz de Tenerife;2023M08;6,18
Total Nacional;05 Canarias;38 Santa Cruz de Tenerife;2023M07;5,92
Total Nacional;05 Canarias;38 Santa Cruz de Tenerife;2023M06;5,80
Total Nacional;05 Canarias;38 Santa Cruz de Tenerife;2023M05;5,82
Total Nacional;05 Canarias;38 Santa Cruz de Tenerife;2023M04;5,69
Total Nacional;05 Canarias;38 Santa Cruz de Tenerife;2023M03;6,08
Total Nacional;05 Canarias;38 Santa Cruz de Tenerife;2023M02;6,36
Total Nacional;05 Canarias;38 Santa Cruz de Tenerife;2023M01;6,66
Total Nacional;05 Canarias;38 Santa Cruz de Tenerife;2022M12;5,89
Total Nacional;05 Canarias;38 Santa Cruz de Tenerife;2022M11;6,31
Total Nacional;05 Canarias;38 Santa Cruz de Tenerife;2022M10;6,01
Total Nacional;05 Canarias;38 Santa Cruz de Tenerife;2022M09;6,16
Total Nacional;05 Canarias;38 Santa Cruz de Tenerife;2022M08;6,32
Total Nacional;05 Canarias;38 Santa Cruz de Tenerife;2022M07;5,89
Total Nacional;05 Canarias;38 Santa Cruz de Tenerife;2022M06;5,87
Total Nacional;05 Canarias;38 Santa Cruz de Tenerife;2022M05;5,79
Total Nacional;05 Canarias;38 Santa Cruz de Tenerife;2022M04;5,94
Total Nacional;05 Canarias;38 Santa Cruz de Tenerife;2022M03;6,29
Total Nacional;05 Canarias;38 Santa Cruz de Tenerife;2022M02;5,94
Total Nacional;05 Canarias;38 Santa Cruz de Tenerife;2022M01;6,63
Total Nacional;06 Cantabria;;2026M03;1,82
Total Nacional;06 Cantabria;;2026M02;1,68
Total Nacional;06 Cantabria;;2026M01;1,75
Total Nacional;06 Cantabria;;2025M12;1,79
Total Nacional;06 Cantabria;;2025M11;1,99
Total Nacional;06 Cantabria;;2025M10;2,01
Total Nacional;06 Cantabria;;2025M09;2,13
Total Nacional;06 Cantabria;;2025M08;2,65
Total Nacional;06 Cantabria;;2025M07;2,46
Total Nacional;06 Cantabria;;2025M06;2,12
Total Nacional;06 Cantabria;;2025M05;1,93
Total Nacional;06 Cantabria;;2025M04;1,99
Total Nacional;06 Cantabria;;2025M03;2,01
Total Nacional;06 Cantabria;;2025M02;1,73
Total Nacional;06 Cantabria;;2025M01;1,79
Total Nacional;06 Cantabria;;2024M12;1,77
Total Nacional;06 Cantabria;;2024M11;2,00
Total Nacional;06 Cantabria;;2024M10;2,07
Total Nacional;06 Cantabria;;2024M09;2,15
Total Nacional;06 Cantabria;;2024M08;2,62
Total Nacional;06 Cantabria;;2024M07;2,46
Total Nacional;06 Cantabria;;2024M06;2,14
Total Nacional;06 Cantabria;;2024M05;1,93
Total Nacional;06 Cantabria;;2024M04;1,96
Total Nacional;06 Cantabria;;2024M03;1,94
Total Nacional;06 Cantabria;;2024M02;1,76
Total Nacional;06 Cantabria;;2024M01;1,78
Total Nacional;06 Cantabria;;2023M12;1,86
Total Nacional;06 Cantabria;;2023M11;2,01
Total Nacional;06 Cantabria;;2023M10;2,12
Total Nacional;06 Cantabria;;2023M09;2,17
Total Nacional;06 Cantabria;;2023M08;2,62
Total Nacional;06 Cantabria;;2023M07;2,36
Total Nacional;06 Cantabria;;2023M06;2,04
Total Nacional;06 Cantabria;;2023M05;1,99
Total Nacional;06 Cantabria;;2023M04;2,03
Total Nacional;06 Cantabria;;2023M03;1,90
Total Nacional;06 Cantabria;;2023M02;1,69
Total Nacional;06 Cantabria;;2023M01;1,74
Total Nacional;06 Cantabria;;2022M12;1,94
Total Nacional;06 Cantabria;;2022M11;1,97
Total Nacional;06 Cantabria;;2022M10;2,23
Total Nacional;06 Cantabria;;2022M09;2,21
Total Nacional;06 Cantabria;;2022M08;2,69
Total Nacional;06 Cantabria;;2022M07;2,47
Total Nacional;06 Cantabria;;2022M06;2,28
Total Nacional;06 Cantabria;;2022M05;2,14
Total Nacional;06 Cantabria;;2022M04;2,12
Total Nacional;06 Cantabria;;2022M03;2,12
Total Nacional;06 Cantabria;;2022M02;1,87
Total Nacional;06 Cantabria;;2022M01;1,94
Total Nacional;07 Castilla y León;;2026M03;1,73
Total Nacional;07 Castilla y León;;2026M02;1,71
Total Nacional;07 Castilla y León;;2026M01;1,72
Total Nacional;07 Castilla y León;;2025M12;1,67
Total Nacional;07 Castilla y León;;2025M11;1,77
Total Nacional;07 Castilla y León;;2025M10;1,70
Total Nacional;07 Castilla y León;;2025M09;1,64
Total Nacional;07 Castilla y León;;2025M08;1,61
Total Nacional;07 Castilla y León;;2025M07;1,66
Total Nacional;07 Castilla y León;;2025M06;1,62
Total Nacional;07 Castilla y León;;2025M05;1,64
Total Nacional;07 Castilla y León;;2025M04;1,70
Total Nacional;07 Castilla y León;;2025M03;1,73
Total Nacional;07 Castilla y León;;2025M02;1,67
Total Nacional;07 Castilla y León;;2025M01;1,69
Total Nacional;07 Castilla y León;;2024M12;1,76
Total Nacional;07 Castilla y León;;2024M11;1,79
Total Nacional;07 Castilla y León;;2024M10;1,70
Total Nacional;07 Castilla y León;;2024M09;1,67
Total Nacional;07 Castilla y León;;2024M08;1,61
Total Nacional;07 Castilla y León;;2024M07;1,63
Total Nacional;07 Castilla y León;;2024M06;1,64
Total Nacional;07 Castilla y León;;2024M05;1,64
Total Nacional;07 Castilla y León;;2024M04;1,67
Total Nacional;07 Castilla y León;;2024M03;1,76
Total Nacional;07 Castilla y León;;2024M02;1,73
Total Nacional;07 Castilla y León;;2024M01;1,74
Total Nacional;07 Castilla y León;;2023M12;1,77
Total Nacional;07 Castilla y León;;2023M11;1,75
Total Nacional;07 Castilla y León;;2023M10;1,70
Total Nacional;07 Castilla y León;;2023M09;1,66
Total Nacional;07 Castilla y León;;2023M08;1,61
Total Nacional;07 Castilla y León;;2023M07;1,61
Total Nacional;07 Castilla y León;;2023M06;1,66
Total Nacional;07 Castilla y León;;2023M05;1,65
Total Nacional;07 Castilla y León;;2023M04;1,71
Total Nacional;07 Castilla y León;;2023M03;1,72
Total Nacional;07 Castilla y León;;2023M02;1,74
Total Nacional;07 Castilla y León;;2023M01;1,80
Total Nacional;07 Castilla y León;;2022M12;1,76
Total Nacional;07 Castilla y León;;2022M11;1,75
Total Nacional;07 Castilla y León;;2022M10;1,68
Total Nacional;07 Castilla y León;;2022M09;1,64
Total Nacional;07 Castilla y León;;2022M08;1,61
Total Nacional;07 Castilla y León;;2022M07;1,60
Total Nacional;07 Castilla y León;;2022M06;1,63
Total Nacional;07 Castilla y León;;2022M05;1,65
Total Nacional;07 Castilla y León;;2022M04;1,69
Total Nacional;07 Castilla y León;;2022M03;1,78
Total Nacional;07 Castilla y León;;2022M02;1,73
Total Nacional;07 Castilla y León;;2022M01;1,73
Total Nacional;07 Castilla y León;05 Ávila;2026M03;1,65
Total Nacional;07 Castilla y León;05 Ávila;2026M02;1,50
Total Nacional;07 Castilla y León;05 Ávila;2026M01;1,56
Total Nacional;07 Castilla y León;05 Ávila;2025M12;1,56
Total Nacional;07 Castilla y León;05 Ávila;2025M11;1,56
Total Nacional;07 Castilla y León;05 Ávila;2025M10;1,54
Total Nacional;07 Castilla y León;05 Ávila;2025M09;1,54
Total Nacional;07 Castilla y León;05 Ávila;2025M08;1,70
Total Nacional;07 Castilla y León;05 Ávila;2025M07;1,71
Total Nacional;07 Castilla y León;05 Ávila;2025M06;1,57
Total Nacional;07 Castilla y León;05 Ávila;2025M05;1,58
Total Nacional;07 Castilla y León;05 Ávila;2025M04;1,63
Total Nacional;07 Castilla y León;05 Ávila;2025M03;1,61
Total Nacional;07 Castilla y León;05 Ávila;2025M02;1,48
Total Nacional;07 Castilla y León;05 Ávila;2025M01;1,57
Total Nacional;07 Castilla y León;05 Ávila;2024M12;1,65
Total Nacional;07 Castilla y León;05 Ávila;2024M11;1,56
Total Nacional;07 Castilla y León;05 Ávila;2024M10;1,54
Total Nacional;07 Castilla y León;05 Ávila;2024M09;1,60
Total Nacional;07 Castilla y León;05 Ávila;2024M08;1,72
Total Nacional;07 Castilla y León;05 Ávila;2024M07;1,66
Total Nacional;07 Castilla y León;05 Ávila;2024M06;1,64
Total Nacional;07 Castilla y León;05 Ávila;2024M05;1,55
Total Nacional;07 Castilla y León;05 Ávila;2024M04;1,61
Total Nacional;07 Castilla y León;05 Ávila;2024M03;1,64
Total Nacional;07 Castilla y León;05 Ávila;2024M02;1,52
Total Nacional;07 Castilla y León;05 Ávila;2024M01;1,56
Total Nacional;07 Castilla y León;05 Ávila;2023M12;1,59
Total Nacional;07 Castilla y León;05 Ávila;2023M11;1,56
Total Nacional;07 Castilla y León;05 Ávila;2023M10;1,59
Total Nacional;07 Castilla y León;05 Ávila;2023M09;1,60
Total Nacional;07 Castilla y León;05 Ávila;2023M08;1,69
Total Nacional;07 Castilla y León;05 Ávila;2023M07;1,68
Total Nacional;07 Castilla y León;05 Ávila;2023M06;1,65
Total Nacional;07 Castilla y León;05 Ávila;2023M05;1,58
Total Nacional;07 Castilla y León;05 Ávila;2023M04;1,66
Total Nacional;07 Castilla y León;05 Ávila;2023M03;1,58
Total Nacional;07 Castilla y León;05 Ávila;2023M02;1,62
Total Nacional;07 Castilla y León;05 Ávila;2023M01;1,64
Total Nacional;07 Castilla y León;05 Ávila;2022M12;1,60
Total Nacional;07 Castilla y León;05 Ávila;2022M11;1,58
Total Nacional;07 Castilla y León;05 Ávila;2022M10;1,63
Total Nacional;07 Castilla y León;05 Ávila;2022M09;1,57
Total Nacional;07 Castilla y León;05 Ávila;2022M08;1,68
Total Nacional;07 Castilla y León;05 Ávila;2022M07;1,74
Total Nacional;07 Castilla y León;05 Ávila;2022M06;1,64
Total Nacional;07 Castilla y León;05 Ávila;2022M05;1,58
Total Nacional;07 Castilla y León;05 Ávila;2022M04;1,69
Total Nacional;07 Castilla y León;05 Ávila;2022M03;1,69
Total Nacional;07 Castilla y León;05 Ávila;2022M02;1,64
Total Nacional;07 Castilla y León;05 Ávila;2022M01;1,63
Total Nacional;07 Castilla y León;09 Burgos;2026M03;1,57
Total Nacional;07 Castilla y León;09 Burgos;2026M02;1,56
Total Nacional;07 Castilla y León;09 Burgos;2026M01;1,57
Total Nacional;07 Castilla y León;09 Burgos;2025M12;1,53
Total Nacional;07 Castilla y León;09 Burgos;2025M11;1,66
Total Nacional;07 Castilla y León;09 Burgos;2025M10;1,51
Total Nacional;07 Castilla y León;09 Burgos;2025M09;1,44
Total Nacional;07 Castilla y León;09 Burgos;2025M08;1,37
Total Nacional;07 Castilla y León;09 Burgos;2025M07;1,61
Total Nacional;07 Castilla y León;09 Burgos;2025M06;1,46
Total Nacional;07 Castilla y León;09 Burgos;2025M05;1,47
Total Nacional;07 Castilla y León;09 Burgos;2025M04;1,50
Total Nacional;07 Castilla y León;09 Burgos;2025M03;1,53
Total Nacional;07 Castilla y León;09 Burgos;2025M02;1,48
Total Nacional;07 Castilla y León;09 Burgos;2025M01;1,50
Total Nacional;07 Castilla y León;09 Burgos;2024M12;1,55
Total Nacional;07 Castilla y León;09 Burgos;2024M11;1,68
Total Nacional;07 Castilla y León;09 Burgos;2024M10;1,53
Total Nacional;07 Castilla y León;09 Burgos;2024M09;1,49
Total Nacional;07 Castilla y León;09 Burgos;2024M08;1,42
Total Nacional;07 Castilla y León;09 Burgos;2024M07;1,47
Total Nacional;07 Castilla y León;09 Burgos;2024M06;1,50
Total Nacional;07 Castilla y León;09 Burgos;2024M05;1,50
Total Nacional;07 Castilla y León;09 Burgos;2024M04;1,50
Total Nacional;07 Castilla y León;09 Burgos;2024M03;1,60
Total Nacional;07 Castilla y León;09 Burgos;2024M02;1,56
Total Nacional;07 Castilla y León;09 Burgos;2024M01;1,62
Total Nacional;07 Castilla y León;09 Burgos;2023M12;1,61
Total Nacional;07 Castilla y León;09 Burgos;2023M11;1,63
Total Nacional;07 Castilla y León;09 Burgos;2023M10;1,59
Total Nacional;07 Castilla y León;09 Burgos;2023M09;1,51
Total Nacional;07 Castilla y León;09 Burgos;2023M08;1,46
Total Nacional;07 Castilla y León;09 Burgos;2023M07;1,49
Total Nacional;07 Castilla y León;09 Burgos;2023M06;1,51
Total Nacional;07 Castilla y León;09 Burgos;2023M05;1,48
Total Nacional;07 Castilla y León;09 Burgos;2023M04;1,55
Total Nacional;07 Castilla y León;09 Burgos;2023M03;1,56
Total Nacional;07 Castilla y León;09 Burgos;2023M02;1,63
Total Nacional;07 Castilla y León;09 Burgos;2023M01;1,68
Total Nacional;07 Castilla y León;09 Burgos;2022M12;1,63
Total Nacional;07 Castilla y León;09 Burgos;2022M11;1,61
Total Nacional;07 Castilla y León;09 Burgos;2022M10;1,55
Total Nacional;07 Castilla y León;09 Burgos;2022M09;1,49
Total Nacional;07 Castilla y León;09 Burgos;2022M08;1,42
Total Nacional;07 Castilla y León;09 Burgos;2022M07;1,52
Total Nacional;07 Castilla y León;09 Burgos;2022M06;1,52
Total Nacional;07 Castilla y León;09 Burgos;2022M05;1,50
Total Nacional;07 Castilla y León;09 Burgos;2022M04;1,52
Total Nacional;07 Castilla y León;09 Burgos;2022M03;1,60
Total Nacional;07 Castilla y León;09 Burgos;2022M02;1,59
Total Nacional;07 Castilla y León;09 Burgos;2022M01;1,57
Total Nacional;07 Castilla y León;24 León;2026M03;1,76
Total Nacional;07 Castilla y León;24 León;2026M02;1,85
Total Nacional;07 Castilla y León;24 León;2026M01;1,79
Total Nacional;07 Castilla y León;24 León;2025M12;1,75
Total Nacional;07 Castilla y León;24 León;2025M11;1,77
Total Nacional;07 Castilla y León;24 León;2025M10;1,70
Total Nacional;07 Castilla y León;24 León;2025M09;1,56
Total Nacional;07 Castilla y León;24 León;2025M08;1,67
Total Nacional;07 Castilla y León;24 León;2025M07;1,57
Total Nacional;07 Castilla y León;24 León;2025M06;1,44
Total Nacional;07 Castilla y León;24 León;2025M05;1,52
Total Nacional;07 Castilla y León;24 León;2025M04;1,57
Total Nacional;07 Castilla y León;24 León;2025M03;1,60
Total Nacional;07 Castilla y León;24 León;2025M02;1,63
Total Nacional;07 Castilla y León;24 León;2025M01;1,67
Total Nacional;07 Castilla y León;24 León;2024M12;1,79
Total Nacional;07 Castilla y León;24 León;2024M11;1,72
Total Nacional;07 Castilla y León;24 León;2024M10;1,58
Total Nacional;07 Castilla y León;24 León;2024M09;1,51
Total Nacional;07 Castilla y León;24 León;2024M08;1,56
Total Nacional;07 Castilla y León;24 León;2024M07;1,55
Total Nacional;07 Castilla y León;24 León;2024M06;1,45
Total Nacional;07 Castilla y León;24 León;2024M05;1,44
Total Nacional;07 Castilla y León;24 León;2024M04;1,49
Total Nacional;07 Castilla y León;24 León;2024M03;1,68
Total Nacional;07 Castilla y León;24 León;2024M02;1,68
Total Nacional;07 Castilla y León;24 León;2024M01;1,74
Total Nacional;07 Castilla y León;24 León;2023M12;1,76
Total Nacional;07 Castilla y León;24 León;2023M11;1,67
Total Nacional;07 Castilla y León;24 León;2023M10;1,60
Total Nacional;07 Castilla y León;24 León;2023M09;1,49
Total Nacional;07 Castilla y León;24 León;2023M08;1,60
Total Nacional;07 Castilla y León;24 León;2023M07;1,57
Total Nacional;07 Castilla y León;24 León;2023M06;1,53
Total Nacional;07 Castilla y León;24 León;2023M05;1,47
Total Nacional;07 Castilla y León;24 León;2023M04;1,63
Total Nacional;07 Castilla y León;24 León;2023M03;1,54
Total Nacional;07 Castilla y León;24 León;2023M02;1,62
Total Nacional;07 Castilla y León;24 León;2023M01;1,70
Total Nacional;07 Castilla y León;24 León;2022M12;1,90
Total Nacional;07 Castilla y León;24 León;2022M11;1,74
Total Nacional;07 Castilla y León;24 León;2022M10;1,55
Total Nacional;07 Castilla y León;24 León;2022M09;1,55
Total Nacional;07 Castilla y León;24 León;2022M08;1,60
Total Nacional;07 Castilla y León;24 León;2022M07;1,60
Total Nacional;07 Castilla y León;24 León;2022M06;1,48
Total Nacional;07 Castilla y León;24 León;2022M05;1,48
Total Nacional;07 Castilla y León;24 León;2022M04;1,55
Total Nacional;07 Castilla y León;24 León;2022M03;1,73
Total Nacional;07 Castilla y León;24 León;2022M02;1,80
Total Nacional;07 Castilla y León;24 León;2022M01;1,80
Total Nacional;07 Castilla y León;34 Palencia;2026M03;1,93
Total Nacional;07 Castilla y León;34 Palencia;2026M02;2,13
Total Nacional;07 Castilla y León;34 Palencia;2026M01;2,08
Total Nacional;07 Castilla y León;34 Palencia;2025M12;1,99
Total Nacional;07 Castilla y León;34 Palencia;2025M11;2,18
Total Nacional;07 Castilla y León;34 Palencia;2025M10;1,99
Total Nacional;07 Castilla y León;34 Palencia;2025M09;1,87
Total Nacional;07 Castilla y León;34 Palencia;2025M08;2,04
Total Nacional;07 Castilla y León;34 Palencia;2025M07;1,90
Total Nacional;07 Castilla y León;34 Palencia;2025M06;1,69
Total Nacional;07 Castilla y León;34 Palencia;2025M05;1,82
Total Nacional;07 Castilla y León;34 Palencia;2025M04;2,20
Total Nacional;07 Castilla y León;34 Palencia;2025M03;2,10
Total Nacional;07 Castilla y León;34 Palencia;2025M02;2,15
Total Nacional;07 Castilla y León;34 Palencia;2025M01;1,85
Total Nacional;07 Castilla y León;34 Palencia;2024M12;2,27
Total Nacional;07 Castilla y León;34 Palencia;2024M11;2,17
Total Nacional;07 Castilla y León;34 Palencia;2024M10;1,99
Total Nacional;07 Castilla y León;34 Palencia;2024M09;1,83
Total Nacional;07 Castilla y León;34 Palencia;2024M08;1,83
Total Nacional;07 Castilla y León;34 Palencia;2024M07;1,84
Total Nacional;07 Castilla y León;34 Palencia;2024M06;1,56
Total Nacional;07 Castilla y León;34 Palencia;2024M05;1,65
Total Nacional;07 Castilla y León;34 Palencia;2024M04;1,88
Total Nacional;07 Castilla y León;34 Palencia;2024M03;1,89
Total Nacional;07 Castilla y León;34 Palencia;2024M02;2,00
Total Nacional;07 Castilla y León;34 Palencia;2024M01;1,91
Total Nacional;07 Castilla y León;34 Palencia;2023M12;1,80
Total Nacional;07 Castilla y León;34 Palencia;2023M11;1,94
Total Nacional;07 Castilla y León;34 Palencia;2023M10;1,74
Total Nacional;07 Castilla y León;34 Palencia;2023M09;1,75
Total Nacional;07 Castilla y León;34 Palencia;2023M08;1,78
Total Nacional;07 Castilla y León;34 Palencia;2023M07;1,78
Total Nacional;07 Castilla y León;34 Palencia;2023M06;1,80
Total Nacional;07 Castilla y León;34 Palencia;2023M05;1,59
Total Nacional;07 Castilla y León;34 Palencia;2023M04;1,79
Total Nacional;07 Castilla y León;34 Palencia;2023M03;1,85
Total Nacional;07 Castilla y León;34 Palencia;2023M02;1,86
Total Nacional;07 Castilla y León;34 Palencia;2023M01;1,98
Total Nacional;07 Castilla y León;34 Palencia;2022M12;1,78
Total Nacional;07 Castilla y León;34 Palencia;2022M11;1,71
Total Nacional;07 Castilla y León;34 Palencia;2022M10;1,72
Total Nacional;07 Castilla y León;34 Palencia;2022M09;1,61
Total Nacional;07 Castilla y León;34 Palencia;2022M08;1,75
Total Nacional;07 Castilla y León;34 Palencia;2022M07;1,72
Total Nacional;07 Castilla y León;34 Palencia;2022M06;1,75
Total Nacional;07 Castilla y León;34 Palencia;2022M05;1,66
Total Nacional;07 Castilla y León;34 Palencia;2022M04;1,77
Total Nacional;07 Castilla y León;34 Palencia;2022M03;2,06
Total Nacional;07 Castilla y León;34 Palencia;2022M02;1,85
Total Nacional;07 Castilla y León;34 Palencia;2022M01;1,85
Total Nacional;07 Castilla y León;37 Salamanca;2026M03;1,70
Total Nacional;07 Castilla y León;37 Salamanca;2026M02;1,65
Total Nacional;07 Castilla y León;37 Salamanca;2026M01;1,72
Total Nacional;07 Castilla y León;37 Salamanca;2025M12;1,61
Total Nacional;07 Castilla y León;37 Salamanca;2025M11;1,81
Total Nacional;07 Castilla y León;37 Salamanca;2025M10;1,74
Total Nacional;07 Castilla y León;37 Salamanca;2025M09;1,71
Total Nacional;07 Castilla y León;37 Salamanca;2025M08;1,54
Total Nacional;07 Castilla y León;37 Salamanca;2025M07;1,57
Total Nacional;07 Castilla y León;37 Salamanca;2025M06;1,75
Total Nacional;07 Castilla y León;37 Salamanca;2025M05;1,70
Total Nacional;07 Castilla y León;37 Salamanca;2025M04;1,76
Total Nacional;07 Castilla y León;37 Salamanca;2025M03;1,82
Total Nacional;07 Castilla y León;37 Salamanca;2025M02;1,67
Total Nacional;07 Castilla y León;37 Salamanca;2025M01;1,70
Total Nacional;07 Castilla y León;37 Salamanca;2024M12;1,72
Total Nacional;07 Castilla y León;37 Salamanca;2024M11;1,90
Total Nacional;07 Castilla y León;37 Salamanca;2024M10;1,83
Total Nacional;07 Castilla y León;37 Salamanca;2024M09;1,75
Total Nacional;07 Castilla y León;37 Salamanca;2024M08;1,54
Total Nacional;07 Castilla y León;37 Salamanca;2024M07;1,62
Total Nacional;07 Castilla y León;37 Salamanca;2024M06;1,81
Total Nacional;07 Castilla y León;37 Salamanca;2024M05;1,80
Total Nacional;07 Castilla y León;37 Salamanca;2024M04;1,81
Total Nacional;07 Castilla y León;37 Salamanca;2024M03;1,80
Total Nacional;07 Castilla y León;37 Salamanca;2024M02;1,82
Total Nacional;07 Castilla y León;37 Salamanca;2024M01;1,81
Total Nacional;07 Castilla y León;37 Salamanca;2023M12;1,77
Total Nacional;07 Castilla y León;37 Salamanca;2023M11;1,90
Total Nacional;07 Castilla y León;37 Salamanca;2023M10;1,84
Total Nacional;07 Castilla y León;37 Salamanca;2023M09;1,79
Total Nacional;07 Castilla y León;37 Salamanca;2023M08;1,54
Total Nacional;07 Castilla y León;37 Salamanca;2023M07;1,58
Total Nacional;07 Castilla y León;37 Salamanca;2023M06;1,81
Total Nacional;07 Castilla y León;37 Salamanca;2023M05;1,85
Total Nacional;07 Castilla y León;37 Salamanca;2023M04;1,78
Total Nacional;07 Castilla y León;37 Salamanca;2023M03;1,84
Total Nacional;07 Castilla y León;37 Salamanca;2023M02;1,81
Total Nacional;07 Castilla y León;37 Salamanca;2023M01;1,97
Total Nacional;07 Castilla y León;37 Salamanca;2022M12;1,72
Total Nacional;07 Castilla y León;37 Salamanca;2022M11;1,93
Total Nacional;07 Castilla y León;37 Salamanca;2022M10;1,78
Total Nacional;07 Castilla y León;37 Salamanca;2022M09;1,72
Total Nacional;07 Castilla y León;37 Salamanca;2022M08;1,62
Total Nacional;07 Castilla y León;37 Salamanca;2022M07;1,54
Total Nacional;07 Castilla y León;37 Salamanca;2022M06;1,72
Total Nacional;07 Castilla y León;37 Salamanca;2022M05;1,77
Total Nacional;07 Castilla y León;37 Salamanca;2022M04;1,76
Total Nacional;07 Castilla y León;37 Salamanca;2022M03;1,87
Total Nacional;07 Castilla y León;37 Salamanca;2022M02;1,73
Total Nacional;07 Castilla y León;37 Salamanca;2022M01;1,72
Total Nacional;07 Castilla y León;40 Segovia;2026M03;1,89
Total Nacional;07 Castilla y León;40 Segovia;2026M02;1,88
Total Nacional;07 Castilla y León;40 Segovia;2026M01;1,88
Total Nacional;07 Castilla y León;40 Segovia;2025M12;1,77
Total Nacional;07 Castilla y León;40 Segovia;2025M11;1,81
Total Nacional;07 Castilla y León;40 Segovia;2025M10;1,85
Total Nacional;07 Castilla y León;40 Segovia;2025M09;1,79
Total Nacional;07 Castilla y León;40 Segovia;2025M08;1,75
Total Nacional;07 Castilla y León;40 Segovia;2025M07;1,70
Total Nacional;07 Castilla y León;40 Segovia;2025M06;1,68
Total Nacional;07 Castilla y León;40 Segovia;2025M05;1,78
Total Nacional;07 Castilla y León;40 Segovia;2025M04;1,82
Total Nacional;07 Castilla y León;40 Segovia;2025M03;1,88
Total Nacional;07 Castilla y León;40 Segovia;2025M02;1,75
Total Nacional;07 Castilla y León;40 Segovia;2025M01;1,81
Total Nacional;07 Castilla y León;40 Segovia;2024M12;1,84
Total Nacional;07 Castilla y León;40 Segovia;2024M11;1,94
Total Nacional;07 Castilla y León;40 Segovia;2024M10;1,80
Total Nacional;07 Castilla y León;40 Segovia;2024M09;1,79
Total Nacional;07 Castilla y León;40 Segovia;2024M08;1,71
Total Nacional;07 Castilla y León;40 Segovia;2024M07;1,71
Total Nacional;07 Castilla y León;40 Segovia;2024M06;1,57
Total Nacional;07 Castilla y León;40 Segovia;2024M05;1,82
Total Nacional;07 Castilla y León;40 Segovia;2024M04;1,85
Total Nacional;07 Castilla y León;40 Segovia;2024M03;2,02
Total Nacional;07 Castilla y León;40 Segovia;2024M02;1,96
Total Nacional;07 Castilla y León;40 Segovia;2024M01;1,68
Total Nacional;07 Castilla y León;40 Segovia;2023M12;1,77
Total Nacional;07 Castilla y León;40 Segovia;2023M11;1,84
Total Nacional;07 Castilla y León;40 Segovia;2023M10;1,77
Total Nacional;07 Castilla y León;40 Segovia;2023M09;1,83
Total Nacional;07 Castilla y León;40 Segovia;2023M08;1,80
Total Nacional;07 Castilla y León;40 Segovia;2023M07;1,75
Total Nacional;07 Castilla y León;40 Segovia;2023M06;1,61
Total Nacional;07 Castilla y León;40 Segovia;2023M05;1,83
Total Nacional;07 Castilla y León;40 Segovia;2023M04;1,81
Total Nacional;07 Castilla y León;40 Segovia;2023M03;1,91
Total Nacional;07 Castilla y León;40 Segovia;2023M02;1,92
Total Nacional;07 Castilla y León;40 Segovia;2023M01;1,93
Total Nacional;07 Castilla y León;40 Segovia;2022M12;1,94
Total Nacional;07 Castilla y León;40 Segovia;2022M11;1,89
Total Nacional;07 Castilla y León;40 Segovia;2022M10;1,93
Total Nacional;07 Castilla y León;40 Segovia;2022M09;1,86
Total Nacional;07 Castilla y León;40 Segovia;2022M08;1,76
Total Nacional;07 Castilla y León;40 Segovia;2022M07;1,68
Total Nacional;07 Castilla y León;40 Segovia;2022M06;1,65
Total Nacional;07 Castilla y León;40 Segovia;2022M05;2,01
Total Nacional;07 Castilla y León;40 Segovia;2022M04;2,00
Total Nacional;07 Castilla y León;40 Segovia;2022M03;2,08
Total Nacional;07 Castilla y León;40 Segovia;2022M02;2,05
Total Nacional;07 Castilla y León;40 Segovia;2022M01;2,02
Total Nacional;07 Castilla y León;42 Soria;2026M03;1,79
Total Nacional;07 Castilla y León;42 Soria;2026M02;1,83
Total Nacional;07 Castilla y León;42 Soria;2026M01;1,88
Total Nacional;07 Castilla y León;42 Soria;2025M12;1,83
Total Nacional;07 Castilla y León;42 Soria;2025M11;1,86
Total Nacional;07 Castilla y León;42 Soria;2025M10;1,78
Total Nacional;07 Castilla y León;42 Soria;2025M09;1,82
Total Nacional;07 Castilla y León;42 Soria;2025M08;1,93
Total Nacional;07 Castilla y León;42 Soria;2025M07;1,85
Total Nacional;07 Castilla y León;42 Soria;2025M06;1,82
Total Nacional;07 Castilla y León;42 Soria;2025M05;1,84
Total Nacional;07 Castilla y León;42 Soria;2025M04;1,87
Total Nacional;07 Castilla y León;42 Soria;2025M03;1,81
Total Nacional;07 Castilla y León;42 Soria;2025M02;1,80
Total Nacional;07 Castilla y León;42 Soria;2025M01;1,91
Total Nacional;07 Castilla y León;42 Soria;2024M12;1,95
Total Nacional;07 Castilla y León;42 Soria;2024M11;1,85
Total Nacional;07 Castilla y León;42 Soria;2024M10;1,85
Total Nacional;07 Castilla y León;42 Soria;2024M09;1,82
Total Nacional;07 Castilla y León;42 Soria;2024M08;1,98
Total Nacional;07 Castilla y León;42 Soria;2024M07;1,86
Total Nacional;07 Castilla y León;42 Soria;2024M06;1,83
Total Nacional;07 Castilla y León;42 Soria;2024M05;1,82
Total Nacional;07 Castilla y León;42 Soria;2024M04;1,83
Total Nacional;07 Castilla y León;42 Soria;2024M03;1,85
Total Nacional;07 Castilla y León;42 Soria;2024M02;1,82
Total Nacional;07 Castilla y León;42 Soria;2024M01;2,00
Total Nacional;07 Castilla y León;42 Soria;2023M12;2,00
Total Nacional;07 Castilla y León;42 Soria;2023M11;1,87
Total Nacional;07 Castilla y León;42 Soria;2023M10;1,75
Total Nacional;07 Castilla y León;42 Soria;2023M09;1,68
Total Nacional;07 Castilla y León;42 Soria;2023M08;1,89
Total Nacional;07 Castilla y León;42 Soria;2023M07;1,75
Total Nacional;07 Castilla y León;42 Soria;2023M06;1,80
Total Nacional;07 Castilla y León;42 Soria;2023M05;1,98
Total Nacional;07 Castilla y León;42 Soria;2023M04;1,95
Total Nacional;07 Castilla y León;42 Soria;2023M03;1,96
Total Nacional;07 Castilla y León;42 Soria;2023M02;1,98
Total Nacional;07 Castilla y León;42 Soria;2023M01;2,26
Total Nacional;07 Castilla y León;42 Soria;2022M12;2,07
Total Nacional;07 Castilla y León;42 Soria;2022M11;1,97
Total Nacional;07 Castilla y León;42 Soria;2022M10;1,92
Total Nacional;07 Castilla y León;42 Soria;2022M09;1,71
Total Nacional;07 Castilla y León;42 Soria;2022M08;1,94
Total Nacional;07 Castilla y León;42 Soria;2022M07;1,72
Total Nacional;07 Castilla y León;42 Soria;2022M06;1,88
Total Nacional;07 Castilla y León;42 Soria;2022M05;1,93
Total Nacional;07 Castilla y León;42 Soria;2022M04;1,90
Total Nacional;07 Castilla y León;42 Soria;2022M03;2,00
Total Nacional;07 Castilla y León;42 Soria;2022M02;1,95
Total Nacional;07 Castilla y León;42 Soria;2022M01;2,07
Total Nacional;07 Castilla y León;47 Valladolid;2026M03;1,78
Total Nacional;07 Castilla y León;47 Valladolid;2026M02;1,69
Total Nacional;07 Castilla y León;47 Valladolid;2026M01;1,71
Total Nacional;07 Castilla y León;47 Valladolid;2025M12;1,77
Total Nacional;07 Castilla y León;47 Valladolid;2025M11;1,79
Total Nacional;07 Castilla y León;47 Valladolid;2025M10;1,83
Total Nacional;07 Castilla y León;47 Valladolid;2025M09;1,75
Total Nacional;07 Castilla y León;47 Valladolid;2025M08;1,64
Total Nacional;07 Castilla y León;47 Valladolid;2025M07;1,74
Total Nacional;07 Castilla y León;47 Valladolid;2025M06;1,80
Total Nacional;07 Castilla y León;47 Valladolid;2025M05;1,77
Total Nacional;07 Castilla y León;47 Valladolid;2025M04;1,83
Total Nacional;07 Castilla y León;47 Valladolid;2025M03;1,82
Total Nacional;07 Castilla y León;47 Valladolid;2025M02;1,78
Total Nacional;07 Castilla y León;47 Valladolid;2025M01;1,79
Total Nacional;07 Castilla y León;47 Valladolid;2024M12;1,85
Total Nacional;07 Castilla y León;47 Valladolid;2024M11;1,79
Total Nacional;07 Castilla y León;47 Valladolid;2024M10;1,75
Total Nacional;07 Castilla y León;47 Valladolid;2024M09;1,83
Total Nacional;07 Castilla y León;47 Valladolid;2024M08;1,77
Total Nacional;07 Castilla y León;47 Valladolid;2024M07;1,75
Total Nacional;07 Castilla y León;47 Valladolid;2024M06;1,87
Total Nacional;07 Castilla y León;47 Valladolid;2024M05;1,80
Total Nacional;07 Castilla y León;47 Valladolid;2024M04;1,74
Total Nacional;07 Castilla y León;47 Valladolid;2024M03;1,83
Total Nacional;07 Castilla y León;47 Valladolid;2024M02;1,74
Total Nacional;07 Castilla y León;47 Valladolid;2024M01;1,80
Total Nacional;07 Castilla y León;47 Valladolid;2023M12;1,97
Total Nacional;07 Castilla y León;47 Valladolid;2023M11;1,74
Total Nacional;07 Castilla y León;47 Valladolid;2023M10;1,79
Total Nacional;07 Castilla y León;47 Valladolid;2023M09;1,77
Total Nacional;07 Castilla y León;47 Valladolid;2023M08;1,64
Total Nacional;07 Castilla y León;47 Valladolid;2023M07;1,64
Total Nacional;07 Castilla y León;47 Valladolid;2023M06;1,75
Total Nacional;07 Castilla y León;47 Valladolid;2023M05;1,74
Total Nacional;07 Castilla y León;47 Valladolid;2023M04;1,76
Total Nacional;07 Castilla y León;47 Valladolid;2023M03;1,72
Total Nacional;07 Castilla y León;47 Valladolid;2023M02;1,71
Total Nacional;07 Castilla y León;47 Valladolid;2023M01;1,71
Total Nacional;07 Castilla y León;47 Valladolid;2022M12;1,80
Total Nacional;07 Castilla y León;47 Valladolid;2022M11;1,70
Total Nacional;07 Castilla y León;47 Valladolid;2022M10;1,70
Total Nacional;07 Castilla y León;47 Valladolid;2022M09;1,69
Total Nacional;07 Castilla y León;47 Valladolid;2022M08;1,60
Total Nacional;07 Castilla y León;47 Valladolid;2022M07;1,62
Total Nacional;07 Castilla y León;47 Valladolid;2022M06;1,69
Total Nacional;07 Castilla y León;47 Valladolid;2022M05;1,67
Total Nacional;07 Castilla y León;47 Valladolid;2022M04;1,70
Total Nacional;07 Castilla y León;47 Valladolid;2022M03;1,67
Total Nacional;07 Castilla y León;47 Valladolid;2022M02;1,59
Total Nacional;07 Castilla y León;47 Valladolid;2022M01;1,67
Total Nacional;07 Castilla y León;49 Zamora;2026M03;1,68
Total Nacional;07 Castilla y León;49 Zamora;2026M02;1,64
Total Nacional;07 Castilla y León;49 Zamora;2026M01;1,67
Total Nacional;07 Castilla y León;49 Zamora;2025M12;1,60
Total Nacional;07 Castilla y León;49 Zamora;2025M11;1,73
Total Nacional;07 Castilla y León;49 Zamora;2025M10;1,63
Total Nacional;07 Castilla y León;49 Zamora;2025M09;1,68
Total Nacional;07 Castilla y León;49 Zamora;2025M08;1,59
Total Nacional;07 Castilla y León;49 Zamora;2025M07;1,67
Total Nacional;07 Castilla y León;49 Zamora;2025M06;1,68
Total Nacional;07 Castilla y León;49 Zamora;2025M05;1,69
Total Nacional;07 Castilla y León;49 Zamora;2025M04;1,64
Total Nacional;07 Castilla y León;49 Zamora;2025M03;1,70
Total Nacional;07 Castilla y León;49 Zamora;2025M02;1,67
Total Nacional;07 Castilla y León;49 Zamora;2025M01;1,64
Total Nacional;07 Castilla y León;49 Zamora;2024M12;1,70
Total Nacional;07 Castilla y León;49 Zamora;2024M11;1,71
Total Nacional;07 Castilla y León;49 Zamora;2024M10;1,68
Total Nacional;07 Castilla y León;49 Zamora;2024M09;1,71
Total Nacional;07 Castilla y León;49 Zamora;2024M08;1,66
Total Nacional;07 Castilla y León;49 Zamora;2024M07;1,69
Total Nacional;07 Castilla y León;49 Zamora;2024M06;1,69
Total Nacional;07 Castilla y León;49 Zamora;2024M05;1,61
Total Nacional;07 Castilla y León;49 Zamora;2024M04;1,55
Total Nacional;07 Castilla y León;49 Zamora;2024M03;1,78
Total Nacional;07 Castilla y León;49 Zamora;2024M02;1,73
Total Nacional;07 Castilla y León;49 Zamora;2024M01;1,82
Total Nacional;07 Castilla y León;49 Zamora;2023M12;1,76
Total Nacional;07 Castilla y León;49 Zamora;2023M11;1,78
Total Nacional;07 Castilla y León;49 Zamora;2023M10;1,67
Total Nacional;07 Castilla y León;49 Zamora;2023M09;1,70
Total Nacional;07 Castilla y León;49 Zamora;2023M08;1,65
Total Nacional;07 Castilla y León;49 Zamora;2023M07;1,67
Total Nacional;07 Castilla y León;49 Zamora;2023M06;1,77
Total Nacional;07 Castilla y León;49 Zamora;2023M05;1,66
Total Nacional;07 Castilla y León;49 Zamora;2023M04;1,69
Total Nacional;07 Castilla y León;49 Zamora;2023M03;1,85
Total Nacional;07 Castilla y León;49 Zamora;2023M02;1,80
Total Nacional;07 Castilla y León;49 Zamora;2023M01;1,64
Total Nacional;07 Castilla y León;49 Zamora;2022M12;1,54
Total Nacional;07 Castilla y León;49 Zamora;2022M11;1,63
Total Nacional;07 Castilla y León;49 Zamora;2022M10;1,62
Total Nacional;07 Castilla y León;49 Zamora;2022M09;1,64
Total Nacional;07 Castilla y León;49 Zamora;2022M08;1,65
Total Nacional;07 Castilla y León;49 Zamora;2022M07;1,65
Total Nacional;07 Castilla y León;49 Zamora;2022M06;1,67
Total Nacional;07 Castilla y León;49 Zamora;2022M05;1,64
Total Nacional;07 Castilla y León;49 Zamora;2022M04;1,73
Total Nacional;07 Castilla y León;49 Zamora;2022M03;1,68
Total Nacional;07 Castilla y León;49 Zamora;2022M02;1,63
Total Nacional;07 Castilla y León;49 Zamora;2022M01;1,56
Total Nacional;08 Castilla - La Mancha;;2026M03;1,71
Total Nacional;08 Castilla - La Mancha;;2026M02;1,67
Total Nacional;08 Castilla - La Mancha;;2026M01;1,72
Total Nacional;08 Castilla - La Mancha;;2025M12;1,68
Total Nacional;08 Castilla - La Mancha;;2025M11;1,82
Total Nacional;08 Castilla - La Mancha;;2025M10;1,78
Total Nacional;08 Castilla - La Mancha;;2025M09;1,89
Total Nacional;08 Castilla - La Mancha;;2025M08;1,79
Total Nacional;08 Castilla - La Mancha;;2025M07;1,74
Total Nacional;08 Castilla - La Mancha;;2025M06;1,86
Total Nacional;08 Castilla - La Mancha;;2025M05;1,78
Total Nacional;08 Castilla - La Mancha;;2025M04;1,76
Total Nacional;08 Castilla - La Mancha;;2025M03;1,69
Total Nacional;08 Castilla - La Mancha;;2025M02;1,65
Total Nacional;08 Castilla - La Mancha;;2025M01;1,64
Total Nacional;08 Castilla - La Mancha;;2024M12;1,68
Total Nacional;08 Castilla - La Mancha;;2024M11;1,80
Total Nacional;08 Castilla - La Mancha;;2024M10;1,81
Total Nacional;08 Castilla - La Mancha;;2024M09;1,72
Total Nacional;08 Castilla - La Mancha;;2024M08;1,75
Total Nacional;08 Castilla - La Mancha;;2024M07;1,81
Total Nacional;08 Castilla - La Mancha;;2024M06;1,73
Total Nacional;08 Castilla - La Mancha;;2024M05;1,73
Total Nacional;08 Castilla - La Mancha;;2024M04;1,76
Total Nacional;08 Castilla - La Mancha;;2024M03;1,79
Total Nacional;08 Castilla - La Mancha;;2024M02;1,76
Total Nacional;08 Castilla - La Mancha;;2024M01;1,73
Total Nacional;08 Castilla - La Mancha;;2023M12;1,70
Total Nacional;08 Castilla - La Mancha;;2023M11;1,83
Total Nacional;08 Castilla - La Mancha;;2023M10;1,76
Total Nacional;08 Castilla - La Mancha;;2023M09;1,72
Total Nacional;08 Castilla - La Mancha;;2023M08;1,80
Total Nacional;08 Castilla - La Mancha;;2023M07;1,72
Total Nacional;08 Castilla - La Mancha;;2023M06;1,72
Total Nacional;08 Castilla - La Mancha;;2023M05;1,80
Total Nacional;08 Castilla - La Mancha;;2023M04;1,80
Total Nacional;08 Castilla - La Mancha;;2023M03;1,75
Total Nacional;08 Castilla - La Mancha;;2023M02;1,73
Total Nacional;08 Castilla - La Mancha;;2023M01;1,73
Total Nacional;08 Castilla - La Mancha;;2022M12;1,71
Total Nacional;08 Castilla - La Mancha;;2022M11;1,77
Total Nacional;08 Castilla - La Mancha;;2022M10;1,79
Total Nacional;08 Castilla - La Mancha;;2022M09;1,79
Total Nacional;08 Castilla - La Mancha;;2022M08;1,79
Total Nacional;08 Castilla - La Mancha;;2022M07;1,71
Total Nacional;08 Castilla - La Mancha;;2022M06;1,75
Total Nacional;08 Castilla - La Mancha;;2022M05;1,78
Total Nacional;08 Castilla - La Mancha;;2022M04;1,77
Total Nacional;08 Castilla - La Mancha;;2022M03;1,74
Total Nacional;08 Castilla - La Mancha;;2022M02;1,71
Total Nacional;08 Castilla - La Mancha;;2022M01;1,68
Total Nacional;08 Castilla - La Mancha;02 Albacete;2026M03;1,75
Total Nacional;08 Castilla - La Mancha;02 Albacete;2026M02;1,63
Total Nacional;08 Castilla - La Mancha;02 Albacete;2026M01;1,66
Total Nacional;08 Castilla - La Mancha;02 Albacete;2025M12;1,58
Total Nacional;08 Castilla - La Mancha;02 Albacete;2025M11;2,11
Total Nacional;08 Castilla - La Mancha;02 Albacete;2025M10;2,19
Total Nacional;08 Castilla - La Mancha;02 Albacete;2025M09;2,56
Total Nacional;08 Castilla - La Mancha;02 Albacete;2025M08;2,09
Total Nacional;08 Castilla - La Mancha;02 Albacete;2025M07;1,95
Total Nacional;08 Castilla - La Mancha;02 Albacete;2025M06;2,57
Total Nacional;08 Castilla - La Mancha;02 Albacete;2025M05;2,06
Total Nacional;08 Castilla - La Mancha;02 Albacete;2025M04;1,87
Total Nacional;08 Castilla - La Mancha;02 Albacete;2025M03;1,69
Total Nacional;08 Castilla - La Mancha;02 Albacete;2025M02;1,56
Total Nacional;08 Castilla - La Mancha;02 Albacete;2025M01;1,53
Total Nacional;08 Castilla - La Mancha;02 Albacete;2024M12;1,72
Total Nacional;08 Castilla - La Mancha;02 Albacete;2024M11;2,25
Total Nacional;08 Castilla - La Mancha;02 Albacete;2024M10;2,52
Total Nacional;08 Castilla - La Mancha;02 Albacete;2024M09;2,03
Total Nacional;08 Castilla - La Mancha;02 Albacete;2024M08;2,17
Total Nacional;08 Castilla - La Mancha;02 Albacete;2024M07;2,52
Total Nacional;08 Castilla - La Mancha;02 Albacete;2024M06;2,15
Total Nacional;08 Castilla - La Mancha;02 Albacete;2024M05;2,12
Total Nacional;08 Castilla - La Mancha;02 Albacete;2024M04;1,95
Total Nacional;08 Castilla - La Mancha;02 Albacete;2024M03;1,79
Total Nacional;08 Castilla - La Mancha;02 Albacete;2024M02;1,98
Total Nacional;08 Castilla - La Mancha;02 Albacete;2024M01;1,74
Total Nacional;08 Castilla - La Mancha;02 Albacete;2023M12;1,67
Total Nacional;08 Castilla - La Mancha;02 Albacete;2023M11;2,19
Total Nacional;08 Castilla - La Mancha;02 Albacete;2023M10;2,15
Total Nacional;08 Castilla - La Mancha;02 Albacete;2023M09;2,04
Total Nacional;08 Castilla - La Mancha;02 Albacete;2023M08;2,27
Total Nacional;08 Castilla - La Mancha;02 Albacete;2023M07;2,11
Total Nacional;08 Castilla - La Mancha;02 Albacete;2023M06;2,06
Total Nacional;08 Castilla - La Mancha;02 Albacete;2023M05;2,12
Total Nacional;08 Castilla - La Mancha;02 Albacete;2023M04;2,04
Total Nacional;08 Castilla - La Mancha;02 Albacete;2023M03;1,71
Total Nacional;08 Castilla - La Mancha;02 Albacete;2023M02;1,79
Total Nacional;08 Castilla - La Mancha;02 Albacete;2023M01;1,68
Total Nacional;08 Castilla - La Mancha;02 Albacete;2022M12;1,72
Total Nacional;08 Castilla - La Mancha;02 Albacete;2022M11;2,11
Total Nacional;08 Castilla - La Mancha;02 Albacete;2022M10;2,03
Total Nacional;08 Castilla - La Mancha;02 Albacete;2022M09;2,09
Total Nacional;08 Castilla - La Mancha;02 Albacete;2022M08;2,16
Total Nacional;08 Castilla - La Mancha;02 Albacete;2022M07;1,97
Total Nacional;08 Castilla - La Mancha;02 Albacete;2022M06;1,93
Total Nacional;08 Castilla - La Mancha;02 Albacete;2022M05;1,93
Total Nacional;08 Castilla - La Mancha;02 Albacete;2022M04;1,82
Total Nacional;08 Castilla - La Mancha;02 Albacete;2022M03;1,74
Total Nacional;08 Castilla - La Mancha;02 Albacete;2022M02;1,72
Total Nacional;08 Castilla - La Mancha;02 Albacete;2022M01;1,62
Total Nacional;08 Castilla - La Mancha;13 Ciudad Real;2026M03;1,63
Total Nacional;08 Castilla - La Mancha;13 Ciudad Real;2026M02;1,66
Total Nacional;08 Castilla - La Mancha;13 Ciudad Real;2026M01;1,70
Total Nacional;08 Castilla - La Mancha;13 Ciudad Real;2025M12;1,65
Total Nacional;08 Castilla - La Mancha;13 Ciudad Real;2025M11;1,86
Total Nacional;08 Castilla - La Mancha;13 Ciudad Real;2025M10;1,77
Total Nacional;08 Castilla - La Mancha;13 Ciudad Real;2025M09;1,76
Total Nacional;08 Castilla - La Mancha;13 Ciudad Real;2025M08;1,65
Total Nacional;08 Castilla - La Mancha;13 Ciudad Real;2025M07;1,69
Total Nacional;08 Castilla - La Mancha;13 Ciudad Real;2025M06;1,69
Total Nacional;08 Castilla - La Mancha;13 Ciudad Real;2025M05;1,76
Total Nacional;08 Castilla - La Mancha;13 Ciudad Real;2025M04;1,72
Total Nacional;08 Castilla - La Mancha;13 Ciudad Real;2025M03;1,77
Total Nacional;08 Castilla - La Mancha;13 Ciudad Real;2025M02;1,56
Total Nacional;08 Castilla - La Mancha;13 Ciudad Real;2025M01;1,55
Total Nacional;08 Castilla - La Mancha;13 Ciudad Real;2024M12;1,56
Total Nacional;08 Castilla - La Mancha;13 Ciudad Real;2024M11;1,76
Total Nacional;08 Castilla - La Mancha;13 Ciudad Real;2024M10;1,70
Total Nacional;08 Castilla - La Mancha;13 Ciudad Real;2024M09;1,71
Total Nacional;08 Castilla - La Mancha;13 Ciudad Real;2024M08;1,60
Total Nacional;08 Castilla - La Mancha;13 Ciudad Real;2024M07;1,66
Total Nacional;08 Castilla - La Mancha;13 Ciudad Real;2024M06;1,71
Total Nacional;08 Castilla - La Mancha;13 Ciudad Real;2024M05;1,73
Total Nacional;08 Castilla - La Mancha;13 Ciudad Real;2024M04;2,01
Total Nacional;08 Castilla - La Mancha;13 Ciudad Real;2024M03;2,02
Total Nacional;08 Castilla - La Mancha;13 Ciudad Real;2024M02;1,59
Total Nacional;08 Castilla - La Mancha;13 Ciudad Real;2024M01;1,61
Total Nacional;08 Castilla - La Mancha;13 Ciudad Real;2023M12;1,62
Total Nacional;08 Castilla - La Mancha;13 Ciudad Real;2023M11;1,76
Total Nacional;08 Castilla - La Mancha;13 Ciudad Real;2023M10;1,75
Total Nacional;08 Castilla - La Mancha;13 Ciudad Real;2023M09;1,68
Total Nacional;08 Castilla - La Mancha;13 Ciudad Real;2023M08;1,65
Total Nacional;08 Castilla - La Mancha;13 Ciudad Real;2023M07;1,61
Total Nacional;08 Castilla - La Mancha;13 Ciudad Real;2023M06;1,57
Total Nacional;08 Castilla - La Mancha;13 Ciudad Real;2023M05;1,77
Total Nacional;08 Castilla - La Mancha;13 Ciudad Real;2023M04;1,75
Total Nacional;08 Castilla - La Mancha;13 Ciudad Real;2023M03;1,61
Total Nacional;08 Castilla - La Mancha;13 Ciudad Real;2023M02;1,58
Total Nacional;08 Castilla - La Mancha;13 Ciudad Real;2023M01;1,70
Total Nacional;08 Castilla - La Mancha;13 Ciudad Real;2022M12;1,58
Total Nacional;08 Castilla - La Mancha;13 Ciudad Real;2022M11;1,75
Total Nacional;08 Castilla - La Mancha;13 Ciudad Real;2022M10;1,76
Total Nacional;08 Castilla - La Mancha;13 Ciudad Real;2022M09;1,73
Total Nacional;08 Castilla - La Mancha;13 Ciudad Real;2022M08;1,70
Total Nacional;08 Castilla - La Mancha;13 Ciudad Real;2022M07;1,65
Total Nacional;08 Castilla - La Mancha;13 Ciudad Real;2022M06;1,68
Total Nacional;08 Castilla - La Mancha;13 Ciudad Real;2022M05;1,76
Total Nacional;08 Castilla - La Mancha;13 Ciudad Real;2022M04;1,71
Total Nacional;08 Castilla - La Mancha;13 Ciudad Real;2022M03;1,62
Total Nacional;08 Castilla - La Mancha;13 Ciudad Real;2022M02;1,68
Total Nacional;08 Castilla - La Mancha;13 Ciudad Real;2022M01;1,66
Total Nacional;08 Castilla - La Mancha;16 Cuenca;2026M03;1,69
Total Nacional;08 Castilla - La Mancha;16 Cuenca;2026M02;1,78
Total Nacional;08 Castilla - La Mancha;16 Cuenca;2026M01;1,86
Total Nacional;08 Castilla - La Mancha;16 Cuenca;2025M12;1,75
Total Nacional;08 Castilla - La Mancha;16 Cuenca;2025M11;1,77
Total Nacional;08 Castilla - La Mancha;16 Cuenca;2025M10;1,71
Total Nacional;08 Castilla - La Mancha;16 Cuenca;2025M09;1,77
Total Nacional;08 Castilla - La Mancha;16 Cuenca;2025M08;1,77
Total Nacional;08 Castilla - La Mancha;16 Cuenca;2025M07;1,71
Total Nacional;08 Castilla - La Mancha;16 Cuenca;2025M06;1,69
Total Nacional;08 Castilla - La Mancha;16 Cuenca;2025M05;1,77
Total Nacional;08 Castilla - La Mancha;16 Cuenca;2025M04;1,83
Total Nacional;08 Castilla - La Mancha;16 Cuenca;2025M03;1,74
Total Nacional;08 Castilla - La Mancha;16 Cuenca;2025M02;1,86
Total Nacional;08 Castilla - La Mancha;16 Cuenca;2025M01;1,75
Total Nacional;08 Castilla - La Mancha;16 Cuenca;2024M12;1,79
Total Nacional;08 Castilla - La Mancha;16 Cuenca;2024M11;1,74
Total Nacional;08 Castilla - La Mancha;16 Cuenca;2024M10;1,73
Total Nacional;08 Castilla - La Mancha;16 Cuenca;2024M09;1,75
Total Nacional;08 Castilla - La Mancha;16 Cuenca;2024M08;1,82
Total Nacional;08 Castilla - La Mancha;16 Cuenca;2024M07;1,74
Total Nacional;08 Castilla - La Mancha;16 Cuenca;2024M06;1,76
Total Nacional;08 Castilla - La Mancha;16 Cuenca;2024M05;1,76
Total Nacional;08 Castilla - La Mancha;16 Cuenca;2024M04;1,71
Total Nacional;08 Castilla - La Mancha;16 Cuenca;2024M03;1,85
Total Nacional;08 Castilla - La Mancha;16 Cuenca;2024M02;1,82
Total Nacional;08 Castilla - La Mancha;16 Cuenca;2024M01;1,95
Total Nacional;08 Castilla - La Mancha;16 Cuenca;2023M12;1,79
Total Nacional;08 Castilla - La Mancha;16 Cuenca;2023M11;1,80
Total Nacional;08 Castilla - La Mancha;16 Cuenca;2023M10;1,80
Total Nacional;08 Castilla - La Mancha;16 Cuenca;2023M09;1,77
Total Nacional;08 Castilla - La Mancha;16 Cuenca;2023M08;1,82
Total Nacional;08 Castilla - La Mancha;16 Cuenca;2023M07;1,74
Total Nacional;08 Castilla - La Mancha;16 Cuenca;2023M06;1,77
Total Nacional;08 Castilla - La Mancha;16 Cuenca;2023M05;1,73
Total Nacional;08 Castilla - La Mancha;16 Cuenca;2023M04;1,86
Total Nacional;08 Castilla - La Mancha;16 Cuenca;2023M03;1,92
Total Nacional;08 Castilla - La Mancha;16 Cuenca;2023M02;1,86
Total Nacional;08 Castilla - La Mancha;16 Cuenca;2023M01;1,85
Total Nacional;08 Castilla - La Mancha;16 Cuenca;2022M12;1,73
Total Nacional;08 Castilla - La Mancha;16 Cuenca;2022M11;1,74
Total Nacional;08 Castilla - La Mancha;16 Cuenca;2022M10;1,81
Total Nacional;08 Castilla - La Mancha;16 Cuenca;2022M09;1,83
Total Nacional;08 Castilla - La Mancha;16 Cuenca;2022M08;1,77
Total Nacional;08 Castilla - La Mancha;16 Cuenca;2022M07;1,80
Total Nacional;08 Castilla - La Mancha;16 Cuenca;2022M06;1,82
Total Nacional;08 Castilla - La Mancha;16 Cuenca;2022M05;1,88
Total Nacional;08 Castilla - La Mancha;16 Cuenca;2022M04;1,89
Total Nacional;08 Castilla - La Mancha;16 Cuenca;2022M03;1,94
Total Nacional;08 Castilla - La Mancha;16 Cuenca;2022M02;1,89
Total Nacional;08 Castilla - La Mancha;16 Cuenca;2022M01;1,95
Total Nacional;08 Castilla - La Mancha;19 Guadalajara;2026M03;1,75
Total Nacional;08 Castilla - La Mancha;19 Guadalajara;2026M02;1,65
Total Nacional;08 Castilla - La Mancha;19 Guadalajara;2026M01;1,75
Total Nacional;08 Castilla - La Mancha;19 Guadalajara;2025M12;1,81
Total Nacional;08 Castilla - La Mancha;19 Guadalajara;2025M11;1,80
Total Nacional;08 Castilla - La Mancha;19 Guadalajara;2025M10;1,74
Total Nacional;08 Castilla - La Mancha;19 Guadalajara;2025M09;1,78
Total Nacional;08 Castilla - La Mancha;19 Guadalajara;2025M08;1,93
Total Nacional;08 Castilla - La Mancha;19 Guadalajara;2025M07;1,84
Total Nacional;08 Castilla - La Mancha;19 Guadalajara;2025M06;1,81
Total Nacional;08 Castilla - La Mancha;19 Guadalajara;2025M05;1,77
Total Nacional;08 Castilla - La Mancha;19 Guadalajara;2025M04;1,92
Total Nacional;08 Castilla - La Mancha;19 Guadalajara;2025M03;1,77
Total Nacional;08 Castilla - La Mancha;19 Guadalajara;2025M02;1,73
Total Nacional;08 Castilla - La Mancha;19 Guadalajara;2025M01;1,92
Total Nacional;08 Castilla - La Mancha;19 Guadalajara;2024M12;1,78
Total Nacional;08 Castilla - La Mancha;19 Guadalajara;2024M11;1,82
Total Nacional;08 Castilla - La Mancha;19 Guadalajara;2024M10;1,78
Total Nacional;08 Castilla - La Mancha;19 Guadalajara;2024M09;1,75
Total Nacional;08 Castilla - La Mancha;19 Guadalajara;2024M08;1,83
Total Nacional;08 Castilla - La Mancha;19 Guadalajara;2024M07;1,72
Total Nacional;08 Castilla - La Mancha;19 Guadalajara;2024M06;1,72
Total Nacional;08 Castilla - La Mancha;19 Guadalajara;2024M05;1,71
Total Nacional;08 Castilla - La Mancha;19 Guadalajara;2024M04;1,71
Total Nacional;08 Castilla - La Mancha;19 Guadalajara;2024M03;1,76
Total Nacional;08 Castilla - La Mancha;19 Guadalajara;2024M02;1,81
Total Nacional;08 Castilla - La Mancha;19 Guadalajara;2024M01;1,75
Total Nacional;08 Castilla - La Mancha;19 Guadalajara;2023M12;1,93
Total Nacional;08 Castilla - La Mancha;19 Guadalajara;2023M11;1,81
Total Nacional;08 Castilla - La Mancha;19 Guadalajara;2023M10;1,75
Total Nacional;08 Castilla - La Mancha;19 Guadalajara;2023M09;1,71
Total Nacional;08 Castilla - La Mancha;19 Guadalajara;2023M08;1,90
Total Nacional;08 Castilla - La Mancha;19 Guadalajara;2023M07;1,77
Total Nacional;08 Castilla - La Mancha;19 Guadalajara;2023M06;1,76
Total Nacional;08 Castilla - La Mancha;19 Guadalajara;2023M05;1,81
Total Nacional;08 Castilla - La Mancha;19 Guadalajara;2023M04;1,79
Total Nacional;08 Castilla - La Mancha;19 Guadalajara;2023M03;1,97
Total Nacional;08 Castilla - La Mancha;19 Guadalajara;2023M02;1,99
Total Nacional;08 Castilla - La Mancha;19 Guadalajara;2023M01;2,00
Total Nacional;08 Castilla - La Mancha;19 Guadalajara;2022M12;2,00
Total Nacional;08 Castilla - La Mancha;19 Guadalajara;2022M11;1,65
Total Nacional;08 Castilla - La Mancha;19 Guadalajara;2022M10;1,82
Total Nacional;08 Castilla - La Mancha;19 Guadalajara;2022M09;1,82
Total Nacional;08 Castilla - La Mancha;19 Guadalajara;2022M08;1,86
Total Nacional;08 Castilla - La Mancha;19 Guadalajara;2022M07;1,77
Total Nacional;08 Castilla - La Mancha;19 Guadalajara;2022M06;1,92
Total Nacional;08 Castilla - La Mancha;19 Guadalajara;2022M05;1,84
Total Nacional;08 Castilla - La Mancha;19 Guadalajara;2022M04;1,85
Total Nacional;08 Castilla - La Mancha;19 Guadalajara;2022M03;1,79
Total Nacional;08 Castilla - La Mancha;19 Guadalajara;2022M02;1,72
Total Nacional;08 Castilla - La Mancha;19 Guadalajara;2022M01;1,62
Total Nacional;08 Castilla - La Mancha;45 Toledo;2026M03;1,72
Total Nacional;08 Castilla - La Mancha;45 Toledo;2026M02;1,67
Total Nacional;08 Castilla - La Mancha;45 Toledo;2026M01;1,71
Total Nacional;08 Castilla - La Mancha;45 Toledo;2025M12;1,69
Total Nacional;08 Castilla - La Mancha;45 Toledo;2025M11;1,69
Total Nacional;08 Castilla - La Mancha;45 Toledo;2025M10;1,66
Total Nacional;08 Castilla - La Mancha;45 Toledo;2025M09;1,71
Total Nacional;08 Castilla - La Mancha;45 Toledo;2025M08;1,70
Total Nacional;08 Castilla - La Mancha;45 Toledo;2025M07;1,65
Total Nacional;08 Castilla - La Mancha;45 Toledo;2025M06;1,66
Total Nacional;08 Castilla - La Mancha;45 Toledo;2025M05;1,68
Total Nacional;08 Castilla - La Mancha;45 Toledo;2025M04;1,67
Total Nacional;08 Castilla - La Mancha;45 Toledo;2025M03;1,61
Total Nacional;08 Castilla - La Mancha;45 Toledo;2025M02;1,61
Total Nacional;08 Castilla - La Mancha;45 Toledo;2025M01;1,62
Total Nacional;08 Castilla - La Mancha;45 Toledo;2024M12;1,65
Total Nacional;08 Castilla - La Mancha;45 Toledo;2024M11;1,65
Total Nacional;08 Castilla - La Mancha;45 Toledo;2024M10;1,59
Total Nacional;08 Castilla - La Mancha;45 Toledo;2024M09;1,58
Total Nacional;08 Castilla - La Mancha;45 Toledo;2024M08;1,59
Total Nacional;08 Castilla - La Mancha;45 Toledo;2024M07;1,58
Total Nacional;08 Castilla - La Mancha;45 Toledo;2024M06;1,56
Total Nacional;08 Castilla - La Mancha;45 Toledo;2024M05;1,58
Total Nacional;08 Castilla - La Mancha;45 Toledo;2024M04;1,60
Total Nacional;08 Castilla - La Mancha;45 Toledo;2024M03;1,66
Total Nacional;08 Castilla - La Mancha;45 Toledo;2024M02;1,69
Total Nacional;08 Castilla - La Mancha;45 Toledo;2024M01;1,71
Total Nacional;08 Castilla - La Mancha;45 Toledo;2023M12;1,64
Total Nacional;08 Castilla - La Mancha;45 Toledo;2023M11;1,70
Total Nacional;08 Castilla - La Mancha;45 Toledo;2023M10;1,60
Total Nacional;08 Castilla - La Mancha;45 Toledo;2023M09;1,59
Total Nacional;08 Castilla - La Mancha;45 Toledo;2023M08;1,64
Total Nacional;08 Castilla - La Mancha;45 Toledo;2023M07;1,58
Total Nacional;08 Castilla - La Mancha;45 Toledo;2023M06;1,60
Total Nacional;08 Castilla - La Mancha;45 Toledo;2023M05;1,70
Total Nacional;08 Castilla - La Mancha;45 Toledo;2023M04;1,70
Total Nacional;08 Castilla - La Mancha;45 Toledo;2023M03;1,72
Total Nacional;08 Castilla - La Mancha;45 Toledo;2023M02;1,66
Total Nacional;08 Castilla - La Mancha;45 Toledo;2023M01;1,66
Total Nacional;08 Castilla - La Mancha;45 Toledo;2022M12;1,67
Total Nacional;08 Castilla - La Mancha;45 Toledo;2022M11;1,67
Total Nacional;08 Castilla - La Mancha;45 Toledo;2022M10;1,69
Total Nacional;08 Castilla - La Mancha;45 Toledo;2022M09;1,66
Total Nacional;08 Castilla - La Mancha;45 Toledo;2022M08;1,65
Total Nacional;08 Castilla - La Mancha;45 Toledo;2022M07;1,57
Total Nacional;08 Castilla - La Mancha;45 Toledo;2022M06;1,61
Total Nacional;08 Castilla - La Mancha;45 Toledo;2022M05;1,66
Total Nacional;08 Castilla - La Mancha;45 Toledo;2022M04;1,71
Total Nacional;08 Castilla - La Mancha;45 Toledo;2022M03;1,72
Total Nacional;08 Castilla - La Mancha;45 Toledo;2022M02;1,65
Total Nacional;08 Castilla - La Mancha;45 Toledo;2022M01;1,64
Total Nacional;09 Cataluña;;2026M03;2,24
Total Nacional;09 Cataluña;;2026M02;2,20
Total Nacional;09 Cataluña;;2026M01;2,21
Total Nacional;09 Cataluña;;2025M12;2,10
Total Nacional;09 Cataluña;;2025M11;2,13
Total Nacional;09 Cataluña;;2025M10;2,59
Total Nacional;09 Cataluña;;2025M09;2,97
Total Nacional;09 Cataluña;;2025M08;3,24
Total Nacional;09 Cataluña;;2025M07;3,14
Total Nacional;09 Cataluña;;2025M06;2,81
Total Nacional;09 Cataluña;;2025M05;2,66
Total Nacional;09 Cataluña;;2025M04;2,53
Total Nacional;09 Cataluña;;2025M03;2,32
Total Nacional;09 Cataluña;;2025M02;2,20
Total Nacional;09 Cataluña;;2025M01;2,23
Total Nacional;09 Cataluña;;2024M12;2,13
Total Nacional;09 Cataluña;;2024M11;2,18
Total Nacional;09 Cataluña;;2024M10;2,70
Total Nacional;09 Cataluña;;2024M09;3,09
Total Nacional;09 Cataluña;;2024M08;3,36
Total Nacional;09 Cataluña;;2024M07;3,24
Total Nacional;09 Cataluña;;2024M06;2,98
Total Nacional;09 Cataluña;;2024M05;2,80
Total Nacional;09 Cataluña;;2024M04;2,60
Total Nacional;09 Cataluña;;2024M03;2,41
Total Nacional;09 Cataluña;;2024M02;2,37
Total Nacional;09 Cataluña;;2024M01;2,28
Total Nacional;09 Cataluña;;2023M12;2,18
Total Nacional;09 Cataluña;;2023M11;2,23
Total Nacional;09 Cataluña;;2023M10;2,68
Total Nacional;09 Cataluña;;2023M09;3,00
Total Nacional;09 Cataluña;;2023M08;3,40
Total Nacional;09 Cataluña;;2023M07;3,16
Total Nacional;09 Cataluña;;2023M06;2,79
Total Nacional;09 Cataluña;;2023M05;2,69
Total Nacional;09 Cataluña;;2023M04;2,58
Total Nacional;09 Cataluña;;2023M03;2,41
Total Nacional;09 Cataluña;;2023M02;2,44
Total Nacional;09 Cataluña;;2023M01;2,32
Total Nacional;09 Cataluña;;2022M12;2,23
Total Nacional;09 Cataluña;;2022M11;2,30
Total Nacional;09 Cataluña;;2022M10;2,56
Total Nacional;09 Cataluña;;2022M09;2,93
Total Nacional;09 Cataluña;;2022M08;3,48
Total Nacional;09 Cataluña;;2022M07;3,20
Total Nacional;09 Cataluña;;2022M06;2,82
Total Nacional;09 Cataluña;;2022M05;2,67
Total Nacional;09 Cataluña;;2022M04;2,58
Total Nacional;09 Cataluña;;2022M03;2,45
Total Nacional;09 Cataluña;;2022M02;2,28
Total Nacional;09 Cataluña;;2022M01;2,25
Total Nacional;09 Cataluña;08 Barcelona;2026M03;2,30
Total Nacional;09 Cataluña;08 Barcelona;2026M02;2,23
Total Nacional;09 Cataluña;08 Barcelona;2026M01;2,28
Total Nacional;09 Cataluña;08 Barcelona;2025M12;2,20
Total Nacional;09 Cataluña;08 Barcelona;2025M11;2,22
Total Nacional;09 Cataluña;08 Barcelona;2025M10;2,41
Total Nacional;09 Cataluña;08 Barcelona;2025M09;2,65
Total Nacional;09 Cataluña;08 Barcelona;2025M08;2,86
Total Nacional;09 Cataluña;08 Barcelona;2025M07;2,76
Total Nacional;09 Cataluña;08 Barcelona;2025M06;2,58
Total Nacional;09 Cataluña;08 Barcelona;2025M05;2,51
Total Nacional;09 Cataluña;08 Barcelona;2025M04;2,47
Total Nacional;09 Cataluña;08 Barcelona;2025M03;2,36
Total Nacional;09 Cataluña;08 Barcelona;2025M02;2,27
Total Nacional;09 Cataluña;08 Barcelona;2025M01;2,31
Total Nacional;09 Cataluña;08 Barcelona;2024M12;2,29
Total Nacional;09 Cataluña;08 Barcelona;2024M11;2,30
Total Nacional;09 Cataluña;08 Barcelona;2024M10;2,57
Total Nacional;09 Cataluña;08 Barcelona;2024M09;2,79
Total Nacional;09 Cataluña;08 Barcelona;2024M08;3,03
Total Nacional;09 Cataluña;08 Barcelona;2024M07;2,90
Total Nacional;09 Cataluña;08 Barcelona;2024M06;2,72
Total Nacional;09 Cataluña;08 Barcelona;2024M05;2,64
Total Nacional;09 Cataluña;08 Barcelona;2024M04;2,54
Total Nacional;09 Cataluña;08 Barcelona;2024M03;2,47
Total Nacional;09 Cataluña;08 Barcelona;2024M02;2,48
Total Nacional;09 Cataluña;08 Barcelona;2024M01;2,39
Total Nacional;09 Cataluña;08 Barcelona;2023M12;2,30
Total Nacional;09 Cataluña;08 Barcelona;2023M11;2,33
Total Nacional;09 Cataluña;08 Barcelona;2023M10;2,59
Total Nacional;09 Cataluña;08 Barcelona;2023M09;2,75
Total Nacional;09 Cataluña;08 Barcelona;2023M08;3,07
Total Nacional;09 Cataluña;08 Barcelona;2023M07;2,86
Total Nacional;09 Cataluña;08 Barcelona;2023M06;2,61
Total Nacional;09 Cataluña;08 Barcelona;2023M05;2,55
Total Nacional;09 Cataluña;08 Barcelona;2023M04;2,61
Total Nacional;09 Cataluña;08 Barcelona;2023M03;2,46
Total Nacional;09 Cataluña;08 Barcelona;2023M02;2,54
Total Nacional;09 Cataluña;08 Barcelona;2023M01;2,41
Total Nacional;09 Cataluña;08 Barcelona;2022M12;2,37
Total Nacional;09 Cataluña;08 Barcelona;2022M11;2,42
Total Nacional;09 Cataluña;08 Barcelona;2022M10;2,53
Total Nacional;09 Cataluña;08 Barcelona;2022M09;2,70
Total Nacional;09 Cataluña;08 Barcelona;2022M08;3,14
Total Nacional;09 Cataluña;08 Barcelona;2022M07;2,92
Total Nacional;09 Cataluña;08 Barcelona;2022M06;2,81
Total Nacional;09 Cataluña;08 Barcelona;2022M05;2,70
Total Nacional;09 Cataluña;08 Barcelona;2022M04;2,65
Total Nacional;09 Cataluña;08 Barcelona;2022M03;2,56
Total Nacional;09 Cataluña;08 Barcelona;2022M02;2,40
Total Nacional;09 Cataluña;08 Barcelona;2022M01;2,38
Total Nacional;09 Cataluña;17 Girona;2026M03;2,07
Total Nacional;09 Cataluña;17 Girona;2026M02;2,03
Total Nacional;09 Cataluña;17 Girona;2026M01;1,82
Total Nacional;09 Cataluña;17 Girona;2025M12;1,74
Total Nacional;09 Cataluña;17 Girona;2025M11;1,84
Total Nacional;09 Cataluña;17 Girona;2025M10;2,85
Total Nacional;09 Cataluña;17 Girona;2025M09;3,25
Total Nacional;09 Cataluña;17 Girona;2025M08;3,55
Total Nacional;09 Cataluña;17 Girona;2025M07;3,52
Total Nacional;09 Cataluña;17 Girona;2025M06;2,95
Total Nacional;09 Cataluña;17 Girona;2025M05;2,78
Total Nacional;09 Cataluña;17 Girona;2025M04;2,63
Total Nacional;09 Cataluña;17 Girona;2025M03;2,16
Total Nacional;09 Cataluña;17 Girona;2025M02;1,87
Total Nacional;09 Cataluña;17 Girona;2025M01;1,82
Total Nacional;09 Cataluña;17 Girona;2024M12;1,66
Total Nacional;09 Cataluña;17 Girona;2024M11;1,80
Total Nacional;09 Cataluña;17 Girona;2024M10;2,87
Total Nacional;09 Cataluña;17 Girona;2024M09;3,35
Total Nacional;09 Cataluña;17 Girona;2024M08;3,66
Total Nacional;09 Cataluña;17 Girona;2024M07;3,71
Total Nacional;09 Cataluña;17 Girona;2024M06;3,03
Total Nacional;09 Cataluña;17 Girona;2024M05;2,77
Total Nacional;09 Cataluña;17 Girona;2024M04;2,70
Total Nacional;09 Cataluña;17 Girona;2024M03;2,28
Total Nacional;09 Cataluña;17 Girona;2024M02;1,88
Total Nacional;09 Cataluña;17 Girona;2024M01;1,69
Total Nacional;09 Cataluña;17 Girona;2023M12;1,92
Total Nacional;09 Cataluña;17 Girona;2023M11;2,03
Total Nacional;09 Cataluña;17 Girona;2023M10;2,79
Total Nacional;09 Cataluña;17 Girona;2023M09;3,19
Total Nacional;09 Cataluña;17 Girona;2023M08;3,67
Total Nacional;09 Cataluña;17 Girona;2023M07;3,55
Total Nacional;09 Cataluña;17 Girona;2023M06;2,90
Total Nacional;09 Cataluña;17 Girona;2023M05;2,74
Total Nacional;09 Cataluña;17 Girona;2023M04;2,50
Total Nacional;09 Cataluña;17 Girona;2023M03;2,21
Total Nacional;09 Cataluña;17 Girona;2023M02;1,99
Total Nacional;09 Cataluña;17 Girona;2023M01;1,97
Total Nacional;09 Cataluña;17 Girona;2022M12;1,92
Total Nacional;09 Cataluña;17 Girona;2022M11;2,04
Total Nacional;09 Cataluña;17 Girona;2022M10;2,49
Total Nacional;09 Cataluña;17 Girona;2022M09;3,03
Total Nacional;09 Cataluña;17 Girona;2022M08;3,76
Total Nacional;09 Cataluña;17 Girona;2022M07;3,52
Total Nacional;09 Cataluña;17 Girona;2022M06;2,72
Total Nacional;09 Cataluña;17 Girona;2022M05;2,58
Total Nacional;09 Cataluña;17 Girona;2022M04;2,50
Total Nacional;09 Cataluña;17 Girona;2022M03;2,14
Total Nacional;09 Cataluña;17 Girona;2022M02;1,83
Total Nacional;09 Cataluña;17 Girona;2022M01;1,84
Total Nacional;09 Cataluña;25 Lleida;2026M03;2,35
Total Nacional;09 Cataluña;25 Lleida;2026M02;2,49
Total Nacional;09 Cataluña;25 Lleida;2026M01;2,46
Total Nacional;09 Cataluña;25 Lleida;2025M12;2,24
Total Nacional;09 Cataluña;25 Lleida;2025M11;1,93
Total Nacional;09 Cataluña;25 Lleida;2025M10;1,98
Total Nacional;09 Cataluña;25 Lleida;2025M09;2,00
Total Nacional;09 Cataluña;25 Lleida;2025M08;2,37
Total Nacional;09 Cataluña;25 Lleida;2025M07;2,24
Total Nacional;09 Cataluña;25 Lleida;2025M06;1,96
Total Nacional;09 Cataluña;25 Lleida;2025M05;1,92
Total Nacional;09 Cataluña;25 Lleida;2025M04;2,08
Total Nacional;09 Cataluña;25 Lleida;2025M03;2,41
Total Nacional;09 Cataluña;25 Lleida;2025M02;2,40
Total Nacional;09 Cataluña;25 Lleida;2025M01;2,46
Total Nacional;09 Cataluña;25 Lleida;2024M12;2,18
Total Nacional;09 Cataluña;25 Lleida;2024M11;1,88
Total Nacional;09 Cataluña;25 Lleida;2024M10;1,87
Total Nacional;09 Cataluña;25 Lleida;2024M09;1,97
Total Nacional;09 Cataluña;25 Lleida;2024M08;2,46
Total Nacional;09 Cataluña;25 Lleida;2024M07;2,32
Total Nacional;09 Cataluña;25 Lleida;2024M06;1,92
Total Nacional;09 Cataluña;25 Lleida;2024M05;1,79
Total Nacional;09 Cataluña;25 Lleida;2024M04;1,91
Total Nacional;09 Cataluña;25 Lleida;2024M03;2,43
Total Nacional;09 Cataluña;25 Lleida;2024M02;2,52
Total Nacional;09 Cataluña;25 Lleida;2024M01;2,48
Total Nacional;09 Cataluña;25 Lleida;2023M12;2,36
Total Nacional;09 Cataluña;25 Lleida;2023M11;1,74
Total Nacional;09 Cataluña;25 Lleida;2023M10;1,84
Total Nacional;09 Cataluña;25 Lleida;2023M09;1,90
Total Nacional;09 Cataluña;25 Lleida;2023M08;2,36
Total Nacional;09 Cataluña;25 Lleida;2023M07;2,18
Total Nacional;09 Cataluña;25 Lleida;2023M06;1,90
Total Nacional;09 Cataluña;25 Lleida;2023M05;1,87
Total Nacional;09 Cataluña;25 Lleida;2023M04;2,02
Total Nacional;09 Cataluña;25 Lleida;2023M03;2,34
Total Nacional;09 Cataluña;25 Lleida;2023M02;2,62
Total Nacional;09 Cataluña;25 Lleida;2023M01;2,49
Total Nacional;09 Cataluña;25 Lleida;2022M12;2,43
Total Nacional;09 Cataluña;25 Lleida;2022M11;1,87
Total Nacional;09 Cataluña;25 Lleida;2022M10;1,98
Total Nacional;09 Cataluña;25 Lleida;2022M09;2,01
Total Nacional;09 Cataluña;25 Lleida;2022M08;2,47
Total Nacional;09 Cataluña;25 Lleida;2022M07;2,34
Total Nacional;09 Cataluña;25 Lleida;2022M06;2,00
Total Nacional;09 Cataluña;25 Lleida;2022M05;1,88
Total Nacional;09 Cataluña;25 Lleida;2022M04;2,13
Total Nacional;09 Cataluña;25 Lleida;2022M03;2,33
Total Nacional;09 Cataluña;25 Lleida;2022M02;2,50
Total Nacional;09 Cataluña;25 Lleida;2022M01;2,54
Total Nacional;09 Cataluña;43 Tarragona;2026M03;2,06
Total Nacional;09 Cataluña;43 Tarragona;2026M02;1,77
Total Nacional;09 Cataluña;43 Tarragona;2026M01;1,63
Total Nacional;09 Cataluña;43 Tarragona;2025M12;1,58
Total Nacional;09 Cataluña;43 Tarragona;2025M11;1,74
Total Nacional;09 Cataluña;43 Tarragona;2025M10;3,23
Total Nacional;09 Cataluña;43 Tarragona;2025M09;3,87
Total Nacional;09 Cataluña;43 Tarragona;2025M08;4,08
Total Nacional;09 Cataluña;43 Tarragona;2025M07;3,97
Total Nacional;09 Cataluña;43 Tarragona;2025M06;3,43
Total Nacional;09 Cataluña;43 Tarragona;2025M05;3,17
Total Nacional;09 Cataluña;43 Tarragona;2025M04;2,71
Total Nacional;09 Cataluña;43 Tarragona;2025M03;2,13
Total Nacional;09 Cataluña;43 Tarragona;2025M02;1,67
Total Nacional;09 Cataluña;43 Tarragona;2025M01;1,63
Total Nacional;09 Cataluña;43 Tarragona;2024M12;1,54
Total Nacional;09 Cataluña;43 Tarragona;2024M11;1,78
Total Nacional;09 Cataluña;43 Tarragona;2024M10;3,21
Total Nacional;09 Cataluña;43 Tarragona;2024M09;3,93
Total Nacional;09 Cataluña;43 Tarragona;2024M08;4,06
Total Nacional;09 Cataluña;43 Tarragona;2024M07;3,76
Total Nacional;09 Cataluña;43 Tarragona;2024M06;3,95
Total Nacional;09 Cataluña;43 Tarragona;2024M05;3,55
Total Nacional;09 Cataluña;43 Tarragona;2024M04;2,87
Total Nacional;09 Cataluña;43 Tarragona;2024M03;2,21
Total Nacional;09 Cataluña;43 Tarragona;2024M02;1,81
Total Nacional;09 Cataluña;43 Tarragona;2024M01;1,73
Total Nacional;09 Cataluña;43 Tarragona;2023M12;1,53
Total Nacional;09 Cataluña;43 Tarragona;2023M11;1,75
Total Nacional;09 Cataluña;43 Tarragona;2023M10;3,15
Total Nacional;09 Cataluña;43 Tarragona;2023M09;3,76
Total Nacional;09 Cataluña;43 Tarragona;2023M08;4,17
Total Nacional;09 Cataluña;43 Tarragona;2023M07;3,70
Total Nacional;09 Cataluña;43 Tarragona;2023M06;3,30
Total Nacional;09 Cataluña;43 Tarragona;2023M05;3,30
Total Nacional;09 Cataluña;43 Tarragona;2023M04;2,67
Total Nacional;09 Cataluña;43 Tarragona;2023M03;2,39
Total Nacional;09 Cataluña;43 Tarragona;2023M02;1,79
Total Nacional;09 Cataluña;43 Tarragona;2023M01;1,75
Total Nacional;09 Cataluña;43 Tarragona;2022M12;1,57
Total Nacional;09 Cataluña;43 Tarragona;2022M11;1,73
Total Nacional;09 Cataluña;43 Tarragona;2022M10;2,94
Total Nacional;09 Cataluña;43 Tarragona;2022M09;3,74
Total Nacional;09 Cataluña;43 Tarragona;2022M08;4,21
Total Nacional;09 Cataluña;43 Tarragona;2022M07;3,71
Total Nacional;09 Cataluña;43 Tarragona;2022M06;3,10
Total Nacional;09 Cataluña;43 Tarragona;2022M05;2,77
Total Nacional;09 Cataluña;43 Tarragona;2022M04;2,49
Total Nacional;09 Cataluña;43 Tarragona;2022M03;1,93
Total Nacional;09 Cataluña;43 Tarragona;2022M02;1,71
Total Nacional;09 Cataluña;43 Tarragona;2022M01;1,59
Total Nacional;10 Comunitat Valenciana;;2026M03;3,00
Total Nacional;10 Comunitat Valenciana;;2026M02;2,80
Total Nacional;10 Comunitat Valenciana;;2026M01;2,87
Total Nacional;10 Comunitat Valenciana;;2025M12;2,73
Total Nacional;10 Comunitat Valenciana;;2025M11;2,92
Total Nacional;10 Comunitat Valenciana;;2025M10;3,17
Total Nacional;10 Comunitat Valenciana;;2025M09;3,44
Total Nacional;10 Comunitat Valenciana;;2025M08;3,46
Total Nacional;10 Comunitat Valenciana;;2025M07;3,44
Total Nacional;10 Comunitat Valenciana;;2025M06;3,15
Total Nacional;10 Comunitat Valenciana;;2025M05;3,10
Total Nacional;10 Comunitat Valenciana;;2025M04;2,99
Total Nacional;10 Comunitat Valenciana;;2025M03;3,10
Total Nacional;10 Comunitat Valenciana;;2025M02;2,75
Total Nacional;10 Comunitat Valenciana;;2025M01;2,82
Total Nacional;10 Comunitat Valenciana;;2024M12;2,89
Total Nacional;10 Comunitat Valenciana;;2024M11;3,24
Total Nacional;10 Comunitat Valenciana;;2024M10;3,21
Total Nacional;10 Comunitat Valenciana;;2024M09;3,46
Total Nacional;10 Comunitat Valenciana;;2024M08;3,50
Total Nacional;10 Comunitat Valenciana;;2024M07;3,44
Total Nacional;10 Comunitat Valenciana;;2024M06;3,17
Total Nacional;10 Comunitat Valenciana;;2024M05;3,13
Total Nacional;10 Comunitat Valenciana;;2024M04;3,10
Total Nacional;10 Comunitat Valenciana;;2024M03;3,02
Total Nacional;10 Comunitat Valenciana;;2024M02;2,78
Total Nacional;10 Comunitat Valenciana;;2024M01;2,80
Total Nacional;10 Comunitat Valenciana;;2023M12;2,72
Total Nacional;10 Comunitat Valenciana;;2023M11;2,85
Total Nacional;10 Comunitat Valenciana;;2023M10;3,11
Total Nacional;10 Comunitat Valenciana;;2023M09;3,31
Total Nacional;10 Comunitat Valenciana;;2023M08;3,58
Total Nacional;10 Comunitat Valenciana;;2023M07;3,36
Total Nacional;10 Comunitat Valenciana;;2023M06;3,09
Total Nacional;10 Comunitat Valenciana;;2023M05;3,11
Total Nacional;10 Comunitat Valenciana;;2023M04;2,95
Total Nacional;10 Comunitat Valenciana;;2023M03;2,86
Total Nacional;10 Comunitat Valenciana;;2023M02;2,64
Total Nacional;10 Comunitat Valenciana;;2023M01;2,65
Total Nacional;10 Comunitat Valenciana;;2022M12;2,80
Total Nacional;10 Comunitat Valenciana;;2022M11;2,98
Total Nacional;10 Comunitat Valenciana;;2022M10;3,10
Total Nacional;10 Comunitat Valenciana;;2022M09;3,37
Total Nacional;10 Comunitat Valenciana;;2022M08;3,64
Total Nacional;10 Comunitat Valenciana;;2022M07;3,35
Total Nacional;10 Comunitat Valenciana;;2022M06;3,08
Total Nacional;10 Comunitat Valenciana;;2022M05;3,05
Total Nacional;10 Comunitat Valenciana;;2022M04;2,98
Total Nacional;10 Comunitat Valenciana;;2022M03;2,88
Total Nacional;10 Comunitat Valenciana;;2022M02;2,34
Total Nacional;10 Comunitat Valenciana;;2022M01;2,38
Total Nacional;10 Comunitat Valenciana;03 Alicante/Alacant;2026M03;3,63
Total Nacional;10 Comunitat Valenciana;03 Alicante/Alacant;2026M02;3,25
Total Nacional;10 Comunitat Valenciana;03 Alicante/Alacant;2026M01;3,76
Total Nacional;10 Comunitat Valenciana;03 Alicante/Alacant;2025M12;3,39
Total Nacional;10 Comunitat Valenciana;03 Alicante/Alacant;2025M11;3,58
Total Nacional;10 Comunitat Valenciana;03 Alicante/Alacant;2025M10;3,95
Total Nacional;10 Comunitat Valenciana;03 Alicante/Alacant;2025M09;4,06
Total Nacional;10 Comunitat Valenciana;03 Alicante/Alacant;2025M08;3,89
Total Nacional;10 Comunitat Valenciana;03 Alicante/Alacant;2025M07;3,92
Total Nacional;10 Comunitat Valenciana;03 Alicante/Alacant;2025M06;3,71
Total Nacional;10 Comunitat Valenciana;03 Alicante/Alacant;2025M05;3,70
Total Nacional;10 Comunitat Valenciana;03 Alicante/Alacant;2025M04;3,54
Total Nacional;10 Comunitat Valenciana;03 Alicante/Alacant;2025M03;3,74
Total Nacional;10 Comunitat Valenciana;03 Alicante/Alacant;2025M02;3,37
Total Nacional;10 Comunitat Valenciana;03 Alicante/Alacant;2025M01;3,65
Total Nacional;10 Comunitat Valenciana;03 Alicante/Alacant;2024M12;3,57
Total Nacional;10 Comunitat Valenciana;03 Alicante/Alacant;2024M11;3,82
Total Nacional;10 Comunitat Valenciana;03 Alicante/Alacant;2024M10;4,05
Total Nacional;10 Comunitat Valenciana;03 Alicante/Alacant;2024M09;4,12
Total Nacional;10 Comunitat Valenciana;03 Alicante/Alacant;2024M08;3,99
Total Nacional;10 Comunitat Valenciana;03 Alicante/Alacant;2024M07;3,99
Total Nacional;10 Comunitat Valenciana;03 Alicante/Alacant;2024M06;3,77
Total Nacional;10 Comunitat Valenciana;03 Alicante/Alacant;2024M05;3,75
Total Nacional;10 Comunitat Valenciana;03 Alicante/Alacant;2024M04;3,73
Total Nacional;10 Comunitat Valenciana;03 Alicante/Alacant;2024M03;3,66
Total Nacional;10 Comunitat Valenciana;03 Alicante/Alacant;2024M02;3,46
Total Nacional;10 Comunitat Valenciana;03 Alicante/Alacant;2024M01;3,67
Total Nacional;10 Comunitat Valenciana;03 Alicante/Alacant;2023M12;3,44
Total Nacional;10 Comunitat Valenciana;03 Alicante/Alacant;2023M11;3,66
Total Nacional;10 Comunitat Valenciana;03 Alicante/Alacant;2023M10;3,93
Total Nacional;10 Comunitat Valenciana;03 Alicante/Alacant;2023M09;4,01
Total Nacional;10 Comunitat Valenciana;03 Alicante/Alacant;2023M08;4,14
Total Nacional;10 Comunitat Valenciana;03 Alicante/Alacant;2023M07;3,82
Total Nacional;10 Comunitat Valenciana;03 Alicante/Alacant;2023M06;3,72
Total Nacional;10 Comunitat Valenciana;03 Alicante/Alacant;2023M05;3,82
Total Nacional;10 Comunitat Valenciana;03 Alicante/Alacant;2023M04;3,47
Total Nacional;10 Comunitat Valenciana;03 Alicante/Alacant;2023M03;3,52
Total Nacional;10 Comunitat Valenciana;03 Alicante/Alacant;2023M02;3,28
Total Nacional;10 Comunitat Valenciana;03 Alicante/Alacant;2023M01;3,46
Total Nacional;10 Comunitat Valenciana;03 Alicante/Alacant;2022M12;3,52
Total Nacional;10 Comunitat Valenciana;03 Alicante/Alacant;2022M11;3,90
Total Nacional;10 Comunitat Valenciana;03 Alicante/Alacant;2022M10;3,96
Total Nacional;10 Comunitat Valenciana;03 Alicante/Alacant;2022M09;4,00
Total Nacional;10 Comunitat Valenciana;03 Alicante/Alacant;2022M08;4,17
Total Nacional;10 Comunitat Valenciana;03 Alicante/Alacant;2022M07;3,86
Total Nacional;10 Comunitat Valenciana;03 Alicante/Alacant;2022M06;3,67
Total Nacional;10 Comunitat Valenciana;03 Alicante/Alacant;2022M05;3,69
Total Nacional;10 Comunitat Valenciana;03 Alicante/Alacant;2022M04;3,55
Total Nacional;10 Comunitat Valenciana;03 Alicante/Alacant;2022M03;3,66
Total Nacional;10 Comunitat Valenciana;03 Alicante/Alacant;2022M02;2,81
Total Nacional;10 Comunitat Valenciana;03 Alicante/Alacant;2022M01;2,95
Total Nacional;10 Comunitat Valenciana;12 Castellón/Castelló;2026M03;2,97
Total Nacional;10 Comunitat Valenciana;12 Castellón/Castelló;2026M02;2,73
Total Nacional;10 Comunitat Valenciana;12 Castellón/Castelló;2026M01;1,87
Total Nacional;10 Comunitat Valenciana;12 Castellón/Castelló;2025M12;1,91
Total Nacional;10 Comunitat Valenciana;12 Castellón/Castelló;2025M11;2,32
Total Nacional;10 Comunitat Valenciana;12 Castellón/Castelló;2025M10;2,66
Total Nacional;10 Comunitat Valenciana;12 Castellón/Castelló;2025M09;3,34
Total Nacional;10 Comunitat Valenciana;12 Castellón/Castelló;2025M08;3,49
Total Nacional;10 Comunitat Valenciana;12 Castellón/Castelló;2025M07;3,65
Total Nacional;10 Comunitat Valenciana;12 Castellón/Castelló;2025M06;3,01
Total Nacional;10 Comunitat Valenciana;12 Castellón/Castelló;2025M05;2,84
Total Nacional;10 Comunitat Valenciana;12 Castellón/Castelló;2025M04;2,73
Total Nacional;10 Comunitat Valenciana;12 Castellón/Castelló;2025M03;3,18
Total Nacional;10 Comunitat Valenciana;12 Castellón/Castelló;2025M02;2,64
Total Nacional;10 Comunitat Valenciana;12 Castellón/Castelló;2025M01;1,75
Total Nacional;10 Comunitat Valenciana;12 Castellón/Castelló;2024M12;1,98
Total Nacional;10 Comunitat Valenciana;12 Castellón/Castelló;2024M11;2,68
Total Nacional;10 Comunitat Valenciana;12 Castellón/Castelló;2024M10;2,73
Total Nacional;10 Comunitat Valenciana;12 Castellón/Castelló;2024M09;3,41
Total Nacional;10 Comunitat Valenciana;12 Castellón/Castelló;2024M08;3,66
Total Nacional;10 Comunitat Valenciana;12 Castellón/Castelló;2024M07;3,57
Total Nacional;10 Comunitat Valenciana;12 Castellón/Castelló;2024M06;3,05
Total Nacional;10 Comunitat Valenciana;12 Castellón/Castelló;2024M05;2,72
Total Nacional;10 Comunitat Valenciana;12 Castellón/Castelló;2024M04;2,64
Total Nacional;10 Comunitat Valenciana;12 Castellón/Castelló;2024M03;2,67
Total Nacional;10 Comunitat Valenciana;12 Castellón/Castelló;2024M02;2,34
Total Nacional;10 Comunitat Valenciana;12 Castellón/Castelló;2024M01;1,81
Total Nacional;10 Comunitat Valenciana;12 Castellón/Castelló;2023M12;1,93
Total Nacional;10 Comunitat Valenciana;12 Castellón/Castelló;2023M11;2,13
Total Nacional;10 Comunitat Valenciana;12 Castellón/Castelló;2023M10;2,67
Total Nacional;10 Comunitat Valenciana;12 Castellón/Castelló;2023M09;3,22
Total Nacional;10 Comunitat Valenciana;12 Castellón/Castelló;2023M08;3,58
Total Nacional;10 Comunitat Valenciana;12 Castellón/Castelló;2023M07;3,36
Total Nacional;10 Comunitat Valenciana;12 Castellón/Castelló;2023M06;2,91
Total Nacional;10 Comunitat Valenciana;12 Castellón/Castelló;2023M05;2,81
Total Nacional;10 Comunitat Valenciana;12 Castellón/Castelló;2023M04;2,62
Total Nacional;10 Comunitat Valenciana;12 Castellón/Castelló;2023M03;2,64
Total Nacional;10 Comunitat Valenciana;12 Castellón/Castelló;2023M02;2,16
Total Nacional;10 Comunitat Valenciana;12 Castellón/Castelló;2023M01;1,83
Total Nacional;10 Comunitat Valenciana;12 Castellón/Castelló;2022M12;1,99
Total Nacional;10 Comunitat Valenciana;12 Castellón/Castelló;2022M11;2,15
Total Nacional;10 Comunitat Valenciana;12 Castellón/Castelló;2022M10;2,58
Total Nacional;10 Comunitat Valenciana;12 Castellón/Castelló;2022M09;3,37
Total Nacional;10 Comunitat Valenciana;12 Castellón/Castelló;2022M08;3,72
Total Nacional;10 Comunitat Valenciana;12 Castellón/Castelló;2022M07;3,47
Total Nacional;10 Comunitat Valenciana;12 Castellón/Castelló;2022M06;2,91
Total Nacional;10 Comunitat Valenciana;12 Castellón/Castelló;2022M05;2,65
Total Nacional;10 Comunitat Valenciana;12 Castellón/Castelló;2022M04;2,67
Total Nacional;10 Comunitat Valenciana;12 Castellón/Castelló;2022M03;2,54
Total Nacional;10 Comunitat Valenciana;12 Castellón/Castelló;2022M02;1,90
Total Nacional;10 Comunitat Valenciana;12 Castellón/Castelló;2022M01;1,87
Total Nacional;10 Comunitat Valenciana;46 Valencia/València;2026M03;2,29
Total Nacional;10 Comunitat Valenciana;46 Valencia/València;2026M02;2,20
Total Nacional;10 Comunitat Valenciana;46 Valencia/València;2026M01;2,06
Total Nacional;10 Comunitat Valenciana;46 Valencia/València;2025M12;2,09
Total Nacional;10 Comunitat Valenciana;46 Valencia/València;2025M11;2,21
Total Nacional;10 Comunitat Valenciana;46 Valencia/València;2025M10;2,30
Total Nacional;10 Comunitat Valenciana;46 Valencia/València;2025M09;2,61
Total Nacional;10 Comunitat Valenciana;46 Valencia/València;2025M08;2,75
Total Nacional;10 Comunitat Valenciana;46 Valencia/València;2025M07;2,60
Total Nacional;10 Comunitat Valenciana;46 Valencia/València;2025M06;2,41
Total Nacional;10 Comunitat Valenciana;46 Valencia/València;2025M05;2,36
Total Nacional;10 Comunitat Valenciana;46 Valencia/València;2025M04;2,35
Total Nacional;10 Comunitat Valenciana;46 Valencia/València;2025M03;2,27
Total Nacional;10 Comunitat Valenciana;46 Valencia/València;2025M02;2,04
Total Nacional;10 Comunitat Valenciana;46 Valencia/València;2025M01;2,07
Total Nacional;10 Comunitat Valenciana;46 Valencia/València;2024M12;2,17
Total Nacional;10 Comunitat Valenciana;46 Valencia/València;2024M11;2,50
Total Nacional;10 Comunitat Valenciana;46 Valencia/València;2024M10;2,26
Total Nacional;10 Comunitat Valenciana;46 Valencia/València;2024M09;2,62
Total Nacional;10 Comunitat Valenciana;46 Valencia/València;2024M08;2,71
Total Nacional;10 Comunitat Valenciana;46 Valencia/València;2024M07;2,61
Total Nacional;10 Comunitat Valenciana;46 Valencia/València;2024M06;2,41
Total Nacional;10 Comunitat Valenciana;46 Valencia/València;2024M05;2,43
Total Nacional;10 Comunitat Valenciana;46 Valencia/València;2024M04;2,41
Total Nacional;10 Comunitat Valenciana;46 Valencia/València;2024M03;2,36
Total Nacional;10 Comunitat Valenciana;46 Valencia/València;2024M02;2,07
Total Nacional;10 Comunitat Valenciana;46 Valencia/València;2024M01;2,02
Total Nacional;10 Comunitat Valenciana;46 Valencia/València;2023M12;2,02
Total Nacional;10 Comunitat Valenciana;46 Valencia/València;2023M11;2,05
Total Nacional;10 Comunitat Valenciana;46 Valencia/València;2023M10;2,22
Total Nacional;10 Comunitat Valenciana;46 Valencia/València;2023M09;2,44
Total Nacional;10 Comunitat Valenciana;46 Valencia/València;2023M08;2,75
Total Nacional;10 Comunitat Valenciana;46 Valencia/València;2023M07;2,67
Total Nacional;10 Comunitat Valenciana;46 Valencia/València;2023M06;2,33
Total Nacional;10 Comunitat Valenciana;46 Valencia/València;2023M05;2,30
Total Nacional;10 Comunitat Valenciana;46 Valencia/València;2023M04;2,38
Total Nacional;10 Comunitat Valenciana;46 Valencia/València;2023M03;2,17
Total Nacional;10 Comunitat Valenciana;46 Valencia/València;2023M02;2,02
Total Nacional;10 Comunitat Valenciana;46 Valencia/València;2023M01;1,97
Total Nacional;10 Comunitat Valenciana;46 Valencia/València;2022M12;2,11
Total Nacional;10 Comunitat Valenciana;46 Valencia/València;2022M11;2,07
Total Nacional;10 Comunitat Valenciana;46 Valencia/València;2022M10;2,20
Total Nacional;10 Comunitat Valenciana;46 Valencia/València;2022M09;2,53
Total Nacional;10 Comunitat Valenciana;46 Valencia/València;2022M08;2,80
Total Nacional;10 Comunitat Valenciana;46 Valencia/València;2022M07;2,55
Total Nacional;10 Comunitat Valenciana;46 Valencia/València;2022M06;2,37
Total Nacional;10 Comunitat Valenciana;46 Valencia/València;2022M05;2,37
Total Nacional;10 Comunitat Valenciana;46 Valencia/València;2022M04;2,36
Total Nacional;10 Comunitat Valenciana;46 Valencia/València;2022M03;2,13
Total Nacional;10 Comunitat Valenciana;46 Valencia/València;2022M02;1,95
Total Nacional;10 Comunitat Valenciana;46 Valencia/València;2022M01;1,99
Total Nacional;11 Extremadura;;2026M03;1,77
Total Nacional;11 Extremadura;;2026M02;1,69
Total Nacional;11 Extremadura;;2026M01;1,62
Total Nacional;11 Extremadura;;2025M12;1,72
Total Nacional;11 Extremadura;;2025M11;1,82
Total Nacional;11 Extremadura;;2025M10;1,85
Total Nacional;11 Extremadura;;2025M09;1,78
Total Nacional;11 Extremadura;;2025M08;1,64
Total Nacional;11 Extremadura;;2025M07;1,71
Total Nacional;11 Extremadura;;2025M06;1,74
Total Nacional;11 Extremadura;;2025M05;1,84
Total Nacional;11 Extremadura;;2025M04;1,78
Total Nacional;11 Extremadura;;2025M03;1,86
Total Nacional;11 Extremadura;;2025M02;1,66
Total Nacional;11 Extremadura;;2025M01;1,71
Total Nacional;11 Extremadura;;2024M12;1,73
Total Nacional;11 Extremadura;;2024M11;1,87
Total Nacional;11 Extremadura;;2024M10;1,86
Total Nacional;11 Extremadura;;2024M09;1,77
Total Nacional;11 Extremadura;;2024M08;1,62
Total Nacional;11 Extremadura;;2024M07;1,67
Total Nacional;11 Extremadura;;2024M06;1,77
Total Nacional;11 Extremadura;;2024M05;1,82
Total Nacional;11 Extremadura;;2024M04;1,85
Total Nacional;11 Extremadura;;2024M03;1,85
Total Nacional;11 Extremadura;;2024M02;1,81
Total Nacional;11 Extremadura;;2024M01;1,71
Total Nacional;11 Extremadura;;2023M12;1,74
Total Nacional;11 Extremadura;;2023M11;1,86
Total Nacional;11 Extremadura;;2023M10;1,93
Total Nacional;11 Extremadura;;2023M09;1,79
Total Nacional;11 Extremadura;;2023M08;1,74
Total Nacional;11 Extremadura;;2023M07;1,71
Total Nacional;11 Extremadura;;2023M06;1,79
Total Nacional;11 Extremadura;;2023M05;1,91
Total Nacional;11 Extremadura;;2023M04;1,98
Total Nacional;11 Extremadura;;2023M03;1,85
Total Nacional;11 Extremadura;;2023M02;1,76
Total Nacional;11 Extremadura;;2023M01;1,73
Total Nacional;11 Extremadura;;2022M12;1,75
Total Nacional;11 Extremadura;;2022M11;1,82
Total Nacional;11 Extremadura;;2022M10;1,91
Total Nacional;11 Extremadura;;2022M09;1,77
Total Nacional;11 Extremadura;;2022M08;1,71
Total Nacional;11 Extremadura;;2022M07;1,61
Total Nacional;11 Extremadura;;2022M06;1,70
Total Nacional;11 Extremadura;;2022M05;1,85
Total Nacional;11 Extremadura;;2022M04;1,86
Total Nacional;11 Extremadura;;2022M03;1,85
Total Nacional;11 Extremadura;;2022M02;1,71
Total Nacional;11 Extremadura;;2022M01;1,75
Total Nacional;11 Extremadura;06 Badajoz;2026M03;1,68
Total Nacional;11 Extremadura;06 Badajoz;2026M02;1,71
Total Nacional;11 Extremadura;06 Badajoz;2026M01;1,58
Total Nacional;11 Extremadura;06 Badajoz;2025M12;1,68
Total Nacional;11 Extremadura;06 Badajoz;2025M11;1,76
Total Nacional;11 Extremadura;06 Badajoz;2025M10;1,74
Total Nacional;11 Extremadura;06 Badajoz;2025M09;1,72
Total Nacional;11 Extremadura;06 Badajoz;2025M08;1,58
Total Nacional;11 Extremadura;06 Badajoz;2025M07;1,62
Total Nacional;11 Extremadura;06 Badajoz;2025M06;1,65
Total Nacional;11 Extremadura;06 Badajoz;2025M05;1,80
Total Nacional;11 Extremadura;06 Badajoz;2025M04;1,71
Total Nacional;11 Extremadura;06 Badajoz;2025M03;1,83
Total Nacional;11 Extremadura;06 Badajoz;2025M02;1,58
Total Nacional;11 Extremadura;06 Badajoz;2025M01;1,74
Total Nacional;11 Extremadura;06 Badajoz;2024M12;1,69
Total Nacional;11 Extremadura;06 Badajoz;2024M11;1,86
Total Nacional;11 Extremadura;06 Badajoz;2024M10;1,79
Total Nacional;11 Extremadura;06 Badajoz;2024M09;1,74
Total Nacional;11 Extremadura;06 Badajoz;2024M08;1,53
Total Nacional;11 Extremadura;06 Badajoz;2024M07;1,60
Total Nacional;11 Extremadura;06 Badajoz;2024M06;1,70
Total Nacional;11 Extremadura;06 Badajoz;2024M05;1,80
Total Nacional;11 Extremadura;06 Badajoz;2024M04;1,79
Total Nacional;11 Extremadura;06 Badajoz;2024M03;1,79
Total Nacional;11 Extremadura;06 Badajoz;2024M02;1,87
Total Nacional;11 Extremadura;06 Badajoz;2024M01;1,75
Total Nacional;11 Extremadura;06 Badajoz;2023M12;1,72
Total Nacional;11 Extremadura;06 Badajoz;2023M11;1,83
Total Nacional;11 Extremadura;06 Badajoz;2023M10;1,96
Total Nacional;11 Extremadura;06 Badajoz;2023M09;1,75
Total Nacional;11 Extremadura;06 Badajoz;2023M08;1,73
Total Nacional;11 Extremadura;06 Badajoz;2023M07;1,67
Total Nacional;11 Extremadura;06 Badajoz;2023M06;1,76
Total Nacional;11 Extremadura;06 Badajoz;2023M05;1,87
Total Nacional;11 Extremadura;06 Badajoz;2023M04;1,95
Total Nacional;11 Extremadura;06 Badajoz;2023M03;1,90
Total Nacional;11 Extremadura;06 Badajoz;2023M02;1,77
Total Nacional;11 Extremadura;06 Badajoz;2023M01;1,74
Total Nacional;11 Extremadura;06 Badajoz;2022M12;1,69
Total Nacional;11 Extremadura;06 Badajoz;2022M11;1,79
Total Nacional;11 Extremadura;06 Badajoz;2022M10;1,88
Total Nacional;11 Extremadura;06 Badajoz;2022M09;1,74
Total Nacional;11 Extremadura;06 Badajoz;2022M08;1,64
Total Nacional;11 Extremadura;06 Badajoz;2022M07;1,54
Total Nacional;11 Extremadura;06 Badajoz;2022M06;1,71
Total Nacional;11 Extremadura;06 Badajoz;2022M05;1,79
Total Nacional;11 Extremadura;06 Badajoz;2022M04;1,84
Total Nacional;11 Extremadura;06 Badajoz;2022M03;1,86
Total Nacional;11 Extremadura;06 Badajoz;2022M02;1,65
Total Nacional;11 Extremadura;06 Badajoz;2022M01;1,72
Total Nacional;11 Extremadura;10 Cáceres;2026M03;1,88
Total Nacional;11 Extremadura;10 Cáceres;2026M02;1,67
Total Nacional;11 Extremadura;10 Cáceres;2026M01;1,67
Total Nacional;11 Extremadura;10 Cáceres;2025M12;1,77
Total Nacional;11 Extremadura;10 Cáceres;2025M11;1,88
Total Nacional;11 Extremadura;10 Cáceres;2025M10;1,97
Total Nacional;11 Extremadura;10 Cáceres;2025M09;1,84
Total Nacional;11 Extremadura;10 Cáceres;2025M08;1,71
Total Nacional;11 Extremadura;10 Cáceres;2025M07;1,80
Total Nacional;11 Extremadura;10 Cáceres;2025M06;1,83
Total Nacional;11 Extremadura;10 Cáceres;2025M05;1,88
Total Nacional;11 Extremadura;10 Cáceres;2025M04;1,85
Total Nacional;11 Extremadura;10 Cáceres;2025M03;1,90
Total Nacional;11 Extremadura;10 Cáceres;2025M02;1,74
Total Nacional;11 Extremadura;10 Cáceres;2025M01;1,69
Total Nacional;11 Extremadura;10 Cáceres;2024M12;1,78
Total Nacional;11 Extremadura;10 Cáceres;2024M11;1,89
Total Nacional;11 Extremadura;10 Cáceres;2024M10;1,92
Total Nacional;11 Extremadura;10 Cáceres;2024M09;1,80
Total Nacional;11 Extremadura;10 Cáceres;2024M08;1,73
Total Nacional;11 Extremadura;10 Cáceres;2024M07;1,75
Total Nacional;11 Extremadura;10 Cáceres;2024M06;1,85
Total Nacional;11 Extremadura;10 Cáceres;2024M05;1,84
Total Nacional;11 Extremadura;10 Cáceres;2024M04;1,92
Total Nacional;11 Extremadura;10 Cáceres;2024M03;1,91
Total Nacional;11 Extremadura;10 Cáceres;2024M02;1,75
Total Nacional;11 Extremadura;10 Cáceres;2024M01;1,67
Total Nacional;11 Extremadura;10 Cáceres;2023M12;1,76
Total Nacional;11 Extremadura;10 Cáceres;2023M11;1,89
Total Nacional;11 Extremadura;10 Cáceres;2023M10;1,90
Total Nacional;11 Extremadura;10 Cáceres;2023M09;1,83
Total Nacional;11 Extremadura;10 Cáceres;2023M08;1,74
Total Nacional;11 Extremadura;10 Cáceres;2023M07;1,75
Total Nacional;11 Extremadura;10 Cáceres;2023M06;1,81
Total Nacional;11 Extremadura;10 Cáceres;2023M05;1,96
Total Nacional;11 Extremadura;10 Cáceres;2023M04;2,01
Total Nacional;11 Extremadura;10 Cáceres;2023M03;1,79
Total Nacional;11 Extremadura;10 Cáceres;2023M02;1,74
Total Nacional;11 Extremadura;10 Cáceres;2023M01;1,73
Total Nacional;11 Extremadura;10 Cáceres;2022M12;1,82
Total Nacional;11 Extremadura;10 Cáceres;2022M11;1,86
Total Nacional;11 Extremadura;10 Cáceres;2022M10;1,94
Total Nacional;11 Extremadura;10 Cáceres;2022M09;1,80
Total Nacional;11 Extremadura;10 Cáceres;2022M08;1,79
Total Nacional;11 Extremadura;10 Cáceres;2022M07;1,68
Total Nacional;11 Extremadura;10 Cáceres;2022M06;1,69
Total Nacional;11 Extremadura;10 Cáceres;2022M05;1,92
Total Nacional;11 Extremadura;10 Cáceres;2022M04;1,88
Total Nacional;11 Extremadura;10 Cáceres;2022M03;1,85
Total Nacional;11 Extremadura;10 Cáceres;2022M02;1,78
Total Nacional;11 Extremadura;10 Cáceres;2022M01;1,77
Total Nacional;12 Galicia;;2026M03;1,83
Total Nacional;12 Galicia;;2026M02;1,89
Total Nacional;12 Galicia;;2026M01;1,85
Total Nacional;12 Galicia;;2025M12;1,77
Total Nacional;12 Galicia;;2025M11;1,88
Total Nacional;12 Galicia;;2025M10;1,74
Total Nacional;12 Galicia;;2025M09;1,75
Total Nacional;12 Galicia;;2025M08;2,16
Total Nacional;12 Galicia;;2025M07;2,09
Total Nacional;12 Galicia;;2025M06;1,76
Total Nacional;12 Galicia;;2025M05;1,62
Total Nacional;12 Galicia;;2025M04;1,70
Total Nacional;12 Galicia;;2025M03;1,76
Total Nacional;12 Galicia;;2025M02;1,73
Total Nacional;12 Galicia;;2025M01;1,74
Total Nacional;12 Galicia;;2024M12;1,77
Total Nacional;12 Galicia;;2024M11;1,87
Total Nacional;12 Galicia;;2024M10;1,80
Total Nacional;12 Galicia;;2024M09;1,82
Total Nacional;12 Galicia;;2024M08;2,17
Total Nacional;12 Galicia;;2024M07;2,08
Total Nacional;12 Galicia;;2024M06;1,80
Total Nacional;12 Galicia;;2024M05;1,65
Total Nacional;12 Galicia;;2024M04;1,67
Total Nacional;12 Galicia;;2024M03;1,83
Total Nacional;12 Galicia;;2024M02;1,79
Total Nacional;12 Galicia;;2024M01;1,79
Total Nacional;12 Galicia;;2023M12;1,76
Total Nacional;12 Galicia;;2023M11;1,87
Total Nacional;12 Galicia;;2023M10;1,82
Total Nacional;12 Galicia;;2023M09;1,85
Total Nacional;12 Galicia;;2023M08;2,25
Total Nacional;12 Galicia;;2023M07;2,16
Total Nacional;12 Galicia;;2023M06;1,82
Total Nacional;12 Galicia;;2023M05;1,68
Total Nacional;12 Galicia;;2023M04;1,77
Total Nacional;12 Galicia;;2023M03;1,84
Total Nacional;12 Galicia;;2023M02;1,79
Total Nacional;12 Galicia;;2023M01;1,82
Total Nacional;12 Galicia;;2022M12;1,82
Total Nacional;12 Galicia;;2022M11;1,96
Total Nacional;12 Galicia;;2022M10;1,87
Total Nacional;12 Galicia;;2022M09;1,88
Total Nacional;12 Galicia;;2022M08;2,23
Total Nacional;12 Galicia;;2022M07;2,12
Total Nacional;12 Galicia;;2022M06;1,87
Total Nacional;12 Galicia;;2022M05;1,73
Total Nacional;12 Galicia;;2022M04;1,80
Total Nacional;12 Galicia;;2022M03;1,90
Total Nacional;12 Galicia;;2022M02;1,80
Total Nacional;12 Galicia;;2022M01;1,87
Total Nacional;12 Galicia;15 Coruña, A;2026M03;1,84
Total Nacional;12 Galicia;15 Coruña, A;2026M02;1,96
Total Nacional;12 Galicia;15 Coruña, A;2026M01;1,88
Total Nacional;12 Galicia;15 Coruña, A;2025M12;1,79
Total Nacional;12 Galicia;15 Coruña, A;2025M11;1,82
Total Nacional;12 Galicia;15 Coruña, A;2025M10;1,68
Total Nacional;12 Galicia;15 Coruña, A;2025M09;1,67
Total Nacional;12 Galicia;15 Coruña, A;2025M08;1,92
Total Nacional;12 Galicia;15 Coruña, A;2025M07;1,88
Total Nacional;12 Galicia;15 Coruña, A;2025M06;1,66
Total Nacional;12 Galicia;15 Coruña, A;2025M05;1,61
Total Nacional;12 Galicia;15 Coruña, A;2025M04;1,70
Total Nacional;12 Galicia;15 Coruña, A;2025M03;1,79
Total Nacional;12 Galicia;15 Coruña, A;2025M02;1,81
Total Nacional;12 Galicia;15 Coruña, A;2025M01;1,82
Total Nacional;12 Galicia;15 Coruña, A;2024M12;1,77
Total Nacional;12 Galicia;15 Coruña, A;2024M11;1,79
Total Nacional;12 Galicia;15 Coruña, A;2024M10;1,68
Total Nacional;12 Galicia;15 Coruña, A;2024M09;1,68
Total Nacional;12 Galicia;15 Coruña, A;2024M08;1,95
Total Nacional;12 Galicia;15 Coruña, A;2024M07;1,86
Total Nacional;12 Galicia;15 Coruña, A;2024M06;1,66
Total Nacional;12 Galicia;15 Coruña, A;2024M05;1,61
Total Nacional;12 Galicia;15 Coruña, A;2024M04;1,61
Total Nacional;12 Galicia;15 Coruña, A;2024M03;1,76
Total Nacional;12 Galicia;15 Coruña, A;2024M02;1,80
Total Nacional;12 Galicia;15 Coruña, A;2024M01;1,85
Total Nacional;12 Galicia;15 Coruña, A;2023M12;1,78
Total Nacional;12 Galicia;15 Coruña, A;2023M11;1,77
Total Nacional;12 Galicia;15 Coruña, A;2023M10;1,67
Total Nacional;12 Galicia;15 Coruña, A;2023M09;1,64
Total Nacional;12 Galicia;15 Coruña, A;2023M08;2,01
Total Nacional;12 Galicia;15 Coruña, A;2023M07;1,94
Total Nacional;12 Galicia;15 Coruña, A;2023M06;1,72
Total Nacional;12 Galicia;15 Coruña, A;2023M05;1,60
Total Nacional;12 Galicia;15 Coruña, A;2023M04;1,71
Total Nacional;12 Galicia;15 Coruña, A;2023M03;1,87
Total Nacional;12 Galicia;15 Coruña, A;2023M02;1,81
Total Nacional;12 Galicia;15 Coruña, A;2023M01;1,92
Total Nacional;12 Galicia;15 Coruña, A;2022M12;1,90
Total Nacional;12 Galicia;15 Coruña, A;2022M11;1,90
Total Nacional;12 Galicia;15 Coruña, A;2022M10;1,71
Total Nacional;12 Galicia;15 Coruña, A;2022M09;1,73
Total Nacional;12 Galicia;15 Coruña, A;2022M08;2,03
Total Nacional;12 Galicia;15 Coruña, A;2022M07;1,94
Total Nacional;12 Galicia;15 Coruña, A;2022M06;1,76
Total Nacional;12 Galicia;15 Coruña, A;2022M05;1,67
Total Nacional;12 Galicia;15 Coruña, A;2022M04;1,73
Total Nacional;12 Galicia;15 Coruña, A;2022M03;1,86
Total Nacional;12 Galicia;15 Coruña, A;2022M02;1,80
Total Nacional;12 Galicia;15 Coruña, A;2022M01;1,87
Total Nacional;12 Galicia;27 Lugo;2026M03;1,67
Total Nacional;12 Galicia;27 Lugo;2026M02;1,78
Total Nacional;12 Galicia;27 Lugo;2026M01;1,81
Total Nacional;12 Galicia;27 Lugo;2025M12;1,83
Total Nacional;12 Galicia;27 Lugo;2025M11;1,84
Total Nacional;12 Galicia;27 Lugo;2025M10;1,50
Total Nacional;12 Galicia;27 Lugo;2025M09;1,50
Total Nacional;12 Galicia;27 Lugo;2025M08;1,76
Total Nacional;12 Galicia;27 Lugo;2025M07;1,73
Total Nacional;12 Galicia;27 Lugo;2025M06;1,50
Total Nacional;12 Galicia;27 Lugo;2025M05;1,49
Total Nacional;12 Galicia;27 Lugo;2025M04;1,52
Total Nacional;12 Galicia;27 Lugo;2025M03;1,71
Total Nacional;12 Galicia;27 Lugo;2025M02;1,67
Total Nacional;12 Galicia;27 Lugo;2025M01;1,78
Total Nacional;12 Galicia;27 Lugo;2024M12;1,87
Total Nacional;12 Galicia;27 Lugo;2024M11;1,92
Total Nacional;12 Galicia;27 Lugo;2024M10;1,58
Total Nacional;12 Galicia;27 Lugo;2024M09;1,52
Total Nacional;12 Galicia;27 Lugo;2024M08;1,84
Total Nacional;12 Galicia;27 Lugo;2024M07;1,66
Total Nacional;12 Galicia;27 Lugo;2024M06;1,60
Total Nacional;12 Galicia;27 Lugo;2024M05;1,46
Total Nacional;12 Galicia;27 Lugo;2024M04;1,50
Total Nacional;12 Galicia;27 Lugo;2024M03;1,68
Total Nacional;12 Galicia;27 Lugo;2024M02;1,88
Total Nacional;12 Galicia;27 Lugo;2024M01;1,90
Total Nacional;12 Galicia;27 Lugo;2023M12;1,97
Total Nacional;12 Galicia;27 Lugo;2023M11;1,86
Total Nacional;12 Galicia;27 Lugo;2023M10;1,59
Total Nacional;12 Galicia;27 Lugo;2023M09;1,50
Total Nacional;12 Galicia;27 Lugo;2023M08;1,93
Total Nacional;12 Galicia;27 Lugo;2023M07;1,68
Total Nacional;12 Galicia;27 Lugo;2023M06;1,52
Total Nacional;12 Galicia;27 Lugo;2023M05;1,43
Total Nacional;12 Galicia;27 Lugo;2023M04;1,56
Total Nacional;12 Galicia;27 Lugo;2023M03;1,67
Total Nacional;12 Galicia;27 Lugo;2023M02;1,77
Total Nacional;12 Galicia;27 Lugo;2023M01;1,79
Total Nacional;12 Galicia;27 Lugo;2022M12;1,75
Total Nacional;12 Galicia;27 Lugo;2022M11;1,73
Total Nacional;12 Galicia;27 Lugo;2022M10;1,53
Total Nacional;12 Galicia;27 Lugo;2022M09;1,48
Total Nacional;12 Galicia;27 Lugo;2022M08;1,76
Total Nacional;12 Galicia;27 Lugo;2022M07;1,63
Total Nacional;12 Galicia;27 Lugo;2022M06;1,51
Total Nacional;12 Galicia;27 Lugo;2022M05;1,39
Total Nacional;12 Galicia;27 Lugo;2022M04;1,51
Total Nacional;12 Galicia;27 Lugo;2022M03;1,68
Total Nacional;12 Galicia;27 Lugo;2022M02;1,76
Total Nacional;12 Galicia;27 Lugo;2022M01;1,80
Total Nacional;12 Galicia;32 Ourense;2026M03;2,01
Total Nacional;12 Galicia;32 Ourense;2026M02;1,85
Total Nacional;12 Galicia;32 Ourense;2026M01;1,77
Total Nacional;12 Galicia;32 Ourense;2025M12;1,80
Total Nacional;12 Galicia;32 Ourense;2025M11;2,00
Total Nacional;12 Galicia;32 Ourense;2025M10;1,99
Total Nacional;12 Galicia;32 Ourense;2025M09;2,08
Total Nacional;12 Galicia;32 Ourense;2025M08;2,07
Total Nacional;12 Galicia;32 Ourense;2025M07;2,03
Total Nacional;12 Galicia;32 Ourense;2025M06;2,01
Total Nacional;12 Galicia;32 Ourense;2025M05;1,90
Total Nacional;12 Galicia;32 Ourense;2025M04;1,96
Total Nacional;12 Galicia;32 Ourense;2025M03;1,80
Total Nacional;12 Galicia;32 Ourense;2025M02;1,60
Total Nacional;12 Galicia;32 Ourense;2025M01;1,64
Total Nacional;12 Galicia;32 Ourense;2024M12;1,74
Total Nacional;12 Galicia;32 Ourense;2024M11;1,92
Total Nacional;12 Galicia;32 Ourense;2024M10;2,12
Total Nacional;12 Galicia;32 Ourense;2024M09;2,03
Total Nacional;12 Galicia;32 Ourense;2024M08;2,09
Total Nacional;12 Galicia;32 Ourense;2024M07;1,99
Total Nacional;12 Galicia;32 Ourense;2024M06;1,99
Total Nacional;12 Galicia;32 Ourense;2024M05;2,05
Total Nacional;12 Galicia;32 Ourense;2024M04;2,02
Total Nacional;12 Galicia;32 Ourense;2024M03;1,81
Total Nacional;12 Galicia;32 Ourense;2024M02;1,71
Total Nacional;12 Galicia;32 Ourense;2024M01;1,63
Total Nacional;12 Galicia;32 Ourense;2023M12;1,72
Total Nacional;12 Galicia;32 Ourense;2023M11;2,03
Total Nacional;12 Galicia;32 Ourense;2023M10;2,09
Total Nacional;12 Galicia;32 Ourense;2023M09;2,00
Total Nacional;12 Galicia;32 Ourense;2023M08;2,08
Total Nacional;12 Galicia;32 Ourense;2023M07;2,07
Total Nacional;12 Galicia;32 Ourense;2023M06;1,98
Total Nacional;12 Galicia;32 Ourense;2023M05;2,04
Total Nacional;12 Galicia;32 Ourense;2023M04;1,94
Total Nacional;12 Galicia;32 Ourense;2023M03;1,83
Total Nacional;12 Galicia;32 Ourense;2023M02;1,77
Total Nacional;12 Galicia;32 Ourense;2023M01;1,82
Total Nacional;12 Galicia;32 Ourense;2022M12;1,79
Total Nacional;12 Galicia;32 Ourense;2022M11;1,98
Total Nacional;12 Galicia;32 Ourense;2022M10;2,08
Total Nacional;12 Galicia;32 Ourense;2022M09;2,02
Total Nacional;12 Galicia;32 Ourense;2022M08;2,06
Total Nacional;12 Galicia;32 Ourense;2022M07;1,99
Total Nacional;12 Galicia;32 Ourense;2022M06;1,92
Total Nacional;12 Galicia;32 Ourense;2022M05;1,98
Total Nacional;12 Galicia;32 Ourense;2022M04;1,90
Total Nacional;12 Galicia;32 Ourense;2022M03;1,88
Total Nacional;12 Galicia;32 Ourense;2022M02;1,69
Total Nacional;12 Galicia;32 Ourense;2022M01;1,70
Total Nacional;12 Galicia;36 Pontevedra;2026M03;1,84
Total Nacional;12 Galicia;36 Pontevedra;2026M02;1,83
Total Nacional;12 Galicia;36 Pontevedra;2026M01;1,84
Total Nacional;12 Galicia;36 Pontevedra;2025M12;1,73
Total Nacional;12 Galicia;36 Pontevedra;2025M11;1,95
Total Nacional;12 Galicia;36 Pontevedra;2025M10;1,89
Total Nacional;12 Galicia;36 Pontevedra;2025M09;1,94
Total Nacional;12 Galicia;36 Pontevedra;2025M08;2,63
Total Nacional;12 Galicia;36 Pontevedra;2025M07;2,47
Total Nacional;12 Galicia;36 Pontevedra;2025M06;2,00
Total Nacional;12 Galicia;36 Pontevedra;2025M05;1,67
Total Nacional;12 Galicia;36 Pontevedra;2025M04;1,76
Total Nacional;12 Galicia;36 Pontevedra;2025M03;1,74
Total Nacional;12 Galicia;36 Pontevedra;2025M02;1,68
Total Nacional;12 Galicia;36 Pontevedra;2025M01;1,64
Total Nacional;12 Galicia;36 Pontevedra;2024M12;1,74
Total Nacional;12 Galicia;36 Pontevedra;2024M11;1,93
Total Nacional;12 Galicia;36 Pontevedra;2024M10;2,01
Total Nacional;12 Galicia;36 Pontevedra;2024M09;2,09
Total Nacional;12 Galicia;36 Pontevedra;2024M08;2,54
Total Nacional;12 Galicia;36 Pontevedra;2024M07;2,53
Total Nacional;12 Galicia;36 Pontevedra;2024M06;2,06
Total Nacional;12 Galicia;36 Pontevedra;2024M05;1,75
Total Nacional;12 Galicia;36 Pontevedra;2024M04;1,80
Total Nacional;12 Galicia;36 Pontevedra;2024M03;2,02
Total Nacional;12 Galicia;36 Pontevedra;2024M02;1,75
Total Nacional;12 Galicia;36 Pontevedra;2024M01;1,72
Total Nacional;12 Galicia;36 Pontevedra;2023M12;1,70
Total Nacional;12 Galicia;36 Pontevedra;2023M11;1,99
Total Nacional;12 Galicia;36 Pontevedra;2023M10;2,13
Total Nacional;12 Galicia;36 Pontevedra;2023M09;2,28
Total Nacional;12 Galicia;36 Pontevedra;2023M08;2,67
Total Nacional;12 Galicia;36 Pontevedra;2023M07;2,62
Total Nacional;12 Galicia;36 Pontevedra;2023M06;2,11
Total Nacional;12 Galicia;36 Pontevedra;2023M05;1,88
Total Nacional;12 Galicia;36 Pontevedra;2023M04;1,95
Total Nacional;12 Galicia;36 Pontevedra;2023M03;1,86
Total Nacional;12 Galicia;36 Pontevedra;2023M02;1,75
Total Nacional;12 Galicia;36 Pontevedra;2023M01;1,69
Total Nacional;12 Galicia;36 Pontevedra;2022M12;1,77
Total Nacional;12 Galicia;36 Pontevedra;2022M11;2,15
Total Nacional;12 Galicia;36 Pontevedra;2022M10;2,27
Total Nacional;12 Galicia;36 Pontevedra;2022M09;2,27
Total Nacional;12 Galicia;36 Pontevedra;2022M08;2,72
Total Nacional;12 Galicia;36 Pontevedra;2022M07;2,57
Total Nacional;12 Galicia;36 Pontevedra;2022M06;2,20
Total Nacional;12 Galicia;36 Pontevedra;2022M05;1,97
Total Nacional;12 Galicia;36 Pontevedra;2022M04;2,03
Total Nacional;12 Galicia;36 Pontevedra;2022M03;2,11
Total Nacional;12 Galicia;36 Pontevedra;2022M02;1,86
Total Nacional;12 Galicia;36 Pontevedra;2022M01;1,97
Total Nacional;13 Madrid, Comunidad de;;2026M03;2,09
Total Nacional;13 Madrid, Comunidad de;;2026M02;2,04
Total Nacional;13 Madrid, Comunidad de;;2026M01;2,17
Total Nacional;13 Madrid, Comunidad de;;2025M12;2,03
Total Nacional;13 Madrid, Comunidad de;;2025M11;2,06
Total Nacional;13 Madrid, Comunidad de;;2025M10;2,09
Total Nacional;13 Madrid, Comunidad de;;2025M09;2,07
Total Nacional;13 Madrid, Comunidad de;;2025M08;2,06
Total Nacional;13 Madrid, Comunidad de;;2025M07;1,98
Total Nacional;13 Madrid, Comunidad de;;2025M06;2,01
Total Nacional;13 Madrid, Comunidad de;;2025M05;2,11
Total Nacional;13 Madrid, Comunidad de;;2025M04;2,17
Total Nacional;13 Madrid, Comunidad de;;2025M03;2,08
Total Nacional;13 Madrid, Comunidad de;;2025M02;2,03
Total Nacional;13 Madrid, Comunidad de;;2025M01;2,07
Total Nacional;13 Madrid, Comunidad de;;2024M12;2,05
Total Nacional;13 Madrid, Comunidad de;;2024M11;2,02
Total Nacional;13 Madrid, Comunidad de;;2024M10;2,05
Total Nacional;13 Madrid, Comunidad de;;2024M09;1,99
Total Nacional;13 Madrid, Comunidad de;;2024M08;1,99
Total Nacional;13 Madrid, Comunidad de;;2024M07;1,97
Total Nacional;13 Madrid, Comunidad de;;2024M06;1,97
Total Nacional;13 Madrid, Comunidad de;;2024M05;2,02
Total Nacional;13 Madrid, Comunidad de;;2024M04;2,04
Total Nacional;13 Madrid, Comunidad de;;2024M03;2,07
Total Nacional;13 Madrid, Comunidad de;;2024M02;1,97
Total Nacional;13 Madrid, Comunidad de;;2024M01;2,03
Total Nacional;13 Madrid, Comunidad de;;2023M12;2,02
Total Nacional;13 Madrid, Comunidad de;;2023M11;2,00
Total Nacional;13 Madrid, Comunidad de;;2023M10;2,07
Total Nacional;13 Madrid, Comunidad de;;2023M09;2,00
Total Nacional;13 Madrid, Comunidad de;;2023M08;1,98
Total Nacional;13 Madrid, Comunidad de;;2023M07;1,97
Total Nacional;13 Madrid, Comunidad de;;2023M06;1,93
Total Nacional;13 Madrid, Comunidad de;;2023M05;1,99
Total Nacional;13 Madrid, Comunidad de;;2023M04;2,09
Total Nacional;13 Madrid, Comunidad de;;2023M03;1,94
Total Nacional;13 Madrid, Comunidad de;;2023M02;1,94
Total Nacional;13 Madrid, Comunidad de;;2023M01;1,96
Total Nacional;13 Madrid, Comunidad de;;2022M12;1,97
Total Nacional;13 Madrid, Comunidad de;;2022M11;1,92
Total Nacional;13 Madrid, Comunidad de;;2022M10;2,03
Total Nacional;13 Madrid, Comunidad de;;2022M09;1,97
Total Nacional;13 Madrid, Comunidad de;;2022M08;1,99
Total Nacional;13 Madrid, Comunidad de;;2022M07;2,00
Total Nacional;13 Madrid, Comunidad de;;2022M06;2,00
Total Nacional;13 Madrid, Comunidad de;;2022M05;2,03
Total Nacional;13 Madrid, Comunidad de;;2022M04;2,11
Total Nacional;13 Madrid, Comunidad de;;2022M03;2,03
Total Nacional;13 Madrid, Comunidad de;;2022M02;1,99
Total Nacional;13 Madrid, Comunidad de;;2022M01;2,10
Total Nacional;14 Murcia, Región de;;2026M03;2,17
Total Nacional;14 Murcia, Región de;;2026M02;1,88
Total Nacional;14 Murcia, Región de;;2026M01;1,79
Total Nacional;14 Murcia, Región de;;2025M12;1,78
Total Nacional;14 Murcia, Región de;;2025M11;2,13
Total Nacional;14 Murcia, Región de;;2025M10;2,21
Total Nacional;14 Murcia, Región de;;2025M09;2,49
Total Nacional;14 Murcia, Región de;;2025M08;2,56
Total Nacional;14 Murcia, Región de;;2025M07;2,43
Total Nacional;14 Murcia, Región de;;2025M06;2,37
Total Nacional;14 Murcia, Región de;;2025M05;2,46
Total Nacional;14 Murcia, Región de;;2025M04;2,46
Total Nacional;14 Murcia, Región de;;2025M03;2,41
Total Nacional;14 Murcia, Región de;;2025M02;1,99
Total Nacional;14 Murcia, Región de;;2025M01;1,88
Total Nacional;14 Murcia, Región de;;2024M12;1,82
Total Nacional;14 Murcia, Región de;;2024M11;2,03
Total Nacional;14 Murcia, Región de;;2024M10;2,21
Total Nacional;14 Murcia, Región de;;2024M09;2,55
Total Nacional;14 Murcia, Región de;;2024M08;2,63
Total Nacional;14 Murcia, Región de;;2024M07;2,39
Total Nacional;14 Murcia, Región de;;2024M06;2,37
Total Nacional;14 Murcia, Región de;;2024M05;2,43
Total Nacional;14 Murcia, Región de;;2024M04;2,32
Total Nacional;14 Murcia, Región de;;2024M03;2,34
Total Nacional;14 Murcia, Región de;;2024M02;2,13
Total Nacional;14 Murcia, Región de;;2024M01;1,86
Total Nacional;14 Murcia, Región de;;2023M12;1,83
Total Nacional;14 Murcia, Región de;;2023M11;2,01
Total Nacional;14 Murcia, Región de;;2023M10;2,19
Total Nacional;14 Murcia, Región de;;2023M09;2,33
Total Nacional;14 Murcia, Región de;;2023M08;2,62
Total Nacional;14 Murcia, Región de;;2023M07;2,39
Total Nacional;14 Murcia, Región de;;2023M06;2,36
Total Nacional;14 Murcia, Región de;;2023M05;2,48
Total Nacional;14 Murcia, Región de;;2023M04;2,38
Total Nacional;14 Murcia, Región de;;2023M03;2,34
Total Nacional;14 Murcia, Región de;;2023M02;1,99
Total Nacional;14 Murcia, Región de;;2023M01;1,80
Total Nacional;14 Murcia, Región de;;2022M12;1,85
Total Nacional;14 Murcia, Región de;;2022M11;2,02
Total Nacional;14 Murcia, Región de;;2022M10;2,18
Total Nacional;14 Murcia, Región de;;2022M09;2,33
Total Nacional;14 Murcia, Región de;;2022M08;2,53
Total Nacional;14 Murcia, Región de;;2022M07;2,38
Total Nacional;14 Murcia, Región de;;2022M06;2,36
Total Nacional;14 Murcia, Región de;;2022M05;2,39
Total Nacional;14 Murcia, Región de;;2022M04;2,37
Total Nacional;14 Murcia, Región de;;2022M03;2,23
Total Nacional;14 Murcia, Región de;;2022M02;1,94
Total Nacional;14 Murcia, Región de;;2022M01;1,79
Total Nacional;15 Navarra, Comunidad Foral de;;2026M03;1,87
Total Nacional;15 Navarra, Comunidad Foral de;;2026M02;1,93
Total Nacional;15 Navarra, Comunidad Foral de;;2026M01;1,88
Total Nacional;15 Navarra, Comunidad Foral de;;2025M12;1,85
Total Nacional;15 Navarra, Comunidad Foral de;;2025M11;2,22
Total Nacional;15 Navarra, Comunidad Foral de;;2025M10;1,98
Total Nacional;15 Navarra, Comunidad Foral de;;2025M09;1,82
Total Nacional;15 Navarra, Comunidad Foral de;;2025M08;1,97
Total Nacional;15 Navarra, Comunidad Foral de;;2025M07;2,04
Total Nacional;15 Navarra, Comunidad Foral de;;2025M06;1,90
Total Nacional;15 Navarra, Comunidad Foral de;;2025M05;1,88
Total Nacional;15 Navarra, Comunidad Foral de;;2025M04;1,91
Total Nacional;15 Navarra, Comunidad Foral de;;2025M03;1,99
Total Nacional;15 Navarra, Comunidad Foral de;;2025M02;1,81
Total Nacional;15 Navarra, Comunidad Foral de;;2025M01;1,78
Total Nacional;15 Navarra, Comunidad Foral de;;2024M12;1,79
Total Nacional;15 Navarra, Comunidad Foral de;;2024M11;2,05
Total Nacional;15 Navarra, Comunidad Foral de;;2024M10;1,90
Total Nacional;15 Navarra, Comunidad Foral de;;2024M09;1,79
Total Nacional;15 Navarra, Comunidad Foral de;;2024M08;2,08
Total Nacional;15 Navarra, Comunidad Foral de;;2024M07;1,96
Total Nacional;15 Navarra, Comunidad Foral de;;2024M06;1,82
Total Nacional;15 Navarra, Comunidad Foral de;;2024M05;1,78
Total Nacional;15 Navarra, Comunidad Foral de;;2024M04;1,79
Total Nacional;15 Navarra, Comunidad Foral de;;2024M03;1,88
Total Nacional;15 Navarra, Comunidad Foral de;;2024M02;1,72
Total Nacional;15 Navarra, Comunidad Foral de;;2024M01;1,70
Total Nacional;15 Navarra, Comunidad Foral de;;2023M12;1,66
Total Nacional;15 Navarra, Comunidad Foral de;;2023M11;2,00
Total Nacional;15 Navarra, Comunidad Foral de;;2023M10;1,94
Total Nacional;15 Navarra, Comunidad Foral de;;2023M09;1,79
Total Nacional;15 Navarra, Comunidad Foral de;;2023M08;1,91
Total Nacional;15 Navarra, Comunidad Foral de;;2023M07;1,88
Total Nacional;15 Navarra, Comunidad Foral de;;2023M06;1,81
Total Nacional;15 Navarra, Comunidad Foral de;;2023M05;1,74
Total Nacional;15 Navarra, Comunidad Foral de;;2023M04;1,83
Total Nacional;15 Navarra, Comunidad Foral de;;2023M03;1,84
Total Nacional;15 Navarra, Comunidad Foral de;;2023M02;1,76
Total Nacional;15 Navarra, Comunidad Foral de;;2023M01;1,72
Total Nacional;15 Navarra, Comunidad Foral de;;2022M12;1,70
Total Nacional;15 Navarra, Comunidad Foral de;;2022M11;1,91
Total Nacional;15 Navarra, Comunidad Foral de;;2022M10;1,91
Total Nacional;15 Navarra, Comunidad Foral de;;2022M09;1,77
Total Nacional;15 Navarra, Comunidad Foral de;;2022M08;1,88
Total Nacional;15 Navarra, Comunidad Foral de;;2022M07;1,84
Total Nacional;15 Navarra, Comunidad Foral de;;2022M06;1,77
Total Nacional;15 Navarra, Comunidad Foral de;;2022M05;1,79
Total Nacional;15 Navarra, Comunidad Foral de;;2022M04;1,78
Total Nacional;15 Navarra, Comunidad Foral de;;2022M03;1,90
Total Nacional;15 Navarra, Comunidad Foral de;;2022M02;1,73
Total Nacional;15 Navarra, Comunidad Foral de;;2022M01;1,81
Total Nacional;16 País Vasco;;2026M03;1,93
Total Nacional;16 País Vasco;;2026M02;1,89
Total Nacional;16 País Vasco;;2026M01;1,92
Total Nacional;16 País Vasco;;2025M12;1,85
Total Nacional;16 País Vasco;;2025M11;1,94
Total Nacional;16 País Vasco;;2025M10;1,98
Total Nacional;16 País Vasco;;2025M09;2,07
Total Nacional;16 País Vasco;;2025M08;2,18
Total Nacional;16 País Vasco;;2025M07;2,11
Total Nacional;16 País Vasco;;2025M06;2,03
Total Nacional;16 País Vasco;;2025M05;1,97
Total Nacional;16 País Vasco;;2025M04;1,94
Total Nacional;16 País Vasco;;2025M03;1,94
Total Nacional;16 País Vasco;;2025M02;1,84
Total Nacional;16 País Vasco;;2025M01;1,88
Total Nacional;16 País Vasco;;2024M12;1,88
Total Nacional;16 País Vasco;;2024M11;1,91
Total Nacional;16 País Vasco;;2024M10;1,96
Total Nacional;16 País Vasco;;2024M09;1,99
Total Nacional;16 País Vasco;;2024M08;2,11
Total Nacional;16 País Vasco;;2024M07;2,10
Total Nacional;16 País Vasco;;2024M06;1,98
Total Nacional;16 País Vasco;;2024M05;1,91
Total Nacional;16 País Vasco;;2024M04;1,86
Total Nacional;16 País Vasco;;2024M03;1,90
Total Nacional;16 País Vasco;;2024M02;1,83
Total Nacional;16 País Vasco;;2024M01;1,83
Total Nacional;16 País Vasco;;2023M12;1,84
Total Nacional;16 País Vasco;;2023M11;1,88
Total Nacional;16 País Vasco;;2023M10;1,97
Total Nacional;16 País Vasco;;2023M09;2,01
Total Nacional;16 País Vasco;;2023M08;2,17
Total Nacional;16 País Vasco;;2023M07;2,07
Total Nacional;16 País Vasco;;2023M06;1,97
Total Nacional;16 País Vasco;;2023M05;1,93
Total Nacional;16 País Vasco;;2023M04;1,91
Total Nacional;16 País Vasco;;2023M03;1,83
Total Nacional;16 País Vasco;;2023M02;1,85
Total Nacional;16 País Vasco;;2023M01;1,81
Total Nacional;16 País Vasco;;2022M12;1,87
Total Nacional;16 País Vasco;;2022M11;1,88
Total Nacional;16 País Vasco;;2022M10;1,96
Total Nacional;16 País Vasco;;2022M09;1,97
Total Nacional;16 País Vasco;;2022M08;2,13
Total Nacional;16 País Vasco;;2022M07;2,04
Total Nacional;16 País Vasco;;2022M06;1,98
Total Nacional;16 País Vasco;;2022M05;1,88
Total Nacional;16 País Vasco;;2022M04;1,88
Total Nacional;16 País Vasco;;2022M03;1,87
Total Nacional;16 País Vasco;;2022M02;1,76
Total Nacional;16 País Vasco;;2022M01;1,73
Total Nacional;16 País Vasco;01 Araba/Álava;2026M03;2,32
Total Nacional;16 País Vasco;01 Araba/Álava;2026M02;2,25
Total Nacional;16 País Vasco;01 Araba/Álava;2026M01;2,26
Total Nacional;16 País Vasco;01 Araba/Álava;2025M12;2,09
Total Nacional;16 País Vasco;01 Araba/Álava;2025M11;2,23
Total Nacional;16 País Vasco;01 Araba/Álava;2025M10;2,16
Total Nacional;16 País Vasco;01 Araba/Álava;2025M09;2,20
Total Nacional;16 País Vasco;01 Araba/Álava;2025M08;2,10
Total Nacional;16 País Vasco;01 Araba/Álava;2025M07;2,19
Total Nacional;16 País Vasco;01 Araba/Álava;2025M06;2,13
Total Nacional;16 País Vasco;01 Araba/Álava;2025M05;2,09
Total Nacional;16 País Vasco;01 Araba/Álava;2025M04;2,10
Total Nacional;16 País Vasco;01 Araba/Álava;2025M03;2,18
Total Nacional;16 País Vasco;01 Araba/Álava;2025M02;2,11
Total Nacional;16 País Vasco;01 Araba/Álava;2025M01;2,25
Total Nacional;16 País Vasco;01 Araba/Álava;2024M12;2,15
Total Nacional;16 País Vasco;01 Araba/Álava;2024M11;2,20
Total Nacional;16 País Vasco;01 Araba/Álava;2024M10;2,08
Total Nacional;16 País Vasco;01 Araba/Álava;2024M09;2,02
Total Nacional;16 País Vasco;01 Araba/Álava;2024M08;1,99
Total Nacional;16 País Vasco;01 Araba/Álava;2024M07;2,01
Total Nacional;16 País Vasco;01 Araba/Álava;2024M06;2,02
Total Nacional;16 País Vasco;01 Araba/Álava;2024M05;1,93
Total Nacional;16 País Vasco;01 Araba/Álava;2024M04;2,01
Total Nacional;16 País Vasco;01 Araba/Álava;2024M03;2,08
Total Nacional;16 País Vasco;01 Araba/Álava;2024M02;2,20
Total Nacional;16 País Vasco;01 Araba/Álava;2024M01;2,21
Total Nacional;16 País Vasco;01 Araba/Álava;2023M12;2,07
Total Nacional;16 País Vasco;01 Araba/Álava;2023M11;2,12
Total Nacional;16 País Vasco;01 Araba/Álava;2023M10;2,11
Total Nacional;16 País Vasco;01 Araba/Álava;2023M09;2,07
Total Nacional;16 País Vasco;01 Araba/Álava;2023M08;2,04
Total Nacional;16 País Vasco;01 Araba/Álava;2023M07;1,96
Total Nacional;16 País Vasco;01 Araba/Álava;2023M06;1,94
Total Nacional;16 País Vasco;01 Araba/Álava;2023M05;1,89
Total Nacional;16 País Vasco;01 Araba/Álava;2023M04;1,95
Total Nacional;16 País Vasco;01 Araba/Álava;2023M03;1,98
Total Nacional;16 País Vasco;01 Araba/Álava;2023M02;2,15
Total Nacional;16 País Vasco;01 Araba/Álava;2023M01;1,96
Total Nacional;16 País Vasco;01 Araba/Álava;2022M12;1,95
Total Nacional;16 País Vasco;01 Araba/Álava;2022M11;1,99
Total Nacional;16 País Vasco;01 Araba/Álava;2022M10;1,99
Total Nacional;16 País Vasco;01 Araba/Álava;2022M09;1,89
Total Nacional;16 País Vasco;01 Araba/Álava;2022M08;1,93
Total Nacional;16 País Vasco;01 Araba/Álava;2022M07;1,85
Total Nacional;16 País Vasco;01 Araba/Álava;2022M06;1,93
Total Nacional;16 País Vasco;01 Araba/Álava;2022M05;1,92
Total Nacional;16 País Vasco;01 Araba/Álava;2022M04;1,87
Total Nacional;16 País Vasco;01 Araba/Álava;2022M03;2,00
Total Nacional;16 País Vasco;01 Araba/Álava;2022M02;1,98
Total Nacional;16 País Vasco;01 Araba/Álava;2022M01;1,98
Total Nacional;16 País Vasco;48 Bizkaia;2026M03;1,90
Total Nacional;16 País Vasco;48 Bizkaia;2026M02;1,91
Total Nacional;16 País Vasco;48 Bizkaia;2026M01;1,93
Total Nacional;16 País Vasco;48 Bizkaia;2025M12;1,83
Total Nacional;16 País Vasco;48 Bizkaia;2025M11;1,88
Total Nacional;16 País Vasco;48 Bizkaia;2025M10;1,90
Total Nacional;16 País Vasco;48 Bizkaia;2025M09;1,95
Total Nacional;16 País Vasco;48 Bizkaia;2025M08;2,14
Total Nacional;16 País Vasco;48 Bizkaia;2025M07;2,01
Total Nacional;16 País Vasco;48 Bizkaia;2025M06;1,96
Total Nacional;16 País Vasco;48 Bizkaia;2025M05;1,91
Total Nacional;16 País Vasco;48 Bizkaia;2025M04;1,89
Total Nacional;16 País Vasco;48 Bizkaia;2025M03;1,87
Total Nacional;16 País Vasco;48 Bizkaia;2025M02;1,86
Total Nacional;16 País Vasco;48 Bizkaia;2025M01;1,86
Total Nacional;16 País Vasco;48 Bizkaia;2024M12;1,83
Total Nacional;16 País Vasco;48 Bizkaia;2024M11;1,85
Total Nacional;16 País Vasco;48 Bizkaia;2024M10;1,92
Total Nacional;16 País Vasco;48 Bizkaia;2024M09;1,94
Total Nacional;16 País Vasco;48 Bizkaia;2024M08;2,10
Total Nacional;16 País Vasco;48 Bizkaia;2024M07;1,99
Total Nacional;16 País Vasco;48 Bizkaia;2024M06;1,93
Total Nacional;16 País Vasco;48 Bizkaia;2024M05;1,90
Total Nacional;16 País Vasco;48 Bizkaia;2024M04;1,84
Total Nacional;16 País Vasco;48 Bizkaia;2024M03;1,90
Total Nacional;16 País Vasco;48 Bizkaia;2024M02;1,82
Total Nacional;16 País Vasco;48 Bizkaia;2024M01;1,76
Total Nacional;16 País Vasco;48 Bizkaia;2023M12;1,81
Total Nacional;16 País Vasco;48 Bizkaia;2023M11;1,82
Total Nacional;16 País Vasco;48 Bizkaia;2023M10;1,92
Total Nacional;16 País Vasco;48 Bizkaia;2023M09;1,97
Total Nacional;16 País Vasco;48 Bizkaia;2023M08;2,15
Total Nacional;16 País Vasco;48 Bizkaia;2023M07;1,93
Total Nacional;16 País Vasco;48 Bizkaia;2023M06;1,92
Total Nacional;16 País Vasco;48 Bizkaia;2023M05;1,90
Total Nacional;16 País Vasco;48 Bizkaia;2023M04;1,92
Total Nacional;16 País Vasco;48 Bizkaia;2023M03;1,80
Total Nacional;16 País Vasco;48 Bizkaia;2023M02;1,84
Total Nacional;16 País Vasco;48 Bizkaia;2023M01;1,81
Total Nacional;16 País Vasco;48 Bizkaia;2022M12;1,87
Total Nacional;16 País Vasco;48 Bizkaia;2022M11;1,86
Total Nacional;16 País Vasco;48 Bizkaia;2022M10;1,93
Total Nacional;16 País Vasco;48 Bizkaia;2022M09;1,91
Total Nacional;16 País Vasco;48 Bizkaia;2022M08;2,06
Total Nacional;16 País Vasco;48 Bizkaia;2022M07;1,84
Total Nacional;16 País Vasco;48 Bizkaia;2022M06;1,88
Total Nacional;16 País Vasco;48 Bizkaia;2022M05;1,82
Total Nacional;16 País Vasco;48 Bizkaia;2022M04;1,82
Total Nacional;16 País Vasco;48 Bizkaia;2022M03;1,82
Total Nacional;16 País Vasco;48 Bizkaia;2022M02;1,72
Total Nacional;16 País Vasco;48 Bizkaia;2022M01;1,73
Total Nacional;16 País Vasco;20 Gipuzkoa;2026M03;1,85
Total Nacional;16 País Vasco;20 Gipuzkoa;2026M02;1,75
Total Nacional;16 País Vasco;20 Gipuzkoa;2026M01;1,80
Total Nacional;16 País Vasco;20 Gipuzkoa;2025M12;1,79
Total Nacional;16 País Vasco;20 Gipuzkoa;2025M11;1,92
Total Nacional;16 País Vasco;20 Gipuzkoa;2025M10;2,02
Total Nacional;16 País Vasco;20 Gipuzkoa;2025M09;2,16
Total Nacional;16 País Vasco;20 Gipuzkoa;2025M08;2,26
Total Nacional;16 País Vasco;20 Gipuzkoa;2025M07;2,20
Total Nacional;16 País Vasco;20 Gipuzkoa;2025M06;2,06
Total Nacional;16 País Vasco;20 Gipuzkoa;2025M05;2,01
Total Nacional;16 País Vasco;20 Gipuzkoa;2025M04;1,95
Total Nacional;16 País Vasco;20 Gipuzkoa;2025M03;1,94
Total Nacional;16 País Vasco;20 Gipuzkoa;2025M02;1,74
Total Nacional;16 País Vasco;20 Gipuzkoa;2025M01;1,78
Total Nacional;16 País Vasco;20 Gipuzkoa;2024M12;1,84
Total Nacional;16 País Vasco;20 Gipuzkoa;2024M11;1,88
Total Nacional;16 País Vasco;20 Gipuzkoa;2024M10;1,97
Total Nacional;16 País Vasco;20 Gipuzkoa;2024M09;2,04
Total Nacional;16 País Vasco;20 Gipuzkoa;2024M08;2,17
Total Nacional;16 País Vasco;20 Gipuzkoa;2024M07;2,26
Total Nacional;16 País Vasco;20 Gipuzkoa;2024M06;2,03
Total Nacional;16 País Vasco;20 Gipuzkoa;2024M05;1,92
Total Nacional;16 País Vasco;20 Gipuzkoa;2024M04;1,83
Total Nacional;16 País Vasco;20 Gipuzkoa;2024M03;1,83
Total Nacional;16 País Vasco;20 Gipuzkoa;2024M02;1,73
Total Nacional;16 País Vasco;20 Gipuzkoa;2024M01;1,79
Total Nacional;16 País Vasco;20 Gipuzkoa;2023M12;1,79
Total Nacional;16 País Vasco;20 Gipuzkoa;2023M11;1,88
Total Nacional;16 País Vasco;20 Gipuzkoa;2023M10;1,99
Total Nacional;16 País Vasco;20 Gipuzkoa;2023M09;2,02
Total Nacional;16 País Vasco;20 Gipuzkoa;2023M08;2,24
Total Nacional;16 País Vasco;20 Gipuzkoa;2023M07;2,28
Total Nacional;16 País Vasco;20 Gipuzkoa;2023M06;2,02
Total Nacional;16 País Vasco;20 Gipuzkoa;2023M05;1,98
Total Nacional;16 País Vasco;20 Gipuzkoa;2023M04;1,90
Total Nacional;16 País Vasco;20 Gipuzkoa;2023M03;1,81
Total Nacional;16 País Vasco;20 Gipuzkoa;2023M02;1,77
Total Nacional;16 País Vasco;20 Gipuzkoa;2023M01;1,75
Total Nacional;16 País Vasco;20 Gipuzkoa;2022M12;1,84
Total Nacional;16 País Vasco;20 Gipuzkoa;2022M11;1,89
Total Nacional;16 País Vasco;20 Gipuzkoa;2022M10;2,00
Total Nacional;16 País Vasco;20 Gipuzkoa;2022M09;2,06
Total Nacional;16 País Vasco;20 Gipuzkoa;2022M08;2,30
Total Nacional;16 País Vasco;20 Gipuzkoa;2022M07;2,35
Total Nacional;16 País Vasco;20 Gipuzkoa;2022M06;2,12
Total Nacional;16 País Vasco;20 Gipuzkoa;2022M05;1,95
Total Nacional;16 País Vasco;20 Gipuzkoa;2022M04;1,95
Total Nacional;16 País Vasco;20 Gipuzkoa;2022M03;1,87
Total Nacional;16 País Vasco;20 Gipuzkoa;2022M02;1,75
Total Nacional;16 País Vasco;20 Gipuzkoa;2022M01;1,66
Total Nacional;17 Rioja, La;;2026M03;1,79
Total Nacional;17 Rioja, La;;2026M02;1,76
Total Nacional;17 Rioja, La;;2026M01;1,70
Total Nacional;17 Rioja, La;;2025M12;1,64
Total Nacional;17 Rioja, La;;2025M11;1,77
Total Nacional;17 Rioja, La;;2025M10;1,81
Total Nacional;17 Rioja, La;;2025M09;1,74
Total Nacional;17 Rioja, La;;2025M08;1,61
Total Nacional;17 Rioja, La;;2025M07;1,66
Total Nacional;17 Rioja, La;;2025M06;1,79
Total Nacional;17 Rioja, La;;2025M05;1,70
Total Nacional;17 Rioja, La;;2025M04;1,74
Total Nacional;17 Rioja, La;;2025M03;1,72
Total Nacional;17 Rioja, La;;2025M02;1,70
Total Nacional;17 Rioja, La;;2025M01;1,67
Total Nacional;17 Rioja, La;;2024M12;1,78
Total Nacional;17 Rioja, La;;2024M11;1,82
Total Nacional;17 Rioja, La;;2024M10;1,77
Total Nacional;17 Rioja, La;;2024M09;1,70
Total Nacional;17 Rioja, La;;2024M08;1,66
Total Nacional;17 Rioja, La;;2024M07;1,68
Total Nacional;17 Rioja, La;;2024M06;1,74
Total Nacional;17 Rioja, La;;2024M05;1,64
Total Nacional;17 Rioja, La;;2024M04;1,73
Total Nacional;17 Rioja, La;;2024M03;1,74
Total Nacional;17 Rioja, La;;2024M02;1,73
Total Nacional;17 Rioja, La;;2024M01;1,67
Total Nacional;17 Rioja, La;;2023M12;1,94
Total Nacional;17 Rioja, La;;2023M11;1,77
Total Nacional;17 Rioja, La;;2023M10;1,80
Total Nacional;17 Rioja, La;;2023M09;1,73
Total Nacional;17 Rioja, La;;2023M08;1,69
Total Nacional;17 Rioja, La;;2023M07;1,76
Total Nacional;17 Rioja, La;;2023M06;1,77
Total Nacional;17 Rioja, La;;2023M05;1,77
Total Nacional;17 Rioja, La;;2023M04;1,75
Total Nacional;17 Rioja, La;;2023M03;1,80
Total Nacional;17 Rioja, La;;2023M02;1,76
Total Nacional;17 Rioja, La;;2023M01;1,66
Total Nacional;17 Rioja, La;;2022M12;1,83
Total Nacional;17 Rioja, La;;2022M11;1,74
Total Nacional;17 Rioja, La;;2022M10;1,81
Total Nacional;17 Rioja, La;;2022M09;1,74
Total Nacional;17 Rioja, La;;2022M08;1,79
Total Nacional;17 Rioja, La;;2022M07;1,72
Total Nacional;17 Rioja, La;;2022M06;1,71
Total Nacional;17 Rioja, La;;2022M05;1,65
Total Nacional;17 Rioja, La;;2022M04;1,74
Total Nacional;17 Rioja, La;;2022M03;1,72
Total Nacional;17 Rioja, La;;2022M02;1,65
Total Nacional;17 Rioja, La;;2022M01;1,65
Total Nacional;18 Ceuta;;2026M03;1,98
Total Nacional;18 Ceuta;;2026M02;2,16
Total Nacional;18 Ceuta;;2026M01;1,96
Total Nacional;18 Ceuta;;2025M12;1,92
Total Nacional;18 Ceuta;;2025M11;1,83
Total Nacional;18 Ceuta;;2025M10;1,72
Total Nacional;18 Ceuta;;2025M09;1,97
Total Nacional;18 Ceuta;;2025M08;2,35
Total Nacional;18 Ceuta;;2025M07;2,14
Total Nacional;18 Ceuta;;2025M06;1,92
Total Nacional;18 Ceuta;;2025M05;1,81
Total Nacional;18 Ceuta;;2025M04;1,73
Total Nacional;18 Ceuta;;2025M03;1,96
Total Nacional;18 Ceuta;;2025M02;1,72
Total Nacional;18 Ceuta;;2025M01;1,70
Total Nacional;18 Ceuta;;2024M12;1,84
Total Nacional;18 Ceuta;;2024M11;1,78
Total Nacional;18 Ceuta;;2024M10;2,42
Total Nacional;18 Ceuta;;2024M09;2,12
Total Nacional;18 Ceuta;;2024M08;2,25
Total Nacional;18 Ceuta;;2024M07;2,07
Total Nacional;18 Ceuta;;2024M06;1,83
Total Nacional;18 Ceuta;;2024M05;1,94
Total Nacional;18 Ceuta;;2024M04;1,62
Total Nacional;18 Ceuta;;2024M03;2,08
Total Nacional;18 Ceuta;;2024M02;2,26
Total Nacional;18 Ceuta;;2024M01;2,30
Total Nacional;18 Ceuta;;2023M12;2,20
Total Nacional;18 Ceuta;;2023M11;2,23
Total Nacional;18 Ceuta;;2023M10;2,28
Total Nacional;18 Ceuta;;2023M09;2,22
Total Nacional;18 Ceuta;;2023M08;2,34
Total Nacional;18 Ceuta;;2023M07;2,24
Total Nacional;18 Ceuta;;2023M06;2,04
Total Nacional;18 Ceuta;;2023M05;1,85
Total Nacional;18 Ceuta;;2023M04;1,95
Total Nacional;18 Ceuta;;2023M03;2,01
Total Nacional;18 Ceuta;;2023M02;1,90
Total Nacional;18 Ceuta;;2023M01;2,14
Total Nacional;18 Ceuta;;2022M12;1,97
Total Nacional;18 Ceuta;;2022M11;1,99
Total Nacional;18 Ceuta;;2022M10;2,15
Total Nacional;18 Ceuta;;2022M09;2,27
Total Nacional;18 Ceuta;;2022M08;2,22
Total Nacional;18 Ceuta;;2022M07;2,22
Total Nacional;18 Ceuta;;2022M06;2,30
Total Nacional;18 Ceuta;;2022M05;2,44
Total Nacional;18 Ceuta;;2022M04;2,29
Total Nacional;18 Ceuta;;2022M03;2,47
Total Nacional;18 Ceuta;;2022M02;2,17
Total Nacional;18 Ceuta;;2022M01;2,44
Total Nacional;19 Melilla;;2026M03;1,63
Total Nacional;19 Melilla;;2026M02;2,13
Total Nacional;19 Melilla;;2026M01;2,00
Total Nacional;19 Melilla;;2025M12;2,07
Total Nacional;19 Melilla;;2025M11;2,05
Total Nacional;19 Melilla;;2025M10;1,98
Total Nacional;19 Melilla;;2025M09;2,15
Total Nacional;19 Melilla;;2025M08;2,12
Total Nacional;19 Melilla;;2025M07;2,22
Total Nacional;19 Melilla;;2025M06;2,36
Total Nacional;19 Melilla;;2025M05;2,14
Total Nacional;19 Melilla;;2025M04;2,00
Total Nacional;19 Melilla;;2025M03;2,49
Total Nacional;19 Melilla;;2025M02;2,21
Total Nacional;19 Melilla;;2025M01;2,03
Total Nacional;19 Melilla;;2024M12;2,10
Total Nacional;19 Melilla;;2024M11;2,12
Total Nacional;19 Melilla;;2024M10;2,33
Total Nacional;19 Melilla;;2024M09;2,36
Total Nacional;19 Melilla;;2024M08;2,12
Total Nacional;19 Melilla;;2024M07;2,30
Total Nacional;19 Melilla;;2024M06;2,60
Total Nacional;19 Melilla;;2024M05;2,21
Total Nacional;19 Melilla;;2024M04;2,28
Total Nacional;19 Melilla;;2024M03;2,34
Total Nacional;19 Melilla;;2024M02;2,31
Total Nacional;19 Melilla;;2024M01;2,14
Total Nacional;19 Melilla;;2023M12;2,21
Total Nacional;19 Melilla;;2023M11;2,14
Total Nacional;19 Melilla;;2023M10;2,44
Total Nacional;19 Melilla;;2023M09;2,56
Total Nacional;19 Melilla;;2023M08;2,46
Total Nacional;19 Melilla;;2023M07;2,75
Total Nacional;19 Melilla;;2023M06;2,62
Total Nacional;19 Melilla;;2023M05;2,44
Total Nacional;19 Melilla;;2023M04;2,32
Total Nacional;19 Melilla;;2023M03;2,44
Total Nacional;19 Melilla;;2023M02;2,48
Total Nacional;19 Melilla;;2023M01;1,99
Total Nacional;19 Melilla;;2022M12;2,16
Total Nacional;19 Melilla;;2022M11;2,19
Total Nacional;19 Melilla;;2022M10;2,32
Total Nacional;19 Melilla;;2022M09;2,17
Total Nacional;19 Melilla;;2022M08;2,23
Total Nacional;19 Melilla;;2022M07;2,23
Total Nacional;19 Melilla;;2022M06;2,29
Total Nacional;19 Melilla;;2022M05;2,17
Total Nacional;19 Melilla;;2022M04;2,47
Total Nacional;19 Melilla;;2022M03;2,44
Total Nacional;19 Melilla;;2022M02;2,33
Total Nacional;19 Melilla;;2022M01;2,38
