apartment_id,grupo_valoracion
11964,Excelentes (9-10)
21853,Excelentes (9-10)
32347,Excelentes (9-10)
35379,Excelentes (9-10)
35801,Excelentes (9-10)
48764,Excelentes (9-10)
58512,Notables (7-9)
71603,Excelentes (9-10)
72150,Excelentes (9-10)
73683,Excelentes (9-10)
73692,Notables (7-9)
79755,Excelentes (9-10)
89756,Notables (7-9)
89776,Excelentes (9-10)
89954,Excelentes (9-10)
96807,Excelentes (9-10)
103386,Excelentes (9-10)
107437,Excelentes (9-10)
121210,Notables (7-9)
128463,Excelentes (9-10)
131987,Excelentes (9-10)
144471,Notables (7-9)
158238,Notables (7-9)
164621,Excelentes (9-10)
170750,Notables (7-9)
176827,Notables (7-9)
178456,Notables (7-9)
183346,Notables (7-9)
186221,Notables (7-9)
193923,Excelentes (9-10)
206846,Excelentes (9-10)
210156,Excelentes (9-10)
213296,Notables (7-9)
214970,Excelentes (9-10)
222753,Notables (7-9)
255195,Notables (7-9)
265647,Excelentes (9-10)
279439,Excelentes (9-10)
305213,Excelentes (9-10)
314781,Excelentes (9-10)
318826,Excelentes (9-10)
323679,Notables (7-9)
326464,Excelentes (9-10)
330723,Excelentes (9-10)
336795,Notables (7-9)
342557,Excelentes (9-10)
343864,Excelentes (9-10)
352772,Excelentes (9-10)
353713,Excelentes (9-10)
354838,Excelentes (9-10)
363601,Notables (7-9)
365911,Excelentes (9-10)
374558,Notables (7-9)
376232,Excelentes (9-10)
377455,Notables (7-9)
378998,Insuficiente Bajo (0-3)
384063,Notables (7-9)
384727,Excelentes (9-10)
398377,Excelentes (9-10)
402588,Excelentes (9-10)
403446,Excelentes (9-10)
403669,Excelentes (9-10)
417814,Excelentes (9-10)
417879,Excelentes (9-10)
422454,Excelentes (9-10)
424026,Notables (7-9)
425639,Excelentes (9-10)
426401,Excelentes (9-10)
434195,Excelentes (9-10)
435010,Excelentes (9-10)
443909,Excelentes (9-10)
449218,Excelentes (9-10)
459265,Excelentes (9-10)
461943,Excelentes (9-10)
468202,Excelentes (9-10)
468902,Excelentes (9-10)
468912,Excelentes (9-10)
471669,Notables (7-9)
472062,Excelentes (9-10)
478923,Excelentes (9-10)
487818,Excelentes (9-10)
494480,Excelentes (9-10)
503253,Notables (7-9)
504653,Excelentes (9-10)
507972,Excelentes (9-10)
512737,Excelentes (9-10)
514572,Excelentes (9-10)
517407,Notables (7-9)
519393,Notables (7-9)
519631,Excelentes (9-10)
526513,Excelentes (9-10)
533450,Notables (7-9)
538938,Excelentes (9-10)
542639,Notables (7-9)
544995,Excelentes (9-10)
551339,Insuficiente Bajo (0-3)
551378,Notables (7-9)
558778,Notables (7-9)
565758,Excelentes (9-10)
566869,Excelentes (9-10)
568432,Excelentes (9-10)
576046,Notables (7-9)
576550,Notables (7-9)
582364,Excelentes (9-10)
584209,Excelentes (9-10)
584735,Excelentes (9-10)
587203,Excelentes (9-10)
590032,Notables (7-9)
590710,Excelentes (9-10)
590991,Excelentes (9-10)
595055,Excelentes (9-10)
600590,Excelentes (9-10)
602284,Excelentes (9-10)
605186,Excelentes (9-10)
609522,Notables (7-9)
610246,Excelentes (9-10)
616027,Excelentes (9-10)
625566,Excelentes (9-10)
626625,Suficientes (5-7)
629087,Notables (7-9)
630599,Excelentes (9-10)
631196,Excelentes (9-10)
633762,Excelentes (9-10)
634786,Notables (7-9)
636974,Excelentes (9-10)
638009,Excelentes (9-10)
640268,Excelentes (9-10)
649342,Excelentes (9-10)
656520,Excelentes (9-10)
657565,Insuficiente Bajo (0-3)
657794,Notables (7-9)
661655,Notables (7-9)
670956,Excelentes (9-10)
671241,Excelentes (9-10)
675175,Insuficiente Bajo (0-3)
679547,Excelentes (9-10)
679664,Excelentes (9-10)
681925,Excelentes (9-10)
684564,Excelentes (9-10)
684613,Excelentes (9-10)
685152,Notables (7-9)
688462,Excelentes (9-10)
688795,Excelentes (9-10)
691152,Notables (7-9)
694867,Excelentes (9-10)
702998,Excelentes (9-10)
711976,Excelentes (9-10)
714696,Excelentes (9-10)
715036,Notables (7-9)
717300,Excelentes (9-10)
717710,Notables (7-9)
718469,Excelentes (9-10)
723935,Excelentes (9-10)
724177,Notables (7-9)
725659,Excelentes (9-10)
725695,Excelentes (9-10)
727788,Excelentes (9-10)
735157,Notables (7-9)
737169,Insuficiente Bajo (0-3)
738837,Excelentes (9-10)
739253,Excelentes (9-10)
746847,Excelentes (9-10)
749397,Excelentes (9-10)
751527,Excelentes (9-10)
753119,Excelentes (9-10)
754512,Excelentes (9-10)
754678,Excelentes (9-10)
756707,Excelentes (9-10)
756944,Notables (7-9)
757149,Excelentes (9-10)
759016,Excelentes (9-10)
759035,Notables (7-9)
759577,Excelentes (9-10)
761744,Notables (7-9)
762701,Excelentes (9-10)
763176,Excelentes (9-10)
767234,Excelentes (9-10)
767631,Notables (7-9)
770453,Excelentes (9-10)
773886,Excelentes (9-10)
774356,Insuficiente Bajo (0-3)
776038,Excelentes (9-10)
776174,Excelentes (9-10)
777527,Notables (7-9)
779960,Excelentes (9-10)
783360,Excelentes (9-10)
790404,Notables (7-9)
790649,Excelentes (9-10)
791717,Notables (7-9)
810373,Excelentes (9-10)
814174,Excelentes (9-10)
814226,Notables (7-9)
824609,Excelentes (9-10)
829660,Excelentes (9-10)
842078,Excelentes (9-10)
842286,Excelentes (9-10)
842566,Excelentes (9-10)
847195,Notables (7-9)
847735,Notables (7-9)
848081,Excelentes (9-10)
848480,Excelentes (9-10)
850228,Excelentes (9-10)
853804,Excelentes (9-10)
862752,Excelentes (9-10)
865367,Notables (7-9)
865387,Excelentes (9-10)
868198,Notables (7-9)
868776,Notables (7-9)
872116,Excelentes (9-10)
873131,Notables (7-9)
876501,Notables (7-9)
877183,Notables (7-9)
879442,Excelentes (9-10)
886289,Excelentes (9-10)
886569,Excelentes (9-10)
888635,Insuficiente Bajo (0-3)
893052,Notables (7-9)
893177,Insuficiente Bajo (0-3)
896209,Excelentes (9-10)
896291,Excelentes (9-10)
898135,Notables (7-9)
899254,Notables (7-9)
900003,Excelentes (9-10)
903380,Excelentes (9-10)
903513,Excelentes (9-10)
903712,Excelentes (9-10)
904862,Excelentes (9-10)
904946,Notables (7-9)
913536,Excelentes (9-10)
913541,Excelentes (9-10)
923140,Excelentes (9-10)
924449,Excelentes (9-10)
924771,Excelentes (9-10)
927430,Notables (7-9)
928401,Notables (7-9)
931437,Excelentes (9-10)
933625,Notables (7-9)
935081,Notables (7-9)
935836,Excelentes (9-10)
936781,Excelentes (9-10)
936871,Excelentes (9-10)
939437,Excelentes (9-10)
942693,Notables (7-9)
943200,Excelentes (9-10)
947269,Notables (7-9)
951364,Notables (7-9)
952327,Excelentes (9-10)
954437,Excelentes (9-10)
954903,Insuficiente Bajo (0-3)
956256,Excelentes (9-10)
958020,Excelentes (9-10)
959089,Excelentes (9-10)
959840,Excelentes (9-10)
961665,Excelentes (9-10)
963533,Excelentes (9-10)
965621,Excelentes (9-10)
967804,Excelentes (9-10)
968469,Excelentes (9-10)
972024,Notables (7-9)
975297,Notables (7-9)
977261,Excelentes (9-10)
977631,Excelentes (9-10)
980773,Insuficiente Bajo (0-3)
983548,Excelentes (9-10)
986639,Excelentes (9-10)
986692,Excelentes (9-10)
987773,Notables (7-9)
990086,Excelentes (9-10)
993553,Insuficiente Bajo (0-3)
999573,Notables (7-9)
1000382,Excelentes (9-10)
1005240,Excelentes (9-10)
1005502,Notables (7-9)
1005819,Excelentes (9-10)
1007939,Excelentes (9-10)
1010493,Excelentes (9-10)
1011127,Notables (7-9)
1015826,Notables (7-9)
1020452,Excelentes (9-10)
1022983,Excelentes (9-10)
1027365,Notables (7-9)
1038867,Notables (7-9)
1038904,Notables (7-9)
1044902,Insuficiente Bajo (0-3)
1045513,Excelentes (9-10)
1051645,Notables (7-9)
1060042,Excelentes (9-10)
1065016,Excelentes (9-10)
1065863,Excelentes (9-10)
1066993,Notables (7-9)
1067941,Notables (7-9)
1068801,Notables (7-9)
1068919,Notables (7-9)
1069174,Excelentes (9-10)
1069572,Excelentes (9-10)
1073748,Excelentes (9-10)
1075276,Excelentes (9-10)
1078049,Notables (7-9)
1087155,Notables (7-9)
1090988,Excelentes (9-10)
1092321,Notables (7-9)
1094052,Excelentes (9-10)
1094228,Excelentes (9-10)
1095953,Insuficiente Bajo (0-3)
1097454,Notables (7-9)
1097523,Notables (7-9)
1098894,Excelentes (9-10)
1102069,Notables (7-9)
1102856,Excelentes (9-10)
1103288,Notables (7-9)
1106731,Notables (7-9)
1111412,Notables (7-9)
1114170,Excelentes (9-10)
1118161,Excelentes (9-10)
1119707,Excelentes (9-10)
1120751,Notables (7-9)
1121590,Notables (7-9)
1123440,Excelentes (9-10)
1125952,Notables (7-9)
1137823,Excelentes (9-10)
1139810,Excelentes (9-10)
1143827,Excelentes (9-10)
1144751,Excelentes (9-10)
1145799,Notables (7-9)
1146290,Excelentes (9-10)
1146914,Excelentes (9-10)
1147333,Notables (7-9)
1152737,Excelentes (9-10)
1156223,Excelentes (9-10)
1159566,Excelentes (9-10)
1160633,Notables (7-9)
1169088,Notables (7-9)
1169229,Suficientes (5-7)
1174149,Excelentes (9-10)
1182242,Excelentes (9-10)
1184401,Insuficiente Bajo (0-3)
1193162,Notables (7-9)
1194696,Excelentes (9-10)
1195793,Excelentes (9-10)
1196332,Notables (7-9)
1196447,Notables (7-9)
1197169,Excelentes (9-10)
1198074,Excelentes (9-10)
1199380,Excelentes (9-10)
1199594,Excelentes (9-10)
1204161,Excelentes (9-10)
1204581,Notables (7-9)
1206034,Excelentes (9-10)
1211082,Insuficiente Bajo (0-3)
1212211,Excelentes (9-10)
1213201,Excelentes (9-10)
1215049,Notables (7-9)
1215918,Notables (7-9)
1223803,Excelentes (9-10)
1224896,Excelentes (9-10)
1229186,Notables (7-9)
1231323,Notables (7-9)
1235805,Excelentes (9-10)
1241225,Notables (7-9)
1243138,Excelentes (9-10)
1245436,Excelentes (9-10)
1247304,Excelentes (9-10)
1250133,Notables (7-9)
1254955,Excelentes (9-10)
1255665,Notables (7-9)
1255912,Excelentes (9-10)
1257705,Excelentes (9-10)
1263442,Notables (7-9)
1264178,Excelentes (9-10)
1273077,Excelentes (9-10)
1276537,Excelentes (9-10)
1285388,Excelentes (9-10)
1285739,Notables (7-9)
1287567,Excelentes (9-10)
1294249,Excelentes (9-10)
1294911,Excelentes (9-10)
1296977,Notables (7-9)
1302878,Excelentes (9-10)
1303927,Excelentes (9-10)
1304845,Excelentes (9-10)
1305640,Excelentes (9-10)
1311003,Excelentes (9-10)
1313371,Excelentes (9-10)
1314537,Excelentes (9-10)
1314735,Excelentes (9-10)
1318990,Suficientes (5-7)
1332929,Excelentes (9-10)
1337590,Suficientes (5-7)
1342549,Excelentes (9-10)
1346199,Insuficiente Bajo (0-3)
1351010,Notables (7-9)
1351195,Excelentes (9-10)
1361784,Excelentes (9-10)
1362147,Notables (7-9)
1363752,Notables (7-9)
1373074,Excelentes (9-10)
1374753,Excelentes (9-10)
1387193,Excelentes (9-10)
1395084,Excelentes (9-10)
1397560,Excelentes (9-10)
1397748,Excelentes (9-10)
1398273,Insuficiente Bajo (0-3)
1402772,Notables (7-9)
1404935,Excelentes (9-10)
1406158,Insuficiente Bajo (0-3)
1410802,Notables (7-9)
1413577,Excelentes (9-10)
1417890,Excelentes (9-10)
1418423,Excelentes (9-10)
1420428,Excelentes (9-10)
1426125,Notables (7-9)
1426674,Excelentes (9-10)
1431437,Excelentes (9-10)
1437974,Notables (7-9)
1440247,Excelentes (9-10)
1444019,Excelentes (9-10)
1457218,Excelentes (9-10)
1463763,Excelentes (9-10)
1467406,Excelentes (9-10)
1473278,Excelentes (9-10)
1473598,Suficientes (5-7)
1480728,Excelentes (9-10)
1482060,Excelentes (9-10)
1492419,Notables (7-9)
1496065,Excelentes (9-10)
1498723,Excelentes (9-10)
1501980,Excelentes (9-10)
1503616,Notables (7-9)
1507069,Notables (7-9)
1510808,Notables (7-9)
1514062,Excelentes (9-10)
1523802,Notables (7-9)
1527831,Excelentes (9-10)
1529472,Insuficiente Bajo (0-3)
1530586,Excelentes (9-10)
1534545,Excelentes (9-10)
1540924,Excelentes (9-10)
1545642,Notables (7-9)
1546734,Notables (7-9)
1565292,Excelentes (9-10)
1574730,Excelentes (9-10)
1577728,Excelentes (9-10)
1580437,Excelentes (9-10)
1584877,Notables (7-9)
1586889,Notables (7-9)
1603887,Notables (7-9)
1613328,Notables (7-9)
1614109,Excelentes (9-10)
1615517,Excelentes (9-10)
1616281,Excelentes (9-10)
1617393,Suficientes (5-7)
1622564,Excelentes (9-10)
1624014,Excelentes (9-10)
1636054,Excelentes (9-10)
1639471,Notables (7-9)
1639547,Excelentes (9-10)
1645680,Excelentes (9-10)
1660109,Excelentes (9-10)
1670427,Excelentes (9-10)
1672204,Notables (7-9)
1678293,Notables (7-9)
1691141,Notables (7-9)
1692008,Excelentes (9-10)
1699028,Excelentes (9-10)
1706758,Excelentes (9-10)
1718630,Insuficiente Bajo (0-3)
1718650,Notables (7-9)
1719170,Notables (7-9)
1728329,Excelentes (9-10)
1750838,Excelentes (9-10)
1753979,Excelentes (9-10)
1755419,Insuficiente Bajo (0-3)
1756975,Excelentes (9-10)
1768203,Excelentes (9-10)
1783966,Insuficiente Bajo (0-3)
1799258,Excelentes (9-10)
1803679,Excelentes (9-10)
1808014,Excelentes (9-10)
1820061,Notables (7-9)
1821582,Excelentes (9-10)
1825432,Notables (7-9)
1825621,Excelentes (9-10)
1826031,Excelentes (9-10)
1830917,Excelentes (9-10)
1846844,Excelentes (9-10)
1859046,Excelentes (9-10)
1860688,Excelentes (9-10)
1866813,Notables (7-9)
1870994,Excelentes (9-10)
1871218,Notables (7-9)
1880328,Insuficiente Bajo (0-3)
1882695,Excelentes (9-10)
1891083,Excelentes (9-10)
1895368,Excelentes (9-10)
1908257,Excelentes (9-10)
1916455,Excelentes (9-10)
1916806,Notables (7-9)
1921506,Notables (7-9)
1928731,Excelentes (9-10)
1929405,Excelentes (9-10)
1934314,Excelentes (9-10)
1935527,Excelentes (9-10)
1942585,Excelentes (9-10)
1957157,Excelentes (9-10)
1957286,Excelentes (9-10)
1957841,Notables (7-9)
1958839,Insuficiente Bajo (0-3)
1959017,Excelentes (9-10)
1967758,Notables (7-9)
1967889,Excelentes (9-10)
1972420,Excelentes (9-10)
1982900,Excelentes (9-10)
1990801,Excelentes (9-10)
1996279,Excelentes (9-10)
1997113,Excelentes (9-10)
2005987,Notables (7-9)
2011730,Excelentes (9-10)
2016382,Excelentes (9-10)
2020743,Excelentes (9-10)
2024297,Excelentes (9-10)
2024643,Notables (7-9)
2045092,Excelentes (9-10)
2046026,Excelentes (9-10)
2048862,Notables (7-9)
2050662,Notables (7-9)
2061434,Insuficiente Bajo (0-3)
2065666,Excelentes (9-10)
2078332,Excelentes (9-10)
2085786,Notables (7-9)
2091802,Excelentes (9-10)
2104807,Notables (7-9)
2107982,Excelentes (9-10)
2111519,Notables (7-9)
2114493,Excelentes (9-10)
2131496,Excelentes (9-10)
2134241,Notables (7-9)
2136172,Notables (7-9)
2137019,Notables (7-9)
2138071,Excelentes (9-10)
2138517,Insuficiente Bajo (0-3)
2141878,Excelentes (9-10)
2146533,Notables (7-9)
2152440,Excelentes (9-10)
2167544,Excelentes (9-10)
2170203,Excelentes (9-10)
2171702,Notables (7-9)
2177176,Excelentes (9-10)
2179527,Excelentes (9-10)
2202510,Excelentes (9-10)
2204820,Insuficiente Bajo (0-3)
2207960,Excelentes (9-10)
2222131,Notables (7-9)
2248442,Excelentes (9-10)
2248576,Excelentes (9-10)
2252574,Excelentes (9-10)
2258125,Excelentes (9-10)
2258509,Excelentes (9-10)
2300229,Excelentes (9-10)
2306988,Excelentes (9-10)
2307843,Excelentes (9-10)
2325719,Insuficiente Bajo (0-3)
2328455,Excelentes (9-10)
2329373,Insuficiente Bajo (0-3)
2329405,Excelentes (9-10)
2331285,Excelentes (9-10)
2341293,Notables (7-9)
2343701,Excelentes (9-10)
2344485,Excelentes (9-10)
2349535,Notables (7-9)
2360266,Notables (7-9)
2364653,Excelentes (9-10)
2376077,Notables (7-9)
2391248,Notables (7-9)
2391858,Notables (7-9)
2392355,Notables (7-9)
2393145,Excelentes (9-10)
2401712,Notables (7-9)
2408869,Notables (7-9)
2411106,Excelentes (9-10)
2411322,Excelentes (9-10)
2424236,Excelentes (9-10)
2428246,Excelentes (9-10)
2435008,Excelentes (9-10)
2436237,Notables (7-9)
2438814,Excelentes (9-10)
2439919,Excelentes (9-10)
2447128,Excelentes (9-10)
2450287,Excelentes (9-10)
2451747,Excelentes (9-10)
2454465,Excelentes (9-10)
2472349,Notables (7-9)
2476666,Notables (7-9)
2482182,Excelentes (9-10)
2484622,Excelentes (9-10)
2495345,Notables (7-9)
2495446,Excelentes (9-10)
2500683,Insuficiente Bajo (0-3)
2500759,Notables (7-9)
2506463,Excelentes (9-10)
2507802,Excelentes (9-10)
2510624,Excelentes (9-10)
2511423,Excelentes (9-10)
2514285,Excelentes (9-10)
2517647,Notables (7-9)
2534835,Excelentes (9-10)
2535466,Excelentes (9-10)
2536121,Excelentes (9-10)
2536957,Notables (7-9)
2542510,Excelentes (9-10)
2544674,Excelentes (9-10)
2544934,Notables (7-9)
2569061,Excelentes (9-10)
2569716,Excelentes (9-10)
2581295,Excelentes (9-10)
2593291,Excelentes (9-10)
2593504,Notables (7-9)
2597901,Suficientes (5-7)
2603748,Notables (7-9)
2616644,Excelentes (9-10)
2624310,Excelentes (9-10)
2632012,Notables (7-9)
2658193,Excelentes (9-10)
2669792,Excelentes (9-10)
2673648,Excelentes (9-10)
2685835,Excelentes (9-10)
2687897,Excelentes (9-10)
2690646,Notables (7-9)
2706984,Excelentes (9-10)
2707482,Excelentes (9-10)
2711470,Notables (7-9)
2724292,Insuficiente Bajo (0-3)
2729680,Excelentes (9-10)
2732268,Excelentes (9-10)
2743351,Excelentes (9-10)
2743922,Notables (7-9)
2744936,Excelentes (9-10)
2745344,Excelentes (9-10)
2745968,Excelentes (9-10)
2753314,Excelentes (9-10)
2758891,Excelentes (9-10)
2760739,Excelentes (9-10)
2761639,Excelentes (9-10)
2762205,Excelentes (9-10)
2767047,Insuficiente Bajo (0-3)
2767121,Insuficiente Bajo (0-3)
2776403,Excelentes (9-10)
2776901,Excelentes (9-10)
2779847,Notables (7-9)
2782292,Excelentes (9-10)
2784566,Excelentes (9-10)
2790757,Excelentes (9-10)
2797209,Excelentes (9-10)
2806795,Excelentes (9-10)
2806885,Excelentes (9-10)
2819800,Insuficiente Bajo (0-3)
2824586,Excelentes (9-10)
2826116,Excelentes (9-10)
2827817,Notables (7-9)
2836294,Notables (7-9)
2836811,Excelentes (9-10)
2840800,Suficientes (5-7)
2841708,Excelentes (9-10)
2849153,Excelentes (9-10)
2855311,Excelentes (9-10)
2870693,Excelentes (9-10)
2872568,Excelentes (9-10)
2873100,Notables (7-9)
2885115,Notables (7-9)
2906165,Excelentes (9-10)
2926875,Excelentes (9-10)
2930904,Excelentes (9-10)
2934212,Notables (7-9)
2945083,Excelentes (9-10)
2965156,Excelentes (9-10)
2967668,Excelentes (9-10)
2974139,Excelentes (9-10)
2980991,Excelentes (9-10)
2981928,Notables (7-9)
2982263,Notables (7-9)
2992207,Insuficiente Bajo (0-3)
2994325,Excelentes (9-10)
3003926,Excelentes (9-10)
3005705,Excelentes (9-10)
3007161,Excelentes (9-10)
3008207,Excelentes (9-10)
3012071,Excelentes (9-10)
3012570,Notables (7-9)
3016138,Excelentes (9-10)
3020779,Excelentes (9-10)
3023748,Excelentes (9-10)
3044112,Suficientes (5-7)
3047685,Excelentes (9-10)
3056878,Excelentes (9-10)
3058631,Excelentes (9-10)
3058834,Excelentes (9-10)
3059546,Excelentes (9-10)
3063249,Excelentes (9-10)
3068843,Excelentes (9-10)
3073348,Insuficiente Bajo (0-3)
3078803,Excelentes (9-10)
3080652,Insuficiente Bajo (0-3)
3085914,Excelentes (9-10)
3097328,Excelentes (9-10)
3097333,Excelentes (9-10)
3097665,Notables (7-9)
3099873,Notables (7-9)
3107364,Notables (7-9)
3110029,Excelentes (9-10)
3111682,Excelentes (9-10)
3120157,Excelentes (9-10)
3121700,Excelentes (9-10)
3124534,Excelentes (9-10)
3124611,Notables (7-9)
3124618,Excelentes (9-10)
3141128,Excelentes (9-10)
3142039,Excelentes (9-10)
3143400,Excelentes (9-10)
3154045,Excelentes (9-10)
3158706,Excelentes (9-10)
3160768,Excelentes (9-10)
3162501,Excelentes (9-10)
3163230,Notables (7-9)
3166047,Excelentes (9-10)
3166655,Excelentes (9-10)
3184899,Excelentes (9-10)
3191774,Excelentes (9-10)
3213245,Excelentes (9-10)
3215070,Notables (7-9)
3223060,Notables (7-9)
3227641,Excelentes (9-10)
3233342,Excelentes (9-10)
3238474,Notables (7-9)
3239311,Notables (7-9)
3240744,Notables (7-9)
3244300,Excelentes (9-10)
3248217,Excelentes (9-10)
3250010,Excelentes (9-10)
3255204,Excelentes (9-10)
3265618,Excelentes (9-10)
3269446,Excelentes (9-10)
3275784,Excelentes (9-10)
3279230,Excelentes (9-10)
3281769,Excelentes (9-10)
3283389,Excelentes (9-10)
3291065,Excelentes (9-10)
3295510,Excelentes (9-10)
3297333,Excelentes (9-10)
3305391,Excelentes (9-10)
3306010,Suficientes (5-7)
3306780,Notables (7-9)
3331046,Notables (7-9)
3331198,Excelentes (9-10)
3337390,Insuficiente Bajo (0-3)
3349247,Excelentes (9-10)
3352293,Excelentes (9-10)
3355955,Excelentes (9-10)
3357564,Notables (7-9)
3358639,Excelentes (9-10)
3360717,Excelentes (9-10)
3365438,Notables (7-9)
3366794,Notables (7-9)
3367356,Excelentes (9-10)
3375441,Notables (7-9)
3380578,Excelentes (9-10)
3381765,Excelentes (9-10)
3382429,Notables (7-9)
3392606,Excelentes (9-10)
3393502,Excelentes (9-10)
3396940,Excelentes (9-10)
3437355,Notables (7-9)
3445805,Excelentes (9-10)
3448147,Excelentes (9-10)
3453772,Excelentes (9-10)
3454239,Excelentes (9-10)
3454527,Excelentes (9-10)
3461009,Insuficiente Bajo (0-3)
3472196,Notables (7-9)
3473811,Notables (7-9)
3474270,Excelentes (9-10)
3478893,Notables (7-9)
3486515,Notables (7-9)
3486890,Notables (7-9)
3496538,Excelentes (9-10)
3502046,Notables (7-9)
3504143,Notables (7-9)
3505101,Insuficiente Bajo (0-3)
3507362,Excelentes (9-10)
3507552,Excelentes (9-10)
3515468,Excelentes (9-10)
3517921,Excelentes (9-10)
3519688,Notables (7-9)
3524968,Excelentes (9-10)
3525932,Excelentes (9-10)
3535864,Excelentes (9-10)
3546336,Excelentes (9-10)
3556913,Suficientes (5-7)
3559666,Excelentes (9-10)
3562298,Notables (7-9)
3566697,Excelentes (9-10)
3576884,Notables (7-9)
3578960,Excelentes (9-10)
3583512,Notables (7-9)
3584830,Excelentes (9-10)
3588117,Notables (7-9)
3589257,Excelentes (9-10)
3591001,Excelentes (9-10)
3592556,Notables (7-9)
3593609,Excelentes (9-10)
3598284,Notables (7-9)
3599402,Excelentes (9-10)
3626464,Notables (7-9)
3631912,Excelentes (9-10)
3634997,Notables (7-9)
3641337,Excelentes (9-10)
3643732,Excelentes (9-10)
3653355,Notables (7-9)
3658759,Insuficiente Bajo (0-3)
3683800,Notables (7-9)
3685880,Notables (7-9)
3691083,Excelentes (9-10)
3691270,Excelentes (9-10)
3691867,Excelentes (9-10)
3692920,Suficientes (5-7)
3696539,Excelentes (9-10)
3699971,Notables (7-9)
3701970,Notables (7-9)
3706498,Excelentes (9-10)
3735449,Excelentes (9-10)
3739160,Excelentes (9-10)
3757544,Excelentes (9-10)
3760411,Excelentes (9-10)
3764223,Excelentes (9-10)
3764496,Notables (7-9)
3770072,Excelentes (9-10)
3771149,Excelentes (9-10)
3773519,Excelentes (9-10)
3776198,Excelentes (9-10)
3776211,Notables (7-9)
3776686,Excelentes (9-10)
3780718,Notables (7-9)
3783948,Excelentes (9-10)
3789390,Excelentes (9-10)
3789444,Insuficiente Bajo (0-3)
3797696,Excelentes (9-10)
3798387,Notables (7-9)
3800639,Excelentes (9-10)
3802228,Excelentes (9-10)
3806708,Excelentes (9-10)
3809219,Excelentes (9-10)
3810717,Excelentes (9-10)
3816076,Excelentes (9-10)
3826233,Insuficiente Bajo (0-3)
3826309,Excelentes (9-10)
3827423,Excelentes (9-10)
3845305,Insuficiente Bajo (0-3)
3846956,Notables (7-9)
3847290,Excelentes (9-10)
3853696,Insuficiente Bajo (0-3)
3855575,Excelentes (9-10)
3871145,Excelentes (9-10)
3879404,Notables (7-9)
3880175,Excelentes (9-10)
3880319,Excelentes (9-10)
3888649,Insuficiente Bajo (0-3)
3896109,Notables (7-9)
3903082,Excelentes (9-10)
3907905,Suficientes (5-7)
3911744,Notables (7-9)
3916107,Insuficiente Bajo (0-3)
3919665,Excelentes (9-10)
3922394,Notables (7-9)
3923206,Excelentes (9-10)
3927638,Notables (7-9)
3933737,Notables (7-9)
3938824,Notables (7-9)
3942375,Excelentes (9-10)
3942411,Excelentes (9-10)
3942917,Excelentes (9-10)
3943443,Excelentes (9-10)
3948967,Excelentes (9-10)
3950979,Excelentes (9-10)
3970654,Excelentes (9-10)
3992145,Excelentes (9-10)
3992649,Excelentes (9-10)
4000081,Excelentes (9-10)
4015522,Notables (7-9)
4026797,Notables (7-9)
4028518,Excelentes (9-10)
4029838,Excelentes (9-10)
4032873,Excelentes (9-10)
4042494,Excelentes (9-10)
4065756,Notables (7-9)
4066844,Excelentes (9-10)
4068098,Excelentes (9-10)
4075560,Notables (7-9)
4079428,Excelentes (9-10)
4079653,Notables (7-9)
4082346,Notables (7-9)
4087574,Excelentes (9-10)
4090679,Notables (7-9)
4097748,Notables (7-9)
4123060,Excelentes (9-10)
4146455,Excelentes (9-10)
4149400,Excelentes (9-10)
4150857,Insuficiente Bajo (0-3)
4161286,Insuficiente Bajo (0-3)
4166058,Notables (7-9)
4178114,Excelentes (9-10)
4186859,Excelentes (9-10)
4187115,Excelentes (9-10)
4187665,Notables (7-9)
4192924,Insuficiente Bajo (0-3)
4202082,Notables (7-9)
4209027,Notables (7-9)
4210151,Excelentes (9-10)
4256038,Notables (7-9)
4256300,Excelentes (9-10)
4299561,Excelentes (9-10)
4309709,Excelentes (9-10)
4322074,Excelentes (9-10)
4323108,Excelentes (9-10)
4327985,Excelentes (9-10)
4332917,Excelentes (9-10)
4340187,Excelentes (9-10)
4344370,Excelentes (9-10)
4344409,Excelentes (9-10)
4351098,Notables (7-9)
4377210,Excelentes (9-10)
4377983,Excelentes (9-10)
4380982,Excelentes (9-10)
4390409,Notables (7-9)
4399271,Excelentes (9-10)
4401797,Insuficiente Bajo (0-3)
4408617,Notables (7-9)
4415780,Notables (7-9)
4425955,Excelentes (9-10)
4437209,Excelentes (9-10)
4440010,Excelentes (9-10)
4444415,Excelentes (9-10)
4456730,Excelentes (9-10)
4466701,Insuficiente Bajo (0-3)
4473361,Excelentes (9-10)
4474561,Notables (7-9)
4478098,Notables (7-9)
4478206,Excelentes (9-10)
4497952,Excelentes (9-10)
4508556,Notables (7-9)
4509281,Notables (7-9)
4516377,Notables (7-9)
4518901,Excelentes (9-10)
4524409,Notables (7-9)
4525021,Excelentes (9-10)
4541878,Excelentes (9-10)
4543135,Excelentes (9-10)
4543700,Excelentes (9-10)
4577798,Excelentes (9-10)
4577996,Excelentes (9-10)
4578116,Excelentes (9-10)
4588053,Insuficiente Bajo (0-3)
4603821,Excelentes (9-10)
4619484,Notables (7-9)
4629577,Excelentes (9-10)
4634674,Excelentes (9-10)
4638054,Excelentes (9-10)
4640626,Excelentes (9-10)
4643651,Excelentes (9-10)
4648324,Excelentes (9-10)
4656142,Excelentes (9-10)
4657305,Notables (7-9)
4661632,Excelentes (9-10)
4688048,Notables (7-9)
4690195,Excelentes (9-10)
4704835,Excelentes (9-10)
4712168,Notables (7-9)
4716699,Suficientes (5-7)
4723835,Notables (7-9)
4727529,Excelentes (9-10)
4742605,Excelentes (9-10)
4754971,Insuficiente Bajo (0-3)
4766850,Notables (7-9)
4798571,Notables (7-9)
4799313,Insuficiente Bajo (0-3)
4799940,Excelentes (9-10)
4800764,Excelentes (9-10)
4806720,Notables (7-9)
4807291,Insuficiente Bajo (0-3)
4808681,Excelentes (9-10)
4810134,Excelentes (9-10)
4835410,Insuficiente Bajo (0-3)
4836253,Excelentes (9-10)
4838412,Excelentes (9-10)
4845328,Notables (7-9)
4845783,Excelentes (9-10)
4851657,Excelentes (9-10)
4853973,Notables (7-9)
4854155,Insuficiente Bajo (0-3)
4862193,Excelentes (9-10)
4865762,Excelentes (9-10)
4867204,Excelentes (9-10)
4871618,Excelentes (9-10)
4877066,Excelentes (9-10)
4918963,Excelentes (9-10)
4926975,Notables (7-9)
4927074,Excelentes (9-10)
4927700,Excelentes (9-10)
4929107,Excelentes (9-10)
4930235,Notables (7-9)
4934110,Excelentes (9-10)
4960267,Excelentes (9-10)
4964191,Excelentes (9-10)
4969560,Insuficiente Bajo (0-3)
4970465,Insuficiente Bajo (0-3)
4970715,Notables (7-9)
4994458,Notables (7-9)
5008911,Excelentes (9-10)
5009532,Excelentes (9-10)
5013240,Excelentes (9-10)
5020100,Notables (7-9)
5026605,Insuficiente Bajo (0-3)
5032172,Suficientes (5-7)
5036733,Notables (7-9)
5043462,Excelentes (9-10)
5043875,Insuficiente Bajo (0-3)
5049684,Excelentes (9-10)
5063884,Notables (7-9)
5064630,Excelentes (9-10)
5064651,Excelentes (9-10)
5068436,Notables (7-9)
5068957,Excelentes (9-10)
5073874,Excelentes (9-10)
5076064,Excelentes (9-10)
5080749,Notables (7-9)
5087833,Notables (7-9)
5093340,Excelentes (9-10)
5097642,Insuficiente Bajo (0-3)
5101904,Excelentes (9-10)
5109208,Notables (7-9)
5112614,Excelentes (9-10)
5121791,Insuficiente Bajo (0-3)
5123133,Excelentes (9-10)
5129075,Excelentes (9-10)
5131206,Excelentes (9-10)
5138812,Excelentes (9-10)
5141070,Notables (7-9)
5144502,Notables (7-9)
5146545,Excelentes (9-10)
5155124,Excelentes (9-10)
5158395,Excelentes (9-10)
5169919,Excelentes (9-10)
5181073,Excelentes (9-10)
5187796,Notables (7-9)
5187953,Excelentes (9-10)
5188478,Notables (7-9)
5192467,Excelentes (9-10)
5198621,Insuficiente Bajo (0-3)
5210987,Insuficiente Bajo (0-3)
5215028,Notables (7-9)
5215853,Excelentes (9-10)
5218192,Excelentes (9-10)
5224249,Notables (7-9)
5228021,Excelentes (9-10)
5232972,Excelentes (9-10)
5237965,Excelentes (9-10)
5240114,Excelentes (9-10)
5241415,Excelentes (9-10)
5244452,Excelentes (9-10)
5247783,Excelentes (9-10)
5259603,Excelentes (9-10)
5261063,Notables (7-9)
5264948,Notables (7-9)
5276540,Excelentes (9-10)
5278909,Excelentes (9-10)
5279761,Excelentes (9-10)
5284848,Excelentes (9-10)
5285496,Excelentes (9-10)
5301455,Excelentes (9-10)
5308735,Notables (7-9)
5310554,Notables (7-9)
5312035,Excelentes (9-10)
5313039,Excelentes (9-10)
5313215,Insuficiente Bajo (0-3)
5327097,Excelentes (9-10)
5327846,Excelentes (9-10)
5335779,Excelentes (9-10)
5337674,Excelentes (9-10)
5340961,Excelentes (9-10)
5344630,Excelentes (9-10)
5351752,Excelentes (9-10)
5352903,Excelentes (9-10)
5356758,Insuficiente Bajo (0-3)
5370582,Notables (7-9)
5371933,Excelentes (9-10)
5388904,Notables (7-9)
5393782,Excelentes (9-10)
5397890,Excelentes (9-10)
5398314,Excelentes (9-10)
5399089,Notables (7-9)
5404095,Excelentes (9-10)
5407955,Excelentes (9-10)
5408781,Insuficiente Bajo (0-3)
5417854,Excelentes (9-10)
5437526,Excelentes (9-10)
5442567,Excelentes (9-10)
5442955,Notables (7-9)
5448590,Notables (7-9)
5453120,Notables (7-9)
5454114,Notables (7-9)
5468360,Excelentes (9-10)
5485338,Excelentes (9-10)
5486086,Notables (7-9)
5486531,Notables (7-9)
5506779,Excelentes (9-10)
5507860,Excelentes (9-10)
5520794,Insuficiente Bajo (0-3)
5523982,Excelentes (9-10)
5527362,Excelentes (9-10)
5529487,Excelentes (9-10)
5545556,Excelentes (9-10)
5546662,Notables (7-9)
5551464,Excelentes (9-10)
5551872,Excelentes (9-10)
5568602,Excelentes (9-10)
5578177,Excelentes (9-10)
5579874,Notables (7-9)
5586372,Excelentes (9-10)
5597576,Excelentes (9-10)
5601684,Excelentes (9-10)
5610477,Notables (7-9)
5611639,Excelentes (9-10)
5623585,Excelentes (9-10)
5636225,Excelentes (9-10)
5645802,Insuficiente Bajo (0-3)
5649274,Excelentes (9-10)
5654704,Notables (7-9)
5655098,Notables (7-9)
5657279,Excelentes (9-10)
5658492,Excelentes (9-10)
5663835,Notables (7-9)
5667039,Excelentes (9-10)
5668662,Excelentes (9-10)
5675916,Notables (7-9)
5677523,Excelentes (9-10)
5678550,Excelentes (9-10)
5683218,Excelentes (9-10)
5689004,Excelentes (9-10)
5689424,Notables (7-9)
5693344,Excelentes (9-10)
5695543,Excelentes (9-10)
5695702,Excelentes (9-10)
5702125,Excelentes (9-10)
5705940,Excelentes (9-10)
5710984,Excelentes (9-10)
5717122,Excelentes (9-10)
5722694,Notables (7-9)
5724813,Notables (7-9)
5725371,Excelentes (9-10)
5726048,Notables (7-9)
5732628,Excelentes (9-10)
5740305,Excelentes (9-10)
5747822,Notables (7-9)
5754609,Suficientes (5-7)
5760626,Notables (7-9)
5780857,Notables (7-9)
5782306,Excelentes (9-10)
5789320,Excelentes (9-10)
5792576,Excelentes (9-10)
5792851,Excelentes (9-10)
5794235,Excelentes (9-10)
5795378,Notables (7-9)
5808218,Excelentes (9-10)
5809291,Excelentes (9-10)
5822353,Excelentes (9-10)
5833631,Notables (7-9)
5834041,Excelentes (9-10)
5834191,Suficientes (5-7)
5834787,Excelentes (9-10)
5835250,Excelentes (9-10)
5836908,Suficientes (5-7)
5837003,Excelentes (9-10)
5837152,Excelentes (9-10)
5842289,Notables (7-9)
5843257,Notables (7-9)
5854424,Suficientes (5-7)
5897260,Notables (7-9)
5907982,Excelentes (9-10)
5916897,Excelentes (9-10)
5935568,Insuficiente Bajo (0-3)
5937087,Excelentes (9-10)
5958368,Notables (7-9)
5963397,Notables (7-9)
5976186,Excelentes (9-10)
5977453,Excelentes (9-10)
5986682,Excelentes (9-10)
5994463,Excelentes (9-10)
5994871,Insuficiente Bajo (0-3)
5996208,Notables (7-9)
5997351,Notables (7-9)
5999753,Excelentes (9-10)
6000623,Excelentes (9-10)
6000811,Excelentes (9-10)
6011968,Excelentes (9-10)
6012959,Notables (7-9)
6028994,Notables (7-9)
6034484,Excelentes (9-10)
6037548,Excelentes (9-10)
6043569,Insuficiente Bajo (0-3)
6058351,Notables (7-9)
6060569,Excelentes (9-10)
6073393,Excelentes (9-10)
6083021,Insuficiente Bajo (0-3)
6103525,Excelentes (9-10)
6109659,Excelentes (9-10)
6139692,Excelentes (9-10)
6160263,Notables (7-9)
6160553,Excelentes (9-10)
6166523,Insuficiente Bajo (0-3)
6175934,Insuficiente Bajo (0-3)
6176958,Excelentes (9-10)
6178385,Excelentes (9-10)
6179834,Excelentes (9-10)
6183651,Excelentes (9-10)
6184041,Notables (7-9)
6188369,Excelentes (9-10)
6190322,Excelentes (9-10)
6190687,Insuficiente Bajo (0-3)
6191684,Excelentes (9-10)
6199834,Excelentes (9-10)
6225869,Excelentes (9-10)
6229018,Excelentes (9-10)
6230556,Excelentes (9-10)
6231153,Excelentes (9-10)
6232324,Suficientes (5-7)
6235783,Notables (7-9)
6241802,Notables (7-9)
6246095,Excelentes (9-10)
6263965,Excelentes (9-10)
6269523,Notables (7-9)
6270800,Excelentes (9-10)
6282421,Excelentes (9-10)
6283743,Excelentes (9-10)
6289283,Excelentes (9-10)
6300011,Notables (7-9)
6307542,Notables (7-9)
6309051,Excelentes (9-10)
6320391,Notables (7-9)
6321358,Excelentes (9-10)
6324338,Excelentes (9-10)
6338576,Notables (7-9)
6340399,Notables (7-9)
6344056,Notables (7-9)
6351314,Notables (7-9)
6376011,Insuficiente Bajo (0-3)
6378705,Notables (7-9)
6382107,Excelentes (9-10)
6383286,Excelentes (9-10)
6386597,Insuficiente Bajo (0-3)
6389503,Excelentes (9-10)
6397577,Excelentes (9-10)
6399512,Excelentes (9-10)
6410739,Excelentes (9-10)
6415505,Insuficiente Bajo (0-3)
6418185,Insuficiente Bajo (0-3)
6420062,Notables (7-9)
6432674,Excelentes (9-10)
6441145,Excelentes (9-10)
6441651,Excelentes (9-10)
6442604,Notables (7-9)
6442730,Notables (7-9)
6449464,Insuficiente Bajo (0-3)
6453834,Excelentes (9-10)
6458138,Excelentes (9-10)
6459117,Excelentes (9-10)
6465424,Insuficiente Bajo (0-3)
6465590,Excelentes (9-10)
6483225,Excelentes (9-10)
6484533,Excelentes (9-10)
6489124,Excelentes (9-10)
6491673,Notables (7-9)
6505353,Excelentes (9-10)
6519766,Excelentes (9-10)
6521856,Notables (7-9)
6524457,Excelentes (9-10)
6525899,Notables (7-9)
6525929,Notables (7-9)
6534648,Excelentes (9-10)
6537889,Excelentes (9-10)
6540304,Notables (7-9)
6542779,Excelentes (9-10)
6543446,Excelentes (9-10)
6547870,Notables (7-9)
6550734,Excelentes (9-10)
6554542,Excelentes (9-10)
6557505,Notables (7-9)
6572653,Notables (7-9)
6573592,Notables (7-9)
6578646,Notables (7-9)
6580618,Excelentes (9-10)
6582485,Excelentes (9-10)
6584564,Notables (7-9)
6584759,Insuficiente Bajo (0-3)
6596938,Insuficiente Bajo (0-3)
6602355,Notables (7-9)
6604255,Excelentes (9-10)
6604413,Notables (7-9)
6617380,Excelentes (9-10)
6623294,Excelentes (9-10)
6639917,Excelentes (9-10)
6642024,Excelentes (9-10)
6653030,Insuficiente Bajo (0-3)
6653123,Excelentes (9-10)
6656626,Excelentes (9-10)
6664306,Excelentes (9-10)
6666446,Excelentes (9-10)
6667181,Insuficiente Alto (3-5)
6668318,Excelentes (9-10)
6671489,Excelentes (9-10)
6679735,Notables (7-9)
6697001,Notables (7-9)
6707323,Excelentes (9-10)
6719318,Excelentes (9-10)
6723465,Excelentes (9-10)
6724149,Excelentes (9-10)
6724183,Notables (7-9)
6725113,Notables (7-9)
6732914,Excelentes (9-10)
6734047,Excelentes (9-10)
6738969,Notables (7-9)
6739889,Excelentes (9-10)
6740162,Excelentes (9-10)
6740609,Excelentes (9-10)
6745665,Excelentes (9-10)
6747678,Notables (7-9)
6756567,Notables (7-9)
6757485,Excelentes (9-10)
6762393,Excelentes (9-10)
6762427,Insuficiente Bajo (0-3)
6763388,Excelentes (9-10)
6763803,Excelentes (9-10)
6773769,Insuficiente Bajo (0-3)
6775934,Insuficiente Bajo (0-3)
6777378,Excelentes (9-10)
6780620,Excelentes (9-10)
6780716,Notables (7-9)
6791765,Excelentes (9-10)
6795814,Excelentes (9-10)
6797552,Notables (7-9)
6803624,Excelentes (9-10)
6814503,Notables (7-9)
6820509,Notables (7-9)
6826738,Notables (7-9)
6829579,Excelentes (9-10)
6843532,Notables (7-9)
6843619,Excelentes (9-10)
6843697,Suficientes (5-7)
6844528,Suficientes (5-7)
6846453,Excelentes (9-10)
6851621,Insuficiente Bajo (0-3)
6857331,Excelentes (9-10)
6858341,Notables (7-9)
6867200,Insuficiente Bajo (0-3)
6869498,Notables (7-9)
6873130,Excelentes (9-10)
6875270,Insuficiente Bajo (0-3)
6877137,Excelentes (9-10)
6877620,Excelentes (9-10)
6890369,Excelentes (9-10)
6890860,Insuficiente Bajo (0-3)
6894467,Notables (7-9)
6899113,Insuficiente Bajo (0-3)
6902570,Notables (7-9)
6906944,Insuficiente Bajo (0-3)
6910639,Notables (7-9)
6914078,Excelentes (9-10)
6921005,Excelentes (9-10)
6928805,Excelentes (9-10)
6936123,Excelentes (9-10)
6936346,Insuficiente Bajo (0-3)
6945630,Notables (7-9)
6948407,Excelentes (9-10)
6957564,Excelentes (9-10)
6961891,Notables (7-9)
6962517,Excelentes (9-10)
6980777,Excelentes (9-10)
6982716,Insuficiente Bajo (0-3)
6985350,Excelentes (9-10)
6986979,Notables (7-9)
7003233,Notables (7-9)
7008175,Excelentes (9-10)
7018330,Excelentes (9-10)
7019190,Excelentes (9-10)
7029540,Excelentes (9-10)
7030624,Notables (7-9)
7032941,Excelentes (9-10)
7034555,Excelentes (9-10)
7047052,Excelentes (9-10)
7049609,Insuficiente Bajo (0-3)
7050214,Excelentes (9-10)
7061325,Excelentes (9-10)
7064358,Insuficiente Bajo (0-3)
7065656,Notables (7-9)
7068050,Excelentes (9-10)
7070725,Notables (7-9)
7071532,Excelentes (9-10)
7096025,Excelentes (9-10)
7097089,Excelentes (9-10)
7100270,Notables (7-9)
7105608,Suficientes (5-7)
7106676,Notables (7-9)
7108900,Excelentes (9-10)
7113910,Notables (7-9)
7118391,Insuficiente Bajo (0-3)
7120267,Excelentes (9-10)
7123943,Excelentes (9-10)
7125407,Excelentes (9-10)
7127848,Insuficiente Bajo (0-3)
7131427,Insuficiente Bajo (0-3)
7137121,Notables (7-9)
7137292,Excelentes (9-10)
7138487,Insuficiente Bajo (0-3)
7148125,Excelentes (9-10)
7152599,Notables (7-9)
7154312,Excelentes (9-10)
7155428,Notables (7-9)
7160334,Notables (7-9)
7164589,Insuficiente Bajo (0-3)
7166650,Notables (7-9)
7169803,Excelentes (9-10)
7173003,Notables (7-9)
7174517,Excelentes (9-10)
7177169,Notables (7-9)
7178644,Notables (7-9)
7185267,Notables (7-9)
7195684,Excelentes (9-10)
7200772,Notables (7-9)
7200873,Excelentes (9-10)
7204039,Excelentes (9-10)
7220512,Excelentes (9-10)
7233689,Notables (7-9)
7235801,Excelentes (9-10)
7238494,Excelentes (9-10)
7262344,Excelentes (9-10)
7262469,Insuficiente Bajo (0-3)
7267861,Notables (7-9)
7269512,Excelentes (9-10)
7269518,Notables (7-9)
7283797,Notables (7-9)
7289359,Notables (7-9)
7297898,Notables (7-9)
7298598,Excelentes (9-10)
7302792,Excelentes (9-10)
7304217,Excelentes (9-10)
7316832,Notables (7-9)
7320001,Excelentes (9-10)
7321726,Notables (7-9)
7324276,Excelentes (9-10)
7333404,Notables (7-9)
7334845,Notables (7-9)
7337595,Excelentes (9-10)
7338332,Notables (7-9)
7341153,Excelentes (9-10)
7352636,Notables (7-9)
7355769,Insuficiente Bajo (0-3)
7356458,Notables (7-9)
7362133,Insuficiente Bajo (0-3)
7362688,Suficientes (5-7)
7374096,Insuficiente Bajo (0-3)
7375206,Excelentes (9-10)
7386172,Excelentes (9-10)
7395565,Notables (7-9)
7396461,Excelentes (9-10)
7412177,Excelentes (9-10)
7414674,Excelentes (9-10)
7432394,Insuficiente Bajo (0-3)
7432987,Excelentes (9-10)
7434098,Excelentes (9-10)
7436836,Excelentes (9-10)
7437270,Notables (7-9)
7444465,Excelentes (9-10)
7445971,Excelentes (9-10)
7448056,Excelentes (9-10)
7448196,Excelentes (9-10)
7448657,Excelentes (9-10)
7451944,Notables (7-9)
7453345,Notables (7-9)
7458322,Excelentes (9-10)
7466870,Excelentes (9-10)
7488688,Excelentes (9-10)
7489589,Notables (7-9)
7496805,Excelentes (9-10)
7505970,Insuficiente Bajo (0-3)
7507208,Notables (7-9)
7512059,Insuficiente Bajo (0-3)
7513927,Excelentes (9-10)
7522177,Notables (7-9)
7542869,Excelentes (9-10)
7551015,Insuficiente Bajo (0-3)
7562216,Excelentes (9-10)
7574200,Insuficiente Bajo (0-3)
7576999,Insuficiente Bajo (0-3)
7578060,Insuficiente Bajo (0-3)
7579001,Notables (7-9)
7585653,Excelentes (9-10)
7587716,Insuficiente Bajo (0-3)
7588305,Insuficiente Bajo (0-3)
7593131,Insuficiente Bajo (0-3)
7599041,Excelentes (9-10)
7599140,Insuficiente Bajo (0-3)
7606874,Suficientes (5-7)
7608106,Excelentes (9-10)
7610387,Excelentes (9-10)
7612210,Insuficiente Bajo (0-3)
7613318,Notables (7-9)
7624681,Notables (7-9)
7624956,Excelentes (9-10)
7628374,Insuficiente Bajo (0-3)
7628496,Insuficiente Bajo (0-3)
7633010,Excelentes (9-10)
7634833,Excelentes (9-10)
7645328,Excelentes (9-10)
7646595,Excelentes (9-10)
7646660,Excelentes (9-10)
7650492,Excelentes (9-10)
7655260,Notables (7-9)
7673763,Excelentes (9-10)
7683900,Notables (7-9)
7690343,Excelentes (9-10)
7694865,Suficientes (5-7)
7696397,Excelentes (9-10)
7710206,Insuficiente Bajo (0-3)
7718951,Excelentes (9-10)
7725978,Excelentes (9-10)
7727522,Notables (7-9)
7732757,Excelentes (9-10)
7736462,Insuficiente Bajo (0-3)
7736738,Excelentes (9-10)
7745506,Excelentes (9-10)
7746584,Excelentes (9-10)
7755595,Excelentes (9-10)
7757714,Suficientes (5-7)
7767099,Insuficiente Bajo (0-3)
7770648,Notables (7-9)
7777582,Excelentes (9-10)
7777757,Excelentes (9-10)
7783540,Notables (7-9)
7805411,Excelentes (9-10)
7813061,Notables (7-9)
7817899,Notables (7-9)
7819262,Insuficiente Bajo (0-3)
7849235,Suficientes (5-7)
7851117,Excelentes (9-10)
7878984,Excelentes (9-10)
7879795,Notables (7-9)
7880349,Excelentes (9-10)
7885189,Notables (7-9)
7887621,Notables (7-9)
7897182,Excelentes (9-10)
7899727,Excelentes (9-10)
7899729,Notables (7-9)
7907083,Excelentes (9-10)
7907846,Notables (7-9)
7908089,Excelentes (9-10)
7914789,Excelentes (9-10)
7928220,Insuficiente Bajo (0-3)
7933821,Excelentes (9-10)
7938522,Excelentes (9-10)
7944610,Notables (7-9)
7968113,Excelentes (9-10)
7968185,Notables (7-9)
7968876,Excelentes (9-10)
7968938,Excelentes (9-10)
7978189,Excelentes (9-10)
7980877,Excelentes (9-10)
7992378,Notables (7-9)
7998100,Notables (7-9)
8011473,Insuficiente Bajo (0-3)
8012945,Notables (7-9)
8021499,Excelentes (9-10)
8023971,Notables (7-9)
8024531,Notables (7-9)
8025186,Notables (7-9)
8031140,Excelentes (9-10)
8038456,Notables (7-9)
8045300,Insuficiente Bajo (0-3)
8065307,Excelentes (9-10)
8069248,Notables (7-9)
8074942,Excelentes (9-10)
8075920,Excelentes (9-10)
8099214,Excelentes (9-10)
8099448,Excelentes (9-10)
8105067,Excelentes (9-10)
8109509,Notables (7-9)
8142940,Excelentes (9-10)
8158709,Excelentes (9-10)
8181779,Notables (7-9)
8187321,Notables (7-9)
8201621,Notables (7-9)
8207999,Notables (7-9)
8215329,Excelentes (9-10)
8215716,Notables (7-9)
8215879,Notables (7-9)
8216543,Notables (7-9)
8257847,Notables (7-9)
8260073,Excelentes (9-10)
8271873,Excelentes (9-10)
8287073,Excelentes (9-10)
8290927,Insuficiente Bajo (0-3)
8299987,Excelentes (9-10)
8303125,Notables (7-9)
8316352,Excelentes (9-10)
8317251,Insuficiente Bajo (0-3)
8338269,Excelentes (9-10)
8345529,Excelentes (9-10)
8352016,Excelentes (9-10)
8352449,Notables (7-9)
8370275,Excelentes (9-10)
8380683,Excelentes (9-10)
8382715,Notables (7-9)
8402787,Excelentes (9-10)
8405250,Notables (7-9)
8405901,Excelentes (9-10)
8414213,Excelentes (9-10)
8418514,Excelentes (9-10)
8432486,Notables (7-9)
8442992,Excelentes (9-10)
8452768,Excelentes (9-10)
8455978,Excelentes (9-10)
8482861,Notables (7-9)
8491814,Excelentes (9-10)
8517585,Excelentes (9-10)
8521963,Excelentes (9-10)
8528333,Excelentes (9-10)
8544919,Excelentes (9-10)
8548754,Excelentes (9-10)
8551651,Excelentes (9-10)
8553863,Notables (7-9)
8560924,Insuficiente Bajo (0-3)
8577709,Notables (7-9)
8579303,Notables (7-9)
8598604,Insuficiente Bajo (0-3)
8605416,Excelentes (9-10)
8606569,Excelentes (9-10)
8620038,Excelentes (9-10)
8625967,Notables (7-9)
8649608,Excelentes (9-10)
8659814,Excelentes (9-10)
8659944,Excelentes (9-10)
8665229,Notables (7-9)
8678755,Excelentes (9-10)
8679279,Excelentes (9-10)
8682598,Excelentes (9-10)
8687968,Insuficiente Bajo (0-3)
8697956,Notables (7-9)
8699662,Notables (7-9)
8708285,Notables (7-9)
8713265,Notables (7-9)
8728121,Excelentes (9-10)
8732880,Excelentes (9-10)
8747669,Insuficiente Bajo (0-3)
8749646,Notables (7-9)
8753004,Notables (7-9)
8755195,Excelentes (9-10)
8785365,Notables (7-9)
8796971,Insuficiente Alto (3-5)
8842446,Excelentes (9-10)
8858054,Excelentes (9-10)
8874708,Notables (7-9)
8878941,Suficientes (5-7)
8893111,Notables (7-9)
8893392,Notables (7-9)
8923152,Excelentes (9-10)
8931118,Excelentes (9-10)
8933347,Notables (7-9)
8933966,Excelentes (9-10)
8938744,Insuficiente Bajo (0-3)
8938905,Notables (7-9)
8949091,Excelentes (9-10)
8953520,Notables (7-9)
8978429,Excelentes (9-10)
8979120,Excelentes (9-10)
8979204,Excelentes (9-10)
8981681,Excelentes (9-10)
9012509,Excelentes (9-10)
9020920,Suficientes (5-7)
9021581,Notables (7-9)
9022672,Excelentes (9-10)
9040814,Excelentes (9-10)
9071819,Excelentes (9-10)
9103409,Excelentes (9-10)
9106139,Notables (7-9)
9109924,Excelentes (9-10)
9122183,Excelentes (9-10)
9122315,Excelentes (9-10)
9124283,Notables (7-9)
9124729,Excelentes (9-10)
9124815,Excelentes (9-10)
9126438,Notables (7-9)
9127476,Excelentes (9-10)
9128910,Excelentes (9-10)
9136431,Notables (7-9)
9150241,Excelentes (9-10)
9154907,Insuficiente Bajo (0-3)
9161264,Insuficiente Bajo (0-3)
9169934,Excelentes (9-10)
9224274,Suficientes (5-7)
9224648,Excelentes (9-10)
9225333,Excelentes (9-10)
9250389,Excelentes (9-10)
9256471,Excelentes (9-10)
9257391,Insuficiente Bajo (0-3)
9273634,Notables (7-9)
9273891,Notables (7-9)
9278829,Excelentes (9-10)
9288970,Excelentes (9-10)
9298157,Excelentes (9-10)
9306092,Excelentes (9-10)
9308102,Excelentes (9-10)
9311615,Insuficiente Bajo (0-3)
9312047,Excelentes (9-10)
9320429,Insuficiente Bajo (0-3)
9324193,Notables (7-9)
9324575,Notables (7-9)
9358770,Excelentes (9-10)
9359210,Insuficiente Bajo (0-3)
9367812,Excelentes (9-10)
9377811,Notables (7-9)
9380158,Excelentes (9-10)
9385154,Excelentes (9-10)
9385786,Excelentes (9-10)
9398921,Excelentes (9-10)
9419502,Notables (7-9)
9419850,Excelentes (9-10)
9421482,Notables (7-9)
9421526,Excelentes (9-10)
9422043,Excelentes (9-10)
9446046,Notables (7-9)
9454217,Excelentes (9-10)
9469358,Excelentes (9-10)
9469885,Notables (7-9)
9475572,Excelentes (9-10)
9483720,Excelentes (9-10)
9485319,Excelentes (9-10)
9487962,Excelentes (9-10)
9501190,Notables (7-9)
9501577,Insuficiente Bajo (0-3)
9507426,Excelentes (9-10)
9538667,Excelentes (9-10)
9553410,Insuficiente Bajo (0-3)
9557814,Excelentes (9-10)
9590507,Notables (7-9)
9600495,Excelentes (9-10)
9600924,Excelentes (9-10)
9602130,Excelentes (9-10)
9602745,Notables (7-9)
9606267,Excelentes (9-10)
9608116,Excelentes (9-10)
9609003,Excelentes (9-10)
9619438,Excelentes (9-10)
9623767,Excelentes (9-10)
9629805,Excelentes (9-10)
9638801,Notables (7-9)
9639522,Excelentes (9-10)
9639977,Excelentes (9-10)
9649549,Excelentes (9-10)
9657097,Insuficiente Bajo (0-3)
9659396,Insuficiente Bajo (0-3)
9664064,Excelentes (9-10)
9665896,Excelentes (9-10)
9675384,Notables (7-9)
9676463,Insuficiente Bajo (0-3)
9688685,Notables (7-9)
9688838,Excelentes (9-10)
9701470,Insuficiente Bajo (0-3)
9708841,Insuficiente Bajo (0-3)
9722582,Notables (7-9)
9745553,Excelentes (9-10)
9746164,Excelentes (9-10)
9755908,Insuficiente Bajo (0-3)
9767425,Notables (7-9)
9767886,Excelentes (9-10)
9769026,Excelentes (9-10)
9769983,Excelentes (9-10)
9784279,Insuficiente Bajo (0-3)
9796203,Notables (7-9)
9805465,Excelentes (9-10)
9839053,Notables (7-9)
9853291,Notables (7-9)
9876822,Excelentes (9-10)
9882952,Excelentes (9-10)
9891769,Excelentes (9-10)
9892051,Excelentes (9-10)
9897617,Excelentes (9-10)
9898670,Notables (7-9)
9899127,Notables (7-9)
9914165,Excelentes (9-10)
9914784,Notables (7-9)
9921111,Excelentes (9-10)
9922861,Excelentes (9-10)
9931276,Excelentes (9-10)
9937559,Excelentes (9-10)
9940226,Excelentes (9-10)
9941704,Suficientes (5-7)
9949200,Excelentes (9-10)
9951270,Insuficiente Bajo (0-3)
9976010,Excelentes (9-10)
9982070,Insuficiente Bajo (0-3)
9982451,Notables (7-9)
9986381,Excelentes (9-10)
9991303,Excelentes (9-10)
10003583,Excelentes (9-10)
10005342,Notables (7-9)
10007695,Insuficiente Bajo (0-3)
10008836,Notables (7-9)
10016232,Notables (7-9)
10030761,Insuficiente Bajo (0-3)
10048434,Insuficiente Bajo (0-3)
10049186,Excelentes (9-10)
10051885,Notables (7-9)
10052073,Excelentes (9-10)
10052599,Notables (7-9)
10064526,Excelentes (9-10)
10065456,Excelentes (9-10)
10073858,Excelentes (9-10)
10081378,Excelentes (9-10)
10086645,Notables (7-9)
10088939,Excelentes (9-10)
10100174,Excelentes (9-10)
10147107,Excelentes (9-10)
10160540,Excelentes (9-10)
10163333,Excelentes (9-10)
10167887,Excelentes (9-10)
10186267,Suficientes (5-7)
10197198,Excelentes (9-10)
10203684,Excelentes (9-10)
10205793,Notables (7-9)
10288055,Excelentes (9-10)
10294590,Insuficiente Bajo (0-3)
10329314,Notables (7-9)
10330171,Excelentes (9-10)
10330404,Excelentes (9-10)
10332631,Excelentes (9-10)
10337538,Excelentes (9-10)
10373116,Excelentes (9-10)
10374268,Notables (7-9)
10400966,Excelentes (9-10)
10419642,Excelentes (9-10)
10420923,Excelentes (9-10)
10442879,Excelentes (9-10)
10442982,Insuficiente Bajo (0-3)
10444307,Excelentes (9-10)
10445067,Excelentes (9-10)
10485211,Excelentes (9-10)
10490005,Excelentes (9-10)
10504333,Notables (7-9)
10505309,Excelentes (9-10)
10507322,Excelentes (9-10)
10509993,Excelentes (9-10)
10516225,Excelentes (9-10)
10519952,Excelentes (9-10)
10533081,Excelentes (9-10)
10534488,Notables (7-9)
10539411,Notables (7-9)
10539504,Excelentes (9-10)
10548137,Notables (7-9)
10553326,Excelentes (9-10)
10559621,Notables (7-9)
10563232,Excelentes (9-10)
10581101,Notables (7-9)
10604387,Excelentes (9-10)
10605673,Insuficiente Bajo (0-3)
10625566,Excelentes (9-10)
10646217,Notables (7-9)
10646732,Notables (7-9)
10654166,Excelentes (9-10)
10654700,Excelentes (9-10)
10663752,Excelentes (9-10)
10665533,Notables (7-9)
10672160,Notables (7-9)
10699176,Excelentes (9-10)
10700849,Excelentes (9-10)
10713417,Excelentes (9-10)
10717396,Excelentes (9-10)
10737049,Excelentes (9-10)
10737502,Notables (7-9)
10737758,Excelentes (9-10)
10740142,Insuficiente Bajo (0-3)
10749658,Excelentes (9-10)
10757653,Excelentes (9-10)
10763645,Notables (7-9)
10767858,Excelentes (9-10)
10777795,Excelentes (9-10)
10779272,Notables (7-9)
10783613,Excelentes (9-10)
10784895,Excelentes (9-10)
10789641,Notables (7-9)
10795353,Excelentes (9-10)
10804895,Excelentes (9-10)
10805041,Excelentes (9-10)
10806296,Excelentes (9-10)
10807501,Excelentes (9-10)
10818188,Excelentes (9-10)
10878653,Excelentes (9-10)
10902660,Excelentes (9-10)
10914921,Notables (7-9)
10926925,Notables (7-9)
10932537,Excelentes (9-10)
10932904,Notables (7-9)
10933943,Excelentes (9-10)
10933970,Notables (7-9)
10939061,Notables (7-9)
10943554,Excelentes (9-10)
10977024,Insuficiente Bajo (0-3)
10977189,Excelentes (9-10)
10979216,Excelentes (9-10)
10983900,Excelentes (9-10)
10984825,Notables (7-9)
10987290,Excelentes (9-10)
11002274,Notables (7-9)
11005774,Excelentes (9-10)
11032300,Excelentes (9-10)
11049959,Excelentes (9-10)
11050306,Insuficiente Bajo (0-3)
11051116,Excelentes (9-10)
11055393,Insuficiente Bajo (0-3)
11074413,Suficientes (5-7)
11083903,Insuficiente Bajo (0-3)
11102825,Excelentes (9-10)
11114286,Excelentes (9-10)
11117507,Suficientes (5-7)
11120533,Notables (7-9)
11128052,Excelentes (9-10)
11128281,Excelentes (9-10)
11130249,Suficientes (5-7)
11135042,Excelentes (9-10)
11140090,Notables (7-9)
11155742,Excelentes (9-10)
11155957,Excelentes (9-10)
11157403,Insuficiente Bajo (0-3)
11159274,Excelentes (9-10)
11162926,Excelentes (9-10)
11163417,Excelentes (9-10)
11179999,Excelentes (9-10)
11180610,Excelentes (9-10)
11180810,Excelentes (9-10)
11183000,Notables (7-9)
11185169,Excelentes (9-10)
11197075,Notables (7-9)
11198148,Insuficiente Bajo (0-3)
11215157,Excelentes (9-10)
11220830,Excelentes (9-10)
11224372,Notables (7-9)
11231484,Notables (7-9)
11246722,Notables (7-9)
11248917,Insuficiente Bajo (0-3)
11253321,Notables (7-9)
11255910,Excelentes (9-10)
11257496,Excelentes (9-10)
11259015,Excelentes (9-10)
11272211,Insuficiente Bajo (0-3)
11272667,Excelentes (9-10)
11274752,Excelentes (9-10)
11278771,Excelentes (9-10)
11289818,Excelentes (9-10)
11292645,Excelentes (9-10)
11294046,Excelentes (9-10)
11319343,Insuficiente Bajo (0-3)
11329594,Excelentes (9-10)
11329943,Excelentes (9-10)
11355613,Insuficiente Bajo (0-3)
11357060,Excelentes (9-10)
11357206,Excelentes (9-10)
11366342,Notables (7-9)
11371858,Excelentes (9-10)
11372548,Excelentes (9-10)
11373621,Excelentes (9-10)
11382291,Excelentes (9-10)
11385718,Insuficiente Bajo (0-3)
11388701,Excelentes (9-10)
11391517,Excelentes (9-10)
11392193,Notables (7-9)
11395302,Excelentes (9-10)
11396341,Notables (7-9)
11397725,Insuficiente Bajo (0-3)
11404229,Insuficiente Bajo (0-3)
11411444,Notables (7-9)
11416382,Excelentes (9-10)
11416659,Excelentes (9-10)
11423836,Excelentes (9-10)
11431221,Insuficiente Bajo (0-3)
11431731,Notables (7-9)
11432210,Excelentes (9-10)
11435000,Excelentes (9-10)
11438763,Notables (7-9)
11459265,Notables (7-9)
11486871,Notables (7-9)
11495378,Notables (7-9)
11516651,Excelentes (9-10)
11519240,Excelentes (9-10)
11520183,Excelentes (9-10)
11524534,Notables (7-9)
11524615,Excelentes (9-10)
11529850,Excelentes (9-10)
11535966,Excelentes (9-10)
11545511,Excelentes (9-10)
11545918,Notables (7-9)
11548686,Notables (7-9)
11558645,Excelentes (9-10)
11561737,Insuficiente Bajo (0-3)
11562597,Notables (7-9)
11563254,Notables (7-9)
11564669,Excelentes (9-10)
11565250,Excelentes (9-10)
11566229,Excelentes (9-10)
11568230,Excelentes (9-10)
11568875,Notables (7-9)
11569228,Excelentes (9-10)
11570056,Excelentes (9-10)
11570926,Notables (7-9)
11578660,Excelentes (9-10)
11585976,Excelentes (9-10)
11587155,Notables (7-9)
11598588,Excelentes (9-10)
11603689,Excelentes (9-10)
11603936,Excelentes (9-10)
11607312,Excelentes (9-10)
11613819,Excelentes (9-10)
11617403,Insuficiente Bajo (0-3)
11620856,Excelentes (9-10)
11622901,Suficientes (5-7)
11631870,Excelentes (9-10)
11635771,Excelentes (9-10)
11644226,Excelentes (9-10)
11654423,Notables (7-9)
11658556,Notables (7-9)
11658641,Excelentes (9-10)
11662416,Notables (7-9)
11664174,Excelentes (9-10)
11669635,Excelentes (9-10)
11670392,Insuficiente Bajo (0-3)
11673914,Excelentes (9-10)
11686391,Insuficiente Alto (3-5)
11687495,Insuficiente Bajo (0-3)
11691751,Excelentes (9-10)
11705677,Excelentes (9-10)
11713036,Excelentes (9-10)
11715525,Excelentes (9-10)
11719508,Excelentes (9-10)
11736309,Insuficiente Bajo (0-3)
11749547,Excelentes (9-10)
11753309,Notables (7-9)
11767366,Excelentes (9-10)
11780353,Excelentes (9-10)
11799070,Excelentes (9-10)
11807327,Excelentes (9-10)
11811815,Excelentes (9-10)
11816669,Excelentes (9-10)
11816740,Notables (7-9)
11821663,Excelentes (9-10)
11821878,Insuficiente Bajo (0-3)
11822136,Notables (7-9)
11832604,Excelentes (9-10)
11832784,Excelentes (9-10)
11836391,Notables (7-9)
11838750,Notables (7-9)
11840499,Excelentes (9-10)
11842081,Excelentes (9-10)
11843115,Excelentes (9-10)
11847427,Notables (7-9)
11857115,Excelentes (9-10)
11879723,Excelentes (9-10)
11882022,Insuficiente Bajo (0-3)
11882029,Excelentes (9-10)
11890982,Excelentes (9-10)
11897324,Excelentes (9-10)
11900050,Excelentes (9-10)
11901013,Notables (7-9)
11901471,Insuficiente Bajo (0-3)
11909819,Excelentes (9-10)
11925686,Notables (7-9)
11933593,Excelentes (9-10)
11938204,Notables (7-9)
11948114,Excelentes (9-10)
11955191,Insuficiente Bajo (0-3)
11955696,Insuficiente Bajo (0-3)
11955719,Excelentes (9-10)
11956034,Excelentes (9-10)
11956508,Insuficiente Bajo (0-3)
11960656,Insuficiente Bajo (0-3)
11968269,Excelentes (9-10)
11982369,Excelentes (9-10)
11989301,Excelentes (9-10)
11997812,Notables (7-9)
12013971,Insuficiente Bajo (0-3)
12015070,Insuficiente Bajo (0-3)
12032919,Notables (7-9)
12034780,Excelentes (9-10)
12036000,Excelentes (9-10)
12040346,Notables (7-9)
12045434,Notables (7-9)
12054575,Excelentes (9-10)
12059392,Excelentes (9-10)
12060275,Notables (7-9)
12068435,Excelentes (9-10)
12075555,Notables (7-9)
12077799,Notables (7-9)
12082434,Excelentes (9-10)
12086335,Insuficiente Bajo (0-3)
12090952,Excelentes (9-10)
12091396,Notables (7-9)
12095223,Excelentes (9-10)
12098438,Insuficiente Bajo (0-3)
12100656,Notables (7-9)
12102154,Notables (7-9)
12105628,Notables (7-9)
12112405,Notables (7-9)
12123407,Excelentes (9-10)
12125552,Excelentes (9-10)
12127413,Excelentes (9-10)
12132014,Excelentes (9-10)
12140492,Notables (7-9)
12140710,Excelentes (9-10)
12144391,Excelentes (9-10)
12145784,Excelentes (9-10)
12165986,Notables (7-9)
12167208,Excelentes (9-10)
12183630,Insuficiente Bajo (0-3)
12189216,Excelentes (9-10)
12192325,Excelentes (9-10)
12197695,Excelentes (9-10)
12202980,Insuficiente Bajo (0-3)
12226249,Excelentes (9-10)
12229807,Excelentes (9-10)
12237040,Notables (7-9)
12238236,Excelentes (9-10)
12249095,Notables (7-9)
12257443,Insuficiente Bajo (0-3)
12259520,Excelentes (9-10)
12259657,Notables (7-9)
12264427,Notables (7-9)
12265320,Excelentes (9-10)
12292259,Excelentes (9-10)
12298662,Notables (7-9)
12303494,Excelentes (9-10)
12304310,Notables (7-9)
12318076,Notables (7-9)
12318706,Notables (7-9)
12331497,Insuficiente Bajo (0-3)
12331759,Excelentes (9-10)
12337420,Excelentes (9-10)
12337767,Notables (7-9)
12339346,Notables (7-9)
12339653,Excelentes (9-10)
12355377,Excelentes (9-10)
12356011,Excelentes (9-10)
12356351,Notables (7-9)
12357602,Excelentes (9-10)
12365164,Notables (7-9)
12370029,Insuficiente Bajo (0-3)
12381763,Notables (7-9)
12382863,Notables (7-9)
12400956,Notables (7-9)
12403422,Excelentes (9-10)
12404275,Excelentes (9-10)
12405589,Notables (7-9)
12416706,Excelentes (9-10)
12420090,Excelentes (9-10)
12439589,Excelentes (9-10)
12446779,Excelentes (9-10)
12462474,Notables (7-9)
12463651,Notables (7-9)
12464184,Excelentes (9-10)
12467956,Notables (7-9)
12467964,Insuficiente Bajo (0-3)
12471041,Notables (7-9)
12500460,Excelentes (9-10)
12500680,Excelentes (9-10)
12505966,Excelentes (9-10)
12510136,Excelentes (9-10)
12510206,Excelentes (9-10)
12510355,Notables (7-9)
12514998,Excelentes (9-10)
12528188,Excelentes (9-10)
12529740,Excelentes (9-10)
12552995,Excelentes (9-10)
12554244,Insuficiente Bajo (0-3)
12579717,Excelentes (9-10)
12588488,Excelentes (9-10)
12607558,Excelentes (9-10)
12611415,Excelentes (9-10)
12617010,Excelentes (9-10)
12621485,Notables (7-9)
12640364,Excelentes (9-10)
12660364,Excelentes (9-10)
12668305,Notables (7-9)
12675186,Notables (7-9)
12694109,Excelentes (9-10)
12715200,Excelentes (9-10)
12718539,Excelentes (9-10)
12720502,Excelentes (9-10)
12733122,Notables (7-9)
12736977,Excelentes (9-10)
12744761,Insuficiente Bajo (0-3)
12745820,Notables (7-9)
12756722,Excelentes (9-10)
12756734,Excelentes (9-10)
12761851,Excelentes (9-10)
12770315,Excelentes (9-10)
12775662,Notables (7-9)
12782353,Excelentes (9-10)
12805760,Excelentes (9-10)
12806328,Excelentes (9-10)
12819460,Excelentes (9-10)
12820722,Excelentes (9-10)
12822901,Excelentes (9-10)
12825535,Insuficiente Bajo (0-3)
12826642,Excelentes (9-10)
12827617,Excelentes (9-10)
12839887,Notables (7-9)
12842645,Notables (7-9)
12843812,Excelentes (9-10)
12844359,Notables (7-9)
12847340,Excelentes (9-10)
12858530,Excelentes (9-10)
12866195,Excelentes (9-10)
12868441,Notables (7-9)
12869712,Excelentes (9-10)
12872395,Notables (7-9)
12878760,Excelentes (9-10)
12887516,Notables (7-9)
12889872,Excelentes (9-10)
12894714,Notables (7-9)
12895521,Excelentes (9-10)
12898480,Excelentes (9-10)
12900103,Excelentes (9-10)
12902044,Suficientes (5-7)
12904164,Insuficiente Bajo (0-3)
12908658,Insuficiente Bajo (0-3)
12909846,Excelentes (9-10)
12910968,Notables (7-9)
12913113,Excelentes (9-10)
12923727,Excelentes (9-10)
12925884,Excelentes (9-10)
12937951,Excelentes (9-10)
12938496,Insuficiente Bajo (0-3)
12938638,Notables (7-9)
12940998,Insuficiente Bajo (0-3)
12943964,Notables (7-9)
12949225,Excelentes (9-10)
12952162,Excelentes (9-10)
12954683,Excelentes (9-10)
12963198,Notables (7-9)
12970898,Excelentes (9-10)
12975744,Excelentes (9-10)
12979463,Notables (7-9)
12982089,Excelentes (9-10)
12982507,Insuficiente Bajo (0-3)
12983168,Excelentes (9-10)
12984693,Notables (7-9)
12984954,Notables (7-9)
12989326,Insuficiente Bajo (0-3)
12994549,Notables (7-9)
12995378,Suficientes (5-7)
12995580,Excelentes (9-10)
12997109,Notables (7-9)
12997259,Notables (7-9)
13002991,Excelentes (9-10)
13004917,Excelentes (9-10)
13009024,Notables (7-9)
13009234,Excelentes (9-10)
13011987,Insuficiente Bajo (0-3)
13012818,Insuficiente Bajo (0-3)
13013764,Excelentes (9-10)
13014825,Excelentes (9-10)
13017446,Excelentes (9-10)
13026543,Excelentes (9-10)
13028502,Insuficiente Bajo (0-3)
13034256,Excelentes (9-10)
13039587,Insuficiente Bajo (0-3)
13040669,Excelentes (9-10)
13042848,Insuficiente Bajo (0-3)
13049329,Notables (7-9)
13049748,Notables (7-9)
13050229,Insuficiente Bajo (0-3)
13051270,Excelentes (9-10)
13051982,Notables (7-9)
13056645,Excelentes (9-10)
13060086,Excelentes (9-10)
13063233,Notables (7-9)
13068790,Notables (7-9)
13070874,Insuficiente Bajo (0-3)
13072799,Excelentes (9-10)
13074464,Suficientes (5-7)
13075457,Excelentes (9-10)
13087391,Excelentes (9-10)
13089392,Excelentes (9-10)
13090344,Excelentes (9-10)
13091384,Excelentes (9-10)
13102780,Insuficiente Bajo (0-3)
13103811,Excelentes (9-10)
13106905,Notables (7-9)
13108088,Notables (7-9)
13108673,Excelentes (9-10)
13120331,Notables (7-9)
13122955,Notables (7-9)
13124100,Excelentes (9-10)
13126110,Excelentes (9-10)
13131828,Notables (7-9)
13134327,Excelentes (9-10)
13134393,Excelentes (9-10)
13137768,Excelentes (9-10)
13151652,Insuficiente Bajo (0-3)
13157971,Excelentes (9-10)
13165886,Notables (7-9)
13166575,Notables (7-9)
13170116,Excelentes (9-10)
13171084,Excelentes (9-10)
13177163,Excelentes (9-10)
13178927,Notables (7-9)
13180369,Insuficiente Bajo (0-3)
13184258,Notables (7-9)
13184686,Notables (7-9)
13185354,Notables (7-9)
13185664,Notables (7-9)
13186975,Excelentes (9-10)
13189515,Insuficiente Bajo (0-3)
13196950,Notables (7-9)
13201344,Excelentes (9-10)
13202055,Excelentes (9-10)
13214194,Excelentes (9-10)
13214391,Excelentes (9-10)
13214848,Excelentes (9-10)
13218847,Excelentes (9-10)
13219895,Notables (7-9)
13222926,Notables (7-9)
13230236,Excelentes (9-10)
13233495,Insuficiente Bajo (0-3)
13243891,Excelentes (9-10)
13246596,Excelentes (9-10)
13249894,Excelentes (9-10)
13250267,Notables (7-9)
13253925,Notables (7-9)
13256597,Excelentes (9-10)
13257273,Excelentes (9-10)
13258053,Excelentes (9-10)
13260550,Insuficiente Bajo (0-3)
13260979,Excelentes (9-10)
13269213,Excelentes (9-10)
13269846,Excelentes (9-10)
13271063,Notables (7-9)
13277158,Notables (7-9)
13277929,Notables (7-9)
13278583,Excelentes (9-10)
13289432,Excelentes (9-10)
13292464,Excelentes (9-10)
13297262,Excelentes (9-10)
13303264,Notables (7-9)
13305377,Notables (7-9)
13305502,Excelentes (9-10)
13311191,Excelentes (9-10)
13311614,Insuficiente Bajo (0-3)
13315485,Excelentes (9-10)
13316411,Excelentes (9-10)
13319354,Notables (7-9)
13321671,Excelentes (9-10)
13323154,Insuficiente Bajo (0-3)
13327229,Excelentes (9-10)
13330029,Insuficiente Bajo (0-3)
13331352,Excelentes (9-10)
13333004,Excelentes (9-10)
13340206,Excelentes (9-10)
13341336,Notables (7-9)
13342687,Excelentes (9-10)
13342720,Insuficiente Bajo (0-3)
13346835,Notables (7-9)
13351781,Notables (7-9)
13354338,Insuficiente Bajo (0-3)
13358899,Excelentes (9-10)
13359409,Excelentes (9-10)
13361113,Excelentes (9-10)
13367596,Insuficiente Bajo (0-3)
13384721,Excelentes (9-10)
13385644,Notables (7-9)
13386294,Excelentes (9-10)
13401995,Notables (7-9)
13402260,Excelentes (9-10)
13402487,Insuficiente Bajo (0-3)
13406253,Excelentes (9-10)
13406888,Excelentes (9-10)
13407285,Notables (7-9)
13408642,Excelentes (9-10)
13427874,Excelentes (9-10)
13431802,Notables (7-9)
13439317,Excelentes (9-10)
13440607,Excelentes (9-10)
13441952,Excelentes (9-10)
13442909,Excelentes (9-10)
13448590,Notables (7-9)
13449246,Excelentes (9-10)
13454957,Excelentes (9-10)
13455836,Excelentes (9-10)
13459484,Insuficiente Bajo (0-3)
13483371,Excelentes (9-10)
13492896,Excelentes (9-10)
13493949,Excelentes (9-10)
13494006,Excelentes (9-10)
13499497,Notables (7-9)
13502256,Excelentes (9-10)
13507538,Notables (7-9)
13510273,Insuficiente Bajo (0-3)
13517322,Notables (7-9)
13525030,Excelentes (9-10)
13525106,Notables (7-9)
13525600,Notables (7-9)
13534487,Excelentes (9-10)
13536092,Notables (7-9)
13539028,Excelentes (9-10)
13542991,Notables (7-9)
13543156,Excelentes (9-10)
13546130,Excelentes (9-10)
13553344,Excelentes (9-10)
13556865,Excelentes (9-10)
13558064,Excelentes (9-10)
13558073,Notables (7-9)
13558152,Excelentes (9-10)
13559207,Excelentes (9-10)
13559786,Excelentes (9-10)
13560860,Excelentes (9-10)
13567392,Notables (7-9)
13568825,Notables (7-9)
13569570,Notables (7-9)
13571420,Excelentes (9-10)
13575342,Excelentes (9-10)
13576820,Insuficiente Bajo (0-3)
13578240,Suficientes (5-7)
13585564,Excelentes (9-10)
13588678,Excelentes (9-10)
13596486,Notables (7-9)
13608118,Excelentes (9-10)
13608528,Notables (7-9)
13609079,Excelentes (9-10)
13609470,Excelentes (9-10)
13610855,Excelentes (9-10)
13617801,Excelentes (9-10)
13619890,Excelentes (9-10)
13622174,Excelentes (9-10)
13629014,Notables (7-9)
13632109,Excelentes (9-10)
13632193,Excelentes (9-10)
13632619,Notables (7-9)
13633305,Excelentes (9-10)
13646170,Excelentes (9-10)
13646947,Excelentes (9-10)
13647725,Excelentes (9-10)
13648073,Excelentes (9-10)
13653047,Excelentes (9-10)
13656676,Notables (7-9)
13662267,Notables (7-9)
13662272,Excelentes (9-10)
13664325,Excelentes (9-10)
13664652,Excelentes (9-10)
13666853,Excelentes (9-10)
13669701,Excelentes (9-10)
13670828,Notables (7-9)
13672166,Excelentes (9-10)
13674761,Notables (7-9)
13681214,Insuficiente Bajo (0-3)
13683044,Excelentes (9-10)
13683978,Notables (7-9)
13684408,Excelentes (9-10)
13684556,Excelentes (9-10)
13686874,Notables (7-9)
13692743,Excelentes (9-10)
13694436,Notables (7-9)
13697145,Excelentes (9-10)
13697917,Excelentes (9-10)
13704020,Notables (7-9)
13707226,Excelentes (9-10)
13707983,Excelentes (9-10)
13709585,Excelentes (9-10)
13710807,Excelentes (9-10)
13712781,Excelentes (9-10)
13717362,Excelentes (9-10)
13719380,Excelentes (9-10)
13720635,Notables (7-9)
13732070,Excelentes (9-10)
13735092,Excelentes (9-10)
13744939,Excelentes (9-10)
13744974,Insuficiente Bajo (0-3)
13746010,Excelentes (9-10)
13747419,Excelentes (9-10)
13755382,Insuficiente Bajo (0-3)
13757110,Excelentes (9-10)
13759714,Suficientes (5-7)
13759724,Insuficiente Bajo (0-3)
13759735,Notables (7-9)
13759758,Excelentes (9-10)
13759790,Excelentes (9-10)
13760675,Excelentes (9-10)
13760705,Excelentes (9-10)
13760709,Notables (7-9)
13760759,Notables (7-9)
13760790,Excelentes (9-10)
13763386,Excelentes (9-10)
13763656,Notables (7-9)
13766096,Excelentes (9-10)
13768289,Notables (7-9)
13772492,Excelentes (9-10)
13778954,Notables (7-9)
13779765,Excelentes (9-10)
13783193,Notables (7-9)
13790837,Excelentes (9-10)
13792342,Insuficiente Bajo (0-3)
13792394,Excelentes (9-10)
13792441,Insuficiente Bajo (0-3)
13792565,Excelentes (9-10)
13792567,Notables (7-9)
13792644,Insuficiente Bajo (0-3)
13796258,Insuficiente Alto (3-5)
13799511,Excelentes (9-10)
13799739,Insuficiente Bajo (0-3)
13806026,Excelentes (9-10)
13807367,Insuficiente Bajo (0-3)
13810790,Insuficiente Bajo (0-3)
13814652,Excelentes (9-10)
13818564,Excelentes (9-10)
13820948,Excelentes (9-10)
13823071,Excelentes (9-10)
13823710,Excelentes (9-10)
13824037,Excelentes (9-10)
13827516,Excelentes (9-10)
13835912,Excelentes (9-10)
13837599,Notables (7-9)
13837974,Excelentes (9-10)
13839311,Excelentes (9-10)
13839516,Excelentes (9-10)
13840082,Notables (7-9)
13840373,Excelentes (9-10)
13841270,Excelentes (9-10)
13843488,Excelentes (9-10)
13851443,Suficientes (5-7)
13852472,Excelentes (9-10)
13862548,Excelentes (9-10)
13875398,Notables (7-9)
13875931,Notables (7-9)
13877909,Excelentes (9-10)
13878584,Excelentes (9-10)
13880623,Excelentes (9-10)
13881242,Excelentes (9-10)
13888077,Notables (7-9)
13889075,Insuficiente Bajo (0-3)
13889077,Insuficiente Bajo (0-3)
13889081,Notables (7-9)
13889082,Insuficiente Bajo (0-3)
13889130,Insuficiente Bajo (0-3)
13889172,Insuficiente Bajo (0-3)
13889176,Insuficiente Bajo (0-3)
13889228,Notables (7-9)
13889239,Insuficiente Bajo (0-3)
13889923,Notables (7-9)
13889988,Insuficiente Bajo (0-3)
13890000,Excelentes (9-10)
13892114,Excelentes (9-10)
13898645,Excelentes (9-10)
13905674,Notables (7-9)
13911372,Excelentes (9-10)
13919116,Excelentes (9-10)
13927392,Excelentes (9-10)
13930165,Excelentes (9-10)
13931820,Insuficiente Bajo (0-3)
13932435,Excelentes (9-10)
13934525,Excelentes (9-10)
13935070,Excelentes (9-10)
13937619,Notables (7-9)
13938008,Excelentes (9-10)
13939823,Notables (7-9)
13945319,Excelentes (9-10)
13949075,Excelentes (9-10)
13949490,Insuficiente Bajo (0-3)
13950398,Excelentes (9-10)
13953033,Notables (7-9)
13957668,Excelentes (9-10)
13958403,Suficientes (5-7)
13966451,Excelentes (9-10)
13966456,Notables (7-9)
13971169,Notables (7-9)
13971841,Insuficiente Bajo (0-3)
13973253,Notables (7-9)
13978167,Excelentes (9-10)
13982517,Excelentes (9-10)
13982721,Insuficiente Bajo (0-3)
13983890,Insuficiente Bajo (0-3)
13988785,Notables (7-9)
14001383,Insuficiente Bajo (0-3)
14003023,Excelentes (9-10)
14005224,Notables (7-9)
14009016,Excelentes (9-10)
14019469,Insuficiente Bajo (0-3)
14021882,Excelentes (9-10)
14023464,Excelentes (9-10)
14024134,Notables (7-9)
14031950,Notables (7-9)
14032032,Insuficiente Bajo (0-3)
14035271,Excelentes (9-10)
14035983,Excelentes (9-10)
14039869,Excelentes (9-10)
14040381,Excelentes (9-10)
14040825,Excelentes (9-10)
14052769,Insuficiente Bajo (0-3)
14053504,Notables (7-9)
14062759,Excelentes (9-10)
14068570,Excelentes (9-10)
14073395,Notables (7-9)
14074210,Excelentes (9-10)
14078662,Insuficiente Alto (3-5)
14080358,Excelentes (9-10)
14081585,Notables (7-9)
14081740,Notables (7-9)
14081795,Excelentes (9-10)
14081835,Notables (7-9)
14082532,Notables (7-9)
14091198,Notables (7-9)
14097428,Notables (7-9)
14104438,Excelentes (9-10)
14107150,Excelentes (9-10)
14112575,Excelentes (9-10)
14115141,Excelentes (9-10)
14115964,Excelentes (9-10)
14118725,Insuficiente Bajo (0-3)
14119865,Notables (7-9)
14122354,Excelentes (9-10)
14125592,Excelentes (9-10)
14129647,Insuficiente Bajo (0-3)
14130801,Notables (7-9)
14131236,Notables (7-9)
14133214,Excelentes (9-10)
14135821,Insuficiente Bajo (0-3)
14136180,Excelentes (9-10)
14137949,Excelentes (9-10)
14139837,Excelentes (9-10)
14145947,Notables (7-9)
14147022,Excelentes (9-10)
14148420,Notables (7-9)
14155985,Excelentes (9-10)
14158219,Notables (7-9)
14160614,Insuficiente Bajo (0-3)
14160854,Notables (7-9)
14161505,Insuficiente Bajo (0-3)
14162757,Excelentes (9-10)
14171398,Excelentes (9-10)
14177631,Notables (7-9)
14181577,Excelentes (9-10)
14193050,Insuficiente Bajo (0-3)
14193052,Excelentes (9-10)
14193078,Insuficiente Bajo (0-3)
14193136,Insuficiente Bajo (0-3)
14193156,Insuficiente Bajo (0-3)
14193194,Insuficiente Bajo (0-3)
14193209,Insuficiente Bajo (0-3)
14193221,Insuficiente Bajo (0-3)
14198448,Excelentes (9-10)
14201106,Excelentes (9-10)
14201798,Excelentes (9-10)
14209175,Excelentes (9-10)
14214962,Insuficiente Bajo (0-3)
14214969,Insuficiente Bajo (0-3)
14214987,Notables (7-9)
14215215,Excelentes (9-10)
14216400,Excelentes (9-10)
14216516,Excelentes (9-10)
14216618,Excelentes (9-10)
14217504,Excelentes (9-10)
14224910,Excelentes (9-10)
14227923,Excelentes (9-10)
14228441,Excelentes (9-10)
14232719,Insuficiente Bajo (0-3)
14234152,Insuficiente Bajo (0-3)
14235627,Insuficiente Bajo (0-3)
14243565,Insuficiente Bajo (0-3)
14245237,Notables (7-9)
14245384,Notables (7-9)
14245709,Notables (7-9)
14247535,Excelentes (9-10)
14248640,Excelentes (9-10)
14249095,Notables (7-9)
14258334,Excelentes (9-10)
14263672,Excelentes (9-10)
14271969,Excelentes (9-10)
14276011,Excelentes (9-10)
14276058,Notables (7-9)
14287583,Excelentes (9-10)
14288527,Excelentes (9-10)
14293369,Excelentes (9-10)
14302642,Excelentes (9-10)
14305002,Insuficiente Bajo (0-3)
14325567,Excelentes (9-10)
14326808,Excelentes (9-10)
14331451,Notables (7-9)
14333551,Excelentes (9-10)
14348631,Notables (7-9)
14352270,Insuficiente Bajo (0-3)
14365234,Insuficiente Bajo (0-3)
14365279,Excelentes (9-10)
14365626,Suficientes (5-7)
14366477,Notables (7-9)
14368132,Excelentes (9-10)
14372147,Excelentes (9-10)
14377832,Excelentes (9-10)
14378795,Notables (7-9)
14392407,Notables (7-9)
14402621,Excelentes (9-10)
14405216,Excelentes (9-10)
14408217,Excelentes (9-10)
14409727,Excelentes (9-10)
14417927,Notables (7-9)
14418359,Excelentes (9-10)
14421923,Excelentes (9-10)
14423854,Notables (7-9)
14433252,Notables (7-9)
14436579,Excelentes (9-10)
14443970,Notables (7-9)
14444683,Notables (7-9)
14446714,Excelentes (9-10)
14459149,Excelentes (9-10)
14459234,Excelentes (9-10)
14460617,Excelentes (9-10)
14466402,Excelentes (9-10)
14484042,Excelentes (9-10)
14485011,Excelentes (9-10)
14487200,Excelentes (9-10)
14497988,Excelentes (9-10)
14515452,Excelentes (9-10)
14516410,Insuficiente Bajo (0-3)
14520174,Excelentes (9-10)
14521034,Insuficiente Bajo (0-3)
14521196,Excelentes (9-10)
14559351,Insuficiente Bajo (0-3)
14561846,Excelentes (9-10)
14563088,Excelentes (9-10)
14567046,Insuficiente Bajo (0-3)
14568981,Notables (7-9)
14569945,Excelentes (9-10)
14571645,Excelentes (9-10)
14573570,Excelentes (9-10)
14574259,Excelentes (9-10)
14579567,Excelentes (9-10)
14582385,Excelentes (9-10)
14583572,Excelentes (9-10)
14585558,Excelentes (9-10)
14587542,Insuficiente Bajo (0-3)
14592598,Excelentes (9-10)
14593145,Excelentes (9-10)
14594377,Excelentes (9-10)
14601604,Notables (7-9)
14606893,Excelentes (9-10)
14607740,Excelentes (9-10)
14608291,Excelentes (9-10)
14612268,Excelentes (9-10)
14620999,Notables (7-9)
14626938,Notables (7-9)
14627849,Excelentes (9-10)
14631204,Excelentes (9-10)
14640104,Notables (7-9)
14642417,Notables (7-9)
14644797,Insuficiente Bajo (0-3)
14662418,Notables (7-9)
14668651,Excelentes (9-10)
14669223,Excelentes (9-10)
14671298,Insuficiente Bajo (0-3)
14677653,Excelentes (9-10)
14680620,Notables (7-9)
14682290,Excelentes (9-10)
14684040,Excelentes (9-10)
14703600,Excelentes (9-10)
14712529,Excelentes (9-10)
14719647,Excelentes (9-10)
14734390,Excelentes (9-10)
14735765,Excelentes (9-10)
14750346,Excelentes (9-10)
14766072,Excelentes (9-10)
14767959,Excelentes (9-10)
14772349,Notables (7-9)
14773056,Notables (7-9)
14778581,Notables (7-9)
14782589,Excelentes (9-10)
14792937,Insuficiente Bajo (0-3)
14813508,Excelentes (9-10)
14831213,Notables (7-9)
14839843,Excelentes (9-10)
14852941,Notables (7-9)
14854074,Excelentes (9-10)
14854217,Excelentes (9-10)
14864640,Excelentes (9-10)
14868987,Excelentes (9-10)
14869404,Excelentes (9-10)
14870222,Excelentes (9-10)
14889273,Excelentes (9-10)
14894906,Notables (7-9)
14896116,Suficientes (5-7)
14896686,Notables (7-9)
14907916,Excelentes (9-10)
14910368,Notables (7-9)
14911737,Excelentes (9-10)
14912116,Excelentes (9-10)
14913422,Excelentes (9-10)
14922043,Notables (7-9)
14922099,Insuficiente Bajo (0-3)
14923468,Excelentes (9-10)
14929819,Excelentes (9-10)
14933489,Excelentes (9-10)
14940272,Excelentes (9-10)
14961326,Insuficiente Bajo (0-3)
14961344,Excelentes (9-10)
14962042,Excelentes (9-10)
14962133,Notables (7-9)
14963633,Excelentes (9-10)
14964612,Excelentes (9-10)
14965707,Excelentes (9-10)
14972406,Notables (7-9)
14981606,Excelentes (9-10)
14992442,Excelentes (9-10)
14996558,Excelentes (9-10)
14997405,Excelentes (9-10)
14999488,Notables (7-9)
15003987,Excelentes (9-10)
15006369,Excelentes (9-10)
15012271,Notables (7-9)
15012285,Excelentes (9-10)
15012312,Excelentes (9-10)
15014198,Excelentes (9-10)
15019573,Excelentes (9-10)
15030768,Notables (7-9)
15030779,Excelentes (9-10)
15031239,Excelentes (9-10)
15031780,Notables (7-9)
15032997,Notables (7-9)
15034204,Excelentes (9-10)
15034907,Excelentes (9-10)
15036949,Excelentes (9-10)
15044451,Excelentes (9-10)
15045517,Suficientes (5-7)
15047445,Notables (7-9)
15047966,Excelentes (9-10)
15048152,Excelentes (9-10)
15052231,Excelentes (9-10)
15053593,Excelentes (9-10)
15053800,Excelentes (9-10)
15055155,Excelentes (9-10)
15066661,Notables (7-9)
15068266,Notables (7-9)
15070085,Excelentes (9-10)
15070118,Excelentes (9-10)
15071197,Notables (7-9)
15078222,Notables (7-9)
15081686,Insuficiente Bajo (0-3)
15081693,Insuficiente Bajo (0-3)
15082579,Notables (7-9)
15091443,Notables (7-9)
15110544,Excelentes (9-10)
15123163,Excelentes (9-10)
15125165,Insuficiente Bajo (0-3)
15125219,Excelentes (9-10)
15125277,Insuficiente Bajo (0-3)
15125280,Insuficiente Bajo (0-3)
15125294,Insuficiente Bajo (0-3)
15125300,Notables (7-9)
15125331,Insuficiente Bajo (0-3)
15138252,Excelentes (9-10)
15140894,Excelentes (9-10)
15142018,Excelentes (9-10)
15154624,Excelentes (9-10)
15155730,Insuficiente Bajo (0-3)
15156675,Excelentes (9-10)
15157817,Notables (7-9)
15162404,Excelentes (9-10)
15163885,Excelentes (9-10)
15164356,Excelentes (9-10)
15168761,Excelentes (9-10)
15172492,Notables (7-9)
15174318,Excelentes (9-10)
15179060,Notables (7-9)
15179188,Excelentes (9-10)
15189300,Excelentes (9-10)
15192087,Excelentes (9-10)
15197781,Notables (7-9)
15199757,Excelentes (9-10)
15203351,Excelentes (9-10)
15206279,Excelentes (9-10)
15206536,Excelentes (9-10)
15215147,Insuficiente Bajo (0-3)
15225108,Excelentes (9-10)
15226260,Insuficiente Bajo (0-3)
15227148,Excelentes (9-10)
15228632,Insuficiente Bajo (0-3)
15228637,Insuficiente Bajo (0-3)
15228643,Notables (7-9)
15228656,Excelentes (9-10)
15228673,Notables (7-9)
15228688,Insuficiente Bajo (0-3)
15234209,Excelentes (9-10)
15245145,Excelentes (9-10)
15245258,Notables (7-9)
15248430,Excelentes (9-10)
15248525,Excelentes (9-10)
15253506,Insuficiente Bajo (0-3)
15254167,Notables (7-9)
15259141,Insuficiente Bajo (0-3)
15265238,Insuficiente Bajo (0-3)
15277194,Insuficiente Bajo (0-3)
15279710,Notables (7-9)
15280322,Notables (7-9)
15291323,Excelentes (9-10)
15293984,Insuficiente Bajo (0-3)
15295749,Excelentes (9-10)
15299905,Excelentes (9-10)
15300143,Excelentes (9-10)
15305990,Insuficiente Bajo (0-3)
15306390,Notables (7-9)
15308709,Notables (7-9)
15313617,Notables (7-9)
15316088,Insuficiente Bajo (0-3)
15318828,Notables (7-9)
15320242,Excelentes (9-10)
15325670,Excelentes (9-10)
15348862,Notables (7-9)
15349533,Excelentes (9-10)
15353038,Excelentes (9-10)
15353324,Insuficiente Bajo (0-3)
15357450,Excelentes (9-10)
15360160,Notables (7-9)
15364728,Notables (7-9)
15372652,Insuficiente Bajo (0-3)
15376167,Excelentes (9-10)
15380630,Notables (7-9)
15402634,Excelentes (9-10)
15402794,Excelentes (9-10)
15421787,Insuficiente Bajo (0-3)
15430554,Insuficiente Bajo (0-3)
15431978,Excelentes (9-10)
15433602,Excelentes (9-10)
15435548,Excelentes (9-10)
15442110,Excelentes (9-10)
15442250,Excelentes (9-10)
15442299,Excelentes (9-10)
15445327,Excelentes (9-10)
15445749,Excelentes (9-10)
15446759,Excelentes (9-10)
15458594,Excelentes (9-10)
15467299,Excelentes (9-10)
15472647,Notables (7-9)
15476243,Insuficiente Bajo (0-3)
15479793,Excelentes (9-10)
15483258,Excelentes (9-10)
15483686,Insuficiente Bajo (0-3)
15487828,Excelentes (9-10)
15488434,Notables (7-9)
15488638,Excelentes (9-10)
15489253,Excelentes (9-10)
15491386,Notables (7-9)
15491387,Excelentes (9-10)
15492619,Insuficiente Bajo (0-3)
15503909,Excelentes (9-10)
15504370,Insuficiente Bajo (0-3)
15505839,Excelentes (9-10)
15507285,Excelentes (9-10)
15510022,Excelentes (9-10)
15514191,Excelentes (9-10)
15530332,Notables (7-9)
15541284,Excelentes (9-10)
15550816,Notables (7-9)
15555722,Insuficiente Bajo (0-3)
15556604,Notables (7-9)
15561769,Excelentes (9-10)
15563894,Excelentes (9-10)
15575144,Insuficiente Bajo (0-3)
15579708,Excelentes (9-10)
15580648,Excelentes (9-10)
15591972,Notables (7-9)
15593416,Excelentes (9-10)
15597738,Excelentes (9-10)
15606679,Excelentes (9-10)
15628078,Suficientes (5-7)
15636856,Excelentes (9-10)
15654614,Insuficiente Bajo (0-3)
15654963,Insuficiente Bajo (0-3)
15656695,Notables (7-9)
15657388,Insuficiente Bajo (0-3)
15658785,Excelentes (9-10)
15659961,Excelentes (9-10)
15667563,Excelentes (9-10)
15672559,Excelentes (9-10)
15696421,Insuficiente Bajo (0-3)
15700116,Excelentes (9-10)
15700160,Insuficiente Bajo (0-3)
15700181,Excelentes (9-10)
15705280,Excelentes (9-10)
15711623,Excelentes (9-10)
15712249,Notables (7-9)
15713797,Excelentes (9-10)
15716926,Insuficiente Bajo (0-3)
15723172,Excelentes (9-10)
15724662,Excelentes (9-10)
15740114,Notables (7-9)
15742124,Excelentes (9-10)
15749505,Excelentes (9-10)
15754749,Insuficiente Bajo (0-3)
15766975,Excelentes (9-10)
15767841,Excelentes (9-10)
15769906,Excelentes (9-10)
15794719,Excelentes (9-10)
15800162,Suficientes (5-7)
15800164,Notables (7-9)
15800166,Insuficiente Bajo (0-3)
15800174,Notables (7-9)
15800817,Excelentes (9-10)
15801786,Excelentes (9-10)
15803693,Notables (7-9)
15803769,Notables (7-9)
15811975,Excelentes (9-10)
15812034,Excelentes (9-10)
15812097,Notables (7-9)
15812679,Excelentes (9-10)
15812828,Excelentes (9-10)
15823039,Excelentes (9-10)
15824837,Insuficiente Bajo (0-3)
15834862,Notables (7-9)
15836966,Excelentes (9-10)
15837237,Insuficiente Bajo (0-3)
15837673,Excelentes (9-10)
15844162,Excelentes (9-10)
15848190,Excelentes (9-10)
15849642,Excelentes (9-10)
15854767,Excelentes (9-10)
15863563,Excelentes (9-10)
15868228,Notables (7-9)
15871248,Notables (7-9)
15882675,Notables (7-9)
15882711,Insuficiente Bajo (0-3)
15882726,Insuficiente Bajo (0-3)
15882755,Suficientes (5-7)
15883288,Notables (7-9)
15885378,Notables (7-9)
15895265,Excelentes (9-10)
15895803,Excelentes (9-10)
15896099,Insuficiente Bajo (0-3)
15907271,Suficientes (5-7)
15907725,Excelentes (9-10)
15908359,Excelentes (9-10)
15909622,Insuficiente Bajo (0-3)
15909986,Excelentes (9-10)
15922099,Excelentes (9-10)
15923937,Notables (7-9)
15929441,Excelentes (9-10)
15935137,Excelentes (9-10)
15946934,Excelentes (9-10)
15950513,Excelentes (9-10)
15953046,Excelentes (9-10)
15959552,Excelentes (9-10)
15959711,Notables (7-9)
15962897,Insuficiente Bajo (0-3)
15968763,Notables (7-9)
15977015,Insuficiente Bajo (0-3)
15984990,Excelentes (9-10)
15985820,Excelentes (9-10)
15999012,Excelentes (9-10)
16001069,Excelentes (9-10)
16001177,Excelentes (9-10)
16011916,Excelentes (9-10)
16027015,Notables (7-9)
16034438,Excelentes (9-10)
16036000,Notables (7-9)
16040928,Excelentes (9-10)
16044746,Notables (7-9)
16059695,Excelentes (9-10)
16060354,Excelentes (9-10)
16060437,Excelentes (9-10)
16064480,Excelentes (9-10)
16066235,Excelentes (9-10)
16068474,Excelentes (9-10)
16074375,Excelentes (9-10)
16075284,Excelentes (9-10)
16075606,Insuficiente Bajo (0-3)
16075619,Notables (7-9)
16075655,Insuficiente Bajo (0-3)
16077061,Excelentes (9-10)
16078112,Excelentes (9-10)
16091088,Excelentes (9-10)
16097749,Excelentes (9-10)
16105036,Excelentes (9-10)
16105228,Insuficiente Bajo (0-3)
16106373,Insuficiente Bajo (0-3)
16109137,Notables (7-9)
16110216,Excelentes (9-10)
16112487,Notables (7-9)
16116126,Notables (7-9)
16116131,Notables (7-9)
16117783,Excelentes (9-10)
16119549,Excelentes (9-10)
16119804,Excelentes (9-10)
16122151,Excelentes (9-10)
16127736,Notables (7-9)
16128493,Insuficiente Bajo (0-3)
16132612,Notables (7-9)
16134982,Excelentes (9-10)
16140518,Excelentes (9-10)
16146904,Excelentes (9-10)
16151975,Excelentes (9-10)
16152053,Excelentes (9-10)
16157618,Excelentes (9-10)
16162015,Excelentes (9-10)
16166606,Insuficiente Bajo (0-3)
16169111,Notables (7-9)
16169145,Excelentes (9-10)
16172109,Excelentes (9-10)
16174382,Notables (7-9)
16175481,Excelentes (9-10)
16175763,Notables (7-9)
16188387,Excelentes (9-10)
16195361,Excelentes (9-10)
16197554,Notables (7-9)
16198382,Excelentes (9-10)
16198827,Insuficiente Bajo (0-3)
16204424,Excelentes (9-10)
16209983,Excelentes (9-10)
16218327,Notables (7-9)
16219907,Excelentes (9-10)
16223030,Excelentes (9-10)
16223789,Excelentes (9-10)
16226623,Excelentes (9-10)
16227372,Excelentes (9-10)
16234816,Suficientes (5-7)
16235230,Insuficiente Bajo (0-3)
16249248,Insuficiente Bajo (0-3)
16251546,Excelentes (9-10)
16253836,Excelentes (9-10)
16255146,Excelentes (9-10)
16257364,Excelentes (9-10)
16257567,Excelentes (9-10)
16260857,Insuficiente Bajo (0-3)
16262996,Insuficiente Bajo (0-3)
16264662,Insuficiente Bajo (0-3)
16270398,Insuficiente Bajo (0-3)
16270556,Excelentes (9-10)
16272738,Excelentes (9-10)
16277379,Excelentes (9-10)
16278781,Excelentes (9-10)
16280942,Insuficiente Bajo (0-3)
16281922,Insuficiente Bajo (0-3)
16287474,Notables (7-9)
16292600,Excelentes (9-10)
16293013,Excelentes (9-10)
16293345,Excelentes (9-10)
16293407,Excelentes (9-10)
16295854,Excelentes (9-10)
16305644,Excelentes (9-10)
16306813,Insuficiente Bajo (0-3)
16307967,Insuficiente Bajo (0-3)
16308005,Insuficiente Bajo (0-3)
16309168,Excelentes (9-10)
16309972,Excelentes (9-10)
16317623,Insuficiente Bajo (0-3)
16319498,Excelentes (9-10)
16327359,Excelentes (9-10)
16327406,Excelentes (9-10)
16341822,Excelentes (9-10)
16342252,Insuficiente Bajo (0-3)
16342266,Excelentes (9-10)
16358569,Notables (7-9)
16359822,Excelentes (9-10)
16370266,Notables (7-9)
16371639,Notables (7-9)
16372552,Excelentes (9-10)
16373692,Excelentes (9-10)
16374861,Excelentes (9-10)
16375266,Notables (7-9)
16376940,Notables (7-9)
16377991,Notables (7-9)
16378030,Insuficiente Bajo (0-3)
16378122,Insuficiente Bajo (0-3)
16378218,Insuficiente Bajo (0-3)
16378837,Insuficiente Bajo (0-3)
16378846,Excelentes (9-10)
16378854,Excelentes (9-10)
16378860,Excelentes (9-10)
16379479,Insuficiente Bajo (0-3)
16379648,Insuficiente Bajo (0-3)
16379658,Insuficiente Bajo (0-3)
16379671,Excelentes (9-10)
16379772,Excelentes (9-10)
16382690,Insuficiente Bajo (0-3)
16384978,Excelentes (9-10)
16385521,Excelentes (9-10)
16385573,Insuficiente Bajo (0-3)
16386018,Excelentes (9-10)
16386147,Notables (7-9)
16386156,Insuficiente Bajo (0-3)
16386158,Insuficiente Bajo (0-3)
16387159,Insuficiente Bajo (0-3)
16388095,Notables (7-9)
16389496,Insuficiente Bajo (0-3)
16393729,Notables (7-9)
16398488,Excelentes (9-10)
16402214,Excelentes (9-10)
16409948,Excelentes (9-10)
16410095,Excelentes (9-10)
16411691,Excelentes (9-10)
16419818,Excelentes (9-10)
16424380,Excelentes (9-10)
16425293,Excelentes (9-10)
16433232,Excelentes (9-10)
16449303,Excelentes (9-10)
16449615,Excelentes (9-10)
16457960,Excelentes (9-10)
16471188,Excelentes (9-10)
16476561,Excelentes (9-10)
16478119,Notables (7-9)
16478602,Excelentes (9-10)
16483920,Notables (7-9)
16486504,Excelentes (9-10)
16486879,Insuficiente Bajo (0-3)
16501647,Excelentes (9-10)
16504514,Notables (7-9)
16517267,Notables (7-9)
16517420,Excelentes (9-10)
16517564,Notables (7-9)
16523911,Excelentes (9-10)
16525141,Notables (7-9)
16531978,Notables (7-9)
16534850,Notables (7-9)
16537660,Excelentes (9-10)
16539985,Excelentes (9-10)
16543166,Excelentes (9-10)
16553196,Notables (7-9)
16553213,Notables (7-9)
16580978,Excelentes (9-10)
16585730,Insuficiente Bajo (0-3)
16585792,Notables (7-9)
16591958,Notables (7-9)
16592467,Excelentes (9-10)
16592689,Notables (7-9)
16593615,Excelentes (9-10)
16597911,Excelentes (9-10)
16599421,Notables (7-9)
16605017,Notables (7-9)
16608404,Excelentes (9-10)
16612772,Excelentes (9-10)
16623742,Notables (7-9)
16624083,Suficientes (5-7)
16642497,Insuficiente Bajo (0-3)
16648902,Notables (7-9)
16668351,Notables (7-9)
16672021,Excelentes (9-10)
16682187,Excelentes (9-10)
16682425,Excelentes (9-10)
16682746,Excelentes (9-10)
16685111,Excelentes (9-10)
16685927,Notables (7-9)
16687083,Excelentes (9-10)
16688770,Notables (7-9)
16690587,Excelentes (9-10)
16697355,Insuficiente Bajo (0-3)
16697440,Excelentes (9-10)
16700580,Excelentes (9-10)
16700592,Excelentes (9-10)
16701270,Excelentes (9-10)
16702659,Excelentes (9-10)
16704193,Excelentes (9-10)
16718567,Excelentes (9-10)
16718731,Excelentes (9-10)
16719324,Excelentes (9-10)
16721576,Notables (7-9)
16732821,Excelentes (9-10)
16733143,Notables (7-9)
16734934,Excelentes (9-10)
16736243,Excelentes (9-10)
16737061,Excelentes (9-10)
16740624,Excelentes (9-10)
16743154,Excelentes (9-10)
16744055,Excelentes (9-10)
16745070,Notables (7-9)
16748294,Excelentes (9-10)
16749058,Excelentes (9-10)
16750931,Excelentes (9-10)
16762460,Excelentes (9-10)
16762820,Notables (7-9)
16772799,Notables (7-9)
16777078,Excelentes (9-10)
16777722,Excelentes (9-10)
16780502,Notables (7-9)
16789407,Excelentes (9-10)
16794153,Notables (7-9)
16800800,Excelentes (9-10)
16802462,Notables (7-9)
16802536,Excelentes (9-10)
16805125,Notables (7-9)
16806770,Insuficiente Bajo (0-3)
16812225,Notables (7-9)
16812583,Notables (7-9)
16819376,Notables (7-9)
16819622,Insuficiente Bajo (0-3)
16842452,Excelentes (9-10)
16852329,Excelentes (9-10)
16852622,Excelentes (9-10)
16856445,Notables (7-9)
16864960,Excelentes (9-10)
16865230,Excelentes (9-10)
16866028,Notables (7-9)
16868660,Suficientes (5-7)
16869002,Excelentes (9-10)
16869344,Insuficiente Bajo (0-3)
16872328,Excelentes (9-10)
16875193,Excelentes (9-10)
16875716,Excelentes (9-10)
16876467,Excelentes (9-10)
16882733,Notables (7-9)
16891365,Excelentes (9-10)
16891845,Excelentes (9-10)
16894142,Suficientes (5-7)
16907802,Excelentes (9-10)
16908827,Notables (7-9)
16909943,Excelentes (9-10)
16919949,Insuficiente Bajo (0-3)
16922240,Excelentes (9-10)
16923644,Excelentes (9-10)
16928256,Excelentes (9-10)
16930276,Excelentes (9-10)
16939915,Excelentes (9-10)
16940499,Suficientes (5-7)
16943785,Excelentes (9-10)
16957961,Insuficiente Bajo (0-3)
16958003,Insuficiente Bajo (0-3)
16958009,Notables (7-9)
16958014,Insuficiente Bajo (0-3)
16958016,Suficientes (5-7)
16958043,Insuficiente Bajo (0-3)
16958105,Notables (7-9)
16958734,Insuficiente Bajo (0-3)
16960221,Excelentes (9-10)
16960789,Insuficiente Bajo (0-3)
16970123,Insuficiente Bajo (0-3)
16986755,Insuficiente Bajo (0-3)
16991632,Notables (7-9)
16993980,Excelentes (9-10)
16995657,Excelentes (9-10)
17004170,Excelentes (9-10)
17004187,Excelentes (9-10)
17004198,Notables (7-9)
17004203,Excelentes (9-10)
17010950,Excelentes (9-10)
17012028,Excelentes (9-10)
17017717,Excelentes (9-10)
17019239,Excelentes (9-10)
17019876,Excelentes (9-10)
17020252,Insuficiente Bajo (0-3)
17020361,Excelentes (9-10)
17026688,Excelentes (9-10)
17027460,Excelentes (9-10)
17029088,Notables (7-9)
17030232,Excelentes (9-10)
17034411,Notables (7-9)
17039209,Excelentes (9-10)
17041460,Excelentes (9-10)
17042853,Excelentes (9-10)
17044186,Notables (7-9)
17044810,Notables (7-9)
17044953,Insuficiente Bajo (0-3)
17046209,Excelentes (9-10)
17050677,Excelentes (9-10)
17052654,Insuficiente Bajo (0-3)
17070772,Excelentes (9-10)
17071189,Excelentes (9-10)
17071473,Insuficiente Bajo (0-3)
17072183,Notables (7-9)
17081279,Insuficiente Bajo (0-3)
17082141,Notables (7-9)
17085278,Excelentes (9-10)
17100681,Insuficiente Bajo (0-3)
17101095,Excelentes (9-10)
17102876,Excelentes (9-10)
17115488,Notables (7-9)
17117682,Notables (7-9)
17121543,Excelentes (9-10)
17121956,Excelentes (9-10)
17122195,Excelentes (9-10)
17128640,Insuficiente Bajo (0-3)
17132303,Excelentes (9-10)
17137241,Excelentes (9-10)
17137501,Insuficiente Bajo (0-3)
17149038,Insuficiente Bajo (0-3)
17150114,Excelentes (9-10)
17152296,Excelentes (9-10)
17152449,Excelentes (9-10)
17154449,Notables (7-9)
17166233,Insuficiente Bajo (0-3)
17174195,Notables (7-9)
17176553,Excelentes (9-10)
17181453,Suficientes (5-7)
17186218,Excelentes (9-10)
17186654,Excelentes (9-10)
17187522,Excelentes (9-10)
17207047,Excelentes (9-10)
17209930,Notables (7-9)
17210787,Insuficiente Bajo (0-3)
17210887,Excelentes (9-10)
17211188,Excelentes (9-10)
17215884,Excelentes (9-10)
17216114,Excelentes (9-10)
17217455,Excelentes (9-10)
17218380,Notables (7-9)
17218653,Notables (7-9)
17220124,Excelentes (9-10)
17220445,Excelentes (9-10)
17227280,Excelentes (9-10)
17229168,Excelentes (9-10)
17229820,Notables (7-9)
17233378,Insuficiente Bajo (0-3)
17235015,Notables (7-9)
17235126,Notables (7-9)
17243123,Excelentes (9-10)
17243915,Excelentes (9-10)
17245845,Insuficiente Bajo (0-3)
17249166,Notables (7-9)
17252208,Excelentes (9-10)
17253251,Insuficiente Bajo (0-3)
17253398,Notables (7-9)
17259098,Excelentes (9-10)
17260689,Insuficiente Bajo (0-3)
17260809,Excelentes (9-10)
17261361,Excelentes (9-10)
17262735,Excelentes (9-10)
17262816,Excelentes (9-10)
17265057,Excelentes (9-10)
17265710,Excelentes (9-10)
17270978,Excelentes (9-10)
17275390,Insuficiente Bajo (0-3)
17276008,Excelentes (9-10)
17279931,Insuficiente Bajo (0-3)
17281949,Excelentes (9-10)
17283206,Excelentes (9-10)
17290335,Excelentes (9-10)
17290371,Excelentes (9-10)
17290470,Notables (7-9)
17290698,Insuficiente Bajo (0-3)
17290980,Excelentes (9-10)
17296867,Notables (7-9)
17299186,Suficientes (5-7)
17300927,Excelentes (9-10)
17301253,Notables (7-9)
17302337,Insuficiente Bajo (0-3)
17305707,Insuficiente Bajo (0-3)
17314117,Insuficiente Bajo (0-3)
17314782,Excelentes (9-10)
17315757,Excelentes (9-10)
17317755,Excelentes (9-10)
17323567,Excelentes (9-10)
17326005,Excelentes (9-10)
17336519,Notables (7-9)
17337052,Excelentes (9-10)
17339781,Excelentes (9-10)
17340053,Suficientes (5-7)
17341376,Excelentes (9-10)
17344825,Excelentes (9-10)
17350033,Notables (7-9)
17351328,Insuficiente Bajo (0-3)
17351552,Excelentes (9-10)
17351876,Insuficiente Bajo (0-3)
17351979,Excelentes (9-10)
17355463,Insuficiente Bajo (0-3)
17355483,Insuficiente Bajo (0-3)
17361082,Notables (7-9)
17362109,Suficientes (5-7)
17374642,Excelentes (9-10)
17374651,Insuficiente Bajo (0-3)
17374654,Insuficiente Bajo (0-3)
17374656,Excelentes (9-10)
17374662,Insuficiente Bajo (0-3)
17374675,Insuficiente Bajo (0-3)
17378294,Excelentes (9-10)
17384199,Excelentes (9-10)
17384311,Excelentes (9-10)
17391816,Excelentes (9-10)
17398411,Notables (7-9)
17400426,Excelentes (9-10)
17401447,Excelentes (9-10)
17401856,Excelentes (9-10)
17403686,Excelentes (9-10)
17404486,Excelentes (9-10)
17404547,Notables (7-9)
17405032,Insuficiente Bajo (0-3)
17405712,Notables (7-9)
17416161,Excelentes (9-10)
17418353,Excelentes (9-10)
17424838,Insuficiente Bajo (0-3)
17433553,Insuficiente Bajo (0-3)
17435283,Excelentes (9-10)
17441146,Notables (7-9)
17445731,Excelentes (9-10)
17450124,Excelentes (9-10)
17454279,Excelentes (9-10)
17457199,Notables (7-9)
17459613,Insuficiente Bajo (0-3)
17461592,Insuficiente Bajo (0-3)
17464617,Excelentes (9-10)
17469259,Excelentes (9-10)
17471152,Insuficiente Bajo (0-3)
17471259,Notables (7-9)
17472243,Excelentes (9-10)
17472277,Excelentes (9-10)
17478187,Notables (7-9)
17480495,Excelentes (9-10)
17488720,Excelentes (9-10)
17492434,Excelentes (9-10)
17493843,Excelentes (9-10)
17496271,Insuficiente Bajo (0-3)
17504665,Excelentes (9-10)
17505545,Excelentes (9-10)
17511243,Insuficiente Bajo (0-3)
17517955,Excelentes (9-10)
17520408,Insuficiente Bajo (0-3)
17521048,Excelentes (9-10)
17521185,Excelentes (9-10)
17521644,Notables (7-9)
17524704,Notables (7-9)
17526431,Excelentes (9-10)
17535113,Excelentes (9-10)
17535381,Excelentes (9-10)
17541411,Notables (7-9)
17541412,Excelentes (9-10)
17543020,Excelentes (9-10)
17543722,Excelentes (9-10)
17550017,Excelentes (9-10)
17562247,Excelentes (9-10)
17567283,Excelentes (9-10)
17569617,Excelentes (9-10)
17571687,Excelentes (9-10)
17573054,Excelentes (9-10)
17579529,Excelentes (9-10)
17579672,Excelentes (9-10)
17582676,Notables (7-9)
17584343,Excelentes (9-10)
17584820,Notables (7-9)
17584853,Notables (7-9)
17587177,Insuficiente Bajo (0-3)
17587681,Excelentes (9-10)
17591337,Excelentes (9-10)
17596395,Excelentes (9-10)
17598748,Excelentes (9-10)
17604685,Notables (7-9)
17604838,Excelentes (9-10)
17614795,Notables (7-9)
17617990,Notables (7-9)
17618539,Excelentes (9-10)
17620092,Excelentes (9-10)
17620096,Excelentes (9-10)
17620102,Notables (7-9)
17620135,Excelentes (9-10)
17630084,Notables (7-9)
17630099,Insuficiente Bajo (0-3)
17635016,Excelentes (9-10)
17635260,Notables (7-9)
17635408,Insuficiente Bajo (0-3)
17635438,Excelentes (9-10)
17635765,Excelentes (9-10)
17637901,Excelentes (9-10)
17644197,Excelentes (9-10)
17644948,Excelentes (9-10)
17646515,Notables (7-9)
17646642,Notables (7-9)
17646651,Notables (7-9)
17648141,Excelentes (9-10)
17649686,Insuficiente Bajo (0-3)
17650090,Excelentes (9-10)
17650100,Insuficiente Bajo (0-3)
17650205,Excelentes (9-10)
17650221,Notables (7-9)
17650263,Notables (7-9)
17650720,Excelentes (9-10)
17651610,Excelentes (9-10)
17651750,Excelentes (9-10)
17655798,Insuficiente Bajo (0-3)
17660750,Notables (7-9)
17666963,Insuficiente Bajo (0-3)
17667517,Excelentes (9-10)
17672694,Excelentes (9-10)
17681359,Excelentes (9-10)
17689692,Notables (7-9)
17689857,Notables (7-9)
17689973,Excelentes (9-10)
17690702,Excelentes (9-10)
17691214,Excelentes (9-10)
17692661,Excelentes (9-10)
17696080,Excelentes (9-10)
17697680,Insuficiente Bajo (0-3)
17700550,Notables (7-9)
17707999,Excelentes (9-10)
17708878,Insuficiente Bajo (0-3)
17709864,Excelentes (9-10)
17709960,Notables (7-9)
17714089,Notables (7-9)
17715487,Excelentes (9-10)
17716207,Notables (7-9)
17725903,Notables (7-9)
17726300,Excelentes (9-10)
17726447,Notables (7-9)
17729038,Excelentes (9-10)
17730772,Excelentes (9-10)
17731189,Notables (7-9)
17731206,Insuficiente Bajo (0-3)
17732078,Excelentes (9-10)
17733106,Excelentes (9-10)
17733173,Excelentes (9-10)
17741453,Notables (7-9)
17742243,Excelentes (9-10)
17743043,Excelentes (9-10)
17748481,Excelentes (9-10)
17750775,Insuficiente Bajo (0-3)
17755018,Notables (7-9)
17755675,Notables (7-9)
17756450,Excelentes (9-10)
17756753,Excelentes (9-10)
17756780,Excelentes (9-10)
17757558,Excelentes (9-10)
17757695,Notables (7-9)
17758622,Excelentes (9-10)
17758707,Excelentes (9-10)
17759717,Excelentes (9-10)
17760633,Excelentes (9-10)
17764253,Excelentes (9-10)
17764953,Excelentes (9-10)
17770213,Excelentes (9-10)
17773935,Notables (7-9)
17778087,Notables (7-9)
17785758,Excelentes (9-10)
17797538,Notables (7-9)
17799818,Excelentes (9-10)
17800164,Notables (7-9)
17800984,Notables (7-9)
17803475,Notables (7-9)
17804478,Notables (7-9)
17804488,Excelentes (9-10)
17804504,Notables (7-9)
17804540,Excelentes (9-10)
17804969,Excelentes (9-10)
17805549,Excelentes (9-10)
17806078,Insuficiente Bajo (0-3)
17806705,Notables (7-9)
17806923,Insuficiente Bajo (0-3)
17806932,Insuficiente Bajo (0-3)
17817020,Notables (7-9)
17819565,Notables (7-9)
17820821,Excelentes (9-10)
17820967,Insuficiente Bajo (0-3)
17820980,Suficientes (5-7)
17821081,Suficientes (5-7)
17825682,Excelentes (9-10)
17828146,Insuficiente Bajo (0-3)
17834220,Excelentes (9-10)
17834473,Notables (7-9)
17835432,Notables (7-9)
17840271,Insuficiente Bajo (0-3)
17852724,Excelentes (9-10)
17854156,Excelentes (9-10)
17856140,Excelentes (9-10)
17856790,Notables (7-9)
17861371,Excelentes (9-10)
17862347,Excelentes (9-10)
17863260,Excelentes (9-10)
17864283,Notables (7-9)
17868734,Excelentes (9-10)
17871092,Excelentes (9-10)
17871183,Excelentes (9-10)
17874090,Excelentes (9-10)
17876028,Excelentes (9-10)
17877338,Notables (7-9)
17886112,Excelentes (9-10)
17892735,Insuficiente Bajo (0-3)
17899789,Excelentes (9-10)
17902622,Excelentes (9-10)
17903360,Excelentes (9-10)
17903578,Notables (7-9)
17904051,Excelentes (9-10)
17904839,Insuficiente Bajo (0-3)
17904890,Excelentes (9-10)
17907348,Notables (7-9)
17912068,Notables (7-9)
17916039,Excelentes (9-10)
17917894,Excelentes (9-10)
17918232,Insuficiente Bajo (0-3)
17918794,Insuficiente Alto (3-5)
17918830,Insuficiente Bajo (0-3)
17920004,Excelentes (9-10)
17930771,Excelentes (9-10)
17931716,Insuficiente Bajo (0-3)
17932388,Excelentes (9-10)
17933700,Excelentes (9-10)
17933924,Insuficiente Bajo (0-3)
17937263,Excelentes (9-10)
17947473,Excelentes (9-10)
17954850,Insuficiente Bajo (0-3)
17958359,Notables (7-9)
17960977,Excelentes (9-10)
17962512,Insuficiente Bajo (0-3)
17963002,Excelentes (9-10)
17965412,Excelentes (9-10)
17967087,Excelentes (9-10)
17968088,Excelentes (9-10)
17968171,Excelentes (9-10)
17968608,Excelentes (9-10)
17968855,Excelentes (9-10)
17970654,Excelentes (9-10)
17974912,Excelentes (9-10)
17975991,Excelentes (9-10)
17986253,Insuficiente Bajo (0-3)
17989447,Excelentes (9-10)
17997165,Insuficiente Bajo (0-3)
18004272,Notables (7-9)
18012071,Excelentes (9-10)
18019982,Excelentes (9-10)
18023186,Excelentes (9-10)
18027290,Excelentes (9-10)
18028137,Excelentes (9-10)
18030645,Excelentes (9-10)
18030678,Insuficiente Bajo (0-3)
18031122,Notables (7-9)
18033542,Notables (7-9)
18034963,Excelentes (9-10)
18039874,Excelentes (9-10)
18040203,Notables (7-9)
18045176,Excelentes (9-10)
18045510,Excelentes (9-10)
18048634,Insuficiente Bajo (0-3)
18048868,Insuficiente Bajo (0-3)
18052103,Excelentes (9-10)
18052304,Excelentes (9-10)
18056093,Excelentes (9-10)
18065585,Insuficiente Bajo (0-3)
18066751,Excelentes (9-10)
18069377,Insuficiente Bajo (0-3)
18070508,Excelentes (9-10)
18071557,Excelentes (9-10)
18074835,Notables (7-9)
18075602,Excelentes (9-10)
18075959,Excelentes (9-10)
18080535,Excelentes (9-10)
18082152,Excelentes (9-10)
18085183,Notables (7-9)
18086264,Insuficiente Bajo (0-3)
18086541,Insuficiente Bajo (0-3)
18098223,Suficientes (5-7)
18102242,Notables (7-9)
18103679,Excelentes (9-10)
18109707,Excelentes (9-10)
18115263,Excelentes (9-10)
18120561,Excelentes (9-10)
18132807,Excelentes (9-10)
18133683,Excelentes (9-10)
18134587,Excelentes (9-10)
18138319,Excelentes (9-10)
18139318,Insuficiente Bajo (0-3)
18146952,Insuficiente Bajo (0-3)
18148887,Excelentes (9-10)
18152139,Excelentes (9-10)
18156896,Excelentes (9-10)
18157839,Excelentes (9-10)
18167380,Excelentes (9-10)
18167887,Excelentes (9-10)
18168939,Insuficiente Bajo (0-3)
18170275,Excelentes (9-10)
18171621,Excelentes (9-10)
18173202,Insuficiente Bajo (0-3)
18174301,Excelentes (9-10)
18177673,Excelentes (9-10)
18182224,Excelentes (9-10)
18182791,Notables (7-9)
18184333,Excelentes (9-10)
18186105,Insuficiente Bajo (0-3)
18186630,Excelentes (9-10)
18187535,Notables (7-9)
18190503,Excelentes (9-10)
18190996,Excelentes (9-10)
18192785,Insuficiente Bajo (0-3)
18197251,Excelentes (9-10)
18201293,Excelentes (9-10)
18203623,Notables (7-9)
18203955,Excelentes (9-10)
18205627,Excelentes (9-10)
18210988,Suficientes (5-7)
18213113,Excelentes (9-10)
18217558,Excelentes (9-10)
18217921,Notables (7-9)
18218367,Excelentes (9-10)
18222184,Notables (7-9)
18226961,Insuficiente Bajo (0-3)
18235509,Insuficiente Bajo (0-3)
18236041,Insuficiente Bajo (0-3)
18236230,Notables (7-9)
18245843,Excelentes (9-10)
18246902,Excelentes (9-10)
18247891,Excelentes (9-10)
18253375,Excelentes (9-10)
18259042,Excelentes (9-10)
18259383,Excelentes (9-10)
18263766,Excelentes (9-10)
18266276,Insuficiente Bajo (0-3)
18266318,Excelentes (9-10)
18269343,Excelentes (9-10)
18269799,Notables (7-9)
18278124,Notables (7-9)
18278565,Notables (7-9)
18280608,Insuficiente Bajo (0-3)
18284178,Notables (7-9)
18286122,Excelentes (9-10)
18287421,Suficientes (5-7)
18300576,Excelentes (9-10)
18301195,Insuficiente Bajo (0-3)
18302148,Notables (7-9)
18305112,Excelentes (9-10)
18305719,Excelentes (9-10)
18308245,Notables (7-9)
18309297,Insuficiente Alto (3-5)
18309933,Notables (7-9)
18311097,Excelentes (9-10)
18311428,Insuficiente Bajo (0-3)
18318538,Notables (7-9)
18318557,Notables (7-9)
18320177,Notables (7-9)
18325119,Insuficiente Bajo (0-3)
18326493,Excelentes (9-10)
18327434,Excelentes (9-10)
18329601,Excelentes (9-10)
18338221,Notables (7-9)
18341676,Insuficiente Bajo (0-3)
18342754,Excelentes (9-10)
18342761,Excelentes (9-10)
18344059,Insuficiente Bajo (0-3)
18351752,Excelentes (9-10)
18352966,Excelentes (9-10)
18353291,Insuficiente Bajo (0-3)
18353682,Excelentes (9-10)
18353952,Excelentes (9-10)
18354637,Excelentes (9-10)
18355078,Excelentes (9-10)
18360138,Notables (7-9)
18378619,Insuficiente Bajo (0-3)
18380424,Excelentes (9-10)
18380455,Insuficiente Bajo (0-3)
18380758,Excelentes (9-10)
18382530,Excelentes (9-10)
18405311,Insuficiente Bajo (0-3)
18410444,Notables (7-9)
18412722,Excelentes (9-10)
18418957,Insuficiente Bajo (0-3)
18420101,Notables (7-9)
18423241,Excelentes (9-10)
18426853,Excelentes (9-10)
18429381,Excelentes (9-10)
18439708,Notables (7-9)
18441997,Notables (7-9)
18442312,Notables (7-9)
18442906,Excelentes (9-10)
18444251,Insuficiente Bajo (0-3)
18445621,Excelentes (9-10)
18447026,Excelentes (9-10)
18452162,Notables (7-9)
18454432,Notables (7-9)
18455442,Excelentes (9-10)
18456461,Excelentes (9-10)
18457389,Insuficiente Bajo (0-3)
18457852,Excelentes (9-10)
18458845,Notables (7-9)
18460134,Insuficiente Bajo (0-3)
18462635,Notables (7-9)
18466836,Suficientes (5-7)
18466911,Suficientes (5-7)
18466932,Notables (7-9)
18466939,Suficientes (5-7)
18470166,Excelentes (9-10)
18470200,Excelentes (9-10)
18481549,Insuficiente Bajo (0-3)
18482107,Excelentes (9-10)
18487269,Excelentes (9-10)
18487880,Insuficiente Bajo (0-3)
18488264,Excelentes (9-10)
18494410,Excelentes (9-10)
18499053,Insuficiente Bajo (0-3)
18499289,Excelentes (9-10)
18499980,Excelentes (9-10)
18502042,Excelentes (9-10)
18505909,Excelentes (9-10)
18513889,Excelentes (9-10)
18520217,Excelentes (9-10)
18521609,Excelentes (9-10)
18523965,Excelentes (9-10)
18532247,Notables (7-9)
18534416,Excelentes (9-10)
18534584,Insuficiente Bajo (0-3)
18534587,Insuficiente Bajo (0-3)
18534591,Insuficiente Bajo (0-3)
18534598,Notables (7-9)
18536379,Insuficiente Bajo (0-3)
18536399,Insuficiente Bajo (0-3)
18536402,Excelentes (9-10)
18536413,Suficientes (5-7)
18536423,Insuficiente Bajo (0-3)
18536434,Insuficiente Bajo (0-3)
18536506,Insuficiente Bajo (0-3)
18536816,Insuficiente Bajo (0-3)
18537016,Excelentes (9-10)
18537359,Excelentes (9-10)
18537746,Insuficiente Bajo (0-3)
18539046,Excelentes (9-10)
18540745,Excelentes (9-10)
18544317,Excelentes (9-10)
18545211,Notables (7-9)
18556473,Excelentes (9-10)
18556985,Excelentes (9-10)
18557617,Excelentes (9-10)
18558025,Excelentes (9-10)
18559913,Excelentes (9-10)
18560382,Excelentes (9-10)
18561457,Excelentes (9-10)
18562101,Notables (7-9)
18562759,Insuficiente Bajo (0-3)
18566314,Excelentes (9-10)
18571670,Excelentes (9-10)
18572531,Insuficiente Bajo (0-3)
18572739,Notables (7-9)
18573644,Notables (7-9)
18573933,Notables (7-9)
18580058,Excelentes (9-10)
18589571,Notables (7-9)
18590075,Notables (7-9)
18590353,Excelentes (9-10)
18611022,Excelentes (9-10)
18612011,Excelentes (9-10)
18612212,Insuficiente Bajo (0-3)
18613128,Notables (7-9)
18614849,Insuficiente Bajo (0-3)
18622003,Excelentes (9-10)
18623240,Excelentes (9-10)
18625063,Excelentes (9-10)
18627240,Excelentes (9-10)
18631940,Excelentes (9-10)
18633274,Excelentes (9-10)
18633600,Notables (7-9)
18647730,Notables (7-9)
18647747,Excelentes (9-10)
18651116,Insuficiente Bajo (0-3)
18659756,Notables (7-9)
18659766,Excelentes (9-10)
18659803,Excelentes (9-10)
18662404,Excelentes (9-10)
18663087,Excelentes (9-10)
18666666,Excelentes (9-10)
18667621,Notables (7-9)
18670982,Excelentes (9-10)
18677205,Excelentes (9-10)
18679105,Notables (7-9)
18680575,Excelentes (9-10)
18682379,Excelentes (9-10)
18684897,Excelentes (9-10)
18688887,Excelentes (9-10)
18696113,Notables (7-9)
18698731,Notables (7-9)
18700323,Excelentes (9-10)
18709873,Insuficiente Bajo (0-3)
18715709,Excelentes (9-10)
18716352,Insuficiente Bajo (0-3)
18723929,Excelentes (9-10)
18726004,Insuficiente Bajo (0-3)
18730934,Excelentes (9-10)
18741251,Excelentes (9-10)
18741742,Notables (7-9)
18743915,Notables (7-9)
18743941,Excelentes (9-10)
18745255,Excelentes (9-10)
18745295,Notables (7-9)
18748099,Notables (7-9)
18748100,Notables (7-9)
18750489,Excelentes (9-10)
18750878,Notables (7-9)
18751940,Excelentes (9-10)
18752257,Notables (7-9)
18760787,Excelentes (9-10)
18761553,Notables (7-9)
18761664,Excelentes (9-10)
18761723,Excelentes (9-10)
18761834,Notables (7-9)
18762580,Excelentes (9-10)
18762844,Notables (7-9)
18762938,Notables (7-9)
18762972,Notables (7-9)
18762983,Notables (7-9)
18762988,Notables (7-9)
18763095,Notables (7-9)
18763097,Notables (7-9)
18764232,Notables (7-9)
18764319,Excelentes (9-10)
18765571,Excelentes (9-10)
18765719,Excelentes (9-10)
18765725,Notables (7-9)
18767468,Notables (7-9)
18770632,Excelentes (9-10)
18772416,Excelentes (9-10)
18783251,Notables (7-9)
18783300,Notables (7-9)
18783317,Notables (7-9)
18785943,Notables (7-9)
18788785,Excelentes (9-10)
18790669,Insuficiente Bajo (0-3)
18800296,Notables (7-9)
18801691,Excelentes (9-10)
18802616,Excelentes (9-10)
18803663,Excelentes (9-10)
18807238,Insuficiente Bajo (0-3)
18808377,Notables (7-9)
18809312,Excelentes (9-10)
18814449,Notables (7-9)
18816023,Excelentes (9-10)
18817414,Excelentes (9-10)
18819488,Excelentes (9-10)
18819497,Excelentes (9-10)
18825554,Excelentes (9-10)
18826217,Excelentes (9-10)
18834053,Excelentes (9-10)
18836790,Excelentes (9-10)
18836909,Insuficiente Bajo (0-3)
18837930,Excelentes (9-10)
18838035,Excelentes (9-10)
18843730,Excelentes (9-10)
18846673,Insuficiente Bajo (0-3)
18847621,Excelentes (9-10)
18851297,Notables (7-9)
18854626,Excelentes (9-10)
18860031,Excelentes (9-10)
18860645,Excelentes (9-10)
18862624,Excelentes (9-10)
18863402,Notables (7-9)
18867346,Insuficiente Bajo (0-3)
18870263,Notables (7-9)
18872466,Notables (7-9)
18873804,Notables (7-9)
18874540,Suficientes (5-7)
18880774,Insuficiente Bajo (0-3)
18881347,Excelentes (9-10)
18885098,Excelentes (9-10)
18885751,Excelentes (9-10)
18887582,Notables (7-9)
18895271,Notables (7-9)
18896177,Excelentes (9-10)
18909851,Insuficiente Bajo (0-3)
18910158,Insuficiente Bajo (0-3)
18912311,Insuficiente Bajo (0-3)
18918137,Excelentes (9-10)
18918157,Insuficiente Bajo (0-3)
18918158,Insuficiente Bajo (0-3)
18918159,Notables (7-9)
18918166,Excelentes (9-10)
18918171,Excelentes (9-10)
18918672,Insuficiente Bajo (0-3)
18920549,Excelentes (9-10)
18922029,Insuficiente Bajo (0-3)
18926200,Notables (7-9)
18928250,Excelentes (9-10)
18928665,Notables (7-9)
18937523,Suficientes (5-7)
18942350,Notables (7-9)
18942359,Excelentes (9-10)
18943543,Notables (7-9)
18944066,Notables (7-9)
18945183,Excelentes (9-10)
18946067,Notables (7-9)
18951018,Suficientes (5-7)
18951421,Notables (7-9)
18953676,Suficientes (5-7)
18954287,Excelentes (9-10)
18955227,Insuficiente Bajo (0-3)
18959776,Excelentes (9-10)
18965133,Notables (7-9)
18965187,Excelentes (9-10)
18965530,Suficientes (5-7)
18970138,Insuficiente Bajo (0-3)
18971689,Insuficiente Bajo (0-3)
18971987,Notables (7-9)
18973435,Excelentes (9-10)
18981124,Insuficiente Bajo (0-3)
18986700,Insuficiente Bajo (0-3)
18987197,Insuficiente Bajo (0-3)
18991156,Excelentes (9-10)
18992195,Insuficiente Bajo (0-3)
18993315,Excelentes (9-10)
18993343,Notables (7-9)
18996048,Insuficiente Bajo (0-3)
18998016,Excelentes (9-10)
19003871,Notables (7-9)
19007180,Insuficiente Bajo (0-3)
19007931,Excelentes (9-10)
19008702,Excelentes (9-10)
19009751,Excelentes (9-10)
19014018,Excelentes (9-10)
19016323,Notables (7-9)
19016933,Excelentes (9-10)
19016947,Excelentes (9-10)
19023309,Insuficiente Bajo (0-3)
19023715,Suficientes (5-7)
19024768,Insuficiente Bajo (0-3)
19024784,Insuficiente Bajo (0-3)
19024787,Insuficiente Bajo (0-3)
19024793,Suficientes (5-7)
19024797,Notables (7-9)
19024811,Insuficiente Bajo (0-3)
19024815,Insuficiente Bajo (0-3)
19024816,Insuficiente Bajo (0-3)
19024830,Insuficiente Bajo (0-3)
19025123,Excelentes (9-10)
19025511,Insuficiente Bajo (0-3)
19025718,Insuficiente Bajo (0-3)
19025731,Insuficiente Bajo (0-3)
19025742,Insuficiente Bajo (0-3)
19025768,Insuficiente Bajo (0-3)
19025779,Insuficiente Bajo (0-3)
19027592,Excelentes (9-10)
19028601,Excelentes (9-10)
19029954,Insuficiente Bajo (0-3)
19030467,Excelentes (9-10)
19031506,Insuficiente Bajo (0-3)
19033087,Excelentes (9-10)
19033335,Excelentes (9-10)
19034083,Insuficiente Bajo (0-3)
19035097,Excelentes (9-10)
19036745,Excelentes (9-10)
19043049,Excelentes (9-10)
19045378,Insuficiente Bajo (0-3)
19046005,Excelentes (9-10)
19046146,Notables (7-9)
19046214,Excelentes (9-10)
19048974,Insuficiente Bajo (0-3)
19049962,Notables (7-9)
19052185,Insuficiente Bajo (0-3)
19053950,Notables (7-9)
19061824,Insuficiente Bajo (0-3)
19061986,Excelentes (9-10)
19062027,Excelentes (9-10)
19062117,Insuficiente Bajo (0-3)
19062529,Suficientes (5-7)
19062540,Excelentes (9-10)
19064416,Insuficiente Bajo (0-3)
19064643,Insuficiente Bajo (0-3)
19066211,Excelentes (9-10)
19069024,Excelentes (9-10)
19069803,Excelentes (9-10)
19080736,Excelentes (9-10)
19083329,Excelentes (9-10)
19083566,Notables (7-9)
19090168,Notables (7-9)
19100186,Insuficiente Bajo (0-3)
19109336,Excelentes (9-10)
19109480,Insuficiente Bajo (0-3)
19110573,Excelentes (9-10)
19111232,Insuficiente Bajo (0-3)
19111395,Excelentes (9-10)
19112401,Notables (7-9)
19115782,Excelentes (9-10)
19118780,Excelentes (9-10)
19118872,Excelentes (9-10)
19127026,Excelentes (9-10)
19127901,Excelentes (9-10)
19129261,Excelentes (9-10)
19133192,Insuficiente Bajo (0-3)
19134244,Excelentes (9-10)
19135262,Excelentes (9-10)
19138115,Notables (7-9)
19150818,Excelentes (9-10)
19153481,Excelentes (9-10)
19155983,Notables (7-9)
19158294,Excelentes (9-10)
19161213,Excelentes (9-10)
19167031,Insuficiente Bajo (0-3)
19168750,Insuficiente Bajo (0-3)
19168784,Insuficiente Bajo (0-3)
19168791,Insuficiente Bajo (0-3)
19168837,Insuficiente Bajo (0-3)
19168863,Suficientes (5-7)
19168868,Notables (7-9)
19168962,Excelentes (9-10)
19168981,Insuficiente Bajo (0-3)
19169266,Insuficiente Bajo (0-3)
19171919,Insuficiente Bajo (0-3)
19172034,Insuficiente Bajo (0-3)
19172642,Notables (7-9)
19172681,Excelentes (9-10)
19173447,Excelentes (9-10)
19174776,Excelentes (9-10)
19175782,Insuficiente Bajo (0-3)
19176012,Excelentes (9-10)
19176730,Excelentes (9-10)
19185015,Insuficiente Bajo (0-3)
19189101,Excelentes (9-10)
19190552,Notables (7-9)
19193802,Excelentes (9-10)
19196593,Excelentes (9-10)
19200418,Notables (7-9)
19201959,Notables (7-9)
19202541,Notables (7-9)
19205415,Notables (7-9)
19205565,Excelentes (9-10)
19205820,Excelentes (9-10)
19205969,Excelentes (9-10)
19206726,Insuficiente Bajo (0-3)
19207960,Notables (7-9)
19219220,Excelentes (9-10)
19224699,Excelentes (9-10)
19231052,Insuficiente Bajo (0-3)
19234117,Insuficiente Bajo (0-3)
19236052,Excelentes (9-10)
19236056,Notables (7-9)
19236063,Excelentes (9-10)
19236073,Excelentes (9-10)
19236201,Insuficiente Bajo (0-3)
19236776,Excelentes (9-10)
19239394,Excelentes (9-10)
19239896,Excelentes (9-10)
19247457,Insuficiente Bajo (0-3)
19247705,Insuficiente Bajo (0-3)
19247709,Insuficiente Bajo (0-3)
19247725,Insuficiente Bajo (0-3)
19253529,Excelentes (9-10)
19260745,Excelentes (9-10)
19260750,Notables (7-9)
19268594,Insuficiente Bajo (0-3)
19270009,Excelentes (9-10)
19270083,Excelentes (9-10)
19278598,Excelentes (9-10)
19278876,Excelentes (9-10)
19280128,Notables (7-9)
19280664,Excelentes (9-10)
19280939,Excelentes (9-10)
19288117,Notables (7-9)
19290386,Excelentes (9-10)
19294912,Notables (7-9)
19299038,Excelentes (9-10)
19299446,Excelentes (9-10)
19301422,Excelentes (9-10)
19302170,Notables (7-9)
19302943,Notables (7-9)
19303345,Excelentes (9-10)
19306339,Excelentes (9-10)
19307567,Excelentes (9-10)
19310672,Notables (7-9)
19310690,Excelentes (9-10)
19312456,Insuficiente Bajo (0-3)
19324222,Excelentes (9-10)
19327719,Excelentes (9-10)
19327853,Excelentes (9-10)
19329055,Excelentes (9-10)
19330601,Notables (7-9)
19332376,Notables (7-9)
19341882,Notables (7-9)
19342533,Notables (7-9)
19343873,Excelentes (9-10)
19344018,Insuficiente Bajo (0-3)
19344281,Excelentes (9-10)
19345027,Excelentes (9-10)
19354061,Notables (7-9)
19355899,Excelentes (9-10)
19358247,Excelentes (9-10)
19362573,Excelentes (9-10)
19368505,Excelentes (9-10)
19373219,Insuficiente Bajo (0-3)
19373276,Excelentes (9-10)
19373600,Insuficiente Bajo (0-3)
19376228,Excelentes (9-10)
19376372,Excelentes (9-10)
19376646,Excelentes (9-10)
19378717,Insuficiente Bajo (0-3)
19380351,Excelentes (9-10)
19386220,Notables (7-9)
19389216,Excelentes (9-10)
19396102,Excelentes (9-10)
19396661,Notables (7-9)
19399175,Insuficiente Bajo (0-3)
19399865,Excelentes (9-10)
19404915,Insuficiente Bajo (0-3)
19406810,Excelentes (9-10)
19409186,Insuficiente Bajo (0-3)
19410686,Insuficiente Bajo (0-3)
19411356,Notables (7-9)
19418846,Notables (7-9)
19419933,Excelentes (9-10)
19420887,Excelentes (9-10)
19423176,Excelentes (9-10)
19425693,Suficientes (5-7)
19426209,Excelentes (9-10)
19429639,Notables (7-9)
19433592,Excelentes (9-10)
19438429,Excelentes (9-10)
19444196,Excelentes (9-10)
19445128,Excelentes (9-10)
19446901,Excelentes (9-10)
19451361,Notables (7-9)
19454469,Notables (7-9)
19455452,Notables (7-9)
19461678,Excelentes (9-10)
19464663,Notables (7-9)
19465312,Insuficiente Bajo (0-3)
19465366,Excelentes (9-10)
19465513,Excelentes (9-10)
19465790,Excelentes (9-10)
19465905,Excelentes (9-10)
19468043,Excelentes (9-10)
19469108,Notables (7-9)
19471428,Notables (7-9)
19480905,Excelentes (9-10)
19483851,Suficientes (5-7)
19485026,Insuficiente Bajo (0-3)
19487935,Excelentes (9-10)
19496313,Excelentes (9-10)
19497294,Excelentes (9-10)
19501324,Excelentes (9-10)
19501715,Excelentes (9-10)
19503907,Insuficiente Bajo (0-3)
19512272,Notables (7-9)
19512307,Notables (7-9)
19513173,Excelentes (9-10)
19514521,Notables (7-9)
19515160,Suficientes (5-7)
19516079,Excelentes (9-10)
19516255,Insuficiente Bajo (0-3)
19517706,Insuficiente Bajo (0-3)
19525030,Excelentes (9-10)
19526824,Notables (7-9)
19527080,Insuficiente Bajo (0-3)
19528420,Excelentes (9-10)
19528993,Excelentes (9-10)
19530585,Excelentes (9-10)
19535792,Excelentes (9-10)
19536517,Excelentes (9-10)
19539007,Excelentes (9-10)
19539067,Excelentes (9-10)
19540030,Insuficiente Bajo (0-3)
19543761,Excelentes (9-10)
19547156,Excelentes (9-10)
19547774,Insuficiente Bajo (0-3)
19548058,Excelentes (9-10)
19548220,Insuficiente Bajo (0-3)
19549604,Insuficiente Bajo (0-3)
19550113,Insuficiente Bajo (0-3)
19550741,Insuficiente Alto (3-5)
19551176,Excelentes (9-10)
19554256,Excelentes (9-10)
19558792,Insuficiente Bajo (0-3)
19560747,Suficientes (5-7)
19562523,Notables (7-9)
19563178,Excelentes (9-10)
19563260,Notables (7-9)
19563432,Notables (7-9)
19565272,Insuficiente Bajo (0-3)
19565351,Insuficiente Bajo (0-3)
19566561,Insuficiente Bajo (0-3)
19568099,Notables (7-9)
19569193,Excelentes (9-10)
19572721,Excelentes (9-10)
19573319,Excelentes (9-10)
19586020,Insuficiente Bajo (0-3)
19591315,Insuficiente Bajo (0-3)
19598986,Excelentes (9-10)
19599777,Notables (7-9)
19602193,Notables (7-9)
19602393,Notables (7-9)
19605553,Excelentes (9-10)
19608337,Notables (7-9)
19614710,Insuficiente Bajo (0-3)
19617586,Excelentes (9-10)
19620306,Excelentes (9-10)
19622445,Excelentes (9-10)
19631249,Excelentes (9-10)
19633742,Excelentes (9-10)
19635203,Excelentes (9-10)
19636967,Insuficiente Bajo (0-3)
19639019,Excelentes (9-10)
19650974,Notables (7-9)
19651408,Suficientes (5-7)
19652854,Insuficiente Bajo (0-3)
19660958,Notables (7-9)
19665690,Insuficiente Bajo (0-3)
19665697,Notables (7-9)
19667124,Insuficiente Bajo (0-3)
19667923,Excelentes (9-10)
19673845,Insuficiente Bajo (0-3)
19675350,Excelentes (9-10)
19675603,Excelentes (9-10)
19685169,Insuficiente Bajo (0-3)
19686811,Insuficiente Bajo (0-3)
19687220,Excelentes (9-10)
19687587,Notables (7-9)
19691280,Excelentes (9-10)
19692765,Excelentes (9-10)
19693023,Excelentes (9-10)
19693832,Insuficiente Bajo (0-3)
19704429,Notables (7-9)
19710815,Excelentes (9-10)
19729694,Excelentes (9-10)
19731063,Excelentes (9-10)
19733367,Excelentes (9-10)
19733882,Excelentes (9-10)
19740318,Excelentes (9-10)
19740662,Excelentes (9-10)
19742666,Notables (7-9)
19742750,Notables (7-9)
19746560,Excelentes (9-10)
19748832,Excelentes (9-10)
19749862,Excelentes (9-10)
19755762,Insuficiente Bajo (0-3)
19757876,Excelentes (9-10)
19761001,Excelentes (9-10)
19764608,Excelentes (9-10)
19779264,Excelentes (9-10)
19780457,Insuficiente Bajo (0-3)
19780600,Notables (7-9)
19782028,Notables (7-9)
19782724,Insuficiente Bajo (0-3)
19785957,Excelentes (9-10)
19792591,Notables (7-9)
19794259,Excelentes (9-10)
19795100,Notables (7-9)
19796620,Notables (7-9)
19798229,Notables (7-9)
19800086,Excelentes (9-10)
19800953,Insuficiente Bajo (0-3)
19803251,Notables (7-9)
19807607,Excelentes (9-10)
19814895,Excelentes (9-10)
19815605,Notables (7-9)
19815881,Notables (7-9)
19823222,Excelentes (9-10)
19838657,Excelentes (9-10)
19842111,Insuficiente Bajo (0-3)
19853849,Notables (7-9)
19854110,Excelentes (9-10)
19854400,Excelentes (9-10)
19857688,Excelentes (9-10)
19858874,Excelentes (9-10)
19861039,Excelentes (9-10)
19865607,Notables (7-9)
19865779,Notables (7-9)
19866514,Excelentes (9-10)
19868051,Excelentes (9-10)
19869060,Excelentes (9-10)
19871929,Excelentes (9-10)
19877856,Insuficiente Bajo (0-3)
19880625,Excelentes (9-10)
19885080,Notables (7-9)
19890427,Insuficiente Bajo (0-3)
19891462,Insuficiente Bajo (0-3)
19897303,Insuficiente Bajo (0-3)
19897539,Excelentes (9-10)
19899714,Notables (7-9)
19900958,Insuficiente Bajo (0-3)
19901284,Insuficiente Bajo (0-3)
19902570,Notables (7-9)
19903806,Excelentes (9-10)
19903956,Insuficiente Bajo (0-3)
19903964,Notables (7-9)
19910248,Notables (7-9)
19916745,Excelentes (9-10)
19924117,Notables (7-9)
19927346,Suficientes (5-7)
19928786,Excelentes (9-10)
19930323,Notables (7-9)
19931245,Notables (7-9)
19941235,Excelentes (9-10)
19943138,Notables (7-9)
19944359,Excelentes (9-10)
19947145,Excelentes (9-10)
19947952,Notables (7-9)
19950058,Excelentes (9-10)
19956790,Insuficiente Bajo (0-3)
19962749,Insuficiente Bajo (0-3)
19970424,Excelentes (9-10)
19978181,Excelentes (9-10)
19984000,Excelentes (9-10)
19990906,Excelentes (9-10)
19991616,Excelentes (9-10)
19992577,Excelentes (9-10)
19994844,Notables (7-9)
19996169,Excelentes (9-10)
20002444,Excelentes (9-10)
20004996,Notables (7-9)
20005039,Insuficiente Bajo (0-3)
20005054,Excelentes (9-10)
20006576,Notables (7-9)
20007339,Insuficiente Bajo (0-3)
20008263,Excelentes (9-10)
20020012,Excelentes (9-10)
20028202,Excelentes (9-10)
20029202,Excelentes (9-10)
20029385,Excelentes (9-10)
20043774,Excelentes (9-10)
20052796,Notables (7-9)
20058854,Excelentes (9-10)
20060297,Notables (7-9)
20060979,Notables (7-9)
20061966,Insuficiente Bajo (0-3)
20063201,Insuficiente Bajo (0-3)
20064159,Excelentes (9-10)
20064314,Insuficiente Bajo (0-3)
20065465,Excelentes (9-10)
20067919,Notables (7-9)
20071436,Excelentes (9-10)
20072086,Excelentes (9-10)
20072652,Excelentes (9-10)
20072973,Notables (7-9)
20074443,Insuficiente Bajo (0-3)
20081645,Excelentes (9-10)
20081814,Excelentes (9-10)
20082710,Notables (7-9)
20086860,Excelentes (9-10)
20087018,Excelentes (9-10)
20087375,Excelentes (9-10)
20087428,Excelentes (9-10)
20087513,Excelentes (9-10)
20087529,Excelentes (9-10)
20087852,Excelentes (9-10)
20091782,Excelentes (9-10)
20096161,Excelentes (9-10)
20106996,Excelentes (9-10)
20116049,Excelentes (9-10)
20118824,Notables (7-9)
20119499,Insuficiente Bajo (0-3)
20120741,Excelentes (9-10)
20128592,Excelentes (9-10)
20131585,Excelentes (9-10)
20136873,Excelentes (9-10)
20145945,Insuficiente Bajo (0-3)
20149628,Excelentes (9-10)
20150218,Insuficiente Bajo (0-3)
20153436,Excelentes (9-10)
20153715,Excelentes (9-10)
20159498,Insuficiente Bajo (0-3)
20159622,Insuficiente Bajo (0-3)
20160810,Excelentes (9-10)
20167485,Excelentes (9-10)
20168677,Notables (7-9)
20169029,Excelentes (9-10)
20170515,Notables (7-9)
20171094,Notables (7-9)
20171562,Excelentes (9-10)
20172673,Insuficiente Bajo (0-3)
20178301,Excelentes (9-10)
20179993,Excelentes (9-10)
20180705,Excelentes (9-10)
20181508,Excelentes (9-10)
20185526,Notables (7-9)
20185533,Excelentes (9-10)
20189443,Insuficiente Bajo (0-3)
20190037,Excelentes (9-10)
20199661,Excelentes (9-10)
20200957,Excelentes (9-10)
20201831,Insuficiente Alto (3-5)
20202730,Excelentes (9-10)
20203771,Excelentes (9-10)
20204857,Excelentes (9-10)
20206643,Insuficiente Bajo (0-3)
20208646,Excelentes (9-10)
20209669,Notables (7-9)
20212815,Excelentes (9-10)
20213009,Notables (7-9)
20213366,Notables (7-9)
20218586,Insuficiente Bajo (0-3)
20220009,Notables (7-9)
20226033,Notables (7-9)
20226139,Excelentes (9-10)
20228720,Excelentes (9-10)
20232051,Notables (7-9)
20232569,Excelentes (9-10)
20236173,Insuficiente Alto (3-5)
20239037,Excelentes (9-10)
20242658,Notables (7-9)
20245258,Notables (7-9)
20250816,Insuficiente Bajo (0-3)
20251051,Insuficiente Bajo (0-3)
20258456,Notables (7-9)
20259110,Excelentes (9-10)
20259825,Excelentes (9-10)
20260134,Notables (7-9)
20261721,Excelentes (9-10)
20263584,Excelentes (9-10)
20264259,Notables (7-9)
20265530,Excelentes (9-10)
20267176,Excelentes (9-10)
20269268,Excelentes (9-10)
20279425,Excelentes (9-10)
20280257,Excelentes (9-10)
20281071,Notables (7-9)
20289844,Insuficiente Bajo (0-3)
20291997,Excelentes (9-10)
20304887,Excelentes (9-10)
20304931,Excelentes (9-10)
20313080,Excelentes (9-10)
20314213,Notables (7-9)
20314491,Excelentes (9-10)
20315047,Excelentes (9-10)
20320027,Notables (7-9)
20320445,Excelentes (9-10)
20323582,Notables (7-9)
20336816,Notables (7-9)
20341818,Excelentes (9-10)
20357669,Excelentes (9-10)
20359326,Excelentes (9-10)
20372339,Notables (7-9)
20372845,Excelentes (9-10)
20372980,Excelentes (9-10)
20374738,Excelentes (9-10)
20385098,Insuficiente Bajo (0-3)
20397361,Insuficiente Bajo (0-3)
20398771,Excelentes (9-10)
20399080,Insuficiente Bajo (0-3)
20399181,Excelentes (9-10)
20399822,Notables (7-9)
20404153,Insuficiente Bajo (0-3)
20405836,Excelentes (9-10)
20411515,Excelentes (9-10)
20414886,Notables (7-9)
20419267,Excelentes (9-10)
20429379,Excelentes (9-10)
20429804,Excelentes (9-10)
20438732,Insuficiente Bajo (0-3)
20439062,Notables (7-9)
20439326,Excelentes (9-10)
20452408,Excelentes (9-10)
20454998,Insuficiente Alto (3-5)
20465060,Excelentes (9-10)
20468523,Excelentes (9-10)
20491104,Excelentes (9-10)
20491478,Excelentes (9-10)
20493096,Excelentes (9-10)
20500518,Excelentes (9-10)
20512809,Notables (7-9)
20516130,Excelentes (9-10)
20518036,Excelentes (9-10)
20535718,Insuficiente Alto (3-5)
20536260,Excelentes (9-10)
20538161,Excelentes (9-10)
20546958,Excelentes (9-10)
20548275,Excelentes (9-10)
20548782,Excelentes (9-10)
20552088,Notables (7-9)
20556344,Excelentes (9-10)
20556745,Suficientes (5-7)
20562314,Excelentes (9-10)
20562503,Excelentes (9-10)
20563774,Excelentes (9-10)
20568223,Notables (7-9)
20568286,Excelentes (9-10)
20569507,Excelentes (9-10)
20570272,Insuficiente Bajo (0-3)
20575616,Excelentes (9-10)
20578505,Insuficiente Bajo (0-3)
20578526,Notables (7-9)
20578544,Insuficiente Bajo (0-3)
20578553,Insuficiente Bajo (0-3)
20578606,Insuficiente Bajo (0-3)
20578701,Insuficiente Bajo (0-3)
20578707,Insuficiente Bajo (0-3)
20578712,Insuficiente Bajo (0-3)
20578723,Insuficiente Bajo (0-3)
20578777,Insuficiente Bajo (0-3)
20578798,Insuficiente Bajo (0-3)
20578824,Notables (7-9)
20578859,Excelentes (9-10)
20578879,Insuficiente Bajo (0-3)
20579017,Insuficiente Bajo (0-3)
20579094,Insuficiente Bajo (0-3)
20582702,Insuficiente Bajo (0-3)
20587736,Insuficiente Bajo (0-3)
20595974,Excelentes (9-10)
20598165,Notables (7-9)
20598770,Excelentes (9-10)
20599704,Notables (7-9)
20600365,Notables (7-9)
20600904,Notables (7-9)
20604596,Notables (7-9)
20610286,Excelentes (9-10)
20612118,Notables (7-9)
20617528,Notables (7-9)
20620197,Excelentes (9-10)
20621922,Excelentes (9-10)
20628446,Excelentes (9-10)
20629123,Excelentes (9-10)
20629610,Excelentes (9-10)
20631554,Excelentes (9-10)
20634262,Insuficiente Bajo (0-3)
20635717,Insuficiente Bajo (0-3)
20643420,Insuficiente Bajo (0-3)
20647027,Notables (7-9)
20649119,Insuficiente Bajo (0-3)
20652796,Excelentes (9-10)
20659449,Suficientes (5-7)
20663854,Excelentes (9-10)
20669302,Excelentes (9-10)
20675153,Excelentes (9-10)
20677779,Excelentes (9-10)
20682023,Notables (7-9)
20683915,Excelentes (9-10)
20685045,Excelentes (9-10)
20685538,Excelentes (9-10)
20687026,Insuficiente Bajo (0-3)
20702659,Excelentes (9-10)
20705505,Notables (7-9)
20707437,Notables (7-9)
20707974,Excelentes (9-10)
20708375,Excelentes (9-10)
20715494,Insuficiente Bajo (0-3)
20720803,Insuficiente Bajo (0-3)
20721259,Excelentes (9-10)
20724431,Excelentes (9-10)
20724455,Excelentes (9-10)
20728496,Insuficiente Bajo (0-3)
20734270,Excelentes (9-10)
20737642,Insuficiente Bajo (0-3)
20740813,Notables (7-9)
20742392,Notables (7-9)
20742402,Notables (7-9)
20744189,Insuficiente Bajo (0-3)
20752100,Excelentes (9-10)
20753079,Excelentes (9-10)
20753365,Excelentes (9-10)
20757555,Suficientes (5-7)
20758889,Insuficiente Bajo (0-3)
20759352,Insuficiente Bajo (0-3)
20765896,Notables (7-9)
20766400,Excelentes (9-10)
20767134,Excelentes (9-10)
20785551,Excelentes (9-10)
20800393,Excelentes (9-10)
20806709,Notables (7-9)
20807558,Excelentes (9-10)
20808391,Notables (7-9)
20809419,Insuficiente Bajo (0-3)
20813778,Excelentes (9-10)
20814468,Excelentes (9-10)
20816607,Excelentes (9-10)
20823320,Excelentes (9-10)
20825253,Notables (7-9)
20828397,Insuficiente Bajo (0-3)
20829122,Insuficiente Bajo (0-3)
20840246,Excelentes (9-10)
20841271,Insuficiente Bajo (0-3)
20842224,Excelentes (9-10)
20842241,Excelentes (9-10)
20842264,Excelentes (9-10)
20844419,Insuficiente Bajo (0-3)
20854917,Notables (7-9)
20855888,Notables (7-9)
20859969,Insuficiente Bajo (0-3)
20866375,Excelentes (9-10)
20869176,Excelentes (9-10)
20870573,Excelentes (9-10)
20872644,Excelentes (9-10)
20879576,Notables (7-9)
20883090,Excelentes (9-10)
20883253,Excelentes (9-10)
20890478,Notables (7-9)
20890793,Excelentes (9-10)
20892008,Notables (7-9)
20893685,Insuficiente Alto (3-5)
20893982,Excelentes (9-10)
20895896,Insuficiente Alto (3-5)
20896734,Insuficiente Bajo (0-3)
20898202,Excelentes (9-10)
20898307,Excelentes (9-10)
20907153,Excelentes (9-10)
20908979,Excelentes (9-10)
20909041,Notables (7-9)
20909910,Excelentes (9-10)
20922107,Excelentes (9-10)
20922118,Notables (7-9)
20922152,Excelentes (9-10)
20922178,Excelentes (9-10)
20922197,Notables (7-9)
20925856,Insuficiente Bajo (0-3)
20925924,Insuficiente Bajo (0-3)
20925926,Excelentes (9-10)
20928967,Notables (7-9)
20929008,Excelentes (9-10)
20931353,Excelentes (9-10)
20940200,Notables (7-9)
20941217,Insuficiente Bajo (0-3)
20945095,Notables (7-9)
20947291,Suficientes (5-7)
20950570,Notables (7-9)
20950596,Notables (7-9)
20955090,Notables (7-9)
20966232,Excelentes (9-10)
20966731,Excelentes (9-10)
20969508,Excelentes (9-10)
20976307,Notables (7-9)
20986727,Excelentes (9-10)
20987292,Insuficiente Bajo (0-3)
20991338,Excelentes (9-10)
21005331,Insuficiente Bajo (0-3)
21011506,Excelentes (9-10)
21017307,Insuficiente Bajo (0-3)
21020651,Excelentes (9-10)
21026493,Excelentes (9-10)
21034102,Excelentes (9-10)
21034122,Insuficiente Bajo (0-3)
21038029,Excelentes (9-10)
21039345,Excelentes (9-10)
21039348,Notables (7-9)
21041254,Excelentes (9-10)
21047582,Excelentes (9-10)
21049329,Notables (7-9)
21055878,Excelentes (9-10)
21057624,Excelentes (9-10)
21061194,Excelentes (9-10)
21066135,Suficientes (5-7)
21085815,Notables (7-9)
21093453,Notables (7-9)
21101813,Insuficiente Bajo (0-3)
21105586,Excelentes (9-10)
21106357,Excelentes (9-10)
21116632,Excelentes (9-10)
21116753,Notables (7-9)
21116827,Excelentes (9-10)
21131723,Insuficiente Bajo (0-3)
21136088,Insuficiente Bajo (0-3)
21136809,Insuficiente Bajo (0-3)
21147415,Insuficiente Bajo (0-3)
21155756,Excelentes (9-10)
21160115,Excelentes (9-10)
21166264,Excelentes (9-10)
21170845,Excelentes (9-10)
21171886,Notables (7-9)
21173417,Insuficiente Bajo (0-3)
21180608,Excelentes (9-10)
21182584,Excelentes (9-10)
21184348,Excelentes (9-10)
21186229,Insuficiente Bajo (0-3)
21188507,Excelentes (9-10)
21196738,Excelentes (9-10)
21202564,Excelentes (9-10)
21213060,Excelentes (9-10)
21217324,Excelentes (9-10)
21222238,Notables (7-9)
21224386,Excelentes (9-10)
21224461,Notables (7-9)
21230945,Excelentes (9-10)
21235199,Excelentes (9-10)
21237677,Excelentes (9-10)
21242305,Notables (7-9)
21245032,Excelentes (9-10)
21264151,Excelentes (9-10)
21270004,Notables (7-9)
21271313,Suficientes (5-7)
21275008,Insuficiente Bajo (0-3)
21276202,Excelentes (9-10)
21278685,Insuficiente Bajo (0-3)
21279225,Excelentes (9-10)
21285104,Excelentes (9-10)
21286614,Insuficiente Bajo (0-3)
21289788,Excelentes (9-10)
21290246,Insuficiente Bajo (0-3)
21290904,Excelentes (9-10)
21291212,Excelentes (9-10)
21292519,Excelentes (9-10)
21296007,Notables (7-9)
21303822,Excelentes (9-10)
21305453,Excelentes (9-10)
21307507,Excelentes (9-10)
21308967,Excelentes (9-10)
21310171,Notables (7-9)
21316448,Excelentes (9-10)
21318318,Excelentes (9-10)
21324655,Notables (7-9)
21331048,Excelentes (9-10)
21333197,Excelentes (9-10)
21360142,Excelentes (9-10)
21361186,Notables (7-9)
21362670,Excelentes (9-10)
21364095,Insuficiente Bajo (0-3)
21367551,Excelentes (9-10)
21372594,Excelentes (9-10)
21377448,Notables (7-9)
21378611,Notables (7-9)
21384524,Notables (7-9)
21389251,Excelentes (9-10)
21389619,Notables (7-9)
21401356,Excelentes (9-10)
21402384,Excelentes (9-10)
21408141,Excelentes (9-10)
21408803,Excelentes (9-10)
21411086,Insuficiente Bajo (0-3)
21416131,Excelentes (9-10)
21417708,Excelentes (9-10)
21418557,Insuficiente Bajo (0-3)
21418722,Insuficiente Bajo (0-3)
21421851,Excelentes (9-10)
21421927,Insuficiente Bajo (0-3)
21423373,Notables (7-9)
21424975,Insuficiente Bajo (0-3)
21426603,Excelentes (9-10)
21434265,Insuficiente Bajo (0-3)
21435266,Excelentes (9-10)
21435274,Insuficiente Bajo (0-3)
21438835,Excelentes (9-10)
21444447,Excelentes (9-10)
21446635,Excelentes (9-10)
21454477,Excelentes (9-10)
21455792,Notables (7-9)
21456587,Excelentes (9-10)
21460032,Excelentes (9-10)
21463214,Excelentes (9-10)
21464484,Excelentes (9-10)
21464596,Insuficiente Bajo (0-3)
21464612,Notables (7-9)
21471897,Excelentes (9-10)
21475610,Insuficiente Bajo (0-3)
21480031,Notables (7-9)
21480621,Excelentes (9-10)
21480766,Notables (7-9)
21495664,Excelentes (9-10)
21498383,Excelentes (9-10)
21500478,Suficientes (5-7)
21500479,Insuficiente Bajo (0-3)
21500623,Excelentes (9-10)
21507647,Notables (7-9)
21508343,Notables (7-9)
21509589,Insuficiente Bajo (0-3)
21511828,Notables (7-9)
21513219,Insuficiente Bajo (0-3)
21513959,Excelentes (9-10)
21514588,Excelentes (9-10)
21520732,Excelentes (9-10)
21521482,Excelentes (9-10)
21524302,Insuficiente Bajo (0-3)
21524451,Excelentes (9-10)
21525705,Notables (7-9)
21525881,Notables (7-9)
21534309,Excelentes (9-10)
21541899,Excelentes (9-10)
21545002,Insuficiente Bajo (0-3)
21546433,Excelentes (9-10)
21547332,Insuficiente Bajo (0-3)
21556933,Excelentes (9-10)
21558458,Notables (7-9)
21559415,Notables (7-9)
21559419,Excelentes (9-10)
21559420,Notables (7-9)
21560717,Excelentes (9-10)
21562113,Excelentes (9-10)
21571348,Excelentes (9-10)
21575783,Notables (7-9)
21577703,Insuficiente Bajo (0-3)
21577762,Excelentes (9-10)
21578957,Excelentes (9-10)
21584192,Excelentes (9-10)
21589602,Excelentes (9-10)
21590316,Excelentes (9-10)
21591333,Excelentes (9-10)
21593162,Excelentes (9-10)
21601117,Excelentes (9-10)
21602158,Notables (7-9)
21607772,Excelentes (9-10)
21615919,Excelentes (9-10)
21616423,Notables (7-9)
21616806,Insuficiente Bajo (0-3)
21620572,Suficientes (5-7)
21620583,Excelentes (9-10)
21620967,Insuficiente Bajo (0-3)
21623343,Excelentes (9-10)
21628731,Notables (7-9)
21629149,Excelentes (9-10)
21642594,Excelentes (9-10)
21648467,Suficientes (5-7)
21652845,Excelentes (9-10)
21661410,Excelentes (9-10)
21662624,Insuficiente Bajo (0-3)
21664647,Excelentes (9-10)
21664984,Excelentes (9-10)
21689261,Excelentes (9-10)
21690567,Excelentes (9-10)
21693248,Excelentes (9-10)
21696986,Insuficiente Bajo (0-3)
21705498,Excelentes (9-10)
21705500,Notables (7-9)
21707347,Insuficiente Bajo (0-3)
21710222,Excelentes (9-10)
21720289,Excelentes (9-10)
21721053,Notables (7-9)
21721103,Notables (7-9)
21721199,Notables (7-9)
21721286,Excelentes (9-10)
21721290,Notables (7-9)
21721586,Excelentes (9-10)
21721664,Notables (7-9)
21721983,Notables (7-9)
21721984,Excelentes (9-10)
21722004,Excelentes (9-10)
21722008,Notables (7-9)
21722158,Notables (7-9)
21724960,Insuficiente Bajo (0-3)
21725509,Notables (7-9)
21738982,Notables (7-9)
21743799,Insuficiente Bajo (0-3)
21747106,Excelentes (9-10)
21747138,Excelentes (9-10)
21749180,Notables (7-9)
21756845,Excelentes (9-10)
21760361,Excelentes (9-10)
21761186,Excelentes (9-10)
21766893,Insuficiente Bajo (0-3)
21767505,Insuficiente Bajo (0-3)
21774920,Insuficiente Bajo (0-3)
21779292,Excelentes (9-10)
21782724,Excelentes (9-10)
21802069,Excelentes (9-10)
21805707,Suficientes (5-7)
21806017,Insuficiente Bajo (0-3)
21821450,Excelentes (9-10)
21821492,Insuficiente Bajo (0-3)
21825936,Insuficiente Bajo (0-3)
21844137,Insuficiente Bajo (0-3)
21859072,Excelentes (9-10)
21859174,Excelentes (9-10)
21859247,Excelentes (9-10)
21859435,Excelentes (9-10)
21861934,Notables (7-9)
21862484,Excelentes (9-10)
21874308,Insuficiente Bajo (0-3)
21874649,Notables (7-9)
21874792,Insuficiente Bajo (0-3)
21875158,Excelentes (9-10)
21877211,Excelentes (9-10)
21877634,Insuficiente Bajo (0-3)
21877838,Excelentes (9-10)
21878248,Notables (7-9)
21888979,Notables (7-9)
21889721,Excelentes (9-10)
21891523,Excelentes (9-10)
21896909,Notables (7-9)
21903161,Excelentes (9-10)
21905007,Notables (7-9)
21907198,Notables (7-9)
21907501,Excelentes (9-10)
21907557,Notables (7-9)
21907595,Notables (7-9)
21908292,Notables (7-9)
21909420,Notables (7-9)
21909912,Insuficiente Bajo (0-3)
21909934,Insuficiente Bajo (0-3)
21910160,Notables (7-9)
21910560,Insuficiente Bajo (0-3)
21910820,Insuficiente Bajo (0-3)
21910927,Insuficiente Bajo (0-3)
21911297,Insuficiente Bajo (0-3)
21911523,Insuficiente Bajo (0-3)
21913751,Excelentes (9-10)
21916433,Excelentes (9-10)
21923123,Insuficiente Bajo (0-3)
21923527,Excelentes (9-10)
21925631,Excelentes (9-10)
21925668,Excelentes (9-10)
21932111,Insuficiente Bajo (0-3)
21932200,Notables (7-9)
21934369,Notables (7-9)
21943792,Notables (7-9)
21944253,Notables (7-9)
21944475,Insuficiente Alto (3-5)
21945665,Insuficiente Bajo (0-3)
21946944,Excelentes (9-10)
21952755,Excelentes (9-10)
21953409,Excelentes (9-10)
21954705,Excelentes (9-10)
21955288,Excelentes (9-10)
21956452,Insuficiente Bajo (0-3)
21959316,Excelentes (9-10)
21970570,Notables (7-9)
21971229,Notables (7-9)
21972518,Excelentes (9-10)
21976600,Excelentes (9-10)
21976850,Excelentes (9-10)
21980686,Notables (7-9)
21981566,Excelentes (9-10)
21986776,Insuficiente Bajo (0-3)
21987478,Notables (7-9)
21988045,Insuficiente Bajo (0-3)
21988327,Insuficiente Bajo (0-3)
21991740,Excelentes (9-10)
22013885,Excelentes (9-10)
22022914,Excelentes (9-10)
22023200,Notables (7-9)
22023896,Insuficiente Bajo (0-3)
22024396,Insuficiente Bajo (0-3)
22026057,Excelentes (9-10)
22026060,Insuficiente Bajo (0-3)
22028868,Insuficiente Bajo (0-3)
22030643,Excelentes (9-10)
22033482,Excelentes (9-10)
22042300,Excelentes (9-10)
22048206,Excelentes (9-10)
22060178,Notables (7-9)
22070432,Notables (7-9)
22071847,Excelentes (9-10)
22075521,Insuficiente Bajo (0-3)
22077629,Insuficiente Bajo (0-3)
22080641,Notables (7-9)
22084886,Excelentes (9-10)
22084898,Insuficiente Bajo (0-3)
22086690,Excelentes (9-10)
22092887,Excelentes (9-10)
22096885,Insuficiente Bajo (0-3)
22098008,Insuficiente Bajo (0-3)
22098012,Notables (7-9)
22098365,Notables (7-9)
22100058,Excelentes (9-10)
22105467,Excelentes (9-10)
22120130,Excelentes (9-10)
22120243,Notables (7-9)
22129737,Insuficiente Bajo (0-3)
22136657,Excelentes (9-10)
22141782,Excelentes (9-10)
22142245,Excelentes (9-10)
22142518,Excelentes (9-10)
22144530,Insuficiente Bajo (0-3)
22146196,Notables (7-9)
22154114,Excelentes (9-10)
22154964,Excelentes (9-10)
22157520,Excelentes (9-10)
22158819,Excelentes (9-10)
22161137,Excelentes (9-10)
22168696,Insuficiente Bajo (0-3)
22172236,Excelentes (9-10)
22173521,Notables (7-9)
22177196,Notables (7-9)
22183318,Insuficiente Bajo (0-3)
22183750,Notables (7-9)
22184461,Excelentes (9-10)
22185535,Excelentes (9-10)
22186227,Excelentes (9-10)
22187984,Excelentes (9-10)
22188551,Insuficiente Bajo (0-3)
22198312,Notables (7-9)
22198896,Excelentes (9-10)
22203198,Excelentes (9-10)
22217299,Notables (7-9)
22218313,Excelentes (9-10)
22218688,Excelentes (9-10)
22219092,Insuficiente Bajo (0-3)
22219166,Notables (7-9)
22219755,Insuficiente Bajo (0-3)
22222602,Insuficiente Bajo (0-3)
22222938,Insuficiente Bajo (0-3)
22224228,Insuficiente Bajo (0-3)
22235983,Insuficiente Bajo (0-3)
22236049,Notables (7-9)
22236248,Insuficiente Bajo (0-3)
22237872,Insuficiente Bajo (0-3)
22238321,Insuficiente Bajo (0-3)
22239271,Notables (7-9)
22245413,Excelentes (9-10)
22256414,Excelentes (9-10)
22257331,Insuficiente Bajo (0-3)
22270551,Insuficiente Bajo (0-3)
22274891,Excelentes (9-10)
22275920,Excelentes (9-10)
22276964,Excelentes (9-10)
22286424,Excelentes (9-10)
22291462,Insuficiente Bajo (0-3)
22306107,Excelentes (9-10)
22312525,Notables (7-9)
22313086,Suficientes (5-7)
22314450,Insuficiente Bajo (0-3)
22314452,Insuficiente Bajo (0-3)
22317034,Insuficiente Bajo (0-3)
22331752,Notables (7-9)
22336078,Insuficiente Bajo (0-3)
22336334,Notables (7-9)
22337052,Excelentes (9-10)
22342492,Excelentes (9-10)
22350554,Excelentes (9-10)
22352817,Excelentes (9-10)
22353005,Excelentes (9-10)
22354625,Excelentes (9-10)
22359078,Excelentes (9-10)
22362623,Excelentes (9-10)
22362844,Excelentes (9-10)
22364188,Excelentes (9-10)
22365649,Excelentes (9-10)
22366327,Excelentes (9-10)
22369637,Notables (7-9)
22370371,Notables (7-9)
22372290,Excelentes (9-10)
22375564,Insuficiente Bajo (0-3)
22382055,Excelentes (9-10)
22382752,Notables (7-9)
22387097,Excelentes (9-10)
22387801,Notables (7-9)
22394671,Insuficiente Bajo (0-3)
22396359,Excelentes (9-10)
22399875,Excelentes (9-10)
22401318,Excelentes (9-10)
22407628,Excelentes (9-10)
22408538,Notables (7-9)
22409298,Excelentes (9-10)
22409839,Excelentes (9-10)
22419289,Excelentes (9-10)
22419551,Excelentes (9-10)
22430115,Excelentes (9-10)
22434744,Excelentes (9-10)
22445564,Insuficiente Bajo (0-3)
22445819,Excelentes (9-10)
22452145,Notables (7-9)
22453174,Excelentes (9-10)
22453177,Excelentes (9-10)
22454692,Excelentes (9-10)
22457675,Notables (7-9)
22460768,Insuficiente Bajo (0-3)
22461895,Excelentes (9-10)
22462075,Notables (7-9)
22477282,Notables (7-9)
22479174,Excelentes (9-10)
22484107,Insuficiente Bajo (0-3)
22488394,Insuficiente Bajo (0-3)
22489683,Excelentes (9-10)
22490143,Excelentes (9-10)
22495558,Notables (7-9)
22512692,Excelentes (9-10)
22519038,Notables (7-9)
22522166,Excelentes (9-10)
22522305,Excelentes (9-10)
22527050,Excelentes (9-10)
22531387,Excelentes (9-10)
22539956,Excelentes (9-10)
22540705,Notables (7-9)
22542701,Excelentes (9-10)
22543106,Excelentes (9-10)
22543442,Excelentes (9-10)
22544098,Excelentes (9-10)
22546370,Insuficiente Bajo (0-3)
22546373,Insuficiente Bajo (0-3)
22546378,Insuficiente Bajo (0-3)
22546401,Insuficiente Bajo (0-3)
22546403,Insuficiente Bajo (0-3)
22546452,Excelentes (9-10)
22549513,Excelentes (9-10)
22550210,Excelentes (9-10)
22558222,Excelentes (9-10)
22571420,Excelentes (9-10)
22579132,Excelentes (9-10)
22579829,Notables (7-9)
22580159,Insuficiente Bajo (0-3)
22582126,Insuficiente Bajo (0-3)
22592235,Excelentes (9-10)
22606444,Insuficiente Bajo (0-3)
22614127,Notables (7-9)
22614178,Excelentes (9-10)
22618618,Insuficiente Bajo (0-3)
22618626,Notables (7-9)
22618632,Insuficiente Bajo (0-3)
22619253,Insuficiente Bajo (0-3)
22619274,Suficientes (5-7)
22619295,Insuficiente Bajo (0-3)
22619320,Notables (7-9)
22622715,Excelentes (9-10)
22622729,Excelentes (9-10)
22623626,Insuficiente Bajo (0-3)
22624722,Insuficiente Bajo (0-3)
22626206,Excelentes (9-10)
22626728,Excelentes (9-10)
22627250,Excelentes (9-10)
22629034,Insuficiente Bajo (0-3)
22633738,Excelentes (9-10)
22633999,Insuficiente Bajo (0-3)
22634014,Insuficiente Bajo (0-3)
22634031,Insuficiente Bajo (0-3)
22634035,Insuficiente Bajo (0-3)
22634037,Insuficiente Bajo (0-3)
22634932,Insuficiente Bajo (0-3)
22634951,Insuficiente Bajo (0-3)
22634974,Insuficiente Bajo (0-3)
22644507,Insuficiente Bajo (0-3)
22648731,Insuficiente Bajo (0-3)
22648746,Insuficiente Bajo (0-3)
22649058,Excelentes (9-10)
22649162,Excelentes (9-10)
22649879,Insuficiente Bajo (0-3)
22657986,Excelentes (9-10)
22662207,Notables (7-9)
22664991,Suficientes (5-7)
22667915,Excelentes (9-10)
22669126,Excelentes (9-10)
22670010,Insuficiente Bajo (0-3)
22670013,Suficientes (5-7)
22670027,Insuficiente Bajo (0-3)
22670604,Notables (7-9)
22679364,Excelentes (9-10)
22680509,Excelentes (9-10)
22680591,Notables (7-9)
22682305,Excelentes (9-10)
22683579,Excelentes (9-10)
22684063,Excelentes (9-10)
22695416,Notables (7-9)
22697049,Excelentes (9-10)
22698667,Insuficiente Bajo (0-3)
22699276,Insuficiente Bajo (0-3)
22700207,Excelentes (9-10)
22700803,Insuficiente Bajo (0-3)
22701798,Insuficiente Bajo (0-3)
22710054,Insuficiente Bajo (0-3)
22712557,Insuficiente Bajo (0-3)
22723845,Excelentes (9-10)
22726805,Excelentes (9-10)
22729353,Excelentes (9-10)
22737036,Excelentes (9-10)
22737815,Excelentes (9-10)
22738638,Excelentes (9-10)
22739042,Notables (7-9)
22748653,Excelentes (9-10)
22757562,Insuficiente Bajo (0-3)
22760147,Excelentes (9-10)
22761630,Insuficiente Bajo (0-3)
22762980,Notables (7-9)
22764358,Excelentes (9-10)
22765282,Insuficiente Bajo (0-3)
22768381,Insuficiente Bajo (0-3)
22775136,Notables (7-9)
22778959,Notables (7-9)
22779020,Excelentes (9-10)
22781711,Insuficiente Bajo (0-3)
22783470,Insuficiente Bajo (0-3)
22785047,Insuficiente Bajo (0-3)
22786126,Notables (7-9)
22787596,Notables (7-9)
22788649,Excelentes (9-10)
22789283,Excelentes (9-10)
22799293,Excelentes (9-10)
22799923,Notables (7-9)
22801194,Excelentes (9-10)
22802649,Excelentes (9-10)
22807948,Insuficiente Bajo (0-3)
22812609,Notables (7-9)
22822141,Insuficiente Bajo (0-3)
22827153,Insuficiente Bajo (0-3)
22827732,Excelentes (9-10)
22829130,Excelentes (9-10)
22830902,Excelentes (9-10)
22848531,Excelentes (9-10)
22854537,Excelentes (9-10)
22857304,Excelentes (9-10)
22864423,Excelentes (9-10)
22864811,Excelentes (9-10)
22872147,Excelentes (9-10)
22873528,Insuficiente Bajo (0-3)
22873587,Insuficiente Bajo (0-3)
22873595,Insuficiente Bajo (0-3)
22878458,Excelentes (9-10)
22886755,Excelentes (9-10)
22897482,Insuficiente Bajo (0-3)
22900573,Excelentes (9-10)
22902249,Excelentes (9-10)
22911071,Excelentes (9-10)
22914246,Excelentes (9-10)
22915052,Suficientes (5-7)
22915537,Excelentes (9-10)
22920717,Insuficiente Bajo (0-3)
22921689,Insuficiente Bajo (0-3)
22931059,Insuficiente Bajo (0-3)
22931645,Notables (7-9)
22932172,Notables (7-9)
22933046,Notables (7-9)
22939511,Insuficiente Bajo (0-3)
22948263,Insuficiente Bajo (0-3)
22948573,Excelentes (9-10)
22950068,Insuficiente Bajo (0-3)
22951776,Excelentes (9-10)
22953251,Notables (7-9)
22954584,Excelentes (9-10)
22954800,Insuficiente Bajo (0-3)
22965293,Excelentes (9-10)
22967261,Excelentes (9-10)
22967713,Insuficiente Bajo (0-3)
22978274,Notables (7-9)
22979863,Excelentes (9-10)
22983231,Excelentes (9-10)
22985103,Excelentes (9-10)
22994034,Notables (7-9)
22995415,Insuficiente Bajo (0-3)
23001940,Excelentes (9-10)
23002193,Notables (7-9)
23010531,Notables (7-9)
23012663,Excelentes (9-10)
23032629,Notables (7-9)
23040910,Excelentes (9-10)
23050389,Notables (7-9)
23050623,Notables (7-9)
23051681,Insuficiente Bajo (0-3)
23052642,Insuficiente Bajo (0-3)
23056005,Excelentes (9-10)
23057226,Insuficiente Bajo (0-3)
23066116,Insuficiente Bajo (0-3)
23066523,Notables (7-9)
23066673,Notables (7-9)
23067514,Excelentes (9-10)
23068260,Excelentes (9-10)
23073900,Insuficiente Bajo (0-3)
23083562,Insuficiente Bajo (0-3)
23084860,Notables (7-9)
23089425,Excelentes (9-10)
23090289,Excelentes (9-10)
23100585,Excelentes (9-10)
23103472,Excelentes (9-10)
23104156,Excelentes (9-10)
23118272,Excelentes (9-10)
23120705,Excelentes (9-10)
23124779,Insuficiente Bajo (0-3)
23133166,Excelentes (9-10)
23134823,Excelentes (9-10)
23136321,Notables (7-9)
23138068,Notables (7-9)
23147911,Excelentes (9-10)
23152577,Insuficiente Bajo (0-3)
23152631,Insuficiente Bajo (0-3)
23153560,Suficientes (5-7)
23155069,Insuficiente Bajo (0-3)
23156772,Insuficiente Bajo (0-3)
23162172,Excelentes (9-10)
23166282,Excelentes (9-10)
23166800,Excelentes (9-10)
23167066,Excelentes (9-10)
23168275,Excelentes (9-10)
23173283,Insuficiente Alto (3-5)
23174476,Insuficiente Bajo (0-3)
23174493,Insuficiente Bajo (0-3)
23174510,Insuficiente Bajo (0-3)
23175496,Excelentes (9-10)
23175766,Notables (7-9)
23176372,Insuficiente Bajo (0-3)
23178832,Insuficiente Bajo (0-3)
23186206,Excelentes (9-10)
23187264,Excelentes (9-10)
23189824,Insuficiente Bajo (0-3)
23193027,Notables (7-9)
23193038,Excelentes (9-10)
23194959,Excelentes (9-10)
23195617,Excelentes (9-10)
23195625,Notables (7-9)
23197632,Insuficiente Bajo (0-3)
23198901,Excelentes (9-10)
23200638,Insuficiente Bajo (0-3)
23201414,Excelentes (9-10)
23202290,Insuficiente Bajo (0-3)
23211612,Notables (7-9)
23211615,Notables (7-9)
23211640,Notables (7-9)
23211678,Notables (7-9)
23211744,Notables (7-9)
23212743,Insuficiente Bajo (0-3)
23217328,Excelentes (9-10)
23219771,Notables (7-9)
23224492,Excelentes (9-10)
23225318,Insuficiente Bajo (0-3)
23225408,Excelentes (9-10)
23225824,Excelentes (9-10)
23228374,Insuficiente Bajo (0-3)
23242110,Notables (7-9)
23243846,Excelentes (9-10)
23245177,Excelentes (9-10)
23246432,Excelentes (9-10)
23247040,Insuficiente Bajo (0-3)
23247368,Insuficiente Bajo (0-3)
23248190,Insuficiente Alto (3-5)
23249141,Insuficiente Bajo (0-3)
23253779,Excelentes (9-10)
23256148,Excelentes (9-10)
23256821,Excelentes (9-10)
23261091,Insuficiente Bajo (0-3)
23261344,Insuficiente Bajo (0-3)
23269964,Excelentes (9-10)
23270821,Insuficiente Bajo (0-3)
23271395,Excelentes (9-10)
23271510,Insuficiente Bajo (0-3)
23272286,Excelentes (9-10)
23272396,Excelentes (9-10)
23272446,Insuficiente Bajo (0-3)
23273773,Notables (7-9)
23273927,Excelentes (9-10)
23280535,Excelentes (9-10)
23281523,Excelentes (9-10)
23282173,Excelentes (9-10)
23282254,Excelentes (9-10)
23282272,Insuficiente Bajo (0-3)
23282282,Excelentes (9-10)
23284722,Insuficiente Bajo (0-3)
23285223,Excelentes (9-10)
23291113,Excelentes (9-10)
23292198,Notables (7-9)
23300958,Insuficiente Bajo (0-3)
23315401,Insuficiente Bajo (0-3)
23315411,Notables (7-9)
23320935,Insuficiente Bajo (0-3)
23321702,Excelentes (9-10)
23322353,Notables (7-9)
23322783,Excelentes (9-10)
23322844,Excelentes (9-10)
23330596,Insuficiente Bajo (0-3)
23330644,Insuficiente Bajo (0-3)
23330718,Insuficiente Bajo (0-3)
23330747,Insuficiente Bajo (0-3)
23331113,Insuficiente Bajo (0-3)
23333582,Excelentes (9-10)
23337902,Excelentes (9-10)
23351415,Excelentes (9-10)
23357217,Insuficiente Bajo (0-3)
23364851,Excelentes (9-10)
23375485,Excelentes (9-10)
23383411,Insuficiente Bajo (0-3)
23383791,Notables (7-9)
23384782,Excelentes (9-10)
23384962,Suficientes (5-7)
23384964,Excelentes (9-10)
23386015,Insuficiente Bajo (0-3)
23390169,Excelentes (9-10)
23393491,Insuficiente Alto (3-5)
23396271,Excelentes (9-10)
23398301,Excelentes (9-10)
23408262,Excelentes (9-10)
23408456,Insuficiente Bajo (0-3)
23409834,Notables (7-9)
23414182,Insuficiente Bajo (0-3)
23418298,Excelentes (9-10)
23428341,Insuficiente Bajo (0-3)
23430077,Excelentes (9-10)
23430471,Excelentes (9-10)
23430485,Excelentes (9-10)
23430836,Excelentes (9-10)
23430919,Excelentes (9-10)
23431180,Notables (7-9)
23432447,Notables (7-9)
23432735,Notables (7-9)
23433370,Notables (7-9)
23441002,Excelentes (9-10)
23443341,Excelentes (9-10)
23444199,Notables (7-9)
23444560,Excelentes (9-10)
23449765,Notables (7-9)
23451516,Excelentes (9-10)
23452584,Notables (7-9)
23452792,Excelentes (9-10)
23453334,Excelentes (9-10)
23457582,Excelentes (9-10)
23459443,Excelentes (9-10)
23464782,Excelentes (9-10)
23465701,Notables (7-9)
23466073,Excelentes (9-10)
23471619,Excelentes (9-10)
23473002,Notables (7-9)
23478505,Excelentes (9-10)
23478658,Excelentes (9-10)
23479016,Insuficiente Bajo (0-3)
23490304,Insuficiente Bajo (0-3)
23492482,Excelentes (9-10)
23498697,Excelentes (9-10)
23499488,Excelentes (9-10)
23505439,Insuficiente Bajo (0-3)
23512540,Notables (7-9)
23512897,Insuficiente Bajo (0-3)
23514318,Notables (7-9)
23516656,Excelentes (9-10)
23521153,Insuficiente Bajo (0-3)
23523562,Excelentes (9-10)
23523885,Excelentes (9-10)
23531444,Insuficiente Bajo (0-3)
23532041,Excelentes (9-10)
23533196,Excelentes (9-10)
23542535,Excelentes (9-10)
23543425,Excelentes (9-10)
23543950,Insuficiente Bajo (0-3)
23551192,Insuficiente Bajo (0-3)
23551418,Excelentes (9-10)
23552094,Insuficiente Bajo (0-3)
23553008,Excelentes (9-10)
23554443,Excelentes (9-10)
23560890,Insuficiente Bajo (0-3)
23560898,Notables (7-9)
23561611,Excelentes (9-10)
23562718,Excelentes (9-10)
23569134,Insuficiente Bajo (0-3)
23572337,Excelentes (9-10)
23581038,Excelentes (9-10)
23587347,Excelentes (9-10)
23588436,Suficientes (5-7)
23590761,Excelentes (9-10)
23593324,Insuficiente Bajo (0-3)
23595865,Excelentes (9-10)
23607513,Excelentes (9-10)
23608485,Excelentes (9-10)
23608630,Notables (7-9)
23611031,Excelentes (9-10)
23621094,Notables (7-9)
23622335,Insuficiente Bajo (0-3)
23624042,Insuficiente Bajo (0-3)
23624553,Excelentes (9-10)
23628037,Excelentes (9-10)
23630293,Notables (7-9)
23635799,Notables (7-9)
23635900,Notables (7-9)
23638684,Insuficiente Bajo (0-3)
23648479,Notables (7-9)
23656535,Excelentes (9-10)
23657557,Insuficiente Bajo (0-3)
23659238,Excelentes (9-10)
23660787,Excelentes (9-10)
23662297,Notables (7-9)
23662466,Insuficiente Bajo (0-3)
23663209,Insuficiente Bajo (0-3)
23663258,Notables (7-9)
23663270,Insuficiente Bajo (0-3)
23668116,Excelentes (9-10)
23672293,Excelentes (9-10)
23673316,Insuficiente Bajo (0-3)
23673712,Notables (7-9)
23675853,Excelentes (9-10)
23675857,Insuficiente Bajo (0-3)
23680492,Notables (7-9)
23681534,Notables (7-9)
23681560,Insuficiente Bajo (0-3)
23681570,Insuficiente Bajo (0-3)
23683437,Excelentes (9-10)
23685767,Excelentes (9-10)
23690882,Excelentes (9-10)
23691705,Excelentes (9-10)
23692786,Insuficiente Bajo (0-3)
23693251,Excelentes (9-10)
23696598,Excelentes (9-10)
23700889,Excelentes (9-10)
23703736,Notables (7-9)
23705486,Excelentes (9-10)
23705809,Excelentes (9-10)
23713086,Excelentes (9-10)
23713242,Excelentes (9-10)
23719759,Excelentes (9-10)
23721004,Excelentes (9-10)
23722178,Excelentes (9-10)
23723324,Notables (7-9)
23726136,Excelentes (9-10)
23726971,Excelentes (9-10)
23727792,Insuficiente Bajo (0-3)
23728063,Insuficiente Bajo (0-3)
23739309,Excelentes (9-10)
23739530,Insuficiente Bajo (0-3)
23744025,Excelentes (9-10)
23744119,Excelentes (9-10)
23744155,Insuficiente Bajo (0-3)
23744978,Insuficiente Bajo (0-3)
23749559,Notables (7-9)
23757365,Excelentes (9-10)
23757508,Insuficiente Bajo (0-3)
23758038,Notables (7-9)
23759000,Excelentes (9-10)
23759217,Insuficiente Bajo (0-3)
23761249,Excelentes (9-10)
23766788,Excelentes (9-10)
23775258,Insuficiente Bajo (0-3)
23775569,Notables (7-9)
23776716,Excelentes (9-10)
23782265,Excelentes (9-10)
23782890,Notables (7-9)
23783093,Notables (7-9)
23784003,Excelentes (9-10)
23785508,Excelentes (9-10)
23785933,Excelentes (9-10)
23796558,Notables (7-9)
23797007,Notables (7-9)
23798204,Excelentes (9-10)
23800192,Excelentes (9-10)
23803074,Insuficiente Bajo (0-3)
23810425,Notables (7-9)
23813227,Excelentes (9-10)
23815177,Insuficiente Bajo (0-3)
23815892,Insuficiente Bajo (0-3)
23817596,Notables (7-9)
23818160,Notables (7-9)
23818961,Insuficiente Bajo (0-3)
23821516,Insuficiente Bajo (0-3)
23823065,Insuficiente Bajo (0-3)
23824059,Excelentes (9-10)
23828193,Excelentes (9-10)
23839343,Excelentes (9-10)
23848930,Excelentes (9-10)
23850453,Excelentes (9-10)
23864280,Excelentes (9-10)
23869446,Excelentes (9-10)
23872048,Excelentes (9-10)
23872258,Excelentes (9-10)
23874678,Excelentes (9-10)
23874949,Excelentes (9-10)
23875277,Excelentes (9-10)
23877792,Excelentes (9-10)
23886908,Excelentes (9-10)
23887963,Excelentes (9-10)
23888078,Insuficiente Bajo (0-3)
23888185,Excelentes (9-10)
23891218,Notables (7-9)
23891422,Insuficiente Bajo (0-3)
23891537,Notables (7-9)
23909862,Insuficiente Bajo (0-3)
23909985,Excelentes (9-10)
23910202,Notables (7-9)
23910745,Excelentes (9-10)
23910780,Excelentes (9-10)
23912031,Excelentes (9-10)
23913059,Excelentes (9-10)
23913151,Insuficiente Bajo (0-3)
23914529,Notables (7-9)
23918793,Insuficiente Bajo (0-3)
23921327,Excelentes (9-10)
23922267,Excelentes (9-10)
23931219,Insuficiente Bajo (0-3)
23932397,Insuficiente Bajo (0-3)
23934983,Insuficiente Bajo (0-3)
23938595,Excelentes (9-10)
23939910,Notables (7-9)
23942204,Excelentes (9-10)
23942457,Insuficiente Bajo (0-3)
23942935,Insuficiente Bajo (0-3)
23942964,Excelentes (9-10)
23945385,Excelentes (9-10)
23949877,Insuficiente Bajo (0-3)
23952016,Excelentes (9-10)
23953689,Insuficiente Bajo (0-3)
23954092,Insuficiente Bajo (0-3)
23955335,Insuficiente Bajo (0-3)
23955482,Notables (7-9)
23956219,Excelentes (9-10)
23957110,Excelentes (9-10)
23957403,Excelentes (9-10)
23958253,Insuficiente Bajo (0-3)
23958330,Notables (7-9)
23960122,Excelentes (9-10)
23967999,Notables (7-9)
23969825,Excelentes (9-10)
23974568,Excelentes (9-10)
23975809,Notables (7-9)
23975842,Excelentes (9-10)
23976338,Insuficiente Bajo (0-3)
23979099,Excelentes (9-10)
23983659,Excelentes (9-10)
23987036,Excelentes (9-10)
23989315,Insuficiente Bajo (0-3)
23991007,Excelentes (9-10)
23995813,Insuficiente Bajo (0-3)
23996618,Excelentes (9-10)
24002206,Insuficiente Bajo (0-3)
24010145,Excelentes (9-10)
24011492,Excelentes (9-10)
24014063,Excelentes (9-10)
24015405,Excelentes (9-10)
24026540,Excelentes (9-10)
24028342,Excelentes (9-10)
24028744,Insuficiente Bajo (0-3)
24029619,Excelentes (9-10)
24035294,Notables (7-9)
24036895,Excelentes (9-10)
24038577,Excelentes (9-10)
24041862,Notables (7-9)
24049397,Excelentes (9-10)
24053428,Excelentes (9-10)
24061320,Excelentes (9-10)
24063016,Excelentes (9-10)
24064337,Excelentes (9-10)
24071050,Insuficiente Bajo (0-3)
24072879,Excelentes (9-10)
24076629,Insuficiente Bajo (0-3)
24077307,Excelentes (9-10)
24077453,Notables (7-9)
24081992,Excelentes (9-10)
24091304,Excelentes (9-10)
24092592,Insuficiente Bajo (0-3)
24096540,Notables (7-9)
24111724,Excelentes (9-10)
24113256,Notables (7-9)
24114647,Excelentes (9-10)
24118300,Insuficiente Bajo (0-3)
24119132,Notables (7-9)
24128845,Insuficiente Bajo (0-3)
24129100,Excelentes (9-10)
24131521,Excelentes (9-10)
24132906,Excelentes (9-10)
24152709,Insuficiente Bajo (0-3)
24154025,Excelentes (9-10)
24154779,Notables (7-9)
24155166,Notables (7-9)
24170917,Excelentes (9-10)
24171576,Excelentes (9-10)
24171715,Excelentes (9-10)
24174966,Insuficiente Bajo (0-3)
24175076,Insuficiente Bajo (0-3)
24182384,Excelentes (9-10)
24191631,Excelentes (9-10)
24193821,Insuficiente Bajo (0-3)
24195458,Insuficiente Bajo (0-3)
24198132,Excelentes (9-10)
24200381,Insuficiente Bajo (0-3)
24200848,Excelentes (9-10)
24206158,Notables (7-9)
24217165,Excelentes (9-10)
24218366,Notables (7-9)
24219071,Notables (7-9)
24219194,Insuficiente Bajo (0-3)
24219322,Insuficiente Bajo (0-3)
24221622,Insuficiente Bajo (0-3)
24221794,Excelentes (9-10)
24223980,Excelentes (9-10)
24224594,Notables (7-9)
24228191,Excelentes (9-10)
24236748,Insuficiente Bajo (0-3)
24236959,Insuficiente Bajo (0-3)
24239205,Insuficiente Bajo (0-3)
24239211,Insuficiente Bajo (0-3)
24244191,Insuficiente Bajo (0-3)
24249549,Notables (7-9)
24253884,Notables (7-9)
24260016,Excelentes (9-10)
24260229,Excelentes (9-10)
24295968,Notables (7-9)
24298993,Notables (7-9)
24299785,Excelentes (9-10)
24306190,Excelentes (9-10)
24307252,Insuficiente Bajo (0-3)
24309006,Excelentes (9-10)
24317653,Excelentes (9-10)
24319134,Insuficiente Bajo (0-3)
24319543,Excelentes (9-10)
24319577,Excelentes (9-10)
24320725,Notables (7-9)
24328986,Suficientes (5-7)
24330863,Excelentes (9-10)
24332276,Excelentes (9-10)
24335958,Insuficiente Bajo (0-3)
24339475,Insuficiente Bajo (0-3)
24341066,Insuficiente Bajo (0-3)
24342447,Notables (7-9)
24343004,Notables (7-9)
24344354,Excelentes (9-10)
24348022,Excelentes (9-10)
24348581,Notables (7-9)
24348702,Notables (7-9)
24350858,Excelentes (9-10)
24362246,Excelentes (9-10)
24368095,Insuficiente Bajo (0-3)
24369154,Notables (7-9)
24370133,Insuficiente Bajo (0-3)
24370440,Suficientes (5-7)
24370750,Notables (7-9)
24376153,Excelentes (9-10)
24376264,Excelentes (9-10)
24383985,Insuficiente Bajo (0-3)
24384019,Excelentes (9-10)
24384600,Notables (7-9)
24385362,Insuficiente Alto (3-5)
24388232,Insuficiente Bajo (0-3)
24391361,Excelentes (9-10)
24392079,Insuficiente Bajo (0-3)
24393658,Notables (7-9)
24402981,Insuficiente Bajo (0-3)
24407462,Notables (7-9)
24416076,Excelentes (9-10)
24418977,Notables (7-9)
24419054,Notables (7-9)
24426210,Excelentes (9-10)
24426690,Excelentes (9-10)
24428148,Notables (7-9)
24435994,Excelentes (9-10)
24437144,Excelentes (9-10)
24437410,Insuficiente Bajo (0-3)
24444860,Insuficiente Bajo (0-3)
24444900,Excelentes (9-10)
24444913,Insuficiente Bajo (0-3)
24447031,Insuficiente Bajo (0-3)
24447564,Insuficiente Bajo (0-3)
24448222,Insuficiente Bajo (0-3)
24448879,Excelentes (9-10)
24449942,Excelentes (9-10)
24462362,Notables (7-9)
24462522,Excelentes (9-10)
24463013,Excelentes (9-10)
24463484,Notables (7-9)
24467999,Excelentes (9-10)
24469383,Insuficiente Bajo (0-3)
24476428,Insuficiente Bajo (0-3)
24478640,Suficientes (5-7)
24488517,Notables (7-9)
24494484,Excelentes (9-10)
24508130,Excelentes (9-10)
24509880,Excelentes (9-10)
24509903,Excelentes (9-10)
24513128,Insuficiente Bajo (0-3)
24513154,Excelentes (9-10)
24513158,Excelentes (9-10)
24514035,Excelentes (9-10)
24514996,Insuficiente Bajo (0-3)
24516968,Excelentes (9-10)
24520266,Notables (7-9)
24520554,Excelentes (9-10)
24520907,Notables (7-9)
24521762,Excelentes (9-10)
24527990,Insuficiente Bajo (0-3)
24530686,Notables (7-9)
24533436,Excelentes (9-10)
24535651,Notables (7-9)
24537065,Insuficiente Bajo (0-3)
24539639,Excelentes (9-10)
24539721,Insuficiente Bajo (0-3)
24542897,Excelentes (9-10)
24548507,Excelentes (9-10)
24554607,Notables (7-9)
24555168,Insuficiente Bajo (0-3)
24572335,Excelentes (9-10)
24573390,Excelentes (9-10)
24586318,Excelentes (9-10)
24589238,Excelentes (9-10)
24589255,Notables (7-9)
24589911,Insuficiente Bajo (0-3)
24590040,Excelentes (9-10)
24596987,Notables (7-9)
24599116,Excelentes (9-10)
24599766,Excelentes (9-10)
24600973,Excelentes (9-10)
24605394,Excelentes (9-10)
24613065,Notables (7-9)
24613238,Notables (7-9)
24614824,Excelentes (9-10)
24614926,Excelentes (9-10)
24616180,Excelentes (9-10)
24623649,Insuficiente Bajo (0-3)
24626723,Insuficiente Bajo (0-3)
24628705,Notables (7-9)
24629879,Insuficiente Bajo (0-3)
24630661,Excelentes (9-10)
24635035,Insuficiente Bajo (0-3)
24636302,Insuficiente Bajo (0-3)
24640474,Notables (7-9)
24647213,Excelentes (9-10)
24649658,Excelentes (9-10)
24650389,Excelentes (9-10)
24650680,Excelentes (9-10)
24654740,Excelentes (9-10)
24661861,Insuficiente Bajo (0-3)
24662715,Excelentes (9-10)
24664773,Insuficiente Bajo (0-3)
24667206,Notables (7-9)
24671202,Insuficiente Bajo (0-3)
24672820,Notables (7-9)
24675936,Insuficiente Bajo (0-3)
24677555,Excelentes (9-10)
24678578,Excelentes (9-10)
24681321,Excelentes (9-10)
24682759,Insuficiente Bajo (0-3)
24684626,Insuficiente Bajo (0-3)
24686395,Insuficiente Bajo (0-3)
24686494,Insuficiente Bajo (0-3)
24688159,Suficientes (5-7)
24689035,Insuficiente Bajo (0-3)
24689070,Insuficiente Bajo (0-3)
24694493,Notables (7-9)
24698950,Notables (7-9)
24706447,Excelentes (9-10)
24707742,Insuficiente Bajo (0-3)
24712893,Insuficiente Bajo (0-3)
24712927,Excelentes (9-10)
24713733,Excelentes (9-10)
24731557,Excelentes (9-10)
24733326,Excelentes (9-10)
24742078,Insuficiente Bajo (0-3)
24745888,Notables (7-9)
24746387,Insuficiente Bajo (0-3)
24747049,Excelentes (9-10)
24747496,Insuficiente Bajo (0-3)
24747700,Excelentes (9-10)
24749761,Excelentes (9-10)
24751348,Excelentes (9-10)
24752653,Excelentes (9-10)
24753110,Excelentes (9-10)
24753780,Notables (7-9)
24754917,Insuficiente Bajo (0-3)
24761985,Excelentes (9-10)
24762192,Excelentes (9-10)
24765214,Insuficiente Bajo (0-3)
24767736,Excelentes (9-10)
24768209,Excelentes (9-10)
24769581,Excelentes (9-10)
24776027,Notables (7-9)
24776198,Notables (7-9)
24787391,Excelentes (9-10)
24794780,Insuficiente Bajo (0-3)
24796633,Excelentes (9-10)
24797439,Excelentes (9-10)
24799307,Excelentes (9-10)
24799497,Excelentes (9-10)
24800101,Excelentes (9-10)
24800530,Insuficiente Bajo (0-3)
24806503,Excelentes (9-10)
24807289,Excelentes (9-10)
24813961,Excelentes (9-10)
24816210,Excelentes (9-10)
24817748,Insuficiente Bajo (0-3)
24819177,Notables (7-9)
24820116,Notables (7-9)
24821215,Excelentes (9-10)
24821841,Notables (7-9)
24821982,Insuficiente Bajo (0-3)
24823132,Excelentes (9-10)
24826385,Insuficiente Bajo (0-3)
24832271,Excelentes (9-10)
24832484,Insuficiente Bajo (0-3)
24841608,Notables (7-9)
24841791,Insuficiente Bajo (0-3)
24842808,Excelentes (9-10)
24845210,Excelentes (9-10)
24847533,Insuficiente Bajo (0-3)
24853568,Excelentes (9-10)
24859912,Notables (7-9)
24866097,Excelentes (9-10)
24869952,Excelentes (9-10)
24870129,Insuficiente Bajo (0-3)
24872161,Excelentes (9-10)
24887503,Excelentes (9-10)
24888213,Excelentes (9-10)
24889262,Excelentes (9-10)
24898801,Insuficiente Bajo (0-3)
24901763,Insuficiente Bajo (0-3)
24903688,Insuficiente Bajo (0-3)
24909187,Excelentes (9-10)
24913906,Excelentes (9-10)
24914332,Insuficiente Bajo (0-3)
24914994,Excelentes (9-10)
24915381,Excelentes (9-10)
24927033,Notables (7-9)
24929325,Insuficiente Bajo (0-3)
24929443,Notables (7-9)
24930010,Insuficiente Bajo (0-3)
24933050,Insuficiente Bajo (0-3)
24935624,Insuficiente Bajo (0-3)
24949772,Insuficiente Bajo (0-3)
24954903,Notables (7-9)
24954938,Notables (7-9)
24956159,Excelentes (9-10)
24957949,Excelentes (9-10)
24960670,Excelentes (9-10)
24960837,Excelentes (9-10)
24964820,Excelentes (9-10)
24967594,Excelentes (9-10)
24979086,Insuficiente Bajo (0-3)
24979591,Insuficiente Bajo (0-3)
24981829,Insuficiente Bajo (0-3)
24982258,Excelentes (9-10)
24999781,Excelentes (9-10)
25002270,Notables (7-9)
25002750,Notables (7-9)
25005996,Excelentes (9-10)
25008807,Excelentes (9-10)
25020370,Insuficiente Bajo (0-3)
25025564,Notables (7-9)
25027606,Excelentes (9-10)
25032234,Insuficiente Bajo (0-3)
25041079,Excelentes (9-10)
25045965,Excelentes (9-10)
25050194,Notables (7-9)
25051663,Excelentes (9-10)
25059708,Excelentes (9-10)
25060006,Insuficiente Bajo (0-3)
25063330,Excelentes (9-10)
25067794,Excelentes (9-10)
25068675,Insuficiente Bajo (0-3)
25069074,Notables (7-9)
25069670,Excelentes (9-10)
25073510,Notables (7-9)
25074266,Insuficiente Bajo (0-3)
25093377,Insuficiente Bajo (0-3)
25115788,Insuficiente Bajo (0-3)
25116135,Excelentes (9-10)
25116518,Insuficiente Bajo (0-3)
25118562,Notables (7-9)
25118801,Excelentes (9-10)
25121045,Insuficiente Bajo (0-3)
25125251,Insuficiente Bajo (0-3)
25125892,Excelentes (9-10)
25127261,Insuficiente Bajo (0-3)
25127489,Insuficiente Bajo (0-3)
25127509,Notables (7-9)
25150033,Insuficiente Bajo (0-3)
25157955,Excelentes (9-10)
25162141,Excelentes (9-10)
25166034,Excelentes (9-10)
25181143,Excelentes (9-10)
25181770,Excelentes (9-10)
25185445,Excelentes (9-10)
25200094,Excelentes (9-10)
25204332,Excelentes (9-10)
25204415,Notables (7-9)
25216053,Excelentes (9-10)
25218268,Excelentes (9-10)
25224962,Excelentes (9-10)
25225942,Excelentes (9-10)
25229522,Excelentes (9-10)
25230976,Excelentes (9-10)
25232579,Excelentes (9-10)
25232910,Excelentes (9-10)
25234088,Excelentes (9-10)
25241388,Excelentes (9-10)
25241946,Insuficiente Bajo (0-3)
25244544,Insuficiente Bajo (0-3)
25249874,Notables (7-9)
25252459,Excelentes (9-10)
25272074,Excelentes (9-10)
25272547,Insuficiente Bajo (0-3)
25273892,Excelentes (9-10)
25280928,Excelentes (9-10)
25287991,Notables (7-9)
25288343,Notables (7-9)
25304839,Notables (7-9)
25305773,Insuficiente Bajo (0-3)
25309225,Excelentes (9-10)
25309242,Excelentes (9-10)
25313103,Insuficiente Bajo (0-3)
25314093,Insuficiente Bajo (0-3)
25333936,Insuficiente Bajo (0-3)
25335962,Excelentes (9-10)
25338259,Excelentes (9-10)
25342306,Excelentes (9-10)
25344252,Insuficiente Bajo (0-3)
25360593,Insuficiente Bajo (0-3)
25362217,Insuficiente Bajo (0-3)
25366780,Excelentes (9-10)
25368513,Excelentes (9-10)
25369411,Excelentes (9-10)
25370511,Notables (7-9)
25371389,Notables (7-9)
25372941,Excelentes (9-10)
25386038,Insuficiente Bajo (0-3)
25386833,Excelentes (9-10)
25387196,Excelentes (9-10)
25387596,Excelentes (9-10)
25389428,Insuficiente Bajo (0-3)
25389553,Excelentes (9-10)
25389648,Notables (7-9)
25391623,Notables (7-9)
25398665,Excelentes (9-10)
25402379,Insuficiente Bajo (0-3)
25410151,Notables (7-9)
25422170,Excelentes (9-10)
25425500,Suficientes (5-7)
25435100,Excelentes (9-10)
25435426,Notables (7-9)
25439989,Notables (7-9)
25445989,Suficientes (5-7)
25452407,Insuficiente Bajo (0-3)
25453975,Insuficiente Bajo (0-3)
25466525,Excelentes (9-10)
25467449,Insuficiente Bajo (0-3)
25468435,Insuficiente Bajo (0-3)
25468472,Insuficiente Bajo (0-3)
25469197,Excelentes (9-10)
25469355,Excelentes (9-10)
25470605,Excelentes (9-10)
25471570,Excelentes (9-10)
25474892,Notables (7-9)
25475935,Excelentes (9-10)
25502663,Insuficiente Bajo (0-3)
25508901,Excelentes (9-10)
25513409,Notables (7-9)
25525637,Excelentes (9-10)
25528643,Excelentes (9-10)
25529495,Insuficiente Bajo (0-3)
25529608,Insuficiente Bajo (0-3)
25531738,Insuficiente Bajo (0-3)
25532907,Excelentes (9-10)
25533254,Excelentes (9-10)
25535365,Notables (7-9)
25537212,Suficientes (5-7)
25539375,Excelentes (9-10)
25541322,Insuficiente Bajo (0-3)
25543867,Excelentes (9-10)
25559303,Excelentes (9-10)
25565957,Insuficiente Bajo (0-3)
25569883,Insuficiente Bajo (0-3)
25575730,Insuficiente Bajo (0-3)
25604805,Excelentes (9-10)
25610120,Excelentes (9-10)
25616661,Insuficiente Bajo (0-3)
25617731,Notables (7-9)
25636074,Insuficiente Bajo (0-3)
25647978,Excelentes (9-10)
25656652,Excelentes (9-10)
25659452,Notables (7-9)
25668152,Excelentes (9-10)
25705741,Notables (7-9)
25711907,Excelentes (9-10)
25714805,Excelentes (9-10)
25716251,Insuficiente Bajo (0-3)
25716690,Excelentes (9-10)
25723928,Notables (7-9)
25732701,Excelentes (9-10)
25734841,Notables (7-9)
25761424,Insuficiente Bajo (0-3)
25761607,Notables (7-9)
25761885,Notables (7-9)
25768915,Excelentes (9-10)
25769801,Excelentes (9-10)
25775053,Excelentes (9-10)
25778931,Insuficiente Bajo (0-3)
25793701,Excelentes (9-10)
25795620,Excelentes (9-10)
25797801,Suficientes (5-7)
25803053,Excelentes (9-10)
25822876,Excelentes (9-10)
25823209,Notables (7-9)
25823539,Excelentes (9-10)
25823763,Excelentes (9-10)
25825184,Excelentes (9-10)
25827557,Notables (7-9)
25830432,Insuficiente Bajo (0-3)
25833586,Suficientes (5-7)
25841900,Notables (7-9)
25852240,Insuficiente Bajo (0-3)
25853337,Excelentes (9-10)
25853542,Excelentes (9-10)
25860875,Excelentes (9-10)
25864590,Excelentes (9-10)
25866242,Insuficiente Bajo (0-3)
25872071,Insuficiente Bajo (0-3)
25872708,Excelentes (9-10)
25875127,Insuficiente Bajo (0-3)
25876177,Excelentes (9-10)
25880882,Excelentes (9-10)
25881568,Excelentes (9-10)
25886998,Excelentes (9-10)
25891941,Insuficiente Bajo (0-3)
25892061,Excelentes (9-10)
25897554,Excelentes (9-10)
25900726,Excelentes (9-10)
25909165,Notables (7-9)
25915998,Notables (7-9)
25927780,Notables (7-9)
25929692,Notables (7-9)
25929940,Excelentes (9-10)
25934177,Notables (7-9)
25939951,Notables (7-9)
25956365,Excelentes (9-10)
25958669,Notables (7-9)
25959928,Excelentes (9-10)
25966258,Excelentes (9-10)
25971808,Insuficiente Bajo (0-3)
25987994,Notables (7-9)
25988063,Notables (7-9)
25992288,Insuficiente Bajo (0-3)
25996203,Excelentes (9-10)
25997139,Excelentes (9-10)
26002097,Excelentes (9-10)
26007283,Excelentes (9-10)
26009304,Notables (7-9)
26021884,Excelentes (9-10)
26024567,Excelentes (9-10)
26025131,Excelentes (9-10)
26030842,Excelentes (9-10)
26050062,Notables (7-9)
26054796,Insuficiente Bajo (0-3)
26055728,Insuficiente Bajo (0-3)
26058907,Excelentes (9-10)
26059282,Excelentes (9-10)
26060053,Notables (7-9)
26073262,Excelentes (9-10)
26073267,Excelentes (9-10)
26077552,Insuficiente Bajo (0-3)
26079747,Insuficiente Bajo (0-3)
26081631,Excelentes (9-10)
26094258,Notables (7-9)
26115033,Excelentes (9-10)
26115219,Insuficiente Alto (3-5)
26118019,Excelentes (9-10)
26123945,Notables (7-9)
26125080,Insuficiente Bajo (0-3)
26127343,Excelentes (9-10)
26127795,Insuficiente Bajo (0-3)
26133785,Insuficiente Bajo (0-3)
26145363,Insuficiente Bajo (0-3)
26146331,Insuficiente Bajo (0-3)
26146335,Insuficiente Bajo (0-3)
26147196,Insuficiente Bajo (0-3)
26149153,Insuficiente Bajo (0-3)
26155526,Insuficiente Bajo (0-3)
26155664,Notables (7-9)
26160087,Insuficiente Bajo (0-3)
26160173,Insuficiente Bajo (0-3)
26160980,Excelentes (9-10)
26163484,Excelentes (9-10)
26172596,Insuficiente Bajo (0-3)
26180556,Excelentes (9-10)
26193654,Insuficiente Bajo (0-3)
26207763,Excelentes (9-10)
26209412,Insuficiente Bajo (0-3)
26210147,Insuficiente Bajo (0-3)
26212612,Notables (7-9)
26212637,Notables (7-9)
26213529,Excelentes (9-10)
26216092,Insuficiente Bajo (0-3)
26220384,Insuficiente Bajo (0-3)
26224658,Excelentes (9-10)
26238907,Excelentes (9-10)
26243253,Insuficiente Bajo (0-3)
26243764,Insuficiente Bajo (0-3)
26247694,Insuficiente Bajo (0-3)
26249086,Excelentes (9-10)
26253080,Excelentes (9-10)
26253970,Notables (7-9)
26264931,Excelentes (9-10)
26274545,Excelentes (9-10)
26275618,Excelentes (9-10)
26282483,Insuficiente Bajo (0-3)
26303108,Notables (7-9)
26313903,Insuficiente Bajo (0-3)
26315312,Excelentes (9-10)
26316367,Insuficiente Bajo (0-3)
26317155,Insuficiente Bajo (0-3)
26317219,Insuficiente Bajo (0-3)
26318112,Insuficiente Bajo (0-3)
26318196,Insuficiente Bajo (0-3)
26318807,Insuficiente Bajo (0-3)
26320782,Insuficiente Bajo (0-3)
26321760,Excelentes (9-10)
26322985,Excelentes (9-10)
26331426,Excelentes (9-10)
26332441,Excelentes (9-10)
26333049,Excelentes (9-10)
26333744,Excelentes (9-10)
26333840,Insuficiente Bajo (0-3)
26342152,Excelentes (9-10)
26358319,Insuficiente Bajo (0-3)
26358753,Excelentes (9-10)
26360246,Excelentes (9-10)
26366403,Excelentes (9-10)
26375236,Excelentes (9-10)
26375868,Excelentes (9-10)
26381253,Excelentes (9-10)
26382667,Notables (7-9)
26382853,Insuficiente Bajo (0-3)
26385625,Notables (7-9)
26385875,Insuficiente Bajo (0-3)
26388001,Excelentes (9-10)
26388528,Excelentes (9-10)
26388772,Excelentes (9-10)
26407707,Insuficiente Bajo (0-3)
26408709,Insuficiente Bajo (0-3)
26412460,Insuficiente Bajo (0-3)
26413808,Excelentes (9-10)
26414817,Excelentes (9-10)
26415270,Insuficiente Bajo (0-3)
26421778,Excelentes (9-10)
26422873,Insuficiente Bajo (0-3)
26423753,Notables (7-9)
26424500,Suficientes (5-7)
26436645,Notables (7-9)
26439260,Excelentes (9-10)
26440549,Insuficiente Bajo (0-3)
26442547,Excelentes (9-10)
26473798,Insuficiente Bajo (0-3)
26481079,Notables (7-9)
26483421,Insuficiente Bajo (0-3)
26490596,Insuficiente Bajo (0-3)
26494321,Insuficiente Bajo (0-3)
26495318,Insuficiente Bajo (0-3)
26498632,Excelentes (9-10)
26500221,Excelentes (9-10)
26510091,Notables (7-9)
26516873,Notables (7-9)
26518996,Notables (7-9)
26527760,Notables (7-9)
26546841,Insuficiente Bajo (0-3)
26547072,Insuficiente Bajo (0-3)
26547472,Insuficiente Bajo (0-3)
26548116,Insuficiente Bajo (0-3)
26549176,Excelentes (9-10)
26556936,Notables (7-9)
26558058,Excelentes (9-10)
26560186,Notables (7-9)
26560430,Excelentes (9-10)
26567333,Excelentes (9-10)
26567697,Excelentes (9-10)
26578841,Excelentes (9-10)
26579896,Notables (7-9)
26583404,Notables (7-9)
26584020,Insuficiente Bajo (0-3)
26584440,Insuficiente Bajo (0-3)
26587444,Insuficiente Bajo (0-3)
26593251,Notables (7-9)
26593307,Notables (7-9)
26593574,Notables (7-9)
26596322,Insuficiente Bajo (0-3)
26598601,Excelentes (9-10)
26601188,Excelentes (9-10)
26612038,Notables (7-9)
26614633,Notables (7-9)
26616483,Excelentes (9-10)
26620739,Excelentes (9-10)
26622821,Notables (7-9)
26623248,Excelentes (9-10)
26628356,Excelentes (9-10)
26638091,Excelentes (9-10)
26651496,Excelentes (9-10)
26655134,Insuficiente Bajo (0-3)
26655794,Excelentes (9-10)
26656777,Excelentes (9-10)
26661851,Excelentes (9-10)
26666106,Notables (7-9)
26672190,Excelentes (9-10)
26675466,Excelentes (9-10)
26675652,Excelentes (9-10)
26683278,Excelentes (9-10)
26702873,Notables (7-9)
26706681,Excelentes (9-10)
26709242,Excelentes (9-10)
26710336,Excelentes (9-10)
26711006,Excelentes (9-10)
26729906,Excelentes (9-10)
26732787,Notables (7-9)
26736941,Excelentes (9-10)
26740338,Excelentes (9-10)
26750759,Excelentes (9-10)
26751702,Excelentes (9-10)
26756528,Excelentes (9-10)
26765071,Excelentes (9-10)
26772282,Excelentes (9-10)
26772799,Insuficiente Bajo (0-3)
26774405,Insuficiente Bajo (0-3)
26781254,Excelentes (9-10)
26794038,Notables (7-9)
26794530,Excelentes (9-10)
26799272,Insuficiente Bajo (0-3)
26800184,Excelentes (9-10)
26800315,Insuficiente Bajo (0-3)
26800622,Excelentes (9-10)
26810396,Excelentes (9-10)
26810582,Excelentes (9-10)
26811703,Excelentes (9-10)
26813129,Excelentes (9-10)
26827843,Insuficiente Bajo (0-3)
26830349,Notables (7-9)
26831697,Excelentes (9-10)
26840346,Excelentes (9-10)
26845836,Notables (7-9)
26853206,Excelentes (9-10)
26855289,Insuficiente Bajo (0-3)
26857797,Suficientes (5-7)
26862170,Excelentes (9-10)
26863298,Insuficiente Bajo (0-3)
26864022,Excelentes (9-10)
26866186,Excelentes (9-10)
26868673,Excelentes (9-10)
26869739,Excelentes (9-10)
26883809,Excelentes (9-10)
26889462,Excelentes (9-10)
26894166,Notables (7-9)
26915869,Excelentes (9-10)
26933370,Insuficiente Bajo (0-3)
26936967,Insuficiente Bajo (0-3)
26937412,Insuficiente Bajo (0-3)
26938036,Excelentes (9-10)
26938834,Excelentes (9-10)
26939341,Notables (7-9)
26942581,Excelentes (9-10)
26946907,Excelentes (9-10)
26946993,Notables (7-9)
26947092,Excelentes (9-10)
26954098,Notables (7-9)
26956885,Excelentes (9-10)
26982540,Notables (7-9)
26986075,Excelentes (9-10)
26987062,Insuficiente Bajo (0-3)
26987853,Insuficiente Bajo (0-3)
26988157,Excelentes (9-10)
27011181,Excelentes (9-10)
27013617,Excelentes (9-10)
27019994,Excelentes (9-10)
27026653,Excelentes (9-10)
27028034,Excelentes (9-10)
27030253,Insuficiente Bajo (0-3)
27047776,Excelentes (9-10)
27051994,Insuficiente Bajo (0-3)
27056906,Excelentes (9-10)
27056958,Notables (7-9)
27082262,Notables (7-9)
27086038,Suficientes (5-7)
27089383,Notables (7-9)
27099510,Insuficiente Bajo (0-3)
27100118,Insuficiente Bajo (0-3)
27101716,Notables (7-9)
27104486,Excelentes (9-10)
27120304,Excelentes (9-10)
27120529,Notables (7-9)
27121536,Excelentes (9-10)
27123764,Insuficiente Bajo (0-3)
27126570,Insuficiente Bajo (0-3)
27127390,Insuficiente Bajo (0-3)
27130156,Excelentes (9-10)
27133719,Notables (7-9)
27141824,Excelentes (9-10)
27147771,Excelentes (9-10)
27148386,Excelentes (9-10)
27148755,Notables (7-9)
27151636,Excelentes (9-10)
27154808,Notables (7-9)
27154814,Excelentes (9-10)
27155470,Notables (7-9)
27156849,Insuficiente Bajo (0-3)
27157396,Insuficiente Bajo (0-3)
27158423,Excelentes (9-10)
27162725,Notables (7-9)
27183266,Notables (7-9)
27185225,Insuficiente Bajo (0-3)
27191358,Notables (7-9)
27191914,Excelentes (9-10)
27197045,Notables (7-9)
27201483,Excelentes (9-10)
27211121,Insuficiente Bajo (0-3)
27212538,Notables (7-9)
27214449,Notables (7-9)
27216997,Insuficiente Bajo (0-3)
27222952,Excelentes (9-10)
27223222,Insuficiente Bajo (0-3)
27223256,Excelentes (9-10)
27224471,Insuficiente Bajo (0-3)
27224489,Insuficiente Bajo (0-3)
27224529,Insuficiente Bajo (0-3)
27231706,Notables (7-9)
27237828,Excelentes (9-10)
27241318,Excelentes (9-10)
27244243,Insuficiente Bajo (0-3)
27244794,Excelentes (9-10)
27245117,Excelentes (9-10)
27250070,Insuficiente Bajo (0-3)
27250416,Notables (7-9)
27251766,Insuficiente Bajo (0-3)
27252420,Excelentes (9-10)
27256915,Insuficiente Bajo (0-3)
27257568,Insuficiente Bajo (0-3)
27270159,Insuficiente Bajo (0-3)
27270628,Insuficiente Bajo (0-3)
27275761,Excelentes (9-10)
27276457,Insuficiente Bajo (0-3)
27283115,Notables (7-9)
27283190,Notables (7-9)
27287350,Suficientes (5-7)
27293986,Excelentes (9-10)
27297028,Notables (7-9)
27298097,Excelentes (9-10)
27300849,Excelentes (9-10)
27311543,Insuficiente Bajo (0-3)
27320542,Insuficiente Bajo (0-3)
27322718,Insuficiente Bajo (0-3)
27324353,Insuficiente Bajo (0-3)
27327049,Insuficiente Bajo (0-3)
27335402,Excelentes (9-10)
27336714,Notables (7-9)
27347794,Notables (7-9)
27348121,Insuficiente Bajo (0-3)
27350951,Insuficiente Bajo (0-3)
27350971,Excelentes (9-10)
27366749,Notables (7-9)
27381462,Insuficiente Bajo (0-3)
27381672,Insuficiente Bajo (0-3)
27384210,Insuficiente Bajo (0-3)
27392802,Insuficiente Bajo (0-3)
27396036,Notables (7-9)
27400307,Insuficiente Bajo (0-3)
27412148,Excelentes (9-10)
27417989,Notables (7-9)
27420372,Suficientes (5-7)
27423602,Insuficiente Bajo (0-3)
27424582,Excelentes (9-10)
27430008,Insuficiente Bajo (0-3)
27448277,Excelentes (9-10)
27448371,Insuficiente Bajo (0-3)
27449813,Excelentes (9-10)
27450637,Insuficiente Bajo (0-3)
27451378,Notables (7-9)
27452747,Insuficiente Bajo (0-3)
27462475,Excelentes (9-10)
27464820,Notables (7-9)
27464845,Notables (7-9)
27478358,Notables (7-9)
27479113,Insuficiente Bajo (0-3)
27485124,Insuficiente Bajo (0-3)
27499085,Excelentes (9-10)
27503212,Excelentes (9-10)
27515179,Insuficiente Bajo (0-3)
27515966,Excelentes (9-10)
27520908,Excelentes (9-10)
27524198,Suficientes (5-7)
27533576,Notables (7-9)
27534505,Excelentes (9-10)
27544945,Excelentes (9-10)
27545229,Excelentes (9-10)
27560901,Insuficiente Bajo (0-3)
27561044,Insuficiente Bajo (0-3)
27563532,Notables (7-9)
27572842,Excelentes (9-10)
27576381,Excelentes (9-10)
27588413,Excelentes (9-10)
27592098,Excelentes (9-10)
27593545,Insuficiente Bajo (0-3)
27594853,Excelentes (9-10)
27598588,Notables (7-9)
27603327,Insuficiente Bajo (0-3)
27604973,Notables (7-9)
27607572,Excelentes (9-10)
27614577,Excelentes (9-10)
27618698,Excelentes (9-10)
27621981,Excelentes (9-10)
27622598,Insuficiente Bajo (0-3)
27622600,Suficientes (5-7)
27629848,Insuficiente Bajo (0-3)
27629851,Insuficiente Bajo (0-3)
27630178,Insuficiente Bajo (0-3)
27644103,Insuficiente Bajo (0-3)
27647520,Excelentes (9-10)
27653724,Insuficiente Bajo (0-3)
27654962,Excelentes (9-10)
27665888,Insuficiente Bajo (0-3)
27668670,Excelentes (9-10)
27676064,Insuficiente Bajo (0-3)
27688366,Notables (7-9)
27697741,Excelentes (9-10)
27702437,Excelentes (9-10)
27713199,Insuficiente Bajo (0-3)
27718788,Excelentes (9-10)
27722588,Insuficiente Bajo (0-3)
27724282,Excelentes (9-10)
27727159,Excelentes (9-10)
27738503,Excelentes (9-10)
27742552,Excelentes (9-10)
27756109,Excelentes (9-10)
27766690,Notables (7-9)
27768203,Excelentes (9-10)
27769971,Notables (7-9)
27775898,Excelentes (9-10)
27792677,Insuficiente Bajo (0-3)
27794146,Insuficiente Bajo (0-3)
27794209,Excelentes (9-10)
27801501,Excelentes (9-10)
27801720,Excelentes (9-10)
27802067,Excelentes (9-10)
27804360,Insuficiente Bajo (0-3)
27810152,Excelentes (9-10)
27818820,Excelentes (9-10)
27823820,Insuficiente Bajo (0-3)
27824487,Excelentes (9-10)
27824506,Excelentes (9-10)
27824712,Insuficiente Bajo (0-3)
27886787,Insuficiente Bajo (0-3)
27888794,Insuficiente Bajo (0-3)
27889125,Insuficiente Bajo (0-3)
27889202,Insuficiente Bajo (0-3)
27892673,Excelentes (9-10)
27894833,Notables (7-9)
27900400,Insuficiente Bajo (0-3)
27916840,Excelentes (9-10)
27928396,Notables (7-9)
27929937,Excelentes (9-10)
27939979,Excelentes (9-10)
27942731,Insuficiente Bajo (0-3)
27943335,Insuficiente Bajo (0-3)
27945716,Excelentes (9-10)
27945838,Insuficiente Bajo (0-3)
27946571,Insuficiente Bajo (0-3)
27948909,Insuficiente Bajo (0-3)
27948928,Insuficiente Bajo (0-3)
27956647,Excelentes (9-10)
27973705,Notables (7-9)
27973997,Insuficiente Bajo (0-3)
27974812,Insuficiente Bajo (0-3)
27986438,Excelentes (9-10)
27997794,Excelentes (9-10)
27997986,Excelentes (9-10)
27999718,Notables (7-9)
28003483,Excelentes (9-10)
28008196,Insuficiente Alto (3-5)
28009424,Suficientes (5-7)
28021082,Notables (7-9)
28037739,Insuficiente Bajo (0-3)
28038682,Excelentes (9-10)
28041055,Insuficiente Bajo (0-3)
28047743,Notables (7-9)
28064358,Notables (7-9)
28077806,Excelentes (9-10)
28091690,Insuficiente Bajo (0-3)
28097933,Excelentes (9-10)
28098438,Excelentes (9-10)
28099057,Suficientes (5-7)
28119257,Insuficiente Bajo (0-3)
28120823,Excelentes (9-10)
28121167,Notables (7-9)
28124735,Excelentes (9-10)
28124817,Excelentes (9-10)
28126965,Notables (7-9)
28130778,Insuficiente Bajo (0-3)
28167692,Notables (7-9)
28171172,Excelentes (9-10)
28172498,Excelentes (9-10)
28193447,Insuficiente Bajo (0-3)
28197265,Excelentes (9-10)
28200853,Excelentes (9-10)
28208214,Excelentes (9-10)
28212696,Excelentes (9-10)
28217294,Insuficiente Bajo (0-3)
28218571,Excelentes (9-10)
28223545,Excelentes (9-10)
28238152,Excelentes (9-10)
28239966,Excelentes (9-10)
28241820,Excelentes (9-10)
28243305,Insuficiente Bajo (0-3)
28243710,Excelentes (9-10)
28246195,Excelentes (9-10)
28249073,Excelentes (9-10)
28267061,Excelentes (9-10)
28269412,Notables (7-9)
28277739,Notables (7-9)
28294427,Notables (7-9)
28303838,Excelentes (9-10)
28307513,Insuficiente Bajo (0-3)
28311027,Insuficiente Bajo (0-3)
28323578,Excelentes (9-10)
28323908,Insuficiente Bajo (0-3)
28329645,Excelentes (9-10)
28330061,Excelentes (9-10)
28331079,Excelentes (9-10)
28332507,Notables (7-9)
28334769,Insuficiente Bajo (0-3)
28349369,Notables (7-9)
28379429,Excelentes (9-10)
28395900,Notables (7-9)
28420997,Excelentes (9-10)
28421928,Notables (7-9)
28424716,Excelentes (9-10)
28427578,Excelentes (9-10)
28429613,Excelentes (9-10)
28451687,Excelentes (9-10)
28452152,Insuficiente Bajo (0-3)
28452264,Excelentes (9-10)
28452282,Insuficiente Bajo (0-3)
28458339,Excelentes (9-10)
28458353,Excelentes (9-10)
28479622,Excelentes (9-10)
28483517,Notables (7-9)
28484817,Insuficiente Bajo (0-3)
28486008,Excelentes (9-10)
28489710,Insuficiente Bajo (0-3)
28504723,Insuficiente Bajo (0-3)
28512633,Excelentes (9-10)
28512671,Excelentes (9-10)
28514331,Excelentes (9-10)
28515676,Excelentes (9-10)
28521901,Excelentes (9-10)
28531458,Excelentes (9-10)
28552810,Excelentes (9-10)
28553236,Excelentes (9-10)
28553303,Insuficiente Bajo (0-3)
28554978,Notables (7-9)
28560520,Suficientes (5-7)
28565755,Excelentes (9-10)
28570021,Insuficiente Bajo (0-3)
28597308,Notables (7-9)
28603455,Excelentes (9-10)
28610069,Excelentes (9-10)
28623875,Notables (7-9)
28631895,Excelentes (9-10)
28633661,Excelentes (9-10)
28634201,Notables (7-9)
28644690,Notables (7-9)
28661269,Excelentes (9-10)
28666205,Excelentes (9-10)
28712443,Excelentes (9-10)
28728998,Excelentes (9-10)
28734769,Excelentes (9-10)
28747149,Excelentes (9-10)
28754959,Excelentes (9-10)
28759950,Excelentes (9-10)
28769674,Notables (7-9)
28776341,Excelentes (9-10)
28782343,Excelentes (9-10)
28791996,Insuficiente Bajo (0-3)
28797271,Insuficiente Bajo (0-3)
28800381,Insuficiente Bajo (0-3)
28802938,Excelentes (9-10)
28829586,Suficientes (5-7)
28855535,Insuficiente Bajo (0-3)
28880472,Insuficiente Bajo (0-3)
28887540,Insuficiente Bajo (0-3)
28887886,Insuficiente Bajo (0-3)
28892011,Excelentes (9-10)
28904225,Excelentes (9-10)
28904435,Insuficiente Bajo (0-3)
28906176,Excelentes (9-10)
28910213,Insuficiente Bajo (0-3)
28911360,Excelentes (9-10)
28913641,Insuficiente Bajo (0-3)
28923059,Excelentes (9-10)
28926460,Insuficiente Bajo (0-3)
28931449,Excelentes (9-10)
28933596,Excelentes (9-10)
28947319,Excelentes (9-10)
28947698,Excelentes (9-10)
28957107,Suficientes (5-7)
28957367,Excelentes (9-10)
28961040,Notables (7-9)
28969433,Suficientes (5-7)
28969958,Insuficiente Bajo (0-3)
28976590,Insuficiente Bajo (0-3)
28976899,Insuficiente Bajo (0-3)
28980992,Excelentes (9-10)
28996314,Excelentes (9-10)
29002400,Excelentes (9-10)
29006388,Notables (7-9)
29010745,Excelentes (9-10)
29011295,Notables (7-9)
29017787,Insuficiente Bajo (0-3)
29020874,Notables (7-9)
29028944,Excelentes (9-10)
29045450,Excelentes (9-10)
29045788,Notables (7-9)
29047393,Notables (7-9)
29047407,Excelentes (9-10)
29047553,Excelentes (9-10)
29047602,Excelentes (9-10)
29047850,Insuficiente Bajo (0-3)
29054264,Insuficiente Bajo (0-3)
29069581,Excelentes (9-10)
29073115,Insuficiente Bajo (0-3)
29093351,Insuficiente Bajo (0-3)
29097025,Insuficiente Bajo (0-3)
29098565,Excelentes (9-10)
29101252,Notables (7-9)
29111327,Insuficiente Bajo (0-3)
29114084,Insuficiente Bajo (0-3)
29115483,Insuficiente Bajo (0-3)
29117572,Insuficiente Bajo (0-3)
29128161,Excelentes (9-10)
29140516,Insuficiente Bajo (0-3)
29146899,Insuficiente Bajo (0-3)
29150997,Insuficiente Bajo (0-3)
29151044,Excelentes (9-10)
29151923,Excelentes (9-10)
29178479,Excelentes (9-10)
29178957,Notables (7-9)
29184759,Excelentes (9-10)
29198853,Insuficiente Bajo (0-3)
29205826,Excelentes (9-10)
29207306,Excelentes (9-10)
29216888,Notables (7-9)
29226186,Insuficiente Bajo (0-3)
29254675,Suficientes (5-7)
29256804,Notables (7-9)
29257241,Notables (7-9)
29267640,Excelentes (9-10)
29269109,Excelentes (9-10)
29271922,Excelentes (9-10)
29296118,Insuficiente Bajo (0-3)
29301151,Insuficiente Bajo (0-3)
29301973,Insuficiente Bajo (0-3)
29302659,Notables (7-9)
29308771,Notables (7-9)
29309442,Excelentes (9-10)
29328715,Excelentes (9-10)
29329365,Insuficiente Bajo (0-3)
29329620,Insuficiente Bajo (0-3)
29329834,Insuficiente Bajo (0-3)
29330762,Insuficiente Bajo (0-3)
29331368,Notables (7-9)
29348826,Excelentes (9-10)
29356123,Insuficiente Bajo (0-3)
29364360,Notables (7-9)
29373446,Excelentes (9-10)
29378110,Excelentes (9-10)
29380917,Insuficiente Bajo (0-3)
29382239,Insuficiente Bajo (0-3)
29383319,Insuficiente Bajo (0-3)
29386984,Insuficiente Bajo (0-3)
29392228,Insuficiente Bajo (0-3)
29404050,Insuficiente Bajo (0-3)
29404999,Excelentes (9-10)
29405012,Insuficiente Bajo (0-3)
29412320,Excelentes (9-10)
29426794,Insuficiente Bajo (0-3)
29429544,Excelentes (9-10)
29445419,Excelentes (9-10)
29448386,Excelentes (9-10)
29452145,Excelentes (9-10)
29454110,Excelentes (9-10)
29473682,Excelentes (9-10)
29474108,Excelentes (9-10)
29474507,Excelentes (9-10)
29475013,Excelentes (9-10)
29476709,Insuficiente Bajo (0-3)
29477149,Insuficiente Bajo (0-3)
29478014,Excelentes (9-10)
29482206,Excelentes (9-10)
29497258,Insuficiente Bajo (0-3)
29498925,Excelentes (9-10)
29501776,Notables (7-9)
29508687,Insuficiente Bajo (0-3)
29512517,Excelentes (9-10)
29515286,Notables (7-9)
29515788,Excelentes (9-10)
29516763,Excelentes (9-10)
29525769,Excelentes (9-10)
29530310,Excelentes (9-10)
29530449,Insuficiente Alto (3-5)
29535697,Insuficiente Bajo (0-3)
29536270,Excelentes (9-10)
29536562,Notables (7-9)
29552477,Excelentes (9-10)
29553758,Insuficiente Bajo (0-3)
29554917,Excelentes (9-10)
29556023,Notables (7-9)
29557856,Excelentes (9-10)
29558931,Notables (7-9)
29560046,Insuficiente Bajo (0-3)
29562116,Notables (7-9)
29582471,Insuficiente Bajo (0-3)
29583825,Insuficiente Bajo (0-3)
29586118,Excelentes (9-10)
29586663,Insuficiente Bajo (0-3)
29588096,Excelentes (9-10)
29606973,Notables (7-9)
29609346,Excelentes (9-10)
29625944,Excelentes (9-10)
29626163,Insuficiente Bajo (0-3)
29631103,Insuficiente Bajo (0-3)
29637245,Insuficiente Bajo (0-3)
29645272,Notables (7-9)
29645545,Notables (7-9)
29654398,Excelentes (9-10)
29665959,Suficientes (5-7)
29668043,Excelentes (9-10)
29670264,Insuficiente Bajo (0-3)
29671364,Insuficiente Bajo (0-3)
29675868,Excelentes (9-10)
29676029,Insuficiente Bajo (0-3)
29681142,Notables (7-9)
29681778,Suficientes (5-7)
29694992,Suficientes (5-7)
29695266,Insuficiente Bajo (0-3)
29698282,Excelentes (9-10)
29699972,Excelentes (9-10)
29701316,Excelentes (9-10)
29701545,Excelentes (9-10)
29703764,Excelentes (9-10)
29718808,Insuficiente Bajo (0-3)
29732890,Insuficiente Bajo (0-3)
29734904,Notables (7-9)
29746768,Excelentes (9-10)
29750114,Insuficiente Bajo (0-3)
29752559,Insuficiente Bajo (0-3)
29754837,Notables (7-9)
29758975,Excelentes (9-10)
29789158,Notables (7-9)
29824070,Excelentes (9-10)
29826956,Excelentes (9-10)
29841889,Excelentes (9-10)
29842101,Excelentes (9-10)
29843034,Insuficiente Bajo (0-3)
29851306,Insuficiente Bajo (0-3)
29851514,Insuficiente Bajo (0-3)
29853226,Excelentes (9-10)
29855232,Notables (7-9)
29872144,Insuficiente Bajo (0-3)
29874105,Excelentes (9-10)
29878380,Excelentes (9-10)
29880293,Insuficiente Bajo (0-3)
29880461,Insuficiente Bajo (0-3)
29890226,Insuficiente Bajo (0-3)
29891039,Excelentes (9-10)
29898029,Notables (7-9)
29904894,Excelentes (9-10)
29914832,Excelentes (9-10)
29921470,Excelentes (9-10)
29923012,Suficientes (5-7)
29929478,Insuficiente Bajo (0-3)
29958884,Notables (7-9)
29963297,Excelentes (9-10)
29965491,Notables (7-9)
29975376,Insuficiente Bajo (0-3)
29976787,Insuficiente Bajo (0-3)
29984433,Excelentes (9-10)
29986591,Notables (7-9)
30004341,Notables (7-9)
30006658,Insuficiente Bajo (0-3)
30010355,Insuficiente Bajo (0-3)
30031383,Insuficiente Bajo (0-3)
30035003,Excelentes (9-10)
30035212,Notables (7-9)
30055530,Notables (7-9)
30061571,Excelentes (9-10)
30075208,Insuficiente Bajo (0-3)
30075606,Excelentes (9-10)
30082905,Notables (7-9)
30088109,Notables (7-9)
30088803,Excelentes (9-10)
30104060,Excelentes (9-10)
30105421,Insuficiente Bajo (0-3)
30140433,Excelentes (9-10)
30146260,Excelentes (9-10)
30148375,Insuficiente Bajo (0-3)
30152003,Excelentes (9-10)
30169678,Notables (7-9)
30172045,Notables (7-9)
30175232,Insuficiente Bajo (0-3)
30192254,Notables (7-9)
30195094,Excelentes (9-10)
30198398,Insuficiente Bajo (0-3)
30203752,Excelentes (9-10)
30215812,Insuficiente Bajo (0-3)
30217856,Excelentes (9-10)
30218371,Insuficiente Bajo (0-3)
30220976,Insuficiente Bajo (0-3)
30230506,Excelentes (9-10)
30241987,Excelentes (9-10)
30262990,Insuficiente Bajo (0-3)
30263283,Excelentes (9-10)
30290075,Excelentes (9-10)
30302220,Insuficiente Bajo (0-3)
30309441,Insuficiente Bajo (0-3)
30312034,Insuficiente Bajo (0-3)
30312452,Excelentes (9-10)
30336131,Insuficiente Bajo (0-3)
30338075,Insuficiente Bajo (0-3)
30338911,Excelentes (9-10)
30340343,Excelentes (9-10)
30341077,Insuficiente Bajo (0-3)
30341215,Excelentes (9-10)
30343702,Notables (7-9)
30349199,Excelentes (9-10)
30357117,Notables (7-9)
30360984,Insuficiente Bajo (0-3)
30361640,Insuficiente Bajo (0-3)
30363707,Insuficiente Bajo (0-3)
30368647,Excelentes (9-10)
30371913,Excelentes (9-10)
30374348,Insuficiente Bajo (0-3)
30375027,Excelentes (9-10)
30375078,Excelentes (9-10)
30376176,Excelentes (9-10)
30386741,Notables (7-9)
30389259,Insuficiente Bajo (0-3)
30389887,Notables (7-9)
30392591,Notables (7-9)
30393557,Excelentes (9-10)
30394630,Excelentes (9-10)
30394634,Excelentes (9-10)
30396922,Insuficiente Bajo (0-3)
30398600,Excelentes (9-10)
30402073,Excelentes (9-10)
30410002,Excelentes (9-10)
30418856,Excelentes (9-10)
30420848,Insuficiente Bajo (0-3)
30420852,Insuficiente Bajo (0-3)
30433249,Insuficiente Bajo (0-3)
30440315,Insuficiente Bajo (0-3)
30465041,Insuficiente Bajo (0-3)
30469385,Excelentes (9-10)
30489687,Notables (7-9)
30490468,Excelentes (9-10)
30491670,Notables (7-9)
30492058,Excelentes (9-10)
30493550,Excelentes (9-10)
30499336,Insuficiente Bajo (0-3)
30503913,Notables (7-9)
30517604,Insuficiente Bajo (0-3)
30523665,Excelentes (9-10)
30527429,Excelentes (9-10)
30529919,Insuficiente Bajo (0-3)
30535333,Excelentes (9-10)
30535415,Excelentes (9-10)
30536211,Excelentes (9-10)
30541301,Insuficiente Bajo (0-3)
30546919,Insuficiente Bajo (0-3)
30547522,Insuficiente Bajo (0-3)
30547958,Insuficiente Bajo (0-3)
30549127,Excelentes (9-10)
30552841,Notables (7-9)
30556451,Notables (7-9)
30561163,Notables (7-9)
30564249,Insuficiente Bajo (0-3)
30575060,Insuficiente Bajo (0-3)
30577478,Insuficiente Bajo (0-3)
30579507,Insuficiente Bajo (0-3)
30583391,Excelentes (9-10)
30585727,Excelentes (9-10)
30590489,Excelentes (9-10)
30614685,Insuficiente Bajo (0-3)
30629181,Excelentes (9-10)
30654232,Notables (7-9)
30673860,Excelentes (9-10)
30684473,Excelentes (9-10)
30687407,Excelentes (9-10)
30700500,Notables (7-9)
30701391,Notables (7-9)
30708597,Insuficiente Bajo (0-3)
30712465,Insuficiente Bajo (0-3)
30715098,Notables (7-9)
30722824,Notables (7-9)
30722936,Excelentes (9-10)
30723551,Insuficiente Bajo (0-3)
30725505,Insuficiente Bajo (0-3)
30731258,Insuficiente Bajo (0-3)
30732543,Insuficiente Bajo (0-3)
30753507,Suficientes (5-7)
30755787,Insuficiente Bajo (0-3)
30758086,Insuficiente Bajo (0-3)
30761981,Excelentes (9-10)
30764857,Insuficiente Bajo (0-3)
30779491,Notables (7-9)
30781647,Excelentes (9-10)
30781672,Insuficiente Bajo (0-3)
30781792,Excelentes (9-10)
30782778,Notables (7-9)
30783806,Excelentes (9-10)
30784149,Notables (7-9)
30786532,Notables (7-9)
30787758,Excelentes (9-10)
30789445,Notables (7-9)
30793019,Notables (7-9)
30796729,Insuficiente Bajo (0-3)
30808704,Excelentes (9-10)
30813771,Insuficiente Bajo (0-3)
30818472,Excelentes (9-10)
30821542,Excelentes (9-10)
30839274,Excelentes (9-10)
30846132,Excelentes (9-10)
30848705,Notables (7-9)
30849028,Notables (7-9)
30859460,Insuficiente Bajo (0-3)
30875240,Notables (7-9)
30875872,Excelentes (9-10)
30876128,Insuficiente Bajo (0-3)
30876570,Excelentes (9-10)
30876980,Insuficiente Bajo (0-3)
30883841,Excelentes (9-10)
30896178,Excelentes (9-10)
30900942,Insuficiente Bajo (0-3)
30901217,Insuficiente Bajo (0-3)
30907256,Excelentes (9-10)
30920857,Insuficiente Bajo (0-3)
30922463,Excelentes (9-10)
30925813,Notables (7-9)
30927446,Excelentes (9-10)
30957315,Notables (7-9)
30958146,Notables (7-9)
30962844,Insuficiente Bajo (0-3)
30969707,Insuficiente Bajo (0-3)
30970092,Insuficiente Bajo (0-3)
30970617,Insuficiente Bajo (0-3)
30972244,Notables (7-9)
30977022,Insuficiente Bajo (0-3)
31002686,Insuficiente Bajo (0-3)
31002825,Insuficiente Bajo (0-3)
31003163,Insuficiente Bajo (0-3)
31005083,Excelentes (9-10)
31009513,Insuficiente Bajo (0-3)
31010841,Excelentes (9-10)
31011138,Insuficiente Bajo (0-3)
31011825,Excelentes (9-10)
31015500,Insuficiente Bajo (0-3)
31022924,Excelentes (9-10)
31025050,Insuficiente Bajo (0-3)
31027352,Insuficiente Bajo (0-3)
31027611,Insuficiente Bajo (0-3)
31028497,Excelentes (9-10)
31030020,Insuficiente Bajo (0-3)
31030347,Excelentes (9-10)
31030882,Excelentes (9-10)
31031935,Excelentes (9-10)
31033356,Excelentes (9-10)
31036081,Insuficiente Bajo (0-3)
31053795,Excelentes (9-10)
31055821,Insuficiente Bajo (0-3)
31062446,Excelentes (9-10)
31062927,Insuficiente Bajo (0-3)
31087904,Excelentes (9-10)
31095290,Notables (7-9)
31096178,Excelentes (9-10)
31102524,Notables (7-9)
31109773,Notables (7-9)
31111763,Excelentes (9-10)
31111815,Excelentes (9-10)
31117626,Notables (7-9)
31132541,Insuficiente Bajo (0-3)
31133552,Insuficiente Bajo (0-3)
31135508,Insuficiente Bajo (0-3)
31140365,Excelentes (9-10)
31141579,Notables (7-9)
31141654,Excelentes (9-10)
31141987,Notables (7-9)
31155852,Notables (7-9)
31157474,Notables (7-9)
31160528,Excelentes (9-10)
31169410,Notables (7-9)
31172403,Excelentes (9-10)
31175153,Notables (7-9)
31184670,Excelentes (9-10)
31195349,Excelentes (9-10)
31195615,Insuficiente Bajo (0-3)
31202119,Insuficiente Bajo (0-3)
31203362,Insuficiente Bajo (0-3)
31203985,Notables (7-9)
31208904,Excelentes (9-10)
31216352,Notables (7-9)
31217665,Excelentes (9-10)
31218051,Notables (7-9)
31229003,Excelentes (9-10)
31230749,Excelentes (9-10)
31231433,Excelentes (9-10)
31231614,Excelentes (9-10)
31249481,Suficientes (5-7)
31256447,Notables (7-9)
31256715,Excelentes (9-10)
31260480,Insuficiente Bajo (0-3)
31272365,Insuficiente Bajo (0-3)
31275191,Insuficiente Bajo (0-3)
31275500,Insuficiente Bajo (0-3)
31281868,Notables (7-9)
31282277,Insuficiente Bajo (0-3)
31302256,Insuficiente Bajo (0-3)
31303836,Excelentes (9-10)
31306749,Insuficiente Bajo (0-3)
31309107,Excelentes (9-10)
31309654,Excelentes (9-10)
31311771,Excelentes (9-10)
31315134,Insuficiente Bajo (0-3)
31357111,Excelentes (9-10)
31370159,Notables (7-9)
31370165,Notables (7-9)
31370279,Insuficiente Bajo (0-3)
31371739,Insuficiente Bajo (0-3)
31371827,Insuficiente Bajo (0-3)
31381515,Notables (7-9)
31383381,Excelentes (9-10)
31387404,Excelentes (9-10)
31396702,Excelentes (9-10)
31401137,Excelentes (9-10)
31402575,Notables (7-9)
31408169,Excelentes (9-10)
31410915,Excelentes (9-10)
31418396,Excelentes (9-10)
31425706,Insuficiente Bajo (0-3)
31425834,Insuficiente Bajo (0-3)
31425886,Excelentes (9-10)
31425991,Insuficiente Bajo (0-3)
31427395,Insuficiente Bajo (0-3)
31427528,Excelentes (9-10)
31452541,Excelentes (9-10)
31457126,Insuficiente Bajo (0-3)
31458425,Insuficiente Bajo (0-3)
31460984,Insuficiente Bajo (0-3)
31479778,Insuficiente Bajo (0-3)
31479980,Insuficiente Bajo (0-3)
31480553,Insuficiente Bajo (0-3)
31480996,Notables (7-9)
31484437,Excelentes (9-10)
31484709,Insuficiente Bajo (0-3)
31504442,Excelentes (9-10)
31505380,Insuficiente Bajo (0-3)
31509212,Excelentes (9-10)
31513169,Insuficiente Bajo (0-3)
31536345,Insuficiente Bajo (0-3)
31536423,Excelentes (9-10)
31546953,Excelentes (9-10)
31548396,Excelentes (9-10)
31550087,Excelentes (9-10)
31550517,Excelentes (9-10)
31551988,Insuficiente Bajo (0-3)
31552174,Insuficiente Bajo (0-3)
31552227,Insuficiente Bajo (0-3)
31552245,Notables (7-9)
31556128,Insuficiente Bajo (0-3)
31566999,Excelentes (9-10)
31579369,Notables (7-9)
31585628,Notables (7-9)
31587741,Excelentes (9-10)
31591294,Insuficiente Bajo (0-3)
31607949,Excelentes (9-10)
31608116,Excelentes (9-10)
31609752,Insuficiente Bajo (0-3)
31618404,Excelentes (9-10)
31619514,Excelentes (9-10)
31632185,Insuficiente Bajo (0-3)
31633062,Notables (7-9)
31634050,Notables (7-9)
31634121,Notables (7-9)
31634300,Insuficiente Bajo (0-3)
31636293,Insuficiente Bajo (0-3)
31639194,Insuficiente Bajo (0-3)
31641463,Insuficiente Bajo (0-3)
31642119,Notables (7-9)
31646915,Notables (7-9)
31658136,Excelentes (9-10)
31659600,Notables (7-9)
31666033,Insuficiente Bajo (0-3)
31666053,Excelentes (9-10)
31666817,Excelentes (9-10)
31685083,Excelentes (9-10)
31704436,Insuficiente Bajo (0-3)
31704828,Insuficiente Bajo (0-3)
31716236,Excelentes (9-10)
31725345,Insuficiente Bajo (0-3)
31726865,Insuficiente Bajo (0-3)
31727087,Suficientes (5-7)
31741590,Insuficiente Bajo (0-3)
31742532,Excelentes (9-10)
31748629,Excelentes (9-10)
31759847,Insuficiente Bajo (0-3)
31773106,Insuficiente Bajo (0-3)
31776935,Insuficiente Bajo (0-3)
31777878,Insuficiente Bajo (0-3)
31778504,Insuficiente Bajo (0-3)
31794015,Notables (7-9)
31798898,Notables (7-9)
31803396,Insuficiente Bajo (0-3)
31814840,Insuficiente Bajo (0-3)
31819755,Excelentes (9-10)
31827745,Excelentes (9-10)
31829223,Insuficiente Bajo (0-3)
31831593,Excelentes (9-10)
31844419,Notables (7-9)
31844624,Insuficiente Bajo (0-3)
31846886,Excelentes (9-10)
31852443,Excelentes (9-10)
31856554,Excelentes (9-10)
31866476,Insuficiente Bajo (0-3)
31867425,Excelentes (9-10)
31868834,Excelentes (9-10)
31870138,Insuficiente Bajo (0-3)
31871218,Insuficiente Bajo (0-3)
31878533,Insuficiente Bajo (0-3)
31881603,Notables (7-9)
31890011,Excelentes (9-10)
31891190,Insuficiente Bajo (0-3)
31921754,Insuficiente Bajo (0-3)
31937295,Insuficiente Bajo (0-3)
31937592,Insuficiente Bajo (0-3)
31937861,Insuficiente Bajo (0-3)
31938846,Excelentes (9-10)
31939270,Insuficiente Bajo (0-3)
31940925,Excelentes (9-10)
31965245,Excelentes (9-10)
31968299,Insuficiente Bajo (0-3)
31968574,Insuficiente Bajo (0-3)
31968616,Insuficiente Bajo (0-3)
31971188,Excelentes (9-10)
31979706,Insuficiente Bajo (0-3)
31984444,Insuficiente Bajo (0-3)
31984985,Excelentes (9-10)
31999442,Insuficiente Bajo (0-3)
32002196,Notables (7-9)
32009975,Excelentes (9-10)
32010127,Notables (7-9)
32010138,Insuficiente Bajo (0-3)
32012114,Notables (7-9)
32026121,Insuficiente Bajo (0-3)
32028678,Excelentes (9-10)
32028881,Suficientes (5-7)
32032443,Excelentes (9-10)
32032467,Suficientes (5-7)
32033273,Excelentes (9-10)
32035417,Excelentes (9-10)
32036662,Insuficiente Bajo (0-3)
32037155,Excelentes (9-10)
32040381,Notables (7-9)
32040533,Excelentes (9-10)
32053833,Excelentes (9-10)
32054236,Insuficiente Bajo (0-3)
32082385,Excelentes (9-10)
32084978,Excelentes (9-10)
32088176,Excelentes (9-10)
32096721,Notables (7-9)
32104558,Notables (7-9)
32106732,Insuficiente Bajo (0-3)
32115707,Excelentes (9-10)
32118599,Insuficiente Bajo (0-3)
32121674,Excelentes (9-10)
32123475,Excelentes (9-10)
32124236,Insuficiente Bajo (0-3)
32125847,Insuficiente Bajo (0-3)
32154529,Insuficiente Bajo (0-3)
32158720,Insuficiente Bajo (0-3)
32161182,Excelentes (9-10)
32165709,Excelentes (9-10)
32168077,Insuficiente Bajo (0-3)
32174124,Excelentes (9-10)
32185694,Excelentes (9-10)
32185826,Excelentes (9-10)
32198606,Insuficiente Bajo (0-3)
32200769,Notables (7-9)
32205314,Insuficiente Bajo (0-3)
32205656,Excelentes (9-10)
32205888,Suficientes (5-7)
32209597,Insuficiente Bajo (0-3)
32210102,Excelentes (9-10)
32215695,Excelentes (9-10)
32223043,Notables (7-9)
32227824,Excelentes (9-10)
32229216,Insuficiente Bajo (0-3)
32230739,Notables (7-9)
32232202,Notables (7-9)
32235406,Excelentes (9-10)
32235809,Excelentes (9-10)
32237568,Excelentes (9-10)
32241076,Insuficiente Bajo (0-3)
32246728,Excelentes (9-10)
32251481,Insuficiente Bajo (0-3)
32280626,Notables (7-9)
32283318,Excelentes (9-10)
32283432,Insuficiente Bajo (0-3)
32283715,Insuficiente Bajo (0-3)
32284453,Notables (7-9)
32295455,Excelentes (9-10)
32300721,Insuficiente Bajo (0-3)
32304019,Insuficiente Bajo (0-3)
32304626,Excelentes (9-10)
32304682,Excelentes (9-10)
32313873,Excelentes (9-10)
32325012,Insuficiente Bajo (0-3)
32326833,Excelentes (9-10)
32327014,Excelentes (9-10)
32328820,Notables (7-9)
32333693,Insuficiente Bajo (0-3)
32337607,Excelentes (9-10)
32351070,Excelentes (9-10)
32354363,Excelentes (9-10)
32356295,Insuficiente Bajo (0-3)
32358784,Excelentes (9-10)
32359069,Excelentes (9-10)
32361345,Insuficiente Bajo (0-3)
32371692,Excelentes (9-10)
32372872,Insuficiente Bajo (0-3)
32379297,Insuficiente Bajo (0-3)
32379333,Insuficiente Bajo (0-3)
32391703,Excelentes (9-10)
32392193,Insuficiente Bajo (0-3)
32392774,Excelentes (9-10)
32395123,Insuficiente Bajo (0-3)
32407332,Excelentes (9-10)
32423292,Excelentes (9-10)
