tipo,origen,pais,periodo,total,level,year,month,date,pais_final
Viajero,Total,Residentes en España,2015M01,2393392.0,country,2015,1,2015-01-01,españa
Viajero,Total,Residentes en España,2015M02,2878965.0,country,2015,2,2015-02-01,españa
Viajero,Total,Residentes en España,2015M03,3490443.0,country,2015,3,2015-03-01,españa
Viajero,Total,Residentes en España,2015M04,4031142.0,country,2015,4,2015-04-01,españa
Viajero,Total,Residentes en España,2015M05,4102767.0,country,2015,5,2015-05-01,españa
Viajero,Total,Residentes en España,2015M06,4587906.0,country,2015,6,2015-06-01,españa
Viajero,Total,Residentes en España,2015M07,5175659.0,country,2015,7,2015-07-01,españa
Viajero,Total,Residentes en España,2015M08,5945162.0,country,2015,8,2015-08-01,españa
Viajero,Total,Residentes en España,2015M09,4504038.0,country,2015,9,2015-09-01,españa
Viajero,Total,Residentes en España,2015M10,4137843.0,country,2015,10,2015-10-01,españa
Viajero,Total,Residentes en España,2015M11,3055877.0,country,2015,11,2015-11-01,españa
Viajero,Total,Residentes en España,2015M12,3220404.0,country,2015,12,2015-12-01,españa
Viajero,Total,Residentes en España,2016M01,2618022.0,country,2016,1,2016-01-01,españa
Viajero,Total,Residentes en España,2016M02,3191750.0,country,2016,2,2016-02-01,españa
Viajero,Total,Residentes en España,2016M03,4110169.0,country,2016,3,2016-03-01,españa
Viajero,Total,Residentes en España,2016M04,3755761.0,country,2016,4,2016-04-01,españa
Viajero,Total,Residentes en España,2016M05,4197064.0,country,2016,5,2016-05-01,españa
Viajero,Total,Residentes en España,2016M06,4723090.0,country,2016,6,2016-06-01,españa
Viajero,Total,Residentes en España,2016M07,5504356.0,country,2016,7,2016-07-01,españa
Viajero,Total,Residentes en España,2016M08,5993466.0,country,2016,8,2016-08-01,españa
Viajero,Total,Residentes en España,2016M09,4672782.0,country,2016,9,2016-09-01,españa
Viajero,Total,Residentes en España,2016M10,4358634.0,country,2016,10,2016-10-01,españa
Viajero,Total,Residentes en España,2016M11,3186298.0,country,2016,11,2016-11-01,españa
Viajero,Total,Residentes en España,2016M12,3231853.0,country,2016,12,2016-12-01,españa
Viajero,Total,Residentes en España,2017M01,2655015.0,country,2017,1,2017-01-01,españa
Viajero,Total,Residentes en España,2017M02,3157734.0,country,2017,2,2017-02-01,españa
Viajero,Total,Residentes en España,2017M03,3706176.0,country,2017,3,2017-03-01,españa
Viajero,Total,Residentes en España,2017M04,4688384.0,country,2017,4,2017-04-01,españa
Viajero,Total,Residentes en España,2017M05,4177945.0,country,2017,5,2017-05-01,españa
Viajero,Total,Residentes en España,2017M06,4785681.0,country,2017,6,2017-06-01,españa
Viajero,Total,Residentes en España,2017M07,5453609.0,country,2017,7,2017-07-01,españa
Viajero,Total,Residentes en España,2017M08,5970747.0,country,2017,8,2017-08-01,españa
Viajero,Total,Residentes en España,2017M09,4762659.0,country,2017,9,2017-09-01,españa
Viajero,Total,Residentes en España,2017M10,4302582.0,country,2017,10,2017-10-01,españa
Viajero,Total,Residentes en España,2017M11,3340928.0,country,2017,11,2017-11-01,españa
Viajero,Total,Residentes en España,2017M12,3461708.0,country,2017,12,2017-12-01,españa
Viajero,Total,Residentes en España,2018M01,2743159.0,country,2018,1,2018-01-01,españa
Viajero,Total,Residentes en España,2018M02,3208522.0,country,2018,2,2018-02-01,españa
Viajero,Total,Residentes en España,2018M03,4136756.0,country,2018,3,2018-03-01,españa
Viajero,Total,Residentes en España,2018M04,4154873.0,country,2018,4,2018-04-01,españa
Viajero,Total,Residentes en España,2018M05,4250360.0,country,2018,5,2018-05-01,españa
Viajero,Total,Residentes en España,2018M06,4868754.0,country,2018,6,2018-06-01,españa
Viajero,Total,Residentes en España,2018M07,5380698.0,country,2018,7,2018-07-01,españa
Viajero,Total,Residentes en España,2018M08,6181557.0,country,2018,8,2018-08-01,españa
Viajero,Total,Residentes en España,2018M09,4840570.0,country,2018,9,2018-09-01,españa
Viajero,Total,Residentes en España,2018M10,4354922.0,country,2018,10,2018-10-01,españa
Viajero,Total,Residentes en España,2018M11,3551431.0,country,2018,11,2018-11-01,españa
Viajero,Total,Residentes en España,2018M12,3494108.0,country,2018,12,2018-12-01,españa
Viajero,Total,Residentes en España,2019M01,2755656.0,country,2019,1,2019-01-01,españa
Viajero,Total,Residentes en España,2019M02,3315368.0,country,2019,2,2019-02-01,españa
Viajero,Total,Residentes en España,2019M03,4033782.0,country,2019,3,2019-03-01,españa
Viajero,Total,Residentes en España,2019M04,4470668.0,country,2019,4,2019-04-01,españa
Viajero,Total,Residentes en España,2019M05,4578814.0,country,2019,5,2019-05-01,españa
Viajero,Total,Residentes en España,2019M06,5183371.0,country,2019,6,2019-06-01,españa
Viajero,Total,Residentes en España,2019M07,5669457.0,country,2019,7,2019-07-01,españa
Viajero,Total,Residentes en España,2019M08,6432729.0,country,2019,8,2019-08-01,españa
Viajero,Total,Residentes en España,2019M09,4809515.0,country,2019,9,2019-09-01,españa
Viajero,Total,Residentes en España,2019M10,4321124.0,country,2019,10,2019-10-01,españa
Viajero,Total,Residentes en España,2019M11,3585911.0,country,2019,11,2019-11-01,españa
Viajero,Total,Residentes en España,2019M12,3577792.0,country,2019,12,2019-12-01,españa
Viajero,Total,Alemania,2015M01,258742.0,country,2015,1,2015-01-01,alemania
Viajero,Total,Alemania,2015M02,286886.0,country,2015,2,2015-02-01,alemania
Viajero,Total,Alemania,2015M03,438978.0,country,2015,3,2015-03-01,alemania
Viajero,Total,Alemania,2015M04,564922.0,country,2015,4,2015-04-01,alemania
Viajero,Total,Alemania,2015M05,843677.0,country,2015,5,2015-05-01,alemania
Viajero,Total,Alemania,2015M06,833134.0,country,2015,6,2015-06-01,alemania
Viajero,Total,Alemania,2015M07,833962.0,country,2015,7,2015-07-01,alemania
Viajero,Total,Alemania,2015M08,912344.0,country,2015,8,2015-08-01,alemania
Viajero,Total,Alemania,2015M09,940121.0,country,2015,9,2015-09-01,alemania
Viajero,Total,Alemania,2015M10,770106.0,country,2015,10,2015-10-01,alemania
Viajero,Total,Alemania,2015M11,333836.0,country,2015,11,2015-11-01,alemania
Viajero,Total,Alemania,2015M12,244634.0,country,2015,12,2015-12-01,alemania
Viajero,Total,Alemania,2016M01,257698.0,country,2016,1,2016-01-01,alemania
Viajero,Total,Alemania,2016M02,308130.0,country,2016,2,2016-02-01,alemania
Viajero,Total,Alemania,2016M03,496214.0,country,2016,3,2016-03-01,alemania
Viajero,Total,Alemania,2016M04,595830.0,country,2016,4,2016-04-01,alemania
Viajero,Total,Alemania,2016M05,959779.0,country,2016,5,2016-05-01,alemania
Viajero,Total,Alemania,2016M06,930997.0,country,2016,6,2016-06-01,alemania
Viajero,Total,Alemania,2016M07,900198.0,country,2016,7,2016-07-01,alemania
Viajero,Total,Alemania,2016M08,966493.0,country,2016,8,2016-08-01,alemania
Viajero,Total,Alemania,2016M09,1024579.0,country,2016,9,2016-09-01,alemania
Viajero,Total,Alemania,2016M10,886195.0,country,2016,10,2016-10-01,alemania
Viajero,Total,Alemania,2016M11,337164.0,country,2016,11,2016-11-01,alemania
Viajero,Total,Alemania,2016M12,270207.0,country,2016,12,2016-12-01,alemania
Viajero,Total,Alemania,2017M01,268670.0,country,2017,1,2017-01-01,alemania
Viajero,Total,Alemania,2017M02,303694.0,country,2017,2,2017-02-01,alemania
Viajero,Total,Alemania,2017M03,453429.0,country,2017,3,2017-03-01,alemania
Viajero,Total,Alemania,2017M04,654720.0,country,2017,4,2017-04-01,alemania
Viajero,Total,Alemania,2017M05,913652.0,country,2017,5,2017-05-01,alemania
Viajero,Total,Alemania,2017M06,1003575.0,country,2017,6,2017-06-01,alemania
Viajero,Total,Alemania,2017M07,988174.0,country,2017,7,2017-07-01,alemania
Viajero,Total,Alemania,2017M08,902331.0,country,2017,8,2017-08-01,alemania
Viajero,Total,Alemania,2017M09,1022635.0,country,2017,9,2017-09-01,alemania
Viajero,Total,Alemania,2017M10,893915.0,country,2017,10,2017-10-01,alemania
Viajero,Total,Alemania,2017M11,354672.0,country,2017,11,2017-11-01,alemania
Viajero,Total,Alemania,2017M12,254706.0,country,2017,12,2017-12-01,alemania
Viajero,Total,Alemania,2018M01,264452.0,country,2018,1,2018-01-01,alemania
Viajero,Total,Alemania,2018M02,325094.0,country,2018,2,2018-02-01,alemania
Viajero,Total,Alemania,2018M03,490211.0,country,2018,3,2018-03-01,alemania
Viajero,Total,Alemania,2018M04,592994.0,country,2018,4,2018-04-01,alemania
Viajero,Total,Alemania,2018M05,906182.0,country,2018,5,2018-05-01,alemania
Viajero,Total,Alemania,2018M06,902908.0,country,2018,6,2018-06-01,alemania
Viajero,Total,Alemania,2018M07,867836.0,country,2018,7,2018-07-01,alemania
Viajero,Total,Alemania,2018M08,837116.0,country,2018,8,2018-08-01,alemania
Viajero,Total,Alemania,2018M09,969936.0,country,2018,9,2018-09-01,alemania
Viajero,Total,Alemania,2018M10,848483.0,country,2018,10,2018-10-01,alemania
Viajero,Total,Alemania,2018M11,343111.0,country,2018,11,2018-11-01,alemania
Viajero,Total,Alemania,2018M12,269907.0,country,2018,12,2018-12-01,alemania
Viajero,Total,Alemania,2019M01,259171.0,country,2019,1,2019-01-01,alemania
Viajero,Total,Alemania,2019M02,304760.0,country,2019,2,2019-02-01,alemania
Viajero,Total,Alemania,2019M03,462680.0,country,2019,3,2019-03-01,alemania
Viajero,Total,Alemania,2019M04,623576.0,country,2019,4,2019-04-01,alemania
Viajero,Total,Alemania,2019M05,822439.0,country,2019,5,2019-05-01,alemania
Viajero,Total,Alemania,2019M06,889958.0,country,2019,6,2019-06-01,alemania
Viajero,Total,Alemania,2019M07,807451.0,country,2019,7,2019-07-01,alemania
Viajero,Total,Alemania,2019M08,780620.0,country,2019,8,2019-08-01,alemania
Viajero,Total,Alemania,2019M09,906606.0,country,2019,9,2019-09-01,alemania
Viajero,Total,Alemania,2019M10,794579.0,country,2019,10,2019-10-01,alemania
Viajero,Total,Alemania,2019M11,328474.0,country,2019,11,2019-11-01,alemania
Viajero,Total,Alemania,2019M12,255317.0,country,2019,12,2019-12-01,alemania
Viajero,Total,Austria,2015M01,15427.0,country,2015,1,2015-01-01,austria
Viajero,Total,Austria,2015M02,18761.0,country,2015,2,2015-02-01,austria
Viajero,Total,Austria,2015M03,30232.0,country,2015,3,2015-03-01,austria
Viajero,Total,Austria,2015M04,42705.0,country,2015,4,2015-04-01,austria
Viajero,Total,Austria,2015M05,51583.0,country,2015,5,2015-05-01,austria
Viajero,Total,Austria,2015M06,55654.0,country,2015,6,2015-06-01,austria
Viajero,Total,Austria,2015M07,52616.0,country,2015,7,2015-07-01,austria
Viajero,Total,Austria,2015M08,50056.0,country,2015,8,2015-08-01,austria
Viajero,Total,Austria,2015M09,53405.0,country,2015,9,2015-09-01,austria
Viajero,Total,Austria,2015M10,36579.0,country,2015,10,2015-10-01,austria
Viajero,Total,Austria,2015M11,22825.0,country,2015,11,2015-11-01,austria
Viajero,Total,Austria,2015M12,16846.0,country,2015,12,2015-12-01,austria
Viajero,Total,Austria,2016M01,15237.0,country,2016,1,2016-01-01,austria
Viajero,Total,Austria,2016M02,21588.0,country,2016,2,2016-02-01,austria
Viajero,Total,Austria,2016M03,31583.0,country,2016,3,2016-03-01,austria
Viajero,Total,Austria,2016M04,41244.0,country,2016,4,2016-04-01,austria
Viajero,Total,Austria,2016M05,54999.0,country,2016,5,2016-05-01,austria
Viajero,Total,Austria,2016M06,52647.0,country,2016,6,2016-06-01,austria
Viajero,Total,Austria,2016M07,59370.0,country,2016,7,2016-07-01,austria
Viajero,Total,Austria,2016M08,53240.0,country,2016,8,2016-08-01,austria
Viajero,Total,Austria,2016M09,57506.0,country,2016,9,2016-09-01,austria
Viajero,Total,Austria,2016M10,47799.0,country,2016,10,2016-10-01,austria
Viajero,Total,Austria,2016M11,21736.0,country,2016,11,2016-11-01,austria
Viajero,Total,Austria,2016M12,17220.0,country,2016,12,2016-12-01,austria
Viajero,Total,Austria,2017M01,15860.0,country,2017,1,2017-01-01,austria
Viajero,Total,Austria,2017M02,20276.0,country,2017,2,2017-02-01,austria
Viajero,Total,Austria,2017M03,25286.0,country,2017,3,2017-03-01,austria
Viajero,Total,Austria,2017M04,44331.0,country,2017,4,2017-04-01,austria
Viajero,Total,Austria,2017M05,57624.0,country,2017,5,2017-05-01,austria
Viajero,Total,Austria,2017M06,48961.0,country,2017,6,2017-06-01,austria
Viajero,Total,Austria,2017M07,59255.0,country,2017,7,2017-07-01,austria
Viajero,Total,Austria,2017M08,50247.0,country,2017,8,2017-08-01,austria
Viajero,Total,Austria,2017M09,56283.0,country,2017,9,2017-09-01,austria
Viajero,Total,Austria,2017M10,45488.0,country,2017,10,2017-10-01,austria
Viajero,Total,Austria,2017M11,23010.0,country,2017,11,2017-11-01,austria
Viajero,Total,Austria,2017M12,15611.0,country,2017,12,2017-12-01,austria
Viajero,Total,Austria,2018M01,15407.0,country,2018,1,2018-01-01,austria
Viajero,Total,Austria,2018M02,20683.0,country,2018,2,2018-02-01,austria
Viajero,Total,Austria,2018M03,31070.0,country,2018,3,2018-03-01,austria
Viajero,Total,Austria,2018M04,37598.0,country,2018,4,2018-04-01,austria
Viajero,Total,Austria,2018M05,52955.0,country,2018,5,2018-05-01,austria
Viajero,Total,Austria,2018M06,51803.0,country,2018,6,2018-06-01,austria
Viajero,Total,Austria,2018M07,60752.0,country,2018,7,2018-07-01,austria
Viajero,Total,Austria,2018M08,58802.0,country,2018,8,2018-08-01,austria
Viajero,Total,Austria,2018M09,55076.0,country,2018,9,2018-09-01,austria
Viajero,Total,Austria,2018M10,50479.0,country,2018,10,2018-10-01,austria
Viajero,Total,Austria,2018M11,25632.0,country,2018,11,2018-11-01,austria
Viajero,Total,Austria,2018M12,19732.0,country,2018,12,2018-12-01,austria
Viajero,Total,Austria,2019M01,17321.0,country,2019,1,2019-01-01,austria
Viajero,Total,Austria,2019M02,24985.0,country,2019,2,2019-02-01,austria
Viajero,Total,Austria,2019M03,32049.0,country,2019,3,2019-03-01,austria
Viajero,Total,Austria,2019M04,50044.0,country,2019,4,2019-04-01,austria
Viajero,Total,Austria,2019M05,57663.0,country,2019,5,2019-05-01,austria
Viajero,Total,Austria,2019M06,56112.0,country,2019,6,2019-06-01,austria
Viajero,Total,Austria,2019M07,57641.0,country,2019,7,2019-07-01,austria
Viajero,Total,Austria,2019M08,54689.0,country,2019,8,2019-08-01,austria
Viajero,Total,Austria,2019M09,55424.0,country,2019,9,2019-09-01,austria
Viajero,Total,Austria,2019M10,47750.0,country,2019,10,2019-10-01,austria
Viajero,Total,Austria,2019M11,24254.0,country,2019,11,2019-11-01,austria
Viajero,Total,Austria,2019M12,18458.0,country,2019,12,2019-12-01,austria
Viajero,Total,Bélgica,2015M01,51250.0,country,2015,1,2015-01-01,bélgica
Viajero,Total,Bélgica,2015M02,54367.0,country,2015,2,2015-02-01,bélgica
Viajero,Total,Bélgica,2015M03,67791.0,country,2015,3,2015-03-01,bélgica
Viajero,Total,Bélgica,2015M04,115587.0,country,2015,4,2015-04-01,bélgica
Viajero,Total,Bélgica,2015M05,122472.0,country,2015,5,2015-05-01,bélgica
Viajero,Total,Bélgica,2015M06,124630.0,country,2015,6,2015-06-01,bélgica
Viajero,Total,Bélgica,2015M07,206309.0,country,2015,7,2015-07-01,bélgica
Viajero,Total,Bélgica,2015M08,156937.0,country,2015,8,2015-08-01,bélgica
Viajero,Total,Bélgica,2015M09,146969.0,country,2015,9,2015-09-01,bélgica
Viajero,Total,Bélgica,2015M10,101339.0,country,2015,10,2015-10-01,bélgica
Viajero,Total,Bélgica,2015M11,73559.0,country,2015,11,2015-11-01,bélgica
Viajero,Total,Bélgica,2015M12,55327.0,country,2015,12,2015-12-01,bélgica
Viajero,Total,Bélgica,2016M01,55103.0,country,2016,1,2016-01-01,bélgica
Viajero,Total,Bélgica,2016M02,63032.0,country,2016,2,2016-02-01,bélgica
Viajero,Total,Bélgica,2016M03,88859.0,country,2016,3,2016-03-01,bélgica
Viajero,Total,Bélgica,2016M04,97974.0,country,2016,4,2016-04-01,bélgica
Viajero,Total,Bélgica,2016M05,129238.0,country,2016,5,2016-05-01,bélgica
Viajero,Total,Bélgica,2016M06,123775.0,country,2016,6,2016-06-01,bélgica
Viajero,Total,Bélgica,2016M07,218932.0,country,2016,7,2016-07-01,bélgica
Viajero,Total,Bélgica,2016M08,167357.0,country,2016,8,2016-08-01,bélgica
Viajero,Total,Bélgica,2016M09,152221.0,country,2016,9,2016-09-01,bélgica
Viajero,Total,Bélgica,2016M10,123820.0,country,2016,10,2016-10-01,bélgica
Viajero,Total,Bélgica,2016M11,73303.0,country,2016,11,2016-11-01,bélgica
Viajero,Total,Bélgica,2016M12,53359.0,country,2016,12,2016-12-01,bélgica
Viajero,Total,Bélgica,2017M01,58788.0,country,2017,1,2017-01-01,bélgica
Viajero,Total,Bélgica,2017M02,63387.0,country,2017,2,2017-02-01,bélgica
Viajero,Total,Bélgica,2017M03,76956.0,country,2017,3,2017-03-01,bélgica
Viajero,Total,Bélgica,2017M04,120987.0,country,2017,4,2017-04-01,bélgica
Viajero,Total,Bélgica,2017M05,135577.0,country,2017,5,2017-05-01,bélgica
Viajero,Total,Bélgica,2017M06,125801.0,country,2017,6,2017-06-01,bélgica
Viajero,Total,Bélgica,2017M07,220642.0,country,2017,7,2017-07-01,bélgica
Viajero,Total,Bélgica,2017M08,164992.0,country,2017,8,2017-08-01,bélgica
Viajero,Total,Bélgica,2017M09,161441.0,country,2017,9,2017-09-01,bélgica
Viajero,Total,Bélgica,2017M10,122468.0,country,2017,10,2017-10-01,bélgica
Viajero,Total,Bélgica,2017M11,70446.0,country,2017,11,2017-11-01,bélgica
Viajero,Total,Bélgica,2017M12,58854.0,country,2017,12,2017-12-01,bélgica
Viajero,Total,Bélgica,2018M01,61184.0,country,2018,1,2018-01-01,bélgica
Viajero,Total,Bélgica,2018M02,71431.0,country,2018,2,2018-02-01,bélgica
Viajero,Total,Bélgica,2018M03,85634.0,country,2018,3,2018-03-01,bélgica
Viajero,Total,Bélgica,2018M04,125654.0,country,2018,4,2018-04-01,bélgica
Viajero,Total,Bélgica,2018M05,134670.0,country,2018,5,2018-05-01,bélgica
Viajero,Total,Bélgica,2018M06,131462.0,country,2018,6,2018-06-01,bélgica
Viajero,Total,Bélgica,2018M07,205169.0,country,2018,7,2018-07-01,bélgica
Viajero,Total,Bélgica,2018M08,162362.0,country,2018,8,2018-08-01,bélgica
Viajero,Total,Bélgica,2018M09,155337.0,country,2018,9,2018-09-01,bélgica
Viajero,Total,Bélgica,2018M10,127037.0,country,2018,10,2018-10-01,bélgica
Viajero,Total,Bélgica,2018M11,69361.0,country,2018,11,2018-11-01,bélgica
Viajero,Total,Bélgica,2018M12,62834.0,country,2018,12,2018-12-01,bélgica
Viajero,Total,Bélgica,2019M01,60079.0,country,2019,1,2019-01-01,bélgica
Viajero,Total,Bélgica,2019M02,61971.0,country,2019,2,2019-02-01,bélgica
Viajero,Total,Bélgica,2019M03,85292.0,country,2019,3,2019-03-01,bélgica
Viajero,Total,Bélgica,2019M04,124768.0,country,2019,4,2019-04-01,bélgica
Viajero,Total,Bélgica,2019M05,135524.0,country,2019,5,2019-05-01,bélgica
Viajero,Total,Bélgica,2019M06,140343.0,country,2019,6,2019-06-01,bélgica
Viajero,Total,Bélgica,2019M07,195795.0,country,2019,7,2019-07-01,bélgica
Viajero,Total,Bélgica,2019M08,161421.0,country,2019,8,2019-08-01,bélgica
Viajero,Total,Bélgica,2019M09,152631.0,country,2019,9,2019-09-01,bélgica
Viajero,Total,Bélgica,2019M10,122159.0,country,2019,10,2019-10-01,bélgica
Viajero,Total,Bélgica,2019M11,69703.0,country,2019,11,2019-11-01,bélgica
Viajero,Total,Bélgica,2019M12,61859.0,country,2019,12,2019-12-01,bélgica
Viajero,Total,Dinamarca,2015M01,28937.0,country,2015,1,2015-01-01,dinamarca
Viajero,Total,Dinamarca,2015M02,35339.0,country,2015,2,2015-02-01,dinamarca
Viajero,Total,Dinamarca,2015M03,47334.0,country,2015,3,2015-03-01,dinamarca
Viajero,Total,Dinamarca,2015M04,44092.0,country,2015,4,2015-04-01,dinamarca
Viajero,Total,Dinamarca,2015M05,42061.0,country,2015,5,2015-05-01,dinamarca
Viajero,Total,Dinamarca,2015M06,39675.0,country,2015,6,2015-06-01,dinamarca
Viajero,Total,Dinamarca,2015M07,72695.0,country,2015,7,2015-07-01,dinamarca
Viajero,Total,Dinamarca,2015M08,36803.0,country,2015,8,2015-08-01,dinamarca
Viajero,Total,Dinamarca,2015M09,48762.0,country,2015,9,2015-09-01,dinamarca
Viajero,Total,Dinamarca,2015M10,59590.0,country,2015,10,2015-10-01,dinamarca
Viajero,Total,Dinamarca,2015M11,32033.0,country,2015,11,2015-11-01,dinamarca
Viajero,Total,Dinamarca,2015M12,25585.0,country,2015,12,2015-12-01,dinamarca
Viajero,Total,Dinamarca,2016M01,32069.0,country,2016,1,2016-01-01,dinamarca
Viajero,Total,Dinamarca,2016M02,41293.0,country,2016,2,2016-02-01,dinamarca
Viajero,Total,Dinamarca,2016M03,51390.0,country,2016,3,2016-03-01,dinamarca
Viajero,Total,Dinamarca,2016M04,50500.0,country,2016,4,2016-04-01,dinamarca
Viajero,Total,Dinamarca,2016M05,47862.0,country,2016,5,2016-05-01,dinamarca
Viajero,Total,Dinamarca,2016M06,47201.0,country,2016,6,2016-06-01,dinamarca
Viajero,Total,Dinamarca,2016M07,92715.0,country,2016,7,2016-07-01,dinamarca
Viajero,Total,Dinamarca,2016M08,53165.0,country,2016,8,2016-08-01,dinamarca
Viajero,Total,Dinamarca,2016M09,61312.0,country,2016,9,2016-09-01,dinamarca
Viajero,Total,Dinamarca,2016M10,63374.0,country,2016,10,2016-10-01,dinamarca
Viajero,Total,Dinamarca,2016M11,36466.0,country,2016,11,2016-11-01,dinamarca
Viajero,Total,Dinamarca,2016M12,28386.0,country,2016,12,2016-12-01,dinamarca
Viajero,Total,Dinamarca,2017M01,35585.0,country,2017,1,2017-01-01,dinamarca
Viajero,Total,Dinamarca,2017M02,44100.0,country,2017,2,2017-02-01,dinamarca
Viajero,Total,Dinamarca,2017M03,51924.0,country,2017,3,2017-03-01,dinamarca
Viajero,Total,Dinamarca,2017M04,55589.0,country,2017,4,2017-04-01,dinamarca
Viajero,Total,Dinamarca,2017M05,58105.0,country,2017,5,2017-05-01,dinamarca
Viajero,Total,Dinamarca,2017M06,57639.0,country,2017,6,2017-06-01,dinamarca
Viajero,Total,Dinamarca,2017M07,95511.0,country,2017,7,2017-07-01,dinamarca
Viajero,Total,Dinamarca,2017M08,55820.0,country,2017,8,2017-08-01,dinamarca
Viajero,Total,Dinamarca,2017M09,71126.0,country,2017,9,2017-09-01,dinamarca
Viajero,Total,Dinamarca,2017M10,70738.0,country,2017,10,2017-10-01,dinamarca
Viajero,Total,Dinamarca,2017M11,40359.0,country,2017,11,2017-11-01,dinamarca
Viajero,Total,Dinamarca,2017M12,31377.0,country,2017,12,2017-12-01,dinamarca
Viajero,Total,Dinamarca,2018M01,41737.0,country,2018,1,2018-01-01,dinamarca
Viajero,Total,Dinamarca,2018M02,47831.0,country,2018,2,2018-02-01,dinamarca
Viajero,Total,Dinamarca,2018M03,59023.0,country,2018,3,2018-03-01,dinamarca
Viajero,Total,Dinamarca,2018M04,54906.0,country,2018,4,2018-04-01,dinamarca
Viajero,Total,Dinamarca,2018M05,60474.0,country,2018,5,2018-05-01,dinamarca
Viajero,Total,Dinamarca,2018M06,49924.0,country,2018,6,2018-06-01,dinamarca
Viajero,Total,Dinamarca,2018M07,98855.0,country,2018,7,2018-07-01,dinamarca
Viajero,Total,Dinamarca,2018M08,51741.0,country,2018,8,2018-08-01,dinamarca
Viajero,Total,Dinamarca,2018M09,64111.0,country,2018,9,2018-09-01,dinamarca
Viajero,Total,Dinamarca,2018M10,68275.0,country,2018,10,2018-10-01,dinamarca
Viajero,Total,Dinamarca,2018M11,37593.0,country,2018,11,2018-11-01,dinamarca
Viajero,Total,Dinamarca,2018M12,28925.0,country,2018,12,2018-12-01,dinamarca
Viajero,Total,Dinamarca,2019M01,37544.0,country,2019,1,2019-01-01,dinamarca
Viajero,Total,Dinamarca,2019M02,42841.0,country,2019,2,2019-02-01,dinamarca
Viajero,Total,Dinamarca,2019M03,50413.0,country,2019,3,2019-03-01,dinamarca
Viajero,Total,Dinamarca,2019M04,54958.0,country,2019,4,2019-04-01,dinamarca
Viajero,Total,Dinamarca,2019M05,62315.0,country,2019,5,2019-05-01,dinamarca
Viajero,Total,Dinamarca,2019M06,51061.0,country,2019,6,2019-06-01,dinamarca
Viajero,Total,Dinamarca,2019M07,87724.0,country,2019,7,2019-07-01,dinamarca
Viajero,Total,Dinamarca,2019M08,50118.0,country,2019,8,2019-08-01,dinamarca
Viajero,Total,Dinamarca,2019M09,60381.0,country,2019,9,2019-09-01,dinamarca
Viajero,Total,Dinamarca,2019M10,66102.0,country,2019,10,2019-10-01,dinamarca
Viajero,Total,Dinamarca,2019M11,38806.0,country,2019,11,2019-11-01,dinamarca
Viajero,Total,Dinamarca,2019M12,29854.0,country,2019,12,2019-12-01,dinamarca
Viajero,Total,Finlandia,2015M01,25913.0,country,2015,1,2015-01-01,finlandia
Viajero,Total,Finlandia,2015M02,29322.0,country,2015,2,2015-02-01,finlandia
Viajero,Total,Finlandia,2015M03,34672.0,country,2015,3,2015-03-01,finlandia
Viajero,Total,Finlandia,2015M04,34648.0,country,2015,4,2015-04-01,finlandia
Viajero,Total,Finlandia,2015M05,28765.0,country,2015,5,2015-05-01,finlandia
Viajero,Total,Finlandia,2015M06,33220.0,country,2015,6,2015-06-01,finlandia
Viajero,Total,Finlandia,2015M07,31918.0,country,2015,7,2015-07-01,finlandia
Viajero,Total,Finlandia,2015M08,21446.0,country,2015,8,2015-08-01,finlandia
Viajero,Total,Finlandia,2015M09,26997.0,country,2015,9,2015-09-01,finlandia
Viajero,Total,Finlandia,2015M10,40900.0,country,2015,10,2015-10-01,finlandia
Viajero,Total,Finlandia,2015M11,31422.0,country,2015,11,2015-11-01,finlandia
Viajero,Total,Finlandia,2015M12,26803.0,country,2015,12,2015-12-01,finlandia
Viajero,Total,Finlandia,2016M01,27623.0,country,2016,1,2016-01-01,finlandia
Viajero,Total,Finlandia,2016M02,29309.0,country,2016,2,2016-02-01,finlandia
Viajero,Total,Finlandia,2016M03,37173.0,country,2016,3,2016-03-01,finlandia
Viajero,Total,Finlandia,2016M04,32114.0,country,2016,4,2016-04-01,finlandia
Viajero,Total,Finlandia,2016M05,26344.0,country,2016,5,2016-05-01,finlandia
Viajero,Total,Finlandia,2016M06,27718.0,country,2016,6,2016-06-01,finlandia
Viajero,Total,Finlandia,2016M07,29259.0,country,2016,7,2016-07-01,finlandia
Viajero,Total,Finlandia,2016M08,19983.0,country,2016,8,2016-08-01,finlandia
Viajero,Total,Finlandia,2016M09,24142.0,country,2016,9,2016-09-01,finlandia
Viajero,Total,Finlandia,2016M10,40931.0,country,2016,10,2016-10-01,finlandia
Viajero,Total,Finlandia,2016M11,34778.0,country,2016,11,2016-11-01,finlandia
Viajero,Total,Finlandia,2016M12,28596.0,country,2016,12,2016-12-01,finlandia
Viajero,Total,Finlandia,2017M01,28832.0,country,2017,1,2017-01-01,finlandia
Viajero,Total,Finlandia,2017M02,33392.0,country,2017,2,2017-02-01,finlandia
Viajero,Total,Finlandia,2017M03,40507.0,country,2017,3,2017-03-01,finlandia
Viajero,Total,Finlandia,2017M04,35688.0,country,2017,4,2017-04-01,finlandia
Viajero,Total,Finlandia,2017M05,30603.0,country,2017,5,2017-05-01,finlandia
Viajero,Total,Finlandia,2017M06,30287.0,country,2017,6,2017-06-01,finlandia
Viajero,Total,Finlandia,2017M07,29405.0,country,2017,7,2017-07-01,finlandia
Viajero,Total,Finlandia,2017M08,21031.0,country,2017,8,2017-08-01,finlandia
Viajero,Total,Finlandia,2017M09,30099.0,country,2017,9,2017-09-01,finlandia
Viajero,Total,Finlandia,2017M10,47420.0,country,2017,10,2017-10-01,finlandia
Viajero,Total,Finlandia,2017M11,39600.0,country,2017,11,2017-11-01,finlandia
Viajero,Total,Finlandia,2017M12,32392.0,country,2017,12,2017-12-01,finlandia
Viajero,Total,Finlandia,2018M01,32732.0,country,2018,1,2018-01-01,finlandia
Viajero,Total,Finlandia,2018M02,35848.0,country,2018,2,2018-02-01,finlandia
Viajero,Total,Finlandia,2018M03,44830.0,country,2018,3,2018-03-01,finlandia
Viajero,Total,Finlandia,2018M04,41215.0,country,2018,4,2018-04-01,finlandia
Viajero,Total,Finlandia,2018M05,30571.0,country,2018,5,2018-05-01,finlandia
Viajero,Total,Finlandia,2018M06,35140.0,country,2018,6,2018-06-01,finlandia
Viajero,Total,Finlandia,2018M07,34959.0,country,2018,7,2018-07-01,finlandia
Viajero,Total,Finlandia,2018M08,22645.0,country,2018,8,2018-08-01,finlandia
Viajero,Total,Finlandia,2018M09,30326.0,country,2018,9,2018-09-01,finlandia
Viajero,Total,Finlandia,2018M10,48779.0,country,2018,10,2018-10-01,finlandia
Viajero,Total,Finlandia,2018M11,40692.0,country,2018,11,2018-11-01,finlandia
Viajero,Total,Finlandia,2018M12,34787.0,country,2018,12,2018-12-01,finlandia
Viajero,Total,Finlandia,2019M01,31746.0,country,2019,1,2019-01-01,finlandia
Viajero,Total,Finlandia,2019M02,35044.0,country,2019,2,2019-02-01,finlandia
Viajero,Total,Finlandia,2019M03,44251.0,country,2019,3,2019-03-01,finlandia
Viajero,Total,Finlandia,2019M04,37863.0,country,2019,4,2019-04-01,finlandia
Viajero,Total,Finlandia,2019M05,30999.0,country,2019,5,2019-05-01,finlandia
Viajero,Total,Finlandia,2019M06,30599.0,country,2019,6,2019-06-01,finlandia
Viajero,Total,Finlandia,2019M07,30525.0,country,2019,7,2019-07-01,finlandia
Viajero,Total,Finlandia,2019M08,23491.0,country,2019,8,2019-08-01,finlandia
Viajero,Total,Finlandia,2019M09,29073.0,country,2019,9,2019-09-01,finlandia
Viajero,Total,Finlandia,2019M10,47081.0,country,2019,10,2019-10-01,finlandia
Viajero,Total,Finlandia,2019M11,40548.0,country,2019,11,2019-11-01,finlandia
Viajero,Total,Finlandia,2019M12,33607.0,country,2019,12,2019-12-01,finlandia
Viajero,Total,Francia,2015M01,174253.0,country,2015,1,2015-01-01,francia
Viajero,Total,Francia,2015M02,223355.0,country,2015,2,2015-02-01,francia
Viajero,Total,Francia,2015M03,239197.0,country,2015,3,2015-03-01,francia
Viajero,Total,Francia,2015M04,532103.0,country,2015,4,2015-04-01,francia
Viajero,Total,Francia,2015M05,680516.0,country,2015,5,2015-05-01,francia
Viajero,Total,Francia,2015M06,461609.0,country,2015,6,2015-06-01,francia
Viajero,Total,Francia,2015M07,599682.0,country,2015,7,2015-07-01,francia
Viajero,Total,Francia,2015M08,923014.0,country,2015,8,2015-08-01,francia
Viajero,Total,Francia,2015M09,518765.0,country,2015,9,2015-09-01,francia
Viajero,Total,Francia,2015M10,510420.0,country,2015,10,2015-10-01,francia
Viajero,Total,Francia,2015M11,222337.0,country,2015,11,2015-11-01,francia
Viajero,Total,Francia,2015M12,224166.0,country,2015,12,2015-12-01,francia
Viajero,Total,Francia,2016M01,187737.0,country,2016,1,2016-01-01,francia
Viajero,Total,Francia,2016M02,248426.0,country,2016,2,2016-02-01,francia
Viajero,Total,Francia,2016M03,273242.0,country,2016,3,2016-03-01,francia
Viajero,Total,Francia,2016M04,569674.0,country,2016,4,2016-04-01,francia
Viajero,Total,Francia,2016M05,652775.0,country,2016,5,2016-05-01,francia
Viajero,Total,Francia,2016M06,522987.0,country,2016,6,2016-06-01,francia
Viajero,Total,Francia,2016M07,686351.0,country,2016,7,2016-07-01,francia
Viajero,Total,Francia,2016M08,921864.0,country,2016,8,2016-08-01,francia
Viajero,Total,Francia,2016M09,570847.0,country,2016,9,2016-09-01,francia
Viajero,Total,Francia,2016M10,535620.0,country,2016,10,2016-10-01,francia
Viajero,Total,Francia,2016M11,240743.0,country,2016,11,2016-11-01,francia
Viajero,Total,Francia,2016M12,236704.0,country,2016,12,2016-12-01,francia
Viajero,Total,Francia,2017M01,204236.0,country,2017,1,2017-01-01,francia
Viajero,Total,Francia,2017M02,266165.0,country,2017,2,2017-02-01,francia
Viajero,Total,Francia,2017M03,309153.0,country,2017,3,2017-03-01,francia
Viajero,Total,Francia,2017M04,607677.0,country,2017,4,2017-04-01,francia
Viajero,Total,Francia,2017M05,645100.0,country,2017,5,2017-05-01,francia
Viajero,Total,Francia,2017M06,491556.0,country,2017,6,2017-06-01,francia
Viajero,Total,Francia,2017M07,687186.0,country,2017,7,2017-07-01,francia
Viajero,Total,Francia,2017M08,893750.0,country,2017,8,2017-08-01,francia
Viajero,Total,Francia,2017M09,567323.0,country,2017,9,2017-09-01,francia
Viajero,Total,Francia,2017M10,529492.0,country,2017,10,2017-10-01,francia
Viajero,Total,Francia,2017M11,239109.0,country,2017,11,2017-11-01,francia
Viajero,Total,Francia,2017M12,230229.0,country,2017,12,2017-12-01,francia
Viajero,Total,Francia,2018M01,227061.0,country,2018,1,2018-01-01,francia
Viajero,Total,Francia,2018M02,252509.0,country,2018,2,2018-02-01,francia
Viajero,Total,Francia,2018M03,303740.0,country,2018,3,2018-03-01,francia
Viajero,Total,Francia,2018M04,563625.0,country,2018,4,2018-04-01,francia
Viajero,Total,Francia,2018M05,716913.0,country,2018,5,2018-05-01,francia
Viajero,Total,Francia,2018M06,541903.0,country,2018,6,2018-06-01,francia
Viajero,Total,Francia,2018M07,669831.0,country,2018,7,2018-07-01,francia
Viajero,Total,Francia,2018M08,971575.0,country,2018,8,2018-08-01,francia
Viajero,Total,Francia,2018M09,602357.0,country,2018,9,2018-09-01,francia
Viajero,Total,Francia,2018M10,560820.0,country,2018,10,2018-10-01,francia
Viajero,Total,Francia,2018M11,246356.0,country,2018,11,2018-11-01,francia
Viajero,Total,Francia,2018M12,244456.0,country,2018,12,2018-12-01,francia
Viajero,Total,Francia,2019M01,228378.0,country,2019,1,2019-01-01,francia
Viajero,Total,Francia,2019M02,280428.0,country,2019,2,2019-02-01,francia
Viajero,Total,Francia,2019M03,320467.0,country,2019,3,2019-03-01,francia
Viajero,Total,Francia,2019M04,559413.0,country,2019,4,2019-04-01,francia
Viajero,Total,Francia,2019M05,671626.0,country,2019,5,2019-05-01,francia
Viajero,Total,Francia,2019M06,550865.0,country,2019,6,2019-06-01,francia
Viajero,Total,Francia,2019M07,659982.0,country,2019,7,2019-07-01,francia
Viajero,Total,Francia,2019M08,1004343.0,country,2019,8,2019-08-01,francia
Viajero,Total,Francia,2019M09,583811.0,country,2019,9,2019-09-01,francia
Viajero,Total,Francia,2019M10,564878.0,country,2019,10,2019-10-01,francia
Viajero,Total,Francia,2019M11,272545.0,country,2019,11,2019-11-01,francia
Viajero,Total,Francia,2019M12,253810.0,country,2019,12,2019-12-01,francia
Viajero,Total,Grecia,2015M01,3985.0,country,2015,1,2015-01-01,grecia
Viajero,Total,Grecia,2015M02,5620.0,country,2015,2,2015-02-01,grecia
Viajero,Total,Grecia,2015M03,6614.0,country,2015,3,2015-03-01,grecia
Viajero,Total,Grecia,2015M04,9897.0,country,2015,4,2015-04-01,grecia
Viajero,Total,Grecia,2015M05,12996.0,country,2015,5,2015-05-01,grecia
Viajero,Total,Grecia,2015M06,9663.0,country,2015,6,2015-06-01,grecia
Viajero,Total,Grecia,2015M07,10093.0,country,2015,7,2015-07-01,grecia
Viajero,Total,Grecia,2015M08,11332.0,country,2015,8,2015-08-01,grecia
Viajero,Total,Grecia,2015M09,9246.0,country,2015,9,2015-09-01,grecia
Viajero,Total,Grecia,2015M10,10044.0,country,2015,10,2015-10-01,grecia
Viajero,Total,Grecia,2015M11,7612.0,country,2015,11,2015-11-01,grecia
Viajero,Total,Grecia,2015M12,6208.0,country,2015,12,2015-12-01,grecia
Viajero,Total,Grecia,2016M01,5396.0,country,2016,1,2016-01-01,grecia
Viajero,Total,Grecia,2016M02,6384.0,country,2016,2,2016-02-01,grecia
Viajero,Total,Grecia,2016M03,7389.0,country,2016,3,2016-03-01,grecia
Viajero,Total,Grecia,2016M04,9219.0,country,2016,4,2016-04-01,grecia
Viajero,Total,Grecia,2016M05,9995.0,country,2016,5,2016-05-01,grecia
Viajero,Total,Grecia,2016M06,10092.0,country,2016,6,2016-06-01,grecia
Viajero,Total,Grecia,2016M07,13053.0,country,2016,7,2016-07-01,grecia
Viajero,Total,Grecia,2016M08,10910.0,country,2016,8,2016-08-01,grecia
Viajero,Total,Grecia,2016M09,9299.0,country,2016,9,2016-09-01,grecia
Viajero,Total,Grecia,2016M10,12580.0,country,2016,10,2016-10-01,grecia
Viajero,Total,Grecia,2016M11,9824.0,country,2016,11,2016-11-01,grecia
Viajero,Total,Grecia,2016M12,7012.0,country,2016,12,2016-12-01,grecia
Viajero,Total,Grecia,2017M01,6746.0,country,2017,1,2017-01-01,grecia
Viajero,Total,Grecia,2017M02,7094.0,country,2017,2,2017-02-01,grecia
Viajero,Total,Grecia,2017M03,8863.0,country,2017,3,2017-03-01,grecia
Viajero,Total,Grecia,2017M04,11228.0,country,2017,4,2017-04-01,grecia
Viajero,Total,Grecia,2017M05,11454.0,country,2017,5,2017-05-01,grecia
Viajero,Total,Grecia,2017M06,11373.0,country,2017,6,2017-06-01,grecia
Viajero,Total,Grecia,2017M07,13972.0,country,2017,7,2017-07-01,grecia
Viajero,Total,Grecia,2017M08,15297.0,country,2017,8,2017-08-01,grecia
Viajero,Total,Grecia,2017M09,9354.0,country,2017,9,2017-09-01,grecia
Viajero,Total,Grecia,2017M10,11184.0,country,2017,10,2017-10-01,grecia
Viajero,Total,Grecia,2017M11,7824.0,country,2017,11,2017-11-01,grecia
Viajero,Total,Grecia,2017M12,7376.0,country,2017,12,2017-12-01,grecia
Viajero,Total,Grecia,2018M01,6148.0,country,2018,1,2018-01-01,grecia
Viajero,Total,Grecia,2018M02,7100.0,country,2018,2,2018-02-01,grecia
Viajero,Total,Grecia,2018M03,8958.0,country,2018,3,2018-03-01,grecia
Viajero,Total,Grecia,2018M04,11553.0,country,2018,4,2018-04-01,grecia
Viajero,Total,Grecia,2018M05,12287.0,country,2018,5,2018-05-01,grecia
Viajero,Total,Grecia,2018M06,14583.0,country,2018,6,2018-06-01,grecia
Viajero,Total,Grecia,2018M07,11983.0,country,2018,7,2018-07-01,grecia
Viajero,Total,Grecia,2018M08,14053.0,country,2018,8,2018-08-01,grecia
Viajero,Total,Grecia,2018M09,13612.0,country,2018,9,2018-09-01,grecia
Viajero,Total,Grecia,2018M10,12246.0,country,2018,10,2018-10-01,grecia
Viajero,Total,Grecia,2018M11,14853.0,country,2018,11,2018-11-01,grecia
Viajero,Total,Grecia,2018M12,9312.0,country,2018,12,2018-12-01,grecia
Viajero,Total,Grecia,2019M01,7940.0,country,2019,1,2019-01-01,grecia
Viajero,Total,Grecia,2019M02,8517.0,country,2019,2,2019-02-01,grecia
Viajero,Total,Grecia,2019M03,10937.0,country,2019,3,2019-03-01,grecia
Viajero,Total,Grecia,2019M04,12025.0,country,2019,4,2019-04-01,grecia
Viajero,Total,Grecia,2019M05,15946.0,country,2019,5,2019-05-01,grecia
Viajero,Total,Grecia,2019M06,12481.0,country,2019,6,2019-06-01,grecia
Viajero,Total,Grecia,2019M07,11731.0,country,2019,7,2019-07-01,grecia
Viajero,Total,Grecia,2019M08,14863.0,country,2019,8,2019-08-01,grecia
Viajero,Total,Grecia,2019M09,12436.0,country,2019,9,2019-09-01,grecia
Viajero,Total,Grecia,2019M10,13097.0,country,2019,10,2019-10-01,grecia
Viajero,Total,Grecia,2019M11,12846.0,country,2019,11,2019-11-01,grecia
Viajero,Total,Grecia,2019M12,11529.0,country,2019,12,2019-12-01,grecia
Viajero,Total,Irlanda,2015M01,24257.0,country,2015,1,2015-01-01,irlanda
Viajero,Total,Irlanda,2015M02,28429.0,country,2015,2,2015-02-01,irlanda
Viajero,Total,Irlanda,2015M03,34989.0,country,2015,3,2015-03-01,irlanda
Viajero,Total,Irlanda,2015M04,54767.0,country,2015,4,2015-04-01,irlanda
Viajero,Total,Irlanda,2015M05,84580.0,country,2015,5,2015-05-01,irlanda
Viajero,Total,Irlanda,2015M06,91060.0,country,2015,6,2015-06-01,irlanda
Viajero,Total,Irlanda,2015M07,81835.0,country,2015,7,2015-07-01,irlanda
Viajero,Total,Irlanda,2015M08,75226.0,country,2015,8,2015-08-01,irlanda
Viajero,Total,Irlanda,2015M09,89672.0,country,2015,9,2015-09-01,irlanda
Viajero,Total,Irlanda,2015M10,73338.0,country,2015,10,2015-10-01,irlanda
Viajero,Total,Irlanda,2015M11,31826.0,country,2015,11,2015-11-01,irlanda
Viajero,Total,Irlanda,2015M12,26086.0,country,2015,12,2015-12-01,irlanda
Viajero,Total,Irlanda,2016M01,31679.0,country,2016,1,2016-01-01,irlanda
Viajero,Total,Irlanda,2016M02,36816.0,country,2016,2,2016-02-01,irlanda
Viajero,Total,Irlanda,2016M03,49011.0,country,2016,3,2016-03-01,irlanda
Viajero,Total,Irlanda,2016M04,62218.0,country,2016,4,2016-04-01,irlanda
Viajero,Total,Irlanda,2016M05,90619.0,country,2016,5,2016-05-01,irlanda
Viajero,Total,Irlanda,2016M06,94660.0,country,2016,6,2016-06-01,irlanda
Viajero,Total,Irlanda,2016M07,92981.0,country,2016,7,2016-07-01,irlanda
Viajero,Total,Irlanda,2016M08,88352.0,country,2016,8,2016-08-01,irlanda
Viajero,Total,Irlanda,2016M09,98758.0,country,2016,9,2016-09-01,irlanda
Viajero,Total,Irlanda,2016M10,83847.0,country,2016,10,2016-10-01,irlanda
Viajero,Total,Irlanda,2016M11,38742.0,country,2016,11,2016-11-01,irlanda
Viajero,Total,Irlanda,2016M12,27120.0,country,2016,12,2016-12-01,irlanda
Viajero,Total,Irlanda,2017M01,33460.0,country,2017,1,2017-01-01,irlanda
Viajero,Total,Irlanda,2017M02,37367.0,country,2017,2,2017-02-01,irlanda
Viajero,Total,Irlanda,2017M03,47811.0,country,2017,3,2017-03-01,irlanda
Viajero,Total,Irlanda,2017M04,71878.0,country,2017,4,2017-04-01,irlanda
Viajero,Total,Irlanda,2017M05,94974.0,country,2017,5,2017-05-01,irlanda
Viajero,Total,Irlanda,2017M06,112195.0,country,2017,6,2017-06-01,irlanda
Viajero,Total,Irlanda,2017M07,104577.0,country,2017,7,2017-07-01,irlanda
Viajero,Total,Irlanda,2017M08,95906.0,country,2017,8,2017-08-01,irlanda
Viajero,Total,Irlanda,2017M09,112732.0,country,2017,9,2017-09-01,irlanda
Viajero,Total,Irlanda,2017M10,85961.0,country,2017,10,2017-10-01,irlanda
Viajero,Total,Irlanda,2017M11,39094.0,country,2017,11,2017-11-01,irlanda
Viajero,Total,Irlanda,2017M12,29981.0,country,2017,12,2017-12-01,irlanda
Viajero,Total,Irlanda,2018M01,37287.0,country,2018,1,2018-01-01,irlanda
Viajero,Total,Irlanda,2018M02,37084.0,country,2018,2,2018-02-01,irlanda
Viajero,Total,Irlanda,2018M03,53534.0,country,2018,3,2018-03-01,irlanda
Viajero,Total,Irlanda,2018M04,73457.0,country,2018,4,2018-04-01,irlanda
Viajero,Total,Irlanda,2018M05,118188.0,country,2018,5,2018-05-01,irlanda
Viajero,Total,Irlanda,2018M06,121783.0,country,2018,6,2018-06-01,irlanda
Viajero,Total,Irlanda,2018M07,110038.0,country,2018,7,2018-07-01,irlanda
Viajero,Total,Irlanda,2018M08,98755.0,country,2018,8,2018-08-01,irlanda
Viajero,Total,Irlanda,2018M09,119884.0,country,2018,9,2018-09-01,irlanda
Viajero,Total,Irlanda,2018M10,96591.0,country,2018,10,2018-10-01,irlanda
Viajero,Total,Irlanda,2018M11,40778.0,country,2018,11,2018-11-01,irlanda
Viajero,Total,Irlanda,2018M12,35294.0,country,2018,12,2018-12-01,irlanda
Viajero,Total,Irlanda,2019M01,38821.0,country,2019,1,2019-01-01,irlanda
Viajero,Total,Irlanda,2019M02,42336.0,country,2019,2,2019-02-01,irlanda
Viajero,Total,Irlanda,2019M03,54693.0,country,2019,3,2019-03-01,irlanda
Viajero,Total,Irlanda,2019M04,88606.0,country,2019,4,2019-04-01,irlanda
Viajero,Total,Irlanda,2019M05,132592.0,country,2019,5,2019-05-01,irlanda
Viajero,Total,Irlanda,2019M06,135052.0,country,2019,6,2019-06-01,irlanda
Viajero,Total,Irlanda,2019M07,127557.0,country,2019,7,2019-07-01,irlanda
Viajero,Total,Irlanda,2019M08,120627.0,country,2019,8,2019-08-01,irlanda
Viajero,Total,Irlanda,2019M09,134466.0,country,2019,9,2019-09-01,irlanda
Viajero,Total,Irlanda,2019M10,102269.0,country,2019,10,2019-10-01,irlanda
Viajero,Total,Irlanda,2019M11,44546.0,country,2019,11,2019-11-01,irlanda
Viajero,Total,Irlanda,2019M12,37102.0,country,2019,12,2019-12-01,irlanda
Viajero,Total,Italia,2015M01,120585.0,country,2015,1,2015-01-01,italia
Viajero,Total,Italia,2015M02,115763.0,country,2015,2,2015-02-01,italia
Viajero,Total,Italia,2015M03,146667.0,country,2015,3,2015-03-01,italia
Viajero,Total,Italia,2015M04,205538.0,country,2015,4,2015-04-01,italia
Viajero,Total,Italia,2015M05,234046.0,country,2015,5,2015-05-01,italia
Viajero,Total,Italia,2015M06,254227.0,country,2015,6,2015-06-01,italia
Viajero,Total,Italia,2015M07,293414.0,country,2015,7,2015-07-01,italia
Viajero,Total,Italia,2015M08,480006.0,country,2015,8,2015-08-01,italia
Viajero,Total,Italia,2015M09,256089.0,country,2015,9,2015-09-01,italia
Viajero,Total,Italia,2015M10,189689.0,country,2015,10,2015-10-01,italia
Viajero,Total,Italia,2015M11,142864.0,country,2015,11,2015-11-01,italia
Viajero,Total,Italia,2015M12,149846.0,country,2015,12,2015-12-01,italia
Viajero,Total,Italia,2016M01,135701.0,country,2016,1,2016-01-01,italia
Viajero,Total,Italia,2016M02,132854.0,country,2016,2,2016-02-01,italia
Viajero,Total,Italia,2016M03,178027.0,country,2016,3,2016-03-01,italia
Viajero,Total,Italia,2016M04,222369.0,country,2016,4,2016-04-01,italia
Viajero,Total,Italia,2016M05,241111.0,country,2016,5,2016-05-01,italia
Viajero,Total,Italia,2016M06,286400.0,country,2016,6,2016-06-01,italia
Viajero,Total,Italia,2016M07,317428.0,country,2016,7,2016-07-01,italia
Viajero,Total,Italia,2016M08,501670.0,country,2016,8,2016-08-01,italia
Viajero,Total,Italia,2016M09,281550.0,country,2016,9,2016-09-01,italia
Viajero,Total,Italia,2016M10,220504.0,country,2016,10,2016-10-01,italia
Viajero,Total,Italia,2016M11,156845.0,country,2016,11,2016-11-01,italia
Viajero,Total,Italia,2016M12,162394.0,country,2016,12,2016-12-01,italia
Viajero,Total,Italia,2017M01,153782.0,country,2017,1,2017-01-01,italia
Viajero,Total,Italia,2017M02,146698.0,country,2017,2,2017-02-01,italia
Viajero,Total,Italia,2017M03,178937.0,country,2017,3,2017-03-01,italia
Viajero,Total,Italia,2017M04,238582.0,country,2017,4,2017-04-01,italia
Viajero,Total,Italia,2017M05,257864.0,country,2017,5,2017-05-01,italia
Viajero,Total,Italia,2017M06,299333.0,country,2017,6,2017-06-01,italia
Viajero,Total,Italia,2017M07,331977.0,country,2017,7,2017-07-01,italia
Viajero,Total,Italia,2017M08,486651.0,country,2017,8,2017-08-01,italia
Viajero,Total,Italia,2017M09,289423.0,country,2017,9,2017-09-01,italia
Viajero,Total,Italia,2017M10,217943.0,country,2017,10,2017-10-01,italia
Viajero,Total,Italia,2017M11,162693.0,country,2017,11,2017-11-01,italia
Viajero,Total,Italia,2017M12,161940.0,country,2017,12,2017-12-01,italia
Viajero,Total,Italia,2018M01,150778.0,country,2018,1,2018-01-01,italia
Viajero,Total,Italia,2018M02,146227.0,country,2018,2,2018-02-01,italia
Viajero,Total,Italia,2018M03,194015.0,country,2018,3,2018-03-01,italia
Viajero,Total,Italia,2018M04,241074.0,country,2018,4,2018-04-01,italia
Viajero,Total,Italia,2018M05,248083.0,country,2018,5,2018-05-01,italia
Viajero,Total,Italia,2018M06,292153.0,country,2018,6,2018-06-01,italia
Viajero,Total,Italia,2018M07,322240.0,country,2018,7,2018-07-01,italia
Viajero,Total,Italia,2018M08,487732.0,country,2018,8,2018-08-01,italia
Viajero,Total,Italia,2018M09,292034.0,country,2018,9,2018-09-01,italia
Viajero,Total,Italia,2018M10,220304.0,country,2018,10,2018-10-01,italia
Viajero,Total,Italia,2018M11,180760.0,country,2018,11,2018-11-01,italia
Viajero,Total,Italia,2018M12,179591.0,country,2018,12,2018-12-01,italia
Viajero,Total,Italia,2019M01,157742.0,country,2019,1,2019-01-01,italia
Viajero,Total,Italia,2019M02,163134.0,country,2019,2,2019-02-01,italia
Viajero,Total,Italia,2019M03,220982.0,country,2019,3,2019-03-01,italia
Viajero,Total,Italia,2019M04,277922.0,country,2019,4,2019-04-01,italia
Viajero,Total,Italia,2019M05,276077.0,country,2019,5,2019-05-01,italia
Viajero,Total,Italia,2019M06,305229.0,country,2019,6,2019-06-01,italia
Viajero,Total,Italia,2019M07,337987.0,country,2019,7,2019-07-01,italia
Viajero,Total,Italia,2019M08,505996.0,country,2019,8,2019-08-01,italia
Viajero,Total,Italia,2019M09,307720.0,country,2019,9,2019-09-01,italia
Viajero,Total,Italia,2019M10,247283.0,country,2019,10,2019-10-01,italia
Viajero,Total,Italia,2019M11,186213.0,country,2019,11,2019-11-01,italia
Viajero,Total,Italia,2019M12,184905.0,country,2019,12,2019-12-01,italia
Viajero,Total,Luxemburgo,2015M01,2736.0,country,2015,1,2015-01-01,luxemburgo
Viajero,Total,Luxemburgo,2015M02,3831.0,country,2015,2,2015-02-01,luxemburgo
Viajero,Total,Luxemburgo,2015M03,3572.0,country,2015,3,2015-03-01,luxemburgo
Viajero,Total,Luxemburgo,2015M04,7503.0,country,2015,4,2015-04-01,luxemburgo
Viajero,Total,Luxemburgo,2015M05,7098.0,country,2015,5,2015-05-01,luxemburgo
Viajero,Total,Luxemburgo,2015M06,8535.0,country,2015,6,2015-06-01,luxemburgo
Viajero,Total,Luxemburgo,2015M07,9885.0,country,2015,7,2015-07-01,luxemburgo
Viajero,Total,Luxemburgo,2015M08,11166.0,country,2015,8,2015-08-01,luxemburgo
Viajero,Total,Luxemburgo,2015M09,8443.0,country,2015,9,2015-09-01,luxemburgo
Viajero,Total,Luxemburgo,2015M10,5911.0,country,2015,10,2015-10-01,luxemburgo
Viajero,Total,Luxemburgo,2015M11,4282.0,country,2015,11,2015-11-01,luxemburgo
Viajero,Total,Luxemburgo,2015M12,3434.0,country,2015,12,2015-12-01,luxemburgo
Viajero,Total,Luxemburgo,2016M01,3180.0,country,2016,1,2016-01-01,luxemburgo
Viajero,Total,Luxemburgo,2016M02,3238.0,country,2016,2,2016-02-01,luxemburgo
Viajero,Total,Luxemburgo,2016M03,5824.0,country,2016,3,2016-03-01,luxemburgo
Viajero,Total,Luxemburgo,2016M04,5781.0,country,2016,4,2016-04-01,luxemburgo
Viajero,Total,Luxemburgo,2016M05,9282.0,country,2016,5,2016-05-01,luxemburgo
Viajero,Total,Luxemburgo,2016M06,9713.0,country,2016,6,2016-06-01,luxemburgo
Viajero,Total,Luxemburgo,2016M07,13257.0,country,2016,7,2016-07-01,luxemburgo
Viajero,Total,Luxemburgo,2016M08,13937.0,country,2016,8,2016-08-01,luxemburgo
Viajero,Total,Luxemburgo,2016M09,9937.0,country,2016,9,2016-09-01,luxemburgo
Viajero,Total,Luxemburgo,2016M10,7438.0,country,2016,10,2016-10-01,luxemburgo
Viajero,Total,Luxemburgo,2016M11,3808.0,country,2016,11,2016-11-01,luxemburgo
Viajero,Total,Luxemburgo,2016M12,3555.0,country,2016,12,2016-12-01,luxemburgo
Viajero,Total,Luxemburgo,2017M01,3070.0,country,2017,1,2017-01-01,luxemburgo
Viajero,Total,Luxemburgo,2017M02,3476.0,country,2017,2,2017-02-01,luxemburgo
Viajero,Total,Luxemburgo,2017M03,4661.0,country,2017,3,2017-03-01,luxemburgo
Viajero,Total,Luxemburgo,2017M04,8462.0,country,2017,4,2017-04-01,luxemburgo
Viajero,Total,Luxemburgo,2017M05,8370.0,country,2017,5,2017-05-01,luxemburgo
Viajero,Total,Luxemburgo,2017M06,8686.0,country,2017,6,2017-06-01,luxemburgo
Viajero,Total,Luxemburgo,2017M07,11720.0,country,2017,7,2017-07-01,luxemburgo
Viajero,Total,Luxemburgo,2017M08,13916.0,country,2017,8,2017-08-01,luxemburgo
Viajero,Total,Luxemburgo,2017M09,10380.0,country,2017,9,2017-09-01,luxemburgo
Viajero,Total,Luxemburgo,2017M10,7307.0,country,2017,10,2017-10-01,luxemburgo
Viajero,Total,Luxemburgo,2017M11,3237.0,country,2017,11,2017-11-01,luxemburgo
Viajero,Total,Luxemburgo,2017M12,4424.0,country,2017,12,2017-12-01,luxemburgo
Viajero,Total,Luxemburgo,2018M01,3057.0,country,2018,1,2018-01-01,luxemburgo
Viajero,Total,Luxemburgo,2018M02,4520.0,country,2018,2,2018-02-01,luxemburgo
Viajero,Total,Luxemburgo,2018M03,4982.0,country,2018,3,2018-03-01,luxemburgo
Viajero,Total,Luxemburgo,2018M04,8103.0,country,2018,4,2018-04-01,luxemburgo
Viajero,Total,Luxemburgo,2018M05,9279.0,country,2018,5,2018-05-01,luxemburgo
Viajero,Total,Luxemburgo,2018M06,7798.0,country,2018,6,2018-06-01,luxemburgo
Viajero,Total,Luxemburgo,2018M07,7988.0,country,2018,7,2018-07-01,luxemburgo
Viajero,Total,Luxemburgo,2018M08,13467.0,country,2018,8,2018-08-01,luxemburgo
Viajero,Total,Luxemburgo,2018M09,10340.0,country,2018,9,2018-09-01,luxemburgo
Viajero,Total,Luxemburgo,2018M10,8125.0,country,2018,10,2018-10-01,luxemburgo
Viajero,Total,Luxemburgo,2018M11,4387.0,country,2018,11,2018-11-01,luxemburgo
Viajero,Total,Luxemburgo,2018M12,4110.0,country,2018,12,2018-12-01,luxemburgo
Viajero,Total,Luxemburgo,2019M01,3402.0,country,2019,1,2019-01-01,luxemburgo
Viajero,Total,Luxemburgo,2019M02,4858.0,country,2019,2,2019-02-01,luxemburgo
Viajero,Total,Luxemburgo,2019M03,4252.0,country,2019,3,2019-03-01,luxemburgo
Viajero,Total,Luxemburgo,2019M04,8556.0,country,2019,4,2019-04-01,luxemburgo
Viajero,Total,Luxemburgo,2019M05,8562.0,country,2019,5,2019-05-01,luxemburgo
Viajero,Total,Luxemburgo,2019M06,8388.0,country,2019,6,2019-06-01,luxemburgo
Viajero,Total,Luxemburgo,2019M07,8965.0,country,2019,7,2019-07-01,luxemburgo
Viajero,Total,Luxemburgo,2019M08,13073.0,country,2019,8,2019-08-01,luxemburgo
Viajero,Total,Luxemburgo,2019M09,9594.0,country,2019,9,2019-09-01,luxemburgo
Viajero,Total,Luxemburgo,2019M10,6152.0,country,2019,10,2019-10-01,luxemburgo
Viajero,Total,Luxemburgo,2019M11,4098.0,country,2019,11,2019-11-01,luxemburgo
Viajero,Total,Luxemburgo,2019M12,3877.0,country,2019,12,2019-12-01,luxemburgo
Viajero,Total,Países Bajos,2015M01,59692.0,country,2015,1,2015-01-01,países bajos
Viajero,Total,Países Bajos,2015M02,75232.0,country,2015,2,2015-02-01,países bajos
Viajero,Total,Países Bajos,2015M03,87451.0,country,2015,3,2015-03-01,países bajos
Viajero,Total,Países Bajos,2015M04,129055.0,country,2015,4,2015-04-01,países bajos
Viajero,Total,Países Bajos,2015M05,208209.0,country,2015,5,2015-05-01,países bajos
Viajero,Total,Países Bajos,2015M06,164780.0,country,2015,6,2015-06-01,países bajos
Viajero,Total,Países Bajos,2015M07,229171.0,country,2015,7,2015-07-01,países bajos
Viajero,Total,Países Bajos,2015M08,208910.0,country,2015,8,2015-08-01,países bajos
Viajero,Total,Países Bajos,2015M09,192965.0,country,2015,9,2015-09-01,países bajos
Viajero,Total,Países Bajos,2015M10,168360.0,country,2015,10,2015-10-01,países bajos
Viajero,Total,Países Bajos,2015M11,83267.0,country,2015,11,2015-11-01,países bajos
Viajero,Total,Países Bajos,2015M12,63865.0,country,2015,12,2015-12-01,países bajos
Viajero,Total,Países Bajos,2016M01,65511.0,country,2016,1,2016-01-01,países bajos
Viajero,Total,Países Bajos,2016M02,82402.0,country,2016,2,2016-02-01,países bajos
Viajero,Total,Países Bajos,2016M03,93379.0,country,2016,3,2016-03-01,países bajos
Viajero,Total,Países Bajos,2016M04,178525.0,country,2016,4,2016-04-01,países bajos
Viajero,Total,Países Bajos,2016M05,214569.0,country,2016,5,2016-05-01,países bajos
Viajero,Total,Países Bajos,2016M06,188065.0,country,2016,6,2016-06-01,países bajos
Viajero,Total,Países Bajos,2016M07,248488.0,country,2016,7,2016-07-01,países bajos
Viajero,Total,Países Bajos,2016M08,254523.0,country,2016,8,2016-08-01,países bajos
Viajero,Total,Países Bajos,2016M09,223707.0,country,2016,9,2016-09-01,países bajos
Viajero,Total,Países Bajos,2016M10,185194.0,country,2016,10,2016-10-01,países bajos
Viajero,Total,Países Bajos,2016M11,89006.0,country,2016,11,2016-11-01,países bajos
Viajero,Total,Países Bajos,2016M12,69246.0,country,2016,12,2016-12-01,países bajos
Viajero,Total,Países Bajos,2017M01,77676.0,country,2017,1,2017-01-01,países bajos
Viajero,Total,Países Bajos,2017M02,88284.0,country,2017,2,2017-02-01,países bajos
Viajero,Total,Países Bajos,2017M03,106513.0,country,2017,3,2017-03-01,países bajos
Viajero,Total,Países Bajos,2017M04,178103.0,country,2017,4,2017-04-01,países bajos
Viajero,Total,Países Bajos,2017M05,233134.0,country,2017,5,2017-05-01,países bajos
Viajero,Total,Países Bajos,2017M06,202903.0,country,2017,6,2017-06-01,países bajos
Viajero,Total,Países Bajos,2017M07,277784.0,country,2017,7,2017-07-01,países bajos
Viajero,Total,Países Bajos,2017M08,266901.0,country,2017,8,2017-08-01,países bajos
Viajero,Total,Países Bajos,2017M09,241333.0,country,2017,9,2017-09-01,países bajos
Viajero,Total,Países Bajos,2017M10,214466.0,country,2017,10,2017-10-01,países bajos
Viajero,Total,Países Bajos,2017M11,101348.0,country,2017,11,2017-11-01,países bajos
Viajero,Total,Países Bajos,2017M12,84108.0,country,2017,12,2017-12-01,países bajos
Viajero,Total,Países Bajos,2018M01,95581.0,country,2018,1,2018-01-01,países bajos
Viajero,Total,Países Bajos,2018M02,98660.0,country,2018,2,2018-02-01,países bajos
Viajero,Total,Países Bajos,2018M03,121504.0,country,2018,3,2018-03-01,países bajos
Viajero,Total,Países Bajos,2018M04,182299.0,country,2018,4,2018-04-01,países bajos
Viajero,Total,Países Bajos,2018M05,244470.0,country,2018,5,2018-05-01,países bajos
Viajero,Total,Países Bajos,2018M06,222321.0,country,2018,6,2018-06-01,países bajos
Viajero,Total,Países Bajos,2018M07,262349.0,country,2018,7,2018-07-01,países bajos
Viajero,Total,Países Bajos,2018M08,250386.0,country,2018,8,2018-08-01,países bajos
Viajero,Total,Países Bajos,2018M09,238798.0,country,2018,9,2018-09-01,países bajos
Viajero,Total,Países Bajos,2018M10,211642.0,country,2018,10,2018-10-01,países bajos
Viajero,Total,Países Bajos,2018M11,98082.0,country,2018,11,2018-11-01,países bajos
Viajero,Total,Países Bajos,2018M12,77730.0,country,2018,12,2018-12-01,países bajos
Viajero,Total,Países Bajos,2019M01,86916.0,country,2019,1,2019-01-01,países bajos
Viajero,Total,Países Bajos,2019M02,88822.0,country,2019,2,2019-02-01,países bajos
Viajero,Total,Países Bajos,2019M03,125892.0,country,2019,3,2019-03-01,países bajos
Viajero,Total,Países Bajos,2019M04,174611.0,country,2019,4,2019-04-01,países bajos
Viajero,Total,Países Bajos,2019M05,239622.0,country,2019,5,2019-05-01,países bajos
Viajero,Total,Países Bajos,2019M06,211333.0,country,2019,6,2019-06-01,países bajos
Viajero,Total,Países Bajos,2019M07,260113.0,country,2019,7,2019-07-01,países bajos
Viajero,Total,Países Bajos,2019M08,249016.0,country,2019,8,2019-08-01,países bajos
Viajero,Total,Países Bajos,2019M09,228067.0,country,2019,9,2019-09-01,países bajos
Viajero,Total,Países Bajos,2019M10,203226.0,country,2019,10,2019-10-01,países bajos
Viajero,Total,Países Bajos,2019M11,103929.0,country,2019,11,2019-11-01,países bajos
Viajero,Total,Países Bajos,2019M12,85905.0,country,2019,12,2019-12-01,países bajos
Viajero,Total,Polonia,2015M01,24531.0,country,2015,1,2015-01-01,polonia
Viajero,Total,Polonia,2015M02,28359.0,country,2015,2,2015-02-01,polonia
Viajero,Total,Polonia,2015M03,31999.0,country,2015,3,2015-03-01,polonia
Viajero,Total,Polonia,2015M04,45068.0,country,2015,4,2015-04-01,polonia
Viajero,Total,Polonia,2015M05,62463.0,country,2015,5,2015-05-01,polonia
Viajero,Total,Polonia,2015M06,75461.0,country,2015,6,2015-06-01,polonia
Viajero,Total,Polonia,2015M07,97178.0,country,2015,7,2015-07-01,polonia
Viajero,Total,Polonia,2015M08,83005.0,country,2015,8,2015-08-01,polonia
Viajero,Total,Polonia,2015M09,90105.0,country,2015,9,2015-09-01,polonia
Viajero,Total,Polonia,2015M10,64883.0,country,2015,10,2015-10-01,polonia
Viajero,Total,Polonia,2015M11,34135.0,country,2015,11,2015-11-01,polonia
Viajero,Total,Polonia,2015M12,29866.0,country,2015,12,2015-12-01,polonia
Viajero,Total,Polonia,2016M01,34645.0,country,2016,1,2016-01-01,polonia
Viajero,Total,Polonia,2016M02,36083.0,country,2016,2,2016-02-01,polonia
Viajero,Total,Polonia,2016M03,38313.0,country,2016,3,2016-03-01,polonia
Viajero,Total,Polonia,2016M04,56252.0,country,2016,4,2016-04-01,polonia
Viajero,Total,Polonia,2016M05,74094.0,country,2016,5,2016-05-01,polonia
Viajero,Total,Polonia,2016M06,93426.0,country,2016,6,2016-06-01,polonia
Viajero,Total,Polonia,2016M07,111593.0,country,2016,7,2016-07-01,polonia
Viajero,Total,Polonia,2016M08,101598.0,country,2016,8,2016-08-01,polonia
Viajero,Total,Polonia,2016M09,101890.0,country,2016,9,2016-09-01,polonia
Viajero,Total,Polonia,2016M10,66887.0,country,2016,10,2016-10-01,polonia
Viajero,Total,Polonia,2016M11,40585.0,country,2016,11,2016-11-01,polonia
Viajero,Total,Polonia,2016M12,29780.0,country,2016,12,2016-12-01,polonia
Viajero,Total,Polonia,2017M01,36647.0,country,2017,1,2017-01-01,polonia
Viajero,Total,Polonia,2017M02,38572.0,country,2017,2,2017-02-01,polonia
Viajero,Total,Polonia,2017M03,43795.0,country,2017,3,2017-03-01,polonia
Viajero,Total,Polonia,2017M04,57927.0,country,2017,4,2017-04-01,polonia
Viajero,Total,Polonia,2017M05,80681.0,country,2017,5,2017-05-01,polonia
Viajero,Total,Polonia,2017M06,109489.0,country,2017,6,2017-06-01,polonia
Viajero,Total,Polonia,2017M07,123557.0,country,2017,7,2017-07-01,polonia
Viajero,Total,Polonia,2017M08,122657.0,country,2017,8,2017-08-01,polonia
Viajero,Total,Polonia,2017M09,122561.0,country,2017,9,2017-09-01,polonia
Viajero,Total,Polonia,2017M10,75429.0,country,2017,10,2017-10-01,polonia
Viajero,Total,Polonia,2017M11,42655.0,country,2017,11,2017-11-01,polonia
Viajero,Total,Polonia,2017M12,33732.0,country,2017,12,2017-12-01,polonia
Viajero,Total,Polonia,2018M01,41161.0,country,2018,1,2018-01-01,polonia
Viajero,Total,Polonia,2018M02,37124.0,country,2018,2,2018-02-01,polonia
Viajero,Total,Polonia,2018M03,44963.0,country,2018,3,2018-03-01,polonia
Viajero,Total,Polonia,2018M04,66405.0,country,2018,4,2018-04-01,polonia
Viajero,Total,Polonia,2018M05,94217.0,country,2018,5,2018-05-01,polonia
Viajero,Total,Polonia,2018M06,116450.0,country,2018,6,2018-06-01,polonia
Viajero,Total,Polonia,2018M07,120584.0,country,2018,7,2018-07-01,polonia
Viajero,Total,Polonia,2018M08,109047.0,country,2018,8,2018-08-01,polonia
Viajero,Total,Polonia,2018M09,119047.0,country,2018,9,2018-09-01,polonia
Viajero,Total,Polonia,2018M10,70655.0,country,2018,10,2018-10-01,polonia
Viajero,Total,Polonia,2018M11,43077.0,country,2018,11,2018-11-01,polonia
Viajero,Total,Polonia,2018M12,35676.0,country,2018,12,2018-12-01,polonia
Viajero,Total,Polonia,2019M01,42272.0,country,2019,1,2019-01-01,polonia
Viajero,Total,Polonia,2019M02,44017.0,country,2019,2,2019-02-01,polonia
Viajero,Total,Polonia,2019M03,46805.0,country,2019,3,2019-03-01,polonia
Viajero,Total,Polonia,2019M04,69885.0,country,2019,4,2019-04-01,polonia
Viajero,Total,Polonia,2019M05,95732.0,country,2019,5,2019-05-01,polonia
Viajero,Total,Polonia,2019M06,122885.0,country,2019,6,2019-06-01,polonia
Viajero,Total,Polonia,2019M07,118142.0,country,2019,7,2019-07-01,polonia
Viajero,Total,Polonia,2019M08,112721.0,country,2019,8,2019-08-01,polonia
Viajero,Total,Polonia,2019M09,114951.0,country,2019,9,2019-09-01,polonia
Viajero,Total,Polonia,2019M10,76744.0,country,2019,10,2019-10-01,polonia
Viajero,Total,Polonia,2019M11,43865.0,country,2019,11,2019-11-01,polonia
Viajero,Total,Polonia,2019M12,35100.0,country,2019,12,2019-12-01,polonia
Viajero,Total,Portugal,2015M01,52434.0,country,2015,1,2015-01-01,portugal
Viajero,Total,Portugal,2015M02,66749.0,country,2015,2,2015-02-01,portugal
Viajero,Total,Portugal,2015M03,88520.0,country,2015,3,2015-03-01,portugal
Viajero,Total,Portugal,2015M04,83277.0,country,2015,4,2015-04-01,portugal
Viajero,Total,Portugal,2015M05,103382.0,country,2015,5,2015-05-01,portugal
Viajero,Total,Portugal,2015M06,127876.0,country,2015,6,2015-06-01,portugal
Viajero,Total,Portugal,2015M07,140691.0,country,2015,7,2015-07-01,portugal
Viajero,Total,Portugal,2015M08,199909.0,country,2015,8,2015-08-01,portugal
Viajero,Total,Portugal,2015M09,130289.0,country,2015,9,2015-09-01,portugal
Viajero,Total,Portugal,2015M10,88419.0,country,2015,10,2015-10-01,portugal
Viajero,Total,Portugal,2015M11,60115.0,country,2015,11,2015-11-01,portugal
Viajero,Total,Portugal,2015M12,63647.0,country,2015,12,2015-12-01,portugal
Viajero,Total,Portugal,2016M01,54740.0,country,2016,1,2016-01-01,portugal
Viajero,Total,Portugal,2016M02,73878.0,country,2016,2,2016-02-01,portugal
Viajero,Total,Portugal,2016M03,109129.0,country,2016,3,2016-03-01,portugal
Viajero,Total,Portugal,2016M04,93959.0,country,2016,4,2016-04-01,portugal
Viajero,Total,Portugal,2016M05,101184.0,country,2016,5,2016-05-01,portugal
Viajero,Total,Portugal,2016M06,152025.0,country,2016,6,2016-06-01,portugal
Viajero,Total,Portugal,2016M07,153320.0,country,2016,7,2016-07-01,portugal
Viajero,Total,Portugal,2016M08,215951.0,country,2016,8,2016-08-01,portugal
Viajero,Total,Portugal,2016M09,147493.0,country,2016,9,2016-09-01,portugal
Viajero,Total,Portugal,2016M10,107531.0,country,2016,10,2016-10-01,portugal
Viajero,Total,Portugal,2016M11,64804.0,country,2016,11,2016-11-01,portugal
Viajero,Total,Portugal,2016M12,73122.0,country,2016,12,2016-12-01,portugal
Viajero,Total,Portugal,2017M01,57522.0,country,2017,1,2017-01-01,portugal
Viajero,Total,Portugal,2017M02,76545.0,country,2017,2,2017-02-01,portugal
Viajero,Total,Portugal,2017M03,74457.0,country,2017,3,2017-03-01,portugal
Viajero,Total,Portugal,2017M04,149355.0,country,2017,4,2017-04-01,portugal
Viajero,Total,Portugal,2017M05,102115.0,country,2017,5,2017-05-01,portugal
Viajero,Total,Portugal,2017M06,145906.0,country,2017,6,2017-06-01,portugal
Viajero,Total,Portugal,2017M07,177063.0,country,2017,7,2017-07-01,portugal
Viajero,Total,Portugal,2017M08,231873.0,country,2017,8,2017-08-01,portugal
Viajero,Total,Portugal,2017M09,153893.0,country,2017,9,2017-09-01,portugal
Viajero,Total,Portugal,2017M10,106876.0,country,2017,10,2017-10-01,portugal
Viajero,Total,Portugal,2017M11,70342.0,country,2017,11,2017-11-01,portugal
Viajero,Total,Portugal,2017M12,77521.0,country,2017,12,2017-12-01,portugal
Viajero,Total,Portugal,2018M01,67085.0,country,2018,1,2018-01-01,portugal
Viajero,Total,Portugal,2018M02,80642.0,country,2018,2,2018-02-01,portugal
Viajero,Total,Portugal,2018M03,93529.0,country,2018,3,2018-03-01,portugal
Viajero,Total,Portugal,2018M04,129976.0,country,2018,4,2018-04-01,portugal
Viajero,Total,Portugal,2018M05,105772.0,country,2018,5,2018-05-01,portugal
Viajero,Total,Portugal,2018M06,147313.0,country,2018,6,2018-06-01,portugal
Viajero,Total,Portugal,2018M07,178132.0,country,2018,7,2018-07-01,portugal
Viajero,Total,Portugal,2018M08,247691.0,country,2018,8,2018-08-01,portugal
Viajero,Total,Portugal,2018M09,169020.0,country,2018,9,2018-09-01,portugal
Viajero,Total,Portugal,2018M10,128196.0,country,2018,10,2018-10-01,portugal
Viajero,Total,Portugal,2018M11,80070.0,country,2018,11,2018-11-01,portugal
Viajero,Total,Portugal,2018M12,87374.0,country,2018,12,2018-12-01,portugal
Viajero,Total,Portugal,2019M01,70296.0,country,2019,1,2019-01-01,portugal
Viajero,Total,Portugal,2019M02,75517.0,country,2019,2,2019-02-01,portugal
Viajero,Total,Portugal,2019M03,106412.0,country,2019,3,2019-03-01,portugal
Viajero,Total,Portugal,2019M04,166936.0,country,2019,4,2019-04-01,portugal
Viajero,Total,Portugal,2019M05,121252.0,country,2019,5,2019-05-01,portugal
Viajero,Total,Portugal,2019M06,188112.0,country,2019,6,2019-06-01,portugal
Viajero,Total,Portugal,2019M07,188770.0,country,2019,7,2019-07-01,portugal
Viajero,Total,Portugal,2019M08,265230.0,country,2019,8,2019-08-01,portugal
Viajero,Total,Portugal,2019M09,171930.0,country,2019,9,2019-09-01,portugal
Viajero,Total,Portugal,2019M10,119720.0,country,2019,10,2019-10-01,portugal
Viajero,Total,Portugal,2019M11,88994.0,country,2019,11,2019-11-01,portugal
Viajero,Total,Portugal,2019M12,85011.0,country,2019,12,2019-12-01,portugal
Viajero,Total,República Checa,2015M01,6901.0,country,2015,1,2015-01-01,república checa
Viajero,Total,República Checa,2015M02,7584.0,country,2015,2,2015-02-01,república checa
Viajero,Total,República Checa,2015M03,8856.0,country,2015,3,2015-03-01,república checa
Viajero,Total,República Checa,2015M04,11824.0,country,2015,4,2015-04-01,república checa
Viajero,Total,República Checa,2015M05,15157.0,country,2015,5,2015-05-01,república checa
Viajero,Total,República Checa,2015M06,29420.0,country,2015,6,2015-06-01,república checa
Viajero,Total,República Checa,2015M07,31964.0,country,2015,7,2015-07-01,república checa
Viajero,Total,República Checa,2015M08,25441.0,country,2015,8,2015-08-01,república checa
Viajero,Total,República Checa,2015M09,34902.0,country,2015,9,2015-09-01,república checa
Viajero,Total,República Checa,2015M10,18967.0,country,2015,10,2015-10-01,república checa
Viajero,Total,República Checa,2015M11,8638.0,country,2015,11,2015-11-01,república checa
Viajero,Total,República Checa,2015M12,5586.0,country,2015,12,2015-12-01,república checa
Viajero,Total,República Checa,2016M01,6280.0,country,2016,1,2016-01-01,república checa
Viajero,Total,República Checa,2016M02,5943.0,country,2016,2,2016-02-01,república checa
Viajero,Total,República Checa,2016M03,10343.0,country,2016,3,2016-03-01,república checa
Viajero,Total,República Checa,2016M04,11465.0,country,2016,4,2016-04-01,república checa
Viajero,Total,República Checa,2016M05,19178.0,country,2016,5,2016-05-01,república checa
Viajero,Total,República Checa,2016M06,34737.0,country,2016,6,2016-06-01,república checa
Viajero,Total,República Checa,2016M07,40693.0,country,2016,7,2016-07-01,república checa
Viajero,Total,República Checa,2016M08,37185.0,country,2016,8,2016-08-01,república checa
Viajero,Total,República Checa,2016M09,35640.0,country,2016,9,2016-09-01,república checa
Viajero,Total,República Checa,2016M10,17169.0,country,2016,10,2016-10-01,república checa
Viajero,Total,República Checa,2016M11,9230.0,country,2016,11,2016-11-01,república checa
Viajero,Total,República Checa,2016M12,6230.0,country,2016,12,2016-12-01,república checa
Viajero,Total,República Checa,2017M01,7061.0,country,2017,1,2017-01-01,república checa
Viajero,Total,República Checa,2017M02,8270.0,country,2017,2,2017-02-01,república checa
Viajero,Total,República Checa,2017M03,10411.0,country,2017,3,2017-03-01,república checa
Viajero,Total,República Checa,2017M04,14931.0,country,2017,4,2017-04-01,república checa
Viajero,Total,República Checa,2017M05,22755.0,country,2017,5,2017-05-01,república checa
Viajero,Total,República Checa,2017M06,38312.0,country,2017,6,2017-06-01,república checa
Viajero,Total,República Checa,2017M07,39755.0,country,2017,7,2017-07-01,república checa
Viajero,Total,República Checa,2017M08,37082.0,country,2017,8,2017-08-01,república checa
Viajero,Total,República Checa,2017M09,47546.0,country,2017,9,2017-09-01,república checa
Viajero,Total,República Checa,2017M10,16796.0,country,2017,10,2017-10-01,república checa
Viajero,Total,República Checa,2017M11,9718.0,country,2017,11,2017-11-01,república checa
Viajero,Total,República Checa,2017M12,6259.0,country,2017,12,2017-12-01,república checa
Viajero,Total,República Checa,2018M01,6861.0,country,2018,1,2018-01-01,república checa
Viajero,Total,República Checa,2018M02,8558.0,country,2018,2,2018-02-01,república checa
Viajero,Total,República Checa,2018M03,10668.0,country,2018,3,2018-03-01,república checa
Viajero,Total,República Checa,2018M04,14331.0,country,2018,4,2018-04-01,república checa
Viajero,Total,República Checa,2018M05,22212.0,country,2018,5,2018-05-01,república checa
Viajero,Total,República Checa,2018M06,38016.0,country,2018,6,2018-06-01,república checa
Viajero,Total,República Checa,2018M07,44645.0,country,2018,7,2018-07-01,república checa
Viajero,Total,República Checa,2018M08,37407.0,country,2018,8,2018-08-01,república checa
Viajero,Total,República Checa,2018M09,42867.0,country,2018,9,2018-09-01,república checa
Viajero,Total,República Checa,2018M10,23589.0,country,2018,10,2018-10-01,república checa
Viajero,Total,República Checa,2018M11,12336.0,country,2018,11,2018-11-01,república checa
Viajero,Total,República Checa,2018M12,8582.0,country,2018,12,2018-12-01,república checa
Viajero,Total,República Checa,2019M01,11539.0,country,2019,1,2019-01-01,república checa
Viajero,Total,República Checa,2019M02,10209.0,country,2019,2,2019-02-01,república checa
Viajero,Total,República Checa,2019M03,12775.0,country,2019,3,2019-03-01,república checa
Viajero,Total,República Checa,2019M04,18122.0,country,2019,4,2019-04-01,república checa
Viajero,Total,República Checa,2019M05,28403.0,country,2019,5,2019-05-01,república checa
Viajero,Total,República Checa,2019M06,39179.0,country,2019,6,2019-06-01,república checa
Viajero,Total,República Checa,2019M07,43112.0,country,2019,7,2019-07-01,república checa
Viajero,Total,República Checa,2019M08,42432.0,country,2019,8,2019-08-01,república checa
Viajero,Total,República Checa,2019M09,40357.0,country,2019,9,2019-09-01,república checa
Viajero,Total,República Checa,2019M10,24370.0,country,2019,10,2019-10-01,república checa
Viajero,Total,República Checa,2019M11,16356.0,country,2019,11,2019-11-01,república checa
Viajero,Total,República Checa,2019M12,9085.0,country,2019,12,2019-12-01,república checa
Viajero,Total,Suecia,2015M01,62410.0,country,2015,1,2015-01-01,suecia
Viajero,Total,Suecia,2015M02,63558.0,country,2015,2,2015-02-01,suecia
Viajero,Total,Suecia,2015M03,77450.0,country,2015,3,2015-03-01,suecia
Viajero,Total,Suecia,2015M04,77334.0,country,2015,4,2015-04-01,suecia
Viajero,Total,Suecia,2015M05,73187.0,country,2015,5,2015-05-01,suecia
Viajero,Total,Suecia,2015M06,69743.0,country,2015,6,2015-06-01,suecia
Viajero,Total,Suecia,2015M07,91947.0,country,2015,7,2015-07-01,suecia
Viajero,Total,Suecia,2015M08,66225.0,country,2015,8,2015-08-01,suecia
Viajero,Total,Suecia,2015M09,78768.0,country,2015,9,2015-09-01,suecia
Viajero,Total,Suecia,2015M10,94148.0,country,2015,10,2015-10-01,suecia
Viajero,Total,Suecia,2015M11,78140.0,country,2015,11,2015-11-01,suecia
Viajero,Total,Suecia,2015M12,70733.0,country,2015,12,2015-12-01,suecia
Viajero,Total,Suecia,2016M01,78989.0,country,2016,1,2016-01-01,suecia
Viajero,Total,Suecia,2016M02,77440.0,country,2016,2,2016-02-01,suecia
Viajero,Total,Suecia,2016M03,89607.0,country,2016,3,2016-03-01,suecia
Viajero,Total,Suecia,2016M04,82457.0,country,2016,4,2016-04-01,suecia
Viajero,Total,Suecia,2016M05,86252.0,country,2016,5,2016-05-01,suecia
Viajero,Total,Suecia,2016M06,85437.0,country,2016,6,2016-06-01,suecia
Viajero,Total,Suecia,2016M07,112495.0,country,2016,7,2016-07-01,suecia
Viajero,Total,Suecia,2016M08,79818.0,country,2016,8,2016-08-01,suecia
Viajero,Total,Suecia,2016M09,97230.0,country,2016,9,2016-09-01,suecia
Viajero,Total,Suecia,2016M10,108095.0,country,2016,10,2016-10-01,suecia
Viajero,Total,Suecia,2016M11,86787.0,country,2016,11,2016-11-01,suecia
Viajero,Total,Suecia,2016M12,69386.0,country,2016,12,2016-12-01,suecia
Viajero,Total,Suecia,2017M01,77178.0,country,2017,1,2017-01-01,suecia
Viajero,Total,Suecia,2017M02,77006.0,country,2017,2,2017-02-01,suecia
Viajero,Total,Suecia,2017M03,94391.0,country,2017,3,2017-03-01,suecia
Viajero,Total,Suecia,2017M04,98159.0,country,2017,4,2017-04-01,suecia
Viajero,Total,Suecia,2017M05,111100.0,country,2017,5,2017-05-01,suecia
Viajero,Total,Suecia,2017M06,113710.0,country,2017,6,2017-06-01,suecia
Viajero,Total,Suecia,2017M07,116622.0,country,2017,7,2017-07-01,suecia
Viajero,Total,Suecia,2017M08,102528.0,country,2017,8,2017-08-01,suecia
Viajero,Total,Suecia,2017M09,108829.0,country,2017,9,2017-09-01,suecia
Viajero,Total,Suecia,2017M10,114133.0,country,2017,10,2017-10-01,suecia
Viajero,Total,Suecia,2017M11,89015.0,country,2017,11,2017-11-01,suecia
Viajero,Total,Suecia,2017M12,74662.0,country,2017,12,2017-12-01,suecia
Viajero,Total,Suecia,2018M01,80080.0,country,2018,1,2018-01-01,suecia
Viajero,Total,Suecia,2018M02,75900.0,country,2018,2,2018-02-01,suecia
Viajero,Total,Suecia,2018M03,97448.0,country,2018,3,2018-03-01,suecia
Viajero,Total,Suecia,2018M04,98074.0,country,2018,4,2018-04-01,suecia
Viajero,Total,Suecia,2018M05,117724.0,country,2018,5,2018-05-01,suecia
Viajero,Total,Suecia,2018M06,118115.0,country,2018,6,2018-06-01,suecia
Viajero,Total,Suecia,2018M07,132364.0,country,2018,7,2018-07-01,suecia
Viajero,Total,Suecia,2018M08,96404.0,country,2018,8,2018-08-01,suecia
Viajero,Total,Suecia,2018M09,114900.0,country,2018,9,2018-09-01,suecia
Viajero,Total,Suecia,2018M10,116694.0,country,2018,10,2018-10-01,suecia
Viajero,Total,Suecia,2018M11,82510.0,country,2018,11,2018-11-01,suecia
Viajero,Total,Suecia,2018M12,70421.0,country,2018,12,2018-12-01,suecia
Viajero,Total,Suecia,2019M01,69459.0,country,2019,1,2019-01-01,suecia
Viajero,Total,Suecia,2019M02,68048.0,country,2019,2,2019-02-01,suecia
Viajero,Total,Suecia,2019M03,87359.0,country,2019,3,2019-03-01,suecia
Viajero,Total,Suecia,2019M04,92964.0,country,2019,4,2019-04-01,suecia
Viajero,Total,Suecia,2019M05,106748.0,country,2019,5,2019-05-01,suecia
Viajero,Total,Suecia,2019M06,110404.0,country,2019,6,2019-06-01,suecia
Viajero,Total,Suecia,2019M07,119219.0,country,2019,7,2019-07-01,suecia
Viajero,Total,Suecia,2019M08,89722.0,country,2019,8,2019-08-01,suecia
Viajero,Total,Suecia,2019M09,107777.0,country,2019,9,2019-09-01,suecia
Viajero,Total,Suecia,2019M10,112530.0,country,2019,10,2019-10-01,suecia
Viajero,Total,Suecia,2019M11,79045.0,country,2019,11,2019-11-01,suecia
Viajero,Total,Suecia,2019M12,66672.0,country,2019,12,2019-12-01,suecia
Viajero,Total,Resto de la U.E.,2015M01,35490.0,country,2015,1,2015-01-01,resto de la u.e.
Viajero,Total,Resto de la U.E.,2015M02,36710.0,country,2015,2,2015-02-01,resto de la u.e.
Viajero,Total,Resto de la U.E.,2015M03,52833.0,country,2015,3,2015-03-01,resto de la u.e.
Viajero,Total,Resto de la U.E.,2015M04,72020.0,country,2015,4,2015-04-01,resto de la u.e.
Viajero,Total,Resto de la U.E.,2015M05,76335.0,country,2015,5,2015-05-01,resto de la u.e.
Viajero,Total,Resto de la U.E.,2015M06,90505.0,country,2015,6,2015-06-01,resto de la u.e.
Viajero,Total,Resto de la U.E.,2015M07,92783.0,country,2015,7,2015-07-01,resto de la u.e.
Viajero,Total,Resto de la U.E.,2015M08,93048.0,country,2015,8,2015-08-01,resto de la u.e.
Viajero,Total,Resto de la U.E.,2015M09,96479.0,country,2015,9,2015-09-01,resto de la u.e.
Viajero,Total,Resto de la U.E.,2015M10,83156.0,country,2015,10,2015-10-01,resto de la u.e.
Viajero,Total,Resto de la U.E.,2015M11,54173.0,country,2015,11,2015-11-01,resto de la u.e.
Viajero,Total,Resto de la U.E.,2015M12,44013.0,country,2015,12,2015-12-01,resto de la u.e.
Viajero,Total,Resto de la U.E.,2016M01,41688.0,country,2016,1,2016-01-01,resto de la u.e.
Viajero,Total,Resto de la U.E.,2016M02,47304.0,country,2016,2,2016-02-01,resto de la u.e.
Viajero,Total,Resto de la U.E.,2016M03,60419.0,country,2016,3,2016-03-01,resto de la u.e.
Viajero,Total,Resto de la U.E.,2016M04,83527.0,country,2016,4,2016-04-01,resto de la u.e.
Viajero,Total,Resto de la U.E.,2016M05,90440.0,country,2016,5,2016-05-01,resto de la u.e.
Viajero,Total,Resto de la U.E.,2016M06,96514.0,country,2016,6,2016-06-01,resto de la u.e.
Viajero,Total,Resto de la U.E.,2016M07,110795.0,country,2016,7,2016-07-01,resto de la u.e.
Viajero,Total,Resto de la U.E.,2016M08,114003.0,country,2016,8,2016-08-01,resto de la u.e.
Viajero,Total,Resto de la U.E.,2016M09,120305.0,country,2016,9,2016-09-01,resto de la u.e.
Viajero,Total,Resto de la U.E.,2016M10,95301.0,country,2016,10,2016-10-01,resto de la u.e.
Viajero,Total,Resto de la U.E.,2016M11,60201.0,country,2016,11,2016-11-01,resto de la u.e.
Viajero,Total,Resto de la U.E.,2016M12,50483.0,country,2016,12,2016-12-01,resto de la u.e.
Viajero,Total,Resto de la U.E.,2017M01,51656.0,country,2017,1,2017-01-01,resto de la u.e.
Viajero,Total,Resto de la U.E.,2017M02,55714.0,country,2017,2,2017-02-01,resto de la u.e.
Viajero,Total,Resto de la U.E.,2017M03,72352.0,country,2017,3,2017-03-01,resto de la u.e.
Viajero,Total,Resto de la U.E.,2017M04,96958.0,country,2017,4,2017-04-01,resto de la u.e.
Viajero,Total,Resto de la U.E.,2017M05,105154.0,country,2017,5,2017-05-01,resto de la u.e.
Viajero,Total,Resto de la U.E.,2017M06,119947.0,country,2017,6,2017-06-01,resto de la u.e.
Viajero,Total,Resto de la U.E.,2017M07,124870.0,country,2017,7,2017-07-01,resto de la u.e.
Viajero,Total,Resto de la U.E.,2017M08,140653.0,country,2017,8,2017-08-01,resto de la u.e.
Viajero,Total,Resto de la U.E.,2017M09,133477.0,country,2017,9,2017-09-01,resto de la u.e.
Viajero,Total,Resto de la U.E.,2017M10,111137.0,country,2017,10,2017-10-01,resto de la u.e.
Viajero,Total,Resto de la U.E.,2017M11,66034.0,country,2017,11,2017-11-01,resto de la u.e.
Viajero,Total,Resto de la U.E.,2017M12,54308.0,country,2017,12,2017-12-01,resto de la u.e.
Viajero,Total,Resto de la U.E.,2018M01,54971.0,country,2018,1,2018-01-01,resto de la u.e.
Viajero,Total,Resto de la U.E.,2018M02,60206.0,country,2018,2,2018-02-01,resto de la u.e.
Viajero,Total,Resto de la U.E.,2018M03,78238.0,country,2018,3,2018-03-01,resto de la u.e.
Viajero,Total,Resto de la U.E.,2018M04,94692.0,country,2018,4,2018-04-01,resto de la u.e.
Viajero,Total,Resto de la U.E.,2018M05,107013.0,country,2018,5,2018-05-01,resto de la u.e.
Viajero,Total,Resto de la U.E.,2018M06,125755.0,country,2018,6,2018-06-01,resto de la u.e.
Viajero,Total,Resto de la U.E.,2018M07,135994.0,country,2018,7,2018-07-01,resto de la u.e.
Viajero,Total,Resto de la U.E.,2018M08,134976.0,country,2018,8,2018-08-01,resto de la u.e.
Viajero,Total,Resto de la U.E.,2018M09,137830.0,country,2018,9,2018-09-01,resto de la u.e.
Viajero,Total,Resto de la U.E.,2018M10,123835.0,country,2018,10,2018-10-01,resto de la u.e.
Viajero,Total,Resto de la U.E.,2018M11,71763.0,country,2018,11,2018-11-01,resto de la u.e.
Viajero,Total,Resto de la U.E.,2018M12,64965.0,country,2018,12,2018-12-01,resto de la u.e.
Viajero,Total,Resto de la U.E.,2019M01,65444.0,country,2019,1,2019-01-01,resto de la u.e.
Viajero,Total,Resto de la U.E.,2019M02,70262.0,country,2019,2,2019-02-01,resto de la u.e.
Viajero,Total,Resto de la U.E.,2019M03,88547.0,country,2019,3,2019-03-01,resto de la u.e.
Viajero,Total,Resto de la U.E.,2019M04,114744.0,country,2019,4,2019-04-01,resto de la u.e.
Viajero,Total,Resto de la U.E.,2019M05,123738.0,country,2019,5,2019-05-01,resto de la u.e.
Viajero,Total,Resto de la U.E.,2019M06,138950.0,country,2019,6,2019-06-01,resto de la u.e.
Viajero,Total,Resto de la U.E.,2019M07,142265.0,country,2019,7,2019-07-01,resto de la u.e.
Viajero,Total,Resto de la U.E.,2019M08,156760.0,country,2019,8,2019-08-01,resto de la u.e.
Viajero,Total,Resto de la U.E.,2019M09,139181.0,country,2019,9,2019-09-01,resto de la u.e.
Viajero,Total,Resto de la U.E.,2019M10,127706.0,country,2019,10,2019-10-01,resto de la u.e.
Viajero,Total,Resto de la U.E.,2019M11,78571.0,country,2019,11,2019-11-01,resto de la u.e.
Viajero,Total,Resto de la U.E.,2019M12,70797.0,country,2019,12,2019-12-01,resto de la u.e.
Viajero,Total,Noruega,2015M01,33907.0,country,2015,1,2015-01-01,noruega
Viajero,Total,Noruega,2015M02,36236.0,country,2015,2,2015-02-01,noruega
Viajero,Total,Noruega,2015M03,44566.0,country,2015,3,2015-03-01,noruega
Viajero,Total,Noruega,2015M04,43878.0,country,2015,4,2015-04-01,noruega
Viajero,Total,Noruega,2015M05,41610.0,country,2015,5,2015-05-01,noruega
Viajero,Total,Noruega,2015M06,52450.0,country,2015,6,2015-06-01,noruega
Viajero,Total,Noruega,2015M07,76418.0,country,2015,7,2015-07-01,noruega
Viajero,Total,Noruega,2015M08,40916.0,country,2015,8,2015-08-01,noruega
Viajero,Total,Noruega,2015M09,55964.0,country,2015,9,2015-09-01,noruega
Viajero,Total,Noruega,2015M10,60280.0,country,2015,10,2015-10-01,noruega
Viajero,Total,Noruega,2015M11,45952.0,country,2015,11,2015-11-01,noruega
Viajero,Total,Noruega,2015M12,30573.0,country,2015,12,2015-12-01,noruega
Viajero,Total,Noruega,2016M01,31685.0,country,2016,1,2016-01-01,noruega
Viajero,Total,Noruega,2016M02,41805.0,country,2016,2,2016-02-01,noruega
Viajero,Total,Noruega,2016M03,44691.0,country,2016,3,2016-03-01,noruega
Viajero,Total,Noruega,2016M04,46263.0,country,2016,4,2016-04-01,noruega
Viajero,Total,Noruega,2016M05,45567.0,country,2016,5,2016-05-01,noruega
Viajero,Total,Noruega,2016M06,57444.0,country,2016,6,2016-06-01,noruega
Viajero,Total,Noruega,2016M07,82511.0,country,2016,7,2016-07-01,noruega
Viajero,Total,Noruega,2016M08,42454.0,country,2016,8,2016-08-01,noruega
Viajero,Total,Noruega,2016M09,55700.0,country,2016,9,2016-09-01,noruega
Viajero,Total,Noruega,2016M10,64058.0,country,2016,10,2016-10-01,noruega
Viajero,Total,Noruega,2016M11,46248.0,country,2016,11,2016-11-01,noruega
Viajero,Total,Noruega,2016M12,30766.0,country,2016,12,2016-12-01,noruega
Viajero,Total,Noruega,2017M01,33817.0,country,2017,1,2017-01-01,noruega
Viajero,Total,Noruega,2017M02,42250.0,country,2017,2,2017-02-01,noruega
Viajero,Total,Noruega,2017M03,43301.0,country,2017,3,2017-03-01,noruega
Viajero,Total,Noruega,2017M04,54282.0,country,2017,4,2017-04-01,noruega
Viajero,Total,Noruega,2017M05,46597.0,country,2017,5,2017-05-01,noruega
Viajero,Total,Noruega,2017M06,65146.0,country,2017,6,2017-06-01,noruega
Viajero,Total,Noruega,2017M07,88195.0,country,2017,7,2017-07-01,noruega
Viajero,Total,Noruega,2017M08,42291.0,country,2017,8,2017-08-01,noruega
Viajero,Total,Noruega,2017M09,68615.0,country,2017,9,2017-09-01,noruega
Viajero,Total,Noruega,2017M10,65631.0,country,2017,10,2017-10-01,noruega
Viajero,Total,Noruega,2017M11,43615.0,country,2017,11,2017-11-01,noruega
Viajero,Total,Noruega,2017M12,33120.0,country,2017,12,2017-12-01,noruega
Viajero,Total,Noruega,2018M01,35819.0,country,2018,1,2018-01-01,noruega
Viajero,Total,Noruega,2018M02,46877.0,country,2018,2,2018-02-01,noruega
Viajero,Total,Noruega,2018M03,52611.0,country,2018,3,2018-03-01,noruega
Viajero,Total,Noruega,2018M04,48510.0,country,2018,4,2018-04-01,noruega
Viajero,Total,Noruega,2018M05,53200.0,country,2018,5,2018-05-01,noruega
Viajero,Total,Noruega,2018M06,62192.0,country,2018,6,2018-06-01,noruega
Viajero,Total,Noruega,2018M07,96237.0,country,2018,7,2018-07-01,noruega
Viajero,Total,Noruega,2018M08,50290.0,country,2018,8,2018-08-01,noruega
Viajero,Total,Noruega,2018M09,66881.0,country,2018,9,2018-09-01,noruega
Viajero,Total,Noruega,2018M10,64774.0,country,2018,10,2018-10-01,noruega
Viajero,Total,Noruega,2018M11,43195.0,country,2018,11,2018-11-01,noruega
Viajero,Total,Noruega,2018M12,32406.0,country,2018,12,2018-12-01,noruega
Viajero,Total,Noruega,2019M01,34868.0,country,2019,1,2019-01-01,noruega
Viajero,Total,Noruega,2019M02,42549.0,country,2019,2,2019-02-01,noruega
Viajero,Total,Noruega,2019M03,49303.0,country,2019,3,2019-03-01,noruega
Viajero,Total,Noruega,2019M04,52038.0,country,2019,4,2019-04-01,noruega
Viajero,Total,Noruega,2019M05,54047.0,country,2019,5,2019-05-01,noruega
Viajero,Total,Noruega,2019M06,66025.0,country,2019,6,2019-06-01,noruega
Viajero,Total,Noruega,2019M07,89161.0,country,2019,7,2019-07-01,noruega
Viajero,Total,Noruega,2019M08,45991.0,country,2019,8,2019-08-01,noruega
Viajero,Total,Noruega,2019M09,62170.0,country,2019,9,2019-09-01,noruega
Viajero,Total,Noruega,2019M10,62176.0,country,2019,10,2019-10-01,noruega
Viajero,Total,Noruega,2019M11,44834.0,country,2019,11,2019-11-01,noruega
Viajero,Total,Noruega,2019M12,30895.0,country,2019,12,2019-12-01,noruega
Viajero,Total,Reino Unido,2015M01,290382.0,country,2015,1,2015-01-01,reino unido
Viajero,Total,Reino Unido,2015M02,355966.0,country,2015,2,2015-02-01,reino unido
Viajero,Total,Reino Unido,2015M03,474373.0,country,2015,3,2015-03-01,reino unido
Viajero,Total,Reino Unido,2015M04,608957.0,country,2015,4,2015-04-01,reino unido
Viajero,Total,Reino Unido,2015M05,1054614.0,country,2015,5,2015-05-01,reino unido
Viajero,Total,Reino Unido,2015M06,1070671.0,country,2015,6,2015-06-01,reino unido
Viajero,Total,Reino Unido,2015M07,1118340.0,country,2015,7,2015-07-01,reino unido
Viajero,Total,Reino Unido,2015M08,1139928.0,country,2015,8,2015-08-01,reino unido
Viajero,Total,Reino Unido,2015M09,1138642.0,country,2015,9,2015-09-01,reino unido
Viajero,Total,Reino Unido,2015M10,933944.0,country,2015,10,2015-10-01,reino unido
Viajero,Total,Reino Unido,2015M11,435704.0,country,2015,11,2015-11-01,reino unido
Viajero,Total,Reino Unido,2015M12,371415.0,country,2015,12,2015-12-01,reino unido
Viajero,Total,Reino Unido,2016M01,351868.0,country,2016,1,2016-01-01,reino unido
Viajero,Total,Reino Unido,2016M02,434164.0,country,2016,2,2016-02-01,reino unido
Viajero,Total,Reino Unido,2016M03,578697.0,country,2016,3,2016-03-01,reino unido
Viajero,Total,Reino Unido,2016M04,713561.0,country,2016,4,2016-04-01,reino unido
Viajero,Total,Reino Unido,2016M05,1153630.0,country,2016,5,2016-05-01,reino unido
Viajero,Total,Reino Unido,2016M06,1265671.0,country,2016,6,2016-06-01,reino unido
Viajero,Total,Reino Unido,2016M07,1294131.0,country,2016,7,2016-07-01,reino unido
Viajero,Total,Reino Unido,2016M08,1246491.0,country,2016,8,2016-08-01,reino unido
Viajero,Total,Reino Unido,2016M09,1260674.0,country,2016,9,2016-09-01,reino unido
Viajero,Total,Reino Unido,2016M10,941356.0,country,2016,10,2016-10-01,reino unido
Viajero,Total,Reino Unido,2016M11,456414.0,country,2016,11,2016-11-01,reino unido
Viajero,Total,Reino Unido,2016M12,395915.0,country,2016,12,2016-12-01,reino unido
Viajero,Total,Reino Unido,2017M01,383059.0,country,2017,1,2017-01-01,reino unido
Viajero,Total,Reino Unido,2017M02,451677.0,country,2017,2,2017-02-01,reino unido
Viajero,Total,Reino Unido,2017M03,594090.0,country,2017,3,2017-03-01,reino unido
Viajero,Total,Reino Unido,2017M04,756286.0,country,2017,4,2017-04-01,reino unido
Viajero,Total,Reino Unido,2017M05,1200028.0,country,2017,5,2017-05-01,reino unido
Viajero,Total,Reino Unido,2017M06,1272762.0,country,2017,6,2017-06-01,reino unido
Viajero,Total,Reino Unido,2017M07,1273037.0,country,2017,7,2017-07-01,reino unido
Viajero,Total,Reino Unido,2017M08,1215335.0,country,2017,8,2017-08-01,reino unido
Viajero,Total,Reino Unido,2017M09,1306611.0,country,2017,9,2017-09-01,reino unido
Viajero,Total,Reino Unido,2017M10,949974.0,country,2017,10,2017-10-01,reino unido
Viajero,Total,Reino Unido,2017M11,449890.0,country,2017,11,2017-11-01,reino unido
Viajero,Total,Reino Unido,2017M12,393091.0,country,2017,12,2017-12-01,reino unido
Viajero,Total,Reino Unido,2018M01,381732.0,country,2018,1,2018-01-01,reino unido
Viajero,Total,Reino Unido,2018M02,445357.0,country,2018,2,2018-02-01,reino unido
Viajero,Total,Reino Unido,2018M03,601751.0,country,2018,3,2018-03-01,reino unido
Viajero,Total,Reino Unido,2018M04,724972.0,country,2018,4,2018-04-01,reino unido
Viajero,Total,Reino Unido,2018M05,1200472.0,country,2018,5,2018-05-01,reino unido
Viajero,Total,Reino Unido,2018M06,1297071.0,country,2018,6,2018-06-01,reino unido
Viajero,Total,Reino Unido,2018M07,1203558.0,country,2018,7,2018-07-01,reino unido
Viajero,Total,Reino Unido,2018M08,1159129.0,country,2018,8,2018-08-01,reino unido
Viajero,Total,Reino Unido,2018M09,1273842.0,country,2018,9,2018-09-01,reino unido
Viajero,Total,Reino Unido,2018M10,997642.0,country,2018,10,2018-10-01,reino unido
Viajero,Total,Reino Unido,2018M11,481441.0,country,2018,11,2018-11-01,reino unido
Viajero,Total,Reino Unido,2018M12,421436.0,country,2018,12,2018-12-01,reino unido
Viajero,Total,Reino Unido,2019M01,391932.0,country,2019,1,2019-01-01,reino unido
Viajero,Total,Reino Unido,2019M02,462912.0,country,2019,2,2019-02-01,reino unido
Viajero,Total,Reino Unido,2019M03,589731.0,country,2019,3,2019-03-01,reino unido
Viajero,Total,Reino Unido,2019M04,761270.0,country,2019,4,2019-04-01,reino unido
Viajero,Total,Reino Unido,2019M05,1233243.0,country,2019,5,2019-05-01,reino unido
Viajero,Total,Reino Unido,2019M06,1277761.0,country,2019,6,2019-06-01,reino unido
Viajero,Total,Reino Unido,2019M07,1253705.0,country,2019,7,2019-07-01,reino unido
Viajero,Total,Reino Unido,2019M08,1213674.0,country,2019,8,2019-08-01,reino unido
Viajero,Total,Reino Unido,2019M09,1288851.0,country,2019,9,2019-09-01,reino unido
Viajero,Total,Reino Unido,2019M10,999824.0,country,2019,10,2019-10-01,reino unido
Viajero,Total,Reino Unido,2019M11,472378.0,country,2019,11,2019-11-01,reino unido
Viajero,Total,Reino Unido,2019M12,406404.0,country,2019,12,2019-12-01,reino unido
Viajero,Total,Rusia,2015M01,43102.0,country,2015,1,2015-01-01,rusia
Viajero,Total,Rusia,2015M02,18798.0,country,2015,2,2015-02-01,rusia
Viajero,Total,Rusia,2015M03,31736.0,country,2015,3,2015-03-01,rusia
Viajero,Total,Rusia,2015M04,37875.0,country,2015,4,2015-04-01,rusia
Viajero,Total,Rusia,2015M05,65958.0,country,2015,5,2015-05-01,rusia
Viajero,Total,Rusia,2015M06,102006.0,country,2015,6,2015-06-01,rusia
Viajero,Total,Rusia,2015M07,116401.0,country,2015,7,2015-07-01,rusia
Viajero,Total,Rusia,2015M08,123118.0,country,2015,8,2015-08-01,rusia
Viajero,Total,Rusia,2015M09,96893.0,country,2015,9,2015-09-01,rusia
Viajero,Total,Rusia,2015M10,52109.0,country,2015,10,2015-10-01,rusia
Viajero,Total,Rusia,2015M11,35014.0,country,2015,11,2015-11-01,rusia
Viajero,Total,Rusia,2015M12,30820.0,country,2015,12,2015-12-01,rusia
Viajero,Total,Rusia,2016M01,37361.0,country,2016,1,2016-01-01,rusia
Viajero,Total,Rusia,2016M02,23271.0,country,2016,2,2016-02-01,rusia
Viajero,Total,Rusia,2016M03,34763.0,country,2016,3,2016-03-01,rusia
Viajero,Total,Rusia,2016M04,42897.0,country,2016,4,2016-04-01,rusia
Viajero,Total,Rusia,2016M05,77510.0,country,2016,5,2016-05-01,rusia
Viajero,Total,Rusia,2016M06,108647.0,country,2016,6,2016-06-01,rusia
Viajero,Total,Rusia,2016M07,122241.0,country,2016,7,2016-07-01,rusia
Viajero,Total,Rusia,2016M08,120473.0,country,2016,8,2016-08-01,rusia
Viajero,Total,Rusia,2016M09,107310.0,country,2016,9,2016-09-01,rusia
Viajero,Total,Rusia,2016M10,62432.0,country,2016,10,2016-10-01,rusia
Viajero,Total,Rusia,2016M11,34868.0,country,2016,11,2016-11-01,rusia
Viajero,Total,Rusia,2016M12,31729.0,country,2016,12,2016-12-01,rusia
Viajero,Total,Rusia,2017M01,46796.0,country,2017,1,2017-01-01,rusia
Viajero,Total,Rusia,2017M02,30357.0,country,2017,2,2017-02-01,rusia
Viajero,Total,Rusia,2017M03,43048.0,country,2017,3,2017-03-01,rusia
Viajero,Total,Rusia,2017M04,53968.0,country,2017,4,2017-04-01,rusia
Viajero,Total,Rusia,2017M05,81500.0,country,2017,5,2017-05-01,rusia
Viajero,Total,Rusia,2017M06,133371.0,country,2017,6,2017-06-01,rusia
Viajero,Total,Rusia,2017M07,153762.0,country,2017,7,2017-07-01,rusia
Viajero,Total,Rusia,2017M08,142894.0,country,2017,8,2017-08-01,rusia
Viajero,Total,Rusia,2017M09,125512.0,country,2017,9,2017-09-01,rusia
Viajero,Total,Rusia,2017M10,62994.0,country,2017,10,2017-10-01,rusia
Viajero,Total,Rusia,2017M11,38062.0,country,2017,11,2017-11-01,rusia
Viajero,Total,Rusia,2017M12,36199.0,country,2017,12,2017-12-01,rusia
Viajero,Total,Rusia,2018M01,51753.0,country,2018,1,2018-01-01,rusia
Viajero,Total,Rusia,2018M02,36102.0,country,2018,2,2018-02-01,rusia
Viajero,Total,Rusia,2018M03,44461.0,country,2018,3,2018-03-01,rusia
Viajero,Total,Rusia,2018M04,55140.0,country,2018,4,2018-04-01,rusia
Viajero,Total,Rusia,2018M05,82153.0,country,2018,5,2018-05-01,rusia
Viajero,Total,Rusia,2018M06,132551.0,country,2018,6,2018-06-01,rusia
Viajero,Total,Rusia,2018M07,136927.0,country,2018,7,2018-07-01,rusia
Viajero,Total,Rusia,2018M08,138587.0,country,2018,8,2018-08-01,rusia
Viajero,Total,Rusia,2018M09,129724.0,country,2018,9,2018-09-01,rusia
Viajero,Total,Rusia,2018M10,66866.0,country,2018,10,2018-10-01,rusia
Viajero,Total,Rusia,2018M11,42268.0,country,2018,11,2018-11-01,rusia
Viajero,Total,Rusia,2018M12,41414.0,country,2018,12,2018-12-01,rusia
Viajero,Total,Rusia,2019M01,50480.0,country,2019,1,2019-01-01,rusia
Viajero,Total,Rusia,2019M02,35514.0,country,2019,2,2019-02-01,rusia
Viajero,Total,Rusia,2019M03,52315.0,country,2019,3,2019-03-01,rusia
Viajero,Total,Rusia,2019M04,61584.0,country,2019,4,2019-04-01,rusia
Viajero,Total,Rusia,2019M05,100230.0,country,2019,5,2019-05-01,rusia
Viajero,Total,Rusia,2019M06,137310.0,country,2019,6,2019-06-01,rusia
Viajero,Total,Rusia,2019M07,147768.0,country,2019,7,2019-07-01,rusia
Viajero,Total,Rusia,2019M08,150231.0,country,2019,8,2019-08-01,rusia
Viajero,Total,Rusia,2019M09,134676.0,country,2019,9,2019-09-01,rusia
Viajero,Total,Rusia,2019M10,81406.0,country,2019,10,2019-10-01,rusia
Viajero,Total,Rusia,2019M11,42111.0,country,2019,11,2019-11-01,rusia
Viajero,Total,Rusia,2019M12,38017.0,country,2019,12,2019-12-01,rusia
Viajero,Total,Suiza,2015M01,24528.0,country,2015,1,2015-01-01,suiza
Viajero,Total,Suiza,2015M02,35084.0,country,2015,2,2015-02-01,suiza
Viajero,Total,Suiza,2015M03,45649.0,country,2015,3,2015-03-01,suiza
Viajero,Total,Suiza,2015M04,92498.0,country,2015,4,2015-04-01,suiza
Viajero,Total,Suiza,2015M05,90890.0,country,2015,5,2015-05-01,suiza
Viajero,Total,Suiza,2015M06,87932.0,country,2015,6,2015-06-01,suiza
Viajero,Total,Suiza,2015M07,126134.0,country,2015,7,2015-07-01,suiza
Viajero,Total,Suiza,2015M08,86551.0,country,2015,8,2015-08-01,suiza
Viajero,Total,Suiza,2015M09,109653.0,country,2015,9,2015-09-01,suiza
Viajero,Total,Suiza,2015M10,107715.0,country,2015,10,2015-10-01,suiza
Viajero,Total,Suiza,2015M11,41804.0,country,2015,11,2015-11-01,suiza
Viajero,Total,Suiza,2015M12,34779.0,country,2015,12,2015-12-01,suiza
Viajero,Total,Suiza,2016M01,28607.0,country,2016,1,2016-01-01,suiza
Viajero,Total,Suiza,2016M02,39150.0,country,2016,2,2016-02-01,suiza
Viajero,Total,Suiza,2016M03,62329.0,country,2016,3,2016-03-01,suiza
Viajero,Total,Suiza,2016M04,87853.0,country,2016,4,2016-04-01,suiza
Viajero,Total,Suiza,2016M05,94793.0,country,2016,5,2016-05-01,suiza
Viajero,Total,Suiza,2016M06,98507.0,country,2016,6,2016-06-01,suiza
Viajero,Total,Suiza,2016M07,135302.0,country,2016,7,2016-07-01,suiza
Viajero,Total,Suiza,2016M08,88741.0,country,2016,8,2016-08-01,suiza
Viajero,Total,Suiza,2016M09,107131.0,country,2016,9,2016-09-01,suiza
Viajero,Total,Suiza,2016M10,125073.0,country,2016,10,2016-10-01,suiza
Viajero,Total,Suiza,2016M11,47014.0,country,2016,11,2016-11-01,suiza
Viajero,Total,Suiza,2016M12,39750.0,country,2016,12,2016-12-01,suiza
Viajero,Total,Suiza,2017M01,36491.0,country,2017,1,2017-01-01,suiza
Viajero,Total,Suiza,2017M02,44006.0,country,2017,2,2017-02-01,suiza
Viajero,Total,Suiza,2017M03,58528.0,country,2017,3,2017-03-01,suiza
Viajero,Total,Suiza,2017M04,103945.0,country,2017,4,2017-04-01,suiza
Viajero,Total,Suiza,2017M05,103509.0,country,2017,5,2017-05-01,suiza
Viajero,Total,Suiza,2017M06,108371.0,country,2017,6,2017-06-01,suiza
Viajero,Total,Suiza,2017M07,139752.0,country,2017,7,2017-07-01,suiza
Viajero,Total,Suiza,2017M08,92894.0,country,2017,8,2017-08-01,suiza
Viajero,Total,Suiza,2017M09,121606.0,country,2017,9,2017-09-01,suiza
Viajero,Total,Suiza,2017M10,122577.0,country,2017,10,2017-10-01,suiza
Viajero,Total,Suiza,2017M11,47106.0,country,2017,11,2017-11-01,suiza
Viajero,Total,Suiza,2017M12,37217.0,country,2017,12,2017-12-01,suiza
Viajero,Total,Suiza,2018M01,33802.0,country,2018,1,2018-01-01,suiza
Viajero,Total,Suiza,2018M02,42960.0,country,2018,2,2018-02-01,suiza
Viajero,Total,Suiza,2018M03,59850.0,country,2018,3,2018-03-01,suiza
Viajero,Total,Suiza,2018M04,96870.0,country,2018,4,2018-04-01,suiza
Viajero,Total,Suiza,2018M05,104847.0,country,2018,5,2018-05-01,suiza
Viajero,Total,Suiza,2018M06,102953.0,country,2018,6,2018-06-01,suiza
Viajero,Total,Suiza,2018M07,138317.0,country,2018,7,2018-07-01,suiza
Viajero,Total,Suiza,2018M08,87057.0,country,2018,8,2018-08-01,suiza
Viajero,Total,Suiza,2018M09,118983.0,country,2018,9,2018-09-01,suiza
Viajero,Total,Suiza,2018M10,116727.0,country,2018,10,2018-10-01,suiza
Viajero,Total,Suiza,2018M11,50738.0,country,2018,11,2018-11-01,suiza
Viajero,Total,Suiza,2018M12,38519.0,country,2018,12,2018-12-01,suiza
Viajero,Total,Suiza,2019M01,31823.0,country,2019,1,2019-01-01,suiza
Viajero,Total,Suiza,2019M02,42969.0,country,2019,2,2019-02-01,suiza
Viajero,Total,Suiza,2019M03,58586.0,country,2019,3,2019-03-01,suiza
Viajero,Total,Suiza,2019M04,98933.0,country,2019,4,2019-04-01,suiza
Viajero,Total,Suiza,2019M05,102662.0,country,2019,5,2019-05-01,suiza
Viajero,Total,Suiza,2019M06,99019.0,country,2019,6,2019-06-01,suiza
Viajero,Total,Suiza,2019M07,123579.0,country,2019,7,2019-07-01,suiza
Viajero,Total,Suiza,2019M08,85732.0,country,2019,8,2019-08-01,suiza
Viajero,Total,Suiza,2019M09,111577.0,country,2019,9,2019-09-01,suiza
Viajero,Total,Suiza,2019M10,112187.0,country,2019,10,2019-10-01,suiza
Viajero,Total,Suiza,2019M11,50204.0,country,2019,11,2019-11-01,suiza
Viajero,Total,Suiza,2019M12,37522.0,country,2019,12,2019-12-01,suiza
Viajero,Total,África,2015M01,41290.0,country,2015,1,2015-01-01,áfrica
Viajero,Total,África,2015M02,35505.0,country,2015,2,2015-02-01,áfrica
Viajero,Total,África,2015M03,40895.0,country,2015,3,2015-03-01,áfrica
Viajero,Total,África,2015M04,43978.0,country,2015,4,2015-04-01,áfrica
Viajero,Total,África,2015M05,49826.0,country,2015,5,2015-05-01,áfrica
Viajero,Total,África,2015M06,40645.0,country,2015,6,2015-06-01,áfrica
Viajero,Total,África,2015M07,58776.0,country,2015,7,2015-07-01,áfrica
Viajero,Total,África,2015M08,97504.0,country,2015,8,2015-08-01,áfrica
Viajero,Total,África,2015M09,52473.0,country,2015,9,2015-09-01,áfrica
Viajero,Total,África,2015M10,44774.0,country,2015,10,2015-10-01,áfrica
Viajero,Total,África,2015M11,41645.0,country,2015,11,2015-11-01,áfrica
Viajero,Total,África,2015M12,42188.0,country,2015,12,2015-12-01,áfrica
Viajero,Total,África,2016M01,44648.0,country,2016,1,2016-01-01,áfrica
Viajero,Total,África,2016M02,39767.0,country,2016,2,2016-02-01,áfrica
Viajero,Total,África,2016M03,43305.0,country,2016,3,2016-03-01,áfrica
Viajero,Total,África,2016M04,52756.0,country,2016,4,2016-04-01,áfrica
Viajero,Total,África,2016M05,53303.0,country,2016,5,2016-05-01,áfrica
Viajero,Total,África,2016M06,36696.0,country,2016,6,2016-06-01,áfrica
Viajero,Total,África,2016M07,82230.0,country,2016,7,2016-07-01,áfrica
Viajero,Total,África,2016M08,111715.0,country,2016,8,2016-08-01,áfrica
Viajero,Total,África,2016M09,65008.0,country,2016,9,2016-09-01,áfrica
Viajero,Total,África,2016M10,54500.0,country,2016,10,2016-10-01,áfrica
Viajero,Total,África,2016M11,50287.0,country,2016,11,2016-11-01,áfrica
Viajero,Total,África,2016M12,54256.0,country,2016,12,2016-12-01,áfrica
Viajero,Total,África,2017M01,57501.0,country,2017,1,2017-01-01,áfrica
Viajero,Total,África,2017M02,48700.0,country,2017,2,2017-02-01,áfrica
Viajero,Total,África,2017M03,49473.0,country,2017,3,2017-03-01,áfrica
Viajero,Total,África,2017M04,59707.0,country,2017,4,2017-04-01,áfrica
Viajero,Total,África,2017M05,57925.0,country,2017,5,2017-05-01,áfrica
Viajero,Total,África,2017M06,45800.0,country,2017,6,2017-06-01,áfrica
Viajero,Total,África,2017M07,98572.0,country,2017,7,2017-07-01,áfrica
Viajero,Total,África,2017M08,112195.0,country,2017,8,2017-08-01,áfrica
Viajero,Total,África,2017M09,66350.0,country,2017,9,2017-09-01,áfrica
Viajero,Total,África,2017M10,52693.0,country,2017,10,2017-10-01,áfrica
Viajero,Total,África,2017M11,49720.0,country,2017,11,2017-11-01,áfrica
Viajero,Total,África,2017M12,50662.0,country,2017,12,2017-12-01,áfrica
Viajero,Total,África,2018M01,56198.0,country,2018,1,2018-01-01,áfrica
Viajero,Total,África,2018M02,47621.0,country,2018,2,2018-02-01,áfrica
Viajero,Total,África,2018M03,47636.0,country,2018,3,2018-03-01,áfrica
Viajero,Total,África,2018M04,58758.0,country,2018,4,2018-04-01,áfrica
Viajero,Total,África,2018M05,49904.0,country,2018,5,2018-05-01,áfrica
Viajero,Total,África,2018M06,54670.0,country,2018,6,2018-06-01,áfrica
Viajero,Total,África,2018M07,95779.0,country,2018,7,2018-07-01,áfrica
Viajero,Total,África,2018M08,115463.0,country,2018,8,2018-08-01,áfrica
Viajero,Total,África,2018M09,73093.0,country,2018,9,2018-09-01,áfrica
Viajero,Total,África,2018M10,57085.0,country,2018,10,2018-10-01,áfrica
Viajero,Total,África,2018M11,56857.0,country,2018,11,2018-11-01,áfrica
Viajero,Total,África,2018M12,52883.0,country,2018,12,2018-12-01,áfrica
Viajero,Total,África,2019M01,67757.0,country,2019,1,2019-01-01,áfrica
Viajero,Total,África,2019M02,50459.0,country,2019,2,2019-02-01,áfrica
Viajero,Total,África,2019M03,55944.0,country,2019,3,2019-03-01,áfrica
Viajero,Total,África,2019M04,72187.0,country,2019,4,2019-04-01,áfrica
Viajero,Total,África,2019M05,42129.0,country,2019,5,2019-05-01,áfrica
Viajero,Total,África,2019M06,69037.0,country,2019,6,2019-06-01,áfrica
Viajero,Total,África,2019M07,101141.0,country,2019,7,2019-07-01,áfrica
Viajero,Total,África,2019M08,121970.0,country,2019,8,2019-08-01,áfrica
Viajero,Total,África,2019M09,73246.0,country,2019,9,2019-09-01,áfrica
Viajero,Total,África,2019M10,68507.0,country,2019,10,2019-10-01,áfrica
Viajero,Total,África,2019M11,62058.0,country,2019,11,2019-11-01,áfrica
Viajero,Total,África,2019M12,64822.0,country,2019,12,2019-12-01,áfrica
Viajero,Total,Resto del Mundo,2015M01,198875.0,country,2015,1,2015-01-01,resto del mundo
Viajero,Total,Resto del Mundo,2015M02,220563.0,country,2015,2,2015-02-01,resto del mundo
Viajero,Total,Resto del Mundo,2015M03,221125.0,country,2015,3,2015-03-01,resto del mundo
Viajero,Total,Resto del Mundo,2015M04,292961.0,country,2015,4,2015-04-01,resto del mundo
Viajero,Total,Resto del Mundo,2015M05,365423.0,country,2015,5,2015-05-01,resto del mundo
Viajero,Total,Resto del Mundo,2015M06,357094.0,country,2015,6,2015-06-01,resto del mundo
Viajero,Total,Resto del Mundo,2015M07,364697.0,country,2015,7,2015-07-01,resto del mundo
Viajero,Total,Resto del Mundo,2015M08,372033.0,country,2015,8,2015-08-01,resto del mundo
Viajero,Total,Resto del Mundo,2015M09,376085.0,country,2015,9,2015-09-01,resto del mundo
Viajero,Total,Resto del Mundo,2015M10,367893.0,country,2015,10,2015-10-01,resto del mundo
Viajero,Total,Resto del Mundo,2015M11,241656.0,country,2015,11,2015-11-01,resto del mundo
Viajero,Total,Resto del Mundo,2015M12,214437.0,country,2015,12,2015-12-01,resto del mundo
Viajero,Total,Resto del Mundo,2016M01,235751.0,country,2016,1,2016-01-01,resto del mundo
Viajero,Total,Resto del Mundo,2016M02,260699.0,country,2016,2,2016-02-01,resto del mundo
Viajero,Total,Resto del Mundo,2016M03,272747.0,country,2016,3,2016-03-01,resto del mundo
Viajero,Total,Resto del Mundo,2016M04,314672.0,country,2016,4,2016-04-01,resto del mundo
Viajero,Total,Resto del Mundo,2016M05,392350.0,country,2016,5,2016-05-01,resto del mundo
Viajero,Total,Resto del Mundo,2016M06,357964.0,country,2016,6,2016-06-01,resto del mundo
Viajero,Total,Resto del Mundo,2016M07,404189.0,country,2016,7,2016-07-01,resto del mundo
Viajero,Total,Resto del Mundo,2016M08,368447.0,country,2016,8,2016-08-01,resto del mundo
Viajero,Total,Resto del Mundo,2016M09,408103.0,country,2016,9,2016-09-01,resto del mundo
Viajero,Total,Resto del Mundo,2016M10,370160.0,country,2016,10,2016-10-01,resto del mundo
Viajero,Total,Resto del Mundo,2016M11,255027.0,country,2016,11,2016-11-01,resto del mundo
Viajero,Total,Resto del Mundo,2016M12,265745.0,country,2016,12,2016-12-01,resto del mundo
Viajero,Total,Resto del Mundo,2017M01,289411.0,country,2017,1,2017-01-01,resto del mundo
Viajero,Total,Resto del Mundo,2017M02,274967.0,country,2017,2,2017-02-01,resto del mundo
Viajero,Total,Resto del Mundo,2017M03,327172.0,country,2017,3,2017-03-01,resto del mundo
Viajero,Total,Resto del Mundo,2017M04,399041.0,country,2017,4,2017-04-01,resto del mundo
Viajero,Total,Resto del Mundo,2017M05,459400.0,country,2017,5,2017-05-01,resto del mundo
Viajero,Total,Resto del Mundo,2017M06,419929.0,country,2017,6,2017-06-01,resto del mundo
Viajero,Total,Resto del Mundo,2017M07,435195.0,country,2017,7,2017-07-01,resto del mundo
Viajero,Total,Resto del Mundo,2017M08,433851.0,country,2017,8,2017-08-01,resto del mundo
Viajero,Total,Resto del Mundo,2017M09,441431.0,country,2017,9,2017-09-01,resto del mundo
Viajero,Total,Resto del Mundo,2017M10,443883.0,country,2017,10,2017-10-01,resto del mundo
Viajero,Total,Resto del Mundo,2017M11,287934.0,country,2017,11,2017-11-01,resto del mundo
Viajero,Total,Resto del Mundo,2017M12,272481.0,country,2017,12,2017-12-01,resto del mundo
Viajero,Total,Resto del Mundo,2018M01,266887.0,country,2018,1,2018-01-01,resto del mundo
Viajero,Total,Resto del Mundo,2018M02,312846.0,country,2018,2,2018-02-01,resto del mundo
Viajero,Total,Resto del Mundo,2018M03,320510.0,country,2018,3,2018-03-01,resto del mundo
Viajero,Total,Resto del Mundo,2018M04,390544.0,country,2018,4,2018-04-01,resto del mundo
Viajero,Total,Resto del Mundo,2018M05,472914.0,country,2018,5,2018-05-01,resto del mundo
Viajero,Total,Resto del Mundo,2018M06,493064.0,country,2018,6,2018-06-01,resto del mundo
Viajero,Total,Resto del Mundo,2018M07,469416.0,country,2018,7,2018-07-01,resto del mundo
Viajero,Total,Resto del Mundo,2018M08,426377.0,country,2018,8,2018-08-01,resto del mundo
Viajero,Total,Resto del Mundo,2018M09,479311.0,country,2018,9,2018-09-01,resto del mundo
Viajero,Total,Resto del Mundo,2018M10,486322.0,country,2018,10,2018-10-01,resto del mundo
Viajero,Total,Resto del Mundo,2018M11,355925.0,country,2018,11,2018-11-01,resto del mundo
Viajero,Total,Resto del Mundo,2018M12,339333.0,country,2018,12,2018-12-01,resto del mundo
Viajero,Total,Resto del Mundo,2019M01,313519.0,country,2019,1,2019-01-01,resto del mundo
Viajero,Total,Resto del Mundo,2019M02,341413.0,country,2019,2,2019-02-01,resto del mundo
Viajero,Total,Resto del Mundo,2019M03,359030.0,country,2019,3,2019-03-01,resto del mundo
Viajero,Total,Resto del Mundo,2019M04,432519.0,country,2019,4,2019-04-01,resto del mundo
Viajero,Total,Resto del Mundo,2019M05,498567.0,country,2019,5,2019-05-01,resto del mundo
Viajero,Total,Resto del Mundo,2019M06,509958.0,country,2019,6,2019-06-01,resto del mundo
Viajero,Total,Resto del Mundo,2019M07,488326.0,country,2019,7,2019-07-01,resto del mundo
Viajero,Total,Resto del Mundo,2019M08,460771.0,country,2019,8,2019-08-01,resto del mundo
Viajero,Total,Resto del Mundo,2019M09,485952.0,country,2019,9,2019-09-01,resto del mundo
Viajero,Total,Resto del Mundo,2019M10,508229.0,country,2019,10,2019-10-01,resto del mundo
Viajero,Total,Resto del Mundo,2019M11,399268.0,country,2019,11,2019-11-01,resto del mundo
Viajero,Total,Resto del Mundo,2019M12,345075.0,country,2019,12,2019-12-01,resto del mundo
Viajero,Japón,,2015M01,41340.0,region,2015,1,2015-01-01,japón
Viajero,Japón,,2015M02,43759.0,region,2015,2,2015-02-01,japón
Viajero,Japón,,2015M03,50443.0,region,2015,3,2015-03-01,japón
Viajero,Japón,,2015M04,44795.0,region,2015,4,2015-04-01,japón
Viajero,Japón,,2015M05,48400.0,region,2015,5,2015-05-01,japón
Viajero,Japón,,2015M06,55066.0,region,2015,6,2015-06-01,japón
Viajero,Japón,,2015M07,42399.0,region,2015,7,2015-07-01,japón
Viajero,Japón,,2015M08,53874.0,region,2015,8,2015-08-01,japón
Viajero,Japón,,2015M09,60811.0,region,2015,9,2015-09-01,japón
Viajero,Japón,,2015M10,58363.0,region,2015,10,2015-10-01,japón
Viajero,Japón,,2015M11,52562.0,region,2015,11,2015-11-01,japón
Viajero,Japón,,2015M12,40824.0,region,2015,12,2015-12-01,japón
Viajero,Japón,,2016M01,38073.0,region,2016,1,2016-01-01,japón
Viajero,Japón,,2016M02,45612.0,region,2016,2,2016-02-01,japón
Viajero,Japón,,2016M03,52759.0,region,2016,3,2016-03-01,japón
Viajero,Japón,,2016M04,50001.0,region,2016,4,2016-04-01,japón
Viajero,Japón,,2016M05,52710.0,region,2016,5,2016-05-01,japón
Viajero,Japón,,2016M06,51795.0,region,2016,6,2016-06-01,japón
Viajero,Japón,,2016M07,38620.0,region,2016,7,2016-07-01,japón
Viajero,Japón,,2016M08,47408.0,region,2016,8,2016-08-01,japón
Viajero,Japón,,2016M09,57617.0,region,2016,9,2016-09-01,japón
Viajero,Japón,,2016M10,51307.0,region,2016,10,2016-10-01,japón
Viajero,Japón,,2016M11,47082.0,region,2016,11,2016-11-01,japón
Viajero,Japón,,2016M12,45214.0,region,2016,12,2016-12-01,japón
Viajero,Japón,,2017M01,44920.0,region,2017,1,2017-01-01,japón
Viajero,Japón,,2017M02,49490.0,region,2017,2,2017-02-01,japón
Viajero,Japón,,2017M03,60635.0,region,2017,3,2017-03-01,japón
Viajero,Japón,,2017M04,46262.0,region,2017,4,2017-04-01,japón
Viajero,Japón,,2017M05,56097.0,region,2017,5,2017-05-01,japón
Viajero,Japón,,2017M06,63117.0,region,2017,6,2017-06-01,japón
Viajero,Japón,,2017M07,44499.0,region,2017,7,2017-07-01,japón
Viajero,Japón,,2017M08,49326.0,region,2017,8,2017-08-01,japón
Viajero,Japón,,2017M09,56582.0,region,2017,9,2017-09-01,japón
Viajero,Japón,,2017M10,54509.0,region,2017,10,2017-10-01,japón
Viajero,Japón,,2017M11,38785.0,region,2017,11,2017-11-01,japón
Viajero,Japón,,2017M12,32521.0,region,2017,12,2017-12-01,japón
Viajero,Japón,,2018M01,31011.0,region,2018,1,2018-01-01,japón
Viajero,Japón,,2018M02,41988.0,region,2018,2,2018-02-01,japón
Viajero,Japón,,2018M03,49220.0,region,2018,3,2018-03-01,japón
Viajero,Japón,,2018M04,40548.0,region,2018,4,2018-04-01,japón
Viajero,Japón,,2018M05,46982.0,region,2018,5,2018-05-01,japón
Viajero,Japón,,2018M06,48217.0,region,2018,6,2018-06-01,japón
Viajero,Japón,,2018M07,40915.0,region,2018,7,2018-07-01,japón
Viajero,Japón,,2018M08,46532.0,region,2018,8,2018-08-01,japón
Viajero,Japón,,2018M09,55282.0,region,2018,9,2018-09-01,japón
Viajero,Japón,,2018M10,52325.0,region,2018,10,2018-10-01,japón
Viajero,Japón,,2018M11,48747.0,region,2018,11,2018-11-01,japón
Viajero,Japón,,2018M12,43034.0,region,2018,12,2018-12-01,japón
Viajero,Japón,,2019M01,40251.0,region,2019,1,2019-01-01,japón
Viajero,Japón,,2019M02,46725.0,region,2019,2,2019-02-01,japón
Viajero,Japón,,2019M03,55463.0,region,2019,3,2019-03-01,japón
Viajero,Japón,,2019M04,55448.0,region,2019,4,2019-04-01,japón
Viajero,Japón,,2019M05,64617.0,region,2019,5,2019-05-01,japón
Viajero,Japón,,2019M06,63496.0,region,2019,6,2019-06-01,japón
Viajero,Japón,,2019M07,51490.0,region,2019,7,2019-07-01,japón
Viajero,Japón,,2019M08,55978.0,region,2019,8,2019-08-01,japón
Viajero,Japón,,2019M09,62793.0,region,2019,9,2019-09-01,japón
Viajero,Japón,,2019M10,72149.0,region,2019,10,2019-10-01,japón
Viajero,Japón,,2019M11,52092.0,region,2019,11,2019-11-01,japón
Viajero,Japón,,2019M12,50161.0,region,2019,12,2019-12-01,japón
Pernoctaciones,Total,Residentes en España,2015M01,4981703.0,country,2015,1,2015-01-01,españa
Pernoctaciones,Total,Residentes en España,2015M02,5821275.0,country,2015,2,2015-02-01,españa
Pernoctaciones,Total,Residentes en España,2015M03,7716464.0,country,2015,3,2015-03-01,españa
Pernoctaciones,Total,Residentes en España,2015M04,9487491.0,country,2015,4,2015-04-01,españa
Pernoctaciones,Total,Residentes en España,2015M05,8808445.0,country,2015,5,2015-05-01,españa
Pernoctaciones,Total,Residentes en España,2015M06,10571055.0,country,2015,6,2015-06-01,españa
Pernoctaciones,Total,Residentes en España,2015M07,13870398.0,country,2015,7,2015-07-01,españa
Pernoctaciones,Total,Residentes en España,2015M08,17276215.0,country,2015,8,2015-08-01,españa
Pernoctaciones,Total,Residentes en España,2015M09,10930759.0,country,2015,9,2015-09-01,españa
Pernoctaciones,Total,Residentes en España,2015M10,8586116.0,country,2015,10,2015-10-01,españa
Pernoctaciones,Total,Residentes en España,2015M11,5860457.0,country,2015,11,2015-11-01,españa
Pernoctaciones,Total,Residentes en España,2015M12,6344526.0,country,2015,12,2015-12-01,españa
Pernoctaciones,Total,Residentes en España,2016M01,5428798.0,country,2016,1,2016-01-01,españa
Pernoctaciones,Total,Residentes en España,2016M02,6510315.0,country,2016,2,2016-02-01,españa
Pernoctaciones,Total,Residentes en España,2016M03,9419601.0,country,2016,3,2016-03-01,españa
Pernoctaciones,Total,Residentes en España,2016M04,7980979.0,country,2016,4,2016-04-01,españa
Pernoctaciones,Total,Residentes en España,2016M05,8999173.0,country,2016,5,2016-05-01,españa
Pernoctaciones,Total,Residentes en España,2016M06,10350864.0,country,2016,6,2016-06-01,españa
Pernoctaciones,Total,Residentes en España,2016M07,14586701.0,country,2016,7,2016-07-01,españa
Pernoctaciones,Total,Residentes en España,2016M08,17245641.0,country,2016,8,2016-08-01,españa
Pernoctaciones,Total,Residentes en España,2016M09,11216422.0,country,2016,9,2016-09-01,españa
Pernoctaciones,Total,Residentes en España,2016M10,9442129.0,country,2016,10,2016-10-01,españa
Pernoctaciones,Total,Residentes en España,2016M11,6476574.0,country,2016,11,2016-11-01,españa
Pernoctaciones,Total,Residentes en España,2016M12,6581936.0,country,2016,12,2016-12-01,españa
Pernoctaciones,Total,Residentes en España,2017M01,5316890.0,country,2017,1,2017-01-01,españa
Pernoctaciones,Total,Residentes en España,2017M02,6225212.0,country,2017,2,2017-02-01,españa
Pernoctaciones,Total,Residentes en España,2017M03,7938883.0,country,2017,3,2017-03-01,españa
Pernoctaciones,Total,Residentes en España,2017M04,10757733.0,country,2017,4,2017-04-01,españa
Pernoctaciones,Total,Residentes en España,2017M05,9023683.0,country,2017,5,2017-05-01,españa
Pernoctaciones,Total,Residentes en España,2017M06,10850740.0,country,2017,6,2017-06-01,españa
Pernoctaciones,Total,Residentes en España,2017M07,14336386.0,country,2017,7,2017-07-01,españa
Pernoctaciones,Total,Residentes en España,2017M08,17063116.0,country,2017,8,2017-08-01,españa
Pernoctaciones,Total,Residentes en España,2017M09,11355257.0,country,2017,9,2017-09-01,españa
Pernoctaciones,Total,Residentes en España,2017M10,9259019.0,country,2017,10,2017-10-01,españa
Pernoctaciones,Total,Residentes en España,2017M11,6723998.0,country,2017,11,2017-11-01,españa
Pernoctaciones,Total,Residentes en España,2017M12,6983672.0,country,2017,12,2017-12-01,españa
Pernoctaciones,Total,Residentes en España,2018M01,5459601.0,country,2018,1,2018-01-01,españa
Pernoctaciones,Total,Residentes en España,2018M02,6238722.0,country,2018,2,2018-02-01,españa
Pernoctaciones,Total,Residentes en España,2018M03,8972022.0,country,2018,3,2018-03-01,españa
Pernoctaciones,Total,Residentes en España,2018M04,9259508.0,country,2018,4,2018-04-01,españa
Pernoctaciones,Total,Residentes en España,2018M05,9188503.0,country,2018,5,2018-05-01,españa
Pernoctaciones,Total,Residentes en España,2018M06,10857338.0,country,2018,6,2018-06-01,españa
Pernoctaciones,Total,Residentes en España,2018M07,14185066.0,country,2018,7,2018-07-01,españa
Pernoctaciones,Total,Residentes en España,2018M08,17534070.0,country,2018,8,2018-08-01,españa
Pernoctaciones,Total,Residentes en España,2018M09,11410767.0,country,2018,9,2018-09-01,españa
Pernoctaciones,Total,Residentes en España,2018M10,9285954.0,country,2018,10,2018-10-01,españa
Pernoctaciones,Total,Residentes en España,2018M11,7155122.0,country,2018,11,2018-11-01,españa
Pernoctaciones,Total,Residentes en España,2018M12,6953070.0,country,2018,12,2018-12-01,españa
Pernoctaciones,Total,Residentes en España,2019M01,5499882.0,country,2019,1,2019-01-01,españa
Pernoctaciones,Total,Residentes en España,2019M02,6396288.0,country,2019,2,2019-02-01,españa
Pernoctaciones,Total,Residentes en España,2019M03,8482404.0,country,2019,3,2019-03-01,españa
Pernoctaciones,Total,Residentes en España,2019M04,10124829.0,country,2019,4,2019-04-01,españa
Pernoctaciones,Total,Residentes en España,2019M05,9830228.0,country,2019,5,2019-05-01,españa
Pernoctaciones,Total,Residentes en España,2019M06,11606159.0,country,2019,6,2019-06-01,españa
Pernoctaciones,Total,Residentes en España,2019M07,14871768.0,country,2019,7,2019-07-01,españa
Pernoctaciones,Total,Residentes en España,2019M08,18245766.0,country,2019,8,2019-08-01,españa
Pernoctaciones,Total,Residentes en España,2019M09,11541054.0,country,2019,9,2019-09-01,españa
Pernoctaciones,Total,Residentes en España,2019M10,8784169.0,country,2019,10,2019-10-01,españa
Pernoctaciones,Total,Residentes en España,2019M11,7200004.0,country,2019,11,2019-11-01,españa
Pernoctaciones,Total,Residentes en España,2019M12,7026688.0,country,2019,12,2019-12-01,españa
Pernoctaciones,Total,Alemania,2015M01,1931299.0,country,2015,1,2015-01-01,alemania
Pernoctaciones,Total,Alemania,2015M02,1960077.0,country,2015,2,2015-02-01,alemania
Pernoctaciones,Total,Alemania,2015M03,2640734.0,country,2015,3,2015-03-01,alemania
Pernoctaciones,Total,Alemania,2015M04,3114641.0,country,2015,4,2015-04-01,alemania
Pernoctaciones,Total,Alemania,2015M05,4639255.0,country,2015,5,2015-05-01,alemania
Pernoctaciones,Total,Alemania,2015M06,5272779.0,country,2015,6,2015-06-01,alemania
Pernoctaciones,Total,Alemania,2015M07,5611633.0,country,2015,7,2015-07-01,alemania
Pernoctaciones,Total,Alemania,2015M08,6079577.0,country,2015,8,2015-08-01,alemania
Pernoctaciones,Total,Alemania,2015M09,6017989.0,country,2015,9,2015-09-01,alemania
Pernoctaciones,Total,Alemania,2015M10,4979262.0,country,2015,10,2015-10-01,alemania
Pernoctaciones,Total,Alemania,2015M11,2194954.0,country,2015,11,2015-11-01,alemania
Pernoctaciones,Total,Alemania,2015M12,1739437.0,country,2015,12,2015-12-01,alemania
Pernoctaciones,Total,Alemania,2016M01,1885204.0,country,2016,1,2016-01-01,alemania
Pernoctaciones,Total,Alemania,2016M02,2019019.0,country,2016,2,2016-02-01,alemania
Pernoctaciones,Total,Alemania,2016M03,2992231.0,country,2016,3,2016-03-01,alemania
Pernoctaciones,Total,Alemania,2016M04,3222807.0,country,2016,4,2016-04-01,alemania
Pernoctaciones,Total,Alemania,2016M05,5347738.0,country,2016,5,2016-05-01,alemania
Pernoctaciones,Total,Alemania,2016M06,5794679.0,country,2016,6,2016-06-01,alemania
Pernoctaciones,Total,Alemania,2016M07,5959222.0,country,2016,7,2016-07-01,alemania
Pernoctaciones,Total,Alemania,2016M08,6161198.0,country,2016,8,2016-08-01,alemania
Pernoctaciones,Total,Alemania,2016M09,6374128.0,country,2016,9,2016-09-01,alemania
Pernoctaciones,Total,Alemania,2016M10,5664142.0,country,2016,10,2016-10-01,alemania
Pernoctaciones,Total,Alemania,2016M11,2270750.0,country,2016,11,2016-11-01,alemania
Pernoctaciones,Total,Alemania,2016M12,1867275.0,country,2016,12,2016-12-01,alemania
Pernoctaciones,Total,Alemania,2017M01,1970630.0,country,2017,1,2017-01-01,alemania
Pernoctaciones,Total,Alemania,2017M02,1942855.0,country,2017,2,2017-02-01,alemania
Pernoctaciones,Total,Alemania,2017M03,2698891.0,country,2017,3,2017-03-01,alemania
Pernoctaciones,Total,Alemania,2017M04,3568521.0,country,2017,4,2017-04-01,alemania
Pernoctaciones,Total,Alemania,2017M05,5262110.0,country,2017,5,2017-05-01,alemania
Pernoctaciones,Total,Alemania,2017M06,6259885.0,country,2017,6,2017-06-01,alemania
Pernoctaciones,Total,Alemania,2017M07,6405671.0,country,2017,7,2017-07-01,alemania
Pernoctaciones,Total,Alemania,2017M08,5911906.0,country,2017,8,2017-08-01,alemania
Pernoctaciones,Total,Alemania,2017M09,6223773.0,country,2017,9,2017-09-01,alemania
Pernoctaciones,Total,Alemania,2017M10,5776139.0,country,2017,10,2017-10-01,alemania
Pernoctaciones,Total,Alemania,2017M11,2283855.0,country,2017,11,2017-11-01,alemania
Pernoctaciones,Total,Alemania,2017M12,1722206.0,country,2017,12,2017-12-01,alemania
Pernoctaciones,Total,Alemania,2018M01,1859606.0,country,2018,1,2018-01-01,alemania
Pernoctaciones,Total,Alemania,2018M02,1978771.0,country,2018,2,2018-02-01,alemania
Pernoctaciones,Total,Alemania,2018M03,2793108.0,country,2018,3,2018-03-01,alemania
Pernoctaciones,Total,Alemania,2018M04,3285430.0,country,2018,4,2018-04-01,alemania
Pernoctaciones,Total,Alemania,2018M05,5157387.0,country,2018,5,2018-05-01,alemania
Pernoctaciones,Total,Alemania,2018M06,5425411.0,country,2018,6,2018-06-01,alemania
Pernoctaciones,Total,Alemania,2018M07,5606574.0,country,2018,7,2018-07-01,alemania
Pernoctaciones,Total,Alemania,2018M08,5285200.0,country,2018,8,2018-08-01,alemania
Pernoctaciones,Total,Alemania,2018M09,5802929.0,country,2018,9,2018-09-01,alemania
Pernoctaciones,Total,Alemania,2018M10,5317224.0,country,2018,10,2018-10-01,alemania
Pernoctaciones,Total,Alemania,2018M11,2105493.0,country,2018,11,2018-11-01,alemania
Pernoctaciones,Total,Alemania,2018M12,1713490.0,country,2018,12,2018-12-01,alemania
Pernoctaciones,Total,Alemania,2019M01,1751999.0,country,2019,1,2019-01-01,alemania
Pernoctaciones,Total,Alemania,2019M02,1770544.0,country,2019,2,2019-02-01,alemania
Pernoctaciones,Total,Alemania,2019M03,2569349.0,country,2019,3,2019-03-01,alemania
Pernoctaciones,Total,Alemania,2019M04,3261354.0,country,2019,4,2019-04-01,alemania
Pernoctaciones,Total,Alemania,2019M05,4314258.0,country,2019,5,2019-05-01,alemania
Pernoctaciones,Total,Alemania,2019M06,5066606.0,country,2019,6,2019-06-01,alemania
Pernoctaciones,Total,Alemania,2019M07,4943147.0,country,2019,7,2019-07-01,alemania
Pernoctaciones,Total,Alemania,2019M08,4672133.0,country,2019,8,2019-08-01,alemania
Pernoctaciones,Total,Alemania,2019M09,5228687.0,country,2019,9,2019-09-01,alemania
Pernoctaciones,Total,Alemania,2019M10,4687973.0,country,2019,10,2019-10-01,alemania
Pernoctaciones,Total,Alemania,2019M11,1966912.0,country,2019,11,2019-11-01,alemania
Pernoctaciones,Total,Alemania,2019M12,1684211.0,country,2019,12,2019-12-01,alemania
Pernoctaciones,Total,Austria,2015M01,86856.0,country,2015,1,2015-01-01,austria
Pernoctaciones,Total,Austria,2015M02,95412.0,country,2015,2,2015-02-01,austria
Pernoctaciones,Total,Austria,2015M03,116062.0,country,2015,3,2015-03-01,austria
Pernoctaciones,Total,Austria,2015M04,160195.0,country,2015,4,2015-04-01,austria
Pernoctaciones,Total,Austria,2015M05,195351.0,country,2015,5,2015-05-01,austria
Pernoctaciones,Total,Austria,2015M06,230389.0,country,2015,6,2015-06-01,austria
Pernoctaciones,Total,Austria,2015M07,267420.0,country,2015,7,2015-07-01,austria
Pernoctaciones,Total,Austria,2015M08,252070.0,country,2015,8,2015-08-01,austria
Pernoctaciones,Total,Austria,2015M09,238240.0,country,2015,9,2015-09-01,austria
Pernoctaciones,Total,Austria,2015M10,150327.0,country,2015,10,2015-10-01,austria
Pernoctaciones,Total,Austria,2015M11,99200.0,country,2015,11,2015-11-01,austria
Pernoctaciones,Total,Austria,2015M12,83364.0,country,2015,12,2015-12-01,austria
Pernoctaciones,Total,Austria,2016M01,83470.0,country,2016,1,2016-01-01,austria
Pernoctaciones,Total,Austria,2016M02,98858.0,country,2016,2,2016-02-01,austria
Pernoctaciones,Total,Austria,2016M03,129748.0,country,2016,3,2016-03-01,austria
Pernoctaciones,Total,Austria,2016M04,170381.0,country,2016,4,2016-04-01,austria
Pernoctaciones,Total,Austria,2016M05,201370.0,country,2016,5,2016-05-01,austria
Pernoctaciones,Total,Austria,2016M06,225147.0,country,2016,6,2016-06-01,austria
Pernoctaciones,Total,Austria,2016M07,287182.0,country,2016,7,2016-07-01,austria
Pernoctaciones,Total,Austria,2016M08,265556.0,country,2016,8,2016-08-01,austria
Pernoctaciones,Total,Austria,2016M09,257206.0,country,2016,9,2016-09-01,austria
Pernoctaciones,Total,Austria,2016M10,184778.0,country,2016,10,2016-10-01,austria
Pernoctaciones,Total,Austria,2016M11,105321.0,country,2016,11,2016-11-01,austria
Pernoctaciones,Total,Austria,2016M12,79417.0,country,2016,12,2016-12-01,austria
Pernoctaciones,Total,Austria,2017M01,88061.0,country,2017,1,2017-01-01,austria
Pernoctaciones,Total,Austria,2017M02,98587.0,country,2017,2,2017-02-01,austria
Pernoctaciones,Total,Austria,2017M03,107835.0,country,2017,3,2017-03-01,austria
Pernoctaciones,Total,Austria,2017M04,162106.0,country,2017,4,2017-04-01,austria
Pernoctaciones,Total,Austria,2017M05,226136.0,country,2017,5,2017-05-01,austria
Pernoctaciones,Total,Austria,2017M06,224717.0,country,2017,6,2017-06-01,austria
Pernoctaciones,Total,Austria,2017M07,287883.0,country,2017,7,2017-07-01,austria
Pernoctaciones,Total,Austria,2017M08,262429.0,country,2017,8,2017-08-01,austria
Pernoctaciones,Total,Austria,2017M09,244436.0,country,2017,9,2017-09-01,austria
Pernoctaciones,Total,Austria,2017M10,181543.0,country,2017,10,2017-10-01,austria
Pernoctaciones,Total,Austria,2017M11,108554.0,country,2017,11,2017-11-01,austria
Pernoctaciones,Total,Austria,2017M12,77673.0,country,2017,12,2017-12-01,austria
Pernoctaciones,Total,Austria,2018M01,87892.0,country,2018,1,2018-01-01,austria
Pernoctaciones,Total,Austria,2018M02,92874.0,country,2018,2,2018-02-01,austria
Pernoctaciones,Total,Austria,2018M03,125837.0,country,2018,3,2018-03-01,austria
Pernoctaciones,Total,Austria,2018M04,140082.0,country,2018,4,2018-04-01,austria
Pernoctaciones,Total,Austria,2018M05,201852.0,country,2018,5,2018-05-01,austria
Pernoctaciones,Total,Austria,2018M06,230526.0,country,2018,6,2018-06-01,austria
Pernoctaciones,Total,Austria,2018M07,290679.0,country,2018,7,2018-07-01,austria
Pernoctaciones,Total,Austria,2018M08,293780.0,country,2018,8,2018-08-01,austria
Pernoctaciones,Total,Austria,2018M09,244768.0,country,2018,9,2018-09-01,austria
Pernoctaciones,Total,Austria,2018M10,192700.0,country,2018,10,2018-10-01,austria
Pernoctaciones,Total,Austria,2018M11,115382.0,country,2018,11,2018-11-01,austria
Pernoctaciones,Total,Austria,2018M12,88431.0,country,2018,12,2018-12-01,austria
Pernoctaciones,Total,Austria,2019M01,90446.0,country,2019,1,2019-01-01,austria
Pernoctaciones,Total,Austria,2019M02,113628.0,country,2019,2,2019-02-01,austria
Pernoctaciones,Total,Austria,2019M03,122521.0,country,2019,3,2019-03-01,austria
Pernoctaciones,Total,Austria,2019M04,175603.0,country,2019,4,2019-04-01,austria
Pernoctaciones,Total,Austria,2019M05,202458.0,country,2019,5,2019-05-01,austria
Pernoctaciones,Total,Austria,2019M06,241958.0,country,2019,6,2019-06-01,austria
Pernoctaciones,Total,Austria,2019M07,282897.0,country,2019,7,2019-07-01,austria
Pernoctaciones,Total,Austria,2019M08,267388.0,country,2019,8,2019-08-01,austria
Pernoctaciones,Total,Austria,2019M09,230633.0,country,2019,9,2019-09-01,austria
Pernoctaciones,Total,Austria,2019M10,174033.0,country,2019,10,2019-10-01,austria
Pernoctaciones,Total,Austria,2019M11,105806.0,country,2019,11,2019-11-01,austria
Pernoctaciones,Total,Austria,2019M12,83896.0,country,2019,12,2019-12-01,austria
Pernoctaciones,Total,Bélgica,2015M01,295398.0,country,2015,1,2015-01-01,bélgica
Pernoctaciones,Total,Bélgica,2015M02,302875.0,country,2015,2,2015-02-01,bélgica
Pernoctaciones,Total,Bélgica,2015M03,337050.0,country,2015,3,2015-03-01,bélgica
Pernoctaciones,Total,Bélgica,2015M04,523690.0,country,2015,4,2015-04-01,bélgica
Pernoctaciones,Total,Bélgica,2015M05,557508.0,country,2015,5,2015-05-01,bélgica
Pernoctaciones,Total,Bélgica,2015M06,621748.0,country,2015,6,2015-06-01,bélgica
Pernoctaciones,Total,Bélgica,2015M07,1091395.0,country,2015,7,2015-07-01,bélgica
Pernoctaciones,Total,Bélgica,2015M08,816688.0,country,2015,8,2015-08-01,bélgica
Pernoctaciones,Total,Bélgica,2015M09,771805.0,country,2015,9,2015-09-01,bélgica
Pernoctaciones,Total,Bélgica,2015M10,483594.0,country,2015,10,2015-10-01,bélgica
Pernoctaciones,Total,Bélgica,2015M11,390171.0,country,2015,11,2015-11-01,bélgica
Pernoctaciones,Total,Bélgica,2015M12,303565.0,country,2015,12,2015-12-01,bélgica
Pernoctaciones,Total,Bélgica,2016M01,302650.0,country,2016,1,2016-01-01,bélgica
Pernoctaciones,Total,Bélgica,2016M02,326000.0,country,2016,2,2016-02-01,bélgica
Pernoctaciones,Total,Bélgica,2016M03,411052.0,country,2016,3,2016-03-01,bélgica
Pernoctaciones,Total,Bélgica,2016M04,451424.0,country,2016,4,2016-04-01,bélgica
Pernoctaciones,Total,Bélgica,2016M05,593391.0,country,2016,5,2016-05-01,bélgica
Pernoctaciones,Total,Bélgica,2016M06,610748.0,country,2016,6,2016-06-01,bélgica
Pernoctaciones,Total,Bélgica,2016M07,1086490.0,country,2016,7,2016-07-01,bélgica
Pernoctaciones,Total,Bélgica,2016M08,842412.0,country,2016,8,2016-08-01,bélgica
Pernoctaciones,Total,Bélgica,2016M09,773669.0,country,2016,9,2016-09-01,bélgica
Pernoctaciones,Total,Bélgica,2016M10,553845.0,country,2016,10,2016-10-01,bélgica
Pernoctaciones,Total,Bélgica,2016M11,387527.0,country,2016,11,2016-11-01,bélgica
Pernoctaciones,Total,Bélgica,2016M12,292936.0,country,2016,12,2016-12-01,bélgica
Pernoctaciones,Total,Bélgica,2017M01,314421.0,country,2017,1,2017-01-01,bélgica
Pernoctaciones,Total,Bélgica,2017M02,315493.0,country,2017,2,2017-02-01,bélgica
Pernoctaciones,Total,Bélgica,2017M03,372467.0,country,2017,3,2017-03-01,bélgica
Pernoctaciones,Total,Bélgica,2017M04,532579.0,country,2017,4,2017-04-01,bélgica
Pernoctaciones,Total,Bélgica,2017M05,602995.0,country,2017,5,2017-05-01,bélgica
Pernoctaciones,Total,Bélgica,2017M06,617834.0,country,2017,6,2017-06-01,bélgica
Pernoctaciones,Total,Bélgica,2017M07,1061047.0,country,2017,7,2017-07-01,bélgica
Pernoctaciones,Total,Bélgica,2017M08,788011.0,country,2017,8,2017-08-01,bélgica
Pernoctaciones,Total,Bélgica,2017M09,774437.0,country,2017,9,2017-09-01,bélgica
Pernoctaciones,Total,Bélgica,2017M10,562132.0,country,2017,10,2017-10-01,bélgica
Pernoctaciones,Total,Bélgica,2017M11,350029.0,country,2017,11,2017-11-01,bélgica
Pernoctaciones,Total,Bélgica,2017M12,296293.0,country,2017,12,2017-12-01,bélgica
Pernoctaciones,Total,Bélgica,2018M01,313202.0,country,2018,1,2018-01-01,bélgica
Pernoctaciones,Total,Bélgica,2018M02,349347.0,country,2018,2,2018-02-01,bélgica
Pernoctaciones,Total,Bélgica,2018M03,363762.0,country,2018,3,2018-03-01,bélgica
Pernoctaciones,Total,Bélgica,2018M04,552821.0,country,2018,4,2018-04-01,bélgica
Pernoctaciones,Total,Bélgica,2018M05,581955.0,country,2018,5,2018-05-01,bélgica
Pernoctaciones,Total,Bélgica,2018M06,602687.0,country,2018,6,2018-06-01,bélgica
Pernoctaciones,Total,Bélgica,2018M07,995833.0,country,2018,7,2018-07-01,bélgica
Pernoctaciones,Total,Bélgica,2018M08,730250.0,country,2018,8,2018-08-01,bélgica
Pernoctaciones,Total,Bélgica,2018M09,744044.0,country,2018,9,2018-09-01,bélgica
Pernoctaciones,Total,Bélgica,2018M10,579989.0,country,2018,10,2018-10-01,bélgica
Pernoctaciones,Total,Bélgica,2018M11,341498.0,country,2018,11,2018-11-01,bélgica
Pernoctaciones,Total,Bélgica,2018M12,315551.0,country,2018,12,2018-12-01,bélgica
Pernoctaciones,Total,Bélgica,2019M01,302953.0,country,2019,1,2019-01-01,bélgica
Pernoctaciones,Total,Bélgica,2019M02,290979.0,country,2019,2,2019-02-01,bélgica
Pernoctaciones,Total,Bélgica,2019M03,376899.0,country,2019,3,2019-03-01,bélgica
Pernoctaciones,Total,Bélgica,2019M04,523349.0,country,2019,4,2019-04-01,bélgica
Pernoctaciones,Total,Bélgica,2019M05,577326.0,country,2019,5,2019-05-01,bélgica
Pernoctaciones,Total,Bélgica,2019M06,620360.0,country,2019,6,2019-06-01,bélgica
Pernoctaciones,Total,Bélgica,2019M07,924835.0,country,2019,7,2019-07-01,bélgica
Pernoctaciones,Total,Bélgica,2019M08,696188.0,country,2019,8,2019-08-01,bélgica
Pernoctaciones,Total,Bélgica,2019M09,703041.0,country,2019,9,2019-09-01,bélgica
Pernoctaciones,Total,Bélgica,2019M10,544885.0,country,2019,10,2019-10-01,bélgica
Pernoctaciones,Total,Bélgica,2019M11,316536.0,country,2019,11,2019-11-01,bélgica
Pernoctaciones,Total,Bélgica,2019M12,309081.0,country,2019,12,2019-12-01,bélgica
Pernoctaciones,Total,Dinamarca,2015M01,178082.0,country,2015,1,2015-01-01,dinamarca
Pernoctaciones,Total,Dinamarca,2015M02,204430.0,country,2015,2,2015-02-01,dinamarca
Pernoctaciones,Total,Dinamarca,2015M03,240276.0,country,2015,3,2015-03-01,dinamarca
Pernoctaciones,Total,Dinamarca,2015M04,206570.0,country,2015,4,2015-04-01,dinamarca
Pernoctaciones,Total,Dinamarca,2015M05,160929.0,country,2015,5,2015-05-01,dinamarca
Pernoctaciones,Total,Dinamarca,2015M06,167054.0,country,2015,6,2015-06-01,dinamarca
Pernoctaciones,Total,Dinamarca,2015M07,354897.0,country,2015,7,2015-07-01,dinamarca
Pernoctaciones,Total,Dinamarca,2015M08,188611.0,country,2015,8,2015-08-01,dinamarca
Pernoctaciones,Total,Dinamarca,2015M09,193455.0,country,2015,9,2015-09-01,dinamarca
Pernoctaciones,Total,Dinamarca,2015M10,263646.0,country,2015,10,2015-10-01,dinamarca
Pernoctaciones,Total,Dinamarca,2015M11,174983.0,country,2015,11,2015-11-01,dinamarca
Pernoctaciones,Total,Dinamarca,2015M12,137304.0,country,2015,12,2015-12-01,dinamarca
Pernoctaciones,Total,Dinamarca,2016M01,186699.0,country,2016,1,2016-01-01,dinamarca
Pernoctaciones,Total,Dinamarca,2016M02,246525.0,country,2016,2,2016-02-01,dinamarca
Pernoctaciones,Total,Dinamarca,2016M03,264999.0,country,2016,3,2016-03-01,dinamarca
Pernoctaciones,Total,Dinamarca,2016M04,224078.0,country,2016,4,2016-04-01,dinamarca
Pernoctaciones,Total,Dinamarca,2016M05,204074.0,country,2016,5,2016-05-01,dinamarca
Pernoctaciones,Total,Dinamarca,2016M06,219483.0,country,2016,6,2016-06-01,dinamarca
Pernoctaciones,Total,Dinamarca,2016M07,444675.0,country,2016,7,2016-07-01,dinamarca
Pernoctaciones,Total,Dinamarca,2016M08,257879.0,country,2016,8,2016-08-01,dinamarca
Pernoctaciones,Total,Dinamarca,2016M09,257501.0,country,2016,9,2016-09-01,dinamarca
Pernoctaciones,Total,Dinamarca,2016M10,299425.0,country,2016,10,2016-10-01,dinamarca
Pernoctaciones,Total,Dinamarca,2016M11,196090.0,country,2016,11,2016-11-01,dinamarca
Pernoctaciones,Total,Dinamarca,2016M12,153252.0,country,2016,12,2016-12-01,dinamarca
Pernoctaciones,Total,Dinamarca,2017M01,210569.0,country,2017,1,2017-01-01,dinamarca
Pernoctaciones,Total,Dinamarca,2017M02,255853.0,country,2017,2,2017-02-01,dinamarca
Pernoctaciones,Total,Dinamarca,2017M03,287363.0,country,2017,3,2017-03-01,dinamarca
Pernoctaciones,Total,Dinamarca,2017M04,259703.0,country,2017,4,2017-04-01,dinamarca
Pernoctaciones,Total,Dinamarca,2017M05,246603.0,country,2017,5,2017-05-01,dinamarca
Pernoctaciones,Total,Dinamarca,2017M06,269528.0,country,2017,6,2017-06-01,dinamarca
Pernoctaciones,Total,Dinamarca,2017M07,482933.0,country,2017,7,2017-07-01,dinamarca
Pernoctaciones,Total,Dinamarca,2017M08,283158.0,country,2017,8,2017-08-01,dinamarca
Pernoctaciones,Total,Dinamarca,2017M09,296210.0,country,2017,9,2017-09-01,dinamarca
Pernoctaciones,Total,Dinamarca,2017M10,330676.0,country,2017,10,2017-10-01,dinamarca
Pernoctaciones,Total,Dinamarca,2017M11,211547.0,country,2017,11,2017-11-01,dinamarca
Pernoctaciones,Total,Dinamarca,2017M12,169659.0,country,2017,12,2017-12-01,dinamarca
Pernoctaciones,Total,Dinamarca,2018M01,241348.0,country,2018,1,2018-01-01,dinamarca
Pernoctaciones,Total,Dinamarca,2018M02,266689.0,country,2018,2,2018-02-01,dinamarca
Pernoctaciones,Total,Dinamarca,2018M03,328675.0,country,2018,3,2018-03-01,dinamarca
Pernoctaciones,Total,Dinamarca,2018M04,251256.0,country,2018,4,2018-04-01,dinamarca
Pernoctaciones,Total,Dinamarca,2018M05,249773.0,country,2018,5,2018-05-01,dinamarca
Pernoctaciones,Total,Dinamarca,2018M06,240024.0,country,2018,6,2018-06-01,dinamarca
Pernoctaciones,Total,Dinamarca,2018M07,488816.0,country,2018,7,2018-07-01,dinamarca
Pernoctaciones,Total,Dinamarca,2018M08,287154.0,country,2018,8,2018-08-01,dinamarca
Pernoctaciones,Total,Dinamarca,2018M09,268288.0,country,2018,9,2018-09-01,dinamarca
Pernoctaciones,Total,Dinamarca,2018M10,318407.0,country,2018,10,2018-10-01,dinamarca
Pernoctaciones,Total,Dinamarca,2018M11,193476.0,country,2018,11,2018-11-01,dinamarca
Pernoctaciones,Total,Dinamarca,2018M12,147830.0,country,2018,12,2018-12-01,dinamarca
Pernoctaciones,Total,Dinamarca,2019M01,213360.0,country,2019,1,2019-01-01,dinamarca
Pernoctaciones,Total,Dinamarca,2019M02,245841.0,country,2019,2,2019-02-01,dinamarca
Pernoctaciones,Total,Dinamarca,2019M03,273261.0,country,2019,3,2019-03-01,dinamarca
Pernoctaciones,Total,Dinamarca,2019M04,260684.0,country,2019,4,2019-04-01,dinamarca
Pernoctaciones,Total,Dinamarca,2019M05,272581.0,country,2019,5,2019-05-01,dinamarca
Pernoctaciones,Total,Dinamarca,2019M06,247667.0,country,2019,6,2019-06-01,dinamarca
Pernoctaciones,Total,Dinamarca,2019M07,450541.0,country,2019,7,2019-07-01,dinamarca
Pernoctaciones,Total,Dinamarca,2019M08,266932.0,country,2019,8,2019-08-01,dinamarca
Pernoctaciones,Total,Dinamarca,2019M09,268002.0,country,2019,9,2019-09-01,dinamarca
Pernoctaciones,Total,Dinamarca,2019M10,325600.0,country,2019,10,2019-10-01,dinamarca
Pernoctaciones,Total,Dinamarca,2019M11,199051.0,country,2019,11,2019-11-01,dinamarca
Pernoctaciones,Total,Dinamarca,2019M12,169094.0,country,2019,12,2019-12-01,dinamarca
Pernoctaciones,Total,Finlandia,2015M01,160446.0,country,2015,1,2015-01-01,finlandia
Pernoctaciones,Total,Finlandia,2015M02,167524.0,country,2015,2,2015-02-01,finlandia
Pernoctaciones,Total,Finlandia,2015M03,197561.0,country,2015,3,2015-03-01,finlandia
Pernoctaciones,Total,Finlandia,2015M04,152979.0,country,2015,4,2015-04-01,finlandia
Pernoctaciones,Total,Finlandia,2015M05,101978.0,country,2015,5,2015-05-01,finlandia
Pernoctaciones,Total,Finlandia,2015M06,139480.0,country,2015,6,2015-06-01,finlandia
Pernoctaciones,Total,Finlandia,2015M07,137571.0,country,2015,7,2015-07-01,finlandia
Pernoctaciones,Total,Finlandia,2015M08,75074.0,country,2015,8,2015-08-01,finlandia
Pernoctaciones,Total,Finlandia,2015M09,87886.0,country,2015,9,2015-09-01,finlandia
Pernoctaciones,Total,Finlandia,2015M10,171521.0,country,2015,10,2015-10-01,finlandia
Pernoctaciones,Total,Finlandia,2015M11,197045.0,country,2015,11,2015-11-01,finlandia
Pernoctaciones,Total,Finlandia,2015M12,166969.0,country,2015,12,2015-12-01,finlandia
Pernoctaciones,Total,Finlandia,2016M01,161873.0,country,2016,1,2016-01-01,finlandia
Pernoctaciones,Total,Finlandia,2016M02,174064.0,country,2016,2,2016-02-01,finlandia
Pernoctaciones,Total,Finlandia,2016M03,200429.0,country,2016,3,2016-03-01,finlandia
Pernoctaciones,Total,Finlandia,2016M04,141853.0,country,2016,4,2016-04-01,finlandia
Pernoctaciones,Total,Finlandia,2016M05,92579.0,country,2016,5,2016-05-01,finlandia
Pernoctaciones,Total,Finlandia,2016M06,100158.0,country,2016,6,2016-06-01,finlandia
Pernoctaciones,Total,Finlandia,2016M07,105118.0,country,2016,7,2016-07-01,finlandia
Pernoctaciones,Total,Finlandia,2016M08,74187.0,country,2016,8,2016-08-01,finlandia
Pernoctaciones,Total,Finlandia,2016M09,81416.0,country,2016,9,2016-09-01,finlandia
Pernoctaciones,Total,Finlandia,2016M10,178822.0,country,2016,10,2016-10-01,finlandia
Pernoctaciones,Total,Finlandia,2016M11,207697.0,country,2016,11,2016-11-01,finlandia
Pernoctaciones,Total,Finlandia,2016M12,184896.0,country,2016,12,2016-12-01,finlandia
Pernoctaciones,Total,Finlandia,2017M01,175705.0,country,2017,1,2017-01-01,finlandia
Pernoctaciones,Total,Finlandia,2017M02,193576.0,country,2017,2,2017-02-01,finlandia
Pernoctaciones,Total,Finlandia,2017M03,223071.0,country,2017,3,2017-03-01,finlandia
Pernoctaciones,Total,Finlandia,2017M04,175169.0,country,2017,4,2017-04-01,finlandia
Pernoctaciones,Total,Finlandia,2017M05,111179.0,country,2017,5,2017-05-01,finlandia
Pernoctaciones,Total,Finlandia,2017M06,115755.0,country,2017,6,2017-06-01,finlandia
Pernoctaciones,Total,Finlandia,2017M07,110639.0,country,2017,7,2017-07-01,finlandia
Pernoctaciones,Total,Finlandia,2017M08,79155.0,country,2017,8,2017-08-01,finlandia
Pernoctaciones,Total,Finlandia,2017M09,109753.0,country,2017,9,2017-09-01,finlandia
Pernoctaciones,Total,Finlandia,2017M10,223679.0,country,2017,10,2017-10-01,finlandia
Pernoctaciones,Total,Finlandia,2017M11,243722.0,country,2017,11,2017-11-01,finlandia
Pernoctaciones,Total,Finlandia,2017M12,211147.0,country,2017,12,2017-12-01,finlandia
Pernoctaciones,Total,Finlandia,2018M01,195262.0,country,2018,1,2018-01-01,finlandia
Pernoctaciones,Total,Finlandia,2018M02,205868.0,country,2018,2,2018-02-01,finlandia
Pernoctaciones,Total,Finlandia,2018M03,244066.0,country,2018,3,2018-03-01,finlandia
Pernoctaciones,Total,Finlandia,2018M04,192398.0,country,2018,4,2018-04-01,finlandia
Pernoctaciones,Total,Finlandia,2018M05,125215.0,country,2018,5,2018-05-01,finlandia
Pernoctaciones,Total,Finlandia,2018M06,130965.0,country,2018,6,2018-06-01,finlandia
Pernoctaciones,Total,Finlandia,2018M07,142762.0,country,2018,7,2018-07-01,finlandia
Pernoctaciones,Total,Finlandia,2018M08,84757.0,country,2018,8,2018-08-01,finlandia
Pernoctaciones,Total,Finlandia,2018M09,113730.0,country,2018,9,2018-09-01,finlandia
Pernoctaciones,Total,Finlandia,2018M10,227312.0,country,2018,10,2018-10-01,finlandia
Pernoctaciones,Total,Finlandia,2018M11,250466.0,country,2018,11,2018-11-01,finlandia
Pernoctaciones,Total,Finlandia,2018M12,212044.0,country,2018,12,2018-12-01,finlandia
Pernoctaciones,Total,Finlandia,2019M01,179145.0,country,2019,1,2019-01-01,finlandia
Pernoctaciones,Total,Finlandia,2019M02,200791.0,country,2019,2,2019-02-01,finlandia
Pernoctaciones,Total,Finlandia,2019M03,242644.0,country,2019,3,2019-03-01,finlandia
Pernoctaciones,Total,Finlandia,2019M04,176762.0,country,2019,4,2019-04-01,finlandia
Pernoctaciones,Total,Finlandia,2019M05,126669.0,country,2019,5,2019-05-01,finlandia
Pernoctaciones,Total,Finlandia,2019M06,123849.0,country,2019,6,2019-06-01,finlandia
Pernoctaciones,Total,Finlandia,2019M07,118991.0,country,2019,7,2019-07-01,finlandia
Pernoctaciones,Total,Finlandia,2019M08,86727.0,country,2019,8,2019-08-01,finlandia
Pernoctaciones,Total,Finlandia,2019M09,109482.0,country,2019,9,2019-09-01,finlandia
Pernoctaciones,Total,Finlandia,2019M10,214246.0,country,2019,10,2019-10-01,finlandia
Pernoctaciones,Total,Finlandia,2019M11,241854.0,country,2019,11,2019-11-01,finlandia
Pernoctaciones,Total,Finlandia,2019M12,202890.0,country,2019,12,2019-12-01,finlandia
Pernoctaciones,Total,Francia,2015M01,520010.0,country,2015,1,2015-01-01,francia
Pernoctaciones,Total,Francia,2015M02,654388.0,country,2015,2,2015-02-01,francia
Pernoctaciones,Total,Francia,2015M03,704031.0,country,2015,3,2015-03-01,francia
Pernoctaciones,Total,Francia,2015M04,1539301.0,country,2015,4,2015-04-01,francia
Pernoctaciones,Total,Francia,2015M05,2025645.0,country,2015,5,2015-05-01,francia
Pernoctaciones,Total,Francia,2015M06,1447298.0,country,2015,6,2015-06-01,francia
Pernoctaciones,Total,Francia,2015M07,2060576.0,country,2015,7,2015-07-01,francia
Pernoctaciones,Total,Francia,2015M08,3287796.0,country,2015,8,2015-08-01,francia
Pernoctaciones,Total,Francia,2015M09,1701790.0,country,2015,9,2015-09-01,francia
Pernoctaciones,Total,Francia,2015M10,1561304.0,country,2015,10,2015-10-01,francia
Pernoctaciones,Total,Francia,2015M11,576345.0,country,2015,11,2015-11-01,francia
Pernoctaciones,Total,Francia,2015M12,588843.0,country,2015,12,2015-12-01,francia
Pernoctaciones,Total,Francia,2016M01,568251.0,country,2016,1,2016-01-01,francia
Pernoctaciones,Total,Francia,2016M02,716373.0,country,2016,2,2016-02-01,francia
Pernoctaciones,Total,Francia,2016M03,784240.0,country,2016,3,2016-03-01,francia
Pernoctaciones,Total,Francia,2016M04,1780826.0,country,2016,4,2016-04-01,francia
Pernoctaciones,Total,Francia,2016M05,1953669.0,country,2016,5,2016-05-01,francia
Pernoctaciones,Total,Francia,2016M06,1653143.0,country,2016,6,2016-06-01,francia
Pernoctaciones,Total,Francia,2016M07,2294437.0,country,2016,7,2016-07-01,francia
Pernoctaciones,Total,Francia,2016M08,3296911.0,country,2016,8,2016-08-01,francia
Pernoctaciones,Total,Francia,2016M09,1872300.0,country,2016,9,2016-09-01,francia
Pernoctaciones,Total,Francia,2016M10,1709345.0,country,2016,10,2016-10-01,francia
Pernoctaciones,Total,Francia,2016M11,619679.0,country,2016,11,2016-11-01,francia
Pernoctaciones,Total,Francia,2016M12,639906.0,country,2016,12,2016-12-01,francia
Pernoctaciones,Total,Francia,2017M01,571545.0,country,2017,1,2017-01-01,francia
Pernoctaciones,Total,Francia,2017M02,761271.0,country,2017,2,2017-02-01,francia
Pernoctaciones,Total,Francia,2017M03,837391.0,country,2017,3,2017-03-01,francia
Pernoctaciones,Total,Francia,2017M04,1775276.0,country,2017,4,2017-04-01,francia
Pernoctaciones,Total,Francia,2017M05,1907221.0,country,2017,5,2017-05-01,francia
Pernoctaciones,Total,Francia,2017M06,1541498.0,country,2017,6,2017-06-01,francia
Pernoctaciones,Total,Francia,2017M07,2169004.0,country,2017,7,2017-07-01,francia
Pernoctaciones,Total,Francia,2017M08,3073400.0,country,2017,8,2017-08-01,francia
Pernoctaciones,Total,Francia,2017M09,1798954.0,country,2017,9,2017-09-01,francia
Pernoctaciones,Total,Francia,2017M10,1590921.0,country,2017,10,2017-10-01,francia
Pernoctaciones,Total,Francia,2017M11,624255.0,country,2017,11,2017-11-01,francia
Pernoctaciones,Total,Francia,2017M12,569426.0,country,2017,12,2017-12-01,francia
Pernoctaciones,Total,Francia,2018M01,636950.0,country,2018,1,2018-01-01,francia
Pernoctaciones,Total,Francia,2018M02,696580.0,country,2018,2,2018-02-01,francia
Pernoctaciones,Total,Francia,2018M03,817635.0,country,2018,3,2018-03-01,francia
Pernoctaciones,Total,Francia,2018M04,1610811.0,country,2018,4,2018-04-01,francia
Pernoctaciones,Total,Francia,2018M05,2158727.0,country,2018,5,2018-05-01,francia
Pernoctaciones,Total,Francia,2018M06,1629540.0,country,2018,6,2018-06-01,francia
Pernoctaciones,Total,Francia,2018M07,2231736.0,country,2018,7,2018-07-01,francia
Pernoctaciones,Total,Francia,2018M08,3366130.0,country,2018,8,2018-08-01,francia
Pernoctaciones,Total,Francia,2018M09,1857942.0,country,2018,9,2018-09-01,francia
Pernoctaciones,Total,Francia,2018M10,1731993.0,country,2018,10,2018-10-01,francia
Pernoctaciones,Total,Francia,2018M11,621364.0,country,2018,11,2018-11-01,francia
Pernoctaciones,Total,Francia,2018M12,597195.0,country,2018,12,2018-12-01,francia
Pernoctaciones,Total,Francia,2019M01,634498.0,country,2019,1,2019-01-01,francia
Pernoctaciones,Total,Francia,2019M02,756204.0,country,2019,2,2019-02-01,francia
Pernoctaciones,Total,Francia,2019M03,836118.0,country,2019,3,2019-03-01,francia
Pernoctaciones,Total,Francia,2019M04,1619949.0,country,2019,4,2019-04-01,francia
Pernoctaciones,Total,Francia,2019M05,1948573.0,country,2019,5,2019-05-01,francia
Pernoctaciones,Total,Francia,2019M06,1705922.0,country,2019,6,2019-06-01,francia
Pernoctaciones,Total,Francia,2019M07,2214272.0,country,2019,7,2019-07-01,francia
Pernoctaciones,Total,Francia,2019M08,3515752.0,country,2019,8,2019-08-01,francia
Pernoctaciones,Total,Francia,2019M09,1874016.0,country,2019,9,2019-09-01,francia
Pernoctaciones,Total,Francia,2019M10,1663413.0,country,2019,10,2019-10-01,francia
Pernoctaciones,Total,Francia,2019M11,670376.0,country,2019,11,2019-11-01,francia
Pernoctaciones,Total,Francia,2019M12,629209.0,country,2019,12,2019-12-01,francia
Pernoctaciones,Total,Grecia,2015M01,12185.0,country,2015,1,2015-01-01,grecia
Pernoctaciones,Total,Grecia,2015M02,17740.0,country,2015,2,2015-02-01,grecia
Pernoctaciones,Total,Grecia,2015M03,21046.0,country,2015,3,2015-03-01,grecia
Pernoctaciones,Total,Grecia,2015M04,25981.0,country,2015,4,2015-04-01,grecia
Pernoctaciones,Total,Grecia,2015M05,32148.0,country,2015,5,2015-05-01,grecia
Pernoctaciones,Total,Grecia,2015M06,24437.0,country,2015,6,2015-06-01,grecia
Pernoctaciones,Total,Grecia,2015M07,26883.0,country,2015,7,2015-07-01,grecia
Pernoctaciones,Total,Grecia,2015M08,28869.0,country,2015,8,2015-08-01,grecia
Pernoctaciones,Total,Grecia,2015M09,23817.0,country,2015,9,2015-09-01,grecia
Pernoctaciones,Total,Grecia,2015M10,25548.0,country,2015,10,2015-10-01,grecia
Pernoctaciones,Total,Grecia,2015M11,20751.0,country,2015,11,2015-11-01,grecia
Pernoctaciones,Total,Grecia,2015M12,17004.0,country,2015,12,2015-12-01,grecia
Pernoctaciones,Total,Grecia,2016M01,15227.0,country,2016,1,2016-01-01,grecia
Pernoctaciones,Total,Grecia,2016M02,19480.0,country,2016,2,2016-02-01,grecia
Pernoctaciones,Total,Grecia,2016M03,19482.0,country,2016,3,2016-03-01,grecia
Pernoctaciones,Total,Grecia,2016M04,23695.0,country,2016,4,2016-04-01,grecia
Pernoctaciones,Total,Grecia,2016M05,25855.0,country,2016,5,2016-05-01,grecia
Pernoctaciones,Total,Grecia,2016M06,24553.0,country,2016,6,2016-06-01,grecia
Pernoctaciones,Total,Grecia,2016M07,37851.0,country,2016,7,2016-07-01,grecia
Pernoctaciones,Total,Grecia,2016M08,31878.0,country,2016,8,2016-08-01,grecia
Pernoctaciones,Total,Grecia,2016M09,30337.0,country,2016,9,2016-09-01,grecia
Pernoctaciones,Total,Grecia,2016M10,34243.0,country,2016,10,2016-10-01,grecia
Pernoctaciones,Total,Grecia,2016M11,24063.0,country,2016,11,2016-11-01,grecia
Pernoctaciones,Total,Grecia,2016M12,19180.0,country,2016,12,2016-12-01,grecia
Pernoctaciones,Total,Grecia,2017M01,17493.0,country,2017,1,2017-01-01,grecia
Pernoctaciones,Total,Grecia,2017M02,18902.0,country,2017,2,2017-02-01,grecia
Pernoctaciones,Total,Grecia,2017M03,24770.0,country,2017,3,2017-03-01,grecia
Pernoctaciones,Total,Grecia,2017M04,29678.0,country,2017,4,2017-04-01,grecia
Pernoctaciones,Total,Grecia,2017M05,28930.0,country,2017,5,2017-05-01,grecia
Pernoctaciones,Total,Grecia,2017M06,28835.0,country,2017,6,2017-06-01,grecia
Pernoctaciones,Total,Grecia,2017M07,37013.0,country,2017,7,2017-07-01,grecia
Pernoctaciones,Total,Grecia,2017M08,40606.0,country,2017,8,2017-08-01,grecia
Pernoctaciones,Total,Grecia,2017M09,24369.0,country,2017,9,2017-09-01,grecia
Pernoctaciones,Total,Grecia,2017M10,30404.0,country,2017,10,2017-10-01,grecia
Pernoctaciones,Total,Grecia,2017M11,20962.0,country,2017,11,2017-11-01,grecia
Pernoctaciones,Total,Grecia,2017M12,18927.0,country,2017,12,2017-12-01,grecia
Pernoctaciones,Total,Grecia,2018M01,16926.0,country,2018,1,2018-01-01,grecia
Pernoctaciones,Total,Grecia,2018M02,20823.0,country,2018,2,2018-02-01,grecia
Pernoctaciones,Total,Grecia,2018M03,23901.0,country,2018,3,2018-03-01,grecia
Pernoctaciones,Total,Grecia,2018M04,31072.0,country,2018,4,2018-04-01,grecia
Pernoctaciones,Total,Grecia,2018M05,31481.0,country,2018,5,2018-05-01,grecia
Pernoctaciones,Total,Grecia,2018M06,36824.0,country,2018,6,2018-06-01,grecia
Pernoctaciones,Total,Grecia,2018M07,34080.0,country,2018,7,2018-07-01,grecia
Pernoctaciones,Total,Grecia,2018M08,39831.0,country,2018,8,2018-08-01,grecia
Pernoctaciones,Total,Grecia,2018M09,30916.0,country,2018,9,2018-09-01,grecia
Pernoctaciones,Total,Grecia,2018M10,31429.0,country,2018,10,2018-10-01,grecia
Pernoctaciones,Total,Grecia,2018M11,39144.0,country,2018,11,2018-11-01,grecia
Pernoctaciones,Total,Grecia,2018M12,27890.0,country,2018,12,2018-12-01,grecia
Pernoctaciones,Total,Grecia,2019M01,22831.0,country,2019,1,2019-01-01,grecia
Pernoctaciones,Total,Grecia,2019M02,24663.0,country,2019,2,2019-02-01,grecia
Pernoctaciones,Total,Grecia,2019M03,31171.0,country,2019,3,2019-03-01,grecia
Pernoctaciones,Total,Grecia,2019M04,34899.0,country,2019,4,2019-04-01,grecia
Pernoctaciones,Total,Grecia,2019M05,39968.0,country,2019,5,2019-05-01,grecia
Pernoctaciones,Total,Grecia,2019M06,33130.0,country,2019,6,2019-06-01,grecia
Pernoctaciones,Total,Grecia,2019M07,30313.0,country,2019,7,2019-07-01,grecia
Pernoctaciones,Total,Grecia,2019M08,39003.0,country,2019,8,2019-08-01,grecia
Pernoctaciones,Total,Grecia,2019M09,33778.0,country,2019,9,2019-09-01,grecia
Pernoctaciones,Total,Grecia,2019M10,36037.0,country,2019,10,2019-10-01,grecia
Pernoctaciones,Total,Grecia,2019M11,35155.0,country,2019,11,2019-11-01,grecia
Pernoctaciones,Total,Grecia,2019M12,35963.0,country,2019,12,2019-12-01,grecia
Pernoctaciones,Total,Irlanda,2015M01,120304.0,country,2015,1,2015-01-01,irlanda
Pernoctaciones,Total,Irlanda,2015M02,126631.0,country,2015,2,2015-02-01,irlanda
Pernoctaciones,Total,Irlanda,2015M03,151821.0,country,2015,3,2015-03-01,irlanda
Pernoctaciones,Total,Irlanda,2015M04,224971.0,country,2015,4,2015-04-01,irlanda
Pernoctaciones,Total,Irlanda,2015M05,354408.0,country,2015,5,2015-05-01,irlanda
Pernoctaciones,Total,Irlanda,2015M06,429280.0,country,2015,6,2015-06-01,irlanda
Pernoctaciones,Total,Irlanda,2015M07,443692.0,country,2015,7,2015-07-01,irlanda
Pernoctaciones,Total,Irlanda,2015M08,404032.0,country,2015,8,2015-08-01,irlanda
Pernoctaciones,Total,Irlanda,2015M09,405950.0,country,2015,9,2015-09-01,irlanda
Pernoctaciones,Total,Irlanda,2015M10,324739.0,country,2015,10,2015-10-01,irlanda
Pernoctaciones,Total,Irlanda,2015M11,136496.0,country,2015,11,2015-11-01,irlanda
Pernoctaciones,Total,Irlanda,2015M12,117324.0,country,2015,12,2015-12-01,irlanda
Pernoctaciones,Total,Irlanda,2016M01,144888.0,country,2016,1,2016-01-01,irlanda
Pernoctaciones,Total,Irlanda,2016M02,157126.0,country,2016,2,2016-02-01,irlanda
Pernoctaciones,Total,Irlanda,2016M03,204404.0,country,2016,3,2016-03-01,irlanda
Pernoctaciones,Total,Irlanda,2016M04,259380.0,country,2016,4,2016-04-01,irlanda
Pernoctaciones,Total,Irlanda,2016M05,407819.0,country,2016,5,2016-05-01,irlanda
Pernoctaciones,Total,Irlanda,2016M06,471538.0,country,2016,6,2016-06-01,irlanda
Pernoctaciones,Total,Irlanda,2016M07,499758.0,country,2016,7,2016-07-01,irlanda
Pernoctaciones,Total,Irlanda,2016M08,448795.0,country,2016,8,2016-08-01,irlanda
Pernoctaciones,Total,Irlanda,2016M09,437483.0,country,2016,9,2016-09-01,irlanda
Pernoctaciones,Total,Irlanda,2016M10,361041.0,country,2016,10,2016-10-01,irlanda
Pernoctaciones,Total,Irlanda,2016M11,172659.0,country,2016,11,2016-11-01,irlanda
Pernoctaciones,Total,Irlanda,2016M12,121116.0,country,2016,12,2016-12-01,irlanda
Pernoctaciones,Total,Irlanda,2017M01,164690.0,country,2017,1,2017-01-01,irlanda
Pernoctaciones,Total,Irlanda,2017M02,157952.0,country,2017,2,2017-02-01,irlanda
Pernoctaciones,Total,Irlanda,2017M03,197288.0,country,2017,3,2017-03-01,irlanda
Pernoctaciones,Total,Irlanda,2017M04,286247.0,country,2017,4,2017-04-01,irlanda
Pernoctaciones,Total,Irlanda,2017M05,406111.0,country,2017,5,2017-05-01,irlanda
Pernoctaciones,Total,Irlanda,2017M06,552089.0,country,2017,6,2017-06-01,irlanda
Pernoctaciones,Total,Irlanda,2017M07,549141.0,country,2017,7,2017-07-01,irlanda
Pernoctaciones,Total,Irlanda,2017M08,492633.0,country,2017,8,2017-08-01,irlanda
Pernoctaciones,Total,Irlanda,2017M09,480620.0,country,2017,9,2017-09-01,irlanda
Pernoctaciones,Total,Irlanda,2017M10,378870.0,country,2017,10,2017-10-01,irlanda
Pernoctaciones,Total,Irlanda,2017M11,172727.0,country,2017,11,2017-11-01,irlanda
Pernoctaciones,Total,Irlanda,2017M12,135346.0,country,2017,12,2017-12-01,irlanda
Pernoctaciones,Total,Irlanda,2018M01,177148.0,country,2018,1,2018-01-01,irlanda
Pernoctaciones,Total,Irlanda,2018M02,165827.0,country,2018,2,2018-02-01,irlanda
Pernoctaciones,Total,Irlanda,2018M03,218097.0,country,2018,3,2018-03-01,irlanda
Pernoctaciones,Total,Irlanda,2018M04,306965.0,country,2018,4,2018-04-01,irlanda
Pernoctaciones,Total,Irlanda,2018M05,518107.0,country,2018,5,2018-05-01,irlanda
Pernoctaciones,Total,Irlanda,2018M06,608159.0,country,2018,6,2018-06-01,irlanda
Pernoctaciones,Total,Irlanda,2018M07,605858.0,country,2018,7,2018-07-01,irlanda
Pernoctaciones,Total,Irlanda,2018M08,525440.0,country,2018,8,2018-08-01,irlanda
Pernoctaciones,Total,Irlanda,2018M09,530482.0,country,2018,9,2018-09-01,irlanda
Pernoctaciones,Total,Irlanda,2018M10,424232.0,country,2018,10,2018-10-01,irlanda
Pernoctaciones,Total,Irlanda,2018M11,178787.0,country,2018,11,2018-11-01,irlanda
Pernoctaciones,Total,Irlanda,2018M12,149230.0,country,2018,12,2018-12-01,irlanda
Pernoctaciones,Total,Irlanda,2019M01,181798.0,country,2019,1,2019-01-01,irlanda
Pernoctaciones,Total,Irlanda,2019M02,184225.0,country,2019,2,2019-02-01,irlanda
Pernoctaciones,Total,Irlanda,2019M03,224832.0,country,2019,3,2019-03-01,irlanda
Pernoctaciones,Total,Irlanda,2019M04,369821.0,country,2019,4,2019-04-01,irlanda
Pernoctaciones,Total,Irlanda,2019M05,578565.0,country,2019,5,2019-05-01,irlanda
Pernoctaciones,Total,Irlanda,2019M06,708098.0,country,2019,6,2019-06-01,irlanda
Pernoctaciones,Total,Irlanda,2019M07,736783.0,country,2019,7,2019-07-01,irlanda
Pernoctaciones,Total,Irlanda,2019M08,660174.0,country,2019,8,2019-08-01,irlanda
Pernoctaciones,Total,Irlanda,2019M09,623853.0,country,2019,9,2019-09-01,irlanda
Pernoctaciones,Total,Irlanda,2019M10,470852.0,country,2019,10,2019-10-01,irlanda
Pernoctaciones,Total,Irlanda,2019M11,196533.0,country,2019,11,2019-11-01,irlanda
Pernoctaciones,Total,Irlanda,2019M12,168989.0,country,2019,12,2019-12-01,irlanda
Pernoctaciones,Total,Italia,2015M01,423753.0,country,2015,1,2015-01-01,italia
Pernoctaciones,Total,Italia,2015M02,366760.0,country,2015,2,2015-02-01,italia
Pernoctaciones,Total,Italia,2015M03,436761.0,country,2015,3,2015-03-01,italia
Pernoctaciones,Total,Italia,2015M04,571742.0,country,2015,4,2015-04-01,italia
Pernoctaciones,Total,Italia,2015M05,633868.0,country,2015,5,2015-05-01,italia
Pernoctaciones,Total,Italia,2015M06,839926.0,country,2015,6,2015-06-01,italia
Pernoctaciones,Total,Italia,2015M07,1114416.0,country,2015,7,2015-07-01,italia
Pernoctaciones,Total,Italia,2015M08,1804860.0,country,2015,8,2015-08-01,italia
Pernoctaciones,Total,Italia,2015M09,921126.0,country,2015,9,2015-09-01,italia
Pernoctaciones,Total,Italia,2015M10,547351.0,country,2015,10,2015-10-01,italia
Pernoctaciones,Total,Italia,2015M11,424227.0,country,2015,11,2015-11-01,italia
Pernoctaciones,Total,Italia,2015M12,437715.0,country,2015,12,2015-12-01,italia
Pernoctaciones,Total,Italia,2016M01,480791.0,country,2016,1,2016-01-01,italia
Pernoctaciones,Total,Italia,2016M02,427512.0,country,2016,2,2016-02-01,italia
Pernoctaciones,Total,Italia,2016M03,536012.0,country,2016,3,2016-03-01,italia
Pernoctaciones,Total,Italia,2016M04,617923.0,country,2016,4,2016-04-01,italia
Pernoctaciones,Total,Italia,2016M05,655482.0,country,2016,5,2016-05-01,italia
Pernoctaciones,Total,Italia,2016M06,940609.0,country,2016,6,2016-06-01,italia
Pernoctaciones,Total,Italia,2016M07,1173445.0,country,2016,7,2016-07-01,italia
Pernoctaciones,Total,Italia,2016M08,1824678.0,country,2016,8,2016-08-01,italia
Pernoctaciones,Total,Italia,2016M09,996478.0,country,2016,9,2016-09-01,italia
Pernoctaciones,Total,Italia,2016M10,638832.0,country,2016,10,2016-10-01,italia
Pernoctaciones,Total,Italia,2016M11,460281.0,country,2016,11,2016-11-01,italia
Pernoctaciones,Total,Italia,2016M12,477044.0,country,2016,12,2016-12-01,italia
Pernoctaciones,Total,Italia,2017M01,535878.0,country,2017,1,2017-01-01,italia
Pernoctaciones,Total,Italia,2017M02,455655.0,country,2017,2,2017-02-01,italia
Pernoctaciones,Total,Italia,2017M03,540418.0,country,2017,3,2017-03-01,italia
Pernoctaciones,Total,Italia,2017M04,642878.0,country,2017,4,2017-04-01,italia
Pernoctaciones,Total,Italia,2017M05,695557.0,country,2017,5,2017-05-01,italia
Pernoctaciones,Total,Italia,2017M06,970749.0,country,2017,6,2017-06-01,italia
Pernoctaciones,Total,Italia,2017M07,1221738.0,country,2017,7,2017-07-01,italia
Pernoctaciones,Total,Italia,2017M08,1764110.0,country,2017,8,2017-08-01,italia
Pernoctaciones,Total,Italia,2017M09,954969.0,country,2017,9,2017-09-01,italia
Pernoctaciones,Total,Italia,2017M10,629574.0,country,2017,10,2017-10-01,italia
Pernoctaciones,Total,Italia,2017M11,454534.0,country,2017,11,2017-11-01,italia
Pernoctaciones,Total,Italia,2017M12,442611.0,country,2017,12,2017-12-01,italia
Pernoctaciones,Total,Italia,2018M01,500339.0,country,2018,1,2018-01-01,italia
Pernoctaciones,Total,Italia,2018M02,448799.0,country,2018,2,2018-02-01,italia
Pernoctaciones,Total,Italia,2018M03,548052.0,country,2018,3,2018-03-01,italia
Pernoctaciones,Total,Italia,2018M04,659187.0,country,2018,4,2018-04-01,italia
Pernoctaciones,Total,Italia,2018M05,680452.0,country,2018,5,2018-05-01,italia
Pernoctaciones,Total,Italia,2018M06,960050.0,country,2018,6,2018-06-01,italia
Pernoctaciones,Total,Italia,2018M07,1197492.0,country,2018,7,2018-07-01,italia
Pernoctaciones,Total,Italia,2018M08,1807660.0,country,2018,8,2018-08-01,italia
Pernoctaciones,Total,Italia,2018M09,982808.0,country,2018,9,2018-09-01,italia
Pernoctaciones,Total,Italia,2018M10,616662.0,country,2018,10,2018-10-01,italia
Pernoctaciones,Total,Italia,2018M11,504351.0,country,2018,11,2018-11-01,italia
Pernoctaciones,Total,Italia,2018M12,510619.0,country,2018,12,2018-12-01,italia
Pernoctaciones,Total,Italia,2019M01,501891.0,country,2019,1,2019-01-01,italia
Pernoctaciones,Total,Italia,2019M02,482168.0,country,2019,2,2019-02-01,italia
Pernoctaciones,Total,Italia,2019M03,646338.0,country,2019,3,2019-03-01,italia
Pernoctaciones,Total,Italia,2019M04,761375.0,country,2019,4,2019-04-01,italia
Pernoctaciones,Total,Italia,2019M05,758594.0,country,2019,5,2019-05-01,italia
Pernoctaciones,Total,Italia,2019M06,991891.0,country,2019,6,2019-06-01,italia
Pernoctaciones,Total,Italia,2019M07,1271142.0,country,2019,7,2019-07-01,italia
Pernoctaciones,Total,Italia,2019M08,1890616.0,country,2019,8,2019-08-01,italia
Pernoctaciones,Total,Italia,2019M09,1044581.0,country,2019,9,2019-09-01,italia
Pernoctaciones,Total,Italia,2019M10,693309.0,country,2019,10,2019-10-01,italia
Pernoctaciones,Total,Italia,2019M11,515096.0,country,2019,11,2019-11-01,italia
Pernoctaciones,Total,Italia,2019M12,516721.0,country,2019,12,2019-12-01,italia
Pernoctaciones,Total,Luxemburgo,2015M01,22234.0,country,2015,1,2015-01-01,luxemburgo
Pernoctaciones,Total,Luxemburgo,2015M02,22601.0,country,2015,2,2015-02-01,luxemburgo
Pernoctaciones,Total,Luxemburgo,2015M03,18355.0,country,2015,3,2015-03-01,luxemburgo
Pernoctaciones,Total,Luxemburgo,2015M04,40242.0,country,2015,4,2015-04-01,luxemburgo
Pernoctaciones,Total,Luxemburgo,2015M05,37394.0,country,2015,5,2015-05-01,luxemburgo
Pernoctaciones,Total,Luxemburgo,2015M06,43970.0,country,2015,6,2015-06-01,luxemburgo
Pernoctaciones,Total,Luxemburgo,2015M07,53330.0,country,2015,7,2015-07-01,luxemburgo
Pernoctaciones,Total,Luxemburgo,2015M08,63711.0,country,2015,8,2015-08-01,luxemburgo
Pernoctaciones,Total,Luxemburgo,2015M09,54860.0,country,2015,9,2015-09-01,luxemburgo
Pernoctaciones,Total,Luxemburgo,2015M10,31652.0,country,2015,10,2015-10-01,luxemburgo
Pernoctaciones,Total,Luxemburgo,2015M11,24177.0,country,2015,11,2015-11-01,luxemburgo
Pernoctaciones,Total,Luxemburgo,2015M12,22090.0,country,2015,12,2015-12-01,luxemburgo
Pernoctaciones,Total,Luxemburgo,2016M01,19430.0,country,2016,1,2016-01-01,luxemburgo
Pernoctaciones,Total,Luxemburgo,2016M02,20627.0,country,2016,2,2016-02-01,luxemburgo
Pernoctaciones,Total,Luxemburgo,2016M03,27094.0,country,2016,3,2016-03-01,luxemburgo
Pernoctaciones,Total,Luxemburgo,2016M04,34069.0,country,2016,4,2016-04-01,luxemburgo
Pernoctaciones,Total,Luxemburgo,2016M05,42995.0,country,2016,5,2016-05-01,luxemburgo
Pernoctaciones,Total,Luxemburgo,2016M06,52487.0,country,2016,6,2016-06-01,luxemburgo
Pernoctaciones,Total,Luxemburgo,2016M07,64377.0,country,2016,7,2016-07-01,luxemburgo
Pernoctaciones,Total,Luxemburgo,2016M08,75649.0,country,2016,8,2016-08-01,luxemburgo
Pernoctaciones,Total,Luxemburgo,2016M09,60673.0,country,2016,9,2016-09-01,luxemburgo
Pernoctaciones,Total,Luxemburgo,2016M10,35803.0,country,2016,10,2016-10-01,luxemburgo
Pernoctaciones,Total,Luxemburgo,2016M11,20600.0,country,2016,11,2016-11-01,luxemburgo
Pernoctaciones,Total,Luxemburgo,2016M12,20909.0,country,2016,12,2016-12-01,luxemburgo
Pernoctaciones,Total,Luxemburgo,2017M01,23543.0,country,2017,1,2017-01-01,luxemburgo
Pernoctaciones,Total,Luxemburgo,2017M02,20118.0,country,2017,2,2017-02-01,luxemburgo
Pernoctaciones,Total,Luxemburgo,2017M03,21886.0,country,2017,3,2017-03-01,luxemburgo
Pernoctaciones,Total,Luxemburgo,2017M04,40666.0,country,2017,4,2017-04-01,luxemburgo
Pernoctaciones,Total,Luxemburgo,2017M05,44824.0,country,2017,5,2017-05-01,luxemburgo
Pernoctaciones,Total,Luxemburgo,2017M06,48254.0,country,2017,6,2017-06-01,luxemburgo
Pernoctaciones,Total,Luxemburgo,2017M07,49713.0,country,2017,7,2017-07-01,luxemburgo
Pernoctaciones,Total,Luxemburgo,2017M08,69077.0,country,2017,8,2017-08-01,luxemburgo
Pernoctaciones,Total,Luxemburgo,2017M09,60722.0,country,2017,9,2017-09-01,luxemburgo
Pernoctaciones,Total,Luxemburgo,2017M10,34298.0,country,2017,10,2017-10-01,luxemburgo
Pernoctaciones,Total,Luxemburgo,2017M11,20081.0,country,2017,11,2017-11-01,luxemburgo
Pernoctaciones,Total,Luxemburgo,2017M12,29844.0,country,2017,12,2017-12-01,luxemburgo
Pernoctaciones,Total,Luxemburgo,2018M01,19138.0,country,2018,1,2018-01-01,luxemburgo
Pernoctaciones,Total,Luxemburgo,2018M02,22868.0,country,2018,2,2018-02-01,luxemburgo
Pernoctaciones,Total,Luxemburgo,2018M03,23961.0,country,2018,3,2018-03-01,luxemburgo
Pernoctaciones,Total,Luxemburgo,2018M04,42058.0,country,2018,4,2018-04-01,luxemburgo
Pernoctaciones,Total,Luxemburgo,2018M05,44165.0,country,2018,5,2018-05-01,luxemburgo
Pernoctaciones,Total,Luxemburgo,2018M06,37339.0,country,2018,6,2018-06-01,luxemburgo
Pernoctaciones,Total,Luxemburgo,2018M07,36897.0,country,2018,7,2018-07-01,luxemburgo
Pernoctaciones,Total,Luxemburgo,2018M08,67769.0,country,2018,8,2018-08-01,luxemburgo
Pernoctaciones,Total,Luxemburgo,2018M09,55114.0,country,2018,9,2018-09-01,luxemburgo
Pernoctaciones,Total,Luxemburgo,2018M10,38806.0,country,2018,10,2018-10-01,luxemburgo
Pernoctaciones,Total,Luxemburgo,2018M11,21121.0,country,2018,11,2018-11-01,luxemburgo
Pernoctaciones,Total,Luxemburgo,2018M12,23171.0,country,2018,12,2018-12-01,luxemburgo
Pernoctaciones,Total,Luxemburgo,2019M01,20828.0,country,2019,1,2019-01-01,luxemburgo
Pernoctaciones,Total,Luxemburgo,2019M02,22487.0,country,2019,2,2019-02-01,luxemburgo
Pernoctaciones,Total,Luxemburgo,2019M03,20382.0,country,2019,3,2019-03-01,luxemburgo
Pernoctaciones,Total,Luxemburgo,2019M04,41629.0,country,2019,4,2019-04-01,luxemburgo
Pernoctaciones,Total,Luxemburgo,2019M05,37564.0,country,2019,5,2019-05-01,luxemburgo
Pernoctaciones,Total,Luxemburgo,2019M06,44993.0,country,2019,6,2019-06-01,luxemburgo
Pernoctaciones,Total,Luxemburgo,2019M07,52035.0,country,2019,7,2019-07-01,luxemburgo
Pernoctaciones,Total,Luxemburgo,2019M08,67701.0,country,2019,8,2019-08-01,luxemburgo
Pernoctaciones,Total,Luxemburgo,2019M09,56664.0,country,2019,9,2019-09-01,luxemburgo
Pernoctaciones,Total,Luxemburgo,2019M10,31819.0,country,2019,10,2019-10-01,luxemburgo
Pernoctaciones,Total,Luxemburgo,2019M11,19638.0,country,2019,11,2019-11-01,luxemburgo
Pernoctaciones,Total,Luxemburgo,2019M12,21228.0,country,2019,12,2019-12-01,luxemburgo
Pernoctaciones,Total,Países Bajos,2015M01,290806.0,country,2015,1,2015-01-01,países bajos
Pernoctaciones,Total,Países Bajos,2015M02,352220.0,country,2015,2,2015-02-01,países bajos
Pernoctaciones,Total,Países Bajos,2015M03,367340.0,country,2015,3,2015-03-01,países bajos
Pernoctaciones,Total,Países Bajos,2015M04,491439.0,country,2015,4,2015-04-01,países bajos
Pernoctaciones,Total,Países Bajos,2015M05,879971.0,country,2015,5,2015-05-01,países bajos
Pernoctaciones,Total,Países Bajos,2015M06,754906.0,country,2015,6,2015-06-01,países bajos
Pernoctaciones,Total,Países Bajos,2015M07,1121131.0,country,2015,7,2015-07-01,países bajos
Pernoctaciones,Total,Países Bajos,2015M08,1141948.0,country,2015,8,2015-08-01,países bajos
Pernoctaciones,Total,Países Bajos,2015M09,903659.0,country,2015,9,2015-09-01,países bajos
Pernoctaciones,Total,Países Bajos,2015M10,735780.0,country,2015,10,2015-10-01,países bajos
Pernoctaciones,Total,Países Bajos,2015M11,346386.0,country,2015,11,2015-11-01,países bajos
Pernoctaciones,Total,Países Bajos,2015M12,303778.0,country,2015,12,2015-12-01,países bajos
Pernoctaciones,Total,Países Bajos,2016M01,311325.0,country,2016,1,2016-01-01,países bajos
Pernoctaciones,Total,Países Bajos,2016M02,370283.0,country,2016,2,2016-02-01,países bajos
Pernoctaciones,Total,Países Bajos,2016M03,396559.0,country,2016,3,2016-03-01,países bajos
Pernoctaciones,Total,Países Bajos,2016M04,700930.0,country,2016,4,2016-04-01,países bajos
Pernoctaciones,Total,Países Bajos,2016M05,997749.0,country,2016,5,2016-05-01,países bajos
Pernoctaciones,Total,Países Bajos,2016M06,875068.0,country,2016,6,2016-06-01,países bajos
Pernoctaciones,Total,Países Bajos,2016M07,1202022.0,country,2016,7,2016-07-01,países bajos
Pernoctaciones,Total,Países Bajos,2016M08,1398019.0,country,2016,8,2016-08-01,países bajos
Pernoctaciones,Total,Países Bajos,2016M09,1050219.0,country,2016,9,2016-09-01,países bajos
Pernoctaciones,Total,Países Bajos,2016M10,811200.0,country,2016,10,2016-10-01,países bajos
Pernoctaciones,Total,Países Bajos,2016M11,359571.0,country,2016,11,2016-11-01,países bajos
Pernoctaciones,Total,Países Bajos,2016M12,308190.0,country,2016,12,2016-12-01,países bajos
Pernoctaciones,Total,Países Bajos,2017M01,357489.0,country,2017,1,2017-01-01,países bajos
Pernoctaciones,Total,Países Bajos,2017M02,388913.0,country,2017,2,2017-02-01,países bajos
Pernoctaciones,Total,Países Bajos,2017M03,446086.0,country,2017,3,2017-03-01,países bajos
Pernoctaciones,Total,Países Bajos,2017M04,735394.0,country,2017,4,2017-04-01,países bajos
Pernoctaciones,Total,Países Bajos,2017M05,1064094.0,country,2017,5,2017-05-01,países bajos
Pernoctaciones,Total,Países Bajos,2017M06,969202.0,country,2017,6,2017-06-01,países bajos
Pernoctaciones,Total,Países Bajos,2017M07,1323352.0,country,2017,7,2017-07-01,países bajos
Pernoctaciones,Total,Países Bajos,2017M08,1460336.0,country,2017,8,2017-08-01,países bajos
Pernoctaciones,Total,Países Bajos,2017M09,1148044.0,country,2017,9,2017-09-01,países bajos
Pernoctaciones,Total,Países Bajos,2017M10,969142.0,country,2017,10,2017-10-01,países bajos
Pernoctaciones,Total,Países Bajos,2017M11,394892.0,country,2017,11,2017-11-01,países bajos
Pernoctaciones,Total,Países Bajos,2017M12,356670.0,country,2017,12,2017-12-01,países bajos
Pernoctaciones,Total,Países Bajos,2018M01,405172.0,country,2018,1,2018-01-01,países bajos
Pernoctaciones,Total,Países Bajos,2018M02,413612.0,country,2018,2,2018-02-01,países bajos
Pernoctaciones,Total,Países Bajos,2018M03,496076.0,country,2018,3,2018-03-01,países bajos
Pernoctaciones,Total,Países Bajos,2018M04,678601.0,country,2018,4,2018-04-01,países bajos
Pernoctaciones,Total,Países Bajos,2018M05,1107236.0,country,2018,5,2018-05-01,países bajos
Pernoctaciones,Total,Países Bajos,2018M06,994576.0,country,2018,6,2018-06-01,países bajos
Pernoctaciones,Total,Países Bajos,2018M07,1220735.0,country,2018,7,2018-07-01,países bajos
Pernoctaciones,Total,Países Bajos,2018M08,1283046.0,country,2018,8,2018-08-01,países bajos
Pernoctaciones,Total,Países Bajos,2018M09,1095997.0,country,2018,9,2018-09-01,países bajos
Pernoctaciones,Total,Países Bajos,2018M10,924048.0,country,2018,10,2018-10-01,países bajos
Pernoctaciones,Total,Países Bajos,2018M11,380868.0,country,2018,11,2018-11-01,países bajos
Pernoctaciones,Total,Países Bajos,2018M12,334560.0,country,2018,12,2018-12-01,países bajos
Pernoctaciones,Total,Países Bajos,2019M01,371134.0,country,2019,1,2019-01-01,países bajos
Pernoctaciones,Total,Países Bajos,2019M02,371518.0,country,2019,2,2019-02-01,países bajos
Pernoctaciones,Total,Países Bajos,2019M03,495958.0,country,2019,3,2019-03-01,países bajos
Pernoctaciones,Total,Países Bajos,2019M04,664701.0,country,2019,4,2019-04-01,países bajos
Pernoctaciones,Total,Países Bajos,2019M05,976050.0,country,2019,5,2019-05-01,países bajos
Pernoctaciones,Total,Países Bajos,2019M06,964864.0,country,2019,6,2019-06-01,países bajos
Pernoctaciones,Total,Países Bajos,2019M07,1187060.0,country,2019,7,2019-07-01,países bajos
Pernoctaciones,Total,Países Bajos,2019M08,1224221.0,country,2019,8,2019-08-01,países bajos
Pernoctaciones,Total,Países Bajos,2019M09,1026726.0,country,2019,9,2019-09-01,países bajos
Pernoctaciones,Total,Países Bajos,2019M10,859349.0,country,2019,10,2019-10-01,países bajos
Pernoctaciones,Total,Países Bajos,2019M11,393656.0,country,2019,11,2019-11-01,países bajos
Pernoctaciones,Total,Países Bajos,2019M12,357859.0,country,2019,12,2019-12-01,países bajos
Pernoctaciones,Total,Polonia,2015M01,120419.0,country,2015,1,2015-01-01,polonia
Pernoctaciones,Total,Polonia,2015M02,134559.0,country,2015,2,2015-02-01,polonia
Pernoctaciones,Total,Polonia,2015M03,126576.0,country,2015,3,2015-03-01,polonia
Pernoctaciones,Total,Polonia,2015M04,161863.0,country,2015,4,2015-04-01,polonia
Pernoctaciones,Total,Polonia,2015M05,251149.0,country,2015,5,2015-05-01,polonia
Pernoctaciones,Total,Polonia,2015M06,340557.0,country,2015,6,2015-06-01,polonia
Pernoctaciones,Total,Polonia,2015M07,528242.0,country,2015,7,2015-07-01,polonia
Pernoctaciones,Total,Polonia,2015M08,457967.0,country,2015,8,2015-08-01,polonia
Pernoctaciones,Total,Polonia,2015M09,431011.0,country,2015,9,2015-09-01,polonia
Pernoctaciones,Total,Polonia,2015M10,266785.0,country,2015,10,2015-10-01,polonia
Pernoctaciones,Total,Polonia,2015M11,151337.0,country,2015,11,2015-11-01,polonia
Pernoctaciones,Total,Polonia,2015M12,145652.0,country,2015,12,2015-12-01,polonia
Pernoctaciones,Total,Polonia,2016M01,157159.0,country,2016,1,2016-01-01,polonia
Pernoctaciones,Total,Polonia,2016M02,182263.0,country,2016,2,2016-02-01,polonia
Pernoctaciones,Total,Polonia,2016M03,176549.0,country,2016,3,2016-03-01,polonia
Pernoctaciones,Total,Polonia,2016M04,218196.0,country,2016,4,2016-04-01,polonia
Pernoctaciones,Total,Polonia,2016M05,340157.0,country,2016,5,2016-05-01,polonia
Pernoctaciones,Total,Polonia,2016M06,506190.0,country,2016,6,2016-06-01,polonia
Pernoctaciones,Total,Polonia,2016M07,690310.0,country,2016,7,2016-07-01,polonia
Pernoctaciones,Total,Polonia,2016M08,613802.0,country,2016,8,2016-08-01,polonia
Pernoctaciones,Total,Polonia,2016M09,556172.0,country,2016,9,2016-09-01,polonia
Pernoctaciones,Total,Polonia,2016M10,310785.0,country,2016,10,2016-10-01,polonia
Pernoctaciones,Total,Polonia,2016M11,176383.0,country,2016,11,2016-11-01,polonia
Pernoctaciones,Total,Polonia,2016M12,146162.0,country,2016,12,2016-12-01,polonia
Pernoctaciones,Total,Polonia,2017M01,184442.0,country,2017,1,2017-01-01,polonia
Pernoctaciones,Total,Polonia,2017M02,179215.0,country,2017,2,2017-02-01,polonia
Pernoctaciones,Total,Polonia,2017M03,194948.0,country,2017,3,2017-03-01,polonia
Pernoctaciones,Total,Polonia,2017M04,225298.0,country,2017,4,2017-04-01,polonia
Pernoctaciones,Total,Polonia,2017M05,403943.0,country,2017,5,2017-05-01,polonia
Pernoctaciones,Total,Polonia,2017M06,571035.0,country,2017,6,2017-06-01,polonia
Pernoctaciones,Total,Polonia,2017M07,689983.0,country,2017,7,2017-07-01,polonia
Pernoctaciones,Total,Polonia,2017M08,688016.0,country,2017,8,2017-08-01,polonia
Pernoctaciones,Total,Polonia,2017M09,632968.0,country,2017,9,2017-09-01,polonia
Pernoctaciones,Total,Polonia,2017M10,332334.0,country,2017,10,2017-10-01,polonia
Pernoctaciones,Total,Polonia,2017M11,185749.0,country,2017,11,2017-11-01,polonia
Pernoctaciones,Total,Polonia,2017M12,168124.0,country,2017,12,2017-12-01,polonia
Pernoctaciones,Total,Polonia,2018M01,200603.0,country,2018,1,2018-01-01,polonia
Pernoctaciones,Total,Polonia,2018M02,182474.0,country,2018,2,2018-02-01,polonia
Pernoctaciones,Total,Polonia,2018M03,200618.0,country,2018,3,2018-03-01,polonia
Pernoctaciones,Total,Polonia,2018M04,264346.0,country,2018,4,2018-04-01,polonia
Pernoctaciones,Total,Polonia,2018M05,456366.0,country,2018,5,2018-05-01,polonia
Pernoctaciones,Total,Polonia,2018M06,654288.0,country,2018,6,2018-06-01,polonia
Pernoctaciones,Total,Polonia,2018M07,723807.0,country,2018,7,2018-07-01,polonia
Pernoctaciones,Total,Polonia,2018M08,667711.0,country,2018,8,2018-08-01,polonia
Pernoctaciones,Total,Polonia,2018M09,648909.0,country,2018,9,2018-09-01,polonia
Pernoctaciones,Total,Polonia,2018M10,340727.0,country,2018,10,2018-10-01,polonia
Pernoctaciones,Total,Polonia,2018M11,172433.0,country,2018,11,2018-11-01,polonia
Pernoctaciones,Total,Polonia,2018M12,166815.0,country,2018,12,2018-12-01,polonia
Pernoctaciones,Total,Polonia,2019M01,193585.0,country,2019,1,2019-01-01,polonia
Pernoctaciones,Total,Polonia,2019M02,211348.0,country,2019,2,2019-02-01,polonia
Pernoctaciones,Total,Polonia,2019M03,203473.0,country,2019,3,2019-03-01,polonia
Pernoctaciones,Total,Polonia,2019M04,273154.0,country,2019,4,2019-04-01,polonia
Pernoctaciones,Total,Polonia,2019M05,469350.0,country,2019,5,2019-05-01,polonia
Pernoctaciones,Total,Polonia,2019M06,634333.0,country,2019,6,2019-06-01,polonia
Pernoctaciones,Total,Polonia,2019M07,704881.0,country,2019,7,2019-07-01,polonia
Pernoctaciones,Total,Polonia,2019M08,624191.0,country,2019,8,2019-08-01,polonia
Pernoctaciones,Total,Polonia,2019M09,607327.0,country,2019,9,2019-09-01,polonia
Pernoctaciones,Total,Polonia,2019M10,358846.0,country,2019,10,2019-10-01,polonia
Pernoctaciones,Total,Polonia,2019M11,176049.0,country,2019,11,2019-11-01,polonia
Pernoctaciones,Total,Polonia,2019M12,162296.0,country,2019,12,2019-12-01,polonia
Pernoctaciones,Total,Portugal,2015M01,116489.0,country,2015,1,2015-01-01,portugal
Pernoctaciones,Total,Portugal,2015M02,139346.0,country,2015,2,2015-02-01,portugal
Pernoctaciones,Total,Portugal,2015M03,248230.0,country,2015,3,2015-03-01,portugal
Pernoctaciones,Total,Portugal,2015M04,172414.0,country,2015,4,2015-04-01,portugal
Pernoctaciones,Total,Portugal,2015M05,238375.0,country,2015,5,2015-05-01,portugal
Pernoctaciones,Total,Portugal,2015M06,374282.0,country,2015,6,2015-06-01,portugal
Pernoctaciones,Total,Portugal,2015M07,480923.0,country,2015,7,2015-07-01,portugal
Pernoctaciones,Total,Portugal,2015M08,635993.0,country,2015,8,2015-08-01,portugal
Pernoctaciones,Total,Portugal,2015M09,410327.0,country,2015,9,2015-09-01,portugal
Pernoctaciones,Total,Portugal,2015M10,199492.0,country,2015,10,2015-10-01,portugal
Pernoctaciones,Total,Portugal,2015M11,124820.0,country,2015,11,2015-11-01,portugal
Pernoctaciones,Total,Portugal,2015M12,119728.0,country,2015,12,2015-12-01,portugal
Pernoctaciones,Total,Portugal,2016M01,121606.0,country,2016,1,2016-01-01,portugal
Pernoctaciones,Total,Portugal,2016M02,150860.0,country,2016,2,2016-02-01,portugal
Pernoctaciones,Total,Portugal,2016M03,264074.0,country,2016,3,2016-03-01,portugal
Pernoctaciones,Total,Portugal,2016M04,214560.0,country,2016,4,2016-04-01,portugal
Pernoctaciones,Total,Portugal,2016M05,245373.0,country,2016,5,2016-05-01,portugal
Pernoctaciones,Total,Portugal,2016M06,442082.0,country,2016,6,2016-06-01,portugal
Pernoctaciones,Total,Portugal,2016M07,518960.0,country,2016,7,2016-07-01,portugal
Pernoctaciones,Total,Portugal,2016M08,713405.0,country,2016,8,2016-08-01,portugal
Pernoctaciones,Total,Portugal,2016M09,458032.0,country,2016,9,2016-09-01,portugal
Pernoctaciones,Total,Portugal,2016M10,249165.0,country,2016,10,2016-10-01,portugal
Pernoctaciones,Total,Portugal,2016M11,139213.0,country,2016,11,2016-11-01,portugal
Pernoctaciones,Total,Portugal,2016M12,149225.0,country,2016,12,2016-12-01,portugal
Pernoctaciones,Total,Portugal,2017M01,116773.0,country,2017,1,2017-01-01,portugal
Pernoctaciones,Total,Portugal,2017M02,153682.0,country,2017,2,2017-02-01,portugal
Pernoctaciones,Total,Portugal,2017M03,153055.0,country,2017,3,2017-03-01,portugal
Pernoctaciones,Total,Portugal,2017M04,380299.0,country,2017,4,2017-04-01,portugal
Pernoctaciones,Total,Portugal,2017M05,222506.0,country,2017,5,2017-05-01,portugal
Pernoctaciones,Total,Portugal,2017M06,431372.0,country,2017,6,2017-06-01,portugal
Pernoctaciones,Total,Portugal,2017M07,565301.0,country,2017,7,2017-07-01,portugal
Pernoctaciones,Total,Portugal,2017M08,742214.0,country,2017,8,2017-08-01,portugal
Pernoctaciones,Total,Portugal,2017M09,464807.0,country,2017,9,2017-09-01,portugal
Pernoctaciones,Total,Portugal,2017M10,223358.0,country,2017,10,2017-10-01,portugal
Pernoctaciones,Total,Portugal,2017M11,137157.0,country,2017,11,2017-11-01,portugal
Pernoctaciones,Total,Portugal,2017M12,150296.0,country,2017,12,2017-12-01,portugal
Pernoctaciones,Total,Portugal,2018M01,140218.0,country,2018,1,2018-01-01,portugal
Pernoctaciones,Total,Portugal,2018M02,170663.0,country,2018,2,2018-02-01,portugal
Pernoctaciones,Total,Portugal,2018M03,221237.0,country,2018,3,2018-03-01,portugal
Pernoctaciones,Total,Portugal,2018M04,301834.0,country,2018,4,2018-04-01,portugal
Pernoctaciones,Total,Portugal,2018M05,241089.0,country,2018,5,2018-05-01,portugal
Pernoctaciones,Total,Portugal,2018M06,427343.0,country,2018,6,2018-06-01,portugal
Pernoctaciones,Total,Portugal,2018M07,556190.0,country,2018,7,2018-07-01,portugal
Pernoctaciones,Total,Portugal,2018M08,833016.0,country,2018,8,2018-08-01,portugal
Pernoctaciones,Total,Portugal,2018M09,519919.0,country,2018,9,2018-09-01,portugal
Pernoctaciones,Total,Portugal,2018M10,257775.0,country,2018,10,2018-10-01,portugal
Pernoctaciones,Total,Portugal,2018M11,158933.0,country,2018,11,2018-11-01,portugal
Pernoctaciones,Total,Portugal,2018M12,174846.0,country,2018,12,2018-12-01,portugal
Pernoctaciones,Total,Portugal,2019M01,142134.0,country,2019,1,2019-01-01,portugal
Pernoctaciones,Total,Portugal,2019M02,155429.0,country,2019,2,2019-02-01,portugal
Pernoctaciones,Total,Portugal,2019M03,227504.0,country,2019,3,2019-03-01,portugal
Pernoctaciones,Total,Portugal,2019M04,369100.0,country,2019,4,2019-04-01,portugal
Pernoctaciones,Total,Portugal,2019M05,276475.0,country,2019,5,2019-05-01,portugal
Pernoctaciones,Total,Portugal,2019M06,524157.0,country,2019,6,2019-06-01,portugal
Pernoctaciones,Total,Portugal,2019M07,607396.0,country,2019,7,2019-07-01,portugal
Pernoctaciones,Total,Portugal,2019M08,852750.0,country,2019,8,2019-08-01,portugal
Pernoctaciones,Total,Portugal,2019M09,542491.0,country,2019,9,2019-09-01,portugal
Pernoctaciones,Total,Portugal,2019M10,274570.0,country,2019,10,2019-10-01,portugal
Pernoctaciones,Total,Portugal,2019M11,191458.0,country,2019,11,2019-11-01,portugal
Pernoctaciones,Total,Portugal,2019M12,165400.0,country,2019,12,2019-12-01,portugal
Pernoctaciones,Total,República Checa,2015M01,29969.0,country,2015,1,2015-01-01,república checa
Pernoctaciones,Total,República Checa,2015M02,34104.0,country,2015,2,2015-02-01,república checa
Pernoctaciones,Total,República Checa,2015M03,33714.0,country,2015,3,2015-03-01,república checa
Pernoctaciones,Total,República Checa,2015M04,41667.0,country,2015,4,2015-04-01,república checa
Pernoctaciones,Total,República Checa,2015M05,49606.0,country,2015,5,2015-05-01,república checa
Pernoctaciones,Total,República Checa,2015M06,150992.0,country,2015,6,2015-06-01,república checa
Pernoctaciones,Total,República Checa,2015M07,182530.0,country,2015,7,2015-07-01,república checa
Pernoctaciones,Total,República Checa,2015M08,140668.0,country,2015,8,2015-08-01,república checa
Pernoctaciones,Total,República Checa,2015M09,198253.0,country,2015,9,2015-09-01,república checa
Pernoctaciones,Total,República Checa,2015M10,68236.0,country,2015,10,2015-10-01,república checa
Pernoctaciones,Total,República Checa,2015M11,38686.0,country,2015,11,2015-11-01,república checa
Pernoctaciones,Total,República Checa,2015M12,23685.0,country,2015,12,2015-12-01,república checa
Pernoctaciones,Total,República Checa,2016M01,27723.0,country,2016,1,2016-01-01,república checa
Pernoctaciones,Total,República Checa,2016M02,23986.0,country,2016,2,2016-02-01,república checa
Pernoctaciones,Total,República Checa,2016M03,44055.0,country,2016,3,2016-03-01,república checa
Pernoctaciones,Total,República Checa,2016M04,43496.0,country,2016,4,2016-04-01,república checa
Pernoctaciones,Total,República Checa,2016M05,74014.0,country,2016,5,2016-05-01,república checa
Pernoctaciones,Total,República Checa,2016M06,213717.0,country,2016,6,2016-06-01,república checa
Pernoctaciones,Total,República Checa,2016M07,241536.0,country,2016,7,2016-07-01,república checa
Pernoctaciones,Total,República Checa,2016M08,211388.0,country,2016,8,2016-08-01,república checa
Pernoctaciones,Total,República Checa,2016M09,203296.0,country,2016,9,2016-09-01,república checa
Pernoctaciones,Total,República Checa,2016M10,75159.0,country,2016,10,2016-10-01,república checa
Pernoctaciones,Total,República Checa,2016M11,33695.0,country,2016,11,2016-11-01,república checa
Pernoctaciones,Total,República Checa,2016M12,24974.0,country,2016,12,2016-12-01,república checa
Pernoctaciones,Total,República Checa,2017M01,25469.0,country,2017,1,2017-01-01,república checa
Pernoctaciones,Total,República Checa,2017M02,34303.0,country,2017,2,2017-02-01,república checa
Pernoctaciones,Total,República Checa,2017M03,39735.0,country,2017,3,2017-03-01,república checa
Pernoctaciones,Total,República Checa,2017M04,48160.0,country,2017,4,2017-04-01,república checa
Pernoctaciones,Total,República Checa,2017M05,81851.0,country,2017,5,2017-05-01,república checa
Pernoctaciones,Total,República Checa,2017M06,199771.0,country,2017,6,2017-06-01,república checa
Pernoctaciones,Total,República Checa,2017M07,242829.0,country,2017,7,2017-07-01,república checa
Pernoctaciones,Total,República Checa,2017M08,223791.0,country,2017,8,2017-08-01,república checa
Pernoctaciones,Total,República Checa,2017M09,266405.0,country,2017,9,2017-09-01,república checa
Pernoctaciones,Total,República Checa,2017M10,78103.0,country,2017,10,2017-10-01,república checa
Pernoctaciones,Total,República Checa,2017M11,35730.0,country,2017,11,2017-11-01,república checa
Pernoctaciones,Total,República Checa,2017M12,24650.0,country,2017,12,2017-12-01,república checa
Pernoctaciones,Total,República Checa,2018M01,24431.0,country,2018,1,2018-01-01,república checa
Pernoctaciones,Total,República Checa,2018M02,33000.0,country,2018,2,2018-02-01,república checa
Pernoctaciones,Total,República Checa,2018M03,39662.0,country,2018,3,2018-03-01,república checa
Pernoctaciones,Total,República Checa,2018M04,50540.0,country,2018,4,2018-04-01,república checa
Pernoctaciones,Total,República Checa,2018M05,88913.0,country,2018,5,2018-05-01,república checa
Pernoctaciones,Total,República Checa,2018M06,185617.0,country,2018,6,2018-06-01,república checa
Pernoctaciones,Total,República Checa,2018M07,255945.0,country,2018,7,2018-07-01,república checa
Pernoctaciones,Total,República Checa,2018M08,211834.0,country,2018,8,2018-08-01,república checa
Pernoctaciones,Total,República Checa,2018M09,227507.0,country,2018,9,2018-09-01,república checa
Pernoctaciones,Total,República Checa,2018M10,97756.0,country,2018,10,2018-10-01,república checa
Pernoctaciones,Total,República Checa,2018M11,43564.0,country,2018,11,2018-11-01,república checa
Pernoctaciones,Total,República Checa,2018M12,34063.0,country,2018,12,2018-12-01,república checa
Pernoctaciones,Total,República Checa,2019M01,43165.0,country,2019,1,2019-01-01,república checa
Pernoctaciones,Total,República Checa,2019M02,36218.0,country,2019,2,2019-02-01,república checa
Pernoctaciones,Total,República Checa,2019M03,42231.0,country,2019,3,2019-03-01,república checa
Pernoctaciones,Total,República Checa,2019M04,61648.0,country,2019,4,2019-04-01,república checa
Pernoctaciones,Total,República Checa,2019M05,97093.0,country,2019,5,2019-05-01,república checa
Pernoctaciones,Total,República Checa,2019M06,191548.0,country,2019,6,2019-06-01,república checa
Pernoctaciones,Total,República Checa,2019M07,249138.0,country,2019,7,2019-07-01,república checa
Pernoctaciones,Total,República Checa,2019M08,245632.0,country,2019,8,2019-08-01,república checa
Pernoctaciones,Total,República Checa,2019M09,228732.0,country,2019,9,2019-09-01,república checa
Pernoctaciones,Total,República Checa,2019M10,98838.0,country,2019,10,2019-10-01,república checa
Pernoctaciones,Total,República Checa,2019M11,55879.0,country,2019,11,2019-11-01,república checa
Pernoctaciones,Total,República Checa,2019M12,37309.0,country,2019,12,2019-12-01,república checa
Pernoctaciones,Total,Suecia,2015M01,434610.0,country,2015,1,2015-01-01,suecia
Pernoctaciones,Total,Suecia,2015M02,407955.0,country,2015,2,2015-02-01,suecia
Pernoctaciones,Total,Suecia,2015M03,458453.0,country,2015,3,2015-03-01,suecia
Pernoctaciones,Total,Suecia,2015M04,379165.0,country,2015,4,2015-04-01,suecia
Pernoctaciones,Total,Suecia,2015M05,306917.0,country,2015,5,2015-05-01,suecia
Pernoctaciones,Total,Suecia,2015M06,325709.0,country,2015,6,2015-06-01,suecia
Pernoctaciones,Total,Suecia,2015M07,436528.0,country,2015,7,2015-07-01,suecia
Pernoctaciones,Total,Suecia,2015M08,302173.0,country,2015,8,2015-08-01,suecia
Pernoctaciones,Total,Suecia,2015M09,360119.0,country,2015,9,2015-09-01,suecia
Pernoctaciones,Total,Suecia,2015M10,451424.0,country,2015,10,2015-10-01,suecia
Pernoctaciones,Total,Suecia,2015M11,478210.0,country,2015,11,2015-11-01,suecia
Pernoctaciones,Total,Suecia,2015M12,455708.0,country,2015,12,2015-12-01,suecia
Pernoctaciones,Total,Suecia,2016M01,491284.0,country,2016,1,2016-01-01,suecia
Pernoctaciones,Total,Suecia,2016M02,477303.0,country,2016,2,2016-02-01,suecia
Pernoctaciones,Total,Suecia,2016M03,539420.0,country,2016,3,2016-03-01,suecia
Pernoctaciones,Total,Suecia,2016M04,412325.0,country,2016,4,2016-04-01,suecia
Pernoctaciones,Total,Suecia,2016M05,412407.0,country,2016,5,2016-05-01,suecia
Pernoctaciones,Total,Suecia,2016M06,403980.0,country,2016,6,2016-06-01,suecia
Pernoctaciones,Total,Suecia,2016M07,540441.0,country,2016,7,2016-07-01,suecia
Pernoctaciones,Total,Suecia,2016M08,406297.0,country,2016,8,2016-08-01,suecia
Pernoctaciones,Total,Suecia,2016M09,440670.0,country,2016,9,2016-09-01,suecia
Pernoctaciones,Total,Suecia,2016M10,468808.0,country,2016,10,2016-10-01,suecia
Pernoctaciones,Total,Suecia,2016M11,574841.0,country,2016,11,2016-11-01,suecia
Pernoctaciones,Total,Suecia,2016M12,456237.0,country,2016,12,2016-12-01,suecia
Pernoctaciones,Total,Suecia,2017M01,492939.0,country,2017,1,2017-01-01,suecia
Pernoctaciones,Total,Suecia,2017M02,472699.0,country,2017,2,2017-02-01,suecia
Pernoctaciones,Total,Suecia,2017M03,551168.0,country,2017,3,2017-03-01,suecia
Pernoctaciones,Total,Suecia,2017M04,476969.0,country,2017,4,2017-04-01,suecia
Pernoctaciones,Total,Suecia,2017M05,520303.0,country,2017,5,2017-05-01,suecia
Pernoctaciones,Total,Suecia,2017M06,591103.0,country,2017,6,2017-06-01,suecia
Pernoctaciones,Total,Suecia,2017M07,538332.0,country,2017,7,2017-07-01,suecia
Pernoctaciones,Total,Suecia,2017M08,553405.0,country,2017,8,2017-08-01,suecia
Pernoctaciones,Total,Suecia,2017M09,511310.0,country,2017,9,2017-09-01,suecia
Pernoctaciones,Total,Suecia,2017M10,520850.0,country,2017,10,2017-10-01,suecia
Pernoctaciones,Total,Suecia,2017M11,558572.0,country,2017,11,2017-11-01,suecia
Pernoctaciones,Total,Suecia,2017M12,465415.0,country,2017,12,2017-12-01,suecia
Pernoctaciones,Total,Suecia,2018M01,481737.0,country,2018,1,2018-01-01,suecia
Pernoctaciones,Total,Suecia,2018M02,454465.0,country,2018,2,2018-02-01,suecia
Pernoctaciones,Total,Suecia,2018M03,561851.0,country,2018,3,2018-03-01,suecia
Pernoctaciones,Total,Suecia,2018M04,490932.0,country,2018,4,2018-04-01,suecia
Pernoctaciones,Total,Suecia,2018M05,521777.0,country,2018,5,2018-05-01,suecia
Pernoctaciones,Total,Suecia,2018M06,596664.0,country,2018,6,2018-06-01,suecia
Pernoctaciones,Total,Suecia,2018M07,649762.0,country,2018,7,2018-07-01,suecia
Pernoctaciones,Total,Suecia,2018M08,516701.0,country,2018,8,2018-08-01,suecia
Pernoctaciones,Total,Suecia,2018M09,521948.0,country,2018,9,2018-09-01,suecia
Pernoctaciones,Total,Suecia,2018M10,544158.0,country,2018,10,2018-10-01,suecia
Pernoctaciones,Total,Suecia,2018M11,509229.0,country,2018,11,2018-11-01,suecia
Pernoctaciones,Total,Suecia,2018M12,417110.0,country,2018,12,2018-12-01,suecia
Pernoctaciones,Total,Suecia,2019M01,399175.0,country,2019,1,2019-01-01,suecia
Pernoctaciones,Total,Suecia,2019M02,382028.0,country,2019,2,2019-02-01,suecia
Pernoctaciones,Total,Suecia,2019M03,477882.0,country,2019,3,2019-03-01,suecia
Pernoctaciones,Total,Suecia,2019M04,423259.0,country,2019,4,2019-04-01,suecia
Pernoctaciones,Total,Suecia,2019M05,458130.0,country,2019,5,2019-05-01,suecia
Pernoctaciones,Total,Suecia,2019M06,531554.0,country,2019,6,2019-06-01,suecia
Pernoctaciones,Total,Suecia,2019M07,563255.0,country,2019,7,2019-07-01,suecia
Pernoctaciones,Total,Suecia,2019M08,473743.0,country,2019,8,2019-08-01,suecia
Pernoctaciones,Total,Suecia,2019M09,498376.0,country,2019,9,2019-09-01,suecia
Pernoctaciones,Total,Suecia,2019M10,524757.0,country,2019,10,2019-10-01,suecia
Pernoctaciones,Total,Suecia,2019M11,459426.0,country,2019,11,2019-11-01,suecia
Pernoctaciones,Total,Suecia,2019M12,395554.0,country,2019,12,2019-12-01,suecia
Pernoctaciones,Total,Resto de la U.E.,2015M01,111047.0,country,2015,1,2015-01-01,resto de la u.e.
Pernoctaciones,Total,Resto de la U.E.,2015M02,115501.0,country,2015,2,2015-02-01,resto de la u.e.
Pernoctaciones,Total,Resto de la U.E.,2015M03,165376.0,country,2015,3,2015-03-01,resto de la u.e.
Pernoctaciones,Total,Resto de la U.E.,2015M04,206949.0,country,2015,4,2015-04-01,resto de la u.e.
Pernoctaciones,Total,Resto de la U.E.,2015M05,249424.0,country,2015,5,2015-05-01,resto de la u.e.
Pernoctaciones,Total,Resto de la U.E.,2015M06,334149.0,country,2015,6,2015-06-01,resto de la u.e.
Pernoctaciones,Total,Resto de la U.E.,2015M07,405384.0,country,2015,7,2015-07-01,resto de la u.e.
Pernoctaciones,Total,Resto de la U.E.,2015M08,382723.0,country,2015,8,2015-08-01,resto de la u.e.
Pernoctaciones,Total,Resto de la U.E.,2015M09,382067.0,country,2015,9,2015-09-01,resto de la u.e.
Pernoctaciones,Total,Resto de la U.E.,2015M10,291998.0,country,2015,10,2015-10-01,resto de la u.e.
Pernoctaciones,Total,Resto de la U.E.,2015M11,162388.0,country,2015,11,2015-11-01,resto de la u.e.
Pernoctaciones,Total,Resto de la U.E.,2015M12,135543.0,country,2015,12,2015-12-01,resto de la u.e.
Pernoctaciones,Total,Resto de la U.E.,2016M01,130284.0,country,2016,1,2016-01-01,resto de la u.e.
Pernoctaciones,Total,Resto de la U.E.,2016M02,135668.0,country,2016,2,2016-02-01,resto de la u.e.
Pernoctaciones,Total,Resto de la U.E.,2016M03,184342.0,country,2016,3,2016-03-01,resto de la u.e.
Pernoctaciones,Total,Resto de la U.E.,2016M04,250556.0,country,2016,4,2016-04-01,resto de la u.e.
Pernoctaciones,Total,Resto de la U.E.,2016M05,291516.0,country,2016,5,2016-05-01,resto de la u.e.
Pernoctaciones,Total,Resto de la U.E.,2016M06,366241.0,country,2016,6,2016-06-01,resto de la u.e.
Pernoctaciones,Total,Resto de la U.E.,2016M07,456251.0,country,2016,7,2016-07-01,resto de la u.e.
Pernoctaciones,Total,Resto de la U.E.,2016M08,456333.0,country,2016,8,2016-08-01,resto de la u.e.
Pernoctaciones,Total,Resto de la U.E.,2016M09,476920.0,country,2016,9,2016-09-01,resto de la u.e.
Pernoctaciones,Total,Resto de la U.E.,2016M10,299705.0,country,2016,10,2016-10-01,resto de la u.e.
Pernoctaciones,Total,Resto de la U.E.,2016M11,178253.0,country,2016,11,2016-11-01,resto de la u.e.
Pernoctaciones,Total,Resto de la U.E.,2016M12,157900.0,country,2016,12,2016-12-01,resto de la u.e.
Pernoctaciones,Total,Resto de la U.E.,2017M01,158885.0,country,2017,1,2017-01-01,resto de la u.e.
Pernoctaciones,Total,Resto de la U.E.,2017M02,165083.0,country,2017,2,2017-02-01,resto de la u.e.
Pernoctaciones,Total,Resto de la U.E.,2017M03,217350.0,country,2017,3,2017-03-01,resto de la u.e.
Pernoctaciones,Total,Resto de la U.E.,2017M04,293872.0,country,2017,4,2017-04-01,resto de la u.e.
Pernoctaciones,Total,Resto de la U.E.,2017M05,333693.0,country,2017,5,2017-05-01,resto de la u.e.
Pernoctaciones,Total,Resto de la U.E.,2017M06,474587.0,country,2017,6,2017-06-01,resto de la u.e.
Pernoctaciones,Total,Resto de la U.E.,2017M07,521756.0,country,2017,7,2017-07-01,resto de la u.e.
Pernoctaciones,Total,Resto de la U.E.,2017M08,559300.0,country,2017,8,2017-08-01,resto de la u.e.
Pernoctaciones,Total,Resto de la U.E.,2017M09,535633.0,country,2017,9,2017-09-01,resto de la u.e.
Pernoctaciones,Total,Resto de la U.E.,2017M10,370270.0,country,2017,10,2017-10-01,resto de la u.e.
Pernoctaciones,Total,Resto de la U.E.,2017M11,200043.0,country,2017,11,2017-11-01,resto de la u.e.
Pernoctaciones,Total,Resto de la U.E.,2017M12,169502.0,country,2017,12,2017-12-01,resto de la u.e.
Pernoctaciones,Total,Resto de la U.E.,2018M01,174549.0,country,2018,1,2018-01-01,resto de la u.e.
Pernoctaciones,Total,Resto de la U.E.,2018M02,179145.0,country,2018,2,2018-02-01,resto de la u.e.
Pernoctaciones,Total,Resto de la U.E.,2018M03,223590.0,country,2018,3,2018-03-01,resto de la u.e.
Pernoctaciones,Total,Resto de la U.E.,2018M04,288897.0,country,2018,4,2018-04-01,resto de la u.e.
Pernoctaciones,Total,Resto de la U.E.,2018M05,353780.0,country,2018,5,2018-05-01,resto de la u.e.
Pernoctaciones,Total,Resto de la U.E.,2018M06,465433.0,country,2018,6,2018-06-01,resto de la u.e.
Pernoctaciones,Total,Resto de la U.E.,2018M07,557755.0,country,2018,7,2018-07-01,resto de la u.e.
Pernoctaciones,Total,Resto de la U.E.,2018M08,548645.0,country,2018,8,2018-08-01,resto de la u.e.
Pernoctaciones,Total,Resto de la U.E.,2018M09,545109.0,country,2018,9,2018-09-01,resto de la u.e.
Pernoctaciones,Total,Resto de la U.E.,2018M10,389144.0,country,2018,10,2018-10-01,resto de la u.e.
Pernoctaciones,Total,Resto de la U.E.,2018M11,212535.0,country,2018,11,2018-11-01,resto de la u.e.
Pernoctaciones,Total,Resto de la U.E.,2018M12,204172.0,country,2018,12,2018-12-01,resto de la u.e.
Pernoctaciones,Total,Resto de la U.E.,2019M01,200310.0,country,2019,1,2019-01-01,resto de la u.e.
Pernoctaciones,Total,Resto de la U.E.,2019M02,202912.0,country,2019,2,2019-02-01,resto de la u.e.
Pernoctaciones,Total,Resto de la U.E.,2019M03,263606.0,country,2019,3,2019-03-01,resto de la u.e.
Pernoctaciones,Total,Resto de la U.E.,2019M04,336874.0,country,2019,4,2019-04-01,resto de la u.e.
Pernoctaciones,Total,Resto de la U.E.,2019M05,407876.0,country,2019,5,2019-05-01,resto de la u.e.
Pernoctaciones,Total,Resto de la U.E.,2019M06,533544.0,country,2019,6,2019-06-01,resto de la u.e.
Pernoctaciones,Total,Resto de la U.E.,2019M07,572795.0,country,2019,7,2019-07-01,resto de la u.e.
Pernoctaciones,Total,Resto de la U.E.,2019M08,624664.0,country,2019,8,2019-08-01,resto de la u.e.
Pernoctaciones,Total,Resto de la U.E.,2019M09,530936.0,country,2019,9,2019-09-01,resto de la u.e.
Pernoctaciones,Total,Resto de la U.E.,2019M10,426960.0,country,2019,10,2019-10-01,resto de la u.e.
Pernoctaciones,Total,Resto de la U.E.,2019M11,231490.0,country,2019,11,2019-11-01,resto de la u.e.
Pernoctaciones,Total,Resto de la U.E.,2019M12,207983.0,country,2019,12,2019-12-01,resto de la u.e.
Pernoctaciones,Total,Noruega,2015M01,226675.0,country,2015,1,2015-01-01,noruega
Pernoctaciones,Total,Noruega,2015M02,255280.0,country,2015,2,2015-02-01,noruega
Pernoctaciones,Total,Noruega,2015M03,292704.0,country,2015,3,2015-03-01,noruega
Pernoctaciones,Total,Noruega,2015M04,219793.0,country,2015,4,2015-04-01,noruega
Pernoctaciones,Total,Noruega,2015M05,157913.0,country,2015,5,2015-05-01,noruega
Pernoctaciones,Total,Noruega,2015M06,225925.0,country,2015,6,2015-06-01,noruega
Pernoctaciones,Total,Noruega,2015M07,376578.0,country,2015,7,2015-07-01,noruega
Pernoctaciones,Total,Noruega,2015M08,201854.0,country,2015,8,2015-08-01,noruega
Pernoctaciones,Total,Noruega,2015M09,240190.0,country,2015,9,2015-09-01,noruega
Pernoctaciones,Total,Noruega,2015M10,282875.0,country,2015,10,2015-10-01,noruega
Pernoctaciones,Total,Noruega,2015M11,291328.0,country,2015,11,2015-11-01,noruega
Pernoctaciones,Total,Noruega,2015M12,218034.0,country,2015,12,2015-12-01,noruega
Pernoctaciones,Total,Noruega,2016M01,220385.0,country,2016,1,2016-01-01,noruega
Pernoctaciones,Total,Noruega,2016M02,282748.0,country,2016,2,2016-02-01,noruega
Pernoctaciones,Total,Noruega,2016M03,302370.0,country,2016,3,2016-03-01,noruega
Pernoctaciones,Total,Noruega,2016M04,203835.0,country,2016,4,2016-04-01,noruega
Pernoctaciones,Total,Noruega,2016M05,191399.0,country,2016,5,2016-05-01,noruega
Pernoctaciones,Total,Noruega,2016M06,251476.0,country,2016,6,2016-06-01,noruega
Pernoctaciones,Total,Noruega,2016M07,405588.0,country,2016,7,2016-07-01,noruega
Pernoctaciones,Total,Noruega,2016M08,215091.0,country,2016,8,2016-08-01,noruega
Pernoctaciones,Total,Noruega,2016M09,232464.0,country,2016,9,2016-09-01,noruega
Pernoctaciones,Total,Noruega,2016M10,298532.0,country,2016,10,2016-10-01,noruega
Pernoctaciones,Total,Noruega,2016M11,299571.0,country,2016,11,2016-11-01,noruega
Pernoctaciones,Total,Noruega,2016M12,203611.0,country,2016,12,2016-12-01,noruega
Pernoctaciones,Total,Noruega,2017M01,222456.0,country,2017,1,2017-01-01,noruega
Pernoctaciones,Total,Noruega,2017M02,281491.0,country,2017,2,2017-02-01,noruega
Pernoctaciones,Total,Noruega,2017M03,284342.0,country,2017,3,2017-03-01,noruega
Pernoctaciones,Total,Noruega,2017M04,289377.0,country,2017,4,2017-04-01,noruega
Pernoctaciones,Total,Noruega,2017M05,213813.0,country,2017,5,2017-05-01,noruega
Pernoctaciones,Total,Noruega,2017M06,302801.0,country,2017,6,2017-06-01,noruega
Pernoctaciones,Total,Noruega,2017M07,428606.0,country,2017,7,2017-07-01,noruega
Pernoctaciones,Total,Noruega,2017M08,224293.0,country,2017,8,2017-08-01,noruega
Pernoctaciones,Total,Noruega,2017M09,288897.0,country,2017,9,2017-09-01,noruega
Pernoctaciones,Total,Noruega,2017M10,330891.0,country,2017,10,2017-10-01,noruega
Pernoctaciones,Total,Noruega,2017M11,285970.0,country,2017,11,2017-11-01,noruega
Pernoctaciones,Total,Noruega,2017M12,211326.0,country,2017,12,2017-12-01,noruega
Pernoctaciones,Total,Noruega,2018M01,238484.0,country,2018,1,2018-01-01,noruega
Pernoctaciones,Total,Noruega,2018M02,298639.0,country,2018,2,2018-02-01,noruega
Pernoctaciones,Total,Noruega,2018M03,333646.0,country,2018,3,2018-03-01,noruega
Pernoctaciones,Total,Noruega,2018M04,236694.0,country,2018,4,2018-04-01,noruega
Pernoctaciones,Total,Noruega,2018M05,246969.0,country,2018,5,2018-05-01,noruega
Pernoctaciones,Total,Noruega,2018M06,316531.0,country,2018,6,2018-06-01,noruega
Pernoctaciones,Total,Noruega,2018M07,527029.0,country,2018,7,2018-07-01,noruega
Pernoctaciones,Total,Noruega,2018M08,295299.0,country,2018,8,2018-08-01,noruega
Pernoctaciones,Total,Noruega,2018M09,284497.0,country,2018,9,2018-09-01,noruega
Pernoctaciones,Total,Noruega,2018M10,342834.0,country,2018,10,2018-10-01,noruega
Pernoctaciones,Total,Noruega,2018M11,283582.0,country,2018,11,2018-11-01,noruega
Pernoctaciones,Total,Noruega,2018M12,205556.0,country,2018,12,2018-12-01,noruega
Pernoctaciones,Total,Noruega,2019M01,231222.0,country,2019,1,2019-01-01,noruega
Pernoctaciones,Total,Noruega,2019M02,281119.0,country,2019,2,2019-02-01,noruega
Pernoctaciones,Total,Noruega,2019M03,301693.0,country,2019,3,2019-03-01,noruega
Pernoctaciones,Total,Noruega,2019M04,248652.0,country,2019,4,2019-04-01,noruega
Pernoctaciones,Total,Noruega,2019M05,230849.0,country,2019,5,2019-05-01,noruega
Pernoctaciones,Total,Noruega,2019M06,324399.0,country,2019,6,2019-06-01,noruega
Pernoctaciones,Total,Noruega,2019M07,479224.0,country,2019,7,2019-07-01,noruega
Pernoctaciones,Total,Noruega,2019M08,240845.0,country,2019,8,2019-08-01,noruega
Pernoctaciones,Total,Noruega,2019M09,274966.0,country,2019,9,2019-09-01,noruega
Pernoctaciones,Total,Noruega,2019M10,323668.0,country,2019,10,2019-10-01,noruega
Pernoctaciones,Total,Noruega,2019M11,294338.0,country,2019,11,2019-11-01,noruega
Pernoctaciones,Total,Noruega,2019M12,210177.0,country,2019,12,2019-12-01,noruega
Pernoctaciones,Total,Reino Unido,2015M01,1801755.0,country,2015,1,2015-01-01,reino unido
Pernoctaciones,Total,Reino Unido,2015M02,1922877.0,country,2015,2,2015-02-01,reino unido
Pernoctaciones,Total,Reino Unido,2015M03,2463333.0,country,2015,3,2015-03-01,reino unido
Pernoctaciones,Total,Reino Unido,2015M04,3047719.0,country,2015,4,2015-04-01,reino unido
Pernoctaciones,Total,Reino Unido,2015M05,5400335.0,country,2015,5,2015-05-01,reino unido
Pernoctaciones,Total,Reino Unido,2015M06,6313924.0,country,2015,6,2015-06-01,reino unido
Pernoctaciones,Total,Reino Unido,2015M07,7023006.0,country,2015,7,2015-07-01,reino unido
Pernoctaciones,Total,Reino Unido,2015M08,7283609.0,country,2015,8,2015-08-01,reino unido
Pernoctaciones,Total,Reino Unido,2015M09,6831517.0,country,2015,9,2015-09-01,reino unido
Pernoctaciones,Total,Reino Unido,2015M10,5509097.0,country,2015,10,2015-10-01,reino unido
Pernoctaciones,Total,Reino Unido,2015M11,2360967.0,country,2015,11,2015-11-01,reino unido
Pernoctaciones,Total,Reino Unido,2015M12,2130829.0,country,2015,12,2015-12-01,reino unido
Pernoctaciones,Total,Reino Unido,2016M01,2107049.0,country,2016,1,2016-01-01,reino unido
Pernoctaciones,Total,Reino Unido,2016M02,2334483.0,country,2016,2,2016-02-01,reino unido
Pernoctaciones,Total,Reino Unido,2016M03,3000858.0,country,2016,3,2016-03-01,reino unido
Pernoctaciones,Total,Reino Unido,2016M04,3617362.0,country,2016,4,2016-04-01,reino unido
Pernoctaciones,Total,Reino Unido,2016M05,5949456.0,country,2016,5,2016-05-01,reino unido
Pernoctaciones,Total,Reino Unido,2016M06,7183232.0,country,2016,6,2016-06-01,reino unido
Pernoctaciones,Total,Reino Unido,2016M07,7694310.0,country,2016,7,2016-07-01,reino unido
Pernoctaciones,Total,Reino Unido,2016M08,7928301.0,country,2016,8,2016-08-01,reino unido
Pernoctaciones,Total,Reino Unido,2016M09,7335955.0,country,2016,9,2016-09-01,reino unido
Pernoctaciones,Total,Reino Unido,2016M10,5611328.0,country,2016,10,2016-10-01,reino unido
Pernoctaciones,Total,Reino Unido,2016M11,2504499.0,country,2016,11,2016-11-01,reino unido
Pernoctaciones,Total,Reino Unido,2016M12,2289020.0,country,2016,12,2016-12-01,reino unido
Pernoctaciones,Total,Reino Unido,2017M01,2324896.0,country,2017,1,2017-01-01,reino unido
Pernoctaciones,Total,Reino Unido,2017M02,2385277.0,country,2017,2,2017-02-01,reino unido
Pernoctaciones,Total,Reino Unido,2017M03,3012149.0,country,2017,3,2017-03-01,reino unido
Pernoctaciones,Total,Reino Unido,2017M04,3818432.0,country,2017,4,2017-04-01,reino unido
Pernoctaciones,Total,Reino Unido,2017M05,6320342.0,country,2017,5,2017-05-01,reino unido
Pernoctaciones,Total,Reino Unido,2017M06,7192967.0,country,2017,6,2017-06-01,reino unido
Pernoctaciones,Total,Reino Unido,2017M07,7292237.0,country,2017,7,2017-07-01,reino unido
Pernoctaciones,Total,Reino Unido,2017M08,7635304.0,country,2017,8,2017-08-01,reino unido
Pernoctaciones,Total,Reino Unido,2017M09,7174952.0,country,2017,9,2017-09-01,reino unido
Pernoctaciones,Total,Reino Unido,2017M10,5420205.0,country,2017,10,2017-10-01,reino unido
Pernoctaciones,Total,Reino Unido,2017M11,2414843.0,country,2017,11,2017-11-01,reino unido
Pernoctaciones,Total,Reino Unido,2017M12,2161492.0,country,2017,12,2017-12-01,reino unido
Pernoctaciones,Total,Reino Unido,2018M01,2221002.0,country,2018,1,2018-01-01,reino unido
Pernoctaciones,Total,Reino Unido,2018M02,2327471.0,country,2018,2,2018-02-01,reino unido
Pernoctaciones,Total,Reino Unido,2018M03,2979070.0,country,2018,3,2018-03-01,reino unido
Pernoctaciones,Total,Reino Unido,2018M04,3619425.0,country,2018,4,2018-04-01,reino unido
Pernoctaciones,Total,Reino Unido,2018M05,6192223.0,country,2018,5,2018-05-01,reino unido
Pernoctaciones,Total,Reino Unido,2018M06,7160916.0,country,2018,6,2018-06-01,reino unido
Pernoctaciones,Total,Reino Unido,2018M07,7130286.0,country,2018,7,2018-07-01,reino unido
Pernoctaciones,Total,Reino Unido,2018M08,7283385.0,country,2018,8,2018-08-01,reino unido
Pernoctaciones,Total,Reino Unido,2018M09,7089930.0,country,2018,9,2018-09-01,reino unido
Pernoctaciones,Total,Reino Unido,2018M10,5630884.0,country,2018,10,2018-10-01,reino unido
Pernoctaciones,Total,Reino Unido,2018M11,2519361.0,country,2018,11,2018-11-01,reino unido
Pernoctaciones,Total,Reino Unido,2018M12,2202616.0,country,2018,12,2018-12-01,reino unido
Pernoctaciones,Total,Reino Unido,2019M01,2287003.0,country,2019,1,2019-01-01,reino unido
Pernoctaciones,Total,Reino Unido,2019M02,2345542.0,country,2019,2,2019-02-01,reino unido
Pernoctaciones,Total,Reino Unido,2019M03,2942722.0,country,2019,3,2019-03-01,reino unido
Pernoctaciones,Total,Reino Unido,2019M04,3721076.0,country,2019,4,2019-04-01,reino unido
Pernoctaciones,Total,Reino Unido,2019M05,6178593.0,country,2019,5,2019-05-01,reino unido
Pernoctaciones,Total,Reino Unido,2019M06,6996210.0,country,2019,6,2019-06-01,reino unido
Pernoctaciones,Total,Reino Unido,2019M07,7201443.0,country,2019,7,2019-07-01,reino unido
Pernoctaciones,Total,Reino Unido,2019M08,7292820.0,country,2019,8,2019-08-01,reino unido
Pernoctaciones,Total,Reino Unido,2019M09,7077730.0,country,2019,9,2019-09-01,reino unido
Pernoctaciones,Total,Reino Unido,2019M10,5610669.0,country,2019,10,2019-10-01,reino unido
Pernoctaciones,Total,Reino Unido,2019M11,2412658.0,country,2019,11,2019-11-01,reino unido
Pernoctaciones,Total,Reino Unido,2019M12,2209920.0,country,2019,12,2019-12-01,reino unido
Pernoctaciones,Total,Rusia,2015M01,168374.0,country,2015,1,2015-01-01,rusia
Pernoctaciones,Total,Rusia,2015M02,60620.0,country,2015,2,2015-02-01,rusia
Pernoctaciones,Total,Rusia,2015M03,103319.0,country,2015,3,2015-03-01,rusia
Pernoctaciones,Total,Rusia,2015M04,115623.0,country,2015,4,2015-04-01,rusia
Pernoctaciones,Total,Rusia,2015M05,256044.0,country,2015,5,2015-05-01,rusia
Pernoctaciones,Total,Rusia,2015M06,571484.0,country,2015,6,2015-06-01,rusia
Pernoctaciones,Total,Rusia,2015M07,738653.0,country,2015,7,2015-07-01,rusia
Pernoctaciones,Total,Rusia,2015M08,741268.0,country,2015,8,2015-08-01,rusia
Pernoctaciones,Total,Rusia,2015M09,621407.0,country,2015,9,2015-09-01,rusia
Pernoctaciones,Total,Rusia,2015M10,209397.0,country,2015,10,2015-10-01,rusia
Pernoctaciones,Total,Rusia,2015M11,126020.0,country,2015,11,2015-11-01,rusia
Pernoctaciones,Total,Rusia,2015M12,94632.0,country,2015,12,2015-12-01,rusia
Pernoctaciones,Total,Rusia,2016M01,139016.0,country,2016,1,2016-01-01,rusia
Pernoctaciones,Total,Rusia,2016M02,79986.0,country,2016,2,2016-02-01,rusia
Pernoctaciones,Total,Rusia,2016M03,114388.0,country,2016,3,2016-03-01,rusia
Pernoctaciones,Total,Rusia,2016M04,134261.0,country,2016,4,2016-04-01,rusia
Pernoctaciones,Total,Rusia,2016M05,342609.0,country,2016,5,2016-05-01,rusia
Pernoctaciones,Total,Rusia,2016M06,634472.0,country,2016,6,2016-06-01,rusia
Pernoctaciones,Total,Rusia,2016M07,773057.0,country,2016,7,2016-07-01,rusia
Pernoctaciones,Total,Rusia,2016M08,712479.0,country,2016,8,2016-08-01,rusia
Pernoctaciones,Total,Rusia,2016M09,695216.0,country,2016,9,2016-09-01,rusia
Pernoctaciones,Total,Rusia,2016M10,256752.0,country,2016,10,2016-10-01,rusia
Pernoctaciones,Total,Rusia,2016M11,117030.0,country,2016,11,2016-11-01,rusia
Pernoctaciones,Total,Rusia,2016M12,99080.0,country,2016,12,2016-12-01,rusia
Pernoctaciones,Total,Rusia,2017M01,162142.0,country,2017,1,2017-01-01,rusia
Pernoctaciones,Total,Rusia,2017M02,97281.0,country,2017,2,2017-02-01,rusia
Pernoctaciones,Total,Rusia,2017M03,138954.0,country,2017,3,2017-03-01,rusia
Pernoctaciones,Total,Rusia,2017M04,175621.0,country,2017,4,2017-04-01,rusia
Pernoctaciones,Total,Rusia,2017M05,326138.0,country,2017,5,2017-05-01,rusia
Pernoctaciones,Total,Rusia,2017M06,780333.0,country,2017,6,2017-06-01,rusia
Pernoctaciones,Total,Rusia,2017M07,953227.0,country,2017,7,2017-07-01,rusia
Pernoctaciones,Total,Rusia,2017M08,909782.0,country,2017,8,2017-08-01,rusia
Pernoctaciones,Total,Rusia,2017M09,799557.0,country,2017,9,2017-09-01,rusia
Pernoctaciones,Total,Rusia,2017M10,261343.0,country,2017,10,2017-10-01,rusia
Pernoctaciones,Total,Rusia,2017M11,128129.0,country,2017,11,2017-11-01,rusia
Pernoctaciones,Total,Rusia,2017M12,100867.0,country,2017,12,2017-12-01,rusia
Pernoctaciones,Total,Rusia,2018M01,184713.0,country,2018,1,2018-01-01,rusia
Pernoctaciones,Total,Rusia,2018M02,113508.0,country,2018,2,2018-02-01,rusia
Pernoctaciones,Total,Rusia,2018M03,132176.0,country,2018,3,2018-03-01,rusia
Pernoctaciones,Total,Rusia,2018M04,170924.0,country,2018,4,2018-04-01,rusia
Pernoctaciones,Total,Rusia,2018M05,327151.0,country,2018,5,2018-05-01,rusia
Pernoctaciones,Total,Rusia,2018M06,781819.0,country,2018,6,2018-06-01,rusia
Pernoctaciones,Total,Rusia,2018M07,843510.0,country,2018,7,2018-07-01,rusia
Pernoctaciones,Total,Rusia,2018M08,848786.0,country,2018,8,2018-08-01,rusia
Pernoctaciones,Total,Rusia,2018M09,828546.0,country,2018,9,2018-09-01,rusia
Pernoctaciones,Total,Rusia,2018M10,278728.0,country,2018,10,2018-10-01,rusia
Pernoctaciones,Total,Rusia,2018M11,129939.0,country,2018,11,2018-11-01,rusia
Pernoctaciones,Total,Rusia,2018M12,113393.0,country,2018,12,2018-12-01,rusia
Pernoctaciones,Total,Rusia,2019M01,179439.0,country,2019,1,2019-01-01,rusia
Pernoctaciones,Total,Rusia,2019M02,112468.0,country,2019,2,2019-02-01,rusia
Pernoctaciones,Total,Rusia,2019M03,170397.0,country,2019,3,2019-03-01,rusia
Pernoctaciones,Total,Rusia,2019M04,190156.0,country,2019,4,2019-04-01,rusia
Pernoctaciones,Total,Rusia,2019M05,398259.0,country,2019,5,2019-05-01,rusia
Pernoctaciones,Total,Rusia,2019M06,790583.0,country,2019,6,2019-06-01,rusia
Pernoctaciones,Total,Rusia,2019M07,902940.0,country,2019,7,2019-07-01,rusia
Pernoctaciones,Total,Rusia,2019M08,889849.0,country,2019,8,2019-08-01,rusia
Pernoctaciones,Total,Rusia,2019M09,830709.0,country,2019,9,2019-09-01,rusia
Pernoctaciones,Total,Rusia,2019M10,341300.0,country,2019,10,2019-10-01,rusia
Pernoctaciones,Total,Rusia,2019M11,125303.0,country,2019,11,2019-11-01,rusia
Pernoctaciones,Total,Rusia,2019M12,104630.0,country,2019,12,2019-12-01,rusia
Pernoctaciones,Total,Suiza,2015M01,112453.0,country,2015,1,2015-01-01,suiza
Pernoctaciones,Total,Suiza,2015M02,140644.0,country,2015,2,2015-02-01,suiza
Pernoctaciones,Total,Suiza,2015M03,174250.0,country,2015,3,2015-03-01,suiza
Pernoctaciones,Total,Suiza,2015M04,360843.0,country,2015,4,2015-04-01,suiza
Pernoctaciones,Total,Suiza,2015M05,342951.0,country,2015,5,2015-05-01,suiza
Pernoctaciones,Total,Suiza,2015M06,359906.0,country,2015,6,2015-06-01,suiza
Pernoctaciones,Total,Suiza,2015M07,664714.0,country,2015,7,2015-07-01,suiza
Pernoctaciones,Total,Suiza,2015M08,425703.0,country,2015,8,2015-08-01,suiza
Pernoctaciones,Total,Suiza,2015M09,478616.0,country,2015,9,2015-09-01,suiza
Pernoctaciones,Total,Suiza,2015M10,500664.0,country,2015,10,2015-10-01,suiza
Pernoctaciones,Total,Suiza,2015M11,169742.0,country,2015,11,2015-11-01,suiza
Pernoctaciones,Total,Suiza,2015M12,138542.0,country,2015,12,2015-12-01,suiza
Pernoctaciones,Total,Suiza,2016M01,117801.0,country,2016,1,2016-01-01,suiza
Pernoctaciones,Total,Suiza,2016M02,160872.0,country,2016,2,2016-02-01,suiza
Pernoctaciones,Total,Suiza,2016M03,229236.0,country,2016,3,2016-03-01,suiza
Pernoctaciones,Total,Suiza,2016M04,343218.0,country,2016,4,2016-04-01,suiza
Pernoctaciones,Total,Suiza,2016M05,377065.0,country,2016,5,2016-05-01,suiza
Pernoctaciones,Total,Suiza,2016M06,415739.0,country,2016,6,2016-06-01,suiza
Pernoctaciones,Total,Suiza,2016M07,688124.0,country,2016,7,2016-07-01,suiza
Pernoctaciones,Total,Suiza,2016M08,437701.0,country,2016,8,2016-08-01,suiza
Pernoctaciones,Total,Suiza,2016M09,460827.0,country,2016,9,2016-09-01,suiza
Pernoctaciones,Total,Suiza,2016M10,584593.0,country,2016,10,2016-10-01,suiza
Pernoctaciones,Total,Suiza,2016M11,190715.0,country,2016,11,2016-11-01,suiza
Pernoctaciones,Total,Suiza,2016M12,153399.0,country,2016,12,2016-12-01,suiza
Pernoctaciones,Total,Suiza,2017M01,144997.0,country,2017,1,2017-01-01,suiza
Pernoctaciones,Total,Suiza,2017M02,163553.0,country,2017,2,2017-02-01,suiza
Pernoctaciones,Total,Suiza,2017M03,230273.0,country,2017,3,2017-03-01,suiza
Pernoctaciones,Total,Suiza,2017M04,399239.0,country,2017,4,2017-04-01,suiza
Pernoctaciones,Total,Suiza,2017M05,412064.0,country,2017,5,2017-05-01,suiza
Pernoctaciones,Total,Suiza,2017M06,466448.0,country,2017,6,2017-06-01,suiza
Pernoctaciones,Total,Suiza,2017M07,718783.0,country,2017,7,2017-07-01,suiza
Pernoctaciones,Total,Suiza,2017M08,475242.0,country,2017,8,2017-08-01,suiza
Pernoctaciones,Total,Suiza,2017M09,509502.0,country,2017,9,2017-09-01,suiza
Pernoctaciones,Total,Suiza,2017M10,567058.0,country,2017,10,2017-10-01,suiza
Pernoctaciones,Total,Suiza,2017M11,186998.0,country,2017,11,2017-11-01,suiza
Pernoctaciones,Total,Suiza,2017M12,138343.0,country,2017,12,2017-12-01,suiza
Pernoctaciones,Total,Suiza,2018M01,137696.0,country,2018,1,2018-01-01,suiza
Pernoctaciones,Total,Suiza,2018M02,161689.0,country,2018,2,2018-02-01,suiza
Pernoctaciones,Total,Suiza,2018M03,204211.0,country,2018,3,2018-03-01,suiza
Pernoctaciones,Total,Suiza,2018M04,356144.0,country,2018,4,2018-04-01,suiza
Pernoctaciones,Total,Suiza,2018M05,408276.0,country,2018,5,2018-05-01,suiza
Pernoctaciones,Total,Suiza,2018M06,425756.0,country,2018,6,2018-06-01,suiza
Pernoctaciones,Total,Suiza,2018M07,670619.0,country,2018,7,2018-07-01,suiza
Pernoctaciones,Total,Suiza,2018M08,431935.0,country,2018,8,2018-08-01,suiza
Pernoctaciones,Total,Suiza,2018M09,488770.0,country,2018,9,2018-09-01,suiza
Pernoctaciones,Total,Suiza,2018M10,530357.0,country,2018,10,2018-10-01,suiza
Pernoctaciones,Total,Suiza,2018M11,188245.0,country,2018,11,2018-11-01,suiza
Pernoctaciones,Total,Suiza,2018M12,139577.0,country,2018,12,2018-12-01,suiza
Pernoctaciones,Total,Suiza,2019M01,131703.0,country,2019,1,2019-01-01,suiza
Pernoctaciones,Total,Suiza,2019M02,159903.0,country,2019,2,2019-02-01,suiza
Pernoctaciones,Total,Suiza,2019M03,202100.0,country,2019,3,2019-03-01,suiza
Pernoctaciones,Total,Suiza,2019M04,350202.0,country,2019,4,2019-04-01,suiza
Pernoctaciones,Total,Suiza,2019M05,362212.0,country,2019,5,2019-05-01,suiza
Pernoctaciones,Total,Suiza,2019M06,402026.0,country,2019,6,2019-06-01,suiza
Pernoctaciones,Total,Suiza,2019M07,583932.0,country,2019,7,2019-07-01,suiza
Pernoctaciones,Total,Suiza,2019M08,385774.0,country,2019,8,2019-08-01,suiza
Pernoctaciones,Total,Suiza,2019M09,451509.0,country,2019,9,2019-09-01,suiza
Pernoctaciones,Total,Suiza,2019M10,512893.0,country,2019,10,2019-10-01,suiza
Pernoctaciones,Total,Suiza,2019M11,184242.0,country,2019,11,2019-11-01,suiza
Pernoctaciones,Total,Suiza,2019M12,139565.0,country,2019,12,2019-12-01,suiza
Pernoctaciones,Total,África,2015M01,97508.0,country,2015,1,2015-01-01,áfrica
Pernoctaciones,Total,África,2015M02,80676.0,country,2015,2,2015-02-01,áfrica
Pernoctaciones,Total,África,2015M03,98759.0,country,2015,3,2015-03-01,áfrica
Pernoctaciones,Total,África,2015M04,99928.0,country,2015,4,2015-04-01,áfrica
Pernoctaciones,Total,África,2015M05,109713.0,country,2015,5,2015-05-01,áfrica
Pernoctaciones,Total,África,2015M06,93971.0,country,2015,6,2015-06-01,áfrica
Pernoctaciones,Total,África,2015M07,147708.0,country,2015,7,2015-07-01,áfrica
Pernoctaciones,Total,África,2015M08,287531.0,country,2015,8,2015-08-01,áfrica
Pernoctaciones,Total,África,2015M09,126336.0,country,2015,9,2015-09-01,áfrica
Pernoctaciones,Total,África,2015M10,101379.0,country,2015,10,2015-10-01,áfrica
Pernoctaciones,Total,África,2015M11,93077.0,country,2015,11,2015-11-01,áfrica
Pernoctaciones,Total,África,2015M12,95070.0,country,2015,12,2015-12-01,áfrica
Pernoctaciones,Total,África,2016M01,101600.0,country,2016,1,2016-01-01,áfrica
Pernoctaciones,Total,África,2016M02,94340.0,country,2016,2,2016-02-01,áfrica
Pernoctaciones,Total,África,2016M03,102361.0,country,2016,3,2016-03-01,áfrica
Pernoctaciones,Total,África,2016M04,124679.0,country,2016,4,2016-04-01,áfrica
Pernoctaciones,Total,África,2016M05,124192.0,country,2016,5,2016-05-01,áfrica
Pernoctaciones,Total,África,2016M06,82193.0,country,2016,6,2016-06-01,áfrica
Pernoctaciones,Total,África,2016M07,222183.0,country,2016,7,2016-07-01,áfrica
Pernoctaciones,Total,África,2016M08,326405.0,country,2016,8,2016-08-01,áfrica
Pernoctaciones,Total,África,2016M09,160456.0,country,2016,9,2016-09-01,áfrica
Pernoctaciones,Total,África,2016M10,124726.0,country,2016,10,2016-10-01,áfrica
Pernoctaciones,Total,África,2016M11,105893.0,country,2016,11,2016-11-01,áfrica
Pernoctaciones,Total,África,2016M12,121566.0,country,2016,12,2016-12-01,áfrica
Pernoctaciones,Total,África,2017M01,138273.0,country,2017,1,2017-01-01,áfrica
Pernoctaciones,Total,África,2017M02,109128.0,country,2017,2,2017-02-01,áfrica
Pernoctaciones,Total,África,2017M03,111205.0,country,2017,3,2017-03-01,áfrica
Pernoctaciones,Total,África,2017M04,134567.0,country,2017,4,2017-04-01,áfrica
Pernoctaciones,Total,África,2017M05,130038.0,country,2017,5,2017-05-01,áfrica
Pernoctaciones,Total,África,2017M06,131600.0,country,2017,6,2017-06-01,áfrica
Pernoctaciones,Total,África,2017M07,265796.0,country,2017,7,2017-07-01,áfrica
Pernoctaciones,Total,África,2017M08,356267.0,country,2017,8,2017-08-01,áfrica
Pernoctaciones,Total,África,2017M09,163552.0,country,2017,9,2017-09-01,áfrica
Pernoctaciones,Total,África,2017M10,129992.0,country,2017,10,2017-10-01,áfrica
Pernoctaciones,Total,África,2017M11,116200.0,country,2017,11,2017-11-01,áfrica
Pernoctaciones,Total,África,2017M12,115738.0,country,2017,12,2017-12-01,áfrica
Pernoctaciones,Total,África,2018M01,141767.0,country,2018,1,2018-01-01,áfrica
Pernoctaciones,Total,África,2018M02,123886.0,country,2018,2,2018-02-01,áfrica
Pernoctaciones,Total,África,2018M03,113553.0,country,2018,3,2018-03-01,áfrica
Pernoctaciones,Total,África,2018M04,140913.0,country,2018,4,2018-04-01,áfrica
Pernoctaciones,Total,África,2018M05,118029.0,country,2018,5,2018-05-01,áfrica
Pernoctaciones,Total,África,2018M06,138627.0,country,2018,6,2018-06-01,áfrica
Pernoctaciones,Total,África,2018M07,249979.0,country,2018,7,2018-07-01,áfrica
Pernoctaciones,Total,África,2018M08,335617.0,country,2018,8,2018-08-01,áfrica
Pernoctaciones,Total,África,2018M09,250531.0,country,2018,9,2018-09-01,áfrica
Pernoctaciones,Total,África,2018M10,152300.0,country,2018,10,2018-10-01,áfrica
Pernoctaciones,Total,África,2018M11,162035.0,country,2018,11,2018-11-01,áfrica
Pernoctaciones,Total,África,2018M12,152080.0,country,2018,12,2018-12-01,áfrica
Pernoctaciones,Total,África,2019M01,188149.0,country,2019,1,2019-01-01,áfrica
Pernoctaciones,Total,África,2019M02,144708.0,country,2019,2,2019-02-01,áfrica
Pernoctaciones,Total,África,2019M03,150589.0,country,2019,3,2019-03-01,áfrica
Pernoctaciones,Total,África,2019M04,183020.0,country,2019,4,2019-04-01,áfrica
Pernoctaciones,Total,África,2019M05,119204.0,country,2019,5,2019-05-01,áfrica
Pernoctaciones,Total,África,2019M06,170448.0,country,2019,6,2019-06-01,áfrica
Pernoctaciones,Total,África,2019M07,251936.0,country,2019,7,2019-07-01,áfrica
Pernoctaciones,Total,África,2019M08,333480.0,country,2019,8,2019-08-01,áfrica
Pernoctaciones,Total,África,2019M09,179229.0,country,2019,9,2019-09-01,áfrica
Pernoctaciones,Total,África,2019M10,161395.0,country,2019,10,2019-10-01,áfrica
Pernoctaciones,Total,África,2019M11,143434.0,country,2019,11,2019-11-01,áfrica
Pernoctaciones,Total,África,2019M12,152593.0,country,2019,12,2019-12-01,áfrica
Pernoctaciones,Total,Resto del Mundo,2015M01,412289.0,country,2015,1,2015-01-01,resto del mundo
Pernoctaciones,Total,Resto del Mundo,2015M02,433123.0,country,2015,2,2015-02-01,resto del mundo
Pernoctaciones,Total,Resto del Mundo,2015M03,493520.0,country,2015,3,2015-03-01,resto del mundo
Pernoctaciones,Total,Resto del Mundo,2015M04,597452.0,country,2015,4,2015-04-01,resto del mundo
Pernoctaciones,Total,Resto del Mundo,2015M05,716402.0,country,2015,5,2015-05-01,resto del mundo
Pernoctaciones,Total,Resto del Mundo,2015M06,768433.0,country,2015,6,2015-06-01,resto del mundo
Pernoctaciones,Total,Resto del Mundo,2015M07,869227.0,country,2015,7,2015-07-01,resto del mundo
Pernoctaciones,Total,Resto del Mundo,2015M08,1003684.0,country,2015,8,2015-08-01,resto del mundo
Pernoctaciones,Total,Resto del Mundo,2015M09,857971.0,country,2015,9,2015-09-01,resto del mundo
Pernoctaciones,Total,Resto del Mundo,2015M10,754131.0,country,2015,10,2015-10-01,resto del mundo
Pernoctaciones,Total,Resto del Mundo,2015M11,500778.0,country,2015,11,2015-11-01,resto del mundo
Pernoctaciones,Total,Resto del Mundo,2015M12,456467.0,country,2015,12,2015-12-01,resto del mundo
Pernoctaciones,Total,Resto del Mundo,2016M01,484709.0,country,2016,1,2016-01-01,resto del mundo
Pernoctaciones,Total,Resto del Mundo,2016M02,557019.0,country,2016,2,2016-02-01,resto del mundo
Pernoctaciones,Total,Resto del Mundo,2016M03,576456.0,country,2016,3,2016-03-01,resto del mundo
Pernoctaciones,Total,Resto del Mundo,2016M04,631907.0,country,2016,4,2016-04-01,resto del mundo
Pernoctaciones,Total,Resto del Mundo,2016M05,783810.0,country,2016,5,2016-05-01,resto del mundo
Pernoctaciones,Total,Resto del Mundo,2016M06,730250.0,country,2016,6,2016-06-01,resto del mundo
Pernoctaciones,Total,Resto del Mundo,2016M07,960362.0,country,2016,7,2016-07-01,resto del mundo
Pernoctaciones,Total,Resto del Mundo,2016M08,908446.0,country,2016,8,2016-08-01,resto del mundo
Pernoctaciones,Total,Resto del Mundo,2016M09,864616.0,country,2016,9,2016-09-01,resto del mundo
Pernoctaciones,Total,Resto del Mundo,2016M10,753503.0,country,2016,10,2016-10-01,resto del mundo
Pernoctaciones,Total,Resto del Mundo,2016M11,507857.0,country,2016,11,2016-11-01,resto del mundo
Pernoctaciones,Total,Resto del Mundo,2016M12,589109.0,country,2016,12,2016-12-01,resto del mundo
Pernoctaciones,Total,Resto del Mundo,2017M01,572663.0,country,2017,1,2017-01-01,resto del mundo
Pernoctaciones,Total,Resto del Mundo,2017M02,557083.0,country,2017,2,2017-02-01,resto del mundo
Pernoctaciones,Total,Resto del Mundo,2017M03,647533.0,country,2017,3,2017-03-01,resto del mundo
Pernoctaciones,Total,Resto del Mundo,2017M04,792285.0,country,2017,4,2017-04-01,resto del mundo
Pernoctaciones,Total,Resto del Mundo,2017M05,890501.0,country,2017,5,2017-05-01,resto del mundo
Pernoctaciones,Total,Resto del Mundo,2017M06,860915.0,country,2017,6,2017-06-01,resto del mundo
Pernoctaciones,Total,Resto del Mundo,2017M07,1030346.0,country,2017,7,2017-07-01,resto del mundo
Pernoctaciones,Total,Resto del Mundo,2017M08,1058398.0,country,2017,8,2017-08-01,resto del mundo
Pernoctaciones,Total,Resto del Mundo,2017M09,928110.0,country,2017,9,2017-09-01,resto del mundo
Pernoctaciones,Total,Resto del Mundo,2017M10,871149.0,country,2017,10,2017-10-01,resto del mundo
Pernoctaciones,Total,Resto del Mundo,2017M11,553612.0,country,2017,11,2017-11-01,resto del mundo
Pernoctaciones,Total,Resto del Mundo,2017M12,564968.0,country,2017,12,2017-12-01,resto del mundo
Pernoctaciones,Total,Resto del Mundo,2018M01,548116.0,country,2018,1,2018-01-01,resto del mundo
Pernoctaciones,Total,Resto del Mundo,2018M02,621574.0,country,2018,2,2018-02-01,resto del mundo
Pernoctaciones,Total,Resto del Mundo,2018M03,626611.0,country,2018,3,2018-03-01,resto del mundo
Pernoctaciones,Total,Resto del Mundo,2018M04,767677.0,country,2018,4,2018-04-01,resto del mundo
Pernoctaciones,Total,Resto del Mundo,2018M05,904304.0,country,2018,5,2018-05-01,resto del mundo
Pernoctaciones,Total,Resto del Mundo,2018M06,991968.0,country,2018,6,2018-06-01,resto del mundo
Pernoctaciones,Total,Resto del Mundo,2018M07,1072182.0,country,2018,7,2018-07-01,resto del mundo
Pernoctaciones,Total,Resto del Mundo,2018M08,1038836.0,country,2018,8,2018-08-01,resto del mundo
Pernoctaciones,Total,Resto del Mundo,2018M09,1009907.0,country,2018,9,2018-09-01,resto del mundo
Pernoctaciones,Total,Resto del Mundo,2018M10,946724.0,country,2018,10,2018-10-01,resto del mundo
Pernoctaciones,Total,Resto del Mundo,2018M11,687685.0,country,2018,11,2018-11-01,resto del mundo
Pernoctaciones,Total,Resto del Mundo,2018M12,715222.0,country,2018,12,2018-12-01,resto del mundo
Pernoctaciones,Total,Resto del Mundo,2019M01,655341.0,country,2019,1,2019-01-01,resto del mundo
Pernoctaciones,Total,Resto del Mundo,2019M02,685650.0,country,2019,2,2019-02-01,resto del mundo
Pernoctaciones,Total,Resto del Mundo,2019M03,707283.0,country,2019,3,2019-03-01,resto del mundo
Pernoctaciones,Total,Resto del Mundo,2019M04,851156.0,country,2019,4,2019-04-01,resto del mundo
Pernoctaciones,Total,Resto del Mundo,2019M05,921999.0,country,2019,5,2019-05-01,resto del mundo
Pernoctaciones,Total,Resto del Mundo,2019M06,1084270.0,country,2019,6,2019-06-01,resto del mundo
Pernoctaciones,Total,Resto del Mundo,2019M07,1137277.0,country,2019,7,2019-07-01,resto del mundo
Pernoctaciones,Total,Resto del Mundo,2019M08,1122472.0,country,2019,8,2019-08-01,resto del mundo
Pernoctaciones,Total,Resto del Mundo,2019M09,993533.0,country,2019,9,2019-09-01,resto del mundo
Pernoctaciones,Total,Resto del Mundo,2019M10,973765.0,country,2019,10,2019-10-01,resto del mundo
Pernoctaciones,Total,Resto del Mundo,2019M11,748970.0,country,2019,11,2019-11-01,resto del mundo
Pernoctaciones,Total,Resto del Mundo,2019M12,728111.0,country,2019,12,2019-12-01,resto del mundo
Pernoctaciones,Japón,,2015M01,69784.0,region,2015,1,2015-01-01,japón
Pernoctaciones,Japón,,2015M02,80802.0,region,2015,2,2015-02-01,japón
Pernoctaciones,Japón,,2015M03,87386.0,region,2015,3,2015-03-01,japón
Pernoctaciones,Japón,,2015M04,77301.0,region,2015,4,2015-04-01,japón
Pernoctaciones,Japón,,2015M05,84830.0,region,2015,5,2015-05-01,japón
Pernoctaciones,Japón,,2015M06,90402.0,region,2015,6,2015-06-01,japón
Pernoctaciones,Japón,,2015M07,80780.0,region,2015,7,2015-07-01,japón
Pernoctaciones,Japón,,2015M08,101786.0,region,2015,8,2015-08-01,japón
Pernoctaciones,Japón,,2015M09,111383.0,region,2015,9,2015-09-01,japón
Pernoctaciones,Japón,,2015M10,103793.0,region,2015,10,2015-10-01,japón
Pernoctaciones,Japón,,2015M11,90634.0,region,2015,11,2015-11-01,japón
Pernoctaciones,Japón,,2015M12,74889.0,region,2015,12,2015-12-01,japón
Pernoctaciones,Japón,,2016M01,67264.0,region,2016,1,2016-01-01,japón
Pernoctaciones,Japón,,2016M02,84487.0,region,2016,2,2016-02-01,japón
Pernoctaciones,Japón,,2016M03,97738.0,region,2016,3,2016-03-01,japón
Pernoctaciones,Japón,,2016M04,86774.0,region,2016,4,2016-04-01,japón
Pernoctaciones,Japón,,2016M05,96329.0,region,2016,5,2016-05-01,japón
Pernoctaciones,Japón,,2016M06,91569.0,region,2016,6,2016-06-01,japón
Pernoctaciones,Japón,,2016M07,71172.0,region,2016,7,2016-07-01,japón
Pernoctaciones,Japón,,2016M08,91813.0,region,2016,8,2016-08-01,japón
Pernoctaciones,Japón,,2016M09,108700.0,region,2016,9,2016-09-01,japón
Pernoctaciones,Japón,,2016M10,92551.0,region,2016,10,2016-10-01,japón
Pernoctaciones,Japón,,2016M11,82889.0,region,2016,11,2016-11-01,japón
Pernoctaciones,Japón,,2016M12,84216.0,region,2016,12,2016-12-01,japón
Pernoctaciones,Japón,,2017M01,80773.0,region,2017,1,2017-01-01,japón
Pernoctaciones,Japón,,2017M02,89267.0,region,2017,2,2017-02-01,japón
Pernoctaciones,Japón,,2017M03,113091.0,region,2017,3,2017-03-01,japón
Pernoctaciones,Japón,,2017M04,81505.0,region,2017,4,2017-04-01,japón
Pernoctaciones,Japón,,2017M05,101324.0,region,2017,5,2017-05-01,japón
Pernoctaciones,Japón,,2017M06,109361.0,region,2017,6,2017-06-01,japón
Pernoctaciones,Japón,,2017M07,85997.0,region,2017,7,2017-07-01,japón
Pernoctaciones,Japón,,2017M08,98427.0,region,2017,8,2017-08-01,japón
Pernoctaciones,Japón,,2017M09,106685.0,region,2017,9,2017-09-01,japón
Pernoctaciones,Japón,,2017M10,100356.0,region,2017,10,2017-10-01,japón
Pernoctaciones,Japón,,2017M11,71929.0,region,2017,11,2017-11-01,japón
Pernoctaciones,Japón,,2017M12,62683.0,region,2017,12,2017-12-01,japón
Pernoctaciones,Japón,,2018M01,58095.0,region,2018,1,2018-01-01,japón
Pernoctaciones,Japón,,2018M02,83381.0,region,2018,2,2018-02-01,japón
Pernoctaciones,Japón,,2018M03,94380.0,region,2018,3,2018-03-01,japón
Pernoctaciones,Japón,,2018M04,75096.0,region,2018,4,2018-04-01,japón
Pernoctaciones,Japón,,2018M05,88748.0,region,2018,5,2018-05-01,japón
Pernoctaciones,Japón,,2018M06,91686.0,region,2018,6,2018-06-01,japón
Pernoctaciones,Japón,,2018M07,81305.0,region,2018,7,2018-07-01,japón
Pernoctaciones,Japón,,2018M08,94291.0,region,2018,8,2018-08-01,japón
Pernoctaciones,Japón,,2018M09,107876.0,region,2018,9,2018-09-01,japón
Pernoctaciones,Japón,,2018M10,99356.0,region,2018,10,2018-10-01,japón
Pernoctaciones,Japón,,2018M11,91761.0,region,2018,11,2018-11-01,japón
Pernoctaciones,Japón,,2018M12,85019.0,region,2018,12,2018-12-01,japón
Pernoctaciones,Japón,,2019M01,77369.0,region,2019,1,2019-01-01,japón
Pernoctaciones,Japón,,2019M02,95353.0,region,2019,2,2019-02-01,japón
Pernoctaciones,Japón,,2019M03,106878.0,region,2019,3,2019-03-01,japón
Pernoctaciones,Japón,,2019M04,103855.0,region,2019,4,2019-04-01,japón
Pernoctaciones,Japón,,2019M05,121393.0,region,2019,5,2019-05-01,japón
Pernoctaciones,Japón,,2019M06,117407.0,region,2019,6,2019-06-01,japón
Pernoctaciones,Japón,,2019M07,104970.0,region,2019,7,2019-07-01,japón
Pernoctaciones,Japón,,2019M08,111030.0,region,2019,8,2019-08-01,japón
Pernoctaciones,Japón,,2019M09,127577.0,region,2019,9,2019-09-01,japón
Pernoctaciones,Japón,,2019M10,130378.0,region,2019,10,2019-10-01,japón
Pernoctaciones,Japón,,2019M11,98654.0,region,2019,11,2019-11-01,japón
Pernoctaciones,Japón,,2019M12,96717.0,region,2019,12,2019-12-01,japón
