apartment_id,room_type,price,has_availability,availability_30,availability_60,availability_90,availability_365,review_scores_rating,first_review_date,last_review_date,number_of_reviews,reviews_per_month,city,insert_date,price_missing,reviews 80+
11964,Private room,400.0,True,7,20,40,130,97,2010-01-02,2017-09-05,78,0.76,Malaga,2018-07-31,False,True
21853,Private room,170.0,True,0,0,0,162,92,2014-10-10,2018-07-15,33,0.52,Madrid,2020-01-10,False,True
32347,Entire home/apt,990.0,True,26,31,31,270,98,2011-01-05,2019-07-22,148,1.44,Sevilla,2019-07-29,False,True
35379,Private room,400.0,True,9,23,49,300,94,2012-03-13,2020-01-04,292,3.1,Barcelona,2020-01-10,False,True
35801,Private room,900.0,True,0,19,49,312,97,2011-07-08,2018-08-08,36,0.39,Girona,2019-02-19,False,True
48764,Entire home/apt,900.0,True,0,0,0,235,96,2011-06-04,2018-08-25,25,0.27,Girona,2019-02-19,False,True
58512,Entire home/apt,950.0,True,30,60,90,331,89,2011-04-08,2020-03-02,382,3.34,Barcelona,2020-10-12,False,True
71603,Entire home/apt,3900.0,False,28,55,85,360,94,2011-02-16,2017-06-05,33,0.43,Barcelona,2017-07-06,False,True
72150,Entire home/apt,790.0,True,29,59,89,179,91,2011-02-13,2020-07-31,108,0.92,Madrid,2020-11-06,False,True
73683,Entire home/apt,3000.0,True,8,12,23,296,92,2011-06-04,2018-05-20,120,1.42,Barcelona,2018-06-09,False,True
73692,Entire home/apt,1050.0,True,9,39,63,307,84,2012-08-01,2017-08-03,29,0.47,Barcelona,2017-10-07,False,True
79755,Entire home/apt,1100.0,True,9,10,10,10,98,2011-04-24,2016-10-01,189,2.37,Barcelona,2017-12-09,False,True
89756,Entire home/apt,2800.0,False,7,23,53,328,89,2012-11-02,2016-11-29,9,0.17,Barcelona,2017-04-08,False,True
89776,Entire home/apt,650.0,True,7,18,41,224,96,2011-11-10,2019-12-01,322,3.32,Barcelona,2019-12-10,False,True
89954,Entire home/apt,1030.0,True,27,48,49,61,97,2011-07-01,2018-11-01,181,2.05,Madrid,2018-11-07,False,True
96807,Private room,290.0,True,30,60,90,365,91,2011-06-08,2019-07-07,77,0.75,Madrid,2019-12-10,False,True
101580,Entire home/apt,,True,22,52,82,237,99,2017-05-28,2018-10-14,14,0.74,Girona,2018-12-22,True,True
103386,Entire home/apt,840.0,True,17,38,64,229,93,2011-11-01,2019-04-19,13,0.14,Valencia,2019-10-31,False,True
107437,Entire home/apt,2200.0,True,12,41,59,250,93,2011-07-08,2018-07-28,34,0.39,Barcelona,2018-10-10,False,True
121210,Private room,510.0,True,13,38,68,68,89,2011-05-31,2017-12-09,154,1.87,Barcelona,2018-04-12,False,True
128463,Private room,300.0,True,3,16,28,264,97,2011-09-03,2018-01-23,184,2.38,Barcelona,2018-02-07,False,True
131987,Entire home/apt,690.0,True,30,60,90,163,98,2012-03-12,2020-03-12,235,2.38,Sevilla,2020-05-30,False,True
144471,Private room,470.0,True,22,52,82,357,87,2011-07-04,2016-08-04,32,0.43,Barcelona,2017-09-12,False,True
157327,Entire home/apt,5000.0,True,26,56,86,361,80,2015-08-18,2015-08-18,1,0.03,Girona,2018-08-30,False,True
158238,Entire home/apt,1200.0,True,24,54,84,359,89,2011-07-22,2018-05-21,97,1.17,Barcelona,2018-06-09,False,True
164621,Private room,330.0,True,10,39,69,344,95,2011-07-26,2017-06-25,44,0.45,Mallorca,2019-08-31,False,True
170750,Entire home/apt,900.0,True,11,11,11,17,90,2011-10-28,2018-11-18,189,2.21,Madrid,2018-12-10,False,True
176827,Private room,280.0,False,13,43,72,347,83,2012-02-06,2017-04-02,156,2.51,Madrid,2017-04-08,False,True
178456,Entire home/apt,900.0,True,30,60,90,365,88,2012-08-23,2019-09-25,33,0.38,Mallorca,2019-11-28,False,True
183346,Private room,300.0,True,0,0,0,137,83,2013-11-16,2016-05-29,12,0.24,Madrid,2018-01-17,False,True
186221,Private room,150.0,False,5,11,37,234,89,2011-08-22,2017-04-02,416,6.15,Barcelona,2017-04-08,False,True
193923,Private room,200.0,True,2,17,29,253,98,2011-09-02,2020-02-10,125,1.23,Barcelona,2020-02-16,False,True
206846,Entire home/apt,1280.0,True,5,7,25,205,92,2012-02-12,2019-10-09,77,0.82,Barcelona,2019-12-10,False,True
210156,Entire home/apt,580.0,True,26,44,49,102,97,2012-08-11,2019-11-02,90,0.98,Mallorca,2020-03-22,False,True
213296,Private room,250.0,False,8,14,25,224,89,2012-05-20,2017-01-21,168,2.96,Barcelona,2017-02-09,False,True
214970,Private room,330.0,True,1,1,1,1,93,2012-06-13,2020-03-02,144,1.41,Barcelona,2020-12-16,False,True
222753,Private room,310.0,True,30,60,90,365,86,2011-10-22,2020-03-01,172,1.58,Valencia,2020-11-10,False,True
255195,Entire home/apt,330.0,True,30,60,90,330,85,2012-03-02,2020-10-09,17,0.16,Barcelona,2020-11-06,False,True
265647,Entire home/apt,1750.0,True,17,41,71,333,95,2013-08-19,2017-09-03,8,0.13,Girona,2018-08-30,False,True
279439,Private room,250.0,True,1,4,13,13,91,2012-02-20,2018-04-13,102,1.36,Barcelona,2018-05-14,False,True
305213,Entire home/apt,1050.0,False,14,24,51,141,95,2012-06-21,2017-07-26,170,2.76,Barcelona,2017-08-06,False,True
314781,Private room,1000.0,False,30,60,90,365,93,2013-08-14,2016-06-27,13,0.31,Barcelona,2017-02-09,False,True
318826,Entire home/apt,900.0,True,23,53,83,358,98,2012-05-07,2018-12-14,11,0.14,Madrid,2019-02-06,False,True
323679,Entire home/apt,550.0,True,0,0,26,301,86,2012-08-05,2018-08-18,7,0.08,Girona,2019-06-30,False,True
326464,Private room,600.0,True,30,60,90,365,99,2014-10-05,2019-12-28,33,0.43,Barcelona,2021-02-09,False,True
330723,Private room,300.0,True,30,60,90,365,93,2012-06-28,2019-10-25,51,0.49,Barcelona,2021-02-09,False,True
336795,Private room,250.0,True,29,52,71,344,73,2012-05-28,2020-03-15,156,1.65,Madrid,2020-04-17,False,False
342557,Private room,700.0,True,30,60,90,365,97,2013-10-21,2019-11-03,55,0.65,Madrid,2020-11-06,False,True
343864,Entire home/apt,1390.0,True,0,5,35,307,94,2014-06-17,2018-10-14,7,0.13,Barcelona,2018-11-07,False,True
352772,Entire home/apt,850.0,True,0,0,0,219,94,2014-02-28,2020-10-18,103,1.28,Barcelona,2020-11-06,False,True
353713,Private room,370.0,True,4,11,11,11,95,2014-09-15,2018-07-27,247,5.25,Madrid,2018-08-14,False,True
354838,Entire home/apt,700.0,True,0,0,0,0,95,2012-04-08,2018-07-03,38,0.44,Madrid,2019-06-07,False,True
361488,Entire home/apt,,True,0,0,0,0,,,,0,,Madrid,2019-04-11,True,
363601,Entire home/apt,600.0,True,0,0,0,134,84,2012-08-20,2018-08-23,26,0.27,Barcelona,2020-10-12,False,True
365911,Entire home/apt,1130.0,True,15,37,52,305,94,2012-07-26,2018-05-08,40,0.57,Barcelona,2018-05-14,False,True
374558,Entire home/apt,540.0,False,0,0,2,2,87,2013-05-03,2017-01-03,91,1.93,Madrid,2017-04-08,False,True
376232,Entire home/apt,800.0,False,4,15,29,278,97,2012-06-04,2015-07-29,8,0.14,Madrid,2017-04-08,False,True
377455,Entire home/apt,460.0,True,0,20,50,325,85,2012-07-16,2015-08-16,6,0.06,Valencia,2020-11-10,False,True
378998,Private room,200.0,False,0,0,0,0,,,,0,,Barcelona,2017-06-05,False,
384063,Entire home/apt,400.0,True,30,55,85,347,71,2012-07-02,2019-08-18,9,0.09,Barcelona,2021-02-09,False,False
384727,Private room,450.0,True,0,0,0,0,97,2012-05-25,2019-06-18,588,6.9,Sevilla,2019-06-29,False,True
398377,Private room,550.0,True,0,0,0,272,94,2012-05-14,2020-08-19,207,2.02,Girona,2020-11-28,False,True
402588,Entire home/apt,920.0,True,30,60,90,352,91,2013-03-19,2020-02-08,139,1.65,Madrid,2020-03-17,False,True
403446,Entire home/apt,700.0,True,17,35,60,296,98,2012-05-02,2020-01-01,199,2.14,Mallorca,2020-01-29,False,True
403669,Entire home/apt,1150.0,True,7,31,61,152,93,2013-02-10,2018-09-07,128,1.9,Sevilla,2018-09-22,False,True
417814,Private room,270.0,True,27,57,87,362,97,2015-09-04,2020-02-10,53,0.92,Barcelona,2020-06-13,False,True
417879,Entire home/apt,1290.0,True,30,49,79,294,97,2012-07-16,2018-10-23,45,0.57,Mallorca,2019-02-17,False,True
422454,Entire home/apt,600.0,True,14,25,43,103,93,2013-06-30,2018-12-02,53,0.77,Valencia,2019-03-31,False,True
424026,Entire home/apt,520.0,True,30,60,90,312,89,2014-07-06,2018-10-15,16,0.29,Girona,2019-02-19,False,True
425639,Entire home/apt,3980.0,True,20,50,80,300,94,2017-03-11,2018-01-04,20,1.83,Barcelona,2018-02-07,False,True
426401,Entire home/apt,550.0,True,29,59,61,273,92,2012-10-12,2020-03-23,71,0.77,Sevilla,2020-05-30,False,True
434195,Private room,360.0,True,26,56,86,361,92,2015-12-01,2017-12-22,168,6.56,Madrid,2018-01-17,False,True
435010,Private room,250.0,True,6,20,20,288,92,2012-06-21,2019-11-04,196,2.21,Madrid,2019-11-09,False,True
443909,Private room,600.0,False,10,28,51,152,92,2012-09-10,2017-02-02,150,2.83,Barcelona,2017-02-09,False,True
449218,Entire home/apt,450.0,True,10,29,29,119,97,2012-05-22,2020-08-15,286,2.83,Madrid,2020-10-17,False,True
459265,Entire home/apt,990.0,True,0,0,0,146,98,2015-08-29,2018-08-31,10,0.2,Menorca,2019-11-30,False,True
461943,Private room,490.0,False,19,49,79,79,100,2017-06-05,2017-06-05,1,inf,Barcelona,2017-06-05,False,True
468202,Entire home/apt,590.0,True,12,32,32,200,92,2012-05-29,2019-11-22,256,2.83,Madrid,2019-12-10,False,True
468902,Entire home/apt,1200.0,True,0,0,0,73,91,2012-09-25,2016-08-26,16,0.27,Barcelona,2017-09-12,False,True
468912,Private room,350.0,True,24,42,54,317,94,2017-06-05,2018-01-04,18,2.22,Barcelona,2018-02-07,False,True
471669,Private room,800.0,True,25,55,81,338,89,2013-05-27,2019-02-27,58,0.84,Barcelona,2019-03-08,False,True
472062,Entire home/apt,1750.0,True,7,25,55,330,94,2016-01-18,2018-08-09,20,0.65,Barcelona,2018-08-14,False,True
474387,Entire home/apt,,False,8,38,68,340,81,2013-04-22,2016-02-25,16,0.35,Barcelona,2017-02-09,True,True
478923,Entire home/apt,2080.0,True,25,41,71,324,96,2012-10-01,2018-09-17,11,0.12,Mallorca,2020-04-23,False,True
487818,Entire home/apt,2000.0,True,22,35,65,251,99,2015-09-17,2018-11-09,16,0.42,Mallorca,2018-11-20,False,True
494480,Entire home/apt,550.0,True,25,55,85,360,95,2019-12-29,2020-03-05,30,4.96,Menorca,2020-06-30,False,True
503253,Entire home/apt,2100.0,True,23,53,83,322,87,2012-09-10,2016-09-05,3,0.04,Mallorca,2019-01-28,False,True
504653,Private room,350.0,True,16,30,44,270,92,2012-06-25,2020-01-03,388,4.22,Barcelona,2020-02-16,False,True
507972,Entire home/apt,5000.0,True,28,58,88,363,94,2013-08-13,2017-08-29,36,0.72,Barcelona,2017-10-07,False,True
512737,Entire home/apt,1400.0,True,13,37,67,340,97,2013-06-18,2018-01-03,7,0.13,Barcelona,2018-01-17,False,True
514572,Entire home/apt,1400.0,False,10,17,24,243,96,2015-09-08,2017-02-24,15,0.84,Barcelona,2017-03-06,False,True
517407,Entire home/apt,2340.0,True,0,4,17,282,90,2012-07-10,2018-06-18,31,0.43,Barcelona,2018-07-10,False,True
519393,Private room,280.0,True,0,0,0,0,86,2012-08-08,2019-05-14,372,4.49,Sevilla,2019-06-29,False,True
519631,Entire home/apt,1980.0,True,2,4,9,242,96,2013-06-26,2018-05-13,285,4.86,Barcelona,2018-05-14,False,True
526513,Entire home/apt,360.0,True,7,30,53,143,95,2012-06-16,2020-12-29,513,4.98,Madrid,2021-01-12,False,True
533450,Private room,240.0,True,22,52,82,172,90,2012-07-12,2019-11-20,389,4.37,Madrid,2019-12-10,False,True
538938,Private room,600.0,True,15,36,63,295,94,2012-07-18,2018-10-20,179,2.26,Mallorca,2019-02-17,False,True
542639,Entire home/apt,390.0,True,0,0,0,270,89,2012-09-09,2018-12-30,53,0.63,Mallorca,2019-09-28,False,True
544995,Entire home/apt,1990.0,False,30,56,86,259,94,2012-08-09,2017-01-02,21,0.4,Barcelona,2017-01-04,False,True
551339,Entire home/apt,1800.0,True,2,21,51,322,,,,0,,Barcelona,2017-09-12,False,
551378,Entire home/apt,810.0,True,16,16,16,25,85,2012-07-21,2021-01-25,190,1.85,Barcelona,2021-02-09,False,True
558778,Entire home/apt,1220.0,True,30,60,90,363,89,2017-08-15,2020-03-02,14,0.34,Valencia,2021-01-19,False,True
565758,Entire home/apt,900.0,False,5,9,10,262,97,2012-10-16,2017-05-05,55,0.99,Barcelona,2017-06-05,False,True
566869,Entire home/apt,550.0,True,14,44,74,299,94,2012-07-08,2018-11-25,242,3.14,Barcelona,2018-12-10,False,True
568432,Private room,460.0,False,3,7,12,191,97,2014-03-29,2017-01-31,128,3.71,Barcelona,2017-02-09,False,True
576046,Private room,350.0,True,0,5,35,153,90,2016-08-10,2019-01-03,40,1.18,Barcelona,2019-06-07,False,True
576550,Entire home/apt,3300.0,True,11,33,48,179,85,2013-05-06,2017-08-17,21,0.35,Barcelona,2018-04-12,False,True
582364,Entire home/apt,1750.0,True,3,3,5,202,97,2012-07-17,2019-05-06,286,3.49,Barcelona,2019-05-14,False,True
584209,Private room,450.0,True,10,40,70,345,98,2012-08-18,2017-08-25,89,1.46,Barcelona,2017-09-12,False,True
584735,Entire home/apt,790.0,True,0,0,0,0,95,2012-08-25,2019-04-02,178,1.96,Mallorca,2020-03-22,False,True
587203,Private room,350.0,True,0,11,19,281,95,2013-04-24,2018-04-06,89,1.47,Barcelona,2018-05-14,False,True
590032,Private room,410.0,False,5,15,45,320,87,2013-05-01,2016-09-05,27,0.54,Barcelona,2017-07-06,False,True
590710,Private room,300.0,True,29,59,89,179,96,2012-09-14,2019-06-04,52,0.63,Madrid,2019-07-10,False,True
590991,Private room,800.0,True,30,60,90,365,100,2012-11-17,2012-11-17,1,0.02,Barcelona,2018-04-12,False,True
595055,Private room,240.0,True,0,16,16,152,94,2012-08-07,2016-12-01,17,0.21,Madrid,2019-05-14,False,True
600590,Private room,330.0,True,25,55,85,88,95,2012-08-06,2019-10-28,256,2.94,Barcelona,2019-11-09,False,True
602284,Entire home/apt,1200.0,True,3,12,35,301,99,2013-01-03,2018-08-19,17,0.25,Barcelona,2018-09-11,False,True
605186,Entire home/apt,1200.0,True,29,59,89,364,93,2016-06-21,2017-04-19,3,0.07,Barcelona,2020-02-16,False,True
609522,Entire home/apt,490.0,True,0,0,0,0,83,2012-08-31,2020-03-08,194,1.92,Sevilla,2021-01-31,False,True
610246,Entire home/apt,1400.0,False,9,32,62,337,98,2012-10-22,2017-07-08,48,0.83,Barcelona,2017-08-06,False,True
616027,Private room,230.0,True,0,0,0,0,97,2012-09-30,2018-09-19,74,1.01,Madrid,2018-11-07,False,True
625566,Entire home/apt,600.0,True,0,0,0,0,93,2013-07-22,2017-01-02,25,0.38,Madrid,2019-02-06,False,True
626625,Entire home/apt,1200.0,True,15,35,48,300,60,2018-09-15,2018-09-15,1,10.13,Mallorca,2018-09-18,False,False
629087,Entire home/apt,630.0,False,1,13,23,280,90,2014-06-10,2016-10-31,66,1.99,Mallorca,2017-03-15,False,True
630599,Entire home/apt,600.0,True,0,29,59,149,97,2015-05-17,2020-09-26,72,1.07,Girona,2020-12-31,False,True
631196,Private room,370.0,True,24,54,84,359,97,2013-03-01,2017-08-13,31,0.57,Barcelona,2017-09-12,False,True
633762,Entire home/apt,580.0,True,1,14,24,82,97,2013-07-07,2020-01-10,118,1.5,Valencia,2020-01-31,False,True
634786,Private room,1000.0,True,17,47,77,352,80,2018-05-07,2018-05-07,1,0.06,Barcelona,2019-09-17,False,True
636974,Private room,180.0,True,8,20,50,325,91,2012-08-13,2019-01-27,118,1.51,Mallorca,2019-02-17,False,True
638009,Private room,300.0,True,28,47,77,336,97,2012-11-29,2020-10-10,90,0.94,Barcelona,2020-11-06,False,True
640268,Private room,380.0,True,8,38,68,343,100,2012-08-22,2016-05-18,4,0.06,Barcelona,2018-07-10,False,True
649342,Private room,500.0,True,24,51,81,356,92,2014-06-16,2018-06-08,30,0.6,Madrid,2018-08-14,False,True
656520,Entire home/apt,650.0,True,2,10,38,313,93,2012-10-17,2019-02-22,24,0.28,Madrid,2019-11-09,False,True
657565,Entire home/apt,800.0,True,7,16,26,273,,,,0,,Sevilla,2018-07-31,False,
657794,Entire home/apt,620.0,True,0,24,39,196,90,2012-09-24,2019-11-24,156,1.79,Valencia,2019-12-31,False,True
661655,Entire home/apt,1300.0,True,16,22,36,260,90,2013-03-05,2019-04-08,36,0.44,Sevilla,2019-12-31,False,True
670956,Private room,400.0,True,0,0,0,0,93,2014-09-15,2018-08-31,88,1.67,Barcelona,2019-02-06,False,True
671241,Entire home/apt,850.0,True,7,25,44,171,93,2012-10-15,2019-06-29,28,0.31,Girona,2020-05-28,False,True
675175,Private room,250.0,True,27,57,87,87,,,,0,,Barcelona,2019-05-14,False,
679547,Private room,210.0,True,0,0,0,0,96,2012-11-17,2018-09-06,130,1.84,Barcelona,2018-10-10,False,True
679664,Private room,550.0,True,30,60,90,365,95,2014-05-12,2018-03-02,8,0.17,Barcelona,2018-04-12,False,True
681925,Entire home/apt,800.0,True,3,3,11,224,97,2012-09-29,2019-05-17,507,6.33,Valencia,2019-05-31,False,True
684564,Entire home/apt,820.0,True,27,53,71,219,94,2013-09-23,2019-02-17,126,1.92,Madrid,2019-03-08,False,True
684613,Private room,240.0,True,2,16,35,303,92,2012-12-23,2019-10-03,67,0.82,Barcelona,2019-10-16,False,True
685152,Entire home/apt,1240.0,True,29,59,89,353,85,2016-03-16,2020-12-26,77,1.33,Madrid,2021-01-12,False,True
688462,Private room,160.0,True,5,18,18,18,93,2012-09-14,2018-05-07,65,0.96,Barcelona,2018-05-14,False,True
688795,Entire home/apt,750.0,True,11,38,68,343,94,2012-12-08,2019-05-19,99,1.27,Madrid,2019-06-07,False,True
691152,Entire home/apt,1350.0,True,0,0,0,232,85,2016-05-16,2017-10-07,19,0.95,Barcelona,2018-01-17,False,True
694867,Entire home/apt,750.0,True,15,34,55,145,93,2014-09-29,2019-01-25,125,2.39,Madrid,2019-02-06,False,True
702998,Entire home/apt,410.0,True,2,8,18,24,91,2017-10-23,2019-02-13,87,5.48,Sevilla,2019-02-18,False,True
711976,Entire home/apt,1150.0,True,0,0,0,129,93,2013-04-02,2019-10-23,66,0.8,Mallorca,2020-01-29,False,True
714696,Entire home/apt,350.0,True,0,0,0,0,96,2013-06-30,2017-08-31,16,0.26,Sevilla,2018-08-27,False,True
715036,Entire home/apt,1410.0,True,22,52,82,262,90,2013-02-13,2019-12-08,222,2.71,Barcelona,2019-12-10,False,True
717300,Entire home/apt,950.0,False,13,40,53,132,100,2016-06-21,2016-06-21,1,0.11,Mallorca,2017-03-15,False,True
717710,Entire home/apt,650.0,False,0,0,14,254,90,2013-05-10,2017-02-25,30,0.64,Barcelona,2017-04-08,False,True
718469,Entire home/apt,570.0,True,0,0,28,297,98,2013-04-29,2020-10-04,344,3.84,Barcelona,2020-10-12,False,True
721378,Entire home/apt,,True,15,35,65,340,93,2018-03-03,2019-02-27,3,0.16,Barcelona,2019-09-17,True,True
721509,Entire home/apt,,True,23,48,78,158,80,2018-04-18,2018-04-18,1,1.17,Barcelona,2018-05-14,True,True
723935,Entire home/apt,2200.0,True,13,32,62,314,91,2018-05-06,2019-08-17,9,0.57,Girona,2019-08-31,False,True
724177,Entire home/apt,650.0,True,19,46,74,165,84,2012-10-30,2018-07-23,187,2.71,Sevilla,2018-07-31,False,True
725659,Entire home/apt,750.0,True,0,2,8,277,94,2013-03-13,2018-01-02,105,1.69,Barcelona,2018-05-14,False,True
725695,Entire home/apt,1850.0,True,30,60,83,298,93,2014-09-05,2019-10-28,30,0.46,Menorca,2020-01-31,False,True
727788,Entire home/apt,4700.0,True,11,36,59,212,98,2013-06-24,2019-09-15,72,0.96,Mallorca,2019-09-28,False,True
735157,Entire home/apt,500.0,True,25,55,85,360,72,2014-12-10,2018-07-01,5,0.1,Malaga,2019-03-31,False,False
737169,Entire home/apt,1300.0,False,29,59,89,356,,,,0,,Mallorca,2017-03-15,False,
738837,Entire home/apt,480.0,True,1,12,27,27,92,2013-10-27,2018-03-04,79,1.48,Madrid,2018-04-12,False,True
739253,Private room,550.0,True,13,22,31,306,98,2014-03-17,2019-04-28,74,1.18,Malaga,2019-05-30,False,True
746847,Entire home/apt,1000.0,True,5,23,53,96,95,2012-10-25,2018-08-10,20,0.29,Mallorca,2018-08-21,False,True
749397,Entire home/apt,550.0,True,0,0,0,260,92,2013-01-20,2018-05-31,10,0.14,Sevilla,2019-01-29,False,True
751527,Entire home/apt,1900.0,False,17,25,36,250,100,2013-04-12,2017-03-04,44,0.94,Madrid,2017-03-06,False,True
753119,Entire home/apt,750.0,True,0,17,17,193,96,2013-05-13,2020-11-16,21,0.23,Malaga,2021-01-31,False,True
754512,Entire home/apt,690.0,True,1,1,1,1,99,2012-11-27,2020-03-13,135,1.39,Sevilla,2020-12-31,False,True
754678,Entire home/apt,1350.0,True,12,18,33,284,95,2013-01-22,2018-01-01,170,2.84,Madrid,2018-01-17,False,True
756707,Entire home/apt,850.0,True,0,4,5,232,97,2012-11-26,2018-08-05,163,2.37,Madrid,2018-08-14,False,True
756944,Private room,750.0,True,27,52,80,350,86,2013-08-19,2017-07-24,13,0.22,Girona,2018-08-30,False,True
757149,Entire home/apt,1000.0,False,1,1,5,244,94,2013-02-17,2017-07-15,39,0.73,Barcelona,2017-08-06,False,True
759016,Private room,1070.0,True,0,0,25,300,92,2012-11-27,2016-03-10,28,0.49,Barcelona,2017-09-12,False,True
759035,Private room,780.0,True,27,57,87,362,86,2012-11-16,2016-09-20,13,0.22,Barcelona,2017-11-13,False,True
759577,Private room,490.0,True,29,45,71,343,100,2013-07-23,2013-08-25,2,0.03,Madrid,2018-08-14,False,True
761744,Entire home/apt,1180.0,True,30,55,78,244,85,2013-03-14,2020-03-07,96,1.11,Sevilla,2020-05-30,False,True
762701,Entire home/apt,900.0,True,20,40,53,101,93,2013-01-04,2019-03-24,38,0.48,Madrid,2019-08-12,False,True
763176,Private room,240.0,True,0,0,2,2,98,2012-11-08,2019-06-01,435,5.43,Barcelona,2019-07-10,False,True
767234,Entire home/apt,850.0,True,5,35,49,210,99,2014-05-05,2018-10-15,27,0.5,Mallorca,2018-10-17,False,True
767631,Entire home/apt,500.0,False,0,0,0,0,83,2013-08-12,2015-12-11,20,0.46,Barcelona,2017-04-08,False,True
770453,Entire home/apt,1430.0,False,4,7,11,231,91,2013-03-10,2017-06-19,118,2.27,Barcelona,2017-07-06,False,True
773886,Entire home/apt,750.0,True,10,15,40,162,95,2013-01-02,2018-05-27,243,3.72,Barcelona,2018-06-09,False,True
774356,Private room,190.0,True,0,0,0,1,,,,0,,Madrid,2019-03-08,False,
776038,Entire home/apt,1460.0,True,13,37,67,112,94,2012-11-25,2018-08-15,127,1.82,Barcelona,2018-09-11,False,True
776174,Entire home/apt,650.0,False,6,17,43,165,94,2013-01-07,2017-04-03,178,3.49,Barcelona,2017-04-08,False,True
777527,Entire home/apt,980.0,True,7,16,46,302,80,2013-02-01,2017-08-11,3,0.05,Barcelona,2017-09-12,False,True
779960,Entire home/apt,560.0,True,20,50,80,159,96,2014-04-21,2020-12-04,161,1.99,Madrid,2021-01-12,False,True
783360,Entire home/apt,850.0,True,13,31,61,306,92,2013-01-09,2018-11-03,122,1.73,Malaga,2018-11-27,False,True
790404,Entire home/apt,600.0,True,7,37,67,342,84,2013-05-20,2018-08-16,117,1.83,Barcelona,2018-09-11,False,True
790649,Entire home/apt,1100.0,True,0,0,0,262,93,2017-06-10,2019-09-29,57,1.35,Mallorca,2020-12-19,False,True
791717,Entire home/apt,1200.0,True,0,0,0,71,89,2013-05-27,2019-07-06,29,0.39,Barcelona,2019-08-12,False,True
810373,Entire home/apt,1000.0,True,30,60,90,269,91,2014-02-20,2019-09-27,65,0.91,Girona,2020-01-31,False,True
814174,Entire home/apt,320.0,True,27,57,87,177,96,2016-03-20,2018-09-09,84,1.47,Valencia,2020-12-21,False,True
814226,Entire home/apt,1200.0,True,6,15,24,229,90,2013-03-03,2013-05-27,2,0.03,Barcelona,2018-10-10,False,True
824609,Entire home/apt,1500.0,True,2,2,2,253,100,2015-07-26,2018-01-04,1,0.03,Barcelona,2018-02-07,False,True
829660,Entire home/apt,1190.0,True,0,0,0,194,93,2013-01-11,2020-01-13,270,2.83,Barcelona,2020-12-16,False,True
842078,Entire home/apt,660.0,True,27,57,87,362,91,2013-02-02,2014-10-02,31,0.33,Madrid,2020-11-06,False,True
842286,Entire home/apt,750.0,True,28,43,71,346,91,2015-02-15,2018-10-15,30,0.67,Madrid,2018-11-07,False,True
842566,Private room,250.0,True,6,13,25,300,94,2013-02-11,2017-07-06,11,0.16,Madrid,2018-11-07,False,True
847195,Entire home/apt,900.0,False,2,14,22,297,85,2013-02-04,2017-06-20,35,0.66,Barcelona,2017-07-06,False,True
847735,Entire home/apt,1100.0,True,26,56,86,345,89,2013-03-01,2018-01-08,45,0.77,Barcelona,2018-01-17,False,True
848081,Private room,750.0,True,30,60,90,365,93,2013-05-02,2017-10-16,165,3.03,Barcelona,2017-11-13,False,True
848480,Entire home/apt,1550.0,True,1,1,1,1,94,2013-04-22,2019-05-27,50,0.62,Madrid,2020-01-10,False,True
850228,Private room,570.0,False,2,7,17,253,92,2013-05-11,2017-04-29,199,4.15,Barcelona,2017-05-07,False,True
853804,Entire home/apt,950.0,True,0,0,20,110,98,2014-09-14,2019-06-06,49,0.8,Madrid,2019-10-16,False,True
862752,Private room,290.0,True,10,40,70,70,99,2014-02-25,2018-09-08,110,2.02,Madrid,2018-09-11,False,True
865367,Entire home/apt,1250.0,False,0,7,17,256,86,2013-08-22,2017-04-05,17,0.38,Barcelona,2017-05-07,False,True
865387,Entire home/apt,310.0,True,0,0,0,0,92,2017-04-24,2018-02-14,39,1.2,Madrid,2020-01-10,False,True
868198,Entire home/apt,1190.0,True,29,59,89,352,90,2013-03-04,2020-11-02,94,1.0,Barcelona,2020-12-16,False,True
868776,Entire home/apt,600.0,True,7,30,60,335,88,2013-04-05,2020-03-27,234,2.74,Madrid,2020-05-14,False,True
872116,Entire home/apt,890.0,True,13,29,49,298,96,2013-06-25,2019-02-03,22,0.31,Madrid,2019-05-14,False,True
873131,Entire home/apt,1000.0,True,0,0,15,188,90,2014-08-28,2016-03-31,7,0.09,Mallorca,2021-01-16,False,True
876501,Entire home/apt,900.0,False,12,16,27,283,89,2013-03-02,2017-02-17,66,1.37,Madrid,2017-03-06,False,True
877183,Entire home/apt,660.0,True,14,44,74,349,80,2013-06-26,2018-08-19,40,0.64,Menorca,2018-08-29,False,True
879442,Entire home/apt,550.0,True,26,52,80,328,92,2013-05-06,2019-11-03,204,2.55,Sevilla,2019-12-31,False,True
886289,Entire home/apt,1130.0,True,29,59,89,290,99,2014-04-30,2020-02-02,55,0.69,Sevilla,2020-11-30,False,True
886569,Entire home/apt,1040.0,True,11,40,44,199,95,2013-04-01,2019-06-22,4,0.05,Mallorca,2020-06-25,False,True
888635,Entire home/apt,1850.0,False,0,0,0,0,,,,0,,Barcelona,2017-01-04,False,
893052,Entire home/apt,1000.0,True,8,22,52,227,90,2013-05-26,2018-04-06,75,1.28,Barcelona,2018-04-12,False,True
893177,Entire home/apt,750.0,True,0,2,2,2,,,,0,,Madrid,2019-05-14,False,
896209,Entire home/apt,600.0,True,30,57,73,332,92,2013-03-07,2020-02-26,50,0.58,Madrid,2020-05-14,False,True
896291,Private room,190.0,True,0,0,8,283,100,2013-02-26,2016-05-30,6,0.09,Madrid,2018-10-10,False,True
898135,Entire home/apt,850.0,True,5,23,46,270,90,2015-04-20,2018-04-03,2,0.05,Sevilla,2018-09-22,False,True
899254,Entire home/apt,690.0,True,29,59,81,356,82,2013-08-08,2018-08-22,27,0.35,Valencia,2019-12-31,False,True
900003,Entire home/apt,600.0,True,12,37,57,327,92,2013-02-26,2017-11-21,284,4.94,Barcelona,2017-12-09,False,True
903380,Entire home/apt,720.0,True,12,35,62,95,97,2013-10-16,2019-11-25,131,1.78,Sevilla,2019-11-29,False,True
903513,Entire home/apt,950.0,True,27,55,85,360,93,2014-11-03,2019-05-25,3,0.04,Sevilla,2020-06-29,False,True
903712,Private room,660.0,True,29,46,76,151,96,2013-03-07,2020-03-01,115,1.32,Barcelona,2020-06-13,False,True
904862,Entire home/apt,800.0,True,2,15,26,301,91,2013-04-25,2018-07-04,109,1.74,Barcelona,2018-07-10,False,True
904946,Entire home/apt,1200.0,True,21,51,81,356,88,2013-03-31,2015-10-07,6,0.09,Sevilla,2018-07-31,False,True
913536,Private room,350.0,True,0,0,0,0,97,2015-07-13,2015-09-11,13,0.32,Madrid,2018-12-10,False,True
913541,Entire home/apt,660.0,True,8,10,25,275,94,2013-03-04,2018-04-20,98,1.59,Girona,2018-04-21,False,True
923140,Entire home/apt,1300.0,True,0,18,48,323,99,2013-09-01,2019-10-13,121,1.63,Madrid,2019-11-09,False,True
924449,Entire home/apt,1800.0,True,21,51,81,231,95,2013-05-27,2019-03-01,33,0.48,Barcelona,2019-03-08,False,True
924771,Entire home/apt,800.0,True,13,28,30,183,98,2013-03-10,2018-10-28,53,0.78,Madrid,2018-11-07,False,True
927430,Entire home/apt,1200.0,True,24,44,67,342,88,2013-04-10,2016-09-18,6,0.07,Sevilla,2020-01-30,False,True
928401,Entire home/apt,1600.0,True,29,59,81,356,89,2014-04-30,2019-09-10,15,0.21,Mallorca,2020-03-22,False,True
931437,Entire home/apt,1850.0,True,26,56,82,357,95,2013-03-01,2017-10-29,133,2.32,Barcelona,2017-12-09,False,True
933625,Entire home/apt,750.0,False,0,6,9,71,87,2013-04-01,2017-03-26,137,2.84,Barcelona,2017-04-08,False,True
935081,Entire home/apt,680.0,True,0,0,0,0,87,2013-04-19,2020-03-09,228,2.67,Mallorca,2020-05-28,False,True
935836,Entire home/apt,700.0,True,20,27,37,291,100,2014-03-25,2018-10-27,2,0.03,Sevilla,2020-03-23,False,True
936781,Entire home/apt,900.0,False,25,51,81,333,96,2013-05-28,2016-12-30,77,1.78,Barcelona,2017-01-04,False,True
936871,Entire home/apt,750.0,True,26,56,86,361,100,2019-04-21,2019-11-03,2,0.27,Sevilla,2019-11-29,False,True
939437,Entire home/apt,700.0,True,3,24,42,317,100,2018-10-13,2018-10-13,1,0.28,Sevilla,2019-01-29,False,True
942693,Entire home/apt,550.0,True,28,50,80,163,85,2013-03-28,2020-03-16,284,3.33,Sevilla,2020-04-30,False,True
943200,Private room,350.0,False,27,57,87,362,91,2013-05-14,2016-06-04,17,0.36,Madrid,2017-04-08,False,True
947269,Entire home/apt,1510.0,True,3,5,17,236,90,2013-03-08,2018-06-08,126,2.0,Barcelona,2018-06-09,False,True
951364,Entire home/apt,900.0,True,17,47,77,344,88,2013-07-18,2017-10-08,5,0.09,Barcelona,2018-05-14,False,True
952327,Entire home/apt,2500.0,True,20,50,80,240,100,2017-07-07,2017-07-07,1,0.06,Girona,2018-12-22,False,True
954437,Entire home/apt,2600.0,True,30,60,90,365,93,2018-09-13,2020-08-23,3,0.12,Mallorca,2020-10-21,False,True
954903,Entire home/apt,2420.0,True,28,39,55,330,,,,0,,Menorca,2019-05-30,False,
956256,Entire home/apt,800.0,True,3,23,47,302,95,2013-06-29,2017-09-25,114,2.22,Barcelona,2017-10-07,False,True
958020,Entire home/apt,590.0,True,27,44,50,270,97,2013-04-01,2020-02-25,281,3.36,Madrid,2020-03-17,False,True
959089,Entire home/apt,2600.0,True,26,53,83,324,99,2013-05-11,2020-08-04,277,3.14,Barcelona,2020-09-12,False,True
959840,Private room,650.0,True,4,16,28,245,92,2013-04-04,2019-12-06,578,7.2,Barcelona,2019-12-10,False,True
961665,Entire home/apt,610.0,True,1,1,1,1,97,2013-05-15,2020-08-21,127,1.45,Mallorca,2020-08-28,False,True
963533,Entire home/apt,2300.0,True,6,17,35,285,91,2013-06-23,2019-03-05,110,1.6,Barcelona,2019-03-08,False,True
965621,Entire home/apt,1190.0,True,0,0,0,153,100,2013-05-10,2019-05-05,2,0.03,Girona,2019-11-30,False,True
967804,Entire home/apt,700.0,True,23,53,83,358,93,2016-07-24,2019-08-24,18,0.48,Girona,2019-08-31,False,True
968469,Entire home/apt,1750.0,True,0,0,0,216,93,2013-09-18,2017-08-25,12,0.25,Barcelona,2017-09-12,False,True
972024,Entire home/apt,3200.0,True,29,48,72,329,88,2014-04-07,2019-10-14,24,0.35,Barcelona,2020-01-10,False,True
975297,Private room,800.0,True,23,53,83,284,89,2016-04-28,2017-10-10,22,1.03,Barcelona,2018-02-07,False,True
977261,Private room,210.0,True,7,14,44,44,93,2013-04-27,2018-12-16,3,0.04,Madrid,2019-03-08,False,True
977631,Entire home/apt,600.0,False,4,16,46,164,92,2013-04-26,2017-04-21,141,2.91,Barcelona,2017-05-07,False,True
980773,Private room,390.0,True,0,0,0,0,,,,0,,Barcelona,2017-11-13,False,
983548,Entire home/apt,1100.0,True,0,1,11,110,95,2013-03-10,2019-06-14,455,6.0,Valencia,2019-07-01,False,True
986639,Entire home/apt,1800.0,True,30,60,78,316,93,2013-05-01,2020-03-04,140,1.5,Barcelona,2021-02-09,False,True
986692,Entire home/apt,600.0,True,0,0,0,0,91,2013-04-02,2020-08-02,127,1.43,Barcelona,2020-08-24,False,True
987773,Private room,360.0,True,9,28,40,169,90,2013-04-14,2019-10-21,277,3.51,Barcelona,2019-11-09,False,True
990086,Entire home/apt,1000.0,True,0,0,0,27,94,2013-08-16,2019-10-02,61,0.79,Mallorca,2020-01-29,False,True
993553,Entire home/apt,900.0,True,3,8,16,255,,,,0,,Mallorca,2019-05-27,False,
999573,Entire home/apt,660.0,False,2,3,3,217,80,2013-04-15,2016-08-22,72,1.42,Barcelona,2017-07-06,False,True
1000382,Private room,320.0,True,4,16,30,304,95,2013-05-06,2019-04-20,193,2.65,Girona,2019-05-29,False,True
1005240,Entire home/apt,690.0,True,19,33,53,320,92,2013-05-01,2019-03-05,141,2.01,Madrid,2019-03-08,False,True
1005502,Entire home/apt,2000.0,True,0,12,16,33,86,2013-07-23,2017-11-07,8,0.13,Barcelona,2018-07-10,False,True
1005819,Private room,500.0,True,27,57,87,362,93,2013-08-18,2015-07-11,3,0.05,Barcelona,2018-08-14,False,True
1007939,Entire home/apt,790.0,True,26,46,76,283,91,2013-06-06,2018-01-05,179,3.23,Barcelona,2018-01-17,False,True
1010493,Entire home/apt,2280.0,True,30,40,44,268,95,2016-07-03,2018-08-09,8,0.17,Mallorca,2020-04-23,False,True
1011127,Entire home/apt,1550.0,True,28,51,81,225,89,2014-08-08,2019-10-20,28,0.42,Mallorca,2020-02-29,False,True
1015826,Entire home/apt,1220.0,True,30,60,90,122,87,2014-07-09,2018-07-21,8,0.13,Girona,2019-08-31,False,True
1020452,Entire home/apt,600.0,True,1,5,35,108,95,2013-05-06,2017-11-02,133,2.41,Barcelona,2017-12-09,False,True
1022983,Entire home/apt,600.0,True,0,0,0,0,91,2013-06-19,2018-11-02,21,0.29,Girona,2019-06-30,False,True
1027365,Private room,200.0,True,0,0,0,0,88,2013-04-28,2019-11-27,350,4.42,Malaga,2019-11-30,False,True
1038867,Entire home/apt,650.0,True,9,21,21,218,90,2013-04-08,2018-11-10,395,5.7,Madrid,2019-01-14,False,True
1038904,Private room,500.0,True,17,47,77,352,86,2013-04-09,2020-02-26,355,3.84,Barcelona,2020-12-16,False,True
1044902,Private room,850.0,True,0,0,0,0,,,,0,,Madrid,2018-08-14,False,
1045513,Private room,450.0,True,18,20,46,321,99,2013-06-09,2019-06-03,45,0.62,Girona,2019-06-30,False,True
1051645,Entire home/apt,4800.0,True,30,60,90,365,88,2013-06-21,2016-09-17,16,0.22,Mallorca,2019-05-27,False,True
1060042,Private room,350.0,True,0,0,0,223,93,2013-05-12,2019-07-24,141,1.51,Barcelona,2021-02-09,False,True
1065016,Entire home/apt,1250.0,True,8,29,53,179,96,2013-06-18,2019-05-05,5,0.06,Menorca,2020-03-26,False,True
1065863,Private room,300.0,True,0,11,37,122,95,2013-08-03,2019-10-19,93,1.18,Mallorca,2020-02-29,False,True
1066993,Entire home/apt,440.0,True,30,60,90,334,81,2013-05-27,2020-03-02,346,3.97,Madrid,2020-08-25,False,True
1067941,Entire home/apt,900.0,True,26,56,86,177,90,2013-12-09,2018-05-27,29,0.53,Madrid,2018-07-10,False,True
1068801,Entire home/apt,490.0,True,29,59,70,252,89,2014-08-09,2019-02-12,9,0.16,Girona,2019-03-30,False,True
1068919,Entire home/apt,4000.0,True,17,37,51,323,81,2016-01-04,2018-11-25,17,0.43,Barcelona,2019-04-10,False,True
1069174,Entire home/apt,750.0,True,17,47,77,352,91,2013-05-20,2019-12-08,201,2.55,Madrid,2019-12-10,False,True
1069572,Entire home/apt,770.0,True,30,52,82,349,96,2015-01-03,2018-01-10,26,0.71,Barcelona,2018-01-17,False,True
1071662,Entire home/apt,,True,23,53,83,358,,,,0,,Girona,2018-12-22,True,
1073748,Entire home/apt,1300.0,True,0,0,0,131,100,2013-05-05,2020-08-28,92,1.02,Barcelona,2020-11-06,False,True
1075276,Entire home/apt,800.0,True,29,33,46,321,96,2014-04-23,2018-09-30,11,0.19,Sevilla,2019-02-18,False,True
1078049,Entire home/apt,1500.0,True,1,8,15,248,87,2013-05-27,2019-02-23,48,0.68,Barcelona,2019-04-10,False,True
1087155,Entire home/apt,500.0,True,9,29,47,317,88,2013-07-14,2019-10-13,331,4.38,Sevilla,2019-10-30,False,True
1090988,Private room,300.0,True,17,47,77,266,97,2013-05-19,2020-01-26,138,1.68,Madrid,2020-03-17,False,True
1092321,Entire home/apt,950.0,False,11,20,31,255,85,2013-07-09,2017-01-04,87,1.98,Barcelona,2017-03-06,False,True
1094052,Entire home/apt,970.0,True,29,59,89,179,98,2013-07-21,2018-08-19,19,0.3,Menorca,2018-10-25,False,True
1094228,Entire home/apt,1200.0,True,27,57,87,158,99,2013-08-06,2018-09-01,16,0.25,Menorca,2018-12-22,False,True
1095953,Entire home/apt,1000.0,True,23,53,83,358,,,,0,,Girona,2020-10-28,False,
1097454,Entire home/apt,590.0,True,0,9,39,129,88,2015-10-03,2019-09-05,9,0.18,Girona,2019-10-30,False,True
1097523,Entire home/apt,600.0,True,21,51,81,354,85,2013-09-09,2019-10-17,305,4.12,Barcelona,2019-11-09,False,True
1098894,Entire home/apt,3600.0,True,14,23,42,278,98,2013-05-20,2017-12-12,73,1.3,Barcelona,2018-01-17,False,True
1102069,Private room,500.0,False,18,39,69,108,85,2013-09-17,2017-01-07,66,1.62,Barcelona,2017-02-09,False,True
1102856,Entire home/apt,820.0,True,0,0,0,0,95,2013-06-12,2020-09-26,374,4.14,Barcelona,2020-12-16,False,True
1103288,Entire home/apt,850.0,True,0,0,0,0,90,2016-08-20,2016-09-11,2,0.1,Barcelona,2018-05-14,False,True
1106731,Private room,430.0,True,2,2,2,79,72,2015-09-27,2019-06-11,19,0.42,Barcelona,2019-07-10,False,False
1111412,Entire home/apt,820.0,False,7,10,27,107,89,2014-03-09,2017-06-06,24,0.6,Barcelona,2017-07-06,False,True
1114170,Private room,170.0,True,0,1,1,192,94,2013-06-21,2017-05-26,65,0.93,Barcelona,2019-04-10,False,True
1118161,Private room,400.0,False,25,55,85,330,91,2015-05-31,2016-10-30,19,0.9,Barcelona,2017-03-06,False,True
1119707,Entire home/apt,2500.0,True,16,24,41,304,94,2015-04-06,2020-01-03,42,0.67,Mallorca,2020-06-25,False,True
1120751,Entire home/apt,1010.0,True,15,45,61,128,87,2013-07-29,2016-07-25,3,0.04,Girona,2019-04-29,False,True
1121590,Entire home/apt,500.0,True,0,0,0,223,90,2013-06-23,2013-07-22,3,0.05,Madrid,2018-10-10,False,True
1123440,Entire home/apt,470.0,True,28,56,78,271,95,2013-07-22,2020-03-07,352,4.33,Sevilla,2020-04-30,False,True
1125952,Entire home/apt,1130.0,False,16,30,40,201,90,2015-10-10,2016-08-16,2,0.12,Mallorca,2017-03-15,False,True
1137823,Entire home/apt,790.0,True,4,14,29,107,99,2013-08-03,2018-12-09,146,2.27,Madrid,2018-12-10,False,True
1139810,Private room,390.0,True,29,45,45,45,96,2013-07-21,2020-02-18,108,1.24,Barcelona,2020-10-12,False,True
1143827,Entire home/apt,4000.0,True,28,58,88,273,99,2016-05-08,2020-08-15,26,0.49,Mallorca,2020-10-21,False,True
1144751,Private room,360.0,True,30,58,86,357,94,2013-12-22,2020-03-14,300,3.83,Sevilla,2020-06-29,False,True
1145799,Entire home/apt,650.0,True,23,25,52,327,89,2013-06-19,2019-07-23,37,0.44,Girona,2020-06-29,False,True
1146290,Entire home/apt,950.0,True,19,31,61,326,95,2013-05-28,2020-03-19,202,2.38,Mallorca,2020-06-25,False,True
1146914,Entire home/apt,2450.0,True,12,27,33,218,100,2017-10-07,2019-01-03,3,0.17,Mallorca,2019-03-25,False,True
1147333,Entire home/apt,1800.0,True,30,60,90,365,86,2014-03-01,2019-09-28,55,0.74,Barcelona,2020-05-11,False,True
1152737,Entire home/apt,1220.0,True,9,24,29,180,100,2014-07-10,2017-09-17,3,0.05,Mallorca,2019-08-31,False,True
1156223,Entire home/apt,1450.0,False,1,13,32,165,95,2013-05-27,2017-07-20,45,0.89,Barcelona,2017-08-06,False,True
1159566,Entire home/apt,750.0,True,0,0,0,121,91,2014-01-06,2019-09-30,193,2.51,Girona,2020-05-28,False,True
1160633,Entire home/apt,600.0,True,0,19,49,317,90,2013-07-17,2020-09-17,26,0.28,Girona,2021-02-27,False,True
1169088,Entire home/apt,850.0,True,30,60,90,365,85,2017-07-26,2020-03-17,47,1.36,Barcelona,2020-06-13,False,True
1169229,Private room,1000.0,True,23,53,83,174,60,2013-08-12,2013-09-19,4,0.05,Barcelona,2020-06-13,False,False
1174149,Entire home/apt,700.0,True,28,58,83,358,94,2014-04-25,2017-01-04,10,0.15,Valencia,2019-12-31,False,True
1182242,Entire home/apt,1600.0,True,0,0,8,68,97,2013-06-09,2019-12-12,144,1.59,Madrid,2020-12-17,False,True
1184401,Entire home/apt,2270.0,True,15,19,19,136,,,,0,,Mallorca,2019-09-28,False,
1193162,Entire home/apt,800.0,False,1,11,35,195,85,2013-06-14,2017-07-12,126,2.53,Barcelona,2017-08-06,False,True
1194696,Private room,260.0,False,1,14,44,134,95,2013-07-21,2016-12-11,31,0.69,Barcelona,2017-04-08,False,True
1195793,Entire home/apt,480.0,True,23,44,74,345,93,2013-06-03,2018-11-04,162,2.46,Malaga,2018-11-27,False,True
1196332,Entire home/apt,850.0,True,11,18,23,102,71,2015-03-31,2019-05-18,27,0.53,Barcelona,2019-07-10,False,False
1196447,Entire home/apt,1090.0,True,15,31,58,238,87,2015-09-22,2019-02-07,15,0.36,Barcelona,2019-03-08,False,True
1197169,Entire home/apt,3490.0,True,14,18,28,234,93,2013-07-01,2019-02-21,139,2.04,Barcelona,2019-03-08,False,True
1198074,Entire home/apt,2000.0,False,16,19,29,152,95,2016-03-07,2016-08-07,4,0.4,Barcelona,2017-01-04,False,True
1199380,Entire home/apt,1690.0,True,11,35,65,340,92,2013-06-21,2019-10-13,212,2.79,Barcelona,2019-10-16,False,True
1199594,Entire home/apt,1100.0,True,3,12,18,167,94,2013-07-07,2019-11-23,409,5.3,Barcelona,2019-12-10,False,True
1204161,Private room,200.0,False,17,47,77,352,96,2013-06-20,2016-11-09,36,0.85,Barcelona,2017-01-04,False,True
1204581,Private room,400.0,True,30,60,90,90,77,2014-07-22,2019-09-09,6,0.08,Barcelona,2020-11-06,False,False
1206034,Private room,600.0,False,0,6,29,304,96,2013-06-10,2017-06-01,111,2.22,Barcelona,2017-08-06,False,True
1211082,Entire home/apt,750.0,True,3,3,3,219,,,,0,,Barcelona,2017-12-09,False,
1212211,Private room,800.0,True,27,57,87,362,92,2014-06-02,2017-09-23,5,0.08,Barcelona,2019-12-10,False,True
1213201,Entire home/apt,3500.0,True,3,4,18,271,91,2013-06-17,2019-04-07,66,0.92,Barcelona,2019-06-07,False,True
1215049,Entire home/apt,590.0,False,4,14,28,211,89,2014-07-19,2017-01-18,77,2.5,Barcelona,2017-02-09,False,True
1215918,Entire home/apt,550.0,True,4,22,45,315,87,2013-09-03,2017-11-01,56,0.96,Barcelona,2018-07-10,False,True
1223803,Entire home/apt,900.0,True,0,0,15,290,99,2013-09-30,2016-12-31,16,0.31,Madrid,2018-01-17,False,True
1224896,Entire home/apt,1140.0,False,6,6,8,207,96,2013-07-08,2017-05-03,93,2.02,Barcelona,2017-05-07,False,True
1229186,Entire home/apt,940.0,True,30,60,90,316,85,2013-08-14,2016-08-07,16,0.24,Girona,2019-02-19,False,True
1231323,Entire home/apt,900.0,True,10,31,61,336,87,2013-09-09,2019-08-26,101,1.41,Mallorca,2019-08-31,False,True
1235805,Entire home/apt,900.0,True,5,13,28,294,92,2013-06-15,2020-03-16,429,5.22,Barcelona,2020-04-16,False,True
1241225,Entire home/apt,3000.0,False,5,7,8,232,88,2013-06-24,2017-03-20,50,1.08,Barcelona,2017-05-07,False,True
1243138,Entire home/apt,450.0,True,29,55,73,262,94,2013-09-20,2020-01-01,163,2.11,Girona,2020-02-29,False,True
1245436,Entire home/apt,650.0,True,18,48,50,190,92,2015-05-11,2019-06-02,29,0.56,Girona,2019-08-31,False,True
1247304,Private room,250.0,True,0,0,0,0,98,2016-05-30,2018-10-20,33,1.01,Girona,2019-02-19,False,True
1250133,Entire home/apt,900.0,False,0,19,22,243,89,2013-07-07,2016-10-12,29,0.65,Mallorca,2017-03-15,False,True
1254955,Entire home/apt,650.0,True,1,1,1,258,91,2013-09-06,2019-02-25,46,0.63,Madrid,2019-09-19,False,True
1255665,Entire home/apt,1460.0,True,12,24,32,286,72,2014-09-01,2017-05-26,10,0.27,Barcelona,2017-09-12,False,False
1255912,Entire home/apt,600.0,True,0,28,58,58,92,2014-07-18,2018-09-11,20,0.31,Valencia,2019-10-31,False,True
1257705,Private room,350.0,False,7,22,35,307,92,2013-08-19,2017-06-04,106,2.32,Barcelona,2017-06-05,False,True
1263442,Entire home/apt,900.0,False,0,0,0,120,85,2013-08-30,2016-10-29,46,1.02,Barcelona,2017-06-05,False,True
1264178,Private room,500.0,False,14,44,72,308,95,2014-10-04,2017-03-12,53,1.76,Madrid,2017-04-08,False,True
1273077,Private room,450.0,True,0,0,1,260,97,2013-10-26,2018-07-23,42,0.63,Barcelona,2019-05-14,False,True
1276537,Entire home/apt,300.0,True,4,21,51,196,94,2013-07-16,2017-11-05,64,1.12,Mallorca,2018-04-18,False,True
1285388,Entire home/apt,2500.0,True,7,29,57,332,96,2013-11-18,2018-08-11,36,0.63,Mallorca,2018-08-21,False,True
1285739,Entire home/apt,1100.0,True,3,4,11,118,84,2014-06-16,2017-08-27,11,0.23,Barcelona,2018-06-09,False,True
1287567,Entire home/apt,880.0,True,7,23,42,42,98,2013-11-04,2018-10-05,58,0.98,Madrid,2018-10-10,False,True
1294249,Entire home/apt,780.0,True,27,57,87,362,94,2013-07-15,2019-12-02,56,0.64,Valencia,2020-11-10,False,True
1294911,Entire home/apt,850.0,True,0,0,20,49,98,2014-04-22,2020-01-02,41,0.58,Girona,2020-03-26,False,True
1296977,Entire home/apt,890.0,False,2,4,9,135,88,2013-08-24,2017-05-12,71,1.56,Barcelona,2017-06-05,False,True
1302878,Entire home/apt,500.0,True,0,0,8,212,93,2014-07-07,2017-08-27,9,0.2,Girona,2018-04-21,False,True
1303927,Entire home/apt,1400.0,True,30,60,90,347,97,2013-10-06,2018-10-01,7,0.08,Mallorca,2021-01-16,False,True
1304845,Private room,400.0,False,25,55,85,360,99,2013-07-30,2016-12-01,25,0.56,Barcelona,2017-04-08,False,True
1305640,Entire home/apt,1000.0,True,13,39,67,316,91,2013-07-25,2018-08-24,100,1.6,Barcelona,2018-10-10,False,True
1311003,Private room,700.0,False,26,56,86,361,92,2015-05-31,2016-08-14,5,0.21,Barcelona,2017-05-07,False,True
1313371,Entire home/apt,500.0,True,25,48,77,324,95,2014-04-08,2019-10-26,104,1.56,Sevilla,2019-10-30,False,True
1314537,Private room,300.0,True,17,47,77,345,97,2016-01-02,2017-11-22,44,1.89,Barcelona,2017-12-09,False,True
1314735,Entire home/apt,650.0,True,21,37,67,265,91,2014-02-18,2018-09-28,59,1.03,Sevilla,2018-11-22,False,True
1318990,Entire home/apt,2500.0,True,9,9,9,110,55,2014-01-05,2017-07-03,4,0.08,Madrid,2018-04-12,False,False
1332929,Entire home/apt,630.0,True,1,3,6,9,94,2013-07-16,2019-04-06,326,4.73,Barcelona,2019-04-10,False,True
1337590,Private room,300.0,False,0,0,12,122,64,2015-04-26,2016-05-10,5,0.22,Mallorca,2017-03-15,False,False
1342549,Entire home/apt,960.0,True,0,0,0,146,98,2013-07-23,2020-08-28,460,5.12,Barcelona,2021-01-12,False,True
1346199,Entire home/apt,1500.0,False,30,60,90,365,,,,0,,Barcelona,2017-01-04,False,
1351010,Private room,270.0,True,28,58,88,363,88,2015-04-11,2018-06-02,19,0.44,Barcelona,2018-11-07,False,True
1351195,Entire home/apt,5000.0,True,0,0,0,0,92,2014-09-14,2020-02-16,30,0.44,Girona,2020-05-28,False,True
1361784,Private room,300.0,False,6,6,6,6,96,2013-08-09,2017-02-11,19,0.44,Barcelona,2017-03-06,False,True
1362147,Entire home/apt,1800.0,False,0,0,0,245,85,2013-08-08,2017-03-03,8,0.18,Barcelona,2017-05-07,False,True
1363752,Private room,450.0,False,30,60,90,180,86,2013-07-27,2016-08-28,45,1.04,Barcelona,2017-03-06,False,True
1373074,Private room,1350.0,True,0,23,53,196,95,2013-11-17,2018-08-23,13,0.2,Mallorca,2019-03-25,False,True
1374753,Entire home/apt,2250.0,True,0,0,0,0,98,2013-08-10,2018-08-24,46,0.64,Barcelona,2019-08-12,False,True
1387193,Private room,320.0,True,2,17,47,79,91,2013-08-11,2018-09-05,51,0.83,Barcelona,2018-09-11,False,True
1395084,Private room,300.0,True,0,1,31,306,96,2015-04-12,2018-07-22,11,0.24,Madrid,2019-01-14,False,True
1397560,Entire home/apt,1100.0,True,0,0,0,0,94,2016-07-25,2019-02-28,10,0.2,Barcelona,2020-08-24,False,True
1397748,Entire home/apt,1900.0,True,30,60,90,316,98,2013-08-07,2020-02-15,272,3.01,Barcelona,2021-02-09,False,True
1398273,Private room,600.0,True,0,0,0,0,,,,0,,Madrid,2021-01-12,False,
1402772,Entire home/apt,690.0,True,13,29,55,131,87,2013-09-09,2020-07-23,157,1.88,Barcelona,2020-08-24,False,True
1404935,Private room,570.0,False,17,27,42,254,97,2013-08-20,2017-03-03,64,1.5,Barcelona,2017-03-06,False,True
1406158,Entire home/apt,3200.0,True,8,23,42,275,,,,0,,Barcelona,2018-04-12,False,
1410802,Entire home/apt,2000.0,True,24,54,84,334,84,2013-08-18,2020-06-01,53,0.63,Barcelona,2020-08-24,False,True
1413577,Private room,480.0,True,7,26,39,39,95,2014-06-09,2019-06-25,90,1.47,Barcelona,2019-07-10,False,True
1417890,Private room,500.0,False,17,33,60,335,91,2014-05-05,2017-02-20,74,2.17,Barcelona,2017-03-06,False,True
1418423,Entire home/apt,500.0,False,6,24,36,70,96,2013-09-05,2016-10-10,42,1.05,Barcelona,2017-01-04,False,True
1420428,Private room,760.0,True,4,18,33,278,97,2013-09-20,2017-09-02,84,1.76,Barcelona,2017-09-12,False,True
1426125,Private room,240.0,True,7,7,7,7,89,2014-04-30,2019-05-04,71,1.17,Barcelona,2019-05-14,False,True
1426674,Entire home/apt,1200.0,True,4,24,47,101,96,2013-09-13,2018-07-03,148,2.55,Barcelona,2018-07-10,False,True
1431437,Private room,600.0,True,0,7,37,312,95,2015-08-08,2017-12-10,19,0.63,Barcelona,2018-02-07,False,True
1437974,Private room,250.0,True,0,0,0,0,75,2014-07-12,2015-07-08,4,0.06,Valencia,2019-10-31,False,False
1440247,Entire home/apt,1750.0,True,30,60,90,365,93,2013-09-06,2017-07-24,12,0.24,Barcelona,2017-10-07,False,True
1444019,Entire home/apt,1460.0,True,11,35,62,337,100,2014-06-09,2014-06-09,1,0.02,Barcelona,2017-10-07,False,True
1457218,Entire home/apt,1290.0,True,22,52,77,261,93,2014-05-13,2019-01-01,222,3.95,Barcelona,2019-01-14,False,True
1463763,Entire home/apt,2500.0,True,19,46,62,285,95,2015-08-17,2019-12-08,33,0.6,Madrid,2020-03-17,False,True
1467406,Private room,350.0,True,0,0,0,0,97,2016-08-16,2019-09-28,62,1.46,Malaga,2020-02-29,False,True
1473278,Entire home/apt,1400.0,True,0,0,0,0,93,2013-12-03,2020-02-25,30,0.35,Madrid,2020-12-17,False,True
1473598,Entire home/apt,4090.0,True,23,45,57,213,60,2018-04-21,2018-04-21,1,0.03,Mallorca,2020-09-19,False,False
1480728,Entire home/apt,690.0,True,6,22,52,123,91,2014-06-06,2018-08-13,55,1.07,Barcelona,2018-09-11,False,True
1482060,Entire home/apt,1300.0,True,1,19,49,317,92,2013-09-13,2019-09-01,438,6.07,Barcelona,2019-09-17,False,True
1492419,Entire home/apt,1100.0,False,12,18,24,293,85,2014-05-07,2017-04-15,54,1.5,Barcelona,2017-05-07,False,True
1496065,Entire home/apt,410.0,True,0,0,0,0,96,2015-10-12,2020-08-23,192,3.11,Malaga,2020-11-30,False,True
1498723,Entire home/apt,1900.0,True,0,0,0,175,92,2013-08-31,2018-07-26,14,0.22,Menorca,2019-01-30,False,True
1501980,Entire home/apt,1200.0,True,0,0,0,0,95,2014-07-20,2017-10-15,5,0.06,Mallorca,2020-12-19,False,True
1503616,Entire home/apt,380.0,True,0,0,0,0,80,2014-06-02,2014-06-02,1,0.01,Barcelona,2020-12-16,False,True
1507069,Private room,400.0,True,27,57,87,87,86,2013-08-25,2019-10-07,72,0.98,Barcelona,2019-10-16,False,True
1510808,Private room,700.0,True,30,60,90,365,80,2013-09-14,2018-08-10,13,0.18,Mallorca,2019-08-31,False,True
1514062,Entire home/apt,1130.0,False,23,32,43,43,91,2015-04-06,2017-01-01,14,0.61,Madrid,2017-03-06,False,True
1523802,Entire home/apt,2100.0,True,11,23,45,320,88,2015-08-18,2017-12-02,17,0.61,Barcelona,2017-12-09,False,True
1527831,Entire home/apt,1600.0,True,8,29,43,206,97,2015-03-02,2019-09-27,40,0.72,Barcelona,2019-10-16,False,True
1529472,Entire home/apt,980.0,True,5,35,65,65,,,,0,,Barcelona,2019-03-08,False,
1530586,Entire home/apt,750.0,True,0,0,2,181,95,2013-09-23,2018-05-26,309,5.46,Barcelona,2018-06-09,False,True
1534545,Private room,250.0,True,5,35,65,340,95,2013-10-03,2018-07-05,27,0.47,Girona,2018-07-31,False,True
1540924,Private room,500.0,True,0,1,2,194,99,2016-05-04,2019-07-22,40,1.02,Barcelona,2019-08-12,False,True
1545642,Entire home/apt,1190.0,True,0,0,0,177,90,2015-07-30,2017-07-04,2,0.03,Mallorca,2020-10-21,False,True
1546734,Private room,450.0,True,0,13,43,318,86,2014-04-25,2018-07-15,9,0.17,Madrid,2018-08-14,False,True
1565292,Private room,710.0,False,10,28,58,58,95,2013-09-09,2017-07-11,153,3.26,Barcelona,2017-08-06,False,True
1574730,Entire home/apt,470.0,True,1,1,1,1,91,2014-08-25,2020-10-19,104,1.35,Mallorca,2021-01-16,False,True
1577728,Private room,300.0,True,5,17,41,164,98,2013-10-15,2019-11-02,252,3.46,Barcelona,2019-11-09,False,True
1580437,Entire home/apt,950.0,True,1,2,8,87,95,2015-01-18,2018-04-08,67,1.73,Barcelona,2018-04-12,False,True
1584877,Entire home/apt,740.0,True,30,60,90,352,88,2015-06-20,2020-08-26,38,0.56,Menorca,2021-02-27,False,True
1586889,Private room,640.0,False,4,9,15,229,80,2014-01-28,2017-02-05,124,3.33,Barcelona,2017-03-06,False,True
1603887,Private room,360.0,True,0,0,0,272,90,2013-10-30,2018-12-05,43,0.59,Barcelona,2019-11-09,False,True
1613328,Entire home/apt,1460.0,True,22,52,82,349,80,2014-12-22,2018-03-11,3,0.07,Barcelona,2018-06-09,False,True
1614109,Entire home/apt,880.0,True,3,12,24,263,94,2015-09-13,2019-03-28,33,0.77,Barcelona,2019-04-10,False,True
1615517,Entire home/apt,790.0,True,30,60,90,365,95,2014-07-22,2019-08-24,4,0.06,Girona,2019-12-31,False,True
1616281,Entire home/apt,990.0,True,0,11,11,236,91,2013-10-02,2018-01-05,47,0.85,Barcelona,2018-05-14,False,True
1617393,Entire home/apt,1350.0,False,0,2,32,307,60,2015-05-22,2015-06-02,2,0.09,Madrid,2017-04-08,False,False
1622564,Entire home/apt,900.0,True,25,40,62,225,91,2014-01-07,2018-04-19,35,0.63,Madrid,2018-08-14,False,True
1624014,Entire home/apt,1600.0,True,16,46,76,334,91,2014-04-14,2020-01-06,141,2.01,Barcelona,2020-02-16,False,True
1636054,Entire home/apt,850.0,True,19,45,75,75,92,2014-12-10,2019-12-15,33,0.54,Malaga,2019-12-31,False,True
1639471,Private room,480.0,True,8,17,47,310,89,2013-09-22,2019-09-28,194,2.66,Madrid,2019-10-16,False,True
1639547,Entire home/apt,700.0,True,0,0,0,239,95,2013-09-23,2020-02-16,24,0.28,Madrid,2020-10-17,False,True
1645680,Private room,890.0,True,30,60,90,365,94,2014-04-26,2019-10-31,87,1.3,Mallorca,2019-11-28,False,True
1648617,Entire home/apt,,True,6,15,24,291,99,2014-07-14,2019-06-10,38,0.64,Mallorca,2019-06-27,True,True
1660109,Entire home/apt,1390.0,True,28,52,56,301,97,2014-05-05,2018-07-06,29,0.48,Girona,2019-04-29,False,True
1670427,Entire home/apt,650.0,True,27,57,87,362,94,2013-10-08,2020-07-14,503,5.97,Barcelona,2020-10-12,False,True
1672204,Entire home/apt,900.0,True,28,50,60,210,90,2014-04-22,2020-01-04,83,1.14,Barcelona,2020-05-11,False,True
1678293,Private room,320.0,True,0,0,9,284,84,2013-12-29,2018-07-06,66,1.17,Madrid,2018-09-11,False,True
1691141,Entire home/apt,600.0,True,0,29,59,334,84,2014-01-03,2018-10-10,15,0.26,Barcelona,2018-11-07,False,True
1692008,Entire home/apt,1120.0,True,6,32,62,337,91,2013-12-29,2018-06-18,163,3.0,Barcelona,2018-07-10,False,True
1699028,Private room,390.0,True,0,0,0,0,97,2017-08-07,2019-11-18,76,2.7,Barcelona,2019-12-10,False,True
1706758,Entire home/apt,850.0,True,7,16,33,267,93,2014-05-11,2019-03-22,53,0.83,Sevilla,2019-08-31,False,True
1718630,Private room,300.0,False,30,60,90,365,,,,0,,Mallorca,2017-03-15,False,
1718650,Entire home/apt,920.0,True,0,0,0,89,89,2013-10-17,2020-08-15,47,0.55,Valencia,2020-11-10,False,True
1719170,Entire home/apt,1040.0,True,6,7,16,276,86,2014-03-15,2018-03-08,102,2.08,Barcelona,2018-04-12,False,True
1728329,Entire home/apt,600.0,True,21,28,39,237,95,2013-11-06,2020-03-01,414,5.42,Barcelona,2020-03-16,False,True
1750838,Entire home/apt,370.0,True,7,37,61,336,96,2014-04-22,2018-04-23,105,2.15,Madrid,2018-05-14,False,True
1753979,Entire home/apt,660.0,True,0,10,40,126,98,2014-01-06,2020-03-16,409,5.22,Madrid,2020-07-17,False,True
1755419,Entire home/apt,990.0,True,0,0,0,273,,,,0,,Girona,2019-09-30,False,
1756975,Entire home/apt,800.0,False,4,10,31,38,97,2013-10-17,2016-11-28,38,0.98,Barcelona,2017-01-04,False,True
1768203,Entire home/apt,550.0,False,5,9,9,9,96,2013-12-16,2017-03-28,86,2.16,Madrid,2017-04-08,False,True
1783966,Entire home/apt,2800.0,True,16,16,16,205,,,,0,,Mallorca,2018-10-17,False,
1799258,Entire home/apt,1010.0,True,20,50,80,171,97,2014-05-12,2018-08-29,7,0.12,Girona,2019-03-30,False,True
1803679,Entire home/apt,2200.0,True,28,45,56,218,93,2014-08-24,2016-08-13,3,0.04,Mallorca,2020-04-23,False,True
1808014,Entire home/apt,800.0,True,11,24,46,316,93,2014-12-25,2019-03-10,11,0.22,Sevilla,2019-03-28,False,True
1820061,Entire home/apt,640.0,True,28,58,86,355,85,2014-08-22,2015-05-24,4,0.07,Malaga,2019-02-24,False,True
1821582,Entire home/apt,2600.0,True,20,50,76,324,92,2013-12-27,2018-09-09,20,0.35,Girona,2018-10-20,False,True
1825432,Entire home/apt,1500.0,True,18,31,61,273,89,2013-12-05,2017-10-28,31,0.65,Malaga,2017-11-25,False,True
1825621,Entire home/apt,1450.0,True,8,12,15,259,94,2015-07-12,2018-01-02,7,0.2,Barcelona,2018-06-09,False,True
1826031,Entire home/apt,850.0,True,3,9,20,178,96,2013-12-10,2019-05-07,132,1.97,Madrid,2019-07-10,False,True
1830917,Hotel room,1690.0,True,10,34,64,339,95,2014-01-05,2019-08-31,87,1.27,Barcelona,2019-09-17,False,True
1846844,Entire home/apt,600.0,True,4,14,44,312,91,2013-11-04,2018-09-20,215,3.67,Sevilla,2018-09-22,False,True
1859046,Private room,360.0,True,5,35,65,340,95,2014-03-10,2019-12-29,73,0.91,Madrid,2020-11-06,False,True
1860688,Entire home/apt,820.0,True,0,0,0,0,97,2014-03-08,2020-03-13,93,1.23,Mallorca,2020-06-25,False,True
1866813,Entire home/apt,1250.0,True,27,57,87,229,80,2016-07-17,2016-07-17,1,0.02,Barcelona,2020-06-13,False,True
1870994,Entire home/apt,560.0,True,1,3,9,12,92,2013-12-09,2018-03-24,307,5.89,Madrid,2018-04-12,False,True
1871218,Entire home/apt,410.0,True,23,53,67,314,89,2013-11-27,2020-01-13,525,7.08,Sevilla,2020-01-30,False,True
1880328,Private room,270.0,True,0,13,43,318,,,,0,,Barcelona,2019-05-14,False,
1882695,Entire home/apt,780.0,True,25,37,62,328,94,2014-04-16,2020-02-29,117,1.64,Sevilla,2020-03-23,False,True
1891083,Entire home/apt,1000.0,True,29,43,56,175,98,2013-12-08,2020-03-11,404,5.29,Barcelona,2020-04-16,False,True
1895368,Entire home/apt,2770.0,True,22,38,56,303,100,2014-11-06,2016-09-09,3,0.04,Mallorca,2020-05-28,False,True
1908257,Entire home/apt,1350.0,True,0,0,0,77,94,2014-07-14,2020-07-12,110,1.47,Barcelona,2020-10-12,False,True
1916455,Entire home/apt,3210.0,True,0,0,0,0,96,2014-01-06,2019-12-30,189,2.27,Barcelona,2020-12-16,False,True
1916806,Entire home/apt,1450.0,True,21,42,64,322,82,2013-12-02,2018-09-17,19,0.31,Barcelona,2019-01-14,False,True
1921506,Entire home/apt,430.0,True,21,38,57,308,78,2014-04-16,2017-12-03,9,0.19,Girona,2018-04-21,False,False
1928731,Entire home/apt,1000.0,True,0,0,23,203,96,2013-12-09,2020-02-25,147,1.71,Madrid,2021-02-09,False,True
1929405,Entire home/apt,1500.0,True,30,49,65,319,100,2016-04-06,2016-04-06,1,0.02,Mallorca,2020-05-28,False,True
1934314,Private room,390.0,True,8,8,29,304,99,2014-02-05,2018-07-29,39,0.71,Sevilla,2018-08-27,False,True
1935527,Entire home/apt,2050.0,True,29,59,89,290,100,2018-07-21,2018-07-21,1,0.05,Menorca,2020-01-31,False,True
1942585,Entire home/apt,1200.0,False,25,40,65,340,92,2014-07-06,2016-06-12,13,0.41,Madrid,2017-03-06,False,True
1957157,Entire home/apt,1840.0,True,9,39,69,326,97,2014-11-21,2019-11-30,223,3.67,Barcelona,2019-12-10,False,True
1957286,Private room,180.0,True,1,1,1,1,94,2016-09-17,2021-01-31,7,0.13,Madrid,2021-02-09,False,True
1957841,Entire home/apt,890.0,True,7,18,19,139,87,2015-07-18,2016-10-02,3,0.06,Mallorca,2019-05-27,False,True
1958839,Entire home/apt,1600.0,True,22,38,65,248,,,,0,,Barcelona,2019-01-14,False,
1959017,Entire home/apt,830.0,True,0,7,8,120,100,2014-05-31,2019-05-03,10,0.17,Mallorca,2019-05-27,False,True
1967758,Entire home/apt,2000.0,False,3,12,21,59,75,2017-04-01,2017-05-21,5,2.34,Barcelona,2017-06-05,False,False
1967889,Entire home/apt,1500.0,True,16,39,62,62,93,2018-05-04,2019-01-08,22,2.62,Madrid,2019-01-14,False,True
1972420,Entire home/apt,650.0,True,2,4,10,226,94,2014-01-01,2019-05-21,127,1.96,Mallorca,2019-05-27,False,True
1982900,Entire home/apt,1500.0,True,30,60,90,365,95,2014-01-03,2016-11-19,41,0.85,Barcelona,2018-01-17,False,True
1990801,Entire home/apt,1100.0,True,5,16,35,310,94,2013-12-20,2019-04-07,346,5.34,Madrid,2019-05-14,False,True
1996279,Entire home/apt,630.0,True,29,58,88,359,94,2014-04-27,2019-10-15,28,0.36,Sevilla,2020-10-29,False,True
1997113,Entire home/apt,400.0,True,8,22,52,317,92,2014-01-05,2018-08-11,156,2.8,Sevilla,2018-08-27,False,True
2005987,Entire home/apt,1250.0,True,29,59,89,209,87,2016-05-27,2019-10-09,9,0.19,Mallorca,2020-05-28,False,True
2011730,Entire home/apt,650.0,True,10,31,54,252,99,2014-08-12,2019-09-26,33,0.54,Mallorca,2019-09-28,False,True
2016382,Entire home/apt,860.0,True,17,43,61,296,94,2014-10-19,2018-08-11,26,0.54,Girona,2018-10-20,False,True
2020743,Entire home/apt,990.0,True,29,59,89,364,93,2014-01-03,2020-03-03,197,2.4,Barcelona,2020-11-06,False,True
2024297,Entire home/apt,990.0,True,1,1,15,35,100,2019-05-05,2019-05-05,1,0.54,Menorca,2019-06-30,False,True
2024643,Entire home/apt,850.0,True,0,0,0,0,82,2014-10-13,2019-04-29,12,0.16,Madrid,2020-12-17,False,True
2045092,Entire home/apt,600.0,True,13,43,73,348,94,2014-01-03,2018-09-25,122,2.13,Madrid,2018-10-10,False,True
2046026,Entire home/apt,1000.0,True,0,0,0,69,93,2014-06-28,2019-12-15,175,2.35,Barcelona,2020-09-12,False,True
2048862,Entire home/apt,1200.0,False,6,10,18,213,85,2014-06-16,2017-04-06,24,0.71,Barcelona,2017-04-08,False,True
2050662,Entire home/apt,770.0,True,12,33,63,297,90,2014-03-01,2018-10-27,139,2.47,Barcelona,2018-11-07,False,True
2061434,Private room,500.0,True,30,60,90,365,,,,0,,Barcelona,2018-04-12,False,
2065666,Entire home/apt,1760.0,True,9,16,29,115,93,2014-09-21,2019-04-15,10,0.17,Girona,2019-06-30,False,True
2078332,Entire home/apt,530.0,True,12,22,48,313,94,2014-01-15,2018-10-26,133,2.3,Barcelona,2018-11-07,False,True
2085786,Entire home/apt,680.0,True,10,36,66,341,80,2014-02-17,2019-08-26,86,1.28,Madrid,2019-09-19,False,True
2091802,Private room,340.0,True,0,0,0,36,95,2016-10-13,2017-02-11,4,0.15,Madrid,2018-12-10,False,True
2104807,Entire home/apt,1500.0,True,11,28,55,330,71,2015-04-26,2019-04-14,7,0.14,Barcelona,2019-08-12,False,False
2107982,Entire home/apt,620.0,True,3,15,28,297,97,2014-01-03,2019-10-05,254,3.66,Barcelona,2019-10-16,False,True
2111519,Entire home/apt,550.0,True,21,33,34,267,87,2014-03-19,2019-03-07,165,2.73,Malaga,2019-03-31,False,True
2114493,Entire home/apt,1990.0,True,6,15,30,271,96,2014-01-27,2019-09-13,203,2.99,Madrid,2019-09-19,False,True
2131496,Entire home/apt,1300.0,True,7,15,20,287,93,2014-03-12,2019-02-19,299,4.99,Barcelona,2019-03-08,False,True
2134241,Entire home/apt,1400.0,True,5,8,20,286,85,2014-10-12,2018-05-28,51,1.16,Barcelona,2018-06-09,False,True
2136172,Entire home/apt,1250.0,True,7,7,7,7,80,2014-01-30,2019-02-21,35,0.55,Madrid,2019-05-14,False,True
2137019,Entire home/apt,1600.0,True,16,28,56,226,86,2014-05-11,2019-06-04,35,0.57,Girona,2019-06-30,False,True
2138071,Entire home/apt,4500.0,True,2,12,32,223,91,2014-06-09,2018-11-24,55,1.0,Barcelona,2019-01-14,False,True
2138517,Entire home/apt,1050.0,True,30,56,85,251,,,,0,,Malaga,2020-01-31,False,
2141878,Entire home/apt,2500.0,True,0,0,0,0,95,2014-06-02,2015-08-16,4,0.06,Girona,2020-05-28,False,True
2146533,Entire home/apt,3200.0,False,2,4,5,238,90,2014-03-18,2017-05-22,43,1.11,Barcelona,2017-06-05,False,True
2152440,Entire home/apt,1250.0,True,15,41,59,167,98,2014-01-27,2020-03-05,299,4.0,Barcelona,2020-04-16,False,True
2167544,Entire home/apt,1190.0,False,2,4,5,185,97,2014-03-02,2017-03-01,88,2.43,Barcelona,2017-03-06,False,True
2170203,Entire home/apt,770.0,True,5,19,38,309,92,2016-06-05,2017-09-22,18,1.12,Barcelona,2017-10-07,False,True
2171702,Entire home/apt,1050.0,False,8,20,35,121,83,2014-04-14,2017-06-30,39,1.01,Barcelona,2017-07-06,False,True
2177176,Entire home/apt,1150.0,True,11,12,18,124,98,2014-02-25,2020-01-06,374,5.3,Barcelona,2020-01-10,False,True
2179527,Entire home/apt,600.0,True,9,24,37,120,91,2015-05-16,2019-10-24,143,2.65,Madrid,2019-11-09,False,True
2202510,Entire home/apt,1850.0,True,5,7,11,89,98,2014-01-26,2019-06-24,282,4.31,Barcelona,2019-07-10,False,True
2204820,Entire home/apt,1750.0,True,30,60,90,365,,,,0,,Barcelona,2020-09-12,False,
2207960,Private room,580.0,True,30,60,90,365,92,2015-09-21,2019-12-08,113,1.77,Madrid,2021-01-12,False,True
2222131,Entire home/apt,900.0,True,27,57,87,362,80,2017-08-26,2018-08-11,2,0.11,Girona,2019-02-19,False,True
2248442,Private room,1090.0,True,1,4,31,262,97,2014-03-11,2017-05-14,13,0.25,Mallorca,2018-07-29,False,True
2248576,Entire home/apt,1650.0,False,3,4,6,73,98,2014-04-15,2017-04-18,80,2.18,Barcelona,2017-05-07,False,True
2252574,Private room,250.0,True,4,21,40,48,96,2014-02-23,2018-08-27,347,6.35,Barcelona,2018-09-11,False,True
2258125,Entire home/apt,600.0,True,0,0,0,44,91,2014-02-24,2017-07-01,115,1.39,Barcelona,2021-01-12,False,True
2258509,Entire home/apt,1300.0,True,26,56,86,319,91,2014-06-22,2019-08-25,20,0.31,Mallorca,2019-11-28,False,True
2300229,Entire home/apt,750.0,True,20,40,63,326,94,2014-04-01,2018-06-13,109,2.06,Sevilla,2018-08-27,False,True
2306988,Entire home/apt,3500.0,True,15,30,45,275,97,2014-04-02,2015-01-25,8,0.12,Barcelona,2019-09-17,False,True
2307843,Entire home/apt,2290.0,True,8,11,30,202,95,2014-05-15,2018-04-25,24,0.5,Barcelona,2018-05-14,False,True
2325719,Entire home/apt,1900.0,True,15,30,30,153,,,,0,,Mallorca,2018-10-17,False,
2328455,Entire home/apt,4160.0,True,17,43,68,303,100,2015-12-08,2018-08-19,5,0.15,Girona,2018-10-20,False,True
2329373,Entire home/apt,300.0,True,0,0,0,0,,,,0,,Mallorca,2020-11-08,False,
2329405,Entire home/apt,1580.0,True,8,33,46,240,92,2014-02-10,2017-12-04,55,1.2,Barcelona,2017-12-09,False,True
2331285,Entire home/apt,790.0,True,2,14,19,269,96,2014-06-01,2018-10-02,266,5.08,Barcelona,2018-10-10,False,True
2341293,Entire home/apt,1350.0,False,0,0,0,0,80,2015-07-14,2015-07-14,1,0.04,Barcelona,2017-08-06,False,True
2343701,Entire home/apt,760.0,True,23,35,54,206,91,2014-03-13,2020-03-20,245,3.38,Mallorca,2020-03-22,False,True
2344485,Private room,330.0,True,11,23,42,132,98,2017-02-27,2018-04-28,13,0.9,Barcelona,2018-05-14,False,True
2349535,Entire home/apt,990.0,True,0,0,0,0,88,2014-06-11,2017-10-07,10,0.18,Barcelona,2019-03-08,False,True
2360266,Entire home/apt,960.0,True,0,13,33,108,89,2014-05-12,2017-09-07,76,1.9,Barcelona,2017-09-12,False,True
2364653,Private room,240.0,True,1,12,20,107,97,2014-03-04,2018-05-13,226,4.48,Barcelona,2018-05-14,False,True
2368293,Entire home/apt,1270.0,True,0,0,0,0,,2017-04-12,2017-05-01,2,0.09,Girona,2019-02-19,False,
2376077,Entire home/apt,2500.0,True,28,58,88,314,90,2015-09-11,2019-06-01,8,0.16,Menorca,2019-11-30,False,True
2391248,Entire home/apt,1070.0,True,19,22,52,327,88,2015-09-21,2018-08-24,5,0.11,Girona,2019-06-30,False,True
2391858,Entire home/apt,750.0,True,30,60,72,330,89,2014-06-09,2020-03-07,105,1.48,Barcelona,2020-05-11,False,True
2392355,Entire home/apt,510.0,True,0,0,0,230,76,2014-05-11,2016-05-16,10,0.18,Girona,2018-12-22,False,False
2393145,Private room,400.0,False,9,14,37,312,92,2014-06-05,2017-07-25,49,1.29,Barcelona,2017-08-06,False,True
2401712,Private room,220.0,False,19,47,65,340,87,2014-02-28,2017-02-13,109,3.01,Barcelona,2017-03-06,False,True
2408869,Entire home/apt,650.0,True,12,26,48,230,90,2014-07-31,2019-02-07,99,1.79,Barcelona,2019-03-08,False,True
2411106,Hotel room,1190.0,True,5,5,5,259,91,2014-02-27,2019-08-17,63,0.94,Barcelona,2019-09-17,False,True
2411322,Entire home/apt,5000.0,False,12,24,54,94,93,2014-06-19,2016-06-28,6,0.18,Madrid,2017-04-08,False,True
2424236,Entire home/apt,800.0,True,13,36,51,295,91,2014-04-07,2018-11-11,151,2.67,Sevilla,2018-12-21,False,True
2428246,Entire home/apt,1550.0,True,30,60,90,365,97,2014-04-22,2020-03-01,280,3.65,Barcelona,2020-09-12,False,True
2435008,Entire home/apt,620.0,True,29,59,89,179,92,2014-06-13,2019-08-31,17,0.26,Girona,2019-10-30,False,True
2436237,Entire home/apt,1000.0,True,0,0,0,16,87,2014-03-28,2020-01-04,139,1.86,Barcelona,2020-06-13,False,True
2438814,Entire home/apt,600.0,False,7,26,30,287,95,2014-04-27,2017-01-13,158,4.71,Barcelona,2017-02-09,False,True
2439919,Entire home/apt,600.0,True,1,16,37,292,92,2014-03-11,2017-09-19,225,5.24,Barcelona,2017-10-07,False,True
2447128,Entire home/apt,1150.0,True,13,41,62,152,93,2015-04-05,2018-07-22,6,0.15,Girona,2018-07-31,False,True
2450287,Entire home/apt,550.0,True,29,46,70,222,99,2014-09-14,2019-10-02,68,0.99,Mallorca,2020-05-28,False,True
2451747,Entire home/apt,950.0,True,29,56,76,316,91,2014-07-09,2019-12-27,40,0.57,Girona,2020-04-30,False,True
2454465,Entire home/apt,340.0,True,6,36,66,160,93,2014-05-16,2018-11-18,64,0.96,Sevilla,2019-11-29,False,True
2472349,Entire home/apt,1650.0,True,0,0,0,0,82,2014-07-07,2019-03-31,127,1.81,Barcelona,2020-05-11,False,True
2476666,Entire home/apt,1290.0,True,11,29,59,304,88,2015-01-27,2018-01-28,53,1.46,Barcelona,2018-02-07,False,True
2482182,Private room,780.0,True,14,32,32,162,94,2014-04-24,2019-03-21,143,2.4,Barcelona,2019-04-10,False,True
2484622,Entire home/apt,640.0,True,29,59,89,89,99,2014-03-22,2020-03-14,148,1.9,Madrid,2020-09-13,False,True
2495345,Private room,350.0,True,19,43,43,43,90,2014-05-02,2017-07-30,74,1.71,Barcelona,2017-12-09,False,True
2495446,Private room,270.0,True,10,19,49,49,95,2014-04-12,2018-11-30,118,2.11,Barcelona,2018-12-10,False,True
2500683,Entire home/apt,840.0,True,0,7,37,312,,,,0,,Madrid,2019-11-09,False,
2500759,Entire home/apt,1130.0,False,7,11,15,202,90,2014-07-12,2017-03-26,8,0.24,Barcelona,2017-04-08,False,True
2506463,Entire home/apt,1250.0,True,28,58,88,363,96,2014-05-03,2020-07-25,40,0.52,Mallorca,2020-09-19,False,True
2507802,Entire home/apt,1250.0,True,25,52,82,318,96,2014-06-01,2019-11-04,70,1.07,Barcelona,2019-11-09,False,True
2510624,Entire home/apt,1400.0,False,30,46,62,215,100,2014-10-04,2014-10-04,1,0.03,Mallorca,2017-03-15,False,True
2511423,Entire home/apt,1400.0,True,28,58,88,363,100,2019-07-31,2019-07-31,1,0.07,Girona,2020-10-28,False,True
2514285,Entire home/apt,720.0,True,30,60,90,344,92,2014-06-07,2019-09-30,21,0.31,Mallorca,2019-12-31,False,True
2517647,Entire home/apt,1090.0,True,0,0,0,146,86,2014-04-29,2018-10-17,57,1.04,Mallorca,2018-11-20,False,True
2531084,Entire home/apt,,True,20,48,66,307,97,2014-05-30,2018-07-27,57,1.14,Sevilla,2018-07-31,True,True
2534835,Entire home/apt,700.0,False,0,0,0,179,97,2014-04-27,2017-06-17,151,3.94,Barcelona,2017-07-06,False,True
2535466,Entire home/apt,750.0,True,30,52,62,293,94,2014-07-01,2018-04-22,35,0.49,Valencia,2020-05-31,False,True
2536121,Entire home/apt,1200.0,False,8,12,17,188,94,2014-03-28,2017-02-27,57,1.61,Barcelona,2017-03-06,False,True
2536957,Entire home/apt,900.0,True,18,20,35,310,89,2014-04-30,2019-10-12,48,0.65,Mallorca,2020-06-25,False,True
2542510,Entire home/apt,1620.0,True,20,33,63,338,94,2016-07-17,2018-04-02,56,2.56,Barcelona,2018-05-14,False,True
2544674,Entire home/apt,2000.0,True,0,0,9,100,94,2014-04-07,2019-05-12,81,1.18,Sevilla,2019-12-31,False,True
2544934,Entire home/apt,900.0,True,7,22,38,161,90,2016-07-22,2018-01-09,4,0.19,Mallorca,2018-04-18,False,True
2569061,Entire home/apt,850.0,True,13,20,24,179,98,2014-05-13,2019-05-19,189,3.12,Sevilla,2019-05-29,False,True
2569716,Entire home/apt,1400.0,True,0,0,5,280,100,2014-07-27,2016-07-04,5,0.08,Girona,2019-06-30,False,True
2581295,Entire home/apt,2500.0,False,30,55,72,276,97,2014-06-30,2016-10-15,24,0.74,Mallorca,2017-03-15,False,True
2593291,Entire home/apt,1400.0,True,0,0,30,296,96,2014-07-08,2020-11-07,107,1.38,Mallorca,2020-12-19,False,True
2593504,Entire home/apt,2030.0,True,22,45,75,165,86,2014-05-12,2019-06-04,73,1.16,Barcelona,2019-08-12,False,True
2597901,Private room,490.0,True,0,21,51,111,60,2019-06-10,2019-07-21,2,0.61,Barcelona,2019-09-17,False,False
2603748,Entire home/apt,640.0,True,13,36,66,109,80,2014-08-20,2017-04-18,3,0.06,Mallorca,2018-08-21,False,True
2616644,Entire home/apt,1670.0,True,15,44,70,260,100,2015-10-28,2018-08-11,4,0.11,Mallorca,2018-12-18,False,True
2624310,Entire home/apt,1070.0,True,20,50,80,353,95,2014-05-05,2021-01-01,174,2.14,Barcelona,2021-02-09,False,True
2632012,Private room,230.0,True,0,0,0,143,78,2014-08-06,2017-11-29,12,0.26,Madrid,2018-05-14,False,False
2658193,Private room,150.0,True,15,45,75,350,98,2014-05-10,2019-08-23,8,0.11,Barcelona,2020-06-13,False,True
2669792,Private room,400.0,True,30,60,90,365,100,2014-05-08,2020-03-15,44,0.56,Mallorca,2020-11-08,False,True
2673648,Entire home/apt,650.0,True,15,15,15,116,95,2014-05-19,2018-07-15,31,0.61,Madrid,2018-08-14,False,True
2685835,Entire home/apt,860.0,True,26,56,86,361,96,2015-06-26,2019-07-04,5,0.08,Girona,2020-10-28,False,True
2687897,Entire home/apt,1450.0,True,18,40,46,286,98,2016-08-20,2018-09-18,16,0.48,Mallorca,2019-05-27,False,True
2690646,Private room,390.0,True,24,30,41,290,87,2017-06-10,2019-07-08,19,0.6,Valencia,2020-01-31,False,True
2706984,Entire home/apt,940.0,True,0,0,0,0,91,2014-07-03,2020-07-26,19,0.24,Girona,2020-12-31,False,True
2707482,Entire home/apt,1500.0,True,13,37,67,68,94,2014-04-29,2020-01-01,162,2.34,Sevilla,2020-01-30,False,True
2711470,Entire home/apt,770.0,True,6,33,52,327,89,2014-04-24,2017-10-09,7,0.13,Madrid,2018-09-11,False,True
2724292,Entire home/apt,4290.0,True,1,1,1,1,,,,0,,Mallorca,2020-12-19,False,
2729680,Entire home/apt,1100.0,False,8,18,28,273,92,2014-04-21,2017-03-26,50,1.4,Barcelona,2017-04-08,False,True
2732268,Private room,500.0,True,30,60,90,365,91,2014-09-10,2019-04-19,7,0.12,Malaga,2019-05-30,False,True
2743351,Private room,510.0,True,22,52,82,342,91,2014-04-22,2019-09-12,132,2.03,Barcelona,2019-09-17,False,True
2743922,Entire home/apt,3000.0,True,0,0,8,269,80,2014-05-21,2018-07-15,6,0.08,Barcelona,2020-07-17,False,True
2744936,Entire home/apt,4900.0,True,0,0,0,211,99,2014-07-19,2019-08-18,21,0.29,Menorca,2020-06-30,False,True
2745344,Entire home/apt,810.0,True,4,34,64,333,94,2014-07-31,2018-08-15,20,0.4,Mallorca,2018-09-18,False,True
2745968,Entire home/apt,890.0,True,28,51,81,81,93,2015-01-30,2017-08-25,20,0.56,Barcelona,2018-01-17,False,True
2753314,Entire home/apt,1500.0,True,0,0,0,0,96,2014-04-21,2020-02-08,156,1.95,Barcelona,2020-12-16,False,True
2758891,Entire home/apt,1300.0,True,12,42,72,148,97,2014-05-05,2019-10-03,284,4.34,Barcelona,2019-10-16,False,True
2760739,Entire home/apt,400.0,True,0,0,4,189,98,2014-04-19,2017-11-16,166,3.83,Malaga,2017-11-25,False,True
2761639,Entire home/apt,620.0,True,18,43,73,73,94,2014-04-24,2018-11-04,147,2.7,Barcelona,2018-11-07,False,True
2762205,Entire home/apt,1400.0,True,2,2,12,159,98,2014-06-04,2018-05-04,116,2.45,Barcelona,2018-05-14,False,True
2767047,Entire home/apt,2900.0,False,30,60,90,365,,,,0,,Mallorca,2017-03-15,False,
2767121,Entire home/apt,2990.0,True,30,60,90,365,,,,0,,Mallorca,2019-09-28,False,
2776403,Entire home/apt,890.0,True,23,53,83,352,91,2014-09-24,2020-03-15,33,0.48,Mallorca,2020-06-25,False,True
2776901,Entire home/apt,2890.0,True,29,59,89,355,97,2014-04-25,2019-07-19,68,0.88,Barcelona,2020-10-12,False,True
2779847,Entire home/apt,700.0,True,0,5,35,310,80,2015-01-27,2015-01-27,1,0.02,Madrid,2018-11-07,False,True
2782292,Entire home/apt,690.0,True,12,39,65,65,97,2014-05-13,2018-10-11,114,2.11,Barcelona,2018-11-07,False,True
2784566,Entire home/apt,800.0,True,0,19,49,324,100,2015-07-05,2017-07-09,3,0.07,Girona,2018-12-22,False,True
2790757,Entire home/apt,1180.0,True,3,26,56,236,96,2014-07-12,2019-07-23,106,1.75,Girona,2019-07-29,False,True
2797209,Private room,700.0,True,0,0,0,0,97,2014-05-27,2019-09-19,227,3.21,Barcelona,2020-04-16,False,True
2806795,Entire home/apt,1500.0,True,1,25,55,326,95,2014-04-30,2018-09-05,182,3.47,Barcelona,2018-09-11,False,True
2806885,Entire home/apt,3750.0,True,30,60,68,254,99,2015-05-03,2018-09-29,14,0.31,Mallorca,2019-02-17,False,True
2819800,Private room,1400.0,True,30,60,90,365,,,,0,,Girona,2019-12-31,False,
2824586,Entire home/apt,1250.0,True,0,0,19,176,97,2014-09-05,2019-10-12,14,0.22,Mallorca,2019-12-31,False,True
2826116,Entire home/apt,970.0,True,0,0,0,240,96,2015-07-25,2019-09-20,17,0.33,Mallorca,2019-10-28,False,True
2827817,Hotel room,180.0,True,25,55,82,357,88,2014-04-27,2020-01-15,125,1.81,Sevilla,2020-01-30,False,True
2836294,Entire home/apt,500.0,False,0,3,33,280,88,2014-06-21,2017-02-24,66,2.01,Mallorca,2017-03-15,False,True
2836811,Entire home/apt,1800.0,True,30,60,90,341,98,2016-08-05,2019-09-03,26,0.62,Mallorca,2020-01-29,False,True
2840800,Entire home/apt,650.0,False,7,22,52,317,60,2015-11-19,2016-12-20,5,0.37,Barcelona,2017-01-04,False,False
2841708,Private room,700.0,True,0,0,0,155,96,2014-08-10,2017-09-06,16,0.42,Barcelona,2017-10-07,False,True
2849153,Entire home/apt,950.0,True,0,0,0,0,100,2016-05-15,2018-07-23,4,0.13,Girona,2018-11-26,False,True
2855311,Entire home/apt,550.0,True,0,0,0,0,97,2014-05-04,2019-10-31,112,1.67,Valencia,2019-11-30,False,True
2870693,Entire home/apt,2010.0,True,0,0,0,1,98,2015-09-06,2017-08-29,104,4.29,Barcelona,2017-09-12,False,True
2872568,Entire home/apt,430.0,True,21,49,71,270,95,2015-03-14,2019-11-07,68,1.2,Mallorca,2019-11-28,False,True
2873100,Entire home/apt,490.0,True,5,14,42,314,84,2015-10-22,2018-04-27,247,8.03,Madrid,2018-05-14,False,True
2885115,Private room,440.0,True,6,6,6,6,85,2014-05-11,2016-09-24,34,0.61,Sevilla,2018-12-21,False,True
2906165,Entire home/apt,650.0,True,3,21,51,72,93,2014-05-10,2019-08-06,166,2.63,Madrid,2019-08-12,False,True
2926875,Entire home/apt,850.0,True,30,60,90,128,93,2014-05-14,2019-10-21,108,1.47,Mallorca,2020-06-25,False,True
2930904,Private room,210.0,True,20,43,73,348,99,2014-10-31,2019-01-11,16,0.31,Sevilla,2019-02-18,False,True
2934212,Entire home/apt,700.0,True,0,0,0,0,88,2014-08-24,2019-04-29,35,0.62,Barcelona,2019-05-14,False,True
2945083,Entire home/apt,550.0,True,0,0,0,200,92,2014-05-20,2018-08-27,37,0.64,Valencia,2019-02-28,False,True
2963691,Entire home/apt,,True,30,58,61,332,99,2015-08-19,2019-08-31,27,0.47,Mallorca,2020-05-28,True,True
2965156,Entire home/apt,1790.0,True,0,0,0,0,95,2016-08-06,2018-08-11,4,0.11,Girona,2019-08-31,False,True
2967668,Entire home/apt,1050.0,True,13,43,73,348,97,2014-06-20,2017-11-04,41,0.98,Barcelona,2017-12-09,False,True
2974139,Entire home/apt,950.0,True,5,12,16,222,91,2014-05-10,2018-06-25,28,0.56,Barcelona,2018-07-10,False,True
2980991,Entire home/apt,800.0,True,29,59,89,197,91,2016-08-03,2019-10-16,7,0.15,Barcelona,2020-07-17,False,True
2981928,Private room,700.0,True,29,59,89,364,90,2015-05-31,2015-07-22,3,0.09,Barcelona,2018-01-17,False,True
2982263,Entire home/apt,2450.0,True,14,18,18,197,80,2016-09-09,2017-06-02,2,0.05,Mallorca,2019-09-28,False,True
2992207,Entire home/apt,2600.0,True,0,0,0,0,,,,0,,Sevilla,2019-04-27,False,
2994325,Entire home/apt,4250.0,True,26,55,85,360,100,2014-08-31,2018-07-15,5,0.1,Mallorca,2018-09-18,False,True
3003926,Entire home/apt,360.0,True,3,12,30,296,95,2014-07-05,2019-05-13,92,1.56,Malaga,2019-05-30,False,True
3005705,Entire home/apt,750.0,True,0,0,0,0,98,2014-07-12,2019-11-03,24,0.37,Girona,2019-11-30,False,True
3007161,Entire home/apt,1300.0,True,0,4,15,165,94,2014-06-18,2018-03-13,77,1.61,Barcelona,2018-06-09,False,True
3008207,Entire home/apt,1240.0,True,10,23,53,328,100,2016-04-23,2019-11-08,2,0.04,Mallorca,2020-08-28,False,True
3012071,Entire home/apt,600.0,True,0,0,0,0,97,2014-07-29,2017-10-15,33,0.78,Barcelona,2018-02-07,False,True
3012570,Entire home/apt,650.0,True,3,24,49,317,87,2014-05-17,2016-05-04,3,0.06,Madrid,2018-04-12,False,True
3016138,Private room,1050.0,True,30,60,86,355,92,2014-08-03,2018-08-12,23,0.46,Girona,2018-09-28,False,True
3020779,Entire home/apt,3680.0,True,17,42,72,331,93,2015-03-16,2018-06-30,17,0.41,Mallorca,2018-08-21,False,True
3023748,Entire home/apt,510.0,True,1,3,25,236,91,2015-04-26,2017-08-01,32,1.03,Malaga,2017-11-25,False,True
3044112,Entire home/apt,1650.0,True,30,60,90,365,60,2014-07-30,2017-02-08,3,0.06,Barcelona,2018-09-11,False,False
3047685,Entire home/apt,1850.0,True,0,0,20,120,97,2014-07-17,2014-07-17,1,0.01,Mallorca,2020-02-29,False,True
3056878,Entire home/apt,1590.0,True,7,36,36,184,94,2014-07-10,2018-09-10,27,0.54,Mallorca,2018-09-18,False,True
3058631,Entire home/apt,720.0,True,0,0,17,17,95,2014-05-25,2020-03-22,523,7.08,Madrid,2020-07-17,False,True
3058834,Private room,260.0,True,0,0,0,227,92,2014-05-23,2018-12-28,73,1.31,Madrid,2019-01-14,False,True
3059546,Entire home/apt,1100.0,True,0,0,0,275,98,2014-07-16,2020-08-07,66,0.89,Mallorca,2020-09-19,False,True
3063249,Private room,1500.0,True,30,60,90,365,100,2016-06-06,2016-06-06,1,0.02,Barcelona,2020-04-16,False,True
3068843,Private room,200.0,True,4,24,46,311,93,2015-04-06,2018-12-10,118,2.65,Sevilla,2018-12-21,False,True
3073348,Entire home/apt,520.0,True,26,48,78,325,20,2014-07-15,2014-07-15,1,0.02,Girona,2018-11-26,False,False
3078803,Entire home/apt,1250.0,False,27,47,65,330,93,2014-06-04,2017-01-10,19,0.57,Barcelona,2017-03-06,False,True
3080652,Private room,400.0,True,0,0,0,0,,,,0,,Malaga,2018-04-22,False,
3085914,Entire home/apt,600.0,True,23,53,75,350,91,2014-07-19,2017-04-16,15,0.29,Girona,2018-11-26,False,True
3097328,Entire home/apt,600.0,True,16,36,58,322,93,2014-07-07,2018-09-09,126,2.51,Madrid,2018-09-11,False,True
3097333,Entire home/apt,1520.0,True,7,18,44,244,92,2016-04-16,2019-01-18,40,1.19,Barcelona,2019-02-06,False,True
3097665,Entire home/apt,700.0,True,0,1,25,25,90,2017-06-29,2020-02-19,49,1.24,Barcelona,2020-10-12,False,True
3099873,Entire home/apt,750.0,True,25,52,82,338,89,2014-08-28,2018-08-04,15,0.31,Girona,2018-08-30,False,True
3107364,Entire home/apt,1190.0,True,29,59,81,349,90,2014-07-27,2019-10-20,26,0.4,Mallorca,2019-12-31,False,True
3107710,Entire home/apt,,True,9,34,64,339,80,2016-06-20,2018-08-20,11,0.38,Barcelona,2018-11-07,True,True
3110029,Entire home/apt,1900.0,True,8,14,44,232,95,2016-02-25,2019-03-27,11,0.28,Barcelona,2019-05-14,False,True
3111682,Entire home/apt,700.0,True,30,60,67,310,97,2014-08-08,2019-01-10,31,0.55,Mallorca,2019-04-24,False,True
3120157,Entire home/apt,1790.0,True,9,22,24,276,100,2017-04-20,2017-04-20,1,0.04,Mallorca,2019-05-27,False,True
3121700,Entire home/apt,1710.0,True,25,48,73,292,96,2016-09-24,2018-04-10,9,0.35,Sevilla,2018-11-22,False,True
3124534,Entire home/apt,1500.0,True,30,60,90,310,95,2014-10-02,2017-06-29,4,0.06,Girona,2020-02-29,False,True
3124611,Entire home/apt,740.0,True,13,29,59,165,80,2016-08-25,2016-08-28,2,0.04,Girona,2020-06-29,False,True
3124618,Entire home/apt,740.0,True,0,3,33,271,95,2015-08-15,2016-09-13,4,0.09,Girona,2019-02-19,False,True
3141128,Entire home/apt,700.0,True,28,58,88,363,93,2016-08-27,2018-09-02,6,0.22,Girona,2018-12-22,False,True
3142039,Entire home/apt,1200.0,True,26,55,71,346,95,2016-07-25,2019-08-17,4,0.1,Malaga,2019-10-31,False,True
3143400,Private room,350.0,True,0,0,0,0,97,2015-05-31,2020-09-25,509,7.87,Madrid,2020-10-17,False,True
3154045,Entire home/apt,1500.0,True,14,22,43,297,96,2014-05-28,2016-08-21,43,0.98,Madrid,2018-01-17,False,True
3158706,Entire home/apt,1200.0,True,30,57,87,291,92,2014-06-03,2020-03-16,315,4.18,Barcelona,2020-09-12,False,True
3160768,Private room,140.0,True,25,55,85,328,92,2014-07-02,2021-01-09,308,3.85,Malaga,2021-02-27,False,True
3162501,Entire home/apt,800.0,True,9,14,30,190,92,2014-07-25,2019-11-03,29,0.43,Barcelona,2020-02-16,False,True
3163230,Entire home/apt,600.0,True,1,31,61,336,86,2014-06-16,2019-10-10,39,0.49,Barcelona,2021-01-12,False,True
3166047,Entire home/apt,730.0,True,13,43,73,181,96,2014-06-08,2020-03-11,203,2.81,Madrid,2020-06-13,False,True
3166655,Entire home/apt,870.0,True,4,26,56,286,92,2014-09-26,2018-04-08,26,0.6,Madrid,2018-05-14,False,True
3184899,Private room,300.0,True,30,52,82,357,91,2014-06-23,2020-01-03,270,4.05,Barcelona,2020-01-10,False,True
3191774,Entire home/apt,1860.0,True,23,36,51,319,93,2014-06-18,2019-12-08,259,3.87,Barcelona,2020-01-10,False,True
3213245,Entire home/apt,1340.0,True,30,60,90,349,93,2014-07-22,2020-08-16,12,0.15,Girona,2020-12-31,False,True
3215070,Entire home/apt,950.0,False,0,0,0,0,80,2014-06-16,2017-05-30,28,0.78,Barcelona,2017-06-05,False,True
3223060,Entire home/apt,680.0,False,10,21,34,288,88,2014-07-29,2016-12-18,18,0.57,Mallorca,2017-03-15,False,True
3227641,Entire home/apt,3000.0,True,29,59,86,334,100,2018-07-03,2018-07-03,1,0.13,Mallorca,2019-02-17,False,True
3233342,Private room,350.0,True,13,42,42,271,95,2014-08-23,2020-02-24,240,3.51,Sevilla,2020-04-30,False,True
3238474,Private room,150.0,True,30,60,90,365,75,2016-07-15,2019-05-31,11,0.23,Barcelona,2020-07-17,False,False
3239311,Entire home/apt,1000.0,False,8,34,64,339,87,2016-07-24,2016-08-15,3,0.24,Barcelona,2017-08-06,False,True
3240744,Private room,440.0,True,22,52,82,357,87,2014-06-17,2018-11-03,187,3.47,Barcelona,2018-12-10,False,True
3244300,Private room,180.0,True,18,18,18,243,91,2015-09-21,2018-07-14,61,1.75,Madrid,2018-08-14,False,True
3248217,Entire home/apt,850.0,True,28,58,88,363,93,2017-07-23,2020-08-07,18,0.48,Mallorca,2020-08-28,False,True
3250010,Entire home/apt,940.0,True,19,47,67,67,98,2014-08-03,2019-09-06,54,0.87,Girona,2019-09-30,False,True
3255204,Entire home/apt,390.0,True,23,53,83,173,98,2015-04-07,2020-03-04,18,0.28,Barcelona,2020-07-17,False,True
3265618,Entire home/apt,1000.0,True,30,60,90,365,100,2020-08-25,2020-08-25,1,0.26,Mallorca,2020-12-19,False,True
3269446,Private room,250.0,True,0,0,0,0,100,2017-11-01,2017-11-01,1,0.03,Barcelona,2020-05-11,False,True
3275634,Entire home/apt,,True,30,60,90,365,73,2016-04-11,2016-08-14,4,0.09,Valencia,2020-02-29,True,False
3275784,Entire home/apt,1500.0,True,0,0,0,214,95,2014-08-29,2019-09-19,8,0.1,Mallorca,2021-01-16,False,True
3279230,Entire home/apt,2850.0,True,0,0,16,149,100,2019-05-05,2019-05-05,1,0.05,Mallorca,2021-01-16,False,True
3281769,Entire home/apt,1250.0,True,24,51,59,91,94,2014-06-16,2020-03-05,128,1.72,Barcelona,2020-08-24,False,True
3283389,Entire home/apt,1150.0,True,23,53,83,358,100,2019-08-10,2019-08-17,2,0.75,Girona,2019-10-30,False,True
3291065,Private room,250.0,True,29,59,89,179,94,2016-05-24,2020-03-10,203,4.17,Barcelona,2020-06-13,False,True
3295510,Entire home/apt,300.0,True,1,1,1,57,94,2015-07-20,2018-08-13,17,0.45,Malaga,2018-08-29,False,True
3297333,Private room,280.0,True,2,24,54,329,97,2014-07-14,2018-05-10,33,0.72,Madrid,2018-05-14,False,True
3305391,Private room,700.0,True,22,48,78,353,96,2014-07-28,2020-06-27,178,2.5,Girona,2020-06-29,False,True
3306010,Entire home/apt,870.0,True,4,9,9,28,67,2015-05-03,2017-04-06,3,0.06,Mallorca,2019-05-27,False,False
3306780,Private room,350.0,False,1,1,3,260,88,2014-07-03,2017-06-22,168,4.65,Barcelona,2017-07-06,False,True
3331046,Entire home/apt,600.0,False,1,8,12,215,88,2014-07-10,2017-04-06,77,2.33,Barcelona,2017-04-08,False,True
3331198,Entire home/apt,1790.0,True,30,45,53,139,96,2014-08-09,2017-10-22,16,0.36,Mallorca,2018-04-18,False,True
3337390,Entire home/apt,1000.0,False,7,27,27,27,,,,0,,Barcelona,2017-07-06,False,
3349247,Entire home/apt,800.0,True,23,53,83,337,94,2015-07-12,2019-08-10,29,0.58,Girona,2019-08-31,False,True
3352293,Private room,300.0,True,0,0,0,0,93,2014-07-16,2015-09-30,24,0.6,Barcelona,2017-11-13,False,True
3355955,Private room,390.0,True,0,0,0,0,96,2014-07-14,2020-07-27,195,2.59,Madrid,2020-10-17,False,True
3357564,Entire home/apt,1650.0,True,29,54,80,355,80,2016-02-08,2016-06-06,2,0.09,Barcelona,2018-01-17,False,True
3358639,Private room,200.0,True,0,0,9,232,95,2014-06-24,2019-12-18,330,4.95,Madrid,2020-01-10,False,True
3360717,Entire home/apt,760.0,True,8,24,37,280,97,2014-07-26,2018-04-14,36,0.8,Girona,2018-04-21,False,True
3365438,Entire home/apt,1650.0,True,25,55,85,360,90,2016-06-06,2016-06-20,2,0.06,Barcelona,2019-02-06,False,True
3366794,Entire home/apt,600.0,True,8,21,51,326,87,2015-05-19,2019-07-12,23,0.45,Mallorca,2019-08-31,False,True
3367356,Entire home/apt,2990.0,True,24,42,68,319,94,2014-07-09,2020-03-07,137,2.01,Barcelona,2020-03-16,False,True
3375441,Entire home/apt,2840.0,True,22,47,77,346,87,2015-06-11,2017-05-27,3,0.08,Mallorca,2018-09-18,False,True
3380578,Entire home/apt,3950.0,True,20,38,59,325,100,2015-09-23,2016-05-22,2,0.04,Girona,2019-08-31,False,True
3381765,Entire home/apt,800.0,True,8,8,12,12,96,2015-06-12,2017-04-16,15,0.39,Madrid,2018-08-14,False,True
3382429,Private room,230.0,True,29,59,89,364,87,2019-07-02,2020-01-06,35,1.9,Barcelona,2021-01-12,False,True
3392606,Private room,590.0,True,0,1,4,258,95,2014-08-11,2019-04-29,71,1.24,Barcelona,2019-05-14,False,True
3393502,Entire home/apt,700.0,True,10,40,60,330,96,2015-01-03,2018-12-03,47,0.99,Barcelona,2018-12-10,False,True
3396940,Entire home/apt,550.0,True,0,0,3,157,94,2014-07-13,2019-08-25,45,0.73,Malaga,2019-09-01,False,True
3437355,Entire home/apt,900.0,False,10,10,10,10,87,2015-07-01,2016-09-18,9,0.46,Barcelona,2017-02-09,False,True
3445805,Entire home/apt,690.0,True,29,59,89,364,97,2015-06-19,2017-01-06,6,0.14,Madrid,2019-01-14,False,True
3448147,Private room,250.0,True,19,49,72,347,93,2015-04-04,2019-09-25,151,2.8,Sevilla,2019-09-30,False,True
3453772,Private room,250.0,True,0,3,4,252,94,2014-07-22,2018-10-24,38,0.74,Barcelona,2018-11-07,False,True
3454239,Entire home/apt,740.0,True,29,47,47,50,97,2018-10-11,2020-01-08,12,0.5,Barcelona,2020-10-12,False,True
3454527,Entire home/apt,800.0,True,2,32,62,305,92,2014-08-20,2020-09-09,48,0.62,Girona,2021-01-31,False,True
3461009,Shared room,590.0,True,5,21,44,49,,,,0,,Mallorca,2020-05-28,False,
3472196,Entire home/apt,1100.0,True,0,12,42,127,78,2014-10-09,2018-06-22,13,0.29,Barcelona,2018-07-10,False,False
3473811,Entire home/apt,3000.0,True,10,10,34,309,83,2014-08-09,2019-08-11,6,0.1,Mallorca,2019-08-31,False,True
3474270,Entire home/apt,1980.0,True,19,36,66,89,96,2018-05-11,2019-04-23,15,0.79,Barcelona,2019-12-10,False,True
3478893,Entire home/apt,750.0,True,0,0,0,74,90,2014-09-26,2019-01-04,187,3.62,Madrid,2019-01-14,False,True
3486515,Entire home/apt,800.0,True,20,50,73,312,84,2014-08-16,2018-11-04,38,0.7,Girona,2019-02-19,False,True
3486890,Private room,500.0,False,4,6,34,309,84,2014-08-02,2016-11-05,5,0.14,Barcelona,2017-07-06,False,True
3496538,Private room,190.0,False,3,14,44,319,96,2015-03-07,2017-05-02,20,0.77,Barcelona,2017-05-07,False,True
3502046,Entire home/apt,790.0,False,11,15,37,312,78,2017-04-16,2017-06-01,9,5.47,Barcelona,2017-06-05,False,False
3504143,Entire home/apt,550.0,True,27,57,77,316,82,2014-07-25,2017-09-03,28,0.62,Girona,2018-04-21,False,True
3505101,Private room,400.0,False,29,59,89,364,,,,0,,Barcelona,2017-03-06,False,
3507362,Entire home/apt,900.0,True,26,29,32,140,93,2016-09-12,2020-01-01,14,0.33,Barcelona,2020-03-16,False,True
3507552,Private room,370.0,True,30,57,81,341,94,2015-06-14,2020-02-25,163,2.85,Barcelona,2020-03-16,False,True
3515468,Private room,260.0,True,0,0,0,256,94,2015-08-07,2018-12-31,41,0.97,Madrid,2019-02-06,False,True
3517921,Entire home/apt,690.0,True,0,0,0,0,95,2014-08-20,2020-03-15,125,1.81,Madrid,2020-05-14,False,True
3519688,Entire home/apt,800.0,True,0,0,0,0,80,2018-04-16,2018-04-23,2,2.17,Madrid,2018-05-14,False,True
3524968,Private room,390.0,True,16,46,76,76,96,2017-05-23,2019-08-26,21,0.75,Barcelona,2019-09-17,False,True
3525932,Entire home/apt,500.0,True,1,17,40,162,91,2017-05-28,2019-04-22,10,0.42,Girona,2019-05-29,False,True
3535864,Entire home/apt,1100.0,True,17,47,77,352,94,2014-09-01,2020-05-06,421,6.16,Barcelona,2020-05-11,False,True
3546336,Private room,1900.0,True,0,0,0,0,98,2014-08-17,2017-03-03,9,0.13,Barcelona,2020-06-13,False,True
3556913,Entire home/apt,1370.0,True,27,57,87,317,69,2016-01-03,2020-02-29,7,0.13,Barcelona,2020-06-13,False,False
3559666,Entire home/apt,1050.0,True,3,15,25,100,97,2014-09-17,2020-02-26,226,3.42,Barcelona,2020-03-16,False,True
3562298,Entire home/apt,500.0,False,3,7,12,275,86,2014-08-01,2017-06-14,117,3.32,Barcelona,2017-07-06,False,True
3566697,Entire home/apt,540.0,True,1,4,34,280,91,2015-05-09,2019-12-28,20,0.36,Girona,2019-12-31,False,True
3576884,Entire home/apt,1000.0,True,20,50,80,171,89,2014-08-25,2018-08-18,29,0.6,Girona,2018-08-30,False,True
3578960,Entire home/apt,950.0,True,1,1,1,1,92,2014-08-19,2020-08-10,12,0.16,Girona,2020-11-28,False,True
3583512,Entire home/apt,550.0,True,17,47,77,164,87,2014-07-26,2019-05-01,170,2.95,Barcelona,2019-05-14,False,True
3584830,Entire home/apt,1090.0,True,4,10,18,258,98,2014-08-26,2019-04-02,230,4.14,Madrid,2019-04-11,False,True
3588117,Private room,250.0,True,2,20,50,315,84,2015-02-16,2019-09-02,250,4.53,Madrid,2019-09-19,False,True
3589257,Private room,650.0,True,29,59,89,364,95,2014-11-05,2020-03-24,25,0.35,Barcelona,2020-11-06,False,True
3591001,Entire home/apt,1600.0,True,30,60,84,359,96,2014-08-10,2019-08-30,26,0.38,Girona,2020-04-30,False,True
3592556,Private room,450.0,True,0,0,0,0,90,2014-07-17,2014-08-28,3,0.04,Madrid,2020-03-17,False,True
3593609,Private room,340.0,True,17,41,41,41,91,2014-07-24,2017-10-22,81,2.0,Barcelona,2017-12-09,False,True
3598284,Entire home/apt,920.0,True,0,13,40,315,90,2017-07-20,2018-07-21,2,0.16,Girona,2018-07-31,False,True
3599402,Private room,200.0,True,0,0,0,0,100,2016-05-04,2018-08-31,6,0.14,Madrid,2019-11-09,False,True
3626464,Hotel room,400.0,True,29,59,89,186,85,2014-11-17,2020-03-14,90,1.35,Malaga,2020-05-31,False,True
3631912,Entire home/apt,1990.0,True,30,56,86,347,93,2014-08-12,2018-11-03,14,0.27,Mallorca,2018-11-20,False,True
3634997,Entire home/apt,1190.0,True,5,18,33,239,77,2014-08-05,2019-10-14,69,1.11,Barcelona,2019-10-16,False,False
3641337,Private room,400.0,True,24,54,81,352,94,2014-09-01,2018-11-23,200,3.89,Barcelona,2018-12-10,False,True
3643732,Entire home/apt,4700.0,True,30,60,87,308,91,2014-11-03,2019-09-10,50,0.78,Mallorca,2020-02-29,False,True
3653355,Entire home/apt,300.0,True,29,59,89,364,85,2014-09-07,2020-09-30,263,3.55,Madrid,2020-11-06,False,True
3658759,Private room,750.0,True,28,58,88,363,,,,0,,Valencia,2020-10-24,False,
3683800,Entire home/apt,650.0,True,27,57,87,338,90,2017-08-26,2017-09-13,2,0.15,Girona,2018-09-28,False,True
3685880,Private room,350.0,False,0,0,0,0,89,2014-08-11,2016-10-31,27,0.77,Barcelona,2017-07-06,False,True
3691083,Private room,450.0,True,0,0,0,0,100,2014-08-14,2014-08-14,1,0.02,Barcelona,2018-11-07,False,True
3691270,Entire home/apt,1150.0,True,20,50,72,219,100,2014-09-10,2014-09-10,1,0.02,Mallorca,2019-01-28,False,True
3691867,Entire home/apt,1000.0,True,16,34,45,320,96,2014-08-11,2018-01-05,225,5.45,Madrid,2018-01-17,False,True
3692920,Entire home/apt,850.0,True,29,59,89,364,70,2015-08-29,2016-08-20,2,0.05,Girona,2018-09-28,False,False
3696539,Entire home/apt,1100.0,True,16,20,22,216,98,2014-12-26,2019-11-16,54,0.87,Mallorca,2020-02-29,False,True
3699971,Private room,300.0,True,0,0,0,0,88,2017-08-16,2017-09-02,5,0.64,Barcelona,2018-04-12,False,True
3701970,Entire home/apt,610.0,True,25,55,85,360,85,2014-08-10,2018-08-25,25,0.51,Menorca,2018-08-29,False,True
3706498,Entire home/apt,2750.0,True,3,3,29,290,93,2015-06-29,2018-08-18,16,0.41,Menorca,2018-09-28,False,True
3735449,Entire home/apt,1270.0,False,9,9,10,281,91,2014-09-04,2016-11-01,7,0.22,Barcelona,2017-05-07,False,True
3739160,Private room,150.0,True,0,0,1,1,97,2017-04-15,2018-11-06,12,0.44,Sevilla,2019-07-29,False,True
3757544,Entire home/apt,1100.0,False,10,28,40,97,96,2014-08-11,2016-10-28,38,1.22,Mallorca,2017-03-15,False,True
3760411,Private room,1050.0,True,10,14,14,48,91,2015-04-02,2019-08-29,15,0.28,Mallorca,2019-09-28,False,True
3764223,Private room,500.0,True,28,50,80,130,100,2016-03-30,2018-03-30,48,1.94,Malaga,2018-04-22,False,True
3764496,Entire home/apt,700.0,True,0,0,0,0,87,2014-10-01,2019-08-23,15,0.23,Madrid,2020-02-18,False,True
3770072,Entire home/apt,1000.0,True,0,18,32,283,96,2014-08-21,2019-10-26,129,2.06,Barcelona,2019-11-09,False,True
3771149,Private room,390.0,False,2,27,53,305,94,2015-03-06,2016-11-13,51,2.31,Barcelona,2017-01-04,False,True
3773519,Entire home/apt,1300.0,True,0,21,51,326,92,2014-08-13,2018-07-31,53,0.97,Valencia,2019-02-28,False,True
3776198,Private room,290.0,True,24,50,51,315,97,2015-03-02,2017-10-21,43,1.32,Barcelona,2017-11-13,False,True
3776211,Entire home/apt,400.0,False,0,0,0,0,90,2014-08-21,2014-11-23,2,0.06,Barcelona,2017-07-06,False,True
3776686,Entire home/apt,2050.0,True,29,49,72,325,93,2014-08-22,2020-03-15,175,2.58,Barcelona,2020-04-16,False,True
3780718,Entire home/apt,1090.0,True,30,60,90,181,88,2016-07-03,2019-09-28,15,0.36,Menorca,2019-12-31,False,True
3783948,Private room,260.0,False,29,59,86,361,99,2014-09-13,2016-11-19,31,1.04,Madrid,2017-03-06,False,True
3789390,Private room,200.0,True,1,30,60,62,100,2015-12-07,2017-02-28,4,0.1,Valencia,2019-03-31,False,True
3789444,Private room,450.0,False,0,0,0,0,,,,0,,Barcelona,2017-05-07,False,
3797696,Entire home/apt,2500.0,True,14,36,58,174,92,2015-02-12,2018-01-06,28,0.78,Barcelona,2018-02-07,False,True
3798387,Entire home/apt,1500.0,False,3,18,48,323,88,2014-08-28,2017-07-23,117,3.31,Barcelona,2017-08-06,False,True
3800639,Entire home/apt,290.0,True,2,7,13,247,91,2014-08-31,2019-06-20,117,2.02,Valencia,2019-07-01,False,True
3802228,Entire home/apt,1600.0,True,30,60,90,365,92,2015-07-18,2018-08-23,20,0.5,Girona,2018-11-26,False,True
3806708,Private room,1100.0,True,10,40,70,337,96,2016-05-17,2018-09-14,9,0.32,Mallorca,2018-09-18,False,True
3809219,Entire home/apt,950.0,True,12,42,67,290,98,2017-04-27,2018-12-04,62,3.14,Mallorca,2018-12-18,False,True
3810717,Entire home/apt,1100.0,False,0,0,0,0,97,2015-07-15,2016-06-19,6,0.34,Barcelona,2017-01-04,False,True
3816076,Private room,260.0,True,30,60,90,90,92,2014-12-01,2020-02-24,55,0.84,Madrid,2020-05-14,False,True
3826233,Entire home/apt,750.0,True,0,0,0,0,,,,0,,Barcelona,2017-10-07,False,
3826309,Entire home/apt,1080.0,True,30,60,72,267,96,2015-09-06,2019-10-21,38,0.63,Mallorca,2020-09-19,False,True
3827423,Private room,200.0,True,4,4,4,264,97,2014-11-13,2019-08-17,23,0.39,Madrid,2019-09-19,False,True
3845305,Private room,650.0,True,0,0,0,0,,,,0,,Barcelona,2017-10-07,False,
3846956,Private room,400.0,True,30,60,90,365,89,2015-05-07,2019-10-12,46,0.67,Barcelona,2021-01-12,False,True
3847290,Private room,890.0,False,30,57,87,357,100,2016-08-09,2016-08-09,1,0.21,Barcelona,2017-01-04,False,True
3853696,Private room,300.0,True,0,0,0,0,,,,0,,Malaga,2018-09-29,False,
3855575,Entire home/apt,1500.0,True,9,39,66,331,99,2014-09-21,2020-03-11,315,4.65,Barcelona,2020-05-11,False,True
3871145,Entire home/apt,1800.0,True,5,17,30,221,98,2015-05-28,2019-09-26,40,0.76,Barcelona,2019-10-16,False,True
3879404,Entire home/apt,1250.0,False,13,30,37,295,86,2014-10-11,2017-05-01,10,0.32,Barcelona,2017-05-07,False,True
3880175,Entire home/apt,800.0,True,29,59,89,333,93,2014-12-23,2018-10-18,38,0.76,Girona,2019-02-19,False,True
3880319,Entire home/apt,550.0,False,12,21,34,286,93,2014-09-14,2017-03-06,39,1.27,Madrid,2017-04-08,False,True
3888649,Private room,400.0,True,0,0,0,0,,,,0,,Menorca,2019-05-30,False,
3896109,Private room,290.0,True,13,34,62,246,89,2014-09-01,2019-03-01,179,3.3,Barcelona,2019-03-08,False,True
3903082,Entire home/apt,1200.0,False,13,39,69,344,94,2015-03-06,2017-02-04,14,0.56,Barcelona,2017-04-08,False,True
3907905,Private room,490.0,False,30,60,90,365,53,2015-08-13,2016-10-26,6,0.32,Barcelona,2017-03-06,False,False
3911744,Entire home/apt,800.0,True,8,27,57,332,79,2014-09-14,2018-01-02,32,0.73,Barcelona,2018-05-14,False,False
3916107,Private room,250.0,True,0,0,0,0,,,,0,,Barcelona,2018-02-07,False,
3919665,Entire home/apt,2000.0,True,28,58,88,363,100,2015-08-03,2018-10-19,12,0.3,Mallorca,2018-11-20,False,True
3922394,Entire home/apt,490.0,False,0,0,0,0,90,2014-09-02,2015-10-01,50,1.71,Barcelona,2017-02-09,False,True
3923206,Entire home/apt,1860.0,False,12,29,38,238,100,2015-09-21,2016-10-29,3,0.17,Mallorca,2017-03-15,False,True
3927638,Entire home/apt,500.0,True,1,28,51,320,85,2014-09-13,2017-09-25,65,1.76,Barcelona,2017-10-07,False,True
3933737,Entire home/apt,1450.0,True,3,24,29,77,80,2016-11-05,2016-11-05,1,0.02,Mallorca,2020-03-22,False,True
3938824,Entire home/apt,690.0,True,11,29,38,46,89,2014-09-02,2019-10-29,57,0.89,Madrid,2020-01-10,False,True
3942375,Entire home/apt,1550.0,True,3,7,12,270,97,2014-10-08,2018-06-27,67,1.49,Barcelona,2018-07-10,False,True
3942411,Private room,380.0,True,0,0,0,0,91,2014-09-29,2017-09-18,86,2.29,Barcelona,2017-11-13,False,True
3942917,Private room,880.0,True,25,55,85,358,98,2014-09-11,2018-10-13,88,1.79,Mallorca,2018-10-17,False,True
3943443,Private room,350.0,True,0,0,0,0,95,2014-09-09,2016-09-30,4,0.08,Barcelona,2018-08-14,False,True
3948967,Entire home/apt,1140.0,False,6,9,18,253,93,2015-04-14,2017-02-26,103,4.52,Barcelona,2017-03-06,False,True
3950979,Entire home/apt,820.0,False,20,39,46,261,94,2015-03-16,2017-01-29,7,0.3,Madrid,2017-03-06,False,True
3970654,Private room,550.0,False,21,51,81,150,92,2014-09-07,2017-01-27,93,3.1,Barcelona,2017-03-06,False,True
3972514,Entire home/apt,,True,9,9,10,169,100,2015-05-05,2019-04-14,6,0.12,Mallorca,2019-05-27,True,True
3992145,Entire home/apt,1300.0,True,29,59,89,364,100,2014-10-20,2014-11-03,2,0.05,Malaga,2017-11-25,False,True
3992649,Entire home/apt,1000.0,True,0,15,45,320,100,2018-10-26,2019-01-31,2,0.1,Barcelona,2020-07-17,False,True
4000081,Private room,150.0,True,0,0,0,0,100,2018-12-31,2019-01-31,2,0.91,Madrid,2019-03-08,False,True
4015522,Entire home/apt,800.0,True,30,60,90,365,90,2016-08-29,2018-08-27,29,0.93,Girona,2019-03-30,False,True
4026797,Entire home/apt,650.0,True,30,60,90,181,73,2018-08-11,2019-08-10,3,0.24,Girona,2019-08-31,False,False
4028518,Entire home/apt,950.0,True,29,36,46,204,99,2014-09-24,2020-03-12,475,7.22,Barcelona,2020-03-16,False,True
4029838,Entire home/apt,900.0,True,2,14,30,264,96,2014-10-24,2017-10-02,126,3.55,Barcelona,2017-10-07,False,True
4032873,Entire home/apt,600.0,True,30,60,90,365,97,2014-10-19,2017-08-19,6,0.12,Mallorca,2019-01-28,False,True
4042494,Private room,450.0,False,0,0,0,0,91,2014-10-23,2015-11-28,17,0.56,Barcelona,2017-05-07,False,True
4065756,Private room,500.0,False,1,20,28,269,82,2014-10-30,2016-11-23,21,0.67,Barcelona,2017-06-05,False,True
4066844,Entire home/apt,900.0,True,4,34,64,155,93,2014-11-19,2018-08-31,152,3.28,Malaga,2018-09-29,False,True
4068098,Entire home/apt,1800.0,True,12,21,48,323,93,2015-04-16,2018-06-04,48,1.27,Barcelona,2018-06-09,False,True
4075560,Private room,490.0,False,0,0,0,219,86,2015-06-25,2015-08-25,9,0.42,Madrid,2017-04-08,False,True
4079428,Entire home/apt,1300.0,True,2,10,10,173,95,2015-10-31,2018-05-06,8,0.23,Mallorca,2018-09-18,False,True
4079653,Entire home/apt,490.0,True,29,59,89,179,90,2017-04-16,2020-08-09,76,1.64,Malaga,2021-02-27,False,True
4082346,Private room,300.0,True,30,60,90,365,82,2015-02-06,2020-03-02,80,1.23,Sevilla,2020-06-29,False,True
4087574,Entire home/apt,750.0,False,12,35,61,333,100,2014-09-29,2015-10-24,6,0.2,Madrid,2017-04-08,False,True
4090679,Entire home/apt,600.0,True,26,56,86,361,88,2015-09-28,2019-01-11,37,0.92,Mallorca,2019-01-28,False,True
4097748,Entire home/apt,1200.0,True,17,41,61,317,86,2015-09-29,2019-10-13,10,0.2,Valencia,2019-10-31,False,True
4123060,Entire home/apt,780.0,True,30,60,85,322,92,2018-10-07,2020-01-13,23,1.02,Barcelona,2020-08-24,False,True
4146455,Entire home/apt,1000.0,True,29,45,67,242,93,2014-10-25,2019-10-01,23,0.34,Mallorca,2020-06-25,False,True
4149400,Entire home/apt,1350.0,True,1,1,23,290,98,2015-05-05,2020-03-15,76,1.18,Mallorca,2020-09-19,False,True
4150857,Private room,770.0,True,26,56,86,86,,,,0,,Barcelona,2019-02-06,False,
4161286,Private room,200.0,True,0,0,16,31,,,,0,,Madrid,2020-04-17,False,
4166058,Entire home/apt,300.0,True,24,54,74,86,85,2014-10-05,2017-10-30,102,2.73,Barcelona,2017-11-13,False,True
4178114,Entire home/apt,1510.0,True,0,16,46,314,100,2014-10-22,2019-04-22,6,0.11,Mallorca,2019-07-25,False,True
4186859,Entire home/apt,900.0,True,0,0,0,207,93,2016-02-07,2020-02-22,86,1.52,Valencia,2020-10-24,False,True
4187115,Entire home/apt,1700.0,True,8,8,35,295,95,2015-08-25,2020-02-29,23,0.4,Mallorca,2020-06-25,False,True
4187665,Private room,250.0,True,0,0,0,0,89,2014-10-07,2016-01-01,65,0.91,Mallorca,2020-09-19,False,True
4192924,Entire home/apt,910.0,True,0,0,0,63,,,,0,,Girona,2020-12-31,False,
4202082,Private room,330.0,True,30,60,90,365,86,2015-05-16,2017-10-10,10,0.31,Madrid,2018-01-17,False,True
4209027,Private room,290.0,True,0,17,47,47,80,2015-04-25,2017-10-22,98,2.99,Barcelona,2018-01-17,False,True
4210151,Private room,350.0,True,30,60,90,365,91,2015-01-27,2016-08-24,16,0.46,Barcelona,2017-12-09,False,True
4254382,Entire home/apt,,True,0,0,0,0,99,2015-02-16,2018-08-20,31,0.65,Mallorca,2019-01-28,True,True
4256038,Entire home/apt,850.0,True,16,37,67,311,89,2014-10-14,2018-01-30,103,2.58,Barcelona,2018-02-07,False,True
4256300,Entire home/apt,500.0,True,4,22,50,316,94,2014-11-01,2018-07-04,127,2.82,Malaga,2018-07-31,False,True
4299561,Entire home/apt,450.0,True,19,29,56,178,91,2014-10-20,2017-11-01,137,3.72,Barcelona,2017-11-13,False,True
4309709,Entire home/apt,1000.0,False,1,27,45,53,97,2014-12-09,2017-02-07,47,1.75,Madrid,2017-03-06,False,True
4322074,Entire home/apt,950.0,True,0,0,0,0,95,2015-01-03,2015-07-02,5,0.11,Girona,2018-10-20,False,True
4323108,Entire home/apt,650.0,False,6,21,41,312,92,2014-10-25,2017-03-12,90,3.14,Mallorca,2017-03-15,False,True
4327985,Entire home/apt,990.0,True,30,60,90,330,98,2015-04-05,2018-12-02,46,0.98,Valencia,2019-02-28,False,True
4332917,Private room,430.0,True,9,18,48,281,97,2015-01-01,2019-10-23,218,3.74,Barcelona,2019-11-09,False,True
4340187,Entire home/apt,630.0,True,0,0,0,125,96,2015-01-13,2019-06-21,20,0.33,Madrid,2020-02-18,False,True
4344370,Hotel room,1850.0,True,6,28,49,154,98,2015-01-15,2020-02-10,19,0.31,Barcelona,2020-03-16,False,True
4344409,Entire home/apt,1750.0,True,6,20,50,325,100,2015-05-25,2017-06-29,4,0.14,Barcelona,2017-09-12,False,True
4351098,Private room,280.0,True,2,2,28,303,87,2015-05-03,2019-06-19,47,0.94,Sevilla,2019-06-29,False,True
4377210,Entire home/apt,900.0,True,29,55,79,282,100,2017-07-29,2017-08-22,2,0.07,Girona,2019-11-30,False,True
4377983,Entire home/apt,1250.0,True,1,5,20,283,93,2015-06-06,2018-08-18,39,1.01,Mallorca,2018-08-21,False,True
4380982,Entire home/apt,970.0,True,27,57,87,357,93,2015-02-11,2020-08-23,226,3.37,Barcelona,2020-09-12,False,True
4390409,Entire home/apt,1300.0,True,14,35,38,126,90,2015-06-21,2018-08-25,2,0.04,Mallorca,2020-01-29,False,True
4399271,Entire home/apt,2400.0,False,7,19,36,127,95,2016-04-24,2017-07-02,20,1.39,Barcelona,2017-07-06,False,True
4401797,Entire home/apt,790.0,False,9,24,44,319,,,,0,,Barcelona,2017-06-05,False,
4408617,Entire home/apt,810.0,True,16,31,38,260,89,2014-11-12,2019-12-03,124,2.0,Madrid,2020-01-10,False,True
4415780,Private room,250.0,False,0,0,0,0,88,2016-08-31,2016-10-19,5,0.61,Barcelona,2017-05-07,False,True
4425955,Entire home/apt,900.0,True,0,0,0,0,97,2015-07-06,2020-11-01,28,0.42,Mallorca,2021-01-16,False,True
4437209,Entire home/apt,1500.0,True,0,0,0,16,98,2015-03-05,2017-07-11,23,0.57,Madrid,2018-07-10,False,True
4440010,Shared room,200.0,True,24,54,84,359,91,2018-07-08,2018-11-30,11,1.21,Madrid,2019-04-11,False,True
4444415,Entire home/apt,1500.0,False,2,6,19,236,91,2014-11-30,2017-04-17,114,3.9,Barcelona,2017-05-07,False,True
4456730,Private room,280.0,True,0,0,0,0,94,2015-07-10,2019-10-05,58,0.96,Barcelona,2020-07-17,False,True
4466701,Entire home/apt,850.0,True,0,0,0,0,,,,0,,Madrid,2020-06-13,False,
4473361,Entire home/apt,900.0,True,9,27,37,37,100,2015-03-22,2018-10-01,27,0.63,Madrid,2018-10-10,False,True
4474561,Entire home/apt,1000.0,False,14,39,69,344,79,2015-01-02,2017-07-31,82,2.63,Barcelona,2017-08-06,False,False
4478098,Private room,290.0,True,12,36,61,328,83,2015-04-16,2018-01-21,242,7.16,Barcelona,2018-02-07,False,True
4478206,Entire home/apt,350.0,True,29,59,89,364,93,2015-04-05,2020-03-02,71,1.04,Malaga,2020-11-30,False,True
4497952,Entire home/apt,680.0,True,11,33,54,201,94,2014-11-22,2019-09-13,281,4.74,Sevilla,2019-10-30,False,True
4508556,Entire home/apt,1800.0,True,2,10,24,179,90,2015-05-06,2019-03-18,113,2.39,Barcelona,2019-04-10,False,True
4509281,Entire home/apt,1650.0,False,25,53,83,358,80,2017-01-02,2017-01-02,1,0.2,Barcelona,2017-06-05,False,True
4516377,Entire home/apt,920.0,True,16,44,66,333,87,2015-03-16,2020-02-14,12,0.18,Valencia,2020-08-30,False,True
4518901,Entire home/apt,550.0,True,6,30,51,215,93,2017-04-18,2018-08-20,59,3.51,Madrid,2018-09-11,False,True
4524409,Private room,420.0,True,0,0,10,10,85,2015-05-04,2017-10-08,73,2.4,Barcelona,2017-11-13,False,True
4525021,Entire home/apt,2650.0,False,0,0,0,0,100,2015-05-26,2015-05-26,1,0.05,Barcelona,2017-03-06,False,True
4541878,Private room,1010.0,True,27,57,87,362,98,2015-05-31,2020-03-17,25,0.43,Sevilla,2020-03-23,False,True
4543135,Entire home/apt,1000.0,True,1,22,52,327,95,2016-07-31,2017-09-20,8,0.56,Barcelona,2017-10-07,False,True
4543700,Entire home/apt,1600.0,True,25,53,83,358,100,2018-08-18,2018-08-18,1,0.98,Mallorca,2018-09-18,False,True
4577798,Private room,300.0,True,28,58,88,363,91,2015-05-07,2017-09-23,36,1.09,Barcelona,2018-02-07,False,True
4577996,Entire home/apt,5000.0,True,0,6,35,244,93,2017-04-15,2018-01-19,4,0.15,Girona,2019-07-29,False,True
4578116,Entire home/apt,490.0,True,27,57,68,68,96,2014-11-27,2020-10-23,206,2.9,Sevilla,2020-10-29,False,True
4588053,Private room,390.0,False,0,0,0,0,,,,0,,Barcelona,2017-06-05,False,
4603821,Private room,600.0,True,26,56,86,107,98,2015-05-03,2017-07-09,21,0.63,Barcelona,2018-02-07,False,True
4619484,Entire home/apt,750.0,True,15,31,53,318,90,2015-03-19,2016-08-20,4,0.07,Valencia,2019-11-30,False,True
4629577,Entire home/apt,700.0,True,26,54,84,302,97,2016-03-29,2017-04-13,7,0.16,Girona,2019-12-31,False,True
4634674,Entire home/apt,650.0,True,14,29,52,142,96,2014-12-09,2019-07-15,231,4.11,Madrid,2019-08-12,False,True
4638054,Private room,700.0,True,0,0,0,228,96,2015-01-04,2018-01-21,140,2.02,Barcelona,2020-10-12,False,True
4640626,Entire home/apt,450.0,True,7,27,49,291,92,2014-12-29,2019-09-12,92,1.61,Girona,2019-09-30,False,True
4643651,Entire home/apt,610.0,True,21,44,69,69,92,2014-12-13,2019-01-20,91,1.81,Mallorca,2019-02-17,False,True
4648324,Entire home/apt,1680.0,False,29,59,89,364,100,2016-08-11,2016-08-11,1,0.17,Barcelona,2017-02-09,False,True
4656142,Private room,300.0,False,19,45,75,75,92,2014-12-09,2017-02-16,85,3.16,Madrid,2017-03-06,False,True
4657305,Entire home/apt,500.0,True,28,58,88,363,80,2015-07-21,2018-08-20,2,0.05,Malaga,2018-10-25,False,True
4661632,Entire home/apt,700.0,True,0,2,11,35,96,2015-04-24,2019-07-13,85,1.66,Mallorca,2019-07-25,False,True
4688048,Private room,350.0,True,1,1,1,1,86,2015-01-08,2019-04-10,108,2.04,Barcelona,2019-06-07,False,True
4690195,Entire home/apt,1680.0,False,30,60,90,362,100,2015-11-19,2015-11-19,1,0.07,Barcelona,2017-01-04,False,True
4704835,Private room,250.0,False,0,11,41,41,100,2015-04-25,2016-11-02,15,0.64,Madrid,2017-04-08,False,True
4712168,Entire home/apt,1250.0,True,8,30,60,316,75,2015-06-01,2018-06-28,12,0.3,Barcelona,2018-09-11,False,False
4716699,Entire home/apt,610.0,True,0,0,0,0,70,2016-02-29,2016-05-26,3,0.06,Madrid,2020-08-25,False,False
4723835,Private room,200.0,True,3,9,23,59,90,2014-12-19,2019-03-15,225,4.35,Barcelona,2019-04-10,False,True
4727529,Private room,800.0,True,3,3,3,258,94,2015-02-17,2020-01-01,35,0.57,Sevilla,2020-03-23,False,True
4742605,Entire home/apt,2000.0,True,0,8,10,164,92,2015-03-05,2017-04-17,31,0.64,Barcelona,2019-03-08,False,True
4754971,Private room,300.0,True,0,0,0,0,,,,0,,Madrid,2021-02-09,False,
4766850,Private room,300.0,True,0,0,0,0,80,2018-10-14,2018-10-14,1,0.08,Barcelona,2019-10-16,False,True
4798571,Entire home/apt,1460.0,True,4,6,35,184,83,2015-02-26,2019-03-30,8,0.16,Madrid,2019-06-07,False,True
4799313,Entire home/apt,1000.0,True,3,20,46,321,,,,0,,Girona,2018-07-31,False,
4799940,Entire home/apt,470.0,True,30,60,90,365,95,2015-09-30,2020-05-01,27,0.48,Madrid,2020-06-13,False,True
4800764,Entire home/apt,1650.0,True,25,55,85,360,92,2015-04-26,2018-05-03,25,0.62,Sevilla,2018-08-27,False,True
4806720,Entire home/apt,900.0,False,26,48,63,315,80,2015-04-15,2016-06-19,2,0.1,Barcelona,2017-01-04,False,True
4807291,Entire home/apt,1250.0,True,1,2,10,268,,,,0,,Girona,2019-06-30,False,
4808681,Entire home/apt,870.0,False,0,0,0,0,96,2015-01-02,2016-05-01,5,0.16,Barcelona,2017-08-06,False,True
4810134,Private room,240.0,True,5,16,34,235,95,2015-01-14,2019-06-19,62,1.15,Barcelona,2019-07-10,False,True
4835410,Entire home/apt,1110.0,True,0,1,6,26,,,,0,,Mallorca,2019-04-24,False,
4836253,Entire home/apt,1500.0,True,0,0,0,225,98,2015-06-28,2018-10-20,24,0.59,Mallorca,2018-11-20,False,True
4838412,Entire home/apt,1200.0,True,0,0,0,217,100,2015-07-22,2019-09-17,29,0.55,Mallorca,2019-11-28,False,True
4845328,Private room,550.0,True,17,42,72,72,71,2018-07-01,2018-10-16,9,0.86,Barcelona,2019-05-14,False,False
4845783,Entire home/apt,250.0,True,19,21,21,21,97,2015-03-13,2018-08-10,49,1.01,Girona,2019-03-30,False,True
4847335,Entire home/apt,1900.0,True,0,0,0,0,,2015-04-28,2015-04-28,2,0.05,Mallorca,2018-07-29,False,
4851657,Entire home/apt,450.0,True,29,59,89,89,94,2016-07-26,2020-08-16,93,1.85,Valencia,2020-09-28,False,True
4853973,Entire home/apt,900.0,False,22,52,78,343,82,2015-03-21,2017-01-10,58,2.55,Barcelona,2017-02-09,False,True
4854155,Entire home/apt,1310.0,True,9,9,9,249,,,,0,,Mallorca,2018-07-29,False,
4862193,Private room,450.0,False,0,0,0,0,100,2015-07-31,2015-08-11,2,0.1,Barcelona,2017-04-08,False,True
4865762,Entire home/apt,3000.0,True,5,5,7,251,99,2015-05-16,2019-05-07,36,0.74,Mallorca,2019-05-27,False,True
4867204,Entire home/apt,1000.0,True,14,44,74,349,91,2015-01-01,2017-08-26,15,0.46,Barcelona,2017-09-12,False,True
4871618,Entire home/apt,700.0,True,30,60,90,362,96,2014-12-28,2019-07-03,187,3.33,Girona,2019-08-31,False,True
4877066,Entire home/apt,1210.0,True,2,2,2,177,96,2015-07-26,2019-09-18,11,0.22,Mallorca,2019-10-28,False,True
4918963,Entire home/apt,2490.0,True,0,0,0,238,100,2015-06-09,2016-09-03,2,0.04,Mallorca,2019-11-28,False,True
4926975,Entire home/apt,640.0,True,26,56,83,248,77,2015-10-18,2018-08-11,6,0.17,Barcelona,2018-10-10,False,False
4927074,Entire home/apt,1100.0,True,0,0,0,0,92,2015-04-20,2018-12-09,67,1.3,Girona,2019-07-29,False,True
4927700,Private room,140.0,True,16,46,76,76,94,2015-05-04,2018-03-20,48,1.36,Madrid,2018-04-12,False,True
4929107,Entire home/apt,1170.0,True,30,60,90,337,97,2016-04-09,2019-09-14,28,0.64,Menorca,2019-11-30,False,True
4930235,Entire home/apt,1200.0,True,26,52,82,353,84,2015-03-23,2018-10-28,26,0.6,Barcelona,2018-11-07,False,True
4934110,Entire home/apt,570.0,True,0,0,1,135,96,2015-10-12,2019-09-17,41,0.84,Mallorca,2019-10-28,False,True
4960267,Entire home/apt,3500.0,True,29,59,89,364,100,2015-08-10,2015-08-10,1,0.03,Mallorca,2018-09-18,False,True
4964191,Private room,990.0,True,28,58,88,163,92,2016-03-06,2020-02-28,33,0.68,Barcelona,2020-03-16,False,True
4969560,Entire home/apt,1000.0,True,0,0,0,0,,,,0,,Madrid,2018-09-11,False,
4970202,Entire home/apt,,True,0,0,0,0,100,2015-03-08,2016-02-12,2,0.05,Barcelona,2018-04-12,True,True
4970465,Entire home/apt,650.0,False,1,7,37,301,,,,0,,Barcelona,2017-07-06,False,
4970715,Entire home/apt,770.0,True,10,27,57,316,87,2016-06-05,2017-11-24,3,0.15,Barcelona,2018-01-17,False,True
4994458,Entire home/apt,2110.0,True,1,1,1,1,85,2015-08-24,2019-07-25,12,0.19,Menorca,2020-12-30,False,True
5008911,Entire home/apt,1060.0,True,10,15,45,257,100,2015-04-16,2018-09-11,22,0.52,Malaga,2018-10-25,False,True
5009532,Entire home/apt,2430.0,True,12,32,39,211,98,2016-07-29,2018-10-24,25,0.78,Mallorca,2019-03-25,False,True
5013240,Entire home/apt,1970.0,True,29,59,89,364,97,2016-03-27,2016-09-15,7,0.13,Mallorca,2020-09-19,False,True
5020100,Entire home/apt,570.0,True,28,58,69,69,86,2015-07-29,2019-08-14,16,0.25,Girona,2020-10-28,False,True
5026605,Entire home/apt,1800.0,True,3,3,23,276,,,,0,,Mallorca,2020-06-25,False,
5032172,Entire home/apt,340.0,True,1,20,50,208,70,2015-04-27,2018-02-26,4,0.1,Malaga,2018-07-31,False,False
5036733,Private room,230.0,True,9,39,69,344,88,2015-01-21,2018-05-22,68,1.57,Malaga,2018-08-29,False,True
5043462,Entire home/apt,2500.0,True,30,60,90,335,95,2015-02-15,2020-12-30,24,0.34,Girona,2021-01-31,False,True
5043875,Private room,400.0,True,30,60,90,365,,,,0,,Madrid,2018-09-11,False,
5049684,Entire home/apt,690.0,False,5,8,14,205,95,2015-02-09,2017-01-31,116,4.82,Barcelona,2017-02-09,False,True
5063884,Entire home/apt,690.0,True,0,14,44,319,89,2015-07-16,2017-03-01,7,0.21,Madrid,2018-05-14,False,True
5064630,Entire home/apt,960.0,True,15,15,15,258,100,2015-08-15,2019-08-10,3,0.06,Girona,2019-08-31,False,True
5064651,Private room,350.0,False,0,0,0,0,100,2015-04-05,2016-05-28,9,0.39,Barcelona,2017-03-06,False,True
5068436,Private room,300.0,True,28,58,88,178,88,2015-05-14,2018-08-26,48,1.15,Barcelona,2018-11-07,False,True
5068957,Private room,350.0,True,0,0,0,16,95,2018-08-26,2020-02-26,49,1.77,Barcelona,2020-12-16,False,True
5073874,Private room,250.0,True,12,42,72,72,91,2015-09-02,2018-11-02,31,0.77,Madrid,2019-01-14,False,True
5076064,Private room,320.0,True,10,17,47,322,97,2015-06-01,2019-12-05,61,1.12,Madrid,2019-12-10,False,True
5080749,Entire home/apt,1910.0,True,28,58,88,238,90,2018-10-27,2019-05-06,2,0.1,Barcelona,2020-07-17,False,True
5087833,Private room,400.0,True,0,0,0,0,77,2015-03-31,2016-05-29,8,0.17,Barcelona,2019-02-06,False,False
5093340,Private room,300.0,True,27,31,61,282,91,2016-07-10,2017-10-12,7,0.38,Barcelona,2018-01-17,False,True
5097642,Entire home/apt,3000.0,True,30,60,90,365,,,,0,,Madrid,2018-07-10,False,
5101904,Entire home/apt,1740.0,True,16,37,63,310,95,2015-03-30,2018-01-01,114,3.32,Barcelona,2018-02-07,False,True
5109208,Private room,3000.0,True,16,40,70,328,90,2015-05-26,2017-09-11,14,0.37,Girona,2018-07-31,False,True
5112614,Entire home/apt,1440.0,True,0,0,15,290,92,2015-04-07,2020-08-23,20,0.3,Girona,2020-10-28,False,True
5121791,Private room,750.0,True,0,0,0,0,,,,0,,Barcelona,2020-08-24,False,
5123133,Entire home/apt,550.0,True,0,0,0,254,93,2015-01-31,2017-06-03,11,0.29,Madrid,2018-04-12,False,True
5129075,Entire home/apt,400.0,True,28,58,79,338,93,2015-05-03,2019-09-22,24,0.4,Malaga,2020-04-30,False,True
5131206,Entire home/apt,950.0,True,3,3,3,37,93,2015-03-09,2018-08-25,111,2.63,Barcelona,2018-09-11,False,True
5138812,Entire home/apt,1150.0,True,0,1,31,249,96,2016-04-10,2019-08-30,5,0.11,Menorca,2019-12-31,False,True
5141070,Entire home/apt,1550.0,True,10,24,54,80,92,2015-02-11,2018-05-09,10,0.23,Barcelona,2018-09-11,False,True
5144502,Entire home/apt,1250.0,True,0,0,0,9,80,2016-03-22,2016-03-22,1,0.03,Valencia,2019-07-01,False,True
5146545,Entire home/apt,800.0,True,5,6,6,229,100,2018-01-19,2018-02-25,5,1.83,Madrid,2018-04-12,False,True
5155124,Entire home/apt,1250.0,True,7,7,23,220,99,2015-03-29,2018-03-18,63,1.73,Madrid,2018-04-12,False,True
5158395,Entire home/apt,2450.0,True,0,8,38,313,98,2015-07-18,2020-08-21,16,0.24,Girona,2021-01-31,False,True
5169919,Entire home/apt,1500.0,True,7,11,28,256,100,2015-09-26,2017-09-08,3,0.09,Mallorca,2018-08-21,False,True
5181073,Entire home/apt,890.0,True,9,36,66,315,98,2016-03-31,2020-08-07,39,0.73,Mallorca,2020-09-19,False,True
5187796,Shared room,120.0,True,30,57,78,353,88,2015-04-13,2018-06-08,36,0.95,Barcelona,2018-06-09,False,True
5187953,Entire home/apt,2240.0,True,29,59,89,330,91,2015-08-15,2018-04-05,17,0.45,Girona,2018-09-28,False,True
5188478,Entire home/apt,2000.0,True,30,54,67,103,90,2015-08-03,2018-09-04,7,0.16,Menorca,2019-05-01,False,True
5192467,Entire home/apt,950.0,True,29,59,89,179,100,2015-05-07,2015-07-22,3,0.05,Madrid,2020-07-17,False,True
5198621,Entire home/apt,1000.0,True,12,42,72,347,,,,0,,Girona,2019-07-29,False,
5210987,Private room,300.0,True,0,0,22,297,,,,0,,Madrid,2020-03-17,False,
5215028,Entire home/apt,750.0,True,0,0,0,66,77,2015-03-08,2019-04-08,20,0.39,Barcelona,2019-06-07,False,False
5215853,Entire home/apt,950.0,True,0,0,0,237,96,2015-02-16,2017-11-03,30,0.86,Madrid,2018-01-17,False,True
5218192,Private room,300.0,True,12,38,68,68,93,2015-05-12,2017-09-01,16,0.57,Barcelona,2017-09-12,False,True
5224249,Entire home/apt,700.0,True,2,16,36,64,75,2015-07-31,2019-08-24,16,0.28,Menorca,2020-05-31,False,False
5228021,Entire home/apt,1700.0,True,26,34,54,315,98,2015-03-22,2020-03-10,269,4.36,Barcelona,2020-05-11,False,True
5232972,Entire home/apt,610.0,True,6,35,65,340,100,2018-04-02,2018-07-28,6,1.22,Girona,2018-08-30,False,True
5237965,Entire home/apt,1800.0,True,18,20,48,323,97,2018-09-14,2020-06-28,7,0.33,Girona,2020-06-29,False,True
5240114,Private room,250.0,False,17,37,59,59,96,2015-03-06,2017-01-29,28,1.21,Barcelona,2017-02-09,False,True
5241415,Entire home/apt,950.0,True,0,0,0,190,100,2017-08-26,2018-10-06,15,0.67,Madrid,2019-07-10,False,True
5244452,Entire home/apt,530.0,True,25,53,79,350,91,2015-04-06,2019-09-30,189,3.44,Malaga,2019-10-31,False,True
5247783,Entire home/apt,940.0,True,0,13,43,296,94,2015-07-06,2020-11-01,72,1.09,Barcelona,2021-01-12,False,True
5259603,Private room,800.0,True,0,0,0,0,95,2015-02-23,2018-03-02,47,0.82,Barcelona,2019-12-10,False,True
5261063,Entire home/apt,400.0,True,25,55,85,179,82,2015-02-16,2018-06-26,53,1.3,Madrid,2018-07-10,False,True
5264948,Entire home/apt,390.0,True,8,23,40,70,90,2015-03-09,2018-11-01,311,7.06,Madrid,2018-11-07,False,True
5276540,Private room,280.0,True,0,0,0,0,95,2016-03-13,2016-08-25,19,0.43,Barcelona,2019-11-09,False,True
5278909,Entire home/apt,590.0,True,30,60,90,365,91,2015-02-23,2020-01-03,35,0.49,Madrid,2021-01-12,False,True
5279761,Entire home/apt,540.0,True,19,49,79,119,91,2015-03-22,2018-08-18,81,1.96,Girona,2018-08-30,False,True
5284848,Entire home/apt,1460.0,True,24,54,84,218,99,2016-02-22,2019-10-26,73,1.58,Mallorca,2019-12-31,False,True
5285496,Private room,440.0,True,0,0,7,7,99,2015-03-05,2018-01-11,30,0.85,Barcelona,2018-02-07,False,True
5301455,Entire home/apt,490.0,True,3,6,17,230,95,2015-03-20,2019-04-05,284,5.82,Madrid,2019-04-11,False,True
5308735,Private room,410.0,True,14,32,37,242,73,2015-02-16,2015-10-20,3,0.09,Madrid,2018-01-17,False,False
5310554,Entire home/apt,3350.0,True,17,17,17,221,89,2016-07-01,2018-08-25,9,0.33,Mallorca,2018-10-17,False,True
5312035,Entire home/apt,840.0,True,0,28,53,147,95,2015-11-29,2020-01-21,41,0.78,Barcelona,2020-04-16,False,True
5313039,Entire home/apt,500.0,True,4,28,55,330,93,2015-03-25,2019-12-09,101,1.71,Madrid,2020-02-18,False,True
5313215,Entire home/apt,4280.0,True,26,56,86,361,,,,0,,Mallorca,2020-09-19,False,
5327097,Entire home/apt,3200.0,False,9,25,33,124,93,2015-03-06,2017-05-01,29,1.11,Barcelona,2017-05-07,False,True
5327846,Entire home/apt,900.0,True,12,42,72,347,98,2015-08-28,2018-04-24,10,0.29,Madrid,2018-07-10,False,True
5335779,Entire home/apt,2250.0,True,0,0,0,0,100,2015-03-06,2017-03-03,2,0.05,Barcelona,2018-05-14,False,True
5337674,Entire home/apt,990.0,True,14,29,53,295,96,2015-04-06,2019-07-24,204,3.9,Barcelona,2019-08-12,False,True
5340961,Entire home/apt,1300.0,True,13,29,47,57,100,2016-10-15,2016-10-15,1,0.03,Mallorca,2019-07-25,False,True
5344630,Entire home/apt,1090.0,True,19,31,43,126,96,2015-03-24,2019-08-02,227,4.31,Madrid,2019-08-12,False,True
5351752,Entire home/apt,390.0,True,3,9,17,209,93,2015-03-17,2019-01-21,399,8.57,Malaga,2019-01-30,False,True
5352903,Private room,440.0,True,0,0,0,200,96,2017-05-07,2017-11-01,28,3.34,Barcelona,2018-01-17,False,True
5356758,Private room,530.0,True,3,3,3,3,,,,0,,Barcelona,2017-10-07,False,
5370582,Entire home/apt,700.0,False,12,15,17,235,87,2015-02-24,2017-02-05,67,2.84,Barcelona,2017-02-09,False,True
5371933,Entire home/apt,4800.0,True,4,29,59,123,99,2015-06-21,2019-07-20,15,0.3,Girona,2019-07-29,False,True
5388904,Private room,1000.0,True,0,0,0,0,80,2015-03-06,2015-03-06,1,0.01,Barcelona,2021-01-12,False,True
5393782,Private room,350.0,True,15,42,68,340,100,2016-06-15,2017-09-16,16,0.72,Malaga,2018-04-22,False,True
5397890,Entire home/apt,400.0,True,20,43,73,73,94,2015-03-16,2019-10-13,94,1.69,Malaga,2019-10-31,False,True
5398314,Entire home/apt,1290.0,True,14,36,58,313,96,2015-08-30,2020-02-05,129,2.4,Barcelona,2020-02-16,False,True
5399089,Private room,200.0,True,2,2,2,2,90,2016-10-05,2019-01-31,4,0.09,Sevilla,2020-04-30,False,True
5404095,Private room,600.0,False,8,26,40,309,95,2015-03-04,2017-01-26,122,5.24,Barcelona,2017-02-09,False,True
5407955,Private room,430.0,False,1,18,20,22,95,2015-03-18,2017-04-30,66,2.57,Barcelona,2017-05-07,False,True
5408781,Entire home/apt,350.0,True,30,60,90,349,,,,0,,Girona,2020-03-26,False,
5417854,Entire home/apt,750.0,True,0,0,0,0,97,2015-09-10,2018-09-30,25,0.59,Mallorca,2019-03-25,False,True
5429715,Entire home/apt,,True,24,54,77,296,100,2019-12-08,2019-12-08,1,0.09,Girona,2020-10-28,True,True
5437526,Private room,250.0,True,27,28,58,333,95,2015-11-08,2018-10-31,11,0.24,Madrid,2019-08-12,False,True
5442567,Entire home/apt,1060.0,True,0,0,0,0,100,2015-07-23,2017-06-27,4,0.09,Girona,2019-02-19,False,True
5442955,Entire home/apt,440.0,True,28,50,80,122,87,2015-04-03,2018-11-02,105,2.41,Mallorca,2018-11-20,False,True
5448590,Entire home/apt,1850.0,True,30,60,90,365,88,2015-05-12,2020-08-30,34,0.53,Mallorca,2020-09-19,False,True
5453120,Private room,1500.0,True,29,59,89,364,80,2015-07-05,2015-08-01,2,0.04,Barcelona,2020-01-10,False,True
5454114,Entire home/apt,2300.0,True,25,50,73,296,86,2015-06-22,2019-11-04,23,0.42,Valencia,2019-12-31,False,True
5468360,Entire home/apt,530.0,True,28,58,88,329,91,2015-05-19,2019-09-29,47,0.88,Girona,2019-10-30,False,True
5485338,Entire home/apt,250.0,False,0,0,0,0,91,2015-03-23,2016-01-03,41,1.44,Barcelona,2017-08-06,False,True
5486086,Entire home/apt,700.0,True,5,25,52,57,87,2015-03-23,2018-11-25,44,0.9,Madrid,2019-04-11,False,True
5486531,Entire home/apt,2530.0,True,29,29,29,29,80,2017-07-22,2017-07-22,1,0.07,Girona,2018-09-28,False,True
5506779,Private room,150.0,True,10,10,10,130,97,2015-03-19,2019-04-22,76,1.54,Valencia,2019-05-01,False,True
5507860,Entire home/apt,660.0,True,15,15,32,183,98,2015-03-16,2020-03-13,47,0.75,Valencia,2020-05-31,False,True
5520794,Entire home/apt,550.0,True,0,0,0,0,,,,0,,Barcelona,2017-12-09,False,
5523982,Entire home/apt,1850.0,True,0,0,0,0,97,2016-06-13,2016-10-27,6,0.13,Mallorca,2020-02-29,False,True
5527362,Entire home/apt,850.0,False,7,15,32,241,92,2016-01-07,2016-09-06,5,0.35,Mallorca,2017-03-15,False,True
5529487,Private room,350.0,True,0,0,0,272,92,2015-06-03,2016-11-01,10,0.35,Barcelona,2017-10-07,False,True
5542982,Entire home/apt,350.0,True,24,48,78,353,,2019-01-21,2019-01-21,1,0.38,Madrid,2019-04-11,False,
5545556,Entire home/apt,950.0,True,24,54,84,84,93,2015-10-03,2016-10-25,9,0.29,Sevilla,2018-04-21,False,True
5546662,Entire home/apt,1100.0,True,29,59,89,272,86,2015-07-25,2020-08-29,18,0.29,Mallorca,2020-10-21,False,True
5551464,Entire home/apt,1950.0,True,30,60,90,365,95,2015-04-07,2020-08-15,48,0.68,Girona,2021-02-27,False,True
5551872,Entire home/apt,3750.0,True,0,0,0,61,100,2018-08-04,2018-08-04,1,0.15,Mallorca,2019-02-17,False,True
5568602,Private room,200.0,False,0,0,8,273,95,2015-04-03,2017-05-01,72,2.86,Barcelona,2017-05-07,False,True
5578177,Entire home/apt,900.0,True,0,0,0,237,98,2015-04-28,2019-08-03,76,1.46,Valencia,2019-09-01,False,True
5579874,Entire home/apt,800.0,True,0,0,0,0,90,2015-06-09,2017-08-27,9,0.14,Mallorca,2020-08-28,False,True
5586372,Private room,290.0,True,9,28,58,58,95,2015-04-18,2017-12-09,100,3.15,Barcelona,2017-12-09,False,True
5597576,Entire home/apt,450.0,True,2,32,52,327,98,2016-01-03,2018-07-27,146,4.72,Girona,2018-07-31,False,True
5601684,Entire home/apt,1200.0,True,0,0,0,0,100,2016-08-07,2019-08-22,11,0.22,Girona,2020-10-28,False,True
5610477,Entire home/apt,800.0,True,26,44,53,328,88,2015-07-22,2019-09-12,24,0.41,Menorca,2020-05-31,False,True
5611639,Entire home/apt,620.0,True,12,12,12,225,93,2015-10-05,2018-06-10,29,0.84,Madrid,2018-08-14,False,True
5623585,Entire home/apt,1100.0,True,4,15,40,45,93,2016-08-08,2018-07-19,9,0.38,Mallorca,2018-07-29,False,True
5636225,Entire home/apt,720.0,True,5,26,56,250,97,2015-03-22,2019-05-19,111,2.21,Sevilla,2019-05-29,False,True
5645802,Entire home/apt,1250.0,False,10,27,27,159,,,,0,,Barcelona,2017-05-07,False,
5649274,Private room,250.0,True,24,54,84,359,91,2015-11-15,2018-09-23,21,0.6,Girona,2018-10-20,False,True
5654704,Entire home/apt,410.0,True,4,34,64,339,87,2015-03-22,2020-10-25,161,2.28,Madrid,2021-02-09,False,True
5655098,Private room,790.0,True,8,33,61,330,81,2015-03-25,2018-07-24,94,2.26,Barcelona,2018-09-11,False,True
5657279,Entire home/apt,810.0,True,7,19,34,277,95,2015-04-04,2017-10-31,36,0.99,Mallorca,2018-04-18,False,True
5658492,Entire home/apt,500.0,True,20,44,70,337,91,2015-04-03,2019-10-19,88,1.6,Malaga,2019-10-31,False,True
5663835,Entire home/apt,2250.0,True,25,49,79,351,90,2015-09-21,2019-02-03,4,0.09,Madrid,2019-05-14,False,True
5667039,Entire home/apt,800.0,True,0,0,29,304,100,2015-05-13,2019-10-21,23,0.41,Mallorca,2019-12-31,False,True
5668662,Entire home/apt,600.0,True,0,0,6,281,96,2015-04-13,2018-12-30,110,2.35,Madrid,2019-03-08,False,True
5675916,Private room,580.0,True,14,28,55,326,88,2015-05-28,2019-04-07,60,1.29,Barcelona,2019-04-10,False,True
5677523,Entire home/apt,1450.0,True,11,39,66,211,95,2015-03-21,2019-09-19,133,2.42,Madrid,2019-10-16,False,True
5678550,Entire home/apt,500.0,True,23,53,83,211,98,2015-08-17,2018-11-08,22,0.51,Mallorca,2019-03-25,False,True
5683218,Entire home/apt,1050.0,True,30,44,62,210,98,2015-04-09,2020-03-11,166,2.75,Barcelona,2020-04-16,False,True
5689004,Entire home/apt,600.0,False,7,25,48,105,93,2015-04-24,2017-08-06,35,1.27,Barcelona,2017-08-06,False,True
5689424,Entire home/apt,590.0,True,0,0,0,273,88,2015-04-05,2020-03-12,48,0.68,Sevilla,2021-02-27,False,True
5693344,Entire home/apt,600.0,True,7,7,7,7,95,2015-04-05,2019-11-09,81,1.45,Malaga,2019-11-30,False,True
5695543,Private room,220.0,True,0,5,15,273,92,2015-04-05,2019-07-29,63,1.21,Malaga,2019-07-30,False,True
5695702,Entire home/apt,1890.0,True,1,2,2,43,100,2016-09-30,2019-08-11,7,0.2,Mallorca,2019-08-31,False,True
5702125,Entire home/apt,990.0,True,30,60,90,91,97,2015-07-10,2018-08-07,34,0.53,Madrid,2020-11-06,False,True
5705940,Entire home/apt,520.0,True,16,23,44,130,94,2015-04-06,2020-03-08,364,6.1,Sevilla,2020-03-23,False,True
5710984,Entire home/apt,640.0,True,8,37,57,322,92,2015-06-21,2019-01-02,5,0.1,Mallorca,2019-10-28,False,True
5717122,Entire home/apt,670.0,True,30,60,90,358,92,2015-07-31,2020-08-30,36,0.54,Girona,2021-02-27,False,True
5722694,Private room,280.0,True,0,0,16,291,84,2015-04-29,2017-11-01,51,1.4,Madrid,2018-05-14,False,True
5724813,Entire home/apt,1350.0,True,10,30,54,322,90,2015-05-29,2017-10-04,27,0.85,Barcelona,2018-01-17,False,True
5725371,Entire home/apt,730.0,True,0,0,0,270,94,2015-05-28,2018-07-02,17,0.43,Madrid,2018-09-11,False,True
5726048,Entire home/apt,800.0,False,9,13,24,257,77,2015-04-06,2016-10-29,18,0.81,Barcelona,2017-02-09,False,False
5732628,Entire home/apt,690.0,True,29,59,89,226,96,2015-03-30,2020-03-03,319,5.14,Sevilla,2020-05-30,False,True
5740305,Entire home/apt,500.0,True,10,39,69,341,91,2015-04-05,2018-11-04,60,1.32,Madrid,2019-01-14,False,True
5747822,Entire home/apt,650.0,True,28,41,51,326,88,2016-07-10,2019-05-26,8,0.23,Girona,2019-05-29,False,True
5754609,Hotel room,1200.0,True,21,40,62,294,60,2015-08-28,2016-05-13,2,0.04,Sevilla,2020-02-29,False,False
5760626,Entire home/apt,850.0,True,0,1,1,1,86,2015-04-20,2019-11-03,14,0.23,Madrid,2020-05-14,False,True
5780857,Private room,270.0,True,15,19,42,317,84,2015-03-29,2018-07-29,72,1.77,Barcelona,2018-08-14,False,True
5782306,Entire home/apt,440.0,True,22,52,82,146,99,2015-04-04,2020-11-29,444,6.53,Sevilla,2020-11-30,False,True
5789320,Entire home/apt,500.0,True,23,53,69,269,95,2015-08-22,2015-09-17,4,0.09,Mallorca,2019-03-25,False,True
5792576,Entire home/apt,690.0,True,18,45,75,217,96,2015-04-17,2018-09-22,144,3.44,Barcelona,2018-10-10,False,True
5792851,Entire home/apt,800.0,True,10,19,32,205,94,2015-04-06,2019-03-20,148,3.07,Barcelona,2019-04-10,False,True
5794235,Entire home/apt,500.0,True,0,0,0,259,96,2015-07-11,2020-08-25,138,2.05,Valencia,2021-02-20,False,True
5795378,Private room,290.0,True,30,60,90,361,87,2015-04-17,2020-10-04,199,2.92,Barcelona,2020-12-16,False,True
5808218,Entire home/apt,430.0,True,0,21,47,227,93,2015-04-05,2020-12-17,117,1.67,Sevilla,2021-01-31,False,True
5809291,Entire home/apt,2000.0,True,17,40,65,224,99,2015-04-26,2019-11-21,128,2.28,Mallorca,2019-12-31,False,True
5822353,Private room,320.0,False,5,5,5,277,93,2015-04-06,2016-05-02,42,1.74,Madrid,2017-04-08,False,True
5833631,Entire home/apt,1250.0,True,5,5,5,5,80,2015-11-15,2017-09-04,115,5.05,Barcelona,2017-10-07,False,True
5834041,Entire home/apt,800.0,True,17,47,77,167,94,2015-05-26,2019-08-25,40,0.78,Girona,2019-08-31,False,True
5834191,Entire home/apt,1290.0,True,30,60,90,180,60,2015-08-23,2016-09-05,2,0.03,Girona,2020-12-31,False,False
5834787,Private room,360.0,True,29,56,86,176,94,2015-04-03,2018-11-09,138,3.04,Barcelona,2019-01-14,False,True
5835250,Entire home/apt,800.0,True,27,54,77,327,95,2015-05-30,2020-03-22,73,1.23,Malaga,2020-04-30,False,True
5836908,Entire home/apt,1640.0,True,0,0,17,107,70,2016-06-28,2016-07-06,2,0.07,Girona,2018-10-20,False,False
5837003,Entire home/apt,1120.0,True,5,26,52,150,93,2015-04-10,2019-10-11,214,3.94,Barcelona,2019-10-16,False,True
5837152,Entire home/apt,950.0,True,0,12,33,273,100,2015-05-12,2017-09-02,10,0.35,Barcelona,2017-10-07,False,True
5842289,Private room,180.0,True,0,0,0,0,90,2015-06-11,2019-03-03,222,4.94,Barcelona,2019-03-08,False,True
5843257,Private room,500.0,True,30,60,90,365,89,2016-02-07,2017-09-20,18,0.62,Barcelona,2018-07-10,False,True
5854424,Private room,570.0,False,21,51,81,81,70,2016-12-11,2017-06-04,3,0.44,Barcelona,2017-07-06,False,False
5897260,Entire home/apt,850.0,True,11,41,71,346,87,2015-07-07,2017-07-03,15,0.45,Madrid,2018-04-12,False,True
5907982,Entire home/apt,890.0,True,10,22,45,311,92,2016-07-13,2018-11-27,84,2.9,Barcelona,2018-12-10,False,True
5916897,Private room,400.0,True,18,30,30,30,96,2015-05-12,2019-09-30,132,2.44,Barcelona,2019-11-09,False,True
5935568,Private room,450.0,True,0,0,0,0,,,,0,,Madrid,2018-11-07,False,
5936519,Entire home/apt,,True,29,59,89,315,100,2016-04-30,2018-10-07,7,0.22,Mallorca,2018-12-18,True,True
5937087,Private room,350.0,True,0,0,25,295,96,2015-06-07,2017-10-22,90,2.61,Girona,2018-04-21,False,True
5958368,Entire home/apt,950.0,True,18,26,31,36,86,2015-11-08,2018-01-01,35,1.33,Barcelona,2018-01-17,False,True
5963397,Entire home/apt,1200.0,True,30,53,70,317,83,2015-07-30,2017-08-08,8,0.24,Menorca,2018-04-21,False,True
5976186,Entire home/apt,1100.0,True,30,52,82,357,97,2016-01-02,2018-11-05,31,0.91,Madrid,2018-11-07,False,True
5977453,Entire home/apt,1100.0,True,17,42,72,341,96,2015-09-16,2018-12-09,52,1.33,Sevilla,2018-12-21,False,True
5986682,Entire home/apt,1000.0,True,28,58,88,363,93,2015-07-13,2018-08-26,16,0.41,Girona,2018-09-28,False,True
5994463,Entire home/apt,600.0,False,4,20,50,109,95,2015-04-26,2017-02-28,12,0.54,Madrid,2017-03-06,False,True
5994871,Entire home/apt,680.0,True,0,0,0,0,,,,0,,Madrid,2019-03-08,False,
5996208,Entire home/apt,240.0,True,30,60,90,332,85,2015-06-01,2020-01-02,162,2.73,Barcelona,2020-05-11,False,True
5997351,Entire home/apt,950.0,True,10,25,33,78,90,2015-04-23,2019-12-29,178,3.07,Barcelona,2020-02-16,False,True
5999753,Private room,350.0,False,0,0,0,221,93,2015-05-06,2016-04-18,29,1.37,Barcelona,2017-02-09,False,True
6000623,Entire home/apt,1450.0,True,0,0,0,167,97,2015-07-14,2017-11-04,26,0.78,Girona,2018-04-21,False,True
6000811,Entire home/apt,890.0,False,5,8,15,237,93,2015-05-11,2017-04-30,81,3.39,Barcelona,2017-05-07,False,True
6011968,Private room,1150.0,True,0,0,0,0,100,2017-08-13,2017-08-15,2,0.06,Girona,2020-05-28,False,True
6012959,Entire home/apt,700.0,True,0,0,0,86,87,2017-07-09,2018-08-05,3,0.1,Girona,2020-01-31,False,True
6028994,Entire home/apt,690.0,True,0,0,0,259,74,2015-11-16,2019-07-28,7,0.14,Valencia,2020-02-29,False,False
6034484,Entire home/apt,1330.0,True,30,47,53,259,94,2015-07-15,2019-10-04,65,1.13,Mallorca,2020-04-23,False,True
6035889,Entire home/apt,,True,21,51,81,351,94,2015-07-13,2020-03-11,59,1.02,Barcelona,2020-05-11,True,True
6037548,Private room,350.0,True,8,20,39,254,98,2015-05-03,2018-12-16,186,4.26,Sevilla,2018-12-21,False,True
6043569,Private room,200.0,True,0,0,0,0,,,,0,,Madrid,2019-03-08,False,
6058351,Entire home/apt,1400.0,False,30,48,67,341,90,2015-04-26,2017-03-02,43,1.92,Barcelona,2017-03-06,False,True
6060569,Entire home/apt,800.0,True,23,53,83,246,100,2016-05-30,2021-01-02,61,1.08,Mallorca,2021-02-11,False,True
6073393,Entire home/apt,750.0,True,0,0,0,83,91,2015-06-21,2018-08-22,27,0.6,Mallorca,2019-03-25,False,True
6083021,Private room,250.0,True,0,0,0,0,,,,0,,Barcelona,2018-10-10,False,
6103525,Entire home/apt,300.0,True,0,0,0,0,100,2015-07-23,2015-07-23,1,0.04,Barcelona,2017-11-13,False,True
6109659,Private room,300.0,True,0,0,0,219,96,2015-06-01,2015-11-07,17,0.35,Barcelona,2019-06-07,False,True
6112685,Entire home/apt,,False,28,58,88,363,100,2016-07-16,2016-07-16,1,0.13,Mallorca,2017-03-15,True,True
6139692,Private room,900.0,True,30,60,90,365,95,2015-06-15,2017-09-14,31,1.04,Barcelona,2017-12-09,False,True
6160263,Private room,180.0,True,11,41,71,346,86,2015-06-15,2020-12-23,44,0.66,Madrid,2021-01-12,False,True
6160553,Private room,250.0,True,10,29,48,299,97,2015-08-13,2018-08-11,85,2.36,Barcelona,2018-08-14,False,True
6166523,Private room,200.0,True,0,0,0,0,,,,0,,Barcelona,2018-11-07,False,
6175934,Private room,300.0,True,0,0,0,0,,,,0,,Madrid,2019-01-14,False,
6176958,Entire home/apt,1800.0,True,15,38,64,270,97,2015-05-10,2018-12-30,42,0.91,Barcelona,2019-03-08,False,True
6178385,Entire home/apt,600.0,True,0,12,42,317,95,2015-08-24,2018-07-11,5,0.11,Barcelona,2019-05-14,False,True
6179834,Private room,750.0,True,28,58,88,363,91,2015-07-13,2017-09-26,11,0.3,Girona,2018-07-31,False,True
6183651,Private room,380.0,True,12,32,54,54,97,2015-06-01,2020-01-07,175,3.16,Barcelona,2020-01-10,False,True
6184041,Entire home/apt,900.0,True,0,14,29,29,80,2015-06-28,2017-06-25,3,0.06,Girona,2019-07-29,False,True
6188369,Entire home/apt,700.0,False,0,0,0,0,100,2015-05-17,2015-08-01,3,0.13,Madrid,2017-04-08,False,True
6190322,Entire home/apt,470.0,True,5,15,33,293,96,2015-06-07,2019-07-24,156,3.13,Malaga,2019-07-30,False,True
6190687,Entire home/apt,1700.0,True,14,42,42,42,,,,0,,Girona,2018-08-30,False,
6191590,Entire home/apt,,True,27,50,59,149,80,2018-05-26,2018-05-26,1,0.11,Girona,2019-02-19,True,True
6191684,Entire home/apt,,True,11,41,70,77,100,2018-09-01,2018-09-01,1,0.08,Girona,2019-09-30,True,True
6199834,Entire home/apt,800.0,False,7,23,46,315,98,2015-05-02,2017-03-04,76,3.43,Madrid,2017-03-06,False,True
6225869,Private room,400.0,True,5,7,28,37,96,2015-06-01,2018-08-26,40,0.82,Menorca,2019-06-30,False,True
6229018,Entire home/apt,1480.0,True,25,25,25,25,99,2015-05-12,2020-03-08,145,2.39,Girona,2020-05-28,False,True
6230556,Private room,650.0,True,0,0,15,15,95,2015-06-01,2018-07-02,13,0.35,Barcelona,2018-07-10,False,True
6231153,Entire home/apt,490.0,True,30,60,90,342,93,2015-07-24,2020-10-17,44,0.69,Mallorca,2020-11-08,False,True
6232324,Entire home/apt,1000.0,True,27,57,87,362,65,2016-07-31,2017-08-05,5,0.21,Girona,2018-07-31,False,False
6235783,Entire home/apt,910.0,True,20,38,67,305,86,2015-05-20,2018-01-04,73,2.23,Barcelona,2018-02-07,False,True
6241802,Entire home/apt,600.0,False,28,52,74,310,87,2015-07-26,2016-09-28,19,0.97,Mallorca,2017-03-15,False,True
6246095,Private room,330.0,True,0,0,0,89,94,2015-05-12,2018-08-30,140,2.43,Girona,2020-02-29,False,True
6257970,Private room,700.0,True,0,0,0,0,,2015-05-15,2015-05-15,1,0.02,Barcelona,2020-01-10,False,
6263965,Entire home/apt,1500.0,True,30,60,90,365,97,2015-07-11,2020-07-21,162,2.63,Madrid,2020-08-25,False,True
6269523,Private room,430.0,True,1,4,12,22,86,2015-06-06,2017-08-25,27,0.75,Barcelona,2018-06-09,False,True
6270800,Private room,450.0,False,30,60,90,365,93,2015-06-02,2016-08-04,4,0.2,Barcelona,2017-02-09,False,True
6282421,Entire home/apt,1000.0,True,3,13,43,318,91,2015-06-11,2018-07-13,94,2.45,Mallorca,2018-08-21,False,True
6283743,Private room,310.0,True,1,10,26,296,92,2015-05-06,2018-10-06,240,5.82,Madrid,2018-10-10,False,True
6289283,Private room,250.0,True,26,48,78,95,93,2015-05-09,2020-03-07,461,7.9,Barcelona,2020-03-16,False,True
6300011,Entire home/apt,1200.0,True,0,0,0,151,90,2015-07-26,2018-09-01,20,0.36,Girona,2020-02-29,False,True
6307542,Entire home/apt,400.0,True,0,0,29,304,88,2015-05-10,2019-12-15,40,0.59,Madrid,2021-01-12,False,True
6309051,Entire home/apt,750.0,True,29,59,89,364,95,2015-05-19,2017-08-30,20,0.51,Girona,2018-08-30,False,True
6320391,Entire home/apt,1100.0,True,0,26,56,320,82,2015-07-30,2019-08-12,12,0.21,Girona,2020-03-26,False,True
6321358,Private room,320.0,True,27,57,87,353,92,2015-08-04,2020-03-14,64,1.12,Barcelona,2020-05-11,False,True
6324338,Entire home/apt,1200.0,True,14,19,29,300,96,2015-08-13,2019-05-24,41,0.88,Mallorca,2019-06-27,False,True
6338576,Entire home/apt,1200.0,True,19,39,64,278,87,2016-05-09,2018-07-23,3,0.09,Malaga,2019-01-30,False,True
6340399,Private room,600.0,True,18,18,18,182,87,2015-05-31,2016-09-22,12,0.44,Barcelona,2017-09-12,False,True
6344056,Entire home/apt,390.0,False,3,28,54,316,90,2015-05-25,2017-01-03,38,1.96,Barcelona,2017-01-04,False,True
6351314,Entire home/apt,690.0,True,22,52,82,337,80,2015-08-09,2015-08-09,1,0.02,Girona,2018-12-22,False,True
6376011,Entire home/apt,600.0,False,0,0,0,246,,,,0,,Madrid,2017-03-06,False,
6378705,Entire home/apt,950.0,True,29,59,89,329,88,2015-07-24,2018-09-11,20,0.47,Menorca,2019-01-30,False,True
6382107,Entire home/apt,600.0,True,9,9,9,9,95,2016-08-14,2019-07-22,42,1.13,Madrid,2019-09-19,False,True
6383286,Entire home/apt,990.0,True,0,0,19,251,99,2015-07-18,2017-11-03,17,0.51,Mallorca,2018-04-18,False,True
6386597,Private room,1500.0,False,30,60,90,365,,,,0,,Barcelona,2017-01-04,False,
6389503,Entire home/apt,1500.0,True,0,10,11,119,100,2015-06-27,2018-11-03,8,0.18,Mallorca,2019-03-25,False,True
6397577,Entire home/apt,520.0,True,8,26,56,331,93,2017-01-22,2018-05-07,6,0.38,Madrid,2018-05-14,False,True
6399512,Entire home/apt,1070.0,True,7,15,38,112,95,2015-07-19,2019-03-26,25,0.54,Barcelona,2019-05-14,False,True
6410739,Entire home/apt,800.0,True,0,0,0,0,100,2015-07-31,2016-02-29,2,0.03,Madrid,2020-06-13,False,True
6415505,Entire home/apt,500.0,True,0,0,0,0,,,,0,,Madrid,2018-09-11,False,
6418185,Entire home/apt,1690.0,False,16,16,16,83,,,,0,,Mallorca,2017-03-15,False,
6420062,Entire home/apt,550.0,True,28,58,88,361,81,2015-07-02,2019-06-23,19,0.39,Madrid,2019-07-10,False,True
6432674,Entire home/apt,740.0,True,27,40,40,40,96,2016-06-29,2019-08-31,10,0.24,Girona,2019-11-30,False,True
6441145,Private room,500.0,True,0,0,0,99,98,2015-05-31,2018-03-02,17,0.37,Barcelona,2019-04-10,False,True
6441651,Entire home/apt,900.0,True,7,21,22,176,93,2015-08-29,2019-08-24,11,0.19,Girona,2020-05-28,False,True
6442604,Entire home/apt,3000.0,False,12,12,12,75,80,2016-12-31,2016-12-31,1,0.24,Barcelona,2017-05-07,False,True
6442730,Entire home/apt,380.0,True,1,5,27,34,84,2015-05-24,2019-08-20,377,7.26,Madrid,2019-09-19,False,True
6449464,Entire home/apt,2000.0,True,21,51,81,303,,,,0,,Girona,2018-08-30,False,
6453834,Entire home/apt,860.0,True,0,0,0,18,94,2015-12-07,2018-08-15,23,0.6,Girona,2019-02-19,False,True
6458138,Entire home/apt,2500.0,True,24,54,80,347,95,2015-07-13,2019-01-02,42,0.97,Malaga,2019-02-24,False,True
6459117,Entire home/apt,1100.0,True,1,1,1,218,98,2015-08-18,2018-10-17,28,0.7,Mallorca,2018-12-18,False,True
6465424,Private room,230.0,False,30,60,90,180,,,,0,,Barcelona,2017-01-04,False,
6465590,Entire home/apt,950.0,True,0,0,0,31,94,2015-08-12,2018-08-19,13,0.25,Girona,2019-12-31,False,True
6483225,Private room,480.0,False,20,31,51,323,99,2015-05-31,2017-03-02,27,1.27,Barcelona,2017-03-06,False,True
6484533,Private room,200.0,True,28,58,88,204,99,2016-01-03,2018-01-01,38,1.51,Barcelona,2018-02-07,False,True
6489124,Entire home/apt,660.0,True,2,9,29,115,95,2015-06-01,2019-04-22,194,4.09,Madrid,2019-05-14,False,True
6491673,Private room,450.0,True,0,0,0,0,88,2015-06-01,2018-11-02,116,2.5,Barcelona,2019-04-10,False,True
6505353,Entire home/apt,3000.0,True,27,57,87,177,100,2018-07-16,2018-07-16,1,0.69,Menorca,2018-08-29,False,True
6519766,Entire home/apt,2000.0,True,18,46,76,241,92,2015-08-03,2018-10-06,50,1.23,Menorca,2018-12-22,False,True
6521856,Entire home/apt,590.0,True,8,34,61,233,90,2016-05-01,2019-08-31,55,1.35,Barcelona,2019-09-17,False,True
6524457,Private room,650.0,True,27,57,87,177,93,2015-08-07,2017-08-15,3,0.06,Girona,2019-11-30,False,True
6525899,Entire home/apt,950.0,True,24,30,41,283,80,2015-08-11,2016-08-06,2,0.06,Menorca,2018-04-21,False,True
6525929,Entire home/apt,2500.0,True,29,59,89,170,90,2015-07-27,2018-08-07,4,0.08,Menorca,2019-11-30,False,True
6534648,Private room,450.0,True,16,46,76,76,96,2016-05-08,2018-11-04,46,1.39,Barcelona,2019-02-06,False,True
6537889,Private room,320.0,True,11,39,69,344,95,2015-06-06,2018-01-09,80,2.54,Madrid,2018-01-17,False,True
6540304,Private room,190.0,True,0,0,0,173,89,2015-06-03,2018-07-28,122,3.16,Mallorca,2018-08-21,False,True
6542779,Entire home/apt,1000.0,True,1,1,1,138,98,2015-06-01,2020-01-01,69,1.16,Madrid,2020-05-14,False,True
6543446,Private room,400.0,True,26,56,86,361,94,2015-07-13,2020-01-03,7,0.13,Madrid,2020-02-18,False,True
6547870,Entire home/apt,750.0,False,30,45,47,238,86,2015-10-10,2017-01-05,25,1.68,Barcelona,2017-01-04,False,True
6550734,Private room,180.0,True,0,0,0,0,93,2015-06-13,2018-09-20,69,1.6,Barcelona,2019-01-14,False,True
6554542,Entire home/apt,750.0,True,12,17,32,307,93,2015-08-17,2016-08-26,3,0.06,Mallorca,2019-06-27,False,True
6557505,Entire home/apt,600.0,True,0,0,0,0,85,2015-06-15,2017-08-28,4,0.12,Malaga,2018-04-22,False,True
6572653,Entire home/apt,1750.0,True,0,0,0,0,80,2017-08-19,2017-08-19,1,0.03,Girona,2020-04-30,False,True
6573592,Private room,280.0,True,0,3,9,204,90,2015-10-07,2018-04-04,101,3.34,Barcelona,2018-04-12,False,True
6578646,Entire home/apt,800.0,False,4,4,4,4,82,2015-06-16,2017-07-26,33,1.28,Barcelona,2017-08-06,False,True
6580618,Entire home/apt,1300.0,True,23,53,83,358,93,2016-08-29,2019-08-24,3,0.08,Girona,2019-11-30,False,True
6582485,Entire home/apt,3750.0,True,30,39,40,289,96,2015-07-05,2018-08-28,11,0.24,Girona,2019-04-29,False,True
6584564,Private room,470.0,True,30,60,90,90,85,2015-08-14,2020-03-09,76,1.18,Barcelona,2020-12-16,False,True
6584759,Entire home/apt,2580.0,True,0,0,0,20,,,,0,,Madrid,2018-07-10,False,
6596938,Entire home/apt,950.0,True,0,0,0,0,,,,0,,Madrid,2018-05-14,False,
6602355,Entire home/apt,490.0,True,30,60,90,180,88,2015-07-04,2019-10-05,32,0.6,Girona,2019-11-30,False,True
6604255,Entire home/apt,800.0,True,3,3,3,123,100,2018-08-11,2020-08-21,8,0.3,Girona,2020-10-28,False,True
6604413,Entire home/apt,580.0,True,9,26,56,82,85,2015-07-12,2019-04-14,55,1.17,Madrid,2019-06-07,False,True
6617380,Private room,450.0,True,3,3,21,296,97,2015-09-12,2018-07-08,112,3.3,Madrid,2018-07-10,False,True
6623294,Entire home/apt,600.0,True,1,10,32,263,92,2015-06-09,2019-06-24,65,1.31,Girona,2019-07-29,False,True
6639917,Entire home/apt,620.0,True,29,59,89,320,98,2015-06-16,2020-09-24,42,0.61,Girona,2021-02-27,False,True
6642024,Entire home/apt,2390.0,True,23,53,83,174,100,2015-09-11,2015-09-23,2,0.03,Menorca,2020-11-30,False,True
6653030,Private room,3200.0,True,30,60,90,365,,,,0,,Barcelona,2020-09-12,False,
6653123,Entire home/apt,1250.0,False,2,13,13,266,98,2015-08-03,2017-01-02,22,1.15,Barcelona,2017-03-06,False,True
6656626,Entire home/apt,650.0,True,13,26,32,303,99,2015-06-14,2020-02-20,270,4.77,Valencia,2020-02-29,False,True
6664306,Private room,420.0,True,0,0,0,166,96,2016-05-31,2016-09-06,5,0.11,Barcelona,2020-03-16,False,True
6666446,Entire home/apt,1500.0,True,0,0,0,61,91,2015-06-14,2019-08-15,22,0.43,Valencia,2019-09-01,False,True
6667181,Entire home/apt,4000.0,False,26,56,86,361,50,2015-10-24,2017-05-29,4,0.19,Barcelona,2017-08-06,False,False
6668318,Entire home/apt,300.0,True,0,0,0,16,100,2018-08-03,2018-08-03,1,0.13,Girona,2019-03-30,False,True
6669701,Private room,170.0,True,0,0,0,0,,2015-06-09,2015-06-09,1,0.02,Madrid,2018-11-07,False,
6671489,Entire home/apt,1400.0,True,26,56,86,345,95,2015-10-16,2019-10-27,11,0.18,Sevilla,2020-10-29,False,True
6679735,Entire home/apt,3550.0,True,0,0,0,173,90,2016-07-02,2018-05-01,2,0.04,Mallorca,2020-10-21,False,True
6695341,Entire home/apt,,False,0,0,0,0,,,,0,,Mallorca,2017-03-15,True,
6697001,Entire home/apt,1050.0,True,5,20,50,73,90,2015-07-03,2017-08-30,52,1.97,Barcelona,2017-09-12,False,True
6707323,Entire home/apt,3500.0,True,30,60,90,295,97,2015-08-15,2019-10-25,15,0.23,Mallorca,2021-02-11,False,True
6719318,Entire home/apt,740.0,True,0,6,36,311,93,2019-05-08,2019-07-21,4,0.22,Mallorca,2020-11-08,False,True
6723465,Entire home/apt,1520.0,True,0,0,2,2,91,2015-07-24,2020-02-23,77,1.23,Barcelona,2020-10-12,False,True
6724149,Entire home/apt,400.0,True,0,0,0,219,100,2015-07-07,2016-09-30,5,0.11,Madrid,2019-03-08,False,True
6724183,Entire home/apt,650.0,True,13,33,63,89,86,2015-06-21,2018-07-15,38,0.87,Barcelona,2019-02-06,False,True
6725113,Entire home/apt,980.0,True,16,46,76,335,89,2015-07-12,2020-09-09,102,1.56,Barcelona,2020-12-16,False,True
6732914,Private room,500.0,True,0,0,0,0,100,2015-06-19,2015-06-19,1,0.02,Barcelona,2020-06-13,False,True
6734047,Shared room,250.0,True,30,60,90,365,95,2016-03-20,2019-04-21,4,0.07,Valencia,2020-12-21,False,True
6738969,Entire home/apt,990.0,True,0,0,0,29,90,2015-07-19,2017-08-13,9,0.15,Girona,2020-06-29,False,True
6739889,Entire home/apt,1200.0,True,0,0,0,126,100,2017-08-26,2018-08-25,2,0.12,Mallorca,2019-01-28,False,True
6740162,Private room,350.0,True,2,5,6,6,92,2015-06-28,2018-02-26,46,1.33,Barcelona,2018-05-14,False,True
6740609,Private room,130.0,True,0,1,1,1,96,2015-06-15,2020-07-05,163,2.67,Barcelona,2020-07-17,False,True
6745665,Entire home/apt,450.0,True,28,58,88,109,93,2015-12-27,2019-10-09,6,0.11,Barcelona,2020-09-12,False,True
6747678,Private room,300.0,True,0,0,0,0,86,2015-06-23,2017-08-18,35,1.27,Barcelona,2017-10-07,False,True
6756567,Private room,350.0,True,8,38,68,343,85,2015-08-18,2019-09-17,49,0.97,Malaga,2019-10-31,False,True
6757485,Private room,450.0,False,11,36,61,336,97,2017-02-10,2017-05-25,8,2.11,Barcelona,2017-06-05,False,True
6762393,Entire home/apt,280.0,True,9,38,68,125,92,2015-06-28,2016-08-08,6,0.09,Malaga,2020-10-30,False,True
6762427,Private room,850.0,True,28,58,88,363,,,,0,,Barcelona,2017-12-09,False,
6763388,Private room,600.0,True,0,0,0,0,94,2015-08-08,2017-11-01,62,1.93,Barcelona,2018-04-12,False,True
6763803,Private room,350.0,True,30,58,88,178,92,2015-06-16,2017-08-16,55,1.57,Barcelona,2018-05-14,False,True
6773769,Private room,500.0,False,0,0,0,0,,,,0,,Barcelona,2017-03-06,False,
6775934,Private room,700.0,True,30,60,90,365,,,,0,,Barcelona,2019-05-14,False,
6777378,Entire home/apt,1100.0,True,0,0,0,0,93,2016-06-05,2019-08-19,94,2.1,Girona,2020-02-29,False,True
6780620,Entire home/apt,2750.0,True,0,0,0,268,91,2015-08-03,2019-07-26,9,0.17,Mallorca,2020-01-29,False,True
6780716,Private room,600.0,True,28,58,88,178,88,2016-05-19,2018-06-17,21,0.64,Barcelona,2019-02-06,False,True
6791765,Private room,420.0,True,0,0,0,60,98,2015-06-29,2018-08-25,36,0.81,Madrid,2019-03-08,False,True
6795814,Private room,400.0,True,0,0,0,90,94,2016-03-31,2018-08-29,58,1.94,Girona,2018-09-28,False,True
6797552,Private room,190.0,True,8,32,32,101,87,2015-06-30,2019-03-22,145,3.19,Madrid,2019-04-11,False,True
6803624,Entire home/apt,1100.0,True,2,8,31,245,97,2015-08-10,2018-06-26,20,0.56,Mallorca,2018-07-29,False,True
6814503,Entire home/apt,1060.0,False,0,0,0,152,89,2015-06-22,2016-06-09,11,0.56,Barcelona,2017-02-09,False,True
6820509,Private room,280.0,False,16,46,76,351,90,2015-06-22,2017-01-03,37,1.88,Barcelona,2017-02-09,False,True
6826738,Entire home/apt,800.0,True,30,60,87,362,85,2015-08-16,2018-05-06,4,0.1,Girona,2018-11-26,False,True
6829579,Private room,150.0,True,0,0,0,0,100,2015-06-21,2015-07-04,3,0.11,Barcelona,2017-09-12,False,True
6843532,Entire home/apt,2580.0,False,15,22,38,255,88,2016-06-14,2017-07-04,6,0.44,Barcelona,2017-08-06,False,True
6843619,Entire home/apt,990.0,True,30,60,90,365,94,2015-07-12,2019-08-30,16,0.29,Girona,2020-01-31,False,True
6843697,Entire home/apt,2540.0,False,0,8,22,249,64,2015-09-10,2016-10-29,5,0.28,Barcelona,2017-03-06,False,False
6844528,Entire home/apt,980.0,False,20,43,73,348,60,2016-02-26,2017-05-09,5,0.33,Barcelona,2017-06-05,False,False
6846453,Private room,390.0,True,30,60,90,365,94,2015-07-17,2018-06-03,70,1.95,Barcelona,2018-07-10,False,True
6851621,Entire home/apt,500.0,True,0,0,0,0,,,,0,,Madrid,2019-09-19,False,
6857331,Entire home/apt,860.0,True,7,37,67,342,96,2015-07-22,2017-10-03,67,2.52,Barcelona,2017-10-07,False,True
6858341,Entire home/apt,1200.0,True,0,0,0,0,89,2016-07-22,2019-09-02,11,0.29,Barcelona,2019-09-17,False,True
6867200,Private room,900.0,True,0,0,0,0,,,,0,,Barcelona,2020-05-11,False,
6869498,Private room,700.0,True,30,60,90,365,87,2015-06-22,2018-10-27,37,0.83,Barcelona,2019-03-08,False,True
6873130,Entire home/apt,870.0,True,0,0,0,7,100,2019-08-17,2019-08-17,1,0.12,Girona,2020-04-30,False,True
6875270,Private room,200.0,True,0,0,0,0,,,,0,,Madrid,2019-07-10,False,
6877137,Entire home/apt,880.0,False,5,35,65,340,100,2015-12-10,2017-06-17,6,0.32,Barcelona,2017-07-06,False,True
6877620,Entire home/apt,500.0,True,29,35,58,149,95,2015-06-27,2020-03-09,154,2.56,Valencia,2020-06-30,False,True
6890369,Entire home/apt,960.0,True,0,0,0,0,93,2015-07-17,2015-12-10,9,0.27,Barcelona,2018-04-12,False,True
6890860,Entire home/apt,1800.0,True,0,0,0,0,,,,0,,Madrid,2018-07-10,False,
6894467,Entire home/apt,2930.0,True,30,60,84,359,90,2017-07-22,2018-10-28,2,0.09,Mallorca,2019-05-27,False,True
6899113,Private room,200.0,True,0,0,0,0,,,,0,,Madrid,2019-12-10,False,
6902570,Private room,150.0,True,13,43,63,63,83,2015-06-28,2018-03-21,51,1.52,Barcelona,2018-04-12,False,True
6906944,Private room,250.0,True,30,60,90,365,,,,0,,Barcelona,2018-09-11,False,
6910639,Entire home/apt,1500.0,True,27,47,71,338,90,2015-07-22,2017-10-26,66,2.34,Malaga,2017-11-25,False,True
6914078,Entire home/apt,1500.0,False,28,58,73,271,100,2015-07-26,2016-07-17,2,0.1,Mallorca,2017-03-15,False,True
6921005,Private room,250.0,True,0,0,0,259,92,2015-08-05,2019-07-27,19,0.32,Madrid,2020-07-17,False,True
6928805,Private room,800.0,True,30,60,90,365,98,2017-03-06,2018-10-21,21,1.04,Barcelona,2018-11-07,False,True
6936123,Entire home/apt,2600.0,True,23,28,28,237,95,2015-07-26,2016-10-14,4,0.12,Mallorca,2018-04-18,False,True
6936346,Entire home/apt,780.0,True,28,58,59,116,,,,0,,Girona,2020-02-29,False,
6945630,Entire home/apt,390.0,True,0,0,0,0,83,2015-07-27,2016-08-22,6,0.21,Malaga,2017-11-25,False,True
6948407,Private room,350.0,True,29,59,89,179,94,2015-08-15,2017-10-29,44,1.63,Barcelona,2017-11-13,False,True
6957564,Private room,380.0,True,1,1,19,19,99,2017-06-04,2020-02-16,16,0.43,Girona,2020-06-29,False,True
6961891,Entire home/apt,950.0,False,0,0,0,0,80,2016-07-10,2016-08-03,3,0.43,Barcelona,2017-02-09,False,True
6962517,Entire home/apt,780.0,True,30,60,90,365,91,2015-08-04,2020-11-09,102,1.56,Mallorca,2021-01-16,False,True
6980777,Entire home/apt,590.0,True,0,0,7,7,98,2015-07-06,2018-09-18,103,2.63,Madrid,2018-10-10,False,True
6982716,Private room,290.0,True,0,0,0,37,,,,0,,Madrid,2020-07-17,False,
6985350,Entire home/apt,900.0,True,29,52,76,152,98,2015-09-21,2018-11-04,51,1.33,Girona,2018-11-26,False,True
6986979,Private room,220.0,True,0,15,45,320,87,2015-07-24,2016-10-26,20,0.4,Barcelona,2019-09-17,False,True
7003233,Entire home/apt,1200.0,False,28,58,88,88,84,2015-07-30,2017-01-02,22,1.28,Barcelona,2017-01-04,False,True
7008175,Private room,500.0,True,22,45,70,333,95,2015-12-02,2020-06-09,244,4.48,Barcelona,2020-06-13,False,True
7018330,Private room,990.0,False,30,60,90,358,100,2015-10-09,2016-09-25,4,0.23,Mallorca,2017-03-15,False,True
7019190,Entire home/apt,2040.0,True,0,0,22,290,100,2017-07-09,2017-07-09,1,0.06,Menorca,2018-10-25,False,True
7029540,Private room,270.0,True,30,50,50,272,94,2016-09-18,2018-07-14,19,0.8,Madrid,2018-09-11,False,True
7030624,Entire home/apt,1140.0,False,4,7,27,40,87,2015-07-17,2016-09-22,15,0.66,Barcelona,2017-06-05,False,True
7032941,Entire home/apt,1800.0,True,0,0,0,82,96,2015-08-23,2019-09-08,15,0.3,Mallorca,2019-10-28,False,True
7034555,Private room,580.0,True,25,53,83,358,95,2015-07-08,2018-09-05,110,2.88,Barcelona,2018-09-11,False,True
7047052,Private room,950.0,True,30,60,90,90,92,2015-07-04,2018-06-24,176,4.38,Barcelona,2018-11-07,False,True
7049609,Private room,250.0,True,0,0,0,0,,,,0,,Madrid,2019-06-07,False,
7050214,Private room,230.0,True,0,16,46,321,97,2017-01-23,2019-09-07,22,0.47,Madrid,2020-12-17,False,True
7061325,Entire home/apt,400.0,True,1,8,31,279,94,2015-07-05,2018-09-17,291,7.53,Sevilla,2018-09-22,False,True
7064358,Private room,600.0,True,0,0,0,0,,,,0,,Barcelona,2018-05-14,False,
7065656,Private room,190.0,True,8,13,28,296,90,2015-07-03,2019-04-29,229,4.93,Madrid,2019-05-14,False,True
7068050,Private room,280.0,True,7,9,39,40,93,2016-03-26,2018-10-16,43,1.4,Sevilla,2018-10-18,False,True
7070725,Private room,210.0,True,0,0,0,0,83,2015-07-12,2016-01-25,6,0.11,Madrid,2020-02-18,False,True
7071532,Entire home/apt,1050.0,True,30,60,90,350,93,2015-07-20,2018-11-04,93,2.31,Girona,2018-11-26,False,True
7096025,Entire home/apt,810.0,True,30,60,90,349,93,2015-10-02,2020-01-18,153,2.73,Valencia,2020-05-31,False,True
7097089,Entire home/apt,1000.0,True,5,16,25,277,92,2015-07-06,2019-03-20,189,4.18,Madrid,2019-04-11,False,True
7100270,Entire home/apt,1040.0,True,16,46,76,351,88,2015-08-16,2019-08-04,5,0.1,Mallorca,2019-09-28,False,True
7105608,Entire home/apt,1100.0,True,17,23,31,272,69,2015-08-23,2018-04-11,21,0.64,Barcelona,2018-05-14,False,False
7106676,Entire home/apt,570.0,True,13,31,56,326,87,2015-07-21,2019-01-26,193,4.53,Madrid,2019-02-06,False,True
7108900,Private room,390.0,True,30,60,90,365,94,2015-08-05,2020-03-19,154,2.36,Barcelona,2021-01-12,False,True
7113910,Private room,400.0,True,0,0,0,0,80,2015-07-10,2015-07-10,1,0.04,Barcelona,2017-10-07,False,True
7118391,Entire home/apt,3550.0,False,0,0,0,0,,,,0,,Barcelona,2017-01-04,False,
7120267,Private room,410.0,True,20,42,72,347,96,2015-09-20,2018-09-26,42,1.12,Barcelona,2018-11-07,False,True
7123943,Entire home/apt,3850.0,True,29,50,74,324,97,2015-10-12,2020-01-05,18,0.33,Girona,2020-04-30,False,True
7125407,Entire home/apt,1400.0,True,27,57,81,141,97,2015-08-23,2017-09-04,14,0.31,Girona,2019-05-29,False,True
7127848,Entire home/apt,400.0,True,0,0,0,0,,,,0,,Madrid,2018-09-11,False,
7131427,Private room,350.0,True,0,0,16,16,,,,0,,Madrid,2018-01-17,False,
7137121,Entire home/apt,1600.0,True,13,23,42,178,80,2016-06-06,2019-05-06,7,0.2,Barcelona,2019-05-14,False,True
7137292,Entire home/apt,1250.0,True,8,14,39,295,93,2015-08-04,2019-03-10,88,1.99,Barcelona,2019-04-10,False,True
7138487,Entire home/apt,1990.0,True,2,29,59,255,,,,0,,Mallorca,2018-09-18,False,
7148125,Private room,900.0,True,0,0,13,288,93,2015-07-08,2019-08-28,4,0.08,Madrid,2019-10-16,False,True
7152599,Entire home/apt,1050.0,True,0,2,8,8,87,2015-07-29,2018-01-02,13,0.38,Barcelona,2018-06-09,False,True
7154312,Entire home/apt,900.0,True,2,3,3,3,91,2015-07-12,2018-07-29,35,0.95,Menorca,2018-07-31,False,True
7155428,Entire home/apt,700.0,False,18,36,61,336,90,2015-08-02,2017-03-26,64,3.16,Madrid,2017-04-08,False,True
7160334,Entire home/apt,1600.0,False,7,11,17,249,79,2015-07-16,2017-01-29,47,2.39,Barcelona,2017-03-06,False,False
7164589,Private room,300.0,True,0,0,0,0,,,,0,,Madrid,2020-10-17,False,
7166650,Entire home/apt,1200.0,True,0,0,0,227,90,2016-01-01,2019-01-01,50,1.37,Madrid,2019-01-14,False,True
7169803,Entire home/apt,1000.0,True,4,4,4,4,100,2015-07-21,2015-07-26,2,0.05,Madrid,2018-08-14,False,True
7173003,Private room,150.0,True,30,54,81,356,80,2015-07-14,2017-12-04,59,1.95,Barcelona,2018-01-17,False,True
7174517,Private room,220.0,True,0,0,0,0,93,2015-08-07,2017-07-03,3,0.07,Madrid,2019-05-14,False,True
7177169,Entire home/apt,750.0,True,6,6,6,6,88,2015-07-11,2020-03-08,260,4.22,Madrid,2020-08-25,False,True
7178644,Private room,400.0,False,0,0,0,0,87,2015-08-08,2016-01-03,3,0.13,Barcelona,2017-07-06,False,True
7185267,Entire home/apt,320.0,True,0,0,0,205,80,2015-08-23,2015-09-21,2,0.05,Malaga,2018-09-29,False,True
7195684,Private room,300.0,True,0,0,0,0,100,2015-07-23,2015-08-11,3,0.06,Madrid,2019-07-10,False,True
7200772,Entire home/apt,700.0,True,30,60,90,365,80,2016-07-16,2018-08-03,8,0.31,Mallorca,2018-09-18,False,True
7200873,Entire home/apt,900.0,True,14,41,71,251,91,2015-09-30,2018-04-09,62,2.04,Madrid,2018-04-12,False,True
7204039,Entire home/apt,810.0,True,0,0,25,49,91,2015-09-21,2018-05-05,88,2.77,Madrid,2018-05-14,False,True
7220512,Private room,300.0,True,1,1,1,1,91,2015-07-27,2020-02-09,85,1.31,Barcelona,2020-12-16,False,True
7233689,Entire home/apt,680.0,True,29,59,89,364,90,2015-09-24,2019-01-04,3,0.05,Valencia,2020-08-30,False,True
7235801,Entire home/apt,910.0,True,3,29,59,320,93,2015-10-18,2020-09-06,43,0.7,Girona,2020-11-28,False,True
7238494,Entire home/apt,860.0,True,21,45,67,342,100,2017-07-20,2017-09-27,2,0.22,Mallorca,2018-04-18,False,True
7262344,Entire home/apt,1100.0,True,21,27,27,27,94,2015-10-05,2019-06-24,51,1.13,Madrid,2019-07-10,False,True
7262469,Private room,380.0,False,0,0,0,0,20,2015-09-01,2015-09-01,1,0.05,Barcelona,2017-04-08,False,False
7267861,Private room,5000.0,True,30,60,90,365,82,2016-06-25,2017-09-07,15,0.3,Barcelona,2020-08-24,False,True
7269512,Private room,450.0,False,11,41,71,346,91,2016-01-03,2017-07-23,11,0.58,Barcelona,2017-08-06,False,True
7269518,Private room,250.0,True,29,59,89,364,90,2016-03-06,2018-07-02,35,1.09,Barcelona,2018-11-07,False,True
7283797,Private room,300.0,False,3,5,9,213,82,2015-07-16,2017-04-21,89,4.09,Barcelona,2017-05-07,False,True
7289359,Private room,400.0,True,30,60,90,365,81,2015-07-18,2018-08-03,16,0.42,Barcelona,2018-09-11,False,True
7297898,Entire home/apt,2990.0,True,20,38,68,343,90,2015-08-31,2018-08-16,39,1.09,Mallorca,2018-08-21,False,True
7298598,Entire home/apt,900.0,True,0,0,0,261,98,2015-07-26,2018-08-13,38,0.89,Girona,2019-02-19,False,True
7302792,Entire home/apt,900.0,True,29,59,89,314,100,2016-07-31,2018-09-01,8,0.3,Girona,2018-10-20,False,True
7304217,Private room,390.0,False,7,37,62,62,100,2015-08-17,2015-08-17,1,0.05,Barcelona,2017-04-08,False,True
7316832,Entire home/apt,700.0,False,0,0,0,0,87,2015-08-09,2015-10-11,3,0.17,Barcelona,2017-02-09,False,True
7320001,Entire home/apt,500.0,True,1,3,10,214,98,2015-09-02,2019-01-27,58,1.39,Malaga,2019-02-24,False,True
7321726,Entire home/apt,550.0,True,12,21,33,262,88,2015-08-03,2018-08-21,50,1.17,Malaga,2019-02-24,False,True
7324276,Entire home/apt,770.0,True,6,29,43,187,92,2015-08-29,2019-06-17,13,0.27,Mallorca,2019-08-31,False,True
7333404,Entire home/apt,3500.0,True,0,2,2,2,84,2016-10-30,2019-03-04,12,0.23,Barcelona,2021-02-09,False,True
7334845,Private room,450.0,True,1,7,25,284,88,2015-07-31,2019-06-09,81,1.73,Mallorca,2019-06-27,False,True
7337595,Entire home/apt,950.0,False,24,51,71,326,94,2015-07-29,2017-01-31,55,2.98,Barcelona,2017-02-09,False,True
7338332,Entire home/apt,690.0,True,0,0,0,0,87,2015-07-21,2016-08-31,13,0.4,Barcelona,2018-04-12,False,True
7341153,Entire home/apt,720.0,True,23,53,83,358,97,2016-04-19,2018-10-02,12,0.24,Mallorca,2020-05-28,False,True
7352636,Entire home/apt,2000.0,True,30,60,90,365,86,2015-08-23,2019-08-24,7,0.11,Girona,2020-10-28,False,True
7355769,Private room,300.0,True,30,60,90,365,,,,0,,Barcelona,2018-10-10,False,
7356458,Private room,480.0,True,29,59,89,89,87,2015-08-23,2016-08-29,25,0.48,Barcelona,2019-12-10,False,True
7362133,Entire home/apt,2000.0,True,0,0,0,0,,,,0,,Girona,2019-03-30,False,
7362688,Entire home/apt,1350.0,True,30,60,90,365,60,2018-11-23,2018-12-17,2,0.09,Madrid,2020-09-13,False,False
7374096,Entire home/apt,1950.0,True,30,60,71,342,,,,0,,Girona,2019-05-29,False,
7375206,Private room,980.0,True,29,59,89,364,92,2016-08-12,2018-07-15,10,0.33,Girona,2019-02-19,False,True
7386172,Entire home/apt,2000.0,True,12,16,16,142,100,2017-07-04,2019-09-05,3,0.11,Mallorca,2019-09-28,False,True
7395565,Private room,250.0,True,23,53,77,317,86,2015-10-24,2018-07-30,14,0.4,Girona,2018-09-28,False,True
7396461,Private room,750.0,True,0,0,22,297,100,2016-10-30,2016-10-30,1,0.03,Girona,2019-07-29,False,True
7412177,Entire home/apt,800.0,False,0,0,0,0,100,2015-08-29,2016-08-11,3,0.16,Barcelona,2017-04-08,False,True
7414674,Private room,250.0,True,30,60,90,365,91,2015-08-07,2020-06-19,70,1.19,Malaga,2020-06-30,False,True
7432394,Private room,200.0,True,0,0,0,0,,,,0,,Madrid,2020-07-17,False,
7432987,Entire home/apt,1270.0,True,30,60,90,365,95,2015-08-07,2021-01-26,221,3.34,Madrid,2021-02-09,False,True
7434098,Entire home/apt,590.0,False,10,28,53,328,94,2015-08-05,2016-08-28,21,1.04,Madrid,2017-04-08,False,True
7436836,Entire home/apt,2500.0,True,19,49,79,354,100,2016-03-30,2017-07-15,2,0.06,Mallorca,2018-12-18,False,True
7437270,Private room,280.0,True,30,60,90,365,84,2015-08-08,2015-11-27,9,0.15,Barcelona,2020-09-12,False,True
7444465,Entire home/apt,460.0,True,0,0,13,288,94,2015-07-28,2019-05-29,57,1.21,Malaga,2019-06-30,False,True
7445971,Entire home/apt,5000.0,True,29,59,89,364,98,2015-10-12,2019-04-07,21,0.37,Madrid,2020-07-17,False,True
7448056,Private room,550.0,True,21,51,81,261,98,2015-08-20,2019-09-30,120,2.4,Barcelona,2019-10-16,False,True
7448196,Entire home/apt,700.0,True,0,4,18,130,100,2016-09-18,2018-04-13,3,0.13,Mallorca,2018-07-29,False,True
7448657,Entire home/apt,850.0,True,0,0,0,0,96,2016-03-13,2019-10-26,25,0.56,Valencia,2019-11-30,False,True
7451944,Entire home/apt,500.0,True,0,0,0,255,90,2015-08-05,2016-11-06,4,0.15,Barcelona,2017-10-07,False,True
7453345,Entire home/apt,1250.0,True,0,0,0,0,80,2015-08-21,2015-08-21,1,0.04,Barcelona,2017-10-07,False,True
7458322,Private room,900.0,True,0,0,0,0,95,2015-08-07,2018-08-19,43,1.01,Menorca,2019-02-24,False,True
7466870,Entire home/apt,550.0,True,18,18,18,167,100,2017-09-04,2018-01-29,2,0.24,Barcelona,2018-05-14,False,True
7488688,Entire home/apt,1600.0,True,0,10,30,251,97,2016-07-04,2018-07-06,7,0.24,Mallorca,2018-12-18,False,True
7489589,Private room,300.0,True,17,34,34,255,88,2015-08-08,2018-04-01,17,0.53,Barcelona,2018-04-12,False,True
7496805,Entire home/apt,1100.0,True,0,0,0,0,96,2015-08-20,2015-09-28,5,0.2,Barcelona,2017-09-12,False,True
7505970,Entire home/apt,1070.0,False,15,36,61,331,,,,0,,Madrid,2017-03-06,False,
7507208,Entire home/apt,400.0,True,0,25,26,26,87,2015-10-26,2020-03-03,66,1.19,Malaga,2020-05-31,False,True
7512059,Entire home/apt,1100.0,True,0,0,0,0,,,,0,,Madrid,2018-09-11,False,
7513927,Private room,410.0,True,1,1,1,1,94,2015-07-30,2017-10-25,124,4.37,Barcelona,2017-12-09,False,True
7522177,Private room,400.0,True,0,0,0,248,87,2015-08-09,2017-08-31,20,0.79,Barcelona,2017-09-12,False,True
7542869,Private room,600.0,True,0,0,0,0,100,2015-09-05,2015-10-12,4,0.16,Barcelona,2017-10-07,False,True
7551015,Entire home/apt,450.0,True,29,59,89,179,,,,0,,Girona,2018-11-26,False,
7562216,Entire home/apt,650.0,True,15,39,67,332,94,2015-09-06,2018-12-18,201,4.98,Madrid,2019-01-14,False,True
7574200,Private room,600.0,True,29,59,89,364,,,,0,,Barcelona,2018-10-10,False,
7576999,Private room,300.0,True,0,0,0,0,,,,0,,Barcelona,2020-09-12,False,
7578060,Private room,350.0,True,0,0,0,0,,,,0,,Madrid,2018-07-10,False,
7579001,Entire home/apt,1600.0,True,0,28,58,318,90,2015-08-08,2019-07-21,6,0.11,Girona,2020-02-29,False,True
7585653,Entire home/apt,3750.0,True,30,45,75,350,93,2015-09-24,2019-05-13,11,0.25,Mallorca,2019-05-27,False,True
7587716,Entire home/apt,1000.0,False,30,60,73,73,,,,0,,Barcelona,2017-02-09,False,
7588305,Entire home/apt,1000.0,False,12,35,61,325,,,,0,,Barcelona,2017-04-08,False,
7593131,Private room,250.0,True,19,41,60,269,,,,0,,Madrid,2018-07-10,False,
7599041,Private room,250.0,True,13,28,50,50,96,2015-08-16,2019-08-31,346,7.12,Malaga,2019-09-01,False,True
7599140,Entire home/apt,1500.0,True,21,51,81,356,,,,0,,Malaga,2020-06-30,False,
7606874,Entire home/apt,1000.0,False,9,23,53,328,70,2015-08-25,2016-06-15,2,0.1,Barcelona,2017-05-07,False,False
7608106,Entire home/apt,1880.0,True,1,8,28,36,100,2016-07-02,2016-07-02,1,0.03,Mallorca,2019-07-25,False,True
7610387,Entire home/apt,390.0,True,28,58,88,88,97,2015-09-09,2018-12-09,176,3.1,Sevilla,2020-05-30,False,True
7612210,Private room,300.0,True,0,0,0,0,,,,0,,Barcelona,2019-05-14,False,
7613318,Private room,330.0,True,15,35,65,84,85,2015-09-08,2018-10-19,133,3.5,Barcelona,2018-11-07,False,True
7624681,Private room,250.0,False,9,29,54,272,82,2015-08-08,2017-07-11,45,1.88,Barcelona,2017-08-06,False,True
7624956,Private room,150.0,True,0,0,0,0,93,2015-08-14,2016-10-04,9,0.16,Madrid,2020-05-14,False,True
7628374,Entire home/apt,1800.0,True,29,59,89,364,,,,0,,Barcelona,2019-12-10,False,
7628496,Entire home/apt,2430.0,True,29,56,86,358,,,,0,,Barcelona,2018-11-07,False,
7633010,Private room,390.0,False,28,58,88,179,100,2016-07-04,2016-08-31,2,0.2,Barcelona,2017-05-07,False,True
7634833,Private room,400.0,True,0,0,0,0,98,2015-08-07,2017-01-07,17,0.31,Barcelona,2020-02-16,False,True
7644233,Entire home/apt,3830.0,True,22,52,82,348,,2015-12-08,2015-12-08,1,0.02,Mallorca,2019-10-28,False,
7645328,Entire home/apt,2000.0,True,28,58,88,297,96,2015-11-03,2019-10-06,27,0.56,Girona,2019-10-30,False,True
7646595,Private room,540.0,True,30,60,90,365,93,2015-08-08,2017-09-30,74,2.84,Barcelona,2017-10-07,False,True
7646660,Entire home/apt,1250.0,True,14,29,53,222,93,2015-10-12,2018-08-01,61,1.77,Sevilla,2018-08-27,False,True
7650492,Entire home/apt,1000.0,True,0,0,0,0,100,2015-09-14,2017-10-07,5,0.16,Madrid,2018-05-14,False,True
7655260,Private room,300.0,True,29,54,84,359,89,2015-08-10,2020-03-10,121,2.08,Barcelona,2020-06-13,False,True
7673763,Entire home/apt,450.0,True,1,31,54,152,96,2015-08-24,2019-08-16,104,2.15,Valencia,2019-09-01,False,True
7683900,Entire home/apt,900.0,True,29,59,89,173,83,2015-09-03,2020-07-19,157,2.63,Barcelona,2020-08-24,False,True
7690343,Entire home/apt,5000.0,True,18,42,72,162,100,2016-07-02,2018-07-28,4,0.15,Girona,2018-08-30,False,True
7694865,Entire home/apt,650.0,True,0,0,0,0,70,2015-08-18,2015-12-08,3,0.05,Madrid,2020-06-13,False,False
7696397,Entire home/apt,2000.0,False,0,0,0,0,100,2015-08-21,2017-03-01,6,0.29,Barcelona,2017-05-07,False,True
7710206,Entire home/apt,1200.0,True,0,0,0,0,,,,0,,Madrid,2018-04-12,False,
7718951,Entire home/apt,600.0,True,26,47,69,333,98,2016-06-19,2020-10-11,193,3.68,Malaga,2020-10-30,False,True
7725978,Entire home/apt,600.0,False,11,41,71,346,91,2015-08-26,2017-05-31,56,2.62,Barcelona,2017-06-05,False,True
7727522,Private room,300.0,True,0,0,0,0,87,2015-09-06,2018-05-16,13,0.21,Madrid,2020-10-17,False,True
7732757,Entire home/apt,1500.0,True,13,33,50,279,98,2015-08-07,2019-01-09,124,3.0,Madrid,2019-01-14,False,True
7736462,Private room,350.0,True,0,0,0,0,,,,0,,Barcelona,2020-03-16,False,
7736738,Entire home/apt,1000.0,False,30,60,82,357,100,2016-01-07,2016-07-22,8,0.57,Madrid,2017-03-06,False,True
7745506,Entire home/apt,790.0,True,30,54,84,356,100,2015-08-28,2015-08-28,1,0.02,Valencia,2020-10-24,False,True
7746584,Entire home/apt,1950.0,True,27,57,87,267,99,2016-08-06,2020-11-06,64,1.21,Girona,2020-12-31,False,True
7755595,Private room,500.0,True,0,0,0,0,96,2015-09-14,2016-01-30,17,0.28,Barcelona,2020-10-12,False,True
7757714,Private room,250.0,False,0,0,0,216,60,2015-08-19,2015-10-17,3,0.13,Barcelona,2017-08-06,False,False
7767099,Entire home/apt,1800.0,True,20,50,80,355,,,,0,,Mallorca,2018-07-29,False,
7770648,Entire home/apt,900.0,True,2,16,33,266,88,2015-09-02,2017-12-27,112,3.92,Madrid,2018-01-17,False,True
7777582,Entire home/apt,690.0,True,20,28,34,34,93,2016-01-31,2020-03-10,110,2.11,Valencia,2020-05-31,False,True
7777757,Private room,300.0,True,0,16,46,321,94,2015-08-24,2019-06-24,69,1.39,Barcelona,2019-10-16,False,True
7783540,Entire home/apt,490.0,False,30,60,90,365,83,2015-09-17,2017-02-28,42,2.38,Madrid,2017-03-06,False,True
7805411,Private room,490.0,True,6,6,6,6,91,2015-08-16,2017-10-24,93,3.45,Barcelona,2017-11-13,False,True
7813061,Entire home/apt,1350.0,False,0,0,28,233,85,2016-07-26,2016-10-24,4,0.52,Mallorca,2017-03-15,False,True
7817899,Private room,240.0,True,7,28,49,49,90,2015-08-14,2019-12-21,224,4.23,Barcelona,2020-01-10,False,True
7819262,Private room,290.0,True,0,0,0,0,,,,0,,Madrid,2020-05-14,False,
7849235,Private room,1000.0,True,0,0,0,0,60,2015-08-22,2015-08-22,1,0.03,Barcelona,2018-08-14,False,False
7851117,Entire home/apt,1000.0,True,28,50,80,347,91,2015-08-24,2020-08-10,120,2.0,Barcelona,2020-08-24,False,True
7878984,Entire home/apt,620.0,True,26,56,78,271,100,2016-07-20,2019-02-10,4,0.12,Girona,2019-03-30,False,True
7879795,Private room,320.0,True,1,8,25,48,90,2016-08-06,2019-12-04,167,4.16,Barcelona,2019-12-10,False,True
7880349,Entire home/apt,500.0,True,29,57,70,263,94,2015-08-29,2018-11-22,45,1.08,Girona,2019-02-19,False,True
7885189,Entire home/apt,800.0,True,0,9,39,114,90,2015-08-18,2017-12-09,43,1.34,Girona,2018-04-21,False,True
7887621,Entire home/apt,850.0,True,26,56,59,301,87,2016-08-30,2019-01-04,11,0.35,Malaga,2019-03-31,False,True
7897182,Entire home/apt,850.0,True,8,11,11,269,94,2016-04-08,2019-03-07,33,0.9,Sevilla,2019-04-27,False,True
7899727,Entire home/apt,800.0,True,1,7,13,250,94,2016-05-09,2018-03-26,94,4.06,Barcelona,2018-04-12,False,True
7899729,Entire home/apt,580.0,True,0,0,0,0,80,2016-01-05,2018-01-04,2,0.04,Madrid,2019-12-10,False,True
7907083,Entire home/apt,1040.0,True,9,9,9,236,96,2015-09-13,2020-01-04,35,0.55,Madrid,2021-01-12,False,True
7907846,Entire home/apt,1000.0,True,0,0,0,0,78,2015-08-24,2018-08-13,8,0.2,Barcelona,2019-01-14,False,False
7908089,Entire home/apt,1500.0,True,23,53,83,358,96,2016-07-12,2019-09-02,41,1.06,Mallorca,2019-09-28,False,True
7914789,Entire home/apt,800.0,True,16,46,76,166,94,2015-08-27,2018-09-03,21,0.41,Mallorca,2019-11-28,False,True
7928220,Entire home/apt,950.0,True,0,0,0,0,,,,0,,Mallorca,2020-05-28,False,
7933821,Entire home/apt,450.0,True,30,31,31,203,91,2015-09-02,2020-03-15,49,0.88,Valencia,2020-04-28,False,True
7938522,Entire home/apt,2500.0,True,10,24,41,312,92,2015-10-08,2019-07-06,40,0.88,Mallorca,2019-07-25,False,True
7944610,Entire home/apt,3500.0,False,10,28,52,313,86,2015-10-26,2017-07-16,42,1.96,Barcelona,2017-08-06,False,True
7948633,Entire home/apt,,True,0,0,0,0,,,,0,,Mallorca,2019-06-27,True,
7968113,Private room,380.0,True,29,59,89,364,96,2015-10-31,2018-07-15,85,2.54,Madrid,2018-08-14,False,True
7968185,Shared room,250.0,True,30,60,90,365,90,2016-02-24,2018-01-01,6,0.26,Barcelona,2018-02-07,False,True
7968876,Entire home/apt,570.0,True,0,6,16,268,98,2015-09-21,2018-11-19,64,1.68,Sevilla,2018-11-22,False,True
7968938,Private room,490.0,True,11,32,62,82,97,2015-10-13,2019-04-29,130,3.02,Barcelona,2019-05-14,False,True
7978189,Entire home/apt,1500.0,True,27,57,87,362,100,2017-04-16,2019-05-04,4,0.13,Barcelona,2019-12-10,False,True
7980877,Private room,330.0,True,0,9,39,314,93,2016-07-12,2017-07-05,3,0.14,Barcelona,2018-04-12,False,True
7992378,Entire home/apt,950.0,True,30,60,90,365,80,2017-09-17,2017-09-17,1,1.52,Barcelona,2017-10-07,False,True
7998100,Entire home/apt,630.0,True,1,31,61,204,88,2015-10-18,2018-10-28,31,0.82,Barcelona,2018-12-10,False,True
8011473,Entire home/apt,700.0,True,29,59,89,364,,,,0,,Madrid,2018-08-14,False,
8011996,Entire home/apt,1000.0,True,30,60,90,206,,2017-11-21,2017-11-21,1,0.21,Barcelona,2018-04-12,False,
8012945,Entire home/apt,2800.0,True,28,58,77,332,90,2016-06-20,2016-09-11,4,0.12,Girona,2019-04-29,False,True
8021499,Entire home/apt,900.0,True,0,0,0,0,100,2017-09-15,2018-09-03,2,0.06,Valencia,2020-08-30,False,True
8023971,Private room,300.0,True,0,0,0,245,85,2015-09-21,2017-04-23,5,0.2,Barcelona,2017-10-07,False,True
8024531,Entire home/apt,1390.0,True,19,35,65,325,88,2015-09-15,2018-08-13,189,5.33,Sevilla,2018-08-27,False,True
8025186,Entire home/apt,850.0,True,0,0,0,152,80,2016-01-01,2017-05-07,2,0.06,Barcelona,2018-09-11,False,True
8031140,Entire home/apt,570.0,True,25,55,68,119,91,2015-11-19,2020-03-03,88,1.57,Madrid,2020-07-17,False,True
8038456,Entire home/apt,730.0,True,27,57,87,87,80,2015-09-14,2017-09-30,4,0.08,Valencia,2019-11-30,False,True
8045300,Entire home/apt,1800.0,True,0,0,0,0,,,,0,,Mallorca,2018-08-21,False,
8065307,Entire home/apt,400.0,True,24,54,84,138,96,2016-04-11,2020-02-23,182,3.33,Sevilla,2020-10-29,False,True
8069248,Private room,240.0,True,9,39,69,69,84,2015-10-12,2018-09-01,101,2.88,Barcelona,2018-09-11,False,True
8074942,Entire home/apt,4000.0,True,11,37,54,301,95,2016-09-03,2017-11-26,21,1.38,Barcelona,2017-12-09,False,True
8075920,Entire home/apt,1200.0,True,0,0,0,0,92,2016-01-03,2017-08-28,12,0.31,Madrid,2019-03-08,False,True
8099214,Entire home/apt,1000.0,False,12,21,51,312,93,2015-09-28,2017-03-16,42,2.29,Barcelona,2017-04-08,False,True
8099448,Private room,250.0,True,29,59,89,364,100,2016-02-26,2017-06-18,4,0.17,Barcelona,2018-02-07,False,True
8105067,Private room,270.0,True,24,51,81,356,92,2015-09-14,2019-10-24,134,2.69,Madrid,2019-11-09,False,True
8109509,Entire home/apt,530.0,True,0,0,0,0,90,2015-09-15,2015-10-10,2,0.07,Barcelona,2018-01-17,False,True
8110333,Entire home/apt,,False,17,37,56,311,85,2016-01-03,2017-04-16,22,1.36,Barcelona,2017-05-07,True,True
8142940,Entire home/apt,2250.0,True,0,0,9,284,98,2016-06-28,2018-07-28,10,0.29,Girona,2019-05-29,False,True
8158709,Entire home/apt,390.0,True,28,58,65,65,95,2015-09-18,2020-07-22,122,2.06,Madrid,2020-08-25,False,True
8181779,Entire home/apt,1100.0,True,11,41,71,161,90,2016-07-19,2018-08-10,12,0.39,Barcelona,2019-02-06,False,True
8187321,Entire home/apt,710.0,False,2,10,40,315,87,2015-09-29,2017-08-06,60,2.69,Barcelona,2017-08-06,False,True
8201621,Entire home/apt,520.0,False,0,0,0,0,90,2015-09-13,2015-09-21,2,0.11,Madrid,2017-03-06,False,True
8207999,Private room,490.0,True,0,0,0,0,90,2015-09-21,2015-09-21,2,0.06,Barcelona,2018-09-11,False,True
8215329,Entire home/apt,1450.0,True,7,37,67,342,97,2016-01-03,2019-07-21,13,0.3,Girona,2019-07-29,False,True
8215716,Entire home/apt,950.0,True,30,60,90,365,80,2019-06-28,2019-06-28,1,0.1,Barcelona,2020-05-11,False,True
8215879,Entire home/apt,950.0,True,3,10,23,278,80,2016-05-25,2017-06-03,2,0.09,Barcelona,2018-04-12,False,True
8216543,Entire home/apt,1200.0,False,0,2,22,285,85,2015-12-31,2017-06-06,5,0.27,Barcelona,2017-07-06,False,True
8257847,Entire home/apt,990.0,False,6,36,66,68,86,2015-10-06,2017-07-21,33,1.5,Barcelona,2017-08-06,False,True
8260073,Entire home/apt,1750.0,True,0,0,0,154,98,2015-11-07,2019-08-04,28,0.51,Girona,2020-05-28,False,True
8271873,Private room,190.0,True,0,0,0,189,98,2015-09-15,2020-08-21,301,4.87,Barcelona,2020-11-06,False,True
8287073,Entire home/apt,1200.0,False,0,0,0,0,93,2015-10-11,2017-01-01,7,0.44,Barcelona,2017-02-09,False,True
8290927,Private room,400.0,True,0,0,0,0,,,,0,,Barcelona,2017-10-07,False,
8299987,Entire home/apt,1390.0,False,4,7,18,280,94,2017-03-27,2017-07-28,10,2.3,Barcelona,2017-08-06,False,True
8303125,Hotel room,1860.0,True,0,0,2,229,90,2015-11-23,2018-02-19,4,0.06,Madrid,2021-01-12,False,True
8316352,Private room,550.0,True,4,9,9,16,97,2015-09-28,2019-03-22,21,0.49,Madrid,2019-04-11,False,True
8317251,Entire home/apt,2000.0,True,30,60,90,365,,,,0,,Mallorca,2020-11-08,False,
8338269,Entire home/apt,990.0,True,4,7,7,165,98,2015-10-26,2018-09-25,50,1.42,Menorca,2018-09-28,False,True
8345256,Entire home/apt,,True,30,60,90,365,98,2015-09-21,2018-07-15,48,0.76,Madrid,2020-12-17,True,True
8345529,Private room,400.0,False,6,22,46,130,95,2016-10-17,2017-03-03,4,0.7,Barcelona,2017-04-08,False,True
8352016,Entire home/apt,750.0,True,0,0,1,244,99,2015-09-29,2020-10-22,203,3.16,Girona,2021-01-31,False,True
8352449,Entire home/apt,490.0,True,25,50,80,80,89,2015-09-30,2018-06-05,58,1.66,Sevilla,2018-08-27,False,True
8370275,Private room,300.0,True,24,54,84,359,92,2015-09-30,2018-06-23,24,0.72,Madrid,2018-07-10,False,True
8380683,Private room,240.0,True,16,46,76,351,97,2015-11-09,2019-03-24,220,5.4,Valencia,2019-03-31,False,True
8382715,Private room,100.0,True,0,0,0,1,90,2015-10-11,2020-09-27,418,6.66,Malaga,2020-12-30,False,True
8402787,Entire home/apt,990.0,True,5,26,42,310,92,2015-10-03,2019-06-08,210,4.64,Madrid,2019-07-10,False,True
8405250,Private room,1260.0,True,12,26,39,299,78,2015-09-18,2019-06-02,16,0.35,Madrid,2019-07-10,False,False
8405901,Entire home/apt,1000.0,True,13,43,73,348,100,2016-06-25,2016-07-28,2,0.06,Barcelona,2019-05-14,False,True
8414213,Entire home/apt,2620.0,True,4,14,29,296,100,2017-03-21,2017-03-21,1,0.05,Sevilla,2018-12-21,False,True
8418514,Private room,500.0,True,13,43,73,348,98,2015-10-12,2020-03-09,170,2.65,Madrid,2021-02-09,False,True
8432486,Private room,290.0,False,30,60,90,358,89,2015-10-17,2017-01-23,45,2.84,Barcelona,2017-02-09,False,True
8442992,Entire home/apt,690.0,True,5,35,50,50,97,2015-09-21,2018-07-22,41,1.19,Girona,2018-07-31,False,True
8452768,Entire home/apt,1100.0,True,20,50,62,65,91,2015-10-06,2018-10-14,30,0.82,Sevilla,2018-10-18,False,True
8455978,Entire home/apt,810.0,True,0,16,28,103,97,2015-10-31,2020-02-01,44,0.84,Madrid,2020-03-17,False,True
8482861,Private room,200.0,True,0,0,0,246,81,2015-09-24,2016-05-29,16,0.51,Madrid,2018-05-14,False,True
8491814,Entire home/apt,800.0,True,8,36,66,341,93,2015-12-31,2020-01-28,90,1.83,Girona,2020-01-31,False,True
8517585,Entire home/apt,690.0,True,3,4,32,37,98,2015-10-22,2019-03-03,87,2.15,Madrid,2019-03-08,False,True
8521963,Private room,120.0,True,0,0,0,228,96,2015-12-05,2019-08-31,5,0.11,Barcelona,2019-09-17,False,True
8528333,Entire home/apt,550.0,True,2,5,14,219,92,2015-09-28,2019-04-10,205,4.83,Madrid,2019-04-11,False,True
8544919,Private room,530.0,True,15,45,75,350,97,2016-01-02,2020-08-24,80,1.3,Mallorca,2021-02-11,False,True
8548754,Entire home/apt,1290.0,True,26,53,83,338,95,2016-09-24,2018-11-03,12,0.46,Girona,2018-11-26,False,True
8551651,Private room,450.0,True,0,0,8,283,94,2015-09-28,2018-11-02,11,0.27,Madrid,2019-02-06,False,True
8553863,Entire home/apt,910.0,True,0,8,38,291,90,2015-09-28,2019-03-31,12,0.28,Barcelona,2019-04-10,False,True
8560924,Private room,500.0,True,30,60,90,365,,,,0,,Barcelona,2017-09-12,False,
8577709,Entire home/apt,800.0,False,5,14,23,277,86,2015-11-01,2017-02-20,41,2.54,Barcelona,2017-03-06,False,True
8579303,Private room,500.0,True,1,1,1,10,86,2015-10-04,2017-09-30,149,6.17,Barcelona,2017-10-07,False,True
8598604,Entire home/apt,1020.0,True,30,60,90,365,,,,0,,Mallorca,2019-10-28,False,
8605416,Entire home/apt,2390.0,True,30,60,90,365,100,2018-07-08,2018-07-08,1,0.03,Mallorca,2021-01-16,False,True
8606569,Private room,260.0,True,28,58,88,88,100,2016-03-23,2017-09-17,5,0.09,Valencia,2020-09-28,False,True
8620038,Private room,350.0,True,1,1,1,1,95,2017-05-07,2020-03-15,21,0.56,Barcelona,2020-06-13,False,True
8625967,Private room,350.0,True,0,0,0,0,81,2015-10-06,2017-08-22,41,0.64,Barcelona,2021-02-09,False,True
8649608,Private room,250.0,True,15,45,75,350,99,2016-10-06,2018-02-25,14,0.73,Madrid,2018-05-14,False,True
8659814,Entire home/apt,1150.0,True,30,60,90,365,93,2015-10-06,2017-10-23,19,0.75,Barcelona,2017-11-13,False,True
8659944,Private room,290.0,True,9,31,55,326,97,2015-10-04,2017-11-05,111,4.04,Madrid,2018-01-17,False,True
8665229,Private room,330.0,True,4,4,4,4,74,2015-10-10,2017-09-12,41,1.71,Barcelona,2017-10-07,False,False
8678755,Entire home/apt,460.0,True,14,31,58,317,91,2015-10-08,2017-08-04,40,1.13,Sevilla,2018-09-22,False,True
8679279,Entire home/apt,900.0,True,29,59,89,89,95,2016-12-11,2019-06-23,36,1.1,Girona,2019-08-31,False,True
8682598,Private room,290.0,True,17,47,77,345,98,2017-01-22,2019-02-18,45,1.66,Sevilla,2019-04-27,False,True
8687968,Entire home/apt,1300.0,True,30,53,81,258,,,,0,,Barcelona,2018-06-09,False,
8697956,Private room,320.0,True,8,36,66,341,82,2018-09-25,2019-02-19,9,1.38,Madrid,2019-04-11,False,True
8699662,Private room,590.0,True,0,0,0,0,80,2015-10-29,2015-10-29,1,0.03,Mallorca,2019-02-17,False,True
8708285,Entire home/apt,950.0,False,7,37,67,342,90,2015-10-13,2017-04-11,7,0.37,Barcelona,2017-05-07,False,True
8713265,Private room,200.0,True,18,45,73,348,78,2016-01-05,2019-09-10,117,2.63,Barcelona,2019-09-17,False,False
8728121,Entire home/apt,900.0,False,0,0,0,0,100,2015-10-13,2015-10-13,1,0.06,Madrid,2017-04-08,False,True
8732880,Private room,400.0,True,0,0,0,0,95,2015-10-12,2016-06-08,11,0.4,Madrid,2018-01-17,False,True
8747669,Entire home/apt,730.0,True,30,57,87,362,,,,0,,Barcelona,2018-04-12,False,
8749646,Private room,620.0,True,5,5,5,5,84,2015-11-13,2017-10-23,9,0.37,Barcelona,2017-11-13,False,True
8753004,Private room,200.0,True,0,0,0,0,80,2015-10-13,2015-12-09,2,0.07,Madrid,2018-01-17,False,True
8755195,Entire home/apt,800.0,True,3,20,36,179,92,2015-11-02,2018-10-07,53,1.5,Madrid,2018-10-10,False,True
8785365,Entire home/apt,640.0,True,0,0,10,184,80,2016-09-04,2016-09-04,1,0.03,Mallorca,2019-06-27,False,True
8796971,Private room,180.0,True,30,60,90,365,40,2015-11-16,2016-01-02,2,0.03,Madrid,2020-08-25,False,False
8842446,Entire home/apt,350.0,False,0,1,5,261,91,2015-10-18,2017-06-09,35,1.7,Barcelona,2017-07-06,False,True
8858054,Entire home/apt,500.0,True,0,0,0,0,97,2015-12-08,2019-03-31,37,0.61,Madrid,2020-12-17,False,True
8874708,Private room,590.0,True,0,0,0,0,80,2016-02-24,2016-02-24,1,0.02,Barcelona,2019-12-10,False,True
8878941,Private room,620.0,True,30,60,90,365,60,2017-12-09,2017-12-09,1,0.78,Madrid,2018-01-17,False,False
8893111,Entire home/apt,1950.0,True,0,0,0,120,79,2015-12-26,2020-03-01,15,0.28,Valencia,2020-05-31,False,False
8893392,Entire home/apt,700.0,True,0,4,9,9,84,2015-10-27,2020-03-18,212,3.81,Madrid,2020-06-13,False,True
8923152,Private room,550.0,False,16,46,76,76,93,2016-05-28,2017-07-01,36,2.71,Barcelona,2017-07-06,False,True
8931118,Entire home/apt,2470.0,False,11,40,70,345,95,2015-11-20,2017-02-07,49,3.33,Barcelona,2017-02-09,False,True
8933347,Entire home/apt,1000.0,True,8,34,58,324,81,2015-11-22,2018-09-15,29,0.84,Barcelona,2018-10-10,False,True
8933966,Entire home/apt,1200.0,True,21,21,21,225,95,2016-05-05,2020-08-22,56,1.03,Mallorca,2020-11-08,False,True
8938744,Private room,260.0,True,0,0,0,0,,,,0,,Barcelona,2019-06-07,False,
8938905,Private room,420.0,True,5,35,65,340,87,2016-07-21,2018-08-21,53,2.04,Mallorca,2018-09-18,False,True
8949091,Entire home/apt,1900.0,True,22,35,45,268,100,2017-06-10,2017-06-10,1,0.1,Mallorca,2018-04-18,False,True
8953520,Private room,250.0,True,0,14,44,319,90,2016-05-16,2019-11-30,43,0.78,Barcelona,2020-12-16,False,True
8978429,Shared room,100.0,False,24,54,84,359,95,2016-01-10,2017-05-29,8,0.48,Barcelona,2017-06-05,False,True
8979120,Private room,440.0,True,0,0,0,0,96,2016-10-21,2019-03-25,26,0.54,Madrid,2020-11-06,False,True
8979204,Private room,350.0,True,0,0,0,0,100,2015-11-22,2016-02-10,7,0.31,Barcelona,2017-10-07,False,True
8981681,Hotel room,1800.0,True,17,27,35,197,100,2015-11-17,2019-07-14,8,0.16,Sevilla,2020-02-29,False,True
9012509,Private room,120.0,True,0,0,0,0,100,2015-11-15,2015-11-15,1,0.03,Barcelona,2018-11-07,False,True
9020920,Entire home/apt,1000.0,True,5,32,62,330,69,2016-04-15,2017-03-19,7,0.33,Barcelona,2018-01-17,False,False
9021581,Entire home/apt,1100.0,True,27,57,87,177,90,2016-01-02,2018-09-02,23,0.68,Girona,2018-10-20,False,True
9022672,Private room,240.0,True,8,33,56,327,95,2015-11-01,2018-04-05,163,5.55,Madrid,2018-04-12,False,True
9040814,Private room,450.0,False,2,4,13,274,92,2016-08-06,2017-04-06,38,4.72,Barcelona,2017-04-08,False,True
9071819,Private room,170.0,True,6,19,39,241,94,2016-02-19,2019-10-22,342,7.7,Malaga,2019-10-31,False,True
9103409,Entire home/apt,900.0,True,6,18,37,277,95,2015-10-26,2019-02-02,152,3.78,Valencia,2019-02-28,False,True
9106139,Entire home/apt,250.0,True,1,1,1,1,84,2016-06-18,2019-10-04,34,0.62,Girona,2020-12-31,False,True
9109924,Entire home/apt,450.0,True,0,0,0,0,95,2016-04-09,2016-06-05,4,0.19,Madrid,2018-01-17,False,True
9122183,Private room,200.0,True,0,5,17,228,100,2015-12-07,2019-07-17,154,3.52,Sevilla,2019-07-29,False,True
9122315,Entire home/apt,1380.0,True,6,29,59,258,100,2017-05-30,2018-05-27,2,0.13,Mallorca,2018-09-18,False,True
9124283,Entire home/apt,590.0,True,26,52,82,357,90,2016-05-08,2018-11-01,29,0.95,Girona,2018-11-26,False,True
9124729,Entire home/apt,1450.0,True,22,49,79,345,94,2015-11-09,2019-12-19,225,4.52,Sevilla,2019-12-31,False,True
9124815,Entire home/apt,690.0,True,9,31,61,336,91,2016-02-15,2018-06-23,27,0.92,Girona,2018-07-31,False,True
9126438,Entire home/apt,2000.0,True,28,46,59,130,75,2017-08-05,2019-08-17,4,0.12,Girona,2020-04-30,False,False
9127476,Entire home/apt,750.0,True,10,15,26,106,94,2016-02-04,2018-09-29,75,2.33,Madrid,2018-10-10,False,True
9128910,Entire home/apt,520.0,True,29,55,82,349,95,2015-11-29,2020-03-17,452,8.44,Madrid,2020-05-14,False,True
9136431,Entire home/apt,840.0,True,0,0,0,70,87,2015-11-16,2020-07-31,125,2.09,Valencia,2020-11-10,False,True
9150241,Private room,500.0,False,18,40,70,345,94,2016-03-16,2017-04-05,23,1.8,Barcelona,2017-04-08,False,True
9154907,Private room,220.0,True,0,0,0,0,,,,0,,Barcelona,2017-12-09,False,
9161264,Entire home/apt,1080.0,True,2,19,49,232,,,,0,,Barcelona,2019-06-07,False,
9169934,Private room,450.0,True,23,53,83,173,94,2016-02-27,2019-10-22,27,0.61,Barcelona,2019-11-09,False,True
9224274,Entire home/apt,1850.0,False,30,60,90,365,60,2016-06-28,2016-10-25,4,0.54,Barcelona,2017-02-09,False,False
9224648,Entire home/apt,850.0,False,14,26,53,320,94,2015-11-05,2017-03-06,54,3.37,Madrid,2017-03-06,False,True
9225333,Entire home/apt,1190.0,True,0,21,44,231,100,2016-09-10,2017-10-07,2,0.07,Girona,2019-02-19,False,True
9250389,Entire home/apt,990.0,True,0,0,0,227,96,2016-08-13,2020-02-24,120,2.4,Barcelona,2020-10-12,False,True
9256471,Private room,180.0,True,30,60,90,344,96,2019-06-23,2020-03-08,5,0.44,Valencia,2020-05-31,False,True
9257391,Private room,200.0,True,0,0,0,0,,,,0,,Girona,2019-06-30,False,
9273634,Private room,360.0,False,30,60,90,361,73,2016-01-03,2016-06-22,15,1.24,Barcelona,2017-01-04,False,False
9273891,Entire home/apt,670.0,True,12,25,39,238,84,2015-11-13,2018-10-30,11,0.3,Mallorca,2018-11-20,False,True
9278829,Entire home/apt,690.0,True,26,53,81,124,91,2015-11-28,2017-12-10,102,3.54,Sevilla,2018-04-21,False,True
9288970,Entire home/apt,750.0,True,17,40,70,345,96,2016-01-02,2017-04-12,5,0.16,Mallorca,2018-08-21,False,True
9298157,Entire home/apt,670.0,True,16,41,71,108,92,2015-11-29,2017-10-29,50,2.09,Malaga,2017-11-25,False,True
9306092,Entire home/apt,710.0,True,14,30,60,335,95,2016-02-28,2018-04-08,62,2.44,Madrid,2018-04-12,False,True
9308102,Entire home/apt,950.0,True,7,26,34,303,97,2016-02-09,2019-10-11,69,1.56,Madrid,2019-10-16,False,True
9311615,Entire home/apt,560.0,True,0,0,0,0,,,,0,,Madrid,2020-08-25,False,
9312047,Entire home/apt,2600.0,True,29,59,89,294,98,2016-04-15,2019-07-14,10,0.22,Mallorca,2020-01-29,False,True
9320429,Entire home/apt,1750.0,True,0,0,0,0,,,,0,,Mallorca,2018-09-18,False,
9324193,Entire home/apt,800.0,True,18,48,78,353,83,2016-07-01,2018-08-26,6,0.16,Girona,2019-08-31,False,True
9324575,Entire home/apt,350.0,True,0,0,0,159,78,2016-02-17,2017-11-07,21,0.73,Madrid,2018-07-10,False,False
9358770,Private room,490.0,True,5,9,33,308,97,2016-02-18,2019-04-28,31,0.66,Barcelona,2020-01-10,False,True
9359210,Private room,290.0,True,0,0,0,0,,,,0,,Madrid,2019-12-10,False,
9367812,Private room,300.0,True,23,53,83,174,94,2016-01-05,2020-01-23,145,2.37,Madrid,2021-02-09,False,True
9377811,Entire home/apt,1100.0,True,16,35,38,290,86,2017-04-11,2018-04-29,8,0.61,Barcelona,2018-05-14,False,True
9380158,Entire home/apt,950.0,False,4,11,21,252,100,2016-06-20,2017-03-22,9,0.94,Barcelona,2017-04-08,False,True
9385154,Entire home/apt,640.0,True,4,12,34,306,97,2015-11-23,2019-10-31,299,6.28,Madrid,2019-11-09,False,True
9385786,Entire home/apt,1500.0,True,30,31,31,31,100,2016-08-09,2016-08-09,1,0.03,Girona,2019-08-31,False,True
9398921,Entire home/apt,690.0,True,3,11,19,116,91,2015-12-17,2017-07-29,102,4.88,Barcelona,2017-09-12,False,True
9419502,Entire home/apt,800.0,True,0,0,0,0,80,2016-06-06,2016-06-06,1,0.04,Barcelona,2018-08-14,False,True
9419850,Entire home/apt,1350.0,True,30,60,90,332,97,2016-07-31,2019-09-09,7,0.13,Mallorca,2021-02-11,False,True
9421482,Entire home/apt,990.0,True,17,41,69,340,87,2016-02-25,2017-09-12,14,0.38,Barcelona,2019-03-08,False,True
9421526,Entire home/apt,700.0,True,9,12,12,107,94,2015-11-16,2018-03-25,93,3.22,Madrid,2018-04-12,False,True
9422043,Entire home/apt,1290.0,True,23,46,75,183,94,2016-05-27,2019-01-07,14,0.44,Barcelona,2019-01-14,False,True
9446046,Entire home/apt,600.0,True,3,14,29,301,89,2016-01-11,2019-06-16,151,3.63,Malaga,2019-06-30,False,True
9454217,Private room,350.0,False,15,45,75,75,96,2015-11-22,2017-03-27,14,0.85,Madrid,2017-04-08,False,True
9469358,Private room,1300.0,True,30,58,74,275,98,2016-08-19,2018-10-26,8,0.19,Barcelona,2020-03-16,False,True
9469885,Entire home/apt,440.0,True,0,0,0,0,87,2016-01-09,2019-11-24,169,3.62,Valencia,2019-11-30,False,True
9473403,Entire home/apt,,True,0,0,0,66,98,2015-12-23,2017-09-25,78,2.02,Madrid,2019-03-08,True,True
9475572,Private room,250.0,True,21,51,81,356,92,2016-06-18,2017-07-16,10,0.53,Barcelona,2018-01-17,False,True
9483720,Entire home/apt,4200.0,True,9,25,41,302,91,2016-02-13,2019-04-23,35,0.83,Barcelona,2019-08-12,False,True
9484967,Entire home/apt,,True,30,60,90,365,80,2016-07-31,2020-08-25,2,0.04,Mallorca,2020-09-19,True,True
9485319,Entire home/apt,550.0,True,0,17,47,322,96,2015-11-23,2017-10-31,65,2.51,Madrid,2018-01-17,False,True
9487962,Entire home/apt,3110.0,True,15,25,39,295,94,2016-02-15,2018-03-20,18,0.67,Barcelona,2018-05-14,False,True
9501190,Entire home/apt,1640.0,True,30,60,90,310,86,2018-09-03,2019-11-05,7,0.44,Mallorca,2019-12-31,False,True
9501577,Private room,290.0,True,23,53,83,358,,,,0,,Barcelona,2018-08-14,False,
9507426,Private room,320.0,True,0,0,7,282,93,2016-06-01,2018-09-29,24,0.85,Barcelona,2018-10-10,False,True
9538667,Entire home/apt,2000.0,True,0,0,0,0,95,2016-02-26,2018-11-25,110,2.85,Barcelona,2019-05-14,False,True
9539049,Private room,180.0,True,0,0,0,0,,2015-12-16,2015-12-16,1,0.02,Madrid,2019-09-19,False,
9553410,Entire home/apt,1770.0,True,0,0,1,117,,,,0,,Mallorca,2019-01-28,False,
9557814,Private room,220.0,False,15,20,50,292,98,2015-12-29,2017-01-01,13,0.97,Barcelona,2017-02-09,False,True
9590507,Private room,390.0,True,16,36,66,66,85,2016-02-19,2018-10-25,68,2.06,Mallorca,2018-11-20,False,True
9600495,Entire home/apt,800.0,True,24,50,77,333,99,2015-12-07,2020-02-19,72,1.39,Malaga,2020-03-26,False,True
9600924,Entire home/apt,590.0,True,11,25,38,304,97,2015-12-30,2018-12-09,102,2.88,Madrid,2018-12-10,False,True
9602130,Private room,400.0,True,29,59,89,364,98,2015-12-09,2018-04-30,9,0.28,Sevilla,2018-07-31,False,True
9602745,Entire home/apt,630.0,True,0,0,0,0,78,2016-01-05,2018-12-09,58,1.44,Madrid,2019-05-14,False,False
9606267,Private room,110.0,True,13,43,73,348,91,2015-12-29,2020-10-08,257,4.3,Valencia,2020-12-21,False,True
9608116,Private room,360.0,True,13,18,18,53,94,2016-05-29,2018-10-15,33,1.12,Barcelona,2018-11-07,False,True
9609003,Entire home/apt,600.0,True,0,0,0,0,96,2015-12-01,2020-08-31,55,0.89,Madrid,2021-01-12,False,True
9619438,Entire home/apt,1320.0,True,28,29,29,288,100,2016-08-02,2016-08-02,1,0.04,Mallorca,2018-10-17,False,True
9623767,Entire home/apt,500.0,True,25,55,85,354,96,2016-01-03,2020-03-13,72,1.29,Madrid,2020-08-25,False,True
9629805,Entire home/apt,900.0,True,28,58,88,360,96,2015-11-29,2019-12-01,298,6.07,Girona,2019-12-31,False,True
9638801,Entire home/apt,850.0,True,0,0,0,197,89,2016-07-03,2018-09-19,20,0.59,Malaga,2019-05-01,False,True
9639522,Private room,690.0,True,6,8,17,136,97,2016-05-09,2019-01-02,155,4.56,Barcelona,2019-03-08,False,True
9639977,Entire home/apt,1200.0,True,6,18,25,264,99,2015-12-03,2018-02-20,29,1.02,Madrid,2018-04-12,False,True
9649549,Entire home/apt,480.0,True,0,0,0,0,96,2016-02-21,2019-01-06,61,1.67,Madrid,2019-03-08,False,True
9657097,Entire home/apt,1550.0,True,0,18,21,194,,,,0,,Mallorca,2021-02-11,False,
9659396,Entire home/apt,2080.0,True,4,23,46,321,,,,0,,Mallorca,2018-07-29,False,
9664064,Private room,360.0,True,29,47,67,156,96,2015-12-09,2020-03-02,318,6.2,Madrid,2020-03-17,False,True
9665896,Private room,270.0,True,0,0,0,0,100,2016-10-09,2017-05-11,1,0.07,Barcelona,2017-12-09,False,True
9675384,Entire home/apt,1270.0,True,3,3,3,3,89,2016-02-08,2019-09-29,79,1.78,Barcelona,2019-10-16,False,True
9676463,Private room,700.0,True,0,0,0,0,,,,0,,Madrid,2018-05-14,False,
9688685,Entire home/apt,700.0,False,0,0,0,0,80,2016-01-09,2016-01-09,1,0.08,Barcelona,2017-02-09,False,True
9688838,Entire home/apt,290.0,True,0,14,44,319,93,2016-12-30,2020-08-28,6,0.13,Barcelona,2020-12-16,False,True
9701470,Entire home/apt,1170.0,False,2,28,58,333,,,,0,,Barcelona,2017-01-04,False,
9708841,Private room,150.0,True,0,0,0,0,,,,0,,Barcelona,2020-12-16,False,
9722582,Entire home/apt,650.0,True,1,12,26,26,89,2016-04-10,2019-09-21,87,2.06,Barcelona,2019-10-16,False,True
9745553,Entire home/apt,1890.0,True,30,60,90,365,96,2016-03-29,2019-12-09,58,1.01,Madrid,2021-01-12,False,True
9746164,Entire home/apt,270.0,True,29,59,89,364,95,2016-02-22,2020-10-03,87,1.5,Madrid,2020-12-17,False,True
9755908,Private room,600.0,False,0,0,0,0,,,,0,,Barcelona,2017-07-06,False,
9767425,Entire home/apt,1470.0,True,0,13,43,120,87,2016-08-28,2017-09-23,3,0.09,Girona,2019-07-29,False,True
9767886,Entire home/apt,2920.0,True,29,59,89,354,98,2016-09-18,2018-08-19,10,0.24,Mallorca,2020-02-29,False,True
9769026,Entire home/apt,750.0,True,7,37,67,102,93,2016-01-05,2016-09-02,3,0.07,Girona,2019-07-29,False,True
9769983,Entire home/apt,500.0,True,30,34,34,184,95,2016-08-25,2018-06-22,4,0.16,Menorca,2018-09-28,False,True
9784279,Entire home/apt,3520.0,True,11,24,39,206,,,,0,,Sevilla,2019-06-29,False,
9796203,Entire home/apt,650.0,True,21,48,66,321,87,2015-12-08,2019-01-05,89,2.36,Sevilla,2019-01-29,False,True
9805465,Entire home/apt,410.0,True,4,10,29,192,92,2015-12-15,2019-03-17,100,2.54,Sevilla,2019-03-28,False,True
9839053,Entire home/apt,290.0,True,30,60,90,365,84,2015-12-14,2020-03-15,222,4.18,Madrid,2020-05-14,False,True
9853291,Entire home/apt,1500.0,True,0,0,0,100,87,2016-01-02,2018-11-11,10,0.25,Barcelona,2019-04-10,False,True
9876822,Entire home/apt,850.0,False,0,4,7,74,100,2016-03-30,2016-10-30,7,0.57,Madrid,2017-04-08,False,True
9882952,Private room,300.0,True,29,59,89,364,93,2016-03-03,2017-06-30,3,0.06,Barcelona,2020-08-24,False,True
9891769,Entire home/apt,750.0,True,6,21,34,169,97,2016-03-20,2019-03-20,72,1.98,Valencia,2019-03-31,False,True
9892051,Private room,400.0,True,9,11,11,11,94,2015-12-29,2019-05-07,46,1.12,Mallorca,2019-05-27,False,True
9897617,Entire home/apt,570.0,True,0,0,0,44,94,2015-12-28,2020-03-12,139,2.46,Barcelona,2020-09-12,False,True
9898670,Entire home/apt,1000.0,False,1,1,6,252,87,2016-01-27,2017-06-29,67,3.87,Barcelona,2017-07-06,False,True
9899127,Entire home/apt,1800.0,True,0,17,47,178,87,2016-07-31,2018-08-18,6,0.2,Mallorca,2019-02-17,False,True
9914165,Entire home/apt,2430.0,True,4,13,31,261,97,2017-06-04,2019-11-03,38,1.3,Barcelona,2019-11-09,False,True
9914784,Entire home/apt,1600.0,True,27,57,87,362,90,2015-12-29,2018-06-24,81,2.66,Madrid,2018-07-10,False,True
9921111,Entire home/apt,900.0,True,30,60,62,62,100,2017-08-19,2018-07-31,2,0.08,Girona,2019-10-30,False,True
9922861,Private room,250.0,True,8,13,25,290,100,2016-01-06,2017-09-14,5,0.17,Barcelona,2018-06-09,False,True
9931276,Private room,840.0,True,29,45,51,99,99,2016-07-25,2020-03-01,141,3.15,Barcelona,2020-04-16,False,True
9937559,Entire home/apt,990.0,False,0,1,7,170,95,2016-01-25,2017-08-03,101,5.49,Barcelona,2017-08-06,False,True
9940226,Entire home/apt,1900.0,True,9,18,34,294,94,2016-01-02,2018-07-25,146,4.65,Madrid,2018-08-14,False,True
9941704,Private room,350.0,True,0,15,45,135,60,2016-02-28,2016-02-28,1,0.04,Barcelona,2018-05-14,False,False
9949200,Entire home/apt,2500.0,False,30,60,78,243,93,2016-04-26,2016-08-10,3,0.28,Mallorca,2017-03-15,False,True
9951270,Entire home/apt,1670.0,True,13,43,73,87,,,,0,,Mallorca,2019-07-25,False,
9976010,Private room,450.0,True,0,0,0,0,96,2016-01-08,2017-08-03,16,0.34,Barcelona,2019-12-10,False,True
9982070,Entire home/apt,1340.0,True,10,18,18,18,,,,0,,Mallorca,2020-09-19,False,
9982451,Private room,200.0,False,1,1,5,280,88,2016-02-12,2016-08-02,8,0.58,Madrid,2017-04-08,False,True
9986381,Entire home/apt,1290.0,True,4,10,16,251,94,2016-01-01,2019-03-26,110,2.8,Barcelona,2019-04-10,False,True
9991303,Entire home/apt,2500.0,True,29,48,48,48,92,2016-02-22,2017-10-22,10,0.48,Barcelona,2017-11-13,False,True
10003583,Entire home/apt,980.0,True,0,0,0,0,100,2016-05-14,2016-05-14,1,0.03,Mallorca,2018-11-20,False,True
10005342,Entire home/apt,300.0,True,0,0,7,282,78,2016-01-15,2019-05-03,69,1.73,Barcelona,2019-05-14,False,False
10007695,Private room,350.0,False,0,0,0,245,,,,0,,Barcelona,2017-05-07,False,
10008836,Entire home/apt,950.0,True,11,38,68,283,86,2016-03-31,2018-09-09,13,0.43,Girona,2018-09-28,False,True
10016232,Entire home/apt,600.0,True,0,0,0,0,87,2016-01-31,2016-12-30,15,0.42,Madrid,2019-01-14,False,True
10030761,Entire home/apt,3500.0,True,0,0,0,167,,,,0,,Mallorca,2021-01-16,False,
10048434,Entire home/apt,1560.0,True,0,0,0,0,,,,0,,Barcelona,2017-12-09,False,
10049186,Private room,300.0,True,29,59,89,89,95,2016-05-16,2019-10-26,29,0.56,Barcelona,2020-08-24,False,True
10051885,Entire home/apt,500.0,True,0,0,0,0,82,2016-01-03,2019-09-29,82,1.73,Barcelona,2019-12-10,False,True
10052073,Entire home/apt,1200.0,True,20,50,80,170,99,2016-02-28,2018-10-29,53,1.64,Madrid,2018-11-07,False,True
10052599,Entire home/apt,900.0,True,27,54,84,255,87,2016-06-21,2020-02-21,15,0.33,Barcelona,2020-03-16,False,True
10064526,Entire home/apt,760.0,True,26,56,86,176,96,2016-01-02,2020-03-11,178,3.18,Valencia,2020-08-30,False,True
10065456,Entire home/apt,600.0,True,2,7,22,297,100,2016-06-19,2018-05-03,22,0.87,Mallorca,2018-07-29,False,True
10073858,Shared room,250.0,False,30,60,90,365,100,2016-04-11,2016-10-31,4,0.34,Madrid,2017-04-08,False,True
10081378,Private room,260.0,True,0,0,0,0,95,2016-10-06,2020-03-12,9,0.18,Madrid,2021-01-12,False,True
10086645,Entire home/apt,1000.0,False,0,0,0,0,80,2016-01-01,2016-01-26,2,0.13,Barcelona,2017-04-08,False,True
10088939,Entire home/apt,1600.0,True,0,5,8,16,100,2016-07-16,2019-10-04,45,0.95,Mallorca,2020-06-25,False,True
10100174,Private room,300.0,False,5,29,58,333,91,2016-01-02,2017-04-04,67,4.41,Barcelona,2017-04-08,False,True
10147107,Entire home/apt,1720.0,True,0,10,20,23,94,2016-06-17,2018-07-14,19,0.75,Malaga,2018-07-31,False,True
10160540,Private room,400.0,False,0,12,25,69,96,2016-07-25,2017-05-01,22,2.34,Barcelona,2017-05-07,False,True
10163333,Entire home/apt,750.0,True,7,19,49,324,95,2016-06-29,2018-11-05,8,0.21,Barcelona,2019-09-17,False,True
10167887,Entire home/apt,1500.0,True,5,35,65,340,92,2016-01-03,2019-01-03,68,1.87,Barcelona,2019-01-14,False,True
10186267,Private room,300.0,True,0,0,0,0,70,2015-12-31,2016-01-03,2,0.05,Barcelona,2019-04-10,False,False
10197198,Entire home/apt,1160.0,True,0,0,0,122,94,2016-03-29,2020-03-10,82,1.43,Sevilla,2020-12-31,False,True
10203684,Entire home/apt,390.0,True,8,33,56,152,93,2016-01-05,2018-11-22,110,3.16,Malaga,2018-11-27,False,True
10205793,Entire home/apt,1500.0,True,0,0,0,62,90,2016-03-30,2017-09-27,33,1.52,Barcelona,2018-01-17,False,True
10288055,Private room,280.0,True,18,26,26,249,98,2016-09-05,2018-04-09,183,9.53,Madrid,2018-04-12,False,True
10294590,Entire home/apt,2800.0,True,30,60,90,365,,,,0,,Mallorca,2019-03-25,False,
10329314,Entire home/apt,600.0,True,30,60,90,344,85,2016-06-30,2018-09-27,16,0.56,Mallorca,2018-11-20,False,True
10330171,Entire home/apt,1100.0,True,0,19,21,70,96,2019-04-22,2019-10-03,5,0.76,Madrid,2019-11-09,False,True
10330404,Entire home/apt,3500.0,True,28,58,88,307,100,2018-07-14,2018-09-22,2,0.28,Girona,2019-02-19,False,True
10332631,Entire home/apt,3000.0,True,28,58,88,363,93,2016-06-13,2020-08-09,30,0.59,Mallorca,2020-08-28,False,True
10337538,Entire home/apt,440.0,True,0,0,0,234,95,2016-01-15,2020-09-13,398,6.49,Valencia,2021-02-20,False,True
10373116,Private room,450.0,True,7,29,56,326,91,2016-02-16,2017-10-03,79,4.01,Barcelona,2017-10-07,False,True
10374268,Shared room,1000.0,True,30,60,90,365,85,2016-02-08,2018-07-01,18,0.47,Madrid,2019-04-11,False,True
10400966,Entire home/apt,900.0,True,26,56,86,356,98,2016-02-23,2018-06-27,46,1.61,Madrid,2018-07-10,False,True
10419642,Entire home/apt,4890.0,True,27,57,79,334,100,2017-08-20,2017-08-20,1,0.12,Girona,2018-04-21,False,True
10420923,Entire home/apt,900.0,True,17,19,19,94,97,2016-07-16,2019-05-08,19,0.55,Mallorca,2019-05-27,False,True
10442879,Entire home/apt,800.0,False,15,45,75,75,98,2016-01-18,2017-02-11,24,1.64,Madrid,2017-04-08,False,True
10442982,Private room,2000.0,True,30,60,90,365,,,,0,,Madrid,2019-03-08,False,
10444307,Private room,300.0,True,0,0,0,0,96,2016-07-23,2016-09-13,5,0.28,Barcelona,2018-01-17,False,True
10445067,Entire home/apt,600.0,True,10,40,63,332,92,2016-02-10,2018-11-10,74,2.18,Madrid,2018-12-10,False,True
10485211,Entire home/apt,2300.0,True,29,50,74,131,99,2016-02-29,2019-09-01,27,0.55,Girona,2020-03-26,False,True
10490005,Private room,270.0,True,1,1,1,227,97,2016-03-16,2020-12-21,13,0.22,Madrid,2021-01-12,False,True
10504333,Entire home/apt,1160.0,True,4,33,55,154,89,2016-05-08,2017-09-17,7,0.21,Mallorca,2019-02-17,False,True
10505309,Entire home/apt,600.0,True,13,17,17,196,97,2016-05-23,2019-09-22,84,2.09,Mallorca,2019-09-28,False,True
10507322,Entire home/apt,1350.0,True,0,0,0,10,100,2017-06-29,2017-07-05,2,0.13,Madrid,2018-10-10,False,True
10509993,Entire home/apt,5000.0,True,29,59,89,364,100,2018-04-23,2018-04-23,1,0.04,Mallorca,2020-05-28,False,True
10516225,Entire home/apt,800.0,True,0,0,0,129,96,2016-07-08,2019-10-25,29,0.68,Mallorca,2020-01-29,False,True
10519952,Private room,320.0,True,18,18,18,18,97,2016-04-07,2017-09-18,33,1.71,Barcelona,2017-11-13,False,True
10533081,Entire home/apt,1400.0,False,3,3,3,109,96,2016-05-01,2017-07-20,18,1.18,Barcelona,2017-08-06,False,True
10534488,Entire home/apt,390.0,True,7,26,45,278,89,2016-03-24,2019-03-24,86,2.37,Valencia,2019-03-31,False,True
10539411,Entire home/apt,4000.0,True,16,46,49,49,89,2016-03-03,2018-08-11,25,0.79,Girona,2018-10-20,False,True
10539504,Private room,400.0,True,0,0,0,0,95,2016-04-13,2017-01-31,12,0.28,Madrid,2019-11-09,False,True
10541401,Entire home/apt,,True,28,58,88,324,95,2018-07-11,2019-07-25,4,0.14,Menorca,2020-11-30,True,True
10548137,Hotel room,1170.0,True,24,54,84,271,90,2016-06-19,2019-09-06,8,0.19,Girona,2019-12-31,False,True
10553326,Private room,200.0,True,23,49,79,351,94,2016-02-22,2018-01-03,104,4.55,Barcelona,2018-01-17,False,True
10559621,Private room,650.0,True,24,54,84,359,90,2016-02-24,2017-09-15,54,2.78,Barcelona,2017-10-07,False,True
10563232,Private room,360.0,True,0,0,0,0,98,2016-03-13,2016-10-02,32,0.94,Madrid,2019-01-14,False,True
10581101,Entire home/apt,1900.0,True,6,24,49,95,90,2016-03-30,2019-07-18,103,2.55,Barcelona,2019-08-12,False,True
10604387,Private room,550.0,True,29,59,89,362,95,2016-10-16,2018-06-03,8,0.36,Sevilla,2018-08-27,False,True
10605673,Entire home/apt,710.0,False,13,43,73,214,,,,0,,Mallorca,2017-03-15,False,
10625566,Private room,500.0,True,16,46,76,351,95,2016-05-14,2019-05-12,16,0.44,Barcelona,2019-05-14,False,True
10646217,Entire home/apt,1500.0,True,10,28,49,213,80,2016-09-23,2016-09-23,1,0.05,Madrid,2018-04-12,False,True
10646732,Entire home/apt,500.0,True,3,33,58,278,88,2016-01-30,2017-09-20,61,3.01,Barcelona,2017-10-07,False,True
10654166,Entire home/apt,500.0,True,0,0,0,0,95,2016-04-17,2018-10-30,65,1.4,Girona,2020-02-29,False,True
10654700,Entire home/apt,1550.0,True,30,56,86,293,100,2016-08-30,2019-10-05,9,0.21,Mallorca,2020-04-23,False,True
10663752,Entire home/apt,980.0,True,23,53,83,142,96,2016-02-21,2020-09-12,282,4.98,Barcelona,2020-11-06,False,True
10665533,Entire home/apt,750.0,True,7,20,26,102,90,2016-07-08,2017-10-30,4,0.12,Mallorca,2019-04-24,False,True
10672160,Entire home/apt,1020.0,False,1,2,18,293,84,2016-01-25,2017-06-27,38,2.19,Barcelona,2017-07-06,False,True
10699176,Private room,390.0,True,29,59,89,89,100,2016-01-23,2020-03-06,59,1.06,Madrid,2020-09-13,False,True
10700849,Private room,520.0,True,1,1,1,223,97,2016-03-31,2017-10-06,36,1.77,Barcelona,2017-12-09,False,True
10705908,Private room,350.0,True,30,60,90,90,,2016-08-09,2016-08-09,1,0.03,Valencia,2019-09-01,False,
10713417,Private room,370.0,True,0,0,7,282,96,2016-03-02,2018-09-30,68,2.17,Barcelona,2018-10-10,False,True
10717396,Entire home/apt,590.0,True,1,24,54,54,95,2016-02-01,2019-10-25,113,2.49,Madrid,2019-11-09,False,True
10724048,Private room,,True,0,0,0,0,,,,0,,Barcelona,2019-12-10,True,
10737049,Entire home/apt,490.0,True,22,42,67,156,98,2016-01-31,2018-04-24,102,3.72,Madrid,2018-05-14,False,True
10737502,Entire home/apt,700.0,True,15,40,70,278,89,2016-06-20,2018-10-13,75,2.62,Barcelona,2018-11-07,False,True
10737758,Entire home/apt,3000.0,True,7,19,39,208,92,2016-04-09,2019-07-29,152,3.68,Barcelona,2019-09-17,False,True
10740142,Entire home/apt,1000.0,True,0,0,0,0,,,,0,,Valencia,2019-10-31,False,
10749658,Private room,490.0,True,5,35,65,340,95,2016-01-24,2017-06-25,4,0.15,Madrid,2018-04-12,False,True
10757653,Entire home/apt,1900.0,True,28,58,88,363,94,2016-06-27,2017-08-27,7,0.27,Girona,2018-08-30,False,True
10763645,Entire home/apt,1950.0,True,4,20,25,254,90,2016-02-18,2018-03-01,24,0.93,Barcelona,2018-04-12,False,True
10767858,Entire home/apt,900.0,True,0,0,0,0,96,2016-07-17,2019-12-09,36,0.78,Girona,2020-05-28,False,True
10777795,Entire home/apt,1250.0,True,0,0,0,93,97,2016-07-03,2019-10-13,48,1.17,Menorca,2019-11-30,False,True
10779272,Entire home/apt,700.0,True,30,57,87,312,80,2016-07-16,2019-08-13,4,0.09,Malaga,2020-04-30,False,True
10783613,Entire home/apt,600.0,True,2,2,8,250,92,2016-02-22,2018-12-10,51,1.5,Malaga,2018-12-22,False,True
10784895,Private room,370.0,True,3,3,3,3,96,2016-02-16,2017-10-15,24,1.1,Barcelona,2017-12-09,False,True
10789641,Entire home/apt,350.0,True,0,0,0,0,87,2016-03-30,2019-04-29,108,2.88,Madrid,2019-05-14,False,True
10795353,Entire home/apt,900.0,True,17,47,77,77,95,2016-05-23,2020-01-03,97,2.22,Madrid,2020-01-10,False,True
10804895,Entire home/apt,900.0,True,0,0,12,12,92,2016-03-18,2018-10-05,42,1.09,Malaga,2019-05-30,False,True
10805041,Entire home/apt,620.0,True,4,6,25,298,91,2016-03-22,2019-01-03,40,1.17,Sevilla,2019-01-29,False,True
10806296,Entire home/apt,1650.0,True,26,54,84,359,97,2016-06-27,2020-01-03,26,0.59,Sevilla,2020-02-29,False,True
10807501,Entire home/apt,1200.0,False,23,50,76,349,95,2016-03-01,2017-02-27,15,1.23,Madrid,2017-03-06,False,True
10818188,Entire home/apt,1350.0,True,0,0,0,49,100,2016-07-15,2018-07-29,6,0.2,Girona,2018-12-22,False,True
10878653,Private room,700.0,False,30,60,90,90,100,2016-02-25,2016-08-11,2,0.15,Barcelona,2017-04-08,False,True
10902660,Private room,170.0,True,7,17,47,137,98,2016-03-01,2018-03-28,30,1.18,Madrid,2018-04-12,False,True
10914921,Entire home/apt,2000.0,True,29,52,77,306,87,2016-06-24,2018-09-08,3,0.07,Menorca,2020-03-26,False,True
10926925,Entire home/apt,700.0,True,15,45,75,350,78,2016-10-09,2019-03-17,9,0.22,Madrid,2020-03-17,False,False
10932537,Entire home/apt,1500.0,True,17,32,39,248,92,2016-07-26,2017-08-12,6,0.18,Girona,2019-05-29,False,True
10932904,Entire home/apt,720.0,True,27,30,37,38,87,2016-10-31,2017-05-28,3,0.13,Girona,2018-09-28,False,True
10933943,Entire home/apt,850.0,True,2,5,23,258,99,2016-02-15,2018-07-18,142,4.82,Mallorca,2018-07-29,False,True
10933970,Entire home/apt,500.0,True,13,13,13,13,80,2017-03-02,2017-03-02,1,0.11,Barcelona,2017-12-09,False,True
10939061,Private room,180.0,False,9,22,52,327,86,2016-06-17,2017-03-26,31,3.19,Madrid,2017-04-08,False,True
10943554,Entire home/apt,1990.0,True,5,7,37,273,98,2016-10-21,2019-10-08,11,0.29,Mallorca,2019-12-31,False,True
10977024,Private room,3500.0,True,28,58,88,363,,,,0,,Mallorca,2018-10-17,False,
10977189,Entire home/apt,980.0,True,5,21,51,326,96,2016-02-16,2019-12-09,143,3.07,Sevilla,2019-12-31,False,True
10979216,Private room,190.0,True,30,60,90,365,94,2016-05-12,2017-09-30,31,1.64,Barcelona,2017-12-09,False,True
10983900,Entire home/apt,1150.0,True,29,59,89,331,99,2016-07-18,2020-09-03,53,0.98,Mallorca,2021-01-16,False,True
10984825,Entire home/apt,400.0,True,30,60,90,90,88,2016-02-19,2021-01-28,149,2.51,Girona,2021-01-31,False,True
10987290,Entire home/apt,510.0,True,6,14,28,115,95,2016-04-11,2018-07-15,139,5.02,Sevilla,2018-07-31,False,True
11002274,Entire home/apt,990.0,False,22,32,57,319,87,2016-02-28,2016-11-27,11,1.08,Barcelona,2017-01-04,False,True
11005774,Entire home/apt,900.0,True,14,44,74,349,98,2016-08-24,2019-08-08,16,0.43,Mallorca,2019-09-28,False,True
11032300,Private room,350.0,False,25,46,66,340,94,2016-02-21,2017-04-04,13,0.96,Barcelona,2017-04-08,False,True
11049959,Entire home/apt,350.0,True,0,0,0,0,93,2016-02-29,2017-04-02,8,0.15,Madrid,2020-07-17,False,True
11050306,Entire home/apt,3000.0,True,29,59,89,364,,,,0,,Barcelona,2019-03-08,False,
11051116,Entire home/apt,1170.0,True,4,5,11,273,98,2016-03-13,2019-05-19,36,0.91,Mallorca,2019-06-27,False,True
11055393,Private room,200.0,True,0,0,0,0,,,,0,,Barcelona,2019-08-12,False,
11074413,Entire home/apt,2570.0,True,20,26,26,26,60,2019-10-19,2019-10-19,1,0.09,Mallorca,2020-09-19,False,False
11083903,Private room,150.0,True,0,0,0,0,,,,0,,Madrid,2019-03-08,False,
11102825,Entire home/apt,1500.0,True,23,39,39,112,94,2016-07-11,2017-08-26,7,0.23,Menorca,2019-01-30,False,True
11107557,Entire home/apt,,True,5,9,24,298,96,2016-07-12,2018-05-20,27,1.1,Mallorca,2018-07-29,True,True
11114286,Entire home/apt,600.0,True,3,27,57,120,98,2016-02-23,2019-09-14,107,2.47,Sevilla,2019-09-30,False,True
11117507,Entire home/apt,990.0,True,0,0,0,0,67,2016-02-26,2017-08-13,3,0.15,Barcelona,2017-11-13,False,False
11120533,Entire home/apt,600.0,True,15,38,66,290,85,2016-02-14,2018-03-17,137,5.23,Sevilla,2018-04-21,False,True
11128052,Entire home/apt,2900.0,True,28,53,69,320,100,2016-06-05,2019-04-18,22,0.63,Girona,2019-04-29,False,True
11128281,Entire home/apt,680.0,True,0,0,0,0,98,2016-02-11,2018-01-05,112,4.82,Madrid,2018-01-17,False,True
11130249,Entire home/apt,990.0,False,0,0,0,0,67,2016-06-22,2016-10-28,6,0.93,Barcelona,2017-01-04,False,False
11135042,Private room,390.0,True,6,21,41,205,91,2016-03-11,2019-02-06,114,3.17,Madrid,2019-03-08,False,True
11140090,Private room,600.0,False,2,2,2,2,90,2016-02-15,2017-02-28,6,0.44,Barcelona,2017-04-08,False,True
11155742,Entire home/apt,1000.0,True,8,38,56,56,94,2016-04-06,2018-08-29,101,3.35,Barcelona,2018-10-10,False,True
11155957,Entire home/apt,600.0,False,9,13,18,194,97,2016-02-29,2017-04-03,31,2.33,Madrid,2017-04-08,False,True
11157403,Private room,750.0,True,0,0,0,0,,,,0,,Madrid,2020-04-17,False,
11159274,Entire home/apt,900.0,True,9,22,46,72,91,2016-04-12,2017-08-21,9,0.53,Barcelona,2017-09-12,False,True
11162926,Entire home/apt,3860.0,True,2,2,2,139,100,2018-01-31,2018-01-31,1,0.07,Mallorca,2019-04-24,False,True
11163417,Entire home/apt,660.0,True,0,0,0,9,98,2016-06-17,2019-08-27,22,0.56,Menorca,2019-09-30,False,True
11164099,Entire home/apt,,True,22,22,22,259,100,2019-09-14,2019-09-14,1,0.08,Mallorca,2020-10-21,True,True
11179999,Private room,400.0,False,27,57,83,357,92,2016-04-09,2016-10-31,11,1.01,Barcelona,2017-03-06,False,True
11180610,Entire home/apt,710.0,True,23,26,42,42,98,2016-05-03,2019-08-08,50,1.27,Madrid,2019-08-12,False,True
11180810,Entire home/apt,2200.0,True,16,22,31,230,99,2016-03-27,2020-02-23,38,0.81,Sevilla,2020-02-29,False,True
11183000,Entire home/apt,3230.0,True,28,58,88,312,90,2016-03-29,2020-10-08,38,0.69,Malaga,2020-10-30,False,True
11185169,Entire home/apt,550.0,True,24,49,77,210,98,2016-11-27,2020-03-07,182,4.57,Sevilla,2020-03-23,False,True
11196074,Entire home/apt,,True,13,38,68,322,,,,0,,Mallorca,2019-11-28,True,
11197075,Entire home/apt,4250.0,True,0,0,0,207,80,2016-07-24,2017-06-24,2,0.05,Mallorca,2019-11-28,False,True
11198148,Private room,400.0,False,20,50,80,355,,,,0,,Barcelona,2017-01-04,False,
11215157,Entire home/apt,1100.0,True,0,0,0,245,98,2016-05-01,2017-12-10,10,0.32,Mallorca,2018-12-18,False,True
11220830,Private room,550.0,True,1,1,1,123,91,2016-03-06,2020-03-17,135,2.51,Barcelona,2020-08-24,False,True
11224372,Private room,590.0,True,24,50,79,147,90,2016-03-27,2019-11-07,74,1.68,Sevilla,2019-11-29,False,True
11231484,Entire home/apt,2500.0,True,23,53,83,358,83,2016-03-06,2018-07-27,13,0.43,Barcelona,2018-09-11,False,True
11246722,Entire home/apt,410.0,True,29,59,89,157,85,2016-03-13,2020-03-04,173,3.57,Malaga,2020-03-26,False,True
11248917,Private room,500.0,False,28,58,88,363,,,,0,,Barcelona,2017-04-08,False,
11253321,Private room,400.0,True,4,12,22,287,88,2016-02-21,2019-03-08,74,1.79,Sevilla,2019-07-29,False,True
11255910,Entire home/apt,890.0,True,2,15,26,273,97,2016-03-15,2018-04-04,147,5.9,Madrid,2018-04-12,False,True
11257496,Entire home/apt,600.0,True,29,59,89,364,91,2016-03-27,2019-11-05,7,0.15,Malaga,2019-12-31,False,True
11259015,Entire home/apt,3150.0,True,23,53,83,358,100,2016-08-13,2018-09-02,5,0.19,Malaga,2018-10-25,False,True
11272211,Entire home/apt,1100.0,True,30,60,90,365,,,,0,,Madrid,2021-02-09,False,
11272667,Entire home/apt,690.0,True,22,42,60,308,92,2016-02-28,2018-01-01,72,3.08,Barcelona,2018-02-07,False,True
11274752,Private room,750.0,True,0,0,0,0,100,2016-02-25,2018-07-06,15,0.31,Barcelona,2020-02-16,False,True
11278771,Private room,700.0,True,1,11,24,235,99,2016-03-27,2019-05-21,209,5.49,Sevilla,2019-05-29,False,True
11289818,Entire home/apt,3500.0,True,0,0,0,134,100,2016-07-29,2019-10-22,25,0.64,Mallorca,2019-10-28,False,True
11292645,Private room,300.0,True,14,36,50,130,99,2016-02-25,2017-07-30,19,0.71,Barcelona,2018-05-14,False,True
11294046,Entire home/apt,520.0,True,0,0,0,0,93,2016-03-23,2017-10-27,9,0.16,Sevilla,2020-12-31,False,True
11319343,Private room,1500.0,False,0,9,11,11,,,,0,,Barcelona,2017-06-05,False,
11329594,Private room,600.0,True,15,42,72,72,99,2016-02-29,2019-06-29,126,3.15,Sevilla,2019-06-29,False,True
11329943,Private room,390.0,True,10,28,56,223,95,2016-02-27,2018-10-23,153,4.73,Madrid,2018-11-07,False,True
11355613,Entire home/apt,1430.0,True,27,57,72,130,,,,0,,Girona,2019-04-29,False,
11356663,Entire home/apt,,True,0,0,0,212,89,2016-05-04,2019-01-01,66,1.65,Valencia,2019-09-01,True,True
11357060,Entire home/apt,2700.0,True,15,31,43,131,97,2016-10-29,2019-10-29,7,0.17,Mallorca,2020-04-23,False,True
11357206,Entire home/apt,1860.0,True,0,0,0,0,100,2018-04-29,2018-04-29,1,0.03,Malaga,2020-10-30,False,True
11366342,Private room,180.0,False,0,0,0,0,90,2016-08-22,2016-08-28,2,0.36,Barcelona,2017-02-09,False,True
11371858,Entire home/apt,800.0,True,22,39,55,330,95,2016-06-18,2018-09-14,17,0.6,Malaga,2018-10-25,False,True
11372548,Private room,320.0,True,0,0,0,0,94,2016-03-06,2018-05-13,56,1.63,Madrid,2019-01-14,False,True
11373621,Private room,400.0,True,29,59,89,364,93,2016-07-27,2019-04-22,11,0.21,Valencia,2020-12-21,False,True
11382291,Private room,300.0,False,0,6,36,311,93,2016-04-06,2016-11-30,9,1.0,Barcelona,2017-01-04,False,True
11385718,Entire home/apt,800.0,True,0,0,0,0,,,,0,,Barcelona,2018-04-12,False,
11388701,Entire home/apt,1180.0,True,30,60,90,365,100,2017-08-10,2018-08-10,2,0.07,Girona,2019-12-31,False,True
11391517,Entire home/apt,600.0,True,4,11,24,199,98,2016-03-30,2019-10-12,299,7.02,Madrid,2019-10-16,False,True
11392193,Private room,130.0,True,13,39,69,146,86,2016-04-01,2018-07-24,94,3.3,Barcelona,2018-08-14,False,True
11395302,Entire home/apt,330.0,True,5,20,21,262,100,2017-08-02,2017-08-19,2,0.36,Barcelona,2018-01-17,False,True
11396341,Private room,1000.0,True,0,0,0,16,80,2016-06-28,2017-03-02,2,0.11,Barcelona,2018-01-17,False,True
11397725,Private room,200.0,True,27,57,87,87,,,,0,,Barcelona,2018-04-12,False,
11404229,Entire home/apt,950.0,False,9,14,18,260,,,,0,,Barcelona,2017-05-07,False,
11411444,Entire home/apt,750.0,False,29,59,89,364,83,2016-04-16,2016-11-25,13,1.5,Barcelona,2017-01-04,False,True
11416382,Private room,550.0,True,8,29,43,43,93,2016-03-25,2018-09-26,106,3.47,Barcelona,2018-10-10,False,True
11416659,Entire home/apt,750.0,True,0,10,40,40,95,2016-03-20,2019-11-17,49,0.83,Valencia,2021-02-20,False,True
11423836,Entire home/apt,1160.0,True,3,12,21,288,98,2016-04-04,2019-05-06,102,2.73,Madrid,2019-05-14,False,True
11431221,Private room,750.0,False,30,60,90,365,,,,0,,Barcelona,2017-03-06,False,
11431731,Entire home/apt,710.0,True,24,54,84,236,90,2018-08-27,2018-12-31,8,1.74,Madrid,2019-01-14,False,True
11432210,Entire home/apt,1140.0,True,7,15,32,251,96,2016-08-15,2019-10-25,59,1.44,Madrid,2020-01-10,False,True
11435000,Entire home/apt,940.0,True,23,43,59,240,97,2016-07-28,2019-01-01,7,0.21,Girona,2019-04-29,False,True
11438763,Entire home/apt,710.0,True,29,56,86,253,80,2016-10-17,2019-10-01,3,0.08,Madrid,2019-12-10,False,True
11459265,Private room,300.0,True,0,11,11,11,88,2016-03-14,2017-09-09,39,1.95,Barcelona,2017-11-13,False,True
11486871,Private room,550.0,True,28,58,88,363,80,2016-05-24,2017-05-28,2,0.13,Barcelona,2017-09-12,False,True
11488053,Entire home/apt,,True,23,53,83,358,,,,0,,Mallorca,2020-09-19,True,
11495378,Private room,600.0,True,0,0,0,0,83,2016-05-03,2016-07-19,10,0.2,Barcelona,2020-06-13,False,True
11516651,Entire home/apt,5000.0,True,29,33,60,335,92,2017-04-17,2018-11-02,5,0.19,Girona,2019-06-30,False,True
11519240,Private room,290.0,True,30,60,90,90,99,2016-03-23,2020-02-29,77,1.38,Valencia,2020-11-10,False,True
11520183,Entire home/apt,1900.0,True,30,60,90,267,99,2016-04-11,2020-03-02,133,2.71,Madrid,2020-05-14,False,True
11524534,Entire home/apt,1100.0,True,0,0,10,62,90,2016-04-05,2018-01-01,12,0.49,Barcelona,2018-04-12,False,True
11524615,Private room,400.0,True,27,57,87,362,98,2016-04-07,2020-03-10,161,3.02,Barcelona,2020-09-12,False,True
11529850,Entire home/apt,1750.0,True,20,50,80,295,94,2017-09-03,2018-09-23,14,1.09,Girona,2018-09-28,False,True
11535966,Entire home/apt,600.0,True,30,50,63,317,96,2016-05-19,2020-03-07,173,3.57,Valencia,2020-05-31,False,True
11545511,Private room,480.0,False,5,9,39,314,97,2016-04-05,2017-05-05,12,0.86,Barcelona,2017-06-05,False,True
11545918,Entire home/apt,1900.0,True,30,60,90,334,88,2016-08-20,2020-08-29,8,0.15,Girona,2020-12-31,False,True
11548686,Private room,300.0,False,23,48,78,109,87,2016-03-06,2017-07-15,64,3.76,Barcelona,2017-08-06,False,True
11558645,Entire home/apt,2000.0,True,0,0,0,0,100,2018-08-19,2019-08-22,2,0.1,Girona,2020-03-26,False,True
11561737,Private room,150.0,True,0,0,0,0,,,,0,,Madrid,2020-10-17,False,
11562597,Entire home/apt,600.0,True,26,56,86,224,72,2016-03-16,2020-02-24,26,0.53,Barcelona,2020-04-16,False,False
11563254,Entire home/apt,600.0,False,4,10,25,297,71,2016-03-23,2017-07-18,24,1.46,Barcelona,2017-08-06,False,False
11564669,Private room,300.0,True,3,25,55,330,100,2016-07-02,2019-06-07,16,0.39,Madrid,2019-12-10,False,True
11565250,Entire home/apt,750.0,True,0,0,0,183,95,2016-03-18,2019-09-21,82,1.53,Valencia,2020-08-30,False,True
11566229,Entire home/apt,1350.0,False,16,41,58,303,93,2016-03-20,2017-02-27,47,4.07,Madrid,2017-03-06,False,True
11568230,Entire home/apt,550.0,True,0,0,0,45,93,2016-06-01,2018-02-06,7,0.16,Barcelona,2020-02-16,False,True
11568875,Private room,580.0,False,30,60,90,365,88,2016-04-07,2017-04-15,11,0.85,Barcelona,2017-05-07,False,True
11569228,Private room,350.0,True,0,0,0,0,100,2016-05-29,2017-03-05,4,0.08,Barcelona,2020-07-17,False,True
11570056,Entire home/apt,2000.0,True,28,58,88,363,100,2016-07-28,2019-08-17,4,0.07,Barcelona,2021-01-12,False,True
11570926,Entire home/apt,440.0,True,11,19,35,72,88,2016-03-16,2018-10-22,84,2.6,Sevilla,2018-11-22,False,True
11578660,Private room,390.0,True,0,0,0,0,100,2017-08-21,2017-08-21,1,0.12,Malaga,2018-04-22,False,True
11585976,Entire home/apt,3000.0,True,27,35,44,78,100,2016-04-01,2018-06-27,70,2.5,Sevilla,2018-07-31,False,True
11587155,Entire home/apt,550.0,False,9,9,37,127,84,2016-08-30,2017-01-30,5,0.81,Madrid,2017-03-06,False,True
11598588,Entire home/apt,600.0,False,11,25,43,245,96,2016-03-30,2017-03-06,21,1.71,Madrid,2017-04-08,False,True
11603689,Entire home/apt,600.0,True,30,60,90,90,91,2016-06-26,2019-08-23,16,0.38,Girona,2019-12-31,False,True
11603936,Entire home/apt,1200.0,False,6,19,47,317,95,2016-04-24,2017-07-16,22,1.43,Barcelona,2017-08-06,False,True
11607312,Private room,300.0,False,4,8,14,90,94,2016-04-12,2017-05-22,31,2.25,Barcelona,2017-06-05,False,True
11613819,Entire home/apt,2200.0,True,0,0,19,109,100,2016-08-02,2018-10-30,16,0.52,Mallorca,2019-02-17,False,True
11617403,Private room,1000.0,True,0,0,0,0,,,,0,,Girona,2018-04-21,False,
11620856,Private room,380.0,True,11,24,46,226,98,2016-03-28,2019-10-13,108,2.49,Barcelona,2019-11-09,False,True
11622901,Hotel room,730.0,True,0,0,0,0,60,2018-08-04,2018-08-04,1,0.08,Girona,2019-08-31,False,False
11631870,Entire home/apt,700.0,True,23,23,23,149,98,2016-04-10,2020-01-27,58,1.24,Malaga,2020-02-29,False,True
11635771,Entire home/apt,1300.0,True,30,48,68,343,99,2016-03-27,2018-07-22,112,3.91,Madrid,2018-08-14,False,True
11644226,Private room,490.0,True,1,18,39,300,95,2016-03-10,2019-10-12,377,8.62,Sevilla,2019-10-30,False,True
11654423,Entire home/apt,900.0,True,24,52,82,357,80,2016-03-20,2019-06-09,8,0.18,Valencia,2019-10-31,False,True
11658556,Entire home/apt,980.0,False,9,24,35,270,88,2016-03-16,2017-01-30,56,5.16,Barcelona,2017-02-09,False,True
11658641,Entire home/apt,2500.0,True,0,0,0,7,96,2016-05-07,2019-08-09,29,0.54,Mallorca,2020-11-08,False,True
11662416,Entire home/apt,680.0,True,0,0,0,161,86,2016-04-18,2018-09-11,49,1.68,Sevilla,2018-09-22,False,True
11664174,Private room,550.0,True,0,0,0,0,100,2016-06-11,2016-09-16,2,0.04,Barcelona,2020-11-06,False,True
11669635,Entire home/apt,930.0,True,29,59,89,89,94,2016-03-18,2020-03-13,167,2.9,Sevilla,2020-12-31,False,True
11670392,Entire home/apt,1000.0,True,0,0,0,0,,,,0,,Barcelona,2017-11-13,False,
11673914,Entire home/apt,1700.0,True,23,31,46,176,98,2016-08-19,2020-02-09,11,0.24,Mallorca,2020-06-25,False,True
11686391,Private room,350.0,True,29,59,89,364,50,2016-03-13,2016-05-19,2,0.04,Madrid,2020-05-14,False,False
11687495,Entire home/apt,500.0,True,0,0,0,0,,,,0,,Madrid,2019-06-07,False,
11691751,Entire home/apt,900.0,True,29,59,89,364,96,2016-04-18,2019-07-20,35,0.84,Girona,2019-09-30,False,True
11705677,Entire home/apt,950.0,False,0,0,0,216,97,2016-06-06,2016-11-04,14,1.39,Barcelona,2017-04-08,False,True
11713036,Entire home/apt,650.0,True,0,0,0,179,96,2016-07-27,2019-10-30,39,0.83,Girona,2020-06-29,False,True
11715525,Entire home/apt,510.0,True,14,31,61,151,92,2016-03-20,2020-08-09,93,1.74,Valencia,2020-08-30,False,True
11719508,Private room,350.0,True,5,15,29,276,96,2016-04-05,2018-12-09,179,5.56,Barcelona,2018-12-10,False,True
11736309,Entire home/apt,2600.0,True,29,59,89,364,,,,0,,Girona,2019-07-29,False,
11749547,Entire home/apt,2200.0,True,8,27,57,332,100,2017-08-13,2019-07-26,7,0.27,Mallorca,2019-09-28,False,True
11753309,Private room,300.0,True,29,58,84,359,86,2016-09-10,2020-03-08,46,1.06,Madrid,2020-04-17,False,True
11767366,Private room,480.0,True,0,0,0,0,91,2016-04-12,2017-10-09,35,1.0,Barcelona,2019-03-08,False,True
11780353,Entire home/apt,1480.0,True,30,60,90,91,97,2016-08-09,2018-09-15,23,0.9,Menorca,2018-09-28,False,True
11799070,Entire home/apt,850.0,True,8,15,28,249,98,2017-04-28,2019-04-27,19,0.79,Malaga,2019-05-01,False,True
11807327,Entire home/apt,1700.0,True,20,47,72,308,93,2016-09-23,2018-01-02,34,2.06,Barcelona,2018-02-07,False,True
11811815,Entire home/apt,650.0,True,4,23,46,321,91,2016-03-30,2018-01-29,131,4.79,Madrid,2018-07-10,False,True
11816669,Entire home/apt,500.0,True,0,0,0,0,100,2016-03-27,2017-10-30,6,0.21,Sevilla,2018-08-27,False,True
11816740,Private room,900.0,True,30,60,90,365,90,2016-10-30,2017-08-22,2,0.11,Girona,2018-04-21,False,True
11821663,Private room,350.0,False,23,53,83,358,100,2016-07-28,2017-03-07,6,0.72,Madrid,2017-04-08,False,True
11821878,Private room,250.0,True,0,0,0,0,,,,0,,Barcelona,2019-07-10,False,
11822136,Entire home/apt,500.0,True,0,0,0,0,80,2017-11-22,2018-04-01,4,0.16,Madrid,2019-12-10,False,True
11832604,Private room,190.0,True,22,46,76,351,96,2016-03-25,2018-02-12,11,0.4,Madrid,2018-07-10,False,True
11832784,Private room,230.0,True,7,25,55,323,94,2016-03-26,2018-09-12,118,3.94,Sevilla,2018-09-22,False,True
11836391,Entire home/apt,370.0,True,1,1,1,1,77,2017-08-31,2018-08-20,7,0.29,Malaga,2019-09-01,False,False
11838750,Entire home/apt,550.0,False,0,0,0,158,80,2016-03-27,2016-05-09,2,0.16,Barcelona,2017-04-08,False,True
11840499,Private room,750.0,True,19,49,79,79,97,2016-03-28,2018-06-19,12,0.41,Malaga,2018-08-29,False,True
11842081,Shared room,200.0,True,0,0,0,0,94,2016-03-29,2018-08-09,44,1.36,Madrid,2018-12-10,False,True
11843115,Private room,960.0,True,0,0,0,254,98,2016-05-04,2016-10-10,10,0.25,Madrid,2019-08-12,False,True
11847427,Private room,5000.0,True,15,44,74,137,88,2016-08-25,2019-12-12,15,0.37,Sevilla,2019-12-31,False,True
11857115,Entire home/apt,980.0,True,17,47,77,172,93,2016-05-02,2018-10-05,65,2.22,Madrid,2018-10-10,False,True
11879723,Private room,320.0,True,0,0,0,0,100,2016-03-21,2016-04-17,3,0.07,Barcelona,2019-09-17,False,True
11882022,Entire home/apt,1200.0,True,0,0,0,0,,,,0,,Malaga,2018-05-27,False,
11882029,Entire home/apt,2300.0,True,30,60,90,231,100,2017-06-04,2017-06-04,1,0.06,Barcelona,2018-10-10,False,True
11890982,Entire home/apt,600.0,True,5,5,8,283,97,2016-04-24,2019-03-09,24,0.67,Madrid,2019-04-11,False,True
11897324,Entire home/apt,2700.0,True,19,48,63,315,100,2016-07-12,2017-08-15,5,0.24,Barcelona,2018-04-12,False,True
11900050,Entire home/apt,2000.0,True,29,59,89,340,97,2016-06-28,2018-07-09,26,0.94,Mallorca,2018-10-17,False,True
11901013,Entire home/apt,1200.0,True,0,10,34,174,80,2016-08-20,2016-08-20,1,0.03,Mallorca,2019-02-17,False,True
11901471,Entire home/apt,2400.0,True,27,57,87,87,,,,0,,Malaga,2019-03-31,False,
11909819,Private room,300.0,True,10,40,70,345,92,2016-03-28,2017-08-31,43,2.45,Barcelona,2017-09-12,False,True
11925686,Entire home/apt,500.0,True,25,46,69,344,79,2016-03-26,2019-04-22,22,0.58,Girona,2019-05-29,False,False
11933593,Private room,350.0,True,18,42,72,72,96,2016-04-17,2018-07-08,78,2.91,Madrid,2018-07-10,False,True
11938204,Entire home/apt,1990.0,True,30,60,89,343,86,2016-04-17,2017-10-09,10,0.41,Girona,2018-04-21,False,True
11948114,Private room,600.0,True,0,0,14,265,97,2016-04-06,2017-09-30,50,2.77,Barcelona,2017-10-07,False,True
11955191,Private room,320.0,True,9,31,50,275,,,,0,,Barcelona,2018-05-14,False,
11955696,Private room,400.0,True,0,0,0,0,,,,0,,Barcelona,2017-11-13,False,
11955719,Entire home/apt,1100.0,True,29,59,89,364,95,2016-08-06,2019-08-24,8,0.22,Girona,2019-08-31,False,True
11956034,Entire home/apt,1650.0,True,27,44,74,338,93,2016-07-31,2021-01-03,6,0.11,Sevilla,2021-02-27,False,True
11956508,Private room,1000.0,True,30,60,90,365,,,,0,,Madrid,2020-01-10,False,
11960656,Private room,370.0,True,0,0,0,0,,,,0,,Madrid,2020-10-17,False,
11968269,Private room,300.0,False,23,53,83,358,91,2016-05-07,2017-01-03,7,0.58,Barcelona,2017-05-07,False,True
11982369,Entire home/apt,600.0,False,30,60,86,284,91,2016-05-29,2016-11-13,9,0.94,Mallorca,2017-03-15,False,True
11989301,Entire home/apt,650.0,True,7,11,30,271,100,2016-04-17,2019-12-16,178,4.0,Valencia,2019-12-31,False,True
11997812,Entire home/apt,5000.0,False,17,24,37,192,88,2016-07-15,2017-02-04,5,0.65,Barcelona,2017-03-06,False,True
12013971,Entire home/apt,1100.0,True,11,25,49,308,,,,0,,Barcelona,2017-09-12,False,
12015070,Entire home/apt,1100.0,False,8,18,31,293,,,,0,,Barcelona,2017-03-06,False,
12032919,Shared room,700.0,False,30,60,90,365,80,2016-05-17,2017-04-18,6,0.48,Barcelona,2017-06-05,False,True
12034780,Private room,400.0,True,30,60,90,365,96,2017-10-02,2020-08-09,83,2.23,Mallorca,2020-11-08,False,True
12036000,Entire home/apt,1200.0,True,0,0,0,0,96,2016-05-01,2019-11-03,98,2.28,Girona,2019-11-30,False,True
12040346,Entire home/apt,1450.0,True,30,60,90,365,73,2016-09-21,2016-10-23,8,0.37,Barcelona,2018-07-10,False,False
12045434,Entire home/apt,1550.0,True,28,58,88,363,80,2016-05-29,2016-11-01,5,0.31,Barcelona,2017-10-07,False,True
12054575,Entire home/apt,1480.0,True,0,7,23,192,98,2016-05-30,2018-08-04,32,1.18,Malaga,2018-08-29,False,True
12059392,Entire home/apt,540.0,True,28,58,88,178,95,2016-07-24,2020-08-28,29,0.57,Girona,2020-10-28,False,True
12060275,Entire home/apt,1390.0,True,2,20,50,325,89,2016-09-07,2018-08-06,21,0.9,Barcelona,2018-08-14,False,True
12068435,Entire home/apt,1200.0,False,10,40,70,345,98,2016-04-17,2016-10-31,9,0.77,Madrid,2017-04-08,False,True
12075555,Entire home/apt,1390.0,True,29,59,89,364,83,2016-06-22,2016-10-02,7,0.4,Barcelona,2017-12-09,False,True
12077799,Private room,400.0,True,30,60,90,365,88,2016-05-29,2019-10-28,41,0.78,Barcelona,2020-10-12,False,True
12082434,Entire home/apt,650.0,True,7,31,61,333,98,2016-04-08,2018-08-17,64,2.23,Malaga,2018-08-29,False,True
12086335,Private room,350.0,False,0,0,6,281,,,,0,,Madrid,2017-04-08,False,
12090952,Private room,700.0,False,5,35,65,65,100,2017-03-03,2017-03-03,1,0.32,Barcelona,2017-06-05,False,True
12091396,Private room,250.0,True,13,43,73,97,82,2016-04-07,2017-08-21,88,5.12,Barcelona,2017-09-12,False,True
12095223,Entire home/apt,1730.0,True,29,59,89,353,98,2017-07-10,2018-09-21,9,0.59,Mallorca,2018-10-17,False,True
12098438,Private room,300.0,False,0,0,0,0,,,,0,,Barcelona,2017-07-06,False,
12100656,Entire home/apt,900.0,True,0,0,0,0,89,2016-07-04,2018-09-15,21,0.62,Menorca,2019-05-01,False,True
12102154,Private room,350.0,True,0,15,44,108,76,2016-05-28,2017-10-28,9,0.34,Malaga,2018-07-31,False,False
12105628,Private room,210.0,True,6,30,32,32,89,2017-06-19,2018-09-15,36,2.4,Mallorca,2018-09-18,False,True
12112405,Entire home/apt,600.0,True,0,0,0,269,89,2016-07-02,2018-09-15,7,0.23,Menorca,2019-01-30,False,True
12123407,Entire home/apt,1140.0,True,28,58,88,319,100,2016-09-17,2021-01-02,12,0.23,Mallorca,2021-02-11,False,True
12125552,Entire home/apt,1990.0,True,19,49,79,303,95,2016-05-08,2019-03-01,54,1.59,Barcelona,2019-03-08,False,True
12127413,Entire home/apt,1500.0,True,17,37,61,336,92,2016-05-22,2018-04-30,18,0.76,Madrid,2018-05-14,False,True
12132014,Entire home/apt,800.0,True,0,0,0,172,96,2016-07-19,2019-09-16,16,0.41,Menorca,2019-10-31,False,True
12140492,Private room,590.0,True,29,59,89,364,89,2016-05-02,2018-10-03,40,1.3,Mallorca,2018-11-20,False,True
12140710,Entire home/apt,2500.0,True,0,0,0,137,100,2016-06-17,2019-08-24,10,0.24,Mallorca,2019-12-31,False,True
12144391,Entire home/apt,1650.0,True,0,0,0,146,96,2016-04-18,2020-08-23,129,2.28,Girona,2020-12-31,False,True
12145784,Entire home/apt,1430.0,True,18,48,78,243,93,2017-07-10,2018-09-07,8,0.46,Mallorca,2018-12-18,False,True
12165986,Entire home/apt,1650.0,True,27,51,81,340,90,2016-08-01,2018-09-10,3,0.11,Girona,2018-11-26,False,True
12167208,Entire home/apt,4330.0,True,28,58,88,211,97,2016-09-12,2020-09-26,48,0.94,Mallorca,2020-12-19,False,True
12183630,Entire home/apt,750.0,True,0,14,44,319,,,,0,,Mallorca,2019-07-25,False,
12189216,Private room,250.0,True,29,59,89,364,94,2016-08-31,2019-04-21,37,1.12,Valencia,2019-05-31,False,True
12192325,Private room,210.0,True,20,50,80,355,100,2016-07-04,2018-12-03,5,0.17,Madrid,2018-12-10,False,True
12197695,Private room,400.0,True,2,4,8,233,97,2016-05-10,2018-11-05,75,2.42,Barcelona,2018-12-10,False,True
12202980,Private room,450.0,True,0,0,0,0,,,,0,,Barcelona,2019-08-12,False,
12226249,Entire home/apt,950.0,True,0,0,0,0,97,2016-07-06,2017-08-29,14,0.27,Madrid,2020-11-06,False,True
12229807,Private room,420.0,True,0,0,0,0,98,2016-04-26,2018-12-10,13,0.38,Madrid,2019-03-08,False,True
12237040,Entire home/apt,790.0,True,8,23,53,227,87,2018-03-31,2018-08-31,3,0.53,Mallorca,2018-09-18,False,True
12238236,Entire home/apt,5000.0,True,27,57,87,362,100,2016-07-23,2016-07-23,1,0.03,Mallorca,2019-04-24,False,True
12249095,Private room,100.0,False,0,0,0,126,83,2016-05-03,2016-11-15,33,2.72,Barcelona,2017-05-07,False,True
12257443,Entire home/apt,1200.0,True,0,30,44,44,,,,0,,Girona,2018-07-31,False,
12259520,Private room,200.0,True,0,0,0,0,92,2016-04-15,2017-04-18,11,0.22,Barcelona,2020-07-17,False,True
12259657,Entire home/apt,400.0,True,13,43,73,348,80,2016-06-08,2018-07-17,9,0.35,Girona,2018-07-31,False,True
12264427,Entire home/apt,600.0,False,30,60,90,365,84,2016-06-25,2016-09-20,5,0.58,Mallorca,2017-03-15,False,True
12265320,Private room,650.0,False,30,60,90,365,99,2016-05-08,2016-12-27,22,2.78,Barcelona,2017-01-04,False,True
12292259,Entire home/apt,400.0,True,9,25,54,54,91,2016-09-05,2018-11-01,221,8.47,Madrid,2018-11-07,False,True
12298662,Entire home/apt,1400.0,True,8,15,32,259,87,2016-05-29,2016-07-17,3,0.09,Barcelona,2019-03-08,False,True
12303494,Entire home/apt,3870.0,True,0,11,41,316,100,2016-05-09,2016-05-09,1,0.03,Madrid,2019-03-08,False,True
12304310,Private room,700.0,True,14,14,24,114,88,2016-05-08,2017-11-01,67,3.68,Barcelona,2017-11-13,False,True
12318076,Hotel room,1600.0,True,0,0,0,14,90,2016-08-06,2018-07-29,2,0.04,Mallorca,2020-12-19,False,True
12318706,Entire home/apt,680.0,True,30,60,90,365,87,2016-04-19,2020-09-27,27,0.5,Girona,2020-10-28,False,True
12331497,Shared room,1400.0,True,30,54,74,74,,,,0,,Barcelona,2017-11-13,False,
12331759,Entire home/apt,910.0,True,8,26,40,263,98,2016-06-06,2018-10-11,69,2.41,Malaga,2018-10-25,False,True
12337420,Private room,250.0,True,0,24,54,54,95,2016-05-31,2017-07-11,6,0.37,Barcelona,2017-10-07,False,True
12337767,Private room,390.0,True,0,0,0,0,80,2016-06-27,2016-06-27,1,0.02,Barcelona,2020-07-17,False,True
12339346,Entire home/apt,390.0,False,8,16,27,296,77,2016-04-24,2017-02-07,21,2.02,Barcelona,2017-03-06,False,False
12339653,Private room,180.0,False,0,0,0,0,100,2016-08-14,2016-08-14,1,0.13,Madrid,2017-04-08,False,True
12355377,Private room,200.0,True,0,16,46,321,99,2016-04-16,2018-10-15,34,1.13,Sevilla,2018-10-18,False,True
12356011,Entire home/apt,1400.0,True,28,58,88,347,97,2016-05-31,2019-10-25,32,0.58,Mallorca,2020-12-19,False,True
12356351,Entire home/apt,3020.0,True,1,22,52,55,87,2016-08-30,2018-07-29,9,0.39,Menorca,2018-07-31,False,True
12357602,Private room,200.0,True,0,0,0,0,96,2016-05-07,2016-08-08,17,0.53,Madrid,2019-01-14,False,True
12365164,Private room,450.0,True,29,59,89,364,88,2016-06-21,2018-05-30,5,0.16,Madrid,2019-02-06,False,True
12370029,Private room,400.0,False,29,59,89,364,,,,0,,Barcelona,2017-07-06,False,
12381763,Entire home/apt,900.0,True,0,2,32,307,85,2016-10-09,2019-08-01,12,0.24,Madrid,2020-11-06,False,True
12382863,Private room,500.0,False,0,0,10,285,87,2016-05-16,2016-12-19,20,2.26,Barcelona,2017-02-09,False,True
12400956,Entire home/apt,730.0,True,8,30,30,30,90,2016-05-06,2017-12-29,45,1.54,Madrid,2018-10-10,False,True
12403422,Private room,200.0,True,25,55,85,360,94,2016-09-15,2020-03-09,60,1.27,Madrid,2020-08-25,False,True
12404275,Entire home/apt,3500.0,True,8,8,26,301,99,2016-06-23,2018-10-04,25,0.69,Girona,2019-06-30,False,True
12405589,Entire home/apt,900.0,True,0,0,0,211,79,2016-08-04,2018-10-05,14,0.46,Mallorca,2019-02-17,False,False
12416706,Private room,170.0,True,0,0,0,0,93,2016-04-17,2019-06-18,80,1.83,Madrid,2019-12-10,False,True
12420090,Entire home/apt,950.0,True,30,56,83,188,98,2016-05-08,2020-03-08,48,1.03,Girona,2020-03-26,False,True
12439589,Entire home/apt,500.0,True,27,48,78,305,93,2016-07-16,2018-11-03,33,1.16,Girona,2018-11-26,False,True
12446779,Entire home/apt,2950.0,True,0,0,0,98,96,2016-08-01,2020-09-11,32,0.59,Mallorca,2021-02-11,False,True
12462474,Entire home/apt,760.0,True,16,16,16,102,80,2016-06-25,2018-08-18,4,0.15,Girona,2018-09-28,False,True
12463651,Entire home/apt,700.0,True,30,60,90,94,90,2018-07-07,2018-08-13,2,0.73,Girona,2018-09-28,False,True
12464184,Private room,500.0,True,3,33,63,338,97,2016-05-21,2016-09-13,7,0.23,Barcelona,2018-12-10,False,True
12467956,Entire home/apt,860.0,True,29,59,89,310,80,2017-06-28,2018-08-21,2,0.12,Mallorca,2018-11-20,False,True
12467964,Entire home/apt,550.0,True,30,60,90,353,,,,0,,Girona,2019-11-30,False,
12471041,Private room,400.0,True,19,49,76,351,89,2016-10-16,2018-06-16,21,0.96,Barcelona,2018-08-14,False,True
12500460,Entire home/apt,390.0,True,1,7,11,286,96,2016-07-19,2019-06-16,27,0.76,Menorca,2019-06-30,False,True
12500680,Entire home/apt,690.0,True,10,17,39,117,100,2016-11-20,2018-11-17,49,2.03,Sevilla,2018-11-22,False,True
12505966,Private room,100.0,True,0,0,0,188,100,2017-06-05,2017-07-03,2,0.09,Madrid,2019-03-08,False,True
12510136,Private room,320.0,True,12,39,66,66,94,2016-04-25,2019-02-03,128,3.83,Barcelona,2019-02-06,False,True
12510206,Entire home/apt,1950.0,True,6,18,37,276,98,2016-05-23,2018-05-08,87,3.67,Madrid,2018-05-14,False,True
12510355,Entire home/apt,700.0,False,16,28,39,286,87,2016-05-15,2017-02-25,32,3.3,Madrid,2017-03-06,False,True
12514998,Private room,310.0,True,0,11,11,229,95,2016-04-30,2019-04-23,126,3.51,Sevilla,2019-04-27,False,True
12528188,Entire home/apt,660.0,True,0,0,0,147,93,2016-07-11,2017-09-23,14,0.85,Malaga,2017-11-25,False,True
12529740,Entire home/apt,690.0,True,0,0,0,0,92,2017-06-04,2020-10-26,5,0.12,Malaga,2020-11-30,False,True
12542324,Entire home/apt,800.0,True,3,27,57,332,,2016-09-27,2016-09-27,1,0.03,Barcelona,2019-05-14,False,
12552995,Entire home/apt,950.0,True,0,0,0,101,97,2016-07-18,2018-02-23,23,1.09,Mallorca,2018-04-18,False,True
12554244,Private room,400.0,False,26,56,86,361,,,,0,,Barcelona,2017-08-06,False,
12579717,Entire home/apt,1350.0,True,22,46,69,219,96,2016-07-02,2019-09-12,48,1.17,Mallorca,2019-11-28,False,True
12588488,Private room,320.0,False,22,52,82,357,93,2016-05-10,2017-03-23,15,1.37,Madrid,2017-04-08,False,True
12607558,Entire home/apt,650.0,True,22,44,62,272,99,2016-05-10,2018-12-26,21,0.64,Mallorca,2019-01-28,False,True
12611415,Private room,450.0,True,1,4,9,10,96,2016-05-19,2018-07-08,48,1.87,Barcelona,2018-07-10,False,True
12617010,Private room,340.0,True,17,36,36,256,91,2016-04-29,2019-06-22,174,4.53,Madrid,2019-07-10,False,True
12621485,Private room,260.0,True,9,39,68,343,89,2016-04-29,2018-06-22,133,5.04,Madrid,2018-07-10,False,True
12640364,Entire home/apt,1150.0,True,0,8,23,268,98,2016-05-11,2019-01-09,37,0.81,Sevilla,2020-02-29,False,True
12660364,Entire home/apt,840.0,True,26,26,55,235,98,2016-06-20,2020-09-06,112,2.19,Mallorca,2020-09-19,False,True
12668305,Entire home/apt,4000.0,True,30,60,90,365,90,2016-06-27,2018-08-19,8,0.19,Girona,2019-11-30,False,True
12675186,Entire home/apt,1400.0,True,0,16,46,321,88,2016-08-27,2020-08-22,9,0.18,Girona,2020-11-28,False,True
12694109,Entire home/apt,900.0,True,16,33,61,336,99,2016-06-20,2017-10-06,18,0.36,Mallorca,2020-08-28,False,True
12715200,Entire home/apt,700.0,True,14,27,53,205,97,2016-06-03,2019-12-31,129,2.87,Mallorca,2020-02-29,False,True
12718539,Entire home/apt,800.0,True,0,0,0,0,100,2017-01-02,2017-06-07,4,0.09,Barcelona,2020-11-06,False,True
12720502,Private room,250.0,False,12,42,72,347,96,2016-05-10,2016-11-18,24,2.02,Barcelona,2017-05-07,False,True
12733122,Entire home/apt,1300.0,True,23,53,83,358,80,2016-06-06,2016-06-30,4,0.09,Valencia,2019-12-31,False,True
12736977,Entire home/apt,780.0,True,13,43,73,301,100,2016-09-04,2016-09-04,1,0.04,Girona,2018-07-31,False,True
12744761,Entire home/apt,5000.0,False,6,21,44,205,,,,0,,Barcelona,2017-04-08,False,
12745820,Entire home/apt,400.0,True,0,21,37,256,85,2016-07-16,2018-09-11,19,0.61,Girona,2019-02-19,False,True
12756722,Entire home/apt,530.0,True,29,47,47,317,100,2017-08-13,2017-08-13,1,0.05,Girona,2019-05-29,False,True
12756734,Entire home/apt,880.0,True,30,60,90,365,100,2017-07-15,2017-07-29,2,0.05,Girona,2020-12-31,False,True
12761851,Private room,500.0,False,0,0,0,0,92,2016-06-03,2017-07-15,10,0.71,Barcelona,2017-08-06,False,True
12770315,Private room,290.0,True,30,60,90,365,96,2016-05-03,2020-07-20,78,1.51,Madrid,2020-08-25,False,True
12775662,Private room,250.0,False,29,59,89,364,87,2016-05-06,2016-10-14,11,1.2,Barcelona,2017-02-09,False,True
12782353,Entire home/apt,1250.0,True,9,17,33,306,98,2016-06-06,2018-04-13,120,5.33,Sevilla,2018-04-21,False,True
12805760,Entire home/apt,1030.0,True,0,0,0,110,95,2016-07-19,2020-08-11,9,0.16,Mallorca,2021-02-11,False,True
12806328,Private room,400.0,False,8,38,68,343,95,2016-05-15,2017-03-30,21,1.95,Barcelona,2017-04-08,False,True
12819460,Private room,370.0,True,30,60,86,342,95,2016-05-17,2020-09-18,163,3.08,Barcelona,2020-10-12,False,True
12820722,Entire home/apt,1000.0,True,0,0,0,0,97,2016-06-05,2019-09-12,35,0.63,Mallorca,2021-01-16,False,True
12822901,Private room,330.0,True,0,16,31,31,93,2016-07-09,2019-08-08,37,0.97,Barcelona,2019-09-17,False,True
12825535,Private room,220.0,False,26,56,86,361,,,,0,,Madrid,2017-04-08,False,
12826642,Entire home/apt,650.0,True,0,0,0,0,94,2016-05-30,2018-08-15,21,0.68,Malaga,2018-12-22,False,True
12827617,Entire home/apt,1100.0,False,23,23,23,23,93,2016-07-26,2017-05-14,9,0.79,Barcelona,2017-07-06,False,True
12839887,Entire home/apt,1270.0,True,30,60,90,365,87,2016-05-03,2020-08-29,22,0.4,Girona,2020-11-28,False,True
12842645,Entire home/apt,3500.0,True,27,57,84,338,74,2017-01-01,2018-09-14,12,0.45,Girona,2019-03-30,False,False
12843812,Entire home/apt,660.0,True,10,21,40,315,93,2016-06-03,2018-07-21,71,2.69,Madrid,2018-08-14,False,True
12844359,Entire home/apt,460.0,True,0,28,58,327,83,2016-05-25,2020-02-24,47,0.83,Girona,2021-01-31,False,True
12847340,Entire home/apt,1200.0,True,24,54,84,359,97,2016-08-04,2019-08-08,7,0.18,Malaga,2019-10-31,False,True
12858530,Entire home/apt,570.0,True,20,39,69,337,91,2016-05-15,2018-08-08,15,0.49,Girona,2018-11-26,False,True
12866195,Private room,400.0,True,0,16,39,314,96,2016-06-15,2019-07-11,47,1.26,Mallorca,2019-07-25,False,True
12868441,Private room,270.0,False,8,22,45,129,86,2016-08-06,2017-03-03,24,3.44,Barcelona,2017-03-06,False,True
12869712,Entire home/apt,890.0,True,2,4,8,239,99,2016-05-22,2018-01-21,59,2.6,Madrid,2018-04-12,False,True
12872395,Private room,280.0,False,0,0,0,0,86,2016-06-07,2016-11-14,10,1.0,Barcelona,2017-04-08,False,True
12878760,Private room,300.0,True,29,59,89,364,100,2016-05-09,2020-03-27,8,0.14,Madrid,2021-02-09,False,True
12887516,Entire home/apt,980.0,True,29,59,89,364,80,2016-07-31,2016-07-31,1,0.04,Girona,2018-09-28,False,True
12889872,Entire home/apt,1700.0,True,0,0,0,0,100,2016-06-27,2017-08-21,10,0.36,Menorca,2018-10-25,False,True
12894714,Entire home/apt,1220.0,True,0,13,43,311,90,2016-07-11,2020-03-14,65,1.2,Barcelona,2021-01-12,False,True
12895521,Entire home/apt,460.0,True,0,0,0,0,96,2016-08-14,2019-05-10,11,0.32,Barcelona,2019-07-10,False,True
12898480,Entire home/apt,1450.0,True,11,41,71,297,99,2016-06-22,2020-08-21,43,0.84,Mallorca,2020-09-19,False,True
12900103,Entire home/apt,210.0,True,9,39,69,298,97,2016-07-26,2020-09-16,50,0.96,Malaga,2020-11-30,False,True
12902044,Entire home/apt,320.0,True,25,55,85,360,67,2016-08-09,2019-12-01,7,0.16,Valencia,2020-02-29,False,False
12904164,Entire home/apt,250.0,True,0,0,0,0,,,,0,,Madrid,2019-08-12,False,
12908658,Entire home/apt,530.0,True,29,59,89,89,,,,0,,Sevilla,2020-12-31,False,
12909846,Private room,370.0,True,30,60,90,365,93,2016-05-23,2020-02-27,100,2.09,Madrid,2020-05-14,False,True
12910968,Private room,230.0,True,23,53,83,358,88,2016-05-11,2018-10-10,108,3.61,Madrid,2018-11-07,False,True
12913113,Entire home/apt,1200.0,True,7,20,30,223,95,2016-05-21,2018-10-07,95,3.31,Barcelona,2018-10-10,False,True
12923727,Entire home/apt,1500.0,True,29,59,89,179,98,2019-06-02,2019-10-19,11,0.64,Mallorca,2020-11-08,False,True
12925884,Private room,550.0,True,0,0,0,220,92,2016-05-19,2017-09-23,33,1.98,Barcelona,2017-10-07,False,True
12926721,Entire home/apt,1290.0,True,9,9,9,221,,2017-01-29,2017-04-17,3,0.11,Girona,2019-05-29,False,
12937951,Entire home/apt,2590.0,True,30,60,84,266,100,2016-07-29,2016-07-29,1,0.02,Mallorca,2020-01-29,False,True
12938496,Hotel room,1500.0,True,28,58,59,319,,,,0,,Barcelona,2020-02-16,False,
12938638,Entire home/apt,1240.0,True,30,60,90,332,83,2016-05-16,2019-02-01,19,0.35,Valencia,2020-11-10,False,True
12940998,Entire home/apt,1270.0,True,0,0,0,66,,,,0,,Mallorca,2018-08-21,False,
12943964,Entire home/apt,500.0,True,0,0,0,142,80,2018-03-07,2018-03-07,1,0.04,Barcelona,2020-02-16,False,True
12949225,Entire home/apt,1800.0,True,27,39,61,268,95,2017-07-02,2017-09-30,4,0.61,Barcelona,2018-01-17,False,True
12952162,Entire home/apt,1190.0,True,0,0,0,73,94,2016-08-30,2019-08-26,22,0.41,Mallorca,2021-02-11,False,True
12954683,Entire home/apt,800.0,True,10,40,67,67,95,2016-08-13,2019-05-28,17,0.49,Valencia,2019-07-01,False,True
12963198,Entire home/apt,600.0,True,25,55,85,85,90,2016-07-03,2019-09-28,26,0.65,Girona,2019-10-30,False,True
12970898,Entire home/apt,6071.0,True,0,0,3,3,93,2018-03-09,2020-08-23,38,1.24,Valencia,2020-09-28,False,True
12975744,Entire home/apt,620.0,True,16,32,52,323,94,2016-05-15,2019-06-29,49,1.27,Girona,2019-07-29,False,True
12979463,Entire home/apt,800.0,True,23,53,83,83,81,2016-07-02,2018-08-19,14,0.34,Girona,2019-11-30,False,True
12980733,Entire home/apt,,True,22,43,52,256,89,2016-07-16,2019-09-08,18,0.41,Girona,2020-03-26,True,True
12982089,Entire home/apt,1350.0,True,0,0,0,128,100,2017-08-08,2019-08-25,4,0.14,Girona,2019-12-31,False,True
12982507,Private room,360.0,False,7,37,67,102,,,,0,,Madrid,2017-04-08,False,
12983168,Entire home/apt,1000.0,True,0,30,60,335,96,2016-08-11,2019-08-18,9,0.25,Valencia,2019-09-01,False,True
12984693,Entire home/apt,780.0,True,0,0,0,0,80,2016-07-29,2016-07-29,1,0.03,Girona,2019-08-31,False,True
12984954,Private room,390.0,True,30,60,90,365,80,2017-07-02,2017-07-02,1,0.02,Madrid,2021-01-12,False,True
12989326,Entire home/apt,2500.0,True,28,58,88,363,,,,0,,Mallorca,2018-11-20,False,
12994549,Private room,340.0,True,25,55,85,85,88,2016-07-09,2018-09-02,47,1.8,Barcelona,2018-09-11,False,True
12995378,Entire home/apt,1200.0,True,29,59,89,364,63,2016-08-13,2018-08-12,6,0.24,Girona,2018-08-30,False,False
12995580,Entire home/apt,740.0,True,6,11,11,11,96,2016-07-10,2019-02-23,11,0.34,Mallorca,2019-03-25,False,True
12997109,Entire home/apt,880.0,True,30,60,90,365,89,2016-06-26,2020-08-16,32,0.57,Menorca,2021-02-27,False,True
12997259,Entire home/apt,1200.0,False,4,14,38,38,80,2016-06-20,2016-08-22,2,0.21,Barcelona,2017-04-08,False,True
13002991,Entire home/apt,670.0,True,17,47,73,73,93,2016-05-18,2017-12-23,63,3.14,Madrid,2018-01-17,False,True
13004917,Private room,280.0,True,0,0,0,0,96,2016-06-19,2019-07-31,41,0.76,Valencia,2020-12-21,False,True
13009024,Private room,190.0,True,30,43,43,304,80,2016-12-04,2020-03-31,11,0.25,Madrid,2020-07-17,False,True
13009234,Private room,180.0,True,27,57,87,362,100,2016-06-30,2016-06-30,1,0.05,Madrid,2018-01-17,False,True
13011987,Entire home/apt,650.0,False,0,0,0,20,,,,0,,Barcelona,2017-01-04,False,
13012818,Private room,200.0,True,0,0,0,0,,,,0,,Madrid,2019-12-10,False,
13013764,Private room,800.0,True,0,0,0,0,100,2016-05-16,2016-05-16,1,0.04,Barcelona,2018-05-14,False,True
13014825,Entire home/apt,500.0,True,30,60,90,357,100,2018-09-16,2018-09-16,1,2.53,Girona,2018-09-28,False,True
13017446,Private room,500.0,True,6,36,66,66,93,2016-05-17,2017-10-04,106,6.34,Barcelona,2017-10-07,False,True
13021342,Entire home/apt,4540.0,True,29,59,82,357,,2016-08-17,2016-08-17,1,0.03,Menorca,2019-05-30,False,
13026543,Private room,250.0,True,3,31,61,336,98,2016-05-16,2018-06-30,26,1.01,Barcelona,2018-07-10,False,True
13028502,Private room,500.0,False,0,0,0,0,,,,0,,Barcelona,2017-04-08,False,
13034256,Entire home/apt,1200.0,True,11,25,43,43,95,2016-05-22,2018-04-30,123,5.18,Madrid,2018-05-14,False,True
13039587,Private room,400.0,True,0,0,0,0,,,,0,,Madrid,2018-10-10,False,
13040669,Entire home/apt,680.0,True,24,54,84,84,98,2016-05-23,2019-04-20,40,1.13,Malaga,2019-05-01,False,True
13042848,Entire home/apt,900.0,False,6,6,11,64,,,,0,,Madrid,2017-04-08,False,
13049329,Private room,400.0,True,30,60,90,365,80,2017-07-11,2017-07-11,1,0.24,Barcelona,2017-11-13,False,True
13049748,Entire home/apt,1150.0,True,8,12,12,59,84,2016-07-23,2019-05-05,9,0.26,Girona,2019-05-29,False,True
13050229,Entire home/apt,1230.0,True,9,39,69,189,,,,0,,Girona,2019-03-30,False,
13051270,Entire home/apt,1200.0,True,17,37,56,199,96,2016-05-29,2018-04-22,27,1.15,Madrid,2018-05-14,False,True
13051982,Private room,320.0,True,15,45,75,253,86,2016-07-03,2019-11-10,110,2.5,Mallorca,2020-02-29,False,True
13056645,Entire home/apt,850.0,True,28,42,44,306,94,2016-05-31,2019-09-10,25,0.52,Girona,2020-05-28,False,True
13060086,Private room,160.0,True,14,32,54,312,96,2016-06-22,2018-01-05,76,4.03,Barcelona,2018-01-17,False,True
13063233,Private room,340.0,True,29,59,89,179,82,2016-05-24,2019-10-14,90,1.59,Barcelona,2021-02-09,False,True
13068790,Entire home/apt,510.0,True,10,40,70,70,82,2016-05-29,2017-03-23,13,0.57,Malaga,2018-04-22,False,True
13070874,Entire home/apt,1120.0,True,6,16,28,258,,,,0,,Girona,2019-05-29,False,
13072799,Entire home/apt,1610.0,True,28,58,88,342,95,2018-06-30,2019-10-16,12,0.75,Mallorca,2019-10-28,False,True
13074464,Entire home/apt,580.0,True,28,58,80,347,70,2016-07-23,2016-08-21,2,0.04,Girona,2020-04-30,False,False
13075457,Entire home/apt,990.0,False,6,11,18,283,99,2016-09-11,2017-03-31,35,5.09,Madrid,2017-04-08,False,True
13076205,Entire home/apt,1860.0,True,0,0,0,0,,2016-05-25,2016-07-17,2,0.04,Mallorca,2020-09-19,False,
13087391,Entire home/apt,590.0,True,16,16,46,321,94,2016-05-24,2018-08-27,91,3.29,Madrid,2018-09-11,False,True
13089392,Private room,450.0,True,22,49,79,79,97,2016-06-20,2018-09-22,76,2.78,Girona,2018-09-28,False,True
13090344,Entire home/apt,1000.0,True,0,28,58,158,95,2016-07-08,2019-08-17,33,0.75,Girona,2020-02-29,False,True
13091384,Entire home/apt,1950.0,True,24,54,84,359,100,2016-08-20,2018-09-01,15,0.53,Girona,2018-12-22,False,True
13102780,Private room,360.0,False,28,58,88,88,,,,0,,Mallorca,2017-03-15,False,
13103811,Entire home/apt,880.0,True,0,0,0,112,96,2017-04-23,2018-10-20,5,0.25,Mallorca,2018-12-18,False,True
13106905,Entire home/apt,400.0,True,30,60,90,365,89,2016-06-15,2018-09-25,33,1.12,Menorca,2018-11-27,False,True
13108088,Private room,550.0,True,30,60,90,365,78,2016-05-27,2019-09-15,21,0.5,Girona,2019-11-30,False,False
13108673,Entire home/apt,1290.0,False,11,18,38,240,100,2016-07-01,2016-09-26,4,0.47,Mallorca,2017-03-15,False,True
13120331,Entire home/apt,1500.0,False,13,43,73,100,90,2016-06-06,2017-04-18,10,0.91,Barcelona,2017-05-07,False,True
13122955,Entire home/apt,1600.0,True,23,53,83,358,80,2016-08-26,2016-08-26,1,0.05,Girona,2018-04-21,False,True
13124100,Entire home/apt,850.0,True,0,0,11,39,93,2016-05-29,2018-08-31,39,1.08,Valencia,2019-05-31,False,True
13126110,Private room,350.0,True,6,32,62,337,92,2016-06-06,2019-08-30,31,0.79,Barcelona,2019-09-17,False,True
13131828,Entire home/apt,450.0,True,5,7,20,255,90,2016-08-01,2019-05-24,33,0.97,Mallorca,2019-05-27,False,True
13134327,Entire home/apt,1630.0,True,27,45,75,259,91,2016-08-03,2020-03-06,163,3.75,Barcelona,2020-03-16,False,True
13134393,Entire home/apt,1370.0,True,26,45,58,285,93,2016-11-06,2019-07-26,12,0.34,Mallorca,2019-10-28,False,True
13137768,Entire home/apt,2190.0,True,15,19,19,64,99,2016-07-31,2019-06-24,29,0.63,Mallorca,2020-05-28,False,True
13151652,Entire home/apt,1200.0,True,0,0,0,161,,,,0,,Girona,2018-12-22,False,
13157971,Entire home/apt,500.0,True,5,11,27,100,94,2016-08-07,2018-01-08,76,4.38,Barcelona,2018-01-17,False,True
13165886,Entire home/apt,1000.0,True,0,0,0,0,87,2016-07-26,2017-04-01,8,0.26,Girona,2019-02-19,False,True
13166575,Entire home/apt,2500.0,False,7,30,56,331,88,2016-07-17,2017-02-19,5,0.52,Barcelona,2017-05-07,False,True
13170116,Entire home/apt,2000.0,True,20,48,58,333,100,2016-07-10,2018-05-19,2,0.04,Girona,2020-05-28,False,True
13171084,Entire home/apt,400.0,True,30,60,90,290,97,2016-10-21,2020-11-01,58,1.14,Mallorca,2021-01-16,False,True
13177163,Entire home/apt,310.0,True,25,55,72,320,91,2016-06-12,2019-12-31,68,1.56,Mallorca,2020-01-29,False,True
13178927,Private room,400.0,False,12,16,46,321,89,2016-05-27,2017-05-30,15,1.22,Barcelona,2017-06-05,False,True
13180369,Private room,250.0,True,0,0,0,0,,,,0,,Madrid,2019-12-10,False,
13184258,Entire home/apt,860.0,True,4,13,18,144,90,2016-11-13,2018-01-13,66,4.67,Barcelona,2018-01-17,False,True
13184686,Private room,210.0,True,0,0,0,257,84,2016-05-30,2017-11-05,49,2.67,Barcelona,2017-12-09,False,True
13185354,Private room,690.0,True,0,0,0,0,80,2016-05-29,2016-05-29,1,0.03,Barcelona,2019-09-17,False,True
13185664,Entire home/apt,1500.0,True,0,0,0,0,90,2016-07-06,2016-08-17,2,0.09,Menorca,2018-04-21,False,True
13186975,Private room,550.0,True,24,51,81,356,97,2016-06-09,2017-10-23,49,2.85,Barcelona,2017-11-13,False,True
13189515,Entire home/apt,3000.0,True,0,0,22,297,,,,0,,Malaga,2017-11-25,False,
13195060,Entire home/apt,1380.0,True,0,0,24,243,,2016-06-06,2016-06-06,1,0.04,Menorca,2018-08-29,False,
13196950,Entire home/apt,2000.0,True,28,58,81,283,80,2016-08-31,2016-08-31,1,0.02,Mallorca,2020-03-22,False,True
13201344,Entire home/apt,450.0,True,0,0,0,0,93,2016-07-24,2020-08-21,31,0.56,Girona,2021-02-27,False,True
13202055,Private room,700.0,False,1,12,17,252,93,2016-05-30,2017-03-16,35,3.4,Barcelona,2017-04-08,False,True
13214194,Private room,320.0,False,29,59,89,364,100,2016-08-13,2016-08-27,2,0.42,Barcelona,2017-01-04,False,True
13214391,Entire home/apt,510.0,True,9,17,27,89,99,2016-06-05,2020-01-16,187,4.26,Sevilla,2020-01-30,False,True
13214848,Entire home/apt,1250.0,True,1,23,53,328,93,2016-07-25,2017-07-31,3,0.08,Mallorca,2019-07-25,False,True
13218847,Entire home/apt,670.0,True,1,4,11,179,94,2016-06-18,2019-04-06,62,1.81,Mallorca,2019-04-24,False,True
13219895,Private room,240.0,False,24,24,24,296,80,2016-05-30,2017-07-06,3,0.23,Barcelona,2017-07-06,False,True
13222926,Private room,300.0,False,30,60,90,365,75,2016-05-28,2016-08-17,5,0.69,Barcelona,2017-01-04,False,False
13230236,Entire home/apt,1000.0,True,0,5,35,35,97,2016-10-10,2017-09-12,7,0.28,Madrid,2018-11-07,False,True
13233495,Entire home/apt,1500.0,True,28,28,28,120,,,,0,,Girona,2019-08-31,False,
13242295,Entire home/apt,,True,0,0,0,0,97,2016-07-25,2018-11-30,9,0.24,Mallorca,2019-09-28,True,True
13243891,Private room,320.0,True,25,55,85,360,99,2016-06-04,2018-06-18,19,0.67,Barcelona,2018-10-10,False,True
13246596,Entire home/apt,540.0,True,4,14,18,283,93,2016-06-17,2019-05-02,76,2.15,Girona,2019-05-29,False,True
13249894,Entire home/apt,1150.0,True,27,57,83,311,99,2016-07-14,2019-09-06,30,0.68,Girona,2020-03-26,False,True
13250267,Private room,170.0,True,0,0,0,0,87,2016-06-07,2017-08-21,3,0.2,Barcelona,2017-09-12,False,True
13253925,Entire home/apt,450.0,True,4,19,48,289,88,2016-06-10,2019-03-29,37,1.07,Malaga,2019-05-01,False,True
13256597,Entire home/apt,1370.0,True,20,39,66,66,94,2016-11-07,2018-04-25,25,1.37,Madrid,2018-05-14,False,True
13257273,Entire home/apt,600.0,True,6,36,66,85,92,2016-08-15,2018-05-13,13,0.54,Barcelona,2018-08-14,False,True
13258053,Entire home/apt,2800.0,True,0,0,0,0,100,2016-06-13,2019-07-13,4,0.08,Mallorca,2020-06-25,False,True
13259140,Private room,,True,0,0,0,0,94,2016-06-03,2016-07-04,7,0.22,Barcelona,2019-02-06,True,True
13260550,Private room,400.0,True,30,60,90,365,,,,0,,Valencia,2020-05-31,False,
13260979,Private room,190.0,False,4,4,4,102,94,2016-06-05,2017-03-27,31,3.07,Barcelona,2017-04-08,False,True
13269213,Private room,300.0,True,0,4,14,44,95,2016-06-08,2018-04-10,191,8.63,Barcelona,2018-04-12,False,True
13269846,Entire home/apt,990.0,True,10,35,65,84,99,2017-04-27,2019-07-31,16,0.56,Madrid,2019-09-19,False,True
13271063,Entire home/apt,1000.0,True,7,22,29,289,84,2016-06-26,2018-06-24,67,2.74,Barcelona,2018-07-10,False,True
13277158,Entire home/apt,650.0,False,9,18,38,307,85,2016-06-07,2017-02-20,15,1.68,Barcelona,2017-03-06,False,True
13277929,Private room,270.0,False,0,0,0,0,90,2016-06-14,2016-07-11,4,0.29,Barcelona,2017-08-06,False,True
13278583,Entire home/apt,450.0,True,13,43,73,348,100,2016-06-30,2016-06-30,1,0.03,Madrid,2019-01-14,False,True
13289432,Private room,500.0,True,0,0,0,7,99,2016-07-17,2020-02-26,94,1.88,Barcelona,2020-09-12,False,True
13292464,Entire home/apt,2220.0,True,21,49,77,352,95,2016-09-27,2017-12-10,5,0.26,Madrid,2018-05-14,False,True
13297262,Entire home/apt,600.0,True,28,58,88,178,97,2016-07-17,2019-09-01,40,1.04,Girona,2019-09-30,False,True
13303264,Entire home/apt,700.0,True,0,0,0,0,85,2016-07-15,2019-08-25,18,0.44,Menorca,2019-11-30,False,True
13305377,Entire home/apt,1200.0,True,29,55,80,207,85,2016-07-12,2020-03-07,66,1.46,Barcelona,2020-04-16,False,True
13305502,Entire home/apt,690.0,True,5,17,36,245,99,2016-06-09,2018-04-19,37,1.65,Malaga,2018-04-22,False,True
13311191,Entire home/apt,1600.0,True,0,0,0,221,99,2016-07-28,2020-08-25,17,0.33,Mallorca,2020-11-08,False,True
13311614,Private room,350.0,False,0,0,0,0,,,,0,,Barcelona,2017-01-04,False,
13315485,Entire home/apt,590.0,True,7,34,64,64,96,2016-06-20,2018-09-03,80,2.99,Madrid,2018-09-11,False,True
13316411,Entire home/apt,1150.0,True,30,60,90,321,96,2016-07-21,2018-10-23,57,1.97,Mallorca,2018-12-18,False,True
13319354,Entire home/apt,700.0,True,17,34,57,147,89,2016-06-06,2018-08-16,8,0.25,Malaga,2019-01-30,False,True
13320718,Private room,600.0,False,0,0,0,0,,2016-06-19,2016-06-19,1,0.07,Barcelona,2017-08-06,False,
13321671,Entire home/apt,450.0,True,0,11,41,158,100,2016-09-03,2019-04-30,4,0.08,Barcelona,2020-11-06,False,True
13323154,Entire home/apt,1500.0,True,9,22,32,153,,,,0,,Madrid,2018-04-12,False,
13327229,Private room,250.0,False,20,39,61,61,100,2017-04-22,2017-04-22,1,0.69,Barcelona,2017-06-05,False,True
13330029,Entire home/apt,1100.0,True,0,0,0,0,,,,0,,Barcelona,2018-01-17,False,
13331352,Private room,350.0,False,13,40,40,40,91,2016-06-14,2017-06-24,40,3.14,Barcelona,2017-07-06,False,True
13333004,Entire home/apt,900.0,True,27,57,87,360,97,2016-06-28,2020-08-12,35,0.65,Girona,2020-12-31,False,True
13340206,Entire home/apt,910.0,True,0,0,0,0,94,2016-07-05,2019-12-22,50,1.01,Madrid,2020-08-25,False,True
13341336,Entire home/apt,1950.0,True,6,21,42,102,90,2016-08-03,2017-10-30,6,0.29,Mallorca,2018-04-18,False,True
13342687,Entire home/apt,470.0,True,0,0,0,0,100,2016-09-10,2016-10-28,2,0.1,Girona,2018-04-21,False,True
13342720,Entire home/apt,550.0,True,23,53,83,358,,,,0,,Girona,2020-11-28,False,
13344391,Private room,120.0,True,0,0,0,0,,2016-06-17,2016-06-17,1,0.02,Madrid,2019-11-09,False,
13346835,Entire home/apt,2110.0,True,29,59,89,364,90,2016-07-25,2016-08-29,2,0.06,Girona,2019-07-29,False,True
13351781,Entire home/apt,1780.0,True,0,28,58,333,90,2016-10-02,2017-06-25,8,0.28,Madrid,2019-02-06,False,True
13354338,Private room,200.0,False,0,0,0,0,,,,0,,Barcelona,2017-07-06,False,
13358899,Private room,550.0,True,0,0,0,130,98,2016-07-12,2018-09-22,27,0.86,Menorca,2019-02-24,False,True
13359409,Private room,550.0,True,7,35,49,139,96,2016-07-04,2018-09-27,89,3.27,Barcelona,2018-10-10,False,True
13361113,Entire home/apt,890.0,True,21,51,81,356,93,2016-09-01,2019-06-04,19,0.55,Madrid,2019-07-10,False,True
13367596,Entire home/apt,350.0,True,0,0,0,0,,,,0,,Madrid,2020-03-17,False,
13384721,Entire home/apt,710.0,True,19,40,70,70,93,2016-07-04,2019-07-16,88,2.28,Madrid,2019-09-19,False,True
13385644,Private room,450.0,True,2,23,53,328,85,2016-06-21,2018-09-02,117,4.38,Madrid,2018-09-11,False,True
13386294,Entire home/apt,880.0,True,19,42,59,251,100,2017-04-26,2017-04-26,1,0.04,Mallorca,2019-03-25,False,True
13401995,Entire home/apt,350.0,True,30,58,88,134,86,2016-07-19,2020-09-27,44,0.86,Malaga,2020-10-30,False,True
13402260,Private room,500.0,True,0,0,0,0,94,2016-06-11,2017-08-18,20,1.26,Barcelona,2017-10-07,False,True
13402487,Entire home/apt,1130.0,True,0,0,0,1,,,,0,,Girona,2018-09-28,False,
13406253,Entire home/apt,1020.0,True,26,56,80,307,95,2016-07-27,2019-03-02,13,0.4,Girona,2019-03-30,False,True
13406888,Private room,270.0,True,1,21,35,235,97,2016-06-12,2020-01-21,142,3.21,Madrid,2020-02-18,False,True
13407285,Entire home/apt,520.0,True,0,0,0,57,90,2016-09-11,2017-09-09,4,0.15,Girona,2018-12-22,False,True
13408642,Private room,220.0,True,0,0,0,134,100,2016-06-19,2017-04-30,9,0.39,Madrid,2018-05-14,False,True
13427874,Private room,2460.0,True,29,59,89,89,100,2016-10-09,2017-08-06,4,0.11,Madrid,2019-10-16,False,True
13431802,Entire home/apt,850.0,True,16,26,49,291,88,2016-08-08,2018-08-17,5,0.11,Mallorca,2020-05-28,False,True
13439317,Entire home/apt,1350.0,True,10,40,70,345,100,2017-04-24,2018-11-03,3,0.12,Barcelona,2019-06-07,False,True
13440607,Entire home/apt,790.0,True,0,26,56,331,100,2016-08-06,2016-08-14,2,0.08,Mallorca,2018-07-29,False,True
13441952,Entire home/apt,3300.0,True,3,19,35,245,100,2017-08-05,2017-08-05,1,0.08,Mallorca,2018-07-29,False,True
13442909,Private room,700.0,False,0,11,41,131,98,2016-06-21,2017-07-18,45,3.33,Barcelona,2017-08-06,False,True
13448590,Entire home/apt,1050.0,True,16,46,76,351,72,2016-06-25,2017-10-26,28,1.6,Barcelona,2017-12-09,False,False
13449246,Entire home/apt,1200.0,True,16,39,69,344,93,2016-08-07,2019-05-31,8,0.22,Mallorca,2019-07-25,False,True
13454957,Entire home/apt,4150.0,True,0,0,16,215,94,2017-04-27,2019-10-10,15,0.47,Menorca,2019-12-31,False,True
13455836,Entire home/apt,2000.0,True,24,37,67,158,100,2017-08-06,2019-07-10,2,0.06,Girona,2020-06-29,False,True
13459484,Private room,150.0,True,0,0,0,0,,,,0,,Madrid,2018-01-17,False,
13483371,Private room,300.0,True,0,0,0,0,96,2016-07-02,2020-02-01,103,1.92,Madrid,2020-12-17,False,True
13490930,Entire home/apt,1500.0,True,30,60,90,365,,2019-07-16,2019-07-16,1,0.41,Mallorca,2019-09-28,False,
13492896,Entire home/apt,2000.0,True,24,54,65,336,100,2016-07-26,2019-10-15,28,0.62,Mallorca,2020-04-23,False,True
13493949,Private room,550.0,True,0,0,0,0,95,2016-08-05,2017-07-19,4,0.23,Barcelona,2018-01-17,False,True
13494006,Entire home/apt,1000.0,True,1,1,28,157,98,2016-08-29,2018-09-24,13,0.45,Mallorca,2019-01-28,False,True
13499497,Private room,660.0,True,0,0,0,0,90,2016-06-20,2016-09-08,5,0.1,Madrid,2020-09-13,False,True
13502256,Entire home/apt,450.0,True,29,59,83,357,93,2016-07-07,2019-08-03,22,0.5,Mallorca,2020-02-29,False,True
13507538,Entire home/apt,1040.0,True,15,45,75,229,83,2016-08-21,2019-09-18,7,0.13,Girona,2020-12-31,False,True
13510273,Entire home/apt,800.0,False,0,0,0,0,,,,0,,Madrid,2017-04-08,False,
13517322,Private room,1500.0,True,0,0,0,0,80,2017-03-31,2017-03-31,1,0.04,Barcelona,2019-04-10,False,True
13525030,Private room,260.0,True,28,58,88,363,95,2016-07-02,2020-10-07,323,6.26,Madrid,2020-10-17,False,True
13525106,Private room,700.0,True,15,22,45,316,80,2017-05-24,2017-05-24,1,0.13,Barcelona,2018-01-17,False,True
13525600,Entire home/apt,2500.0,True,25,55,85,316,90,2017-05-06,2017-08-05,2,0.11,Mallorca,2018-10-17,False,True
13534487,Private room,300.0,True,1,1,1,1,98,2016-07-03,2018-11-15,40,1.37,Madrid,2018-12-10,False,True
13536092,Entire home/apt,520.0,True,0,0,0,0,74,2016-08-31,2017-10-23,10,0.27,Madrid,2019-10-16,False,False
13539028,Entire home/apt,600.0,True,0,30,60,335,93,2016-06-19,2020-04-19,43,0.93,Sevilla,2020-04-30,False,True
13542991,Entire home/apt,1230.0,True,13,13,13,168,90,2016-07-18,2018-08-29,41,1.55,Girona,2018-09-28,False,True
13543156,Entire home/apt,1150.0,True,29,59,89,364,94,2016-06-25,2019-12-20,31,0.59,Madrid,2020-11-06,False,True
13546130,Private room,180.0,True,21,51,81,337,94,2016-06-23,2018-01-15,78,4.14,Madrid,2018-01-17,False,True
13553344,Entire home/apt,2100.0,True,27,45,72,332,98,2016-07-09,2020-03-10,118,2.35,Madrid,2020-09-13,False,True
13556865,Entire home/apt,1650.0,True,7,7,7,150,100,2017-07-19,2017-08-05,2,0.13,Mallorca,2018-10-17,False,True
13558064,Private room,330.0,True,0,0,0,0,93,2017-06-10,2017-07-23,3,0.29,Malaga,2018-04-22,False,True
13558073,Private room,500.0,False,25,55,85,360,90,2016-06-21,2017-01-03,4,0.52,Barcelona,2017-02-09,False,True
13558152,Entire home/apt,550.0,True,0,29,59,239,94,2016-07-03,2018-07-24,14,0.48,Madrid,2018-12-10,False,True
13559207,Entire home/apt,800.0,True,18,27,42,42,93,2016-11-01,2018-07-29,15,0.7,Barcelona,2018-08-14,False,True
13559786,Private room,360.0,True,0,0,0,202,96,2016-06-26,2018-01-21,15,0.77,Barcelona,2018-02-07,False,True
13560860,Entire home/apt,600.0,True,0,3,7,97,98,2016-08-10,2018-12-06,55,1.94,Girona,2018-12-22,False,True
13567392,Private room,500.0,False,5,5,5,204,89,2016-07-06,2016-09-21,11,1.84,Barcelona,2017-01-04,False,True
13568825,Entire home/apt,800.0,True,15,45,75,119,90,2016-07-04,2020-02-28,57,1.27,Valencia,2020-03-26,False,True
13569570,Private room,200.0,True,0,0,0,130,82,2016-07-17,2018-12-07,10,0.25,Madrid,2019-11-09,False,True
13571420,Entire home/apt,1070.0,True,17,41,71,172,92,2016-11-12,2017-09-18,11,0.91,Barcelona,2017-11-13,False,True
13575342,Private room,410.0,True,17,26,26,26,96,2016-06-27,2018-01-10,60,3.21,Madrid,2018-01-17,False,True
13576820,Entire home/apt,5000.0,True,20,20,20,113,,,,0,,Girona,2019-08-31,False,
13578240,Private room,160.0,True,0,0,0,14,60,2016-06-18,2018-04-20,3,0.1,Barcelona,2019-01-14,False,False
13581714,Entire home/apt,1200.0,True,0,0,0,209,,2018-03-12,2018-03-12,1,0.06,Girona,2019-07-29,False,
13585564,Entire home/apt,1900.0,True,23,50,54,329,91,2016-07-23,2019-07-27,9,0.19,Girona,2020-05-28,False,True
13588678,Entire home/apt,700.0,True,16,36,66,329,98,2016-09-03,2019-07-09,8,0.2,Malaga,2020-01-31,False,True
13596486,Entire home/apt,350.0,False,0,0,0,0,88,2016-06-26,2016-10-23,5,0.67,Barcelona,2017-02-09,False,True
13608118,Entire home/apt,490.0,True,3,12,33,110,97,2016-06-27,2019-09-16,299,7.71,Madrid,2019-09-19,False,True
13608528,Entire home/apt,2500.0,True,29,59,89,364,85,2016-07-30,2019-09-09,8,0.19,Menorca,2020-01-31,False,True
13609079,Entire home/apt,990.0,True,23,53,76,325,94,2016-06-23,2019-08-04,42,0.91,Girona,2020-04-30,False,True
13609470,Entire home/apt,1800.0,True,27,57,87,177,100,2018-08-05,2019-07-26,2,0.07,Mallorca,2020-11-08,False,True
13610855,Entire home/apt,1000.0,True,9,18,18,69,96,2016-07-27,2019-01-06,21,0.62,Mallorca,2019-05-27,False,True
13617801,Entire home/apt,790.0,True,0,0,0,180,96,2016-07-13,2019-09-06,55,1.16,Girona,2020-06-29,False,True
13619890,Private room,200.0,True,30,60,90,90,94,2016-07-01,2019-07-08,46,0.89,Barcelona,2020-10-12,False,True
13622174,Private room,340.0,True,0,0,0,0,96,2016-07-26,2019-08-28,18,0.48,Barcelona,2019-09-17,False,True
13629014,Private room,240.0,True,1,1,1,1,75,2016-06-25,2017-08-16,9,0.62,Barcelona,2017-09-12,False,False
13632109,Private room,290.0,True,8,24,47,299,94,2016-07-14,2018-03-19,113,5.39,Madrid,2018-04-12,False,True
13632193,Entire home/apt,1050.0,False,0,0,20,226,97,2016-08-31,2016-12-31,14,2.28,Madrid,2017-03-06,False,True
13632619,Private room,530.0,False,21,51,81,356,89,2016-07-13,2017-04-18,14,1.43,Barcelona,2017-05-07,False,True
13633305,Entire home/apt,1210.0,False,29,59,89,116,96,2016-07-15,2016-09-17,5,0.65,Barcelona,2017-03-06,False,True
13646170,Entire home/apt,520.0,True,30,53,83,337,94,2016-12-09,2019-12-02,80,1.96,Malaga,2020-04-30,False,True
13646947,Private room,280.0,True,0,0,0,0,99,2016-07-11,2017-06-19,26,1.08,Barcelona,2018-07-10,False,True
13647725,Entire home/apt,510.0,True,11,23,53,328,97,2016-07-30,2018-12-10,13,0.44,Barcelona,2019-01-14,False,True
13648073,Entire home/apt,1700.0,True,9,14,29,177,95,2016-05-30,2019-03-05,21,0.62,Mallorca,2019-03-25,False,True
13651387,Entire home/apt,,True,13,22,33,290,100,2016-10-08,2018-05-11,2,0.1,Barcelona,2018-05-14,True,True
13653047,Entire home/apt,800.0,True,27,55,81,356,98,2019-05-13,2020-02-28,20,1.41,Madrid,2020-07-17,False,True
13656676,Entire home/apt,1000.0,True,30,60,90,334,87,2016-07-26,2018-08-26,14,0.44,Girona,2019-03-30,False,True
13662267,Entire home/apt,680.0,True,4,9,22,242,88,2016-05-02,2018-07-06,5,0.16,Malaga,2018-11-27,False,True
13662272,Entire home/apt,550.0,True,0,0,0,0,93,2016-06-06,2019-12-26,4,0.07,Malaga,2020-11-30,False,True
13664325,Entire home/apt,1050.0,True,29,59,77,227,100,2017-04-16,2017-04-16,1,0.04,Girona,2019-04-29,False,True
13664652,Entire home/apt,1700.0,True,29,59,89,364,92,2016-08-08,2017-10-17,34,0.83,Mallorca,2019-12-31,False,True
13666853,Private room,400.0,True,0,0,0,0,93,2016-07-30,2018-09-26,10,0.31,Barcelona,2019-04-10,False,True
13669701,Entire home/apt,790.0,True,0,0,0,0,93,2016-07-16,2016-09-26,9,0.22,Mallorca,2019-11-28,False,True
13670828,Entire home/apt,1000.0,True,29,59,89,364,87,2016-07-10,2018-09-23,17,0.59,Menorca,2018-11-27,False,True
13672166,Entire home/apt,600.0,True,3,3,3,3,100,2017-06-11,2019-06-09,3,0.12,Madrid,2019-08-12,False,True
13674761,Private room,350.0,True,0,0,0,0,80,2016-07-27,2017-08-15,3,0.06,Madrid,2021-01-12,False,True
13681214,Private room,150.0,False,0,0,0,0,,,,0,,Madrid,2017-04-08,False,
13683044,Entire home/apt,1000.0,True,22,22,22,145,96,2017-04-29,2019-04-21,5,0.2,Girona,2019-05-29,False,True
13683978,Entire home/apt,900.0,True,30,60,90,365,82,2016-06-25,2019-08-10,10,0.18,Malaga,2021-01-31,False,True
13684408,Entire home/apt,630.0,True,0,19,49,129,100,2017-08-12,2017-08-12,1,0.12,Girona,2018-04-21,False,True
13684556,Entire home/apt,1000.0,True,29,59,72,72,100,2018-06-24,2018-06-24,1,0.26,Girona,2018-10-20,False,True
13686874,Entire home/apt,1440.0,True,29,41,54,55,88,2016-07-03,2018-07-29,18,0.52,Girona,2019-05-29,False,True
13692743,Entire home/apt,1000.0,True,29,59,82,347,100,2017-05-06,2019-06-21,12,0.4,Mallorca,2019-10-28,False,True
13694436,Private room,300.0,True,30,36,66,341,90,2016-08-12,2020-08-21,41,0.79,Malaga,2020-11-30,False,True
13697145,Private room,620.0,True,0,1,4,229,96,2018-02-16,2018-05-05,14,4.89,Barcelona,2018-05-14,False,True
13697917,Entire home/apt,750.0,True,0,0,20,281,98,2016-07-28,2019-09-22,43,1.02,Mallorca,2020-01-29,False,True
13704020,Private room,350.0,True,1,11,26,242,82,2016-07-12,2019-04-07,91,2.76,Barcelona,2019-04-10,False,True
13707226,Private room,600.0,False,30,60,90,180,94,2016-08-04,2016-09-23,13,2.58,Barcelona,2017-01-04,False,True
13707983,Private room,700.0,False,9,9,9,258,100,2016-08-24,2016-08-31,2,0.36,Barcelona,2017-02-09,False,True
13709585,Private room,400.0,True,30,60,90,365,92,2016-07-08,2018-01-04,32,1.68,Barcelona,2018-02-07,False,True
13710807,Private room,350.0,True,9,18,48,323,95,2016-07-16,2019-10-05,52,1.31,Barcelona,2019-11-09,False,True
13712781,Entire home/apt,600.0,True,13,32,33,294,91,2016-07-03,2019-04-07,37,1.06,Valencia,2019-05-31,False,True
13717362,Private room,250.0,False,30,60,90,365,100,2016-07-03,2016-07-03,1,0.11,Madrid,2017-04-08,False,True
13719380,Private room,550.0,True,28,58,88,88,100,2019-08-31,2019-10-20,3,1.3,Barcelona,2019-11-09,False,True
13720635,Entire home/apt,600.0,False,3,5,9,9,88,2016-07-25,2016-12-04,11,1.3,Barcelona,2017-04-08,False,True
13722943,Shared room,,False,0,0,0,0,,,,0,,Barcelona,2017-02-09,True,
13732070,Private room,250.0,True,0,0,0,0,100,2017-06-06,2017-06-06,1,0.06,Madrid,2018-10-10,False,True
13735092,Entire home/apt,1350.0,True,9,31,34,214,100,2017-07-14,2019-05-12,20,0.89,Valencia,2019-05-31,False,True
13742696,Entire home/apt,,True,7,30,44,275,80,2018-06-17,2019-12-31,3,0.15,Barcelona,2020-02-16,True,True
13744939,Private room,170.0,True,0,0,0,0,97,2016-07-02,2016-07-19,6,0.18,Madrid,2019-04-11,False,True
13744974,Private room,250.0,True,0,0,0,0,,,,0,,Madrid,2020-05-14,False,
13746010,Entire home/apt,970.0,True,21,49,65,273,93,2018-07-21,2019-09-21,6,0.33,Mallorca,2020-01-29,False,True
13747419,Entire home/apt,1330.0,True,27,57,87,362,98,2016-07-25,2020-10-23,11,0.21,Mallorca,2020-12-19,False,True
13755382,Private room,3950.0,True,29,59,89,364,,,,0,,Madrid,2020-11-06,False,
13757110,Entire home/apt,760.0,True,0,0,0,0,94,2016-07-30,2019-08-21,13,0.25,Girona,2020-11-28,False,True
13759714,Entire home/apt,1040.0,True,14,23,29,76,60,2017-06-06,2017-06-06,1,0.1,Mallorca,2018-04-18,False,False
13759724,Entire home/apt,1760.0,True,30,53,80,322,,,,0,,Mallorca,2020-02-29,False,
13759735,Entire home/apt,800.0,True,28,58,75,317,87,2016-11-20,2019-01-02,3,0.11,Mallorca,2019-01-28,False,True
13759758,Entire home/apt,1170.0,True,28,58,88,295,94,2016-08-07,2018-11-01,14,0.51,Mallorca,2018-11-20,False,True
13759790,Entire home/apt,1710.0,True,0,0,0,143,100,2017-01-06,2019-09-17,2,0.04,Mallorca,2020-11-08,False,True
13760675,Entire home/apt,1800.0,True,0,0,0,146,100,2019-05-01,2019-10-31,7,1.01,Mallorca,2019-11-28,False,True
13760705,Entire home/apt,4660.0,True,5,13,24,285,100,2019-05-31,2019-05-31,1,1.13,Mallorca,2019-06-27,False,True
13760709,Entire home/apt,1500.0,True,29,59,83,311,80,2018-07-11,2019-08-11,2,0.1,Mallorca,2020-02-29,False,True
13760759,Entire home/apt,3330.0,True,1,3,10,215,90,2018-04-01,2018-10-19,2,0.13,Mallorca,2019-07-25,False,True
13760790,Entire home/apt,1700.0,True,4,30,35,121,100,2018-09-23,2018-09-23,1,0.06,Mallorca,2020-03-22,False,True
13763386,Entire home/apt,1300.0,True,6,9,37,212,100,2016-11-02,2019-06-04,8,0.25,Mallorca,2019-06-27,False,True
13763656,Entire home/apt,480.0,True,20,27,27,27,80,2017-09-10,2018-09-30,2,0.07,Girona,2019-11-30,False,True
13766096,Private room,400.0,True,3,8,25,291,91,2016-07-24,2017-08-22,50,3.66,Barcelona,2017-09-12,False,True
13768289,Private room,260.0,True,0,0,0,0,90,2016-07-16,2017-09-06,31,1.48,Barcelona,2018-04-12,False,True
13772492,Private room,550.0,True,29,59,89,89,100,2020-07-05,2020-09-27,7,1.46,Girona,2020-11-28,False,True
13778954,Private room,220.0,True,0,0,0,0,89,2016-10-07,2018-06-15,12,0.41,Madrid,2019-03-08,False,True
13779765,Entire home/apt,700.0,True,15,45,75,336,95,2017-03-19,2018-10-08,101,5.29,Girona,2018-10-20,False,True
13783193,Entire home/apt,650.0,True,0,0,28,303,81,2016-09-01,2019-06-25,20,0.53,Girona,2019-10-30,False,True
13790837,Private room,410.0,False,11,27,34,34,98,2016-07-10,2017-03-03,40,5.09,Barcelona,2017-03-06,False,True
13792342,Entire home/apt,2850.0,True,23,39,41,276,,,,0,,Mallorca,2019-04-24,False,
13792358,Entire home/apt,,True,7,27,49,194,100,2017-08-28,2017-08-28,1,0.04,Mallorca,2019-09-28,True,True
13792394,Entire home/apt,1380.0,True,0,6,36,262,100,2017-01-25,2018-08-18,2,0.04,Mallorca,2020-11-08,False,True
13792441,Entire home/apt,2210.0,False,21,24,38,174,,,,0,,Mallorca,2017-03-15,False,
13792565,Entire home/apt,2410.0,True,1,8,29,291,100,2016-09-03,2016-09-03,1,0.03,Mallorca,2019-05-27,False,True
13792567,Entire home/apt,2160.0,True,16,46,61,237,80,2018-08-20,2018-08-20,1,0.19,Mallorca,2019-01-28,False,True
13792644,Entire home/apt,3020.0,True,15,15,19,235,,,,0,,Mallorca,2018-04-18,False,
13796258,Entire home/apt,690.0,True,0,0,0,0,50,2016-08-28,2019-07-20,2,0.05,Girona,2019-09-30,False,False
13799511,Entire home/apt,1800.0,False,10,23,42,272,95,2016-07-13,2017-02-24,35,4.51,Madrid,2017-03-06,False,True
13799739,Private room,1100.0,True,28,58,88,88,,,,0,,Barcelona,2017-09-12,False,
13806026,Private room,450.0,True,29,45,75,159,91,2016-07-10,2019-10-15,53,1.32,Barcelona,2019-11-09,False,True
13807367,Entire home/apt,1000.0,True,23,53,83,358,,,,0,,Valencia,2020-08-30,False,
13810790,Private room,300.0,True,0,0,0,0,,,,0,,Madrid,2019-01-14,False,
13814652,Private room,290.0,False,0,0,0,0,92,2016-07-09,2016-10-02,5,0.63,Madrid,2017-03-06,False,True
13818564,Private room,250.0,True,1,1,1,73,96,2016-08-02,2018-09-03,28,1.11,Madrid,2018-09-11,False,True
13820948,Entire home/apt,380.0,True,0,0,5,280,100,2017-06-17,2019-09-30,3,0.1,Barcelona,2020-01-10,False,True
13823071,Entire home/apt,1500.0,True,2,14,44,261,100,2016-10-12,2019-06-24,9,0.26,Mallorca,2019-08-31,False,True
13823710,Private room,200.0,True,2,5,12,12,91,2016-07-11,2018-04-26,77,3.48,Barcelona,2018-05-14,False,True
13824037,Entire home/apt,4990.0,True,12,27,37,246,98,2016-09-10,2018-12-29,11,0.38,Barcelona,2019-02-06,False,True
13827516,Private room,150.0,True,2,26,51,103,91,2016-09-15,2020-01-03,205,5.14,Madrid,2020-01-10,False,True
13835912,Entire home/apt,870.0,True,14,15,28,213,100,2016-08-31,2017-06-28,2,0.06,Mallorca,2019-03-25,False,True
13837599,Private room,300.0,True,3,3,3,48,87,2017-03-03,2018-06-01,30,1.97,Barcelona,2018-06-09,False,True
13837974,Entire home/apt,900.0,True,0,0,2,194,94,2016-11-13,2018-03-22,86,5.08,Madrid,2018-04-12,False,True
13839311,Entire home/apt,1850.0,True,10,25,35,248,96,2017-06-17,2017-12-30,5,0.5,Mallorca,2018-04-18,False,True
13839516,Entire home/apt,740.0,True,27,57,87,362,100,2016-08-31,2016-08-31,1,0.03,Barcelona,2019-09-17,False,True
13840082,Private room,320.0,False,29,59,89,364,87,2016-08-18,2016-10-02,6,0.91,Barcelona,2017-03-06,False,True
13840373,Entire home/apt,600.0,True,24,47,77,335,96,2016-07-19,2019-12-02,198,4.78,Valencia,2019-12-31,False,True
13841270,Private room,890.0,True,15,45,72,302,100,2017-06-04,2018-07-30,3,0.14,Girona,2019-03-30,False,True
13843488,Entire home/apt,950.0,True,17,45,45,300,94,2016-08-28,2019-03-01,38,1.15,Girona,2019-05-29,False,True
13851443,Entire home/apt,2990.0,False,28,58,88,363,70,2016-09-20,2017-03-12,5,0.66,Barcelona,2017-05-07,False,False
13852472,Private room,600.0,True,28,58,88,179,100,2018-04-22,2018-04-22,1,0.04,Madrid,2020-05-14,False,True
13855168,Entire home/apt,,True,0,0,0,230,,,,0,,Girona,2018-04-21,True,
13862548,Entire home/apt,950.0,True,30,52,68,244,98,2018-05-30,2019-08-17,8,0.38,Mallorca,2020-02-29,False,True
13875398,Private room,200.0,True,6,11,36,311,78,2016-07-16,2018-05-13,12,0.55,Barcelona,2018-05-14,False,False
13875931,Entire home/apt,500.0,True,29,59,89,89,85,2016-07-20,2018-08-31,25,0.53,Valencia,2020-06-30,False,True
13877909,Private room,370.0,False,28,58,88,88,100,2016-08-01,2016-10-30,12,2.34,Barcelona,2017-01-04,False,True
13878584,Entire home/apt,870.0,True,28,58,88,363,95,2018-07-05,2018-08-05,4,1.14,Girona,2018-10-20,False,True
13880623,Entire home/apt,350.0,True,0,0,0,0,93,2016-07-23,2018-10-29,52,1.79,Girona,2018-12-22,False,True
13881242,Entire home/apt,850.0,True,0,20,50,106,92,2016-07-26,2019-04-07,20,0.6,Valencia,2019-05-01,False,True
13888077,Entire home/apt,590.0,True,0,0,0,0,80,2016-08-09,2016-08-09,1,0.02,Girona,2020-03-26,False,True
13889075,Entire home/apt,1430.0,True,28,58,88,349,,,,0,,Mallorca,2019-01-28,False,
13889077,Entire home/apt,1550.0,True,11,13,17,228,,,,0,,Mallorca,2018-04-18,False,
13889081,Entire home/apt,1250.0,True,28,56,86,270,85,2016-10-05,2018-10-11,4,0.1,Mallorca,2020-01-29,False,True
13889082,Entire home/apt,880.0,True,2,22,26,26,,,,0,,Mallorca,2018-07-29,False,
13889130,Entire home/apt,1630.0,True,0,29,59,75,,,,0,,Mallorca,2018-09-18,False,
13889150,Entire home/apt,1560.0,True,12,12,15,267,,2018-05-14,2018-05-14,1,0.08,Mallorca,2019-05-27,False,
13889172,Entire home/apt,1310.0,True,0,7,37,312,,,,0,,Mallorca,2020-11-08,False,
13889176,Entire home/apt,1040.0,True,20,50,72,197,,,,0,,Mallorca,2020-03-22,False,
13889228,Entire home/apt,1700.0,True,28,58,88,346,80,2017-05-08,2017-05-08,1,0.03,Mallorca,2019-09-28,False,True
13889239,Entire home/apt,1790.0,True,12,42,72,213,,,,0,,Mallorca,2018-10-17,False,
13889923,Entire home/apt,1500.0,True,20,23,53,328,80,2019-08-07,2019-08-07,1,0.09,Mallorca,2020-06-25,False,True
13889988,Entire home/apt,2210.0,True,28,58,88,274,,,,0,,Mallorca,2018-12-18,False,
13890000,Entire home/apt,1640.0,True,28,58,88,306,100,2016-09-17,2018-08-11,2,0.05,Mallorca,2019-12-31,False,True
13892114,Entire home/apt,820.0,True,0,0,0,225,100,2016-08-17,2019-06-03,4,0.07,Barcelona,2021-02-09,False,True
13898645,Entire home/apt,810.0,True,25,29,29,240,96,2016-07-29,2019-09-01,21,0.55,Mallorca,2019-09-28,False,True
13905674,Private room,200.0,True,20,50,77,167,87,2016-07-29,2018-02-18,67,3.27,Madrid,2018-04-12,False,True
13911372,Private room,700.0,False,0,0,0,0,100,2016-08-16,2016-08-16,1,0.12,Barcelona,2017-05-07,False,True
13919116,Entire home/apt,900.0,True,0,0,0,0,99,2016-07-25,2019-05-05,84,2.46,Valencia,2019-05-31,False,True
13927392,Entire home/apt,2250.0,True,14,20,36,139,95,2016-09-04,2018-06-05,80,3.61,Madrid,2018-07-10,False,True
13930165,Entire home/apt,700.0,True,29,59,67,273,98,2016-07-29,2020-03-21,79,1.76,Mallorca,2020-04-23,False,True
13931820,Private room,130.0,True,0,0,0,0,,,,0,,Madrid,2018-05-14,False,
13932435,Private room,300.0,True,0,0,0,0,99,2016-08-03,2018-07-21,20,0.43,Madrid,2020-06-13,False,True
13934525,Private room,1140.0,True,0,0,0,0,100,2016-08-05,2016-08-05,1,0.02,Madrid,2020-11-06,False,True
13935070,Entire home/apt,1300.0,True,30,60,90,358,96,2016-07-25,2018-08-22,14,0.5,Girona,2018-11-26,False,True
13937619,Entire home/apt,270.0,True,1,1,1,123,90,2016-07-18,2018-06-08,105,4.3,Girona,2018-07-31,False,True
13938008,Private room,250.0,True,0,0,0,0,94,2016-07-23,2019-04-07,32,0.71,Madrid,2020-04-17,False,True
13939823,Entire home/apt,1400.0,True,0,27,57,241,80,2017-08-19,2018-08-21,2,0.06,Girona,2020-03-26,False,True
13945319,Private room,370.0,True,0,1,18,290,100,2016-07-24,2017-08-21,5,0.24,Barcelona,2018-04-12,False,True
13949075,Entire home/apt,790.0,True,14,44,66,327,98,2016-09-11,2019-01-01,39,1.39,Madrid,2019-01-14,False,True
13949490,Private room,1300.0,True,0,0,0,0,,,,0,,Barcelona,2018-04-12,False,
13950398,Entire home/apt,900.0,True,25,32,33,146,93,2016-08-08,2020-02-24,131,3.02,Madrid,2020-03-17,False,True
13953033,Entire home/apt,900.0,False,0,17,36,303,85,2016-07-11,2017-02-08,39,5.57,Barcelona,2017-02-09,False,True
13957668,Entire home/apt,1080.0,True,29,59,89,149,96,2016-09-16,2020-03-11,32,0.62,Sevilla,2020-12-31,False,True
13958403,Private room,170.0,False,13,43,73,348,53,2016-07-17,2016-08-21,3,0.31,Barcelona,2017-05-07,False,False
13966451,Private room,400.0,True,30,60,90,90,99,2016-07-14,2019-10-22,42,0.87,Madrid,2020-07-17,False,True
13966456,Shared room,430.0,True,0,0,0,0,87,2016-08-13,2017-08-22,3,0.23,Barcelona,2017-09-12,False,True
13971169,Entire home/apt,1000.0,True,23,53,83,358,89,2016-07-25,2020-08-30,104,1.96,Valencia,2020-12-21,False,True
13971841,Entire home/apt,1500.0,False,29,59,77,272,,,,0,,Mallorca,2017-03-15,False,
13973253,Private room,180.0,False,29,59,84,172,75,2016-07-13,2017-02-28,10,1.29,Barcelona,2017-03-06,False,False
13978167,Private room,400.0,True,30,60,90,365,99,2017-02-19,2019-06-03,19,0.43,Madrid,2020-11-06,False,True
13978622,Private room,600.0,True,29,59,89,364,,2016-10-01,2016-10-28,2,0.05,Barcelona,2020-01-10,False,
13982517,Private room,230.0,False,6,18,30,296,91,2016-08-06,2017-07-28,63,5.25,Barcelona,2017-08-06,False,True
13982721,Private room,230.0,True,0,0,0,0,,,,0,,Barcelona,2019-04-10,False,
13983890,Private room,320.0,True,0,0,0,0,,,,0,,Barcelona,2019-05-14,False,
13988785,Entire home/apt,3500.0,True,0,0,0,69,79,2018-01-01,2019-08-17,18,0.81,Barcelona,2019-11-09,False,False
14001383,Entire home/apt,1500.0,True,29,59,89,89,,,,0,,Malaga,2018-07-31,False,
14003023,Private room,370.0,True,0,0,0,0,93,2016-07-17,2017-10-02,26,1.01,Barcelona,2018-09-11,False,True
14005224,Entire home/apt,900.0,True,7,13,33,308,89,2016-08-18,2018-10-20,76,2.85,Barcelona,2018-11-07,False,True
14009016,Entire home/apt,2200.0,True,28,47,74,162,92,2016-07-28,2020-02-23,168,3.83,Sevilla,2020-03-23,False,True
14019469,Private room,1100.0,False,0,0,1,253,,,,0,,Barcelona,2017-06-05,False,
14021882,Entire home/apt,2000.0,True,14,18,18,183,92,2018-07-02,2019-08-29,5,0.34,Mallorca,2019-09-28,False,True
14023464,Private room,590.0,True,14,24,54,144,91,2016-08-07,2017-10-08,16,0.99,Barcelona,2017-12-09,False,True
14024134,Entire home/apt,440.0,True,12,38,68,69,84,2016-08-23,2017-10-19,30,2.04,Barcelona,2017-11-13,False,True
14031950,Entire home/apt,3000.0,True,23,53,78,324,80,2016-09-27,2016-11-02,3,0.07,Mallorca,2020-04-23,False,True
14032032,Private room,850.0,True,20,50,80,351,,,,0,,Menorca,2018-12-22,False,
14035271,Private room,300.0,True,29,48,78,353,98,2016-08-16,2018-09-11,33,1.23,Barcelona,2018-11-07,False,True
14035983,Entire home/apt,1200.0,True,29,59,89,172,97,2016-07-29,2020-09-02,39,0.72,Girona,2021-01-31,False,True
14039869,Entire home/apt,600.0,True,6,22,41,296,93,2016-10-09,2018-07-20,95,4.28,Madrid,2018-08-14,False,True
14040381,Entire home/apt,490.0,True,16,39,60,60,100,2016-11-30,2017-05-22,2,0.16,Barcelona,2017-12-09,False,True
14040825,Private room,700.0,True,30,60,90,365,100,2017-09-13,2019-09-29,7,0.22,Barcelona,2020-05-11,False,True
14052769,Entire home/apt,1500.0,False,0,0,0,0,,,,0,,Barcelona,2017-04-08,False,
14053504,Private room,220.0,True,0,0,15,15,90,2016-07-26,2016-10-09,2,0.09,Madrid,2018-07-10,False,True
14062759,Entire home/apt,600.0,True,21,22,28,136,99,2016-09-09,2018-12-29,52,1.81,Sevilla,2019-01-29,False,True
14068570,Entire home/apt,1950.0,True,13,43,55,110,95,2016-08-05,2019-02-03,58,1.93,Madrid,2019-02-06,False,True
14073395,Entire home/apt,670.0,False,16,27,47,247,76,2016-08-08,2017-02-27,11,1.59,Barcelona,2017-03-06,False,False
14074210,Private room,300.0,False,0,19,49,49,100,2016-07-26,2016-08-18,4,0.35,Barcelona,2017-07-06,False,True
14078662,Entire home/apt,1300.0,True,0,0,0,267,50,2016-08-29,2018-08-19,2,0.08,Madrid,2018-09-11,False,False
14080358,Entire home/apt,700.0,False,23,53,83,358,100,2016-09-18,2016-11-21,5,0.75,Madrid,2017-04-08,False,True
14081585,Private room,200.0,True,29,59,89,364,89,2016-07-24,2016-11-13,14,0.27,Valencia,2020-10-24,False,True
14081740,Entire home/apt,670.0,True,2,2,2,2,80,2014-06-17,2018-03-06,4,0.07,Valencia,2019-03-31,False,True
14081795,Entire home/apt,1010.0,True,0,0,0,0,100,2015-06-29,2019-07-28,2,0.03,Valencia,2020-12-21,False,True
14081835,Entire home/apt,550.0,True,7,18,37,195,90,2016-05-30,2018-11-25,10,0.29,Valencia,2019-03-31,False,True
14082532,Entire home/apt,590.0,True,17,47,50,143,80,2015-08-30,2016-10-09,4,0.07,Valencia,2020-06-30,False,True
14091198,Private room,310.0,True,17,46,76,351,86,2016-08-12,2018-06-16,36,1.57,Barcelona,2018-07-10,False,True
14097428,Private room,300.0,True,0,0,0,61,89,2016-07-26,2019-09-09,257,5.83,Valencia,2020-03-26,False,True
14104438,Entire home/apt,2500.0,True,0,2,19,74,100,2017-07-08,2018-07-29,5,0.24,Girona,2019-03-30,False,True
14107150,Entire home/apt,740.0,True,0,0,0,0,100,2018-03-31,2018-03-31,1,0.05,Barcelona,2019-12-10,False,True
14112575,Entire home/apt,480.0,True,19,34,53,299,93,2017-03-07,2020-03-09,169,4.24,Valencia,2020-06-30,False,True
14115141,Private room,600.0,False,1,31,61,61,100,2017-07-09,2017-07-09,1,1.09,Barcelona,2017-08-06,False,True
14115964,Entire home/apt,1350.0,True,11,18,27,82,100,2016-08-07,2018-06-23,7,0.22,Mallorca,2019-03-25,False,True
14118725,Entire home/apt,890.0,True,28,58,88,88,,,,0,,Madrid,2018-09-11,False,
14119865,Entire home/apt,550.0,True,29,59,89,269,83,2016-09-20,2018-08-01,7,0.15,Barcelona,2020-09-12,False,True
14122354,Entire home/apt,700.0,True,0,0,0,0,99,2016-08-08,2020-08-19,30,0.55,Mallorca,2021-02-11,False,True
14124456,Entire home/apt,,True,30,48,55,284,98,2016-08-24,2017-10-28,9,0.45,Menorca,2018-04-21,True,True
14125592,Entire home/apt,600.0,True,3,33,63,153,93,2016-08-14,2019-11-24,151,3.78,Madrid,2019-12-10,False,True
14129647,Entire home/apt,800.0,True,0,0,0,0,,,,0,,Girona,2019-04-29,False,
14130801,Entire home/apt,1100.0,True,0,0,0,0,83,2016-08-19,2017-08-30,8,0.47,Barcelona,2018-01-17,False,True
14131236,Entire home/apt,900.0,True,10,14,35,310,72,2016-08-05,2018-05-21,33,1.49,Barcelona,2018-06-09,False,False
14133214,Entire home/apt,700.0,True,0,0,14,289,94,2016-08-27,2020-01-03,18,0.39,Girona,2020-06-29,False,True
14135821,Entire home/apt,2000.0,True,20,49,79,354,,,,0,,Madrid,2018-11-07,False,
14136180,Entire home/apt,500.0,False,15,39,64,208,91,2016-08-05,2017-03-20,20,2.47,Madrid,2017-04-08,False,True
14137949,Entire home/apt,1690.0,True,0,0,1,132,100,2018-08-04,2018-08-04,1,0.11,Girona,2019-04-29,False,True
14139837,Private room,290.0,True,3,33,63,153,93,2016-08-15,2019-03-31,54,1.71,Valencia,2019-03-31,False,True
14145947,Entire home/apt,800.0,True,0,0,26,26,81,2017-06-18,2019-10-01,16,0.54,Mallorca,2019-11-28,False,True
14147022,Private room,370.0,True,30,60,90,90,96,2016-08-05,2019-06-02,23,0.44,Barcelona,2020-12-16,False,True
14148420,Private room,550.0,False,12,31,60,333,87,2016-07-27,2017-02-23,60,7.9,Mallorca,2017-03-15,False,True
14155985,Entire home/apt,800.0,True,21,39,39,265,93,2016-08-14,2017-08-19,3,0.08,Girona,2019-07-29,False,True
14158219,Entire home/apt,790.0,True,19,49,79,354,90,2017-08-13,2018-07-02,2,0.16,Mallorca,2018-08-21,False,True
14160614,Shared room,250.0,False,23,53,83,358,,,,0,,Barcelona,2017-04-08,False,
14160854,Entire home/apt,540.0,True,30,60,90,90,90,2016-07-30,2020-03-24,211,4.13,Malaga,2020-10-30,False,True
14161505,Private room,3300.0,True,30,60,90,365,,,,0,,Madrid,2018-09-11,False,
14162757,Private room,200.0,True,0,0,0,0,100,2016-11-09,2016-11-09,1,0.04,Barcelona,2019-01-14,False,True
14171398,Entire home/apt,1650.0,True,20,50,54,202,100,2019-04-27,2020-08-16,5,0.31,Mallorca,2020-08-28,False,True
14177631,Entire home/apt,1590.0,True,0,0,13,132,90,2017-10-26,2018-10-31,2,0.14,Menorca,2018-12-22,False,True
14181577,Entire home/apt,2200.0,True,0,0,0,0,100,2016-08-14,2016-08-14,1,0.03,Mallorca,2019-11-28,False,True
14193050,Entire home/apt,870.0,True,3,6,7,44,,,,0,,Mallorca,2019-05-27,False,
14193052,Entire home/apt,930.0,True,6,12,15,83,100,2019-04-29,2019-04-29,1,0.52,Mallorca,2019-06-27,False,True
14193078,Entire home/apt,1380.0,True,4,4,4,172,,,,0,,Mallorca,2019-10-28,False,
14193136,Entire home/apt,980.0,True,0,9,21,117,,,,0,,Mallorca,2019-02-17,False,
14193156,Entire home/apt,2000.0,True,0,1,10,97,,,,0,,Mallorca,2019-04-24,False,
14193194,Entire home/apt,1610.0,True,16,46,76,344,,,,0,,Mallorca,2018-12-18,False,
14193209,Entire home/apt,1080.0,True,10,15,15,15,,,,0,,Mallorca,2019-09-28,False,
14193221,Entire home/apt,990.0,True,0,8,35,77,,,,0,,Mallorca,2019-04-24,False,
14198448,Entire home/apt,600.0,True,0,0,0,0,98,2016-08-15,2020-03-09,186,4.29,Valencia,2020-03-26,False,True
14201106,Entire home/apt,2100.0,True,8,18,44,319,93,2016-10-09,2019-10-06,24,0.54,Mallorca,2020-06-25,False,True
14201798,Entire home/apt,950.0,True,0,0,0,0,100,2016-08-16,2016-08-16,1,0.04,Girona,2018-12-22,False,True
14209175,Entire home/apt,1140.0,True,1,3,15,134,100,2018-06-10,2018-06-21,2,0.16,Mallorca,2019-06-27,False,True
14214962,Entire home/apt,1720.0,True,8,33,50,79,,,,0,,Girona,2018-04-21,False,
14214969,Entire home/apt,2030.0,True,1,31,31,31,,,,0,,Girona,2018-07-31,False,
14214987,Entire home/apt,950.0,True,21,51,81,115,87,2016-10-01,2017-08-19,3,0.13,Girona,2018-08-30,False,True
14215215,Private room,250.0,True,26,53,83,174,95,2016-08-02,2017-10-27,31,2.01,Barcelona,2017-11-13,False,True
14216400,Entire home/apt,2200.0,True,2,22,48,317,98,2016-08-20,2018-07-19,25,1.07,Girona,2018-07-31,False,True
14216516,Private room,260.0,False,10,40,70,230,95,2016-07-31,2017-05-20,12,1.18,Barcelona,2017-06-05,False,True
14216618,Private room,700.0,True,30,60,90,365,96,2016-08-11,2020-01-06,151,2.89,Barcelona,2020-12-16,False,True
14217504,Private room,250.0,True,0,10,40,40,100,2016-10-09,2017-07-18,2,0.18,Barcelona,2017-09-12,False,True
14224910,Entire home/apt,410.0,True,13,32,42,216,99,2017-07-02,2018-11-04,40,2.47,Madrid,2018-11-07,False,True
14227923,Entire home/apt,1000.0,True,30,60,90,365,100,2016-08-05,2016-08-05,1,0.02,Girona,2020-06-29,False,True
14228441,Entire home/apt,1950.0,True,1,1,1,217,94,2016-09-11,2018-10-28,39,1.39,Madrid,2019-01-14,False,True
14232719,Entire home/apt,1430.0,True,15,16,29,127,,,,0,,Mallorca,2019-06-27,False,
14234152,Private room,500.0,False,0,0,0,66,,,,0,,Barcelona,2017-04-08,False,
14235627,Entire home/apt,2810.0,True,3,3,3,212,,,,0,,Mallorca,2019-10-28,False,
14243565,Entire home/apt,4000.0,True,29,59,89,364,,,,0,,Mallorca,2020-12-19,False,
14245237,Entire home/apt,2000.0,True,0,0,0,0,80,2016-10-10,2017-02-26,2,0.04,Madrid,2020-07-17,False,True
14245384,Entire home/apt,2000.0,True,13,42,71,346,80,2016-10-02,2018-06-15,3,0.08,Madrid,2019-12-10,False,True
14245709,Entire home/apt,2000.0,True,21,50,80,166,80,2017-01-09,2018-05-31,2,0.11,Madrid,2018-07-10,False,True
14247535,Entire home/apt,2100.0,True,28,52,82,350,100,2016-08-12,2019-07-02,4,0.11,Girona,2019-08-31,False,True
14248640,Private room,220.0,False,5,8,38,313,93,2016-08-11,2017-01-22,9,0.92,Barcelona,2017-06-05,False,True
14249095,Private room,180.0,True,0,0,0,0,87,2016-09-01,2017-11-29,11,0.47,Barcelona,2018-08-14,False,True
14258334,Entire home/apt,690.0,True,25,49,72,340,92,2016-09-11,2019-06-23,58,1.63,Sevilla,2019-08-31,False,True
14263672,Entire home/apt,600.0,False,29,55,85,360,91,2016-08-06,2016-11-03,13,2.62,Barcelona,2017-01-04,False,True
14271969,Entire home/apt,750.0,True,8,38,68,240,95,2016-08-27,2020-02-29,29,0.57,Malaga,2020-11-30,False,True
14276011,Private room,340.0,True,20,50,80,80,99,2016-09-18,2018-08-02,24,1.01,Madrid,2018-09-11,False,True
14276058,Private room,710.0,True,6,15,45,45,89,2016-08-04,2019-05-16,155,4.54,Barcelona,2019-06-07,False,True
14287583,Private room,240.0,True,1,1,1,1,91,2016-08-16,2020-04-30,14,0.26,Barcelona,2021-01-12,False,True
14288527,Entire home/apt,670.0,True,19,49,79,160,97,2016-08-10,2020-10-12,237,4.49,Malaga,2020-12-30,False,True
14293369,Entire home/apt,1400.0,True,1,9,39,314,100,2016-08-27,2018-05-04,3,0.09,Mallorca,2019-06-27,False,True
14299477,Entire home/apt,,True,16,33,35,297,93,2018-02-04,2019-04-21,19,1.28,Menorca,2019-05-01,True,True
14302642,Private room,230.0,True,30,60,81,81,93,2017-07-26,2019-10-15,32,0.92,Barcelona,2020-06-13,False,True
14305002,Entire home/apt,600.0,True,0,0,0,0,,,,0,,Madrid,2018-08-14,False,
14309144,Private room,500.0,True,0,28,58,333,,2016-08-09,2016-08-09,1,0.03,Malaga,2019-06-30,False,
14325567,Entire home/apt,800.0,True,0,0,0,0,95,2016-08-07,2018-09-01,20,0.59,Girona,2019-05-29,False,True
14326808,Entire home/apt,1150.0,True,15,28,54,309,100,2018-08-05,2018-08-05,1,0.06,Sevilla,2019-12-31,False,True
14331451,Entire home/apt,850.0,True,0,0,0,89,73,2016-08-27,2019-08-10,3,0.06,Girona,2021-02-27,False,False
14333551,Private room,300.0,True,6,36,66,341,100,2016-09-03,2018-10-16,8,0.31,Madrid,2018-11-07,False,True
14348631,Private room,350.0,True,30,60,90,365,87,2016-08-13,2020-03-08,201,4.46,Madrid,2020-05-14,False,True
14352270,Shared room,350.0,True,0,0,0,0,,,,0,,Barcelona,2018-12-10,False,
14365234,Private room,310.0,True,0,0,0,253,,,,0,,Barcelona,2019-04-10,False,
14365279,Entire home/apt,1050.0,False,6,6,12,216,100,2016-09-12,2017-05-01,5,0.64,Barcelona,2017-05-07,False,True
14365626,Private room,200.0,True,0,0,0,0,60,2017-07-28,2019-07-30,2,0.07,Valencia,2020-01-31,False,False
14366477,Entire home/apt,1770.0,True,23,53,57,207,90,2016-09-01,2019-07-06,2,0.04,Mallorca,2020-08-28,False,True
14368132,Private room,250.0,True,0,5,35,284,100,2016-09-12,2018-08-01,18,0.75,Madrid,2018-09-11,False,True
14372147,Private room,250.0,True,0,0,0,0,100,2016-11-06,2017-10-01,4,0.28,Madrid,2018-01-17,False,True
14377832,Entire home/apt,630.0,True,0,0,0,0,95,2017-01-05,2018-06-15,8,0.32,Madrid,2019-02-06,False,True
14378795,Private room,450.0,True,3,25,40,299,86,2016-08-11,2019-09-06,142,3.81,Barcelona,2019-09-17,False,True
14392407,Entire home/apt,600.0,True,0,0,0,0,90,2016-08-30,2016-10-08,2,0.15,Barcelona,2017-10-07,False,True
14402621,Private room,850.0,False,2,12,35,35,98,2016-08-11,2017-08-04,29,2.45,Barcelona,2017-08-06,False,True
14405216,Entire home/apt,550.0,True,0,0,0,271,95,2016-08-20,2020-02-23,60,1.19,Malaga,2020-10-30,False,True
14408217,Entire home/apt,4350.0,True,25,39,43,165,100,2017-01-31,2018-04-14,6,0.17,Mallorca,2020-01-29,False,True
14409727,Private room,320.0,True,30,55,85,176,93,2016-08-17,2017-10-29,14,0.94,Barcelona,2017-11-13,False,True
14417927,Entire home/apt,500.0,False,29,57,80,322,88,2016-08-21,2016-09-30,5,0.74,Mallorca,2017-03-15,False,True
14418359,Entire home/apt,500.0,True,0,0,0,107,96,2016-08-23,2017-10-28,29,1.46,Mallorca,2018-04-18,False,True
14421923,Private room,230.0,True,0,0,0,0,94,2017-05-07,2020-04-11,65,1.54,Madrid,2020-11-06,False,True
14423854,Entire home/apt,500.0,True,9,9,9,232,77,2016-12-26,2018-07-11,27,1.15,Madrid,2018-12-10,False,False
14433252,Private room,5000.0,True,10,34,57,199,80,2019-01-04,2019-01-04,1,0.27,Sevilla,2019-04-27,False,True
14436579,Private room,400.0,True,3,16,43,44,92,2016-08-18,2018-01-22,59,3.33,Barcelona,2018-02-07,False,True
14443970,Private room,370.0,True,0,0,0,0,82,2016-08-15,2016-10-31,10,0.5,Barcelona,2018-04-12,False,True
14444683,Entire home/apt,450.0,True,7,37,67,342,90,2017-04-01,2017-08-29,2,0.09,Barcelona,2019-02-06,False,True
14446714,Entire home/apt,650.0,True,0,0,0,36,95,2017-07-19,2020-08-07,12,0.3,Mallorca,2020-11-08,False,True
14459149,Entire home/apt,400.0,True,1,4,12,144,97,2016-09-12,2018-05-13,67,3.34,Madrid,2018-05-14,False,True
14459234,Hotel room,500.0,True,0,8,33,299,96,2016-08-17,2019-09-02,38,0.92,Girona,2020-01-31,False,True
14460617,Private room,150.0,True,0,0,24,299,98,2016-08-21,2019-12-02,35,0.85,Malaga,2020-01-31,False,True
14466402,Private room,350.0,False,0,0,0,248,100,2016-09-15,2016-10-29,5,0.88,Madrid,2017-03-06,False,True
14484042,Private room,3500.0,True,29,59,89,364,100,2016-09-20,2016-09-20,1,0.05,Barcelona,2018-05-14,False,True
14485011,Entire home/apt,600.0,True,8,22,22,48,93,2016-08-16,2019-02-10,78,2.56,Valencia,2019-02-28,False,True
14487200,Private room,500.0,False,21,51,79,309,97,2016-08-26,2017-05-31,20,1.94,Barcelona,2017-07-06,False,True
14497988,Private room,210.0,True,5,11,23,96,96,2016-09-18,2019-05-08,100,3.14,Barcelona,2019-05-14,False,True
14515452,Entire home/apt,1950.0,True,30,60,90,305,99,2016-09-18,2020-09-10,65,1.27,Mallorca,2020-12-19,False,True
14516410,Entire home/apt,850.0,True,29,59,89,364,,,,0,,Madrid,2019-12-10,False,
14520174,Entire home/apt,1100.0,True,2,15,45,225,98,2017-01-01,2019-07-20,10,0.32,Girona,2019-07-29,False,True
14521034,Entire home/apt,800.0,True,0,0,0,0,,,,0,,Madrid,2020-09-13,False,
14521196,Entire home/apt,800.0,True,24,54,84,359,95,2016-08-25,2018-01-03,12,0.69,Barcelona,2018-02-07,False,True
14559351,Entire home/apt,1300.0,True,0,0,0,0,,,,0,,Girona,2018-10-20,False,
14561846,Private room,300.0,True,13,33,63,153,91,2016-08-21,2018-06-05,41,1.76,Malaga,2018-07-31,False,True
14563088,Private room,320.0,True,22,49,79,253,94,2016-09-24,2018-05-24,69,3.37,Barcelona,2018-06-09,False,True
14567046,Entire home/apt,890.0,True,0,0,0,0,,,,0,,Madrid,2019-06-07,False,
14568981,Entire home/apt,440.0,True,6,30,60,150,89,2016-09-19,2018-05-11,14,0.6,Sevilla,2018-08-27,False,True
14569945,Entire home/apt,1030.0,True,8,10,26,195,98,2016-09-15,2019-05-07,92,2.88,Madrid,2019-05-14,False,True
14571645,Private room,500.0,True,10,10,10,10,96,2016-09-02,2017-10-29,39,2.56,Barcelona,2017-12-09,False,True
14573570,Private room,240.0,True,4,4,4,137,99,2016-08-25,2019-03-31,26,0.8,Barcelona,2019-05-14,False,True
14574259,Entire home/apt,1200.0,True,0,0,0,0,100,2016-08-27,2018-06-04,6,0.27,Madrid,2018-07-10,False,True
14579567,Entire home/apt,790.0,True,7,18,46,318,97,2016-08-29,2018-04-25,85,4.15,Madrid,2018-05-14,False,True
14582385,Entire home/apt,570.0,True,2,23,45,135,99,2016-08-28,2020-02-27,247,4.97,Madrid,2020-10-17,False,True
14583572,Entire home/apt,2950.0,True,28,58,88,363,100,2016-08-27,2018-07-28,3,0.12,Girona,2018-08-30,False,True
14585558,Private room,270.0,True,30,60,90,365,97,2016-08-19,2020-02-24,68,1.48,Barcelona,2020-06-13,False,True
14587542,Entire home/apt,2510.0,True,29,59,89,354,,,,0,,Mallorca,2019-12-31,False,
14592598,Private room,450.0,True,26,56,86,361,98,2016-08-25,2017-09-30,20,1.49,Barcelona,2017-10-07,False,True
14593145,Private room,750.0,True,30,60,90,365,93,2016-09-30,2018-09-26,4,0.16,Barcelona,2018-11-07,False,True
14594377,Entire home/apt,870.0,True,27,43,59,303,97,2017-08-10,2018-10-10,7,0.21,Malaga,2020-05-31,False,True
14601604,Entire home/apt,920.0,True,0,0,0,0,85,2017-06-04,2017-10-07,5,0.48,Mallorca,2018-04-18,False,True
14606893,Entire home/apt,670.0,True,0,3,20,295,99,2017-01-31,2018-10-15,21,0.99,Madrid,2018-11-07,False,True
14607740,Entire home/apt,800.0,True,0,1,18,18,98,2016-09-10,2017-09-09,38,3.15,Barcelona,2017-09-12,False,True
14608291,Entire home/apt,1150.0,True,8,19,34,105,99,2016-08-27,2020-02-08,231,5.53,Madrid,2020-02-18,False,True
14612268,Private room,340.0,False,8,38,68,68,91,2016-09-11,2017-07-17,22,2.03,Barcelona,2017-08-06,False,True
14620999,Entire home/apt,2000.0,False,4,9,34,309,90,2016-10-09,2017-03-12,4,0.67,Madrid,2017-04-08,False,True
14626938,Entire home/apt,1000.0,True,15,42,61,61,80,2017-09-04,2018-07-30,4,0.35,Madrid,2018-08-14,False,True
14627849,Entire home/apt,1270.0,True,29,59,89,158,93,2016-12-18,2020-03-13,85,2.12,Madrid,2020-04-17,False,True
14631204,Entire home/apt,850.0,True,2,10,40,47,94,2016-09-07,2017-08-10,40,3.29,Barcelona,2017-09-12,False,True
14640104,Entire home/apt,1490.0,True,5,29,30,30,90,2017-04-19,2019-07-25,14,0.49,Mallorca,2019-08-31,False,True
14642417,Entire home/apt,2140.0,True,29,51,74,138,83,2017-05-30,2019-10-04,8,0.24,Mallorca,2020-03-22,False,True
14644797,Entire home/apt,1570.0,True,5,8,16,79,,,,0,,Girona,2020-06-29,False,
14662418,Private room,250.0,True,0,0,0,0,80,2016-09-15,2018-01-25,5,0.11,Barcelona,2020-07-17,False,True
14668651,Entire home/apt,700.0,True,5,11,41,316,94,2016-11-30,2018-07-07,54,2.53,Madrid,2018-09-11,False,True
14669223,Entire home/apt,350.0,True,23,53,83,358,97,2016-09-10,2020-09-09,8,0.16,Barcelona,2020-11-06,False,True
14671298,Private room,1500.0,True,0,0,0,0,,,,0,,Barcelona,2019-04-10,False,
14677653,Entire home/apt,2950.0,True,10,22,34,178,100,2017-07-10,2018-06-28,3,0.22,Mallorca,2018-08-21,False,True
14680620,Entire home/apt,1060.0,True,14,16,16,226,90,2016-10-10,2019-08-24,18,0.51,Mallorca,2019-09-28,False,True
14682290,Private room,300.0,True,8,25,55,330,91,2016-11-01,2019-03-21,35,1.2,Barcelona,2019-04-10,False,True
14684040,Private room,530.0,True,15,40,53,53,99,2016-10-02,2019-12-08,124,3.24,Barcelona,2019-12-10,False,True
14700232,Entire home/apt,,True,23,53,83,358,,,,0,,Mallorca,2020-05-28,True,
14703600,Entire home/apt,710.0,True,5,23,48,217,100,2017-05-03,2017-05-03,1,0.04,Mallorca,2019-03-25,False,True
14712529,Entire home/apt,770.0,True,6,12,28,142,99,2016-10-06,2019-05-05,149,4.77,Madrid,2019-05-14,False,True
14719647,Entire home/apt,1590.0,True,10,28,50,217,93,2016-10-12,2018-01-06,55,3.62,Barcelona,2018-01-17,False,True
14734390,Entire home/apt,1200.0,True,10,40,70,160,100,2016-11-13,2016-11-13,1,0.05,Barcelona,2018-09-11,False,True
14735765,Entire home/apt,400.0,True,2,7,9,206,92,2016-09-08,2017-12-28,108,6.62,Madrid,2018-01-17,False,True
14750346,Private room,230.0,True,0,0,0,0,96,2016-08-30,2016-10-29,16,0.53,Madrid,2019-03-08,False,True
14766072,Entire home/apt,400.0,True,0,0,0,247,100,2017-03-30,2020-05-14,11,0.27,Barcelona,2020-08-24,False,True
14767959,Entire home/apt,2300.0,True,4,4,4,7,100,2017-03-15,2019-05-29,2,0.06,Mallorca,2019-10-28,False,True
14772349,Entire home/apt,1020.0,True,0,0,26,116,86,2016-09-18,2020-03-08,117,2.26,Madrid,2021-01-12,False,True
14773056,Entire home/apt,1000.0,True,25,51,77,352,88,2016-10-28,2019-01-08,34,1.2,Madrid,2019-03-08,False,True
14778581,Entire home/apt,500.0,True,0,0,0,158,84,2016-11-24,2019-06-24,5,0.13,Barcelona,2020-03-16,False,True
14782589,Entire home/apt,1040.0,True,12,18,27,112,98,2016-09-02,2019-03-23,76,2.39,Sevilla,2019-04-27,False,True
14792937,Entire home/apt,1000.0,True,0,0,0,162,,,,0,,Barcelona,2021-02-09,False,
14813508,Entire home/apt,790.0,True,9,30,60,307,97,2017-02-26,2019-09-22,30,0.97,Mallorca,2019-09-28,False,True
14831213,Entire home/apt,1100.0,True,7,36,63,324,90,2017-01-16,2019-09-18,64,1.94,Barcelona,2019-10-16,False,True
14839843,Private room,300.0,True,3,15,35,215,94,2016-09-12,2018-07-08,50,2.28,Barcelona,2018-07-10,False,True
14852941,Entire home/apt,480.0,True,20,20,20,138,88,2016-09-12,2018-12-19,92,2.63,Madrid,2019-08-12,False,True
14854074,Entire home/apt,900.0,True,10,38,46,121,96,2016-09-12,2018-04-04,54,2.85,Madrid,2018-04-12,False,True
14854217,Entire home/apt,1400.0,True,0,24,54,234,94,2016-10-18,2018-01-02,10,0.46,Madrid,2018-08-14,False,True
14864640,Entire home/apt,470.0,True,10,36,63,94,92,2016-09-17,2019-09-17,190,5.21,Malaga,2019-09-30,False,True
14868987,Entire home/apt,3500.0,True,0,0,0,0,97,2018-04-30,2019-08-17,50,3.11,Sevilla,2019-08-31,False,True
14869404,Private room,290.0,False,1,5,11,50,97,2016-09-18,2017-03-26,15,2.26,Barcelona,2017-04-08,False,True
14870222,Private room,490.0,True,0,0,0,128,98,2016-10-01,2018-06-02,24,1.18,Barcelona,2018-06-09,False,True
14889273,Private room,690.0,True,4,23,53,328,95,2016-09-19,2019-06-24,85,2.49,Mallorca,2019-07-25,False,True
14894906,Private room,280.0,True,0,0,0,0,89,2016-09-29,2018-04-22,30,1.54,Barcelona,2018-05-14,False,True
14896116,Private room,370.0,True,0,0,0,0,70,2017-07-13,2019-07-14,2,0.07,Barcelona,2019-10-16,False,False
14896686,Private room,550.0,False,10,21,36,289,84,2017-02-27,2017-04-02,5,3.8,Barcelona,2017-04-08,False,True
14904922,Entire home/apt,,True,8,38,68,343,98,2017-02-02,2018-09-03,15,0.77,Mallorca,2018-09-18,True,True
14907916,Entire home/apt,570.0,True,17,43,65,320,92,2016-09-18,2019-12-01,25,0.63,Girona,2019-12-31,False,True
14910368,Entire home/apt,950.0,True,30,60,90,334,85,2016-09-18,2019-07-21,19,0.52,Girona,2019-09-30,False,True
14911737,Private room,200.0,True,5,21,46,136,92,2016-09-12,2019-09-09,100,2.69,Madrid,2019-10-16,False,True
14912116,Private room,520.0,True,0,0,0,0,96,2016-09-28,2019-10-24,89,1.7,Barcelona,2021-02-09,False,True
14913422,Entire home/apt,1200.0,False,16,39,67,337,97,2016-09-11,2017-03-03,7,1.02,Madrid,2017-04-08,False,True
14922043,Entire home/apt,1200.0,True,16,31,52,140,80,2018-04-20,2019-01-11,2,0.18,Malaga,2019-03-31,False,True
14922099,Private room,990.0,False,29,59,89,364,,,,0,,Barcelona,2017-06-05,False,
14923468,Entire home/apt,2960.0,True,0,23,48,306,94,2016-09-30,2018-07-15,22,0.83,Barcelona,2018-12-10,False,True
14929819,Private room,270.0,True,0,0,0,272,95,2016-09-13,2018-05-01,130,5.76,Malaga,2018-07-31,False,True
14933489,Entire home/apt,400.0,True,4,22,52,142,96,2016-09-15,2018-04-16,67,3.49,Sevilla,2018-04-21,False,True
14940272,Entire home/apt,740.0,True,0,0,23,45,100,2017-07-01,2020-07-28,9,0.22,Valencia,2020-11-10,False,True
14961326,Entire home/apt,940.0,True,0,12,19,239,,,,0,,Malaga,2019-06-30,False,
14961344,Entire home/apt,690.0,True,11,26,47,145,100,2017-02-05,2018-04-16,4,0.26,Malaga,2018-05-27,False,True
14962042,Private room,320.0,True,13,41,71,159,99,2017-07-13,2018-12-10,16,0.92,Malaga,2018-12-22,False,True
14962133,Entire home/apt,900.0,True,25,55,85,347,87,2016-09-15,2017-10-26,41,2.94,Barcelona,2017-11-13,False,True
14963633,Private room,350.0,True,19,49,73,348,97,2016-09-18,2018-08-16,53,2.27,Girona,2018-08-30,False,True
14964612,Private room,300.0,True,29,59,89,179,97,2016-09-25,2017-08-16,7,0.48,Barcelona,2017-12-09,False,True
14965707,Private room,300.0,True,0,0,0,0,100,2016-09-13,2016-09-13,1,0.03,Barcelona,2020-01-10,False,True
14972406,Private room,370.0,True,13,43,73,163,90,2016-09-17,2019-10-11,123,3.33,Barcelona,2019-10-16,False,True
14981606,Entire home/apt,1550.0,True,30,45,71,307,95,2018-02-14,2020-02-19,68,2.61,Barcelona,2020-04-16,False,True
14992442,Entire home/apt,680.0,True,26,50,68,306,96,2016-09-18,2020-03-16,129,2.9,Valencia,2020-05-31,False,True
14996558,Entire home/apt,1500.0,True,0,0,0,85,92,2017-06-17,2018-09-15,10,0.58,Girona,2018-11-26,False,True
14997405,Entire home/apt,1100.0,True,0,0,0,174,99,2016-10-09,2020-09-25,53,1.05,Madrid,2020-12-17,False,True
14999488,Private room,250.0,False,4,18,48,104,90,2016-10-06,2016-12-27,2,0.68,Barcelona,2017-01-04,False,True
14999976,Entire home/apt,5000.0,True,23,40,40,239,,2017-01-09,2017-05-24,2,0.1,Mallorca,2018-09-18,False,
15003987,Private room,550.0,True,23,36,41,315,96,2017-07-07,2019-05-25,23,1.01,Menorca,2019-05-30,False,True
15006369,Entire home/apt,910.0,True,7,10,14,34,99,2016-09-25,2020-03-01,178,3.78,Madrid,2020-08-25,False,True
15012271,Private room,200.0,True,0,17,47,322,90,2016-09-25,2017-04-25,2,0.13,Barcelona,2018-01-17,False,True
15012285,Entire home/apt,640.0,True,27,49,79,249,99,2016-12-04,2019-09-21,29,0.57,Valencia,2021-02-20,False,True
15012312,Entire home/apt,650.0,True,17,25,25,25,95,2016-09-25,2018-05-03,30,1.53,Madrid,2018-05-14,False,True
15014198,Entire home/apt,650.0,True,6,21,38,115,97,2016-09-28,2019-05-10,196,6.22,Madrid,2019-05-14,False,True
15019573,Entire home/apt,750.0,True,29,59,89,340,94,2016-09-25,2019-09-08,19,0.45,Girona,2020-03-26,False,True
15030768,Entire home/apt,650.0,True,0,0,0,16,89,2016-09-25,2017-11-01,36,2.28,Madrid,2018-01-17,False,True
15030779,Entire home/apt,600.0,True,3,3,3,3,93,2016-09-25,2018-04-23,84,4.28,Madrid,2018-05-14,False,True
15031239,Entire home/apt,550.0,True,30,60,90,365,100,2017-08-14,2017-08-21,2,0.08,Mallorca,2019-10-28,False,True
15031780,Entire home/apt,670.0,True,30,60,90,362,80,2018-04-04,2018-07-16,2,0.06,Malaga,2020-10-30,False,True
15032997,Entire home/apt,1290.0,True,20,44,51,326,90,2017-08-19,2018-08-22,4,0.19,Mallorca,2019-05-27,False,True
15033343,Entire home/apt,,True,23,53,83,358,,,,0,,Mallorca,2020-09-19,True,
15034204,Entire home/apt,650.0,True,0,0,0,132,97,2016-09-25,2019-04-22,82,2.53,Madrid,2019-06-07,False,True
15034907,Entire home/apt,1600.0,True,1,6,11,286,92,2018-06-02,2019-04-01,5,0.39,Mallorca,2019-06-27,False,True
15036949,Entire home/apt,1000.0,True,15,45,72,73,96,2017-07-29,2018-09-17,5,0.3,Malaga,2018-12-22,False,True
15044451,Private room,450.0,True,18,40,70,345,98,2016-09-26,2019-01-28,84,2.86,Madrid,2019-03-08,False,True
15045517,Private room,650.0,True,11,41,71,244,60,2019-12-31,2019-12-31,1,0.07,Barcelona,2021-02-09,False,False
15047445,Entire home/apt,400.0,True,3,20,48,240,89,2016-10-16,2018-07-16,102,4.75,Malaga,2018-07-31,False,True
15047966,Private room,350.0,True,0,0,0,0,100,2017-04-16,2017-04-16,1,0.17,Barcelona,2017-10-07,False,True
15048152,Entire home/apt,1000.0,True,17,24,24,28,100,2017-08-16,2018-04-01,8,0.74,Madrid,2018-07-10,False,True
15052231,Entire home/apt,450.0,True,12,30,49,49,92,2016-10-01,2019-11-25,140,3.65,Madrid,2019-12-10,False,True
15053593,Entire home/apt,1000.0,False,18,40,66,66,98,2016-10-06,2017-03-18,18,2.97,Madrid,2017-04-08,False,True
15053800,Private room,350.0,True,3,3,3,3,92,2016-09-30,2018-06-17,17,0.56,Barcelona,2019-04-10,False,True
15055155,Entire home/apt,550.0,True,1,17,47,47,95,2016-09-25,2019-10-19,69,1.84,Madrid,2019-11-09,False,True
15066661,Entire home/apt,4000.0,True,13,14,40,315,80,2017-03-25,2019-11-11,34,1.04,Barcelona,2019-12-10,False,True
15068266,Entire home/apt,750.0,False,24,38,63,204,87,2016-09-24,2016-10-24,4,0.75,Madrid,2017-03-06,False,True
15070085,Private room,300.0,True,30,60,90,180,94,2016-10-01,2019-06-23,52,1.58,Valencia,2019-07-01,False,True
15070118,Entire home/apt,2200.0,False,24,48,78,346,96,2016-09-26,2017-02-04,12,2.27,Madrid,2017-03-06,False,True
15071197,Entire home/apt,490.0,True,15,41,42,310,90,2016-10-02,2019-04-20,49,1.58,Malaga,2019-05-01,False,True
15078222,Entire home/apt,2100.0,True,28,58,88,363,90,2017-07-15,2020-08-31,6,0.15,Girona,2020-10-28,False,True
15081686,Entire home/apt,1140.0,True,15,45,63,299,,,,0,,Girona,2020-03-26,False,
15081693,Entire home/apt,1700.0,True,16,25,52,54,,,,0,,Girona,2019-06-30,False,
15082579,Entire home/apt,1500.0,False,4,23,46,166,85,2016-10-02,2017-05-30,8,0.99,Barcelona,2017-06-05,False,True
15091443,Shared room,700.0,True,21,29,59,281,83,2016-11-26,2019-03-04,6,0.21,Madrid,2019-04-11,False,True
15110544,Entire home/apt,650.0,True,0,21,51,195,93,2017-04-12,2018-11-10,10,0.49,Mallorca,2018-12-18,False,True
15123163,Entire home/apt,1620.0,True,0,0,0,202,97,2017-04-22,2020-08-23,13,0.3,Mallorca,2020-11-08,False,True
15125165,Entire home/apt,1540.0,True,0,0,0,1,,,,0,,Girona,2020-01-31,False,
15125219,Entire home/apt,1390.0,True,17,47,77,262,100,2017-01-01,2017-07-08,3,0.09,Girona,2019-08-31,False,True
15125277,Entire home/apt,720.0,True,0,0,22,297,,,,0,,Girona,2018-12-22,False,
15125280,Entire home/apt,1020.0,True,29,50,71,222,,,,0,,Girona,2020-05-28,False,
15125294,Entire home/apt,780.0,True,0,0,0,0,,,,0,,Girona,2020-03-26,False,
15125300,Entire home/apt,1020.0,True,15,45,57,185,80,2018-07-12,2018-07-12,1,0.05,Girona,2020-03-26,False,True
15125331,Entire home/apt,2000.0,True,29,59,89,364,,,,0,,Girona,2019-10-30,False,
15138252,Entire home/apt,2970.0,True,0,0,0,0,96,2019-04-22,2019-11-02,5,0.27,Mallorca,2020-11-08,False,True
15140894,Entire home/apt,900.0,True,27,57,87,351,96,2017-07-25,2019-01-04,10,0.5,Girona,2019-03-30,False,True
15142018,Entire home/apt,3100.0,True,12,22,41,73,98,2017-01-15,2020-02-02,28,0.75,Madrid,2020-02-18,False,True
15154624,Entire home/apt,1320.0,True,0,0,0,0,100,2018-08-18,2018-09-16,2,0.12,Mallorca,2019-12-31,False,True
15155730,Entire home/apt,980.0,False,9,34,57,243,,,,0,,Mallorca,2017-03-15,False,
15156675,Private room,290.0,True,0,0,0,0,93,2016-09-29,2016-10-25,6,0.2,Madrid,2019-03-08,False,True
15157817,Entire home/apt,1450.0,True,17,33,63,245,84,2017-01-05,2019-05-26,50,1.68,Sevilla,2019-06-29,False,True
15162404,Private room,320.0,True,30,60,90,365,95,2017-04-19,2018-02-28,4,0.33,Sevilla,2018-04-21,False,True
15163885,Hotel room,400.0,True,0,0,0,0,93,2016-11-21,2019-09-09,60,1.5,Madrid,2020-03-17,False,True
15164356,Entire home/apt,500.0,True,3,7,18,71,91,2016-10-02,2018-07-25,112,5.1,Sevilla,2018-07-31,False,True
15168761,Entire home/apt,500.0,True,9,33,63,208,96,2016-09-28,2019-04-08,146,4.8,Madrid,2019-04-11,False,True
15172492,Entire home/apt,400.0,True,0,0,0,119,87,2019-06-22,2020-01-02,3,0.28,Madrid,2020-05-14,False,True
15174318,Entire home/apt,1080.0,True,30,57,81,356,91,2016-10-19,2020-02-04,67,1.4,Madrid,2020-10-17,False,True
15179060,Entire home/apt,630.0,True,0,24,40,295,77,2016-10-17,2018-12-16,6,0.19,Barcelona,2019-05-14,False,False
15179188,Private room,500.0,True,0,0,0,0,92,2017-02-27,2018-02-25,36,0.77,Madrid,2021-01-12,False,True
15188771,Entire home/apt,,True,23,53,74,128,,,,0,,Mallorca,2018-04-18,True,
15189300,Entire home/apt,1000.0,True,14,25,26,267,100,2017-07-09,2018-04-13,6,0.64,Girona,2018-04-21,False,True
15192087,Entire home/apt,1170.0,True,21,30,37,289,97,2016-10-22,2020-05-24,120,2.78,Mallorca,2020-05-28,False,True
15197781,Entire home/apt,2000.0,True,30,57,87,287,90,2016-12-11,2020-02-09,7,0.18,Madrid,2020-03-17,False,True
15199757,Entire home/apt,1650.0,True,0,0,18,49,100,2019-04-10,2019-04-10,1,0.39,Mallorca,2019-06-27,False,True
15203351,Entire home/apt,650.0,True,0,0,7,7,98,2016-10-15,2019-09-28,36,1.0,Madrid,2019-10-16,False,True
15206279,Private room,320.0,True,14,42,56,331,98,2016-10-08,2019-10-15,33,0.89,Madrid,2019-11-09,False,True
15206536,Entire home/apt,1000.0,True,29,59,89,364,92,2017-01-01,2018-06-09,5,0.11,Madrid,2020-08-25,False,True
15215147,Entire home/apt,3990.0,True,30,60,90,351,,,,0,,Mallorca,2019-11-28,False,
15225108,Private room,350.0,True,24,54,62,62,100,2018-05-12,2018-05-12,1,15.2,Barcelona,2018-05-14,False,True
15226260,Entire home/apt,3400.0,True,0,5,7,127,,,,0,,Mallorca,2019-08-31,False,
15227148,Private room,250.0,True,11,23,23,89,97,2016-10-04,2018-03-02,18,0.93,Barcelona,2018-05-14,False,True
15228632,Entire home/apt,670.0,True,16,30,46,76,,,,0,,Mallorca,2020-06-25,False,
15228637,Entire home/apt,680.0,True,25,32,32,50,,,,0,,Mallorca,2020-06-25,False,
15228643,Entire home/apt,680.0,True,2,4,25,240,90,2017-07-18,2019-07-17,2,0.08,Mallorca,2019-07-25,False,True
15228656,Entire home/apt,750.0,True,0,0,13,217,100,2017-09-16,2018-06-16,2,0.05,Mallorca,2021-02-11,False,True
15228673,Entire home/apt,840.0,True,29,59,68,144,80,2017-04-05,2019-09-11,4,0.11,Mallorca,2020-04-23,False,True
15228688,Entire home/apt,1150.0,True,0,0,6,95,,,,0,,Mallorca,2018-07-29,False,
15234209,Private room,200.0,True,2,17,32,303,99,2017-01-30,2017-10-05,31,3.77,Barcelona,2017-10-07,False,True
15241162,Entire home/apt,,True,0,0,0,28,88,2016-11-06,2020-08-10,9,0.19,Madrid,2020-11-06,True,True
15245145,Private room,220.0,True,0,0,15,290,92,2016-10-09,2017-10-31,5,0.33,Madrid,2018-01-17,False,True
15245258,Entire home/apt,1200.0,False,0,0,0,0,87,2017-01-04,2017-02-26,3,0.6,Barcelona,2017-06-05,False,True
15248430,Private room,350.0,True,0,0,0,0,97,2016-10-06,2018-07-16,88,2.42,Barcelona,2019-10-16,False,True
15248525,Entire home/apt,750.0,True,30,60,90,271,96,2016-10-19,2020-10-25,35,0.67,Girona,2021-02-27,False,True
15253506,Entire home/apt,3150.0,False,11,36,65,338,,,,0,,Barcelona,2017-01-04,False,
15254167,Private room,320.0,False,26,56,86,361,80,2016-10-02,2016-12-19,9,2.91,Barcelona,2017-01-04,False,True
15259141,Entire home/apt,1990.0,True,28,30,34,85,,,,0,,Mallorca,2018-04-18,False,
15262802,Entire home/apt,,True,10,23,50,306,86,2016-12-29,2018-11-19,29,1.24,Barcelona,2018-12-10,True,True
15265238,Private room,990.0,True,0,0,0,109,,,,0,,Barcelona,2019-01-14,False,
15277194,Entire home/apt,2300.0,False,23,53,72,295,,,,0,,Mallorca,2017-03-15,False,
15279710,Private room,200.0,True,16,34,62,337,88,2016-10-14,2020-02-21,255,6.29,Sevilla,2020-02-29,False,True
15280322,Entire home/apt,1030.0,True,11,30,53,307,87,2017-02-20,2019-07-23,14,0.46,Valencia,2019-09-01,False,True
15291323,Entire home/apt,450.0,True,3,19,45,315,93,2016-10-10,2020-02-02,14,0.35,Madrid,2020-02-18,False,True
15293984,Entire home/apt,1090.0,True,28,58,88,323,,,,0,,Mallorca,2018-11-20,False,
15295749,Entire home/apt,730.0,True,0,7,27,182,93,2017-01-01,2019-06-17,32,1.04,Sevilla,2019-07-29,False,True
15299905,Entire home/apt,2210.0,True,17,47,77,317,98,2016-11-06,2019-07-09,35,0.9,Mallorca,2020-01-29,False,True
15300143,Entire home/apt,1290.0,True,30,60,90,365,99,2017-06-13,2020-08-11,39,0.89,Mallorca,2021-02-11,False,True
15305990,Entire home/apt,1260.0,False,30,60,90,348,,,,0,,Mallorca,2017-03-15,False,
15306390,Private room,200.0,True,0,0,0,166,90,2016-12-23,2018-09-30,4,0.16,Barcelona,2019-01-14,False,True
15308709,Entire home/apt,420.0,True,20,50,80,355,89,2016-10-06,2018-07-03,37,1.75,Madrid,2018-07-10,False,True
15313617,Private room,220.0,True,0,0,0,0,88,2016-10-24,2020-03-06,96,2.22,Sevilla,2020-05-30,False,True
15316088,Private room,240.0,True,0,0,0,0,,,,0,,Madrid,2019-09-19,False,
15318828,Entire home/apt,370.0,True,30,60,90,305,89,2018-04-03,2020-10-10,48,1.55,Malaga,2020-10-30,False,True
15320242,Private room,200.0,True,0,23,53,143,93,2016-10-16,2018-09-30,16,0.65,Madrid,2018-11-07,False,True
15325670,Private room,390.0,True,13,35,65,340,96,2017-03-05,2019-07-28,45,1.54,Barcelona,2019-08-12,False,True
15348862,Entire home/apt,1690.0,True,23,53,83,84,89,2016-10-08,2018-01-01,13,0.81,Barcelona,2018-02-07,False,True
15349533,Entire home/apt,2210.0,True,28,58,88,325,100,2017-07-09,2018-03-31,3,0.19,Girona,2018-10-20,False,True
15353038,Entire home/apt,800.0,True,0,0,0,0,92,2016-10-17,2019-09-28,98,2.72,Madrid,2019-10-16,False,True
15353324,Entire home/apt,1990.0,False,4,10,23,71,,,,0,,Barcelona,2017-08-06,False,
15357450,Entire home/apt,4000.0,True,4,12,17,274,100,2018-09-23,2018-09-23,1,0.1,Barcelona,2019-07-10,False,True
15360160,Entire home/apt,600.0,True,29,59,89,179,90,2016-10-25,2019-11-11,33,0.89,Sevilla,2019-11-29,False,True
15364728,Entire home/apt,500.0,True,1,2,32,66,88,2017-01-01,2017-09-10,8,0.42,Girona,2018-07-31,False,True
15372652,Entire home/apt,570.0,True,0,0,0,0,,,,0,,Madrid,2018-12-10,False,
15376167,Entire home/apt,1000.0,False,0,0,3,212,96,2016-10-10,2017-03-21,15,2.53,Barcelona,2017-04-08,False,True
15380630,Private room,500.0,True,30,60,90,365,85,2017-03-05,2019-04-21,13,0.29,Valencia,2020-11-10,False,True
15402634,Private room,380.0,True,13,43,73,73,93,2016-10-23,2019-11-03,65,1.73,Madrid,2019-12-10,False,True
15402794,Private room,150.0,True,8,25,50,297,92,2016-11-01,2019-07-01,85,2.58,Valencia,2019-07-31,False,True
15421787,Private room,800.0,True,30,60,90,365,,,,0,,Girona,2019-08-31,False,
15430554,Entire home/apt,2180.0,True,14,14,14,22,,,,0,,Mallorca,2018-10-17,False,
15431978,Private room,310.0,True,29,59,89,364,97,2016-10-23,2020-03-02,58,1.2,Madrid,2020-11-06,False,True
15433602,Entire home/apt,800.0,True,22,47,58,59,97,2017-04-16,2018-10-17,27,1.49,Sevilla,2018-10-18,False,True
15435548,Private room,500.0,True,6,29,59,59,97,2017-01-01,2018-08-22,29,1.43,Barcelona,2018-09-11,False,True
15442110,Entire home/apt,790.0,False,0,2,31,31,97,2016-10-16,2017-01-01,7,1.51,Madrid,2017-03-06,False,True
15442250,Entire home/apt,950.0,True,22,52,65,65,92,2017-01-05,2019-08-07,34,0.69,Madrid,2021-02-09,False,True
15442299,Entire home/apt,600.0,True,25,46,74,343,99,2016-10-17,2018-11-19,103,4.09,Sevilla,2018-11-22,False,True
15445327,Entire home/apt,700.0,True,3,7,8,141,98,2016-10-25,2019-06-17,64,2.0,Mallorca,2019-06-27,False,True
15445749,Entire home/apt,790.0,True,23,53,83,173,99,2016-10-30,2020-03-01,32,0.79,Madrid,2020-03-17,False,True
15446759,Entire home/apt,1150.0,True,18,34,46,46,95,2017-05-22,2018-04-08,4,0.24,Girona,2018-10-20,False,True
15458594,Private room,250.0,False,9,39,69,69,94,2016-10-26,2017-06-21,13,1.56,Barcelona,2017-07-06,False,True
15467299,Private room,250.0,True,30,46,46,46,97,2016-11-07,2020-03-04,84,2.08,Barcelona,2020-03-16,False,True
15472647,Private room,800.0,False,7,28,50,286,90,2017-01-08,2017-02-07,3,0.62,Barcelona,2017-06-05,False,True
15476243,Entire home/apt,490.0,True,0,0,0,0,,,,0,,Mallorca,2020-09-19,False,
15479793,Entire home/apt,850.0,True,30,46,66,336,97,2016-10-17,2020-03-15,188,4.56,Sevilla,2020-03-23,False,True
15483258,Entire home/apt,690.0,True,2,13,37,284,93,2016-11-01,2018-08-15,74,3.31,Madrid,2018-09-11,False,True
15483686,Entire home/apt,520.0,False,30,60,90,180,,,,0,,Madrid,2017-04-08,False,
15487828,Private room,450.0,True,1,3,3,3,96,2017-10-24,2019-02-26,6,0.36,Barcelona,2019-03-08,False,True
15488434,Entire home/apt,2320.0,True,0,13,43,122,73,2019-09-14,2019-10-27,3,0.18,Mallorca,2021-02-11,False,False
15488638,Entire home/apt,620.0,True,16,42,71,301,92,2016-12-10,2020-02-06,133,3.48,Barcelona,2020-02-16,False,True
15489253,Private room,370.0,False,1,1,1,270,96,2016-10-17,2017-03-04,10,1.76,Barcelona,2017-04-08,False,True
15491386,Entire home/apt,1050.0,True,15,41,56,273,83,2017-10-17,2019-01-02,8,0.51,Barcelona,2019-02-06,False,True
15491387,Private room,300.0,False,21,46,70,95,100,2016-11-01,2016-12-23,3,1.42,Barcelona,2017-01-04,False,True
15492619,Entire home/apt,1350.0,True,8,25,49,169,,,,0,,Sevilla,2019-05-29,False,
15503909,Entire home/apt,3980.0,True,0,8,38,225,100,2018-09-01,2018-09-01,1,0.06,Mallorca,2020-01-29,False,True
15504370,Entire home/apt,3240.0,True,0,0,0,122,,,,0,,Mallorca,2018-11-20,False,
15505839,Entire home/apt,1950.0,True,27,57,87,362,96,2016-10-22,2019-03-30,73,1.96,Malaga,2019-11-30,False,True
15507285,Private room,590.0,True,5,31,61,68,95,2016-10-21,2019-11-04,64,1.7,Barcelona,2019-12-10,False,True
15510022,Private room,250.0,True,0,12,15,32,97,2016-11-20,2018-05-06,49,2.76,Madrid,2018-05-14,False,True
15514191,Entire home/apt,950.0,True,0,0,0,0,99,2016-11-20,2020-07-31,21,0.42,Malaga,2021-01-31,False,True
15530332,Entire home/apt,1500.0,False,5,19,19,78,90,2016-11-01,2017-04-15,3,0.37,Barcelona,2017-07-06,False,True
15541284,Entire home/apt,1200.0,True,26,56,86,354,97,2016-10-23,2019-11-13,70,1.64,Madrid,2020-05-14,False,True
15550816,Private room,230.0,True,24,54,84,359,89,2016-10-28,2017-11-06,45,3.36,Barcelona,2017-12-09,False,True
15555722,Entire home/apt,1080.0,True,2,32,62,337,,,,0,,Mallorca,2018-09-18,False,
15556604,Entire home/apt,1370.0,True,0,0,0,1,80,2017-07-29,2019-02-26,3,0.1,Mallorca,2020-01-29,False,True
15561769,Private room,230.0,True,9,39,67,152,100,2016-12-03,2018-08-26,9,0.37,Barcelona,2018-12-10,False,True
15563894,Private room,290.0,True,10,32,49,139,95,2016-10-25,2019-05-01,84,2.71,Mallorca,2019-05-27,False,True
15575144,Private room,500.0,False,29,59,89,364,,,,0,,Barcelona,2017-03-06,False,
15579708,Entire home/apt,2500.0,True,11,41,71,346,93,2017-02-26,2018-11-04,3,0.1,Girona,2019-07-29,False,True
15580648,Entire home/apt,1790.0,True,4,13,39,171,97,2016-11-16,2017-09-11,12,0.59,Mallorca,2018-07-29,False,True
15591972,Entire home/apt,3200.0,True,30,60,69,252,90,2017-06-26,2018-08-22,2,0.06,Menorca,2020-05-31,False,True
15593416,Private room,470.0,True,0,7,37,218,95,2017-03-04,2017-08-31,13,1.56,Barcelona,2017-11-13,False,True
15597738,Entire home/apt,760.0,True,1,8,16,207,98,2016-10-23,2019-05-01,223,7.27,Madrid,2019-05-14,False,True
15606679,Entire home/apt,1000.0,True,23,53,82,357,95,2017-08-13,2020-10-01,11,0.27,Menorca,2020-12-30,False,True
15628078,Entire home/apt,1400.0,True,10,29,46,126,100,2018-05-27,2018-05-27,1,0.38,Barcelona,2018-08-14,False,True
15636856,Private room,290.0,False,19,41,71,161,96,2016-11-26,2017-07-01,44,6.03,Barcelona,2017-07-06,False,True
15644356,Entire home/apt,,True,29,31,31,272,100,2017-08-14,2017-08-14,1,0.04,Girona,2019-09-30,True,True
15654614,Entire home/apt,4280.0,True,22,52,64,64,,,,0,,Mallorca,2018-10-17,False,
15654963,Entire home/apt,790.0,False,29,59,89,364,,,,0,,Madrid,2017-04-08,False,
15656695,Private room,350.0,False,19,49,79,79,80,2016-11-05,2016-11-13,2,0.63,Barcelona,2017-02-09,False,True
15657388,Shared room,150.0,True,0,12,42,42,,,,0,,Madrid,2018-05-14,False,
15658785,Entire home/apt,460.0,True,13,32,57,59,98,2016-12-27,2018-11-18,60,2.62,Sevilla,2018-11-22,False,True
15659961,Private room,200.0,True,0,0,17,288,97,2017-05-14,2019-11-01,35,1.07,Sevilla,2020-01-30,False,True
15667563,Private room,220.0,True,27,54,84,175,92,2017-01-02,2018-07-30,53,2.74,Madrid,2018-08-14,False,True
15670908,Entire home/apt,,True,30,60,90,275,100,2018-12-20,2019-08-24,2,0.08,Mallorca,2021-01-16,True,True
15672559,Entire home/apt,640.0,True,30,55,85,175,97,2016-11-20,2020-02-28,151,3.76,Malaga,2020-03-26,False,True
15695052,Private room,350.0,False,29,59,89,364,,2016-10-26,2016-10-30,2,0.87,Barcelona,2017-01-04,False,
15696421,Entire home/apt,1470.0,True,0,21,44,319,,,,0,,Mallorca,2018-08-21,False,
15700116,Entire home/apt,1400.0,True,14,28,33,42,93,2016-11-03,2020-03-15,105,2.53,Barcelona,2020-04-16,False,True
15700160,Entire home/apt,1000.0,False,0,0,0,7,,,,0,,Barcelona,2017-02-09,False,
15700181,Entire home/apt,1500.0,True,26,51,77,167,93,2016-10-30,2019-02-10,8,0.28,Madrid,2019-03-08,False,True
15705280,Entire home/apt,730.0,True,16,38,53,305,93,2016-11-04,2017-08-31,53,2.9,Madrid,2018-05-14,False,True
15711623,Entire home/apt,1700.0,True,12,38,68,337,93,2017-02-19,2017-10-20,11,1.25,Barcelona,2017-11-13,False,True
15712249,Entire home/apt,3500.0,True,6,17,29,304,83,2018-05-10,2019-06-17,15,1.07,Barcelona,2019-07-10,False,True
15713525,Private room,250.0,False,0,5,35,35,,2016-11-10,2016-12-28,1,0.55,Barcelona,2017-01-04,False,
15713797,Private room,710.0,True,30,60,90,90,97,2017-09-28,2018-12-10,7,0.17,Madrid,2021-02-09,False,True
15716926,Entire home/apt,3380.0,True,1,1,1,1,,,,0,,Mallorca,2020-08-28,False,
15723172,Entire home/apt,500.0,True,22,49,79,354,94,2016-10-29,2018-09-16,29,1.26,Girona,2018-09-28,False,True
15724662,Private room,170.0,True,0,0,0,0,98,2017-01-01,2017-12-27,9,0.72,Madrid,2018-01-17,False,True
15740114,Private room,320.0,False,22,52,82,357,80,2016-11-19,2016-11-25,2,0.74,Barcelona,2017-02-09,False,True
15742124,Entire home/apt,1000.0,True,30,60,90,154,93,2016-11-20,2019-07-30,75,2.29,Madrid,2019-08-12,False,True
15749505,Private room,300.0,True,0,0,20,200,95,2016-12-10,2018-08-22,44,2.09,Barcelona,2018-09-11,False,True
15754749,Entire home/apt,980.0,True,13,43,61,221,,,,0,,Mallorca,2018-10-17,False,
15766975,Entire home/apt,2890.0,True,28,58,88,313,91,2017-06-05,2019-01-01,7,0.34,Girona,2019-02-19,False,True
15767841,Private room,750.0,True,29,59,89,95,100,2018-07-01,2018-08-31,2,0.47,Barcelona,2018-11-07,False,True
15769906,Entire home/apt,1050.0,True,7,23,41,97,99,2017-02-21,2018-07-07,50,2.9,Sevilla,2018-07-31,False,True
15787767,Entire home/apt,,True,0,0,0,167,91,2016-11-12,2019-08-18,37,0.78,Malaga,2020-10-30,True,True
15794719,Private room,600.0,True,30,60,90,365,100,2016-11-06,2017-03-29,3,0.27,Barcelona,2017-10-07,False,True
15800162,Entire home/apt,840.0,True,0,0,0,0,70,2015-08-11,2019-12-08,4,0.06,Malaga,2020-10-30,False,False
15800164,Entire home/apt,800.0,True,25,55,85,353,90,2015-08-12,2016-11-28,4,0.08,Malaga,2019-09-30,False,True
15800166,Entire home/apt,700.0,True,23,38,60,335,,,,0,,Malaga,2018-07-31,False,
15800174,Entire home/apt,620.0,True,0,0,0,0,90,2017-01-07,2019-07-12,6,0.16,Malaga,2020-01-31,False,True
15800817,Private room,400.0,True,2,9,34,124,96,2016-11-13,2019-10-30,156,4.35,Barcelona,2019-11-09,False,True
15801786,Entire home/apt,1280.0,True,24,51,81,356,95,2016-12-22,2018-01-01,4,0.24,Madrid,2018-05-14,False,True
15803693,Entire home/apt,650.0,True,28,58,88,178,85,2016-11-18,2019-08-28,16,0.48,Valencia,2019-09-01,False,True
15803769,Entire home/apt,1000.0,True,19,45,65,335,89,2016-11-23,2018-08-01,10,0.24,Malaga,2020-05-31,False,True
15811975,Private room,200.0,True,19,46,76,347,91,2016-11-26,2018-12-17,96,3.75,Barcelona,2019-01-14,False,True
15812034,Entire home/apt,440.0,True,29,59,89,364,100,2018-02-03,2019-09-16,3,0.11,Barcelona,2020-06-13,False,True
15812097,Hotel room,510.0,True,13,37,58,333,85,2016-11-19,2019-09-13,101,2.89,Madrid,2019-10-16,False,True
15812679,Private room,310.0,True,12,30,60,150,97,2017-03-02,2018-04-20,33,2.29,Barcelona,2018-05-14,False,True
15812828,Shared room,150.0,False,30,60,90,365,100,2016-11-06,2016-11-06,1,0.25,Madrid,2017-03-06,False,True
15823039,Entire home/apt,800.0,True,13,30,48,275,98,2017-02-27,2019-01-01,24,1.06,Madrid,2019-01-14,False,True
15824837,Entire home/apt,550.0,True,13,18,48,212,,,,0,,Girona,2020-01-31,False,
15834862,Entire home/apt,400.0,True,12,42,72,325,86,2017-04-08,2021-01-16,18,0.39,Girona,2021-01-31,False,True
15836966,Entire home/apt,500.0,True,4,10,19,76,95,2017-07-08,2019-03-25,137,6.6,Valencia,2019-03-31,False,True
15837237,Entire home/apt,3050.0,True,28,40,40,182,,,,0,,Mallorca,2020-09-19,False,
15837673,Private room,200.0,False,30,60,90,179,95,2016-11-27,2017-02-20,4,1.23,Barcelona,2017-03-06,False,True
15844162,Entire home/apt,1000.0,True,18,43,62,256,99,2017-02-17,2019-01-27,75,3.17,Madrid,2019-02-06,False,True
15848190,Entire home/apt,1600.0,True,28,58,88,190,99,2017-02-28,2020-03-13,141,3.52,Sevilla,2020-06-29,False,True
15849642,Private room,370.0,False,6,26,26,257,93,2016-11-26,2017-03-19,3,0.56,Barcelona,2017-05-07,False,True
15854767,Hotel room,1050.0,True,0,0,0,0,98,2017-05-03,2019-09-23,23,0.72,Mallorca,2019-12-31,False,True
15863563,Entire home/apt,1600.0,True,30,60,90,180,96,2017-01-01,2020-01-01,34,0.92,Girona,2020-01-31,False,True
15868228,Entire home/apt,750.0,True,0,0,0,0,90,2016-12-06,2020-03-08,151,3.57,Madrid,2020-06-13,False,True
15871248,Private room,240.0,False,0,24,54,55,87,2016-12-09,2017-01-01,3,1.47,Barcelona,2017-02-09,False,True
15882675,Entire home/apt,1200.0,True,10,40,44,97,87,2017-04-17,2019-10-26,3,0.08,Girona,2020-03-26,False,True
15882695,Entire home/apt,,True,0,0,0,7,,,,0,,Girona,2019-05-29,True,
15882711,Entire home/apt,4990.0,True,0,0,0,35,,,,0,,Girona,2019-03-30,False,
15882726,Entire home/apt,4390.0,True,0,0,0,28,,,,0,,Girona,2019-12-31,False,
15882755,Entire home/apt,600.0,True,28,58,88,342,67,2015-07-26,2017-08-26,3,0.07,Girona,2018-12-22,False,False
15883288,Entire home/apt,1760.0,True,6,22,37,167,90,2016-05-18,2020-03-16,21,0.44,Mallorca,2020-04-23,False,True
15883302,Entire home/apt,,True,5,19,27,218,80,2019-05-27,2019-09-18,3,0.33,Mallorca,2020-02-29,True,True
15885378,Entire home/apt,650.0,True,0,0,0,0,80,2016-04-04,2018-04-02,4,0.11,Girona,2019-05-29,False,True
15895265,Entire home/apt,800.0,True,27,47,71,86,93,2016-11-20,2019-08-17,19,0.54,Valencia,2019-10-31,False,True
15895803,Private room,380.0,True,9,13,18,192,96,2016-11-20,2019-06-23,62,1.96,Madrid,2019-07-10,False,True
15896099,Entire home/apt,600.0,False,0,4,34,34,,,,0,,Madrid,2017-03-06,False,
15907271,Entire home/apt,370.0,True,0,0,0,163,70,2020-03-01,2020-05-26,2,0.24,Barcelona,2020-11-06,False,False
15907725,Entire home/apt,920.0,True,2,3,12,27,100,2017-10-19,2018-06-16,2,0.09,Mallorca,2019-07-25,False,True
15908359,Private room,450.0,True,0,0,0,0,94,2016-12-04,2018-05-11,28,0.91,Girona,2019-06-30,False,True
15909622,Entire home/apt,1600.0,False,6,25,32,167,,,,0,,Barcelona,2017-02-09,False,
15909986,Entire home/apt,400.0,True,30,44,56,286,92,2016-11-17,2020-03-14,253,5.96,Sevilla,2020-05-30,False,True
15922099,Private room,990.0,True,11,41,71,161,94,2016-11-23,2019-09-30,248,7.13,Barcelona,2019-10-16,False,True
15923937,Entire home/apt,1000.0,True,0,0,0,0,80,2016-12-29,2016-12-29,1,0.05,Sevilla,2018-07-31,False,True
15929441,Entire home/apt,470.0,True,0,0,0,0,94,2016-11-19,2017-06-20,74,4.42,Madrid,2018-04-12,False,True
15935137,Entire home/apt,850.0,True,17,41,58,197,98,2017-05-20,2018-01-31,16,1.85,Barcelona,2018-02-07,False,True
15938138,Entire home/apt,,True,29,59,89,337,95,2016-12-29,2018-07-28,5,0.19,Girona,2019-02-19,True,True
15946934,Entire home/apt,690.0,True,29,59,89,359,92,2017-06-11,2018-05-20,23,1.06,Girona,2019-03-30,False,True
15950513,Entire home/apt,500.0,True,4,11,16,273,93,2016-12-04,2018-09-15,90,4.12,Malaga,2018-09-29,False,True
15953046,Entire home/apt,1520.0,True,0,0,0,0,93,2016-09-21,2019-06-08,9,0.18,Mallorca,2020-10-21,False,True
15959552,Entire home/apt,970.0,True,30,60,90,90,98,2017-06-24,2019-10-03,25,0.89,Mallorca,2019-10-28,False,True
15959711,Entire home/apt,850.0,True,0,0,0,0,80,2017-03-16,2017-03-16,1,0.06,Madrid,2018-09-11,False,True
15962897,Entire home/apt,1100.0,True,24,47,77,352,,,,0,,Girona,2018-09-28,False,
15968763,Entire home/apt,1700.0,True,0,0,0,0,90,2017-01-02,2017-06-04,5,0.16,Madrid,2019-08-12,False,True
15977015,Entire home/apt,3490.0,False,0,0,0,29,,,,0,,Barcelona,2017-03-06,False,
15984990,Entire home/apt,1800.0,True,29,59,89,179,98,2016-12-04,2020-02-29,80,1.62,Madrid,2021-01-12,False,True
15985820,Entire home/apt,700.0,True,29,59,89,89,97,2016-11-25,2020-02-09,143,3.43,Madrid,2020-05-14,False,True
15999012,Private room,400.0,True,29,59,89,89,96,2016-12-11,2017-07-02,11,0.26,Madrid,2020-06-13,False,True
16001069,Entire home/apt,700.0,True,2,2,2,171,100,2017-04-22,2017-09-02,3,0.25,Mallorca,2018-04-18,False,True
16001177,Entire home/apt,600.0,True,6,9,19,237,91,2016-11-20,2019-02-20,138,5.01,Madrid,2019-03-08,False,True
16011916,Entire home/apt,1150.0,True,16,44,66,156,97,2016-11-27,2018-09-27,70,3.12,Madrid,2018-10-10,False,True
16027015,Entire home/apt,890.0,True,30,45,45,45,85,2016-12-28,2019-10-24,64,1.5,Madrid,2020-07-17,False,True
16034438,Entire home/apt,500.0,True,0,0,0,0,100,2016-12-22,2017-08-12,8,0.43,Madrid,2018-07-10,False,True
16036000,Private room,180.0,True,5,22,43,283,85,2016-12-05,2019-01-07,203,8.01,Madrid,2019-01-14,False,True
16040928,Entire home/apt,700.0,True,18,48,73,73,98,2016-12-06,2018-01-01,71,5.3,Madrid,2018-01-17,False,True
16044746,Private room,120.0,True,0,22,52,315,85,2017-02-04,2018-04-19,30,2.06,Malaga,2018-04-22,False,True
16059695,Private room,250.0,True,17,32,32,32,94,2016-12-02,2018-06-16,92,4.78,Madrid,2018-07-10,False,True
16060354,Entire home/apt,600.0,True,16,41,62,157,93,2016-12-11,2019-02-03,20,0.72,Girona,2019-03-30,False,True
16060437,Entire home/apt,1200.0,True,7,23,53,55,93,2017-08-05,2017-08-31,3,0.25,Malaga,2018-07-31,False,True
16064297,Entire home/apt,,True,0,5,5,258,98,2016-12-26,2018-01-13,10,0.39,Madrid,2019-02-06,True,True
16064480,Entire home/apt,850.0,True,23,53,78,353,94,2016-12-16,2018-08-14,68,3.34,Sevilla,2018-08-27,False,True
16066235,Entire home/apt,690.0,True,0,9,9,126,98,2016-12-08,2020-03-03,68,1.63,Menorca,2020-05-31,False,True
16068474,Entire home/apt,990.0,True,20,48,74,163,92,2016-12-06,2019-09-03,46,1.36,Malaga,2019-09-30,False,True
16074375,Entire home/apt,840.0,True,0,0,0,104,97,2016-12-05,2020-03-12,271,5.5,Madrid,2021-01-12,False,True
16075284,Entire home/apt,3500.0,True,0,0,21,182,100,2018-07-16,2018-09-30,4,0.62,Mallorca,2019-01-28,False,True
16075606,Entire home/apt,490.0,True,24,54,84,359,,,,0,,Madrid,2018-07-10,False,
16075619,Entire home/apt,680.0,True,15,45,75,335,87,2017-01-04,2018-06-28,3,0.08,Madrid,2020-03-17,False,True
16075655,Entire home/apt,1300.0,True,28,58,88,278,,,,0,,Menorca,2020-04-30,False,
16077061,Entire home/apt,1590.0,True,21,51,81,353,99,2017-03-12,2017-11-17,34,3.8,Barcelona,2017-12-09,False,True
16078112,Entire home/apt,990.0,True,15,39,62,327,97,2016-11-27,2017-11-03,41,3.0,Madrid,2018-01-17,False,True
16091088,Entire home/apt,2400.0,True,0,0,0,239,100,2018-08-04,2018-08-25,3,0.8,Girona,2018-11-26,False,True
16097749,Private room,480.0,True,1,11,11,11,99,2017-01-01,2018-01-22,24,1.81,Barcelona,2018-02-07,False,True
16105036,Entire home/apt,1090.0,True,0,0,0,0,100,2018-10-29,2018-10-29,1,0.06,Madrid,2020-04-17,False,True
16105228,Entire home/apt,1280.0,False,16,42,68,320,,,,0,,Mallorca,2017-03-15,False,
16106373,Private room,500.0,True,29,59,89,179,,,,0,,Barcelona,2017-09-12,False,
16109137,Private room,250.0,True,25,55,85,85,88,2016-12-04,2019-10-13,152,4.42,Barcelona,2019-10-16,False,True
16110216,Entire home/apt,1330.0,True,0,0,0,28,100,2017-08-05,2019-08-24,5,0.17,Girona,2020-01-31,False,True
16112487,Private room,350.0,True,26,56,86,86,88,2017-01-08,2019-07-04,88,2.33,Malaga,2020-02-29,False,True
16116126,Entire home/apt,990.0,True,8,17,45,144,87,2017-03-05,2019-04-17,3,0.11,Barcelona,2019-06-07,False,True
16116131,Entire home/apt,1100.0,True,22,49,77,145,89,2017-04-26,2020-03-15,55,1.42,Barcelona,2020-07-17,False,True
16117783,Entire home/apt,650.0,True,3,14,35,105,94,2017-05-08,2019-06-12,14,0.53,Mallorca,2019-07-25,False,True
16119549,Private room,390.0,False,3,13,22,91,98,2016-12-09,2017-05-10,28,4.78,Barcelona,2017-06-05,False,True
16119804,Private room,490.0,True,30,60,90,90,97,2016-12-05,2020-03-01,130,2.64,Barcelona,2021-01-12,False,True
16122151,Entire home/apt,1550.0,True,7,25,48,96,97,2016-12-29,2018-03-18,39,2.53,Madrid,2018-04-12,False,True
16127736,Entire home/apt,940.0,True,7,12,12,154,89,2014-08-05,2018-06-19,18,0.36,Mallorca,2018-09-18,False,True
16128493,Entire home/apt,1220.0,True,5,11,24,90,,,,0,,Mallorca,2018-07-29,False,
16132612,Private room,400.0,True,21,51,81,356,88,2016-12-04,2017-11-26,45,3.34,Madrid,2018-01-17,False,True
16134982,Entire home/apt,790.0,True,19,25,42,317,97,2016-12-03,2019-08-08,72,2.23,Madrid,2019-08-12,False,True
16140518,Entire home/apt,450.0,True,3,15,40,313,95,2016-12-15,2018-09-28,105,4.89,Malaga,2018-09-29,False,True
16146904,Entire home/apt,520.0,True,12,12,12,250,96,2016-12-05,2020-02-28,109,2.44,Madrid,2020-08-25,False,True
16151975,Entire home/apt,1500.0,True,0,0,0,0,98,2017-01-01,2018-12-09,13,0.48,Madrid,2019-04-11,False,True
16152053,Entire home/apt,1350.0,True,27,57,81,356,95,2017-09-06,2020-03-15,4,0.1,Mallorca,2021-02-11,False,True
16157618,Private room,300.0,True,2,28,45,284,94,2017-01-15,2017-09-05,40,4.59,Barcelona,2017-10-07,False,True
16162015,Entire home/apt,400.0,True,13,43,71,340,91,2016-12-29,2020-03-08,134,3.44,Malaga,2020-03-26,False,True
16166606,Entire home/apt,900.0,False,0,0,0,0,,,,0,,Barcelona,2017-01-04,False,
16169111,Private room,550.0,True,0,0,0,162,85,2017-03-02,2017-10-06,16,0.47,Barcelona,2020-01-10,False,True
16169145,Private room,390.0,True,7,11,11,11,99,2017-01-01,2018-09-24,41,1.93,Barcelona,2018-10-10,False,True
16172109,Entire home/apt,1200.0,True,10,22,33,69,99,2016-12-11,2019-11-25,293,8.22,Sevilla,2019-11-29,False,True
16174382,Private room,400.0,True,0,0,0,0,80,2017-06-15,2017-06-15,1,0.06,Madrid,2018-11-07,False,True
16175481,Entire home/apt,710.0,True,30,43,55,305,95,2017-05-01,2020-02-09,33,0.92,Menorca,2020-04-30,False,True
16175763,Entire home/apt,2500.0,True,30,60,90,180,87,2017-07-23,2018-08-15,6,0.37,Girona,2018-11-26,False,True
16188387,Entire home/apt,1820.0,True,25,39,51,147,100,2017-07-07,2019-10-05,10,0.31,Mallorca,2020-03-22,False,True
16195361,Entire home/apt,420.0,True,8,38,68,332,92,2017-01-20,2019-08-22,83,2.57,Mallorca,2019-09-28,False,True
16197554,Entire home/apt,600.0,True,23,36,36,36,78,2016-12-28,2019-07-08,19,0.59,Girona,2019-08-31,False,False
16198382,Entire home/apt,1080.0,True,26,56,74,195,96,2016-09-15,2020-01-02,5,0.12,Mallorca,2020-03-22,False,True
16198827,Shared room,600.0,True,29,59,89,364,,,,0,,Madrid,2018-09-11,False,
16204424,Entire home/apt,1210.0,True,0,0,0,0,94,2016-12-11,2017-11-26,25,0.81,Madrid,2019-07-10,False,True
16205517,Shared room,470.0,True,0,1,16,291,,2017-06-05,2017-06-19,1,0.05,Mallorca,2018-12-18,False,
16209983,Entire home/apt,1350.0,True,5,29,53,317,100,2017-01-02,2017-02-12,2,0.22,Barcelona,2017-10-07,False,True
16218327,Private room,280.0,False,19,47,77,167,80,2017-01-03,2017-01-03,1,0.49,Barcelona,2017-03-06,False,True
16219907,Entire home/apt,800.0,False,20,20,22,23,100,2017-01-02,2017-02-03,2,1.6,Barcelona,2017-02-09,False,True
16223030,Shared room,550.0,False,10,14,14,75,100,2017-01-16,2017-01-16,1,0.62,Madrid,2017-03-06,False,True
16223789,Entire home/apt,800.0,True,28,41,71,346,99,2016-12-31,2019-04-21,21,0.7,Girona,2019-06-30,False,True
16226623,Entire home/apt,1000.0,True,20,34,34,34,92,2016-12-10,2018-11-03,84,3.66,Madrid,2018-11-07,False,True
16227372,Entire home/apt,470.0,True,20,50,80,86,91,2016-12-28,2018-08-05,77,3.86,Sevilla,2018-08-27,False,True
16234816,Entire home/apt,600.0,False,4,16,30,57,60,2017-01-02,2017-01-02,1,0.24,Barcelona,2017-05-07,False,False
16235230,Entire home/apt,1000.0,True,28,58,88,88,,,,0,,Barcelona,2018-02-07,False,
16249248,Entire home/apt,2070.0,True,0,5,28,262,,,,0,,Mallorca,2018-08-21,False,
16251546,Entire home/apt,1490.0,True,17,46,50,234,96,2017-03-21,2019-12-31,20,0.51,Sevilla,2020-06-29,False,True
16253836,Entire home/apt,2400.0,True,0,0,27,178,97,2017-04-07,2018-10-17,13,0.6,Mallorca,2019-01-28,False,True
16255146,Private room,130.0,True,0,24,39,296,100,2017-03-10,2019-11-02,7,0.17,Barcelona,2020-07-17,False,True
16257364,Private room,380.0,True,21,51,81,192,93,2016-12-10,2018-04-17,82,4.79,Barcelona,2018-05-14,False,True
16257567,Entire home/apt,550.0,True,0,0,0,0,95,2017-06-07,2020-07-31,21,0.48,Menorca,2021-01-31,False,True
16260857,Private room,600.0,True,0,0,7,282,,,,0,,Madrid,2018-10-10,False,
16262996,Private room,350.0,False,27,54,84,85,,,,0,,Barcelona,2017-01-04,False,
16264662,Entire home/apt,600.0,False,0,0,0,36,,,,0,,Barcelona,2017-02-09,False,
16270398,Private room,150.0,True,0,0,0,0,,,,0,,Barcelona,2017-12-09,False,
16270556,Entire home/apt,500.0,True,19,43,71,173,100,2017-01-29,2017-01-29,1,0.05,Sevilla,2018-11-22,False,True
16272738,Private room,760.0,False,27,55,85,360,100,2017-01-02,2017-01-02,1,15.2,Barcelona,2017-01-04,False,True
16277379,Entire home/apt,650.0,True,0,0,0,0,91,2017-04-25,2017-11-03,9,0.76,Girona,2018-04-21,False,True
16278781,Entire home/apt,4000.0,True,23,44,74,330,98,2017-01-01,2017-11-12,50,4.81,Barcelona,2017-11-13,False,True
16280942,Shared room,350.0,True,28,58,88,88,,,,0,,Barcelona,2018-04-12,False,
16281857,Entire home/apt,1300.0,True,27,49,79,282,,2018-06-16,2018-06-16,1,0.12,Girona,2019-02-19,False,
16281922,Entire home/apt,3870.0,True,29,59,89,364,,,,0,,Madrid,2018-05-14,False,
16287474,Entire home/apt,650.0,True,22,35,59,133,88,2017-01-05,2018-12-07,45,1.73,Madrid,2019-03-08,False,True
16292600,Entire home/apt,1950.0,True,18,34,47,299,100,2017-01-03,2020-01-31,104,2.78,Barcelona,2020-02-16,False,True
16293013,Private room,300.0,False,1,4,7,263,91,2016-12-30,2017-05-20,13,2.52,Barcelona,2017-06-05,False,True
16293345,Entire home/apt,1250.0,True,8,13,15,81,100,2017-04-17,2019-10-07,6,0.16,Mallorca,2020-06-25,False,True
16293407,Entire home/apt,1040.0,True,30,60,90,300,96,2017-01-02,2018-10-13,24,1.05,Girona,2018-11-26,False,True
16295854,Entire home/apt,400.0,True,27,57,67,67,94,2016-12-23,2020-03-09,245,6.28,Sevilla,2020-03-23,False,True
16305644,Private room,140.0,True,0,0,0,0,96,2016-12-12,2017-01-01,5,0.14,Madrid,2020-01-10,False,True
16306813,Private room,230.0,True,9,39,69,344,,,,0,,Barcelona,2019-11-09,False,
16307967,Private room,520.0,True,30,60,90,365,,,,0,,Barcelona,2017-10-07,False,
16308005,Private room,160.0,True,0,0,0,98,,,,0,,Barcelona,2020-11-06,False,
16309168,Private room,310.0,True,16,16,16,16,95,2017-02-27,2018-05-29,34,1.94,Madrid,2018-08-14,False,True
16309972,Entire home/apt,3120.0,True,17,30,59,294,92,2017-06-12,2018-04-15,5,0.49,Mallorca,2018-04-18,False,True
16317623,Private room,550.0,False,30,60,90,180,,,,0,,Barcelona,2017-04-08,False,
16319498,Entire home/apt,900.0,True,7,29,59,327,92,2017-02-01,2018-08-16,49,2.59,Girona,2018-08-30,False,True
16327359,Entire home/apt,1570.0,True,3,4,4,150,97,2017-06-30,2019-08-25,6,0.22,Mallorca,2019-09-28,False,True
16327406,Entire home/apt,2060.0,True,0,0,0,216,100,2017-08-28,2018-07-12,3,0.19,Mallorca,2018-12-18,False,True
16341822,Entire home/apt,550.0,True,27,57,87,362,100,2017-03-29,2017-03-29,1,0.05,Girona,2018-11-26,False,True
16342252,Private room,800.0,True,19,39,64,339,,,,0,,Madrid,2018-07-10,False,
16342266,Entire home/apt,1000.0,True,1,15,30,50,96,2016-12-29,2019-10-12,138,4.11,Madrid,2019-10-16,False,True
16358569,Entire home/apt,580.0,False,29,59,89,364,87,2017-01-02,2017-02-27,3,1.45,Madrid,2017-03-06,False,True
16359822,Private room,230.0,True,22,52,82,172,95,2017-05-22,2020-09-19,101,2.43,Barcelona,2020-11-06,False,True
16370266,Entire home/apt,2650.0,True,30,60,90,306,90,2018-05-24,2020-06-14,2,0.06,Mallorca,2021-01-16,False,True
16371639,Entire home/apt,1150.0,True,19,42,63,210,85,2017-01-01,2019-07-08,19,0.59,Girona,2019-08-31,False,True
16372552,Private room,300.0,False,4,23,53,82,91,2017-02-11,2017-05-31,14,3.73,Barcelona,2017-06-05,False,True
16373692,Entire home/apt,3300.0,True,9,28,28,79,100,2017-04-18,2017-04-18,1,0.08,Girona,2018-04-21,False,True
16374861,Private room,290.0,True,19,30,51,306,91,2016-12-15,2018-01-15,98,7.11,Barcelona,2018-02-07,False,True
16375266,Entire home/apt,490.0,True,19,49,77,352,81,2016-12-30,2019-09-21,90,2.68,Madrid,2019-10-16,False,True
16376940,Entire home/apt,1200.0,True,30,60,90,365,84,2017-07-23,2019-07-17,5,0.18,Mallorca,2019-11-28,False,True
16377991,Private room,650.0,True,0,0,0,0,80,2017-01-01,2017-01-01,1,0.05,Barcelona,2018-08-14,False,True
16378030,Entire home/apt,1170.0,True,0,1,1,190,,,,0,,Girona,2018-10-20,False,
16378122,Entire home/apt,1740.0,True,0,0,0,165,,,,0,,Girona,2019-09-30,False,
16378218,Entire home/apt,940.0,True,18,18,18,152,,,,0,,Girona,2018-09-28,False,
16378837,Entire home/apt,1910.0,True,8,8,9,240,,,,0,,Mallorca,2019-05-27,False,
16378846,Entire home/apt,2190.0,True,5,26,42,130,100,2017-05-07,2018-11-19,9,0.42,Mallorca,2019-02-17,False,True
16378854,Entire home/apt,2400.0,True,0,23,53,324,95,2018-03-19,2019-07-17,4,0.23,Mallorca,2019-08-31,False,True
16378860,Entire home/apt,940.0,True,3,10,25,300,93,2017-12-10,2018-05-09,3,0.17,Mallorca,2019-05-27,False,True
16379479,Entire home/apt,1130.0,True,4,4,4,108,,,,0,,Girona,2018-08-30,False,
16379648,Entire home/apt,1280.0,True,0,0,0,116,,,,0,,Girona,2019-02-19,False,
16379658,Entire home/apt,3020.0,True,0,0,0,169,,,,0,,Girona,2019-11-30,False,
16379671,Entire home/apt,2960.0,True,27,38,55,114,100,2019-08-01,2019-08-01,1,0.1,Girona,2020-05-28,False,True
16379772,Entire home/apt,2030.0,True,26,35,35,184,100,2017-04-16,2017-04-16,1,0.04,Girona,2019-08-31,False,True
16382690,Entire home/apt,2070.0,True,0,0,0,140,,,,0,,Girona,2018-10-20,False,
16384978,Entire home/apt,680.0,True,5,13,33,83,88,2017-07-18,2018-07-29,25,1.94,Barcelona,2018-08-14,False,True
16385521,Entire home/apt,1050.0,True,14,44,74,349,95,2017-01-01,2018-07-30,67,3.54,Girona,2018-07-31,False,True
16385573,Private room,610.0,True,0,11,41,41,,,,0,,Barcelona,2019-03-08,False,
16386018,Entire home/apt,550.0,True,23,44,74,349,94,2017-01-15,2018-10-23,32,1.47,Madrid,2018-11-07,False,True
16386147,Entire home/apt,470.0,True,0,0,23,165,90,2017-03-08,2018-08-13,3,0.13,Girona,2019-02-19,False,True
16386156,Entire home/apt,1330.0,True,0,0,6,155,,,,0,,Girona,2020-01-31,False,
16386158,Entire home/apt,410.0,True,27,50,59,131,,,,0,,Girona,2019-04-29,False,
16387159,Entire home/apt,730.0,True,0,23,53,328,,,,0,,Barcelona,2019-02-06,False,
16388095,Private room,290.0,False,18,48,78,168,80,2017-01-01,2017-01-01,1,0.48,Barcelona,2017-03-06,False,True
16389496,Entire home/apt,1200.0,False,0,1,25,25,,,,0,,Barcelona,2017-06-05,False,
16393729,Entire home/apt,400.0,True,0,0,0,54,79,2016-12-21,2020-03-12,292,6.52,Madrid,2020-09-13,False,False
16398488,Entire home/apt,690.0,True,3,3,3,3,93,2017-01-13,2019-06-24,14,0.43,Girona,2019-09-30,False,True
16402214,Entire home/apt,700.0,True,5,8,15,182,98,2017-01-03,2018-11-17,42,1.86,Sevilla,2018-11-22,False,True
16409948,Entire home/apt,1800.0,True,16,42,72,342,91,2017-01-07,2019-09-19,100,2.96,Malaga,2019-10-31,False,True
16410095,Entire home/apt,800.0,True,17,17,17,17,96,2017-05-28,2018-06-25,15,1.06,Girona,2018-07-31,False,True
16411691,Entire home/apt,990.0,True,28,45,68,196,95,2017-05-31,2019-06-30,4,0.11,Mallorca,2020-04-23,False,True
16419818,Entire home/apt,700.0,True,24,54,84,339,97,2017-04-17,2018-12-08,38,1.92,Madrid,2018-12-10,False,True
16424380,Entire home/apt,1200.0,True,17,36,66,335,93,2018-06-25,2019-06-22,12,0.84,Mallorca,2019-08-31,False,True
16425293,Entire home/apt,350.0,True,16,46,72,72,100,2017-03-11,2018-02-28,2,0.1,Barcelona,2018-11-07,False,True
16433232,Entire home/apt,650.0,True,10,26,53,295,94,2017-03-05,2018-06-03,9,0.36,Sevilla,2019-03-28,False,True
16449303,Entire home/apt,1000.0,True,5,5,5,39,98,2017-06-05,2019-01-02,9,0.37,Madrid,2019-06-07,False,True
16449615,Entire home/apt,520.0,True,28,30,30,33,91,2017-01-03,2020-08-07,23,0.49,Sevilla,2020-11-30,False,True
16457960,Entire home/apt,490.0,True,0,0,29,161,95,2017-02-07,2019-06-08,5,0.17,Girona,2019-07-29,False,True
16471188,Entire home/apt,750.0,False,0,7,15,160,100,2017-03-02,2017-03-02,1,0.82,Barcelona,2017-04-08,False,True
16476561,Entire home/apt,740.0,True,0,0,0,0,95,2017-02-19,2018-06-26,54,2.96,Sevilla,2018-08-27,False,True
16478119,Private room,400.0,True,2,32,62,337,86,2016-12-29,2018-09-19,22,0.94,Barcelona,2018-12-10,False,True
16478602,Entire home/apt,540.0,True,5,8,12,29,95,2017-01-08,2019-12-29,98,2.6,Sevilla,2020-02-29,False,True
16483920,Entire home/apt,950.0,True,3,17,42,310,90,2016-12-30,2017-08-22,29,3.44,Barcelona,2017-09-12,False,True
16486504,Entire home/apt,1500.0,True,12,20,45,315,100,2018-06-17,2018-06-17,1,0.08,Barcelona,2019-07-10,False,True
16486879,Entire home/apt,1500.0,True,11,36,66,336,,,,0,,Barcelona,2019-07-10,False,
16501647,Entire home/apt,600.0,True,10,24,42,254,100,2017-03-19,2017-03-19,1,0.04,Valencia,2019-05-31,False,True
16504514,Entire home/apt,700.0,True,30,60,90,365,90,2017-01-03,2020-08-24,78,1.75,Mallorca,2020-09-19,False,True
16517267,Private room,330.0,True,0,0,0,226,80,2017-01-14,2020-03-19,17,0.42,Madrid,2020-05-14,False,True
16517420,Entire home/apt,840.0,True,0,0,7,282,100,2017-04-16,2017-04-30,2,0.11,Madrid,2018-10-10,False,True
16517564,Private room,3640.0,True,30,60,90,180,80,2017-07-16,2017-07-16,1,0.03,Barcelona,2020-09-12,False,True
16523911,Private room,1720.0,True,0,0,0,0,100,2017-02-28,2017-02-28,1,0.16,Barcelona,2017-09-12,False,True
16525141,Private room,260.0,True,4,34,49,49,90,2017-01-12,2017-04-03,10,0.33,Madrid,2019-07-10,False,True
16531978,Entire home/apt,1430.0,True,30,60,90,365,80,2017-07-23,2020-08-16,3,0.08,Girona,2020-10-28,False,True
16534850,Private room,320.0,True,6,26,56,319,88,2017-01-01,2018-04-01,5,0.33,Barcelona,2018-04-12,False,True
16537660,Entire home/apt,750.0,True,15,21,32,233,100,2017-10-07,2019-02-03,5,0.28,Mallorca,2019-03-25,False,True
16539985,Entire home/apt,1150.0,True,27,57,87,362,100,2018-08-04,2019-08-09,3,0.2,Girona,2019-10-30,False,True
16541989,Entire home/apt,,True,2,2,10,278,,,,0,,Mallorca,2019-12-31,True,
16543166,Entire home/apt,780.0,True,16,41,67,342,98,2017-01-31,2018-06-21,74,4.28,Madrid,2018-07-10,False,True
16553196,Entire home/apt,810.0,True,29,40,40,40,90,2019-07-08,2019-07-28,2,1.13,Girona,2019-08-31,False,True
16553213,Entire home/apt,1250.0,True,0,0,0,0,80,2017-05-28,2017-05-28,1,0.03,Girona,2020-01-31,False,True
16580978,Entire home/apt,4450.0,True,27,57,76,301,100,2017-08-19,2018-07-23,6,0.31,Mallorca,2019-03-25,False,True
16585730,Private room,280.0,True,0,0,0,0,,,,0,,Madrid,2019-07-10,False,
16585792,Entire home/apt,1600.0,True,0,0,0,0,88,2017-01-22,2019-03-02,17,0.65,Girona,2019-03-30,False,True
16591958,Entire home/apt,520.0,True,0,0,0,133,80,2018-03-29,2018-03-29,1,0.07,Barcelona,2019-05-14,False,True
16592467,Entire home/apt,700.0,True,30,57,87,362,95,2017-01-22,2020-01-04,24,0.62,Madrid,2020-04-17,False,True
16592689,Entire home/apt,990.0,True,2,19,43,318,80,2017-05-15,2018-05-14,3,0.21,Mallorca,2018-07-29,False,True
16593615,Private room,700.0,True,29,59,89,89,96,2017-07-21,2019-02-13,61,2.01,Mallorca,2020-01-29,False,True
16597911,Private room,300.0,True,0,0,0,9,92,2017-09-09,2018-11-01,10,0.36,Madrid,2020-01-10,False,True
16599421,Entire home/apt,660.0,True,3,33,63,203,80,2017-08-18,2018-08-23,4,0.25,Mallorca,2018-12-18,False,True
16605017,Entire home/apt,490.0,True,14,21,21,21,87,2017-04-07,2020-01-04,6,0.17,Girona,2020-03-26,False,True
16608404,Entire home/apt,1700.0,True,29,59,89,364,100,2018-01-03,2018-11-04,3,0.11,Girona,2020-04-30,False,True
16612772,Entire home/apt,650.0,True,23,51,71,189,95,2017-05-25,2019-01-01,38,1.82,Girona,2019-02-19,False,True
16623742,Private room,210.0,True,17,28,58,319,90,2017-01-15,2017-10-29,21,2.11,Barcelona,2017-11-13,False,True
16624083,Entire home/apt,4500.0,True,29,59,89,179,60,2018-08-10,2018-08-10,1,0.07,Mallorca,2019-09-28,False,False
16642497,Private room,210.0,False,0,4,34,309,,,,0,,Barcelona,2017-03-06,False,
16648902,Entire home/apt,520.0,True,30,54,77,107,81,2015-04-21,2018-09-17,15,0.31,Girona,2019-04-29,False,True
16668351,Private room,350.0,True,13,29,53,328,89,2017-07-05,2019-05-23,185,8.1,Malaga,2019-05-30,False,True
16672021,Entire home/apt,1100.0,False,3,4,8,267,100,2017-03-12,2017-03-12,1,0.26,Barcelona,2017-07-06,False,True
16682187,Entire home/apt,800.0,True,4,11,25,281,97,2017-04-24,2019-07-01,42,1.55,Mallorca,2019-07-25,False,True
16682425,Entire home/apt,2370.0,True,1,1,17,20,95,2017-08-12,2019-08-24,8,0.23,Girona,2020-06-29,False,True
16682746,Entire home/apt,3180.0,True,0,0,21,217,100,2017-07-12,2020-08-22,4,0.09,Mallorca,2021-01-16,False,True
16685111,Entire home/apt,670.0,True,23,32,61,336,93,2017-09-22,2019-08-31,6,0.18,Girona,2020-06-29,False,True
16685927,Entire home/apt,980.0,True,29,51,79,351,88,2017-01-16,2018-12-13,34,1.42,Barcelona,2019-01-14,False,True
16687083,Entire home/apt,960.0,True,13,16,37,77,98,2017-03-17,2019-03-24,59,2.41,Malaga,2019-03-31,False,True
16688770,Private room,220.0,True,10,40,70,330,85,2017-02-05,2020-10-31,17,0.38,Barcelona,2020-11-06,False,True
16690587,Private room,630.0,True,28,58,88,88,100,2017-04-16,2019-07-08,23,0.5,Barcelona,2021-02-09,False,True
16697355,Private room,800.0,True,30,57,86,361,,,,0,,Barcelona,2017-10-07,False,
16697440,Entire home/apt,280.0,True,0,1,22,112,91,2017-02-17,2020-10-14,92,2.07,Malaga,2020-10-30,False,True
16700580,Entire home/apt,500.0,True,2,13,24,292,97,2017-01-23,2018-08-31,14,0.71,Madrid,2018-09-11,False,True
16700592,Entire home/apt,610.0,True,5,19,49,287,97,2017-04-09,2018-02-27,7,0.42,Malaga,2018-08-29,False,True
16701270,Entire home/apt,550.0,True,15,33,59,312,91,2018-09-19,2019-09-23,14,0.81,Malaga,2020-02-29,False,True
16702659,Entire home/apt,750.0,True,30,60,90,91,92,2017-02-05,2020-02-09,55,1.33,Madrid,2020-07-17,False,True
16704193,Entire home/apt,1400.0,True,30,60,87,358,98,2017-01-20,2020-03-14,142,3.58,Barcelona,2020-05-11,False,True
16718567,Entire home/apt,650.0,True,0,0,0,118,95,2017-02-12,2018-09-22,14,0.65,Girona,2018-11-26,False,True
16718731,Entire home/apt,1750.0,True,20,41,68,339,100,2017-07-31,2019-08-22,3,0.12,Girona,2019-09-30,False,True
16719324,Entire home/apt,1740.0,True,13,30,60,106,93,2017-02-01,2018-08-12,95,4.92,Madrid,2018-09-11,False,True
16721576,Private room,140.0,True,0,5,35,127,89,2017-04-09,2018-09-22,23,1.21,Madrid,2018-11-07,False,True
16732821,Entire home/apt,3870.0,True,24,39,57,169,93,2017-02-02,2020-02-12,85,2.27,Barcelona,2020-03-16,False,True
16733143,Private room,420.0,True,0,11,41,132,89,2017-03-19,2017-10-15,28,3.56,Barcelona,2017-11-13,False,True
16734934,Entire home/apt,800.0,True,0,0,0,0,100,2017-04-10,2019-03-05,9,0.28,Madrid,2019-12-10,False,True
16736243,Private room,650.0,True,15,45,75,350,100,2017-08-16,2018-03-01,2,0.25,Barcelona,2018-04-12,False,True
16737061,Private room,500.0,False,4,31,32,306,98,2017-02-27,2017-05-27,13,4.03,Barcelona,2017-06-05,False,True
16740624,Private room,350.0,False,24,54,84,84,93,2017-01-21,2017-03-16,7,2.76,Madrid,2017-04-08,False,True
16743154,Hotel room,1580.0,True,30,60,90,365,100,2017-03-19,2017-03-19,1,0.02,Mallorca,2021-01-16,False,True
16744055,Entire home/apt,1750.0,True,12,42,72,248,99,2017-07-02,2018-10-06,14,0.67,Mallorca,2019-03-25,False,True
16745070,Entire home/apt,490.0,True,28,58,88,363,82,2017-03-29,2020-07-26,10,0.21,Girona,2021-02-27,False,True
16748294,Private room,650.0,True,28,58,88,179,99,2017-02-13,2020-01-02,31,0.7,Barcelona,2020-10-12,False,True
16749058,Entire home/apt,1740.0,True,30,60,90,365,95,2017-01-15,2020-07-27,111,2.43,Barcelona,2020-11-06,False,True
16750931,Private room,550.0,True,22,30,30,30,96,2017-02-27,2017-12-10,41,3.85,Barcelona,2018-01-17,False,True
16762460,Private room,300.0,True,0,0,10,10,95,2017-01-24,2020-08-20,231,4.75,Barcelona,2021-02-09,False,True
16762820,Entire home/apt,850.0,True,18,39,66,97,87,2017-04-14,2017-09-09,3,0.13,Girona,2019-03-30,False,True
16772799,Entire home/apt,390.0,True,0,0,0,0,85,2017-01-31,2020-08-24,108,2.39,Barcelona,2020-11-06,False,True
16777078,Entire home/apt,1900.0,True,29,59,73,317,100,2017-06-29,2017-06-29,1,0.1,Menorca,2018-04-21,False,True
16777722,Entire home/apt,900.0,True,9,39,69,344,91,2017-02-05,2019-04-22,44,1.48,Girona,2019-07-29,False,True
16780502,Entire home/apt,1500.0,True,29,56,86,357,83,2017-03-20,2019-08-25,6,0.18,Valencia,2019-12-31,False,True
16789407,Private room,200.0,True,0,0,0,0,98,2017-01-28,2020-02-18,19,0.41,Barcelona,2020-12-16,False,True
16794153,Private room,1000.0,True,30,60,90,180,80,2017-03-03,2017-03-03,1,0.06,Barcelona,2018-08-14,False,True
16800800,Entire home/apt,4500.0,True,14,23,27,112,96,2017-06-19,2019-06-29,10,0.31,Mallorca,2020-02-29,False,True
16802462,Entire home/apt,380.0,True,0,0,15,290,80,2017-06-04,2018-08-13,5,0.31,Barcelona,2018-10-10,False,True
16802536,Entire home/apt,290.0,True,3,8,10,260,96,2017-02-13,2019-07-26,155,5.25,Valencia,2019-07-31,False,True
16805125,Private room,700.0,True,0,0,0,0,73,2017-03-01,2017-07-01,3,0.09,Barcelona,2019-12-10,False,False
16806770,Entire home/apt,1200.0,True,3,6,9,182,,,,0,,Barcelona,2018-10-10,False,
16812225,Private room,300.0,True,15,45,75,75,80,2017-02-08,2017-05-31,2,0.06,Barcelona,2020-02-16,False,True
16812583,Private room,250.0,True,30,60,90,90,83,2017-01-30,2017-04-15,7,0.33,Barcelona,2018-11-07,False,True
16819376,Entire home/apt,1090.0,False,0,0,4,4,90,2017-02-27,2017-05-21,10,3.1,Barcelona,2017-06-05,False,True
16819622,Private room,330.0,True,26,56,86,361,,,,0,,Barcelona,2017-10-07,False,
16842452,Entire home/apt,850.0,True,0,0,0,43,93,2017-08-02,2019-08-27,3,0.07,Mallorca,2021-02-11,False,True
16852329,Private room,500.0,True,25,34,40,40,97,2017-03-12,2017-10-22,18,2.22,Barcelona,2017-11-13,False,True
16852622,Entire home/apt,1750.0,True,29,59,89,338,100,2017-08-30,2018-04-08,2,0.11,Mallorca,2019-02-17,False,True
16856445,Entire home/apt,990.0,True,0,13,43,52,90,2017-01-20,2020-03-08,159,3.54,Madrid,2020-10-17,False,True
16864960,Entire home/apt,2500.0,True,30,41,64,339,99,2017-02-17,2019-09-17,36,0.92,Mallorca,2020-05-28,False,True
16865230,Entire home/apt,740.0,True,6,15,30,282,100,2017-04-29,2018-10-09,11,0.6,Madrid,2018-11-07,False,True
16866028,Entire home/apt,1580.0,False,9,18,46,46,89,2017-02-12,2017-05-28,18,4.84,Barcelona,2017-06-05,False,True
16867177,Entire home/apt,700.0,True,29,59,89,349,,2018-10-19,2018-10-19,1,0.05,Girona,2020-04-30,False,
16868660,Private room,190.0,True,0,0,0,0,60,2017-01-31,2017-01-31,1,0.04,Madrid,2018-12-10,False,False
16869002,Entire home/apt,1930.0,True,13,29,50,311,91,2017-02-26,2018-11-26,21,0.9,Barcelona,2019-02-06,False,True
16869344,Private room,850.0,True,17,45,74,74,,,,0,,Valencia,2019-11-30,False,
16872328,Entire home/apt,1200.0,True,20,46,71,72,97,2017-01-30,2019-05-10,77,2.73,Madrid,2019-06-07,False,True
16875193,Entire home/apt,850.0,True,3,27,57,332,98,2017-03-02,2019-07-15,23,0.75,Madrid,2019-09-19,False,True
16875716,Entire home/apt,2300.0,True,29,59,89,351,92,2017-06-20,2019-08-10,15,0.57,Menorca,2019-09-01,False,True
16876467,Entire home/apt,4500.0,True,0,9,23,179,100,2017-05-01,2019-08-24,18,0.6,Girona,2019-10-30,False,True
16880095,Entire home/apt,,True,30,60,90,365,,,,0,,Barcelona,2018-02-07,True,
16882733,Entire home/apt,490.0,False,4,5,8,210,86,2017-01-27,2017-03-05,10,8.0,Barcelona,2017-03-06,False,True
16891365,Entire home/apt,500.0,True,9,9,39,239,100,2017-03-04,2018-11-17,6,0.2,Barcelona,2019-09-17,False,True
16891845,Private room,250.0,True,23,51,77,352,95,2017-02-17,2018-01-31,30,2.57,Barcelona,2018-02-07,False,True
16894142,Entire home/apt,3500.0,True,30,60,90,365,68,2017-04-10,2018-08-09,5,0.12,Mallorca,2020-09-19,False,False
16907802,Entire home/apt,800.0,True,21,29,41,278,95,2017-04-12,2018-03-25,8,0.66,Mallorca,2018-04-18,False,True
16908827,Entire home/apt,370.0,False,3,14,30,31,85,2017-02-13,2017-04-02,11,6.19,Madrid,2017-04-08,False,True
16909943,Entire home/apt,800.0,True,8,15,34,289,98,2017-02-11,2018-07-16,32,1.82,Sevilla,2018-07-31,False,True
16919949,Private room,340.0,True,0,0,0,0,,,,0,,Barcelona,2019-10-16,False,
16922240,Entire home/apt,1200.0,True,19,36,62,267,94,2017-03-03,2020-02-20,106,2.79,Sevilla,2020-04-30,False,True
16923644,Private room,290.0,True,9,39,69,122,97,2017-02-04,2018-07-30,24,1.08,Barcelona,2018-12-10,False,True
16928256,Entire home/apt,650.0,True,27,57,87,362,96,2017-03-21,2019-12-24,5,0.12,Barcelona,2020-09-12,False,True
16930276,Private room,800.0,True,0,0,0,0,100,2017-02-19,2018-04-01,4,0.12,Sevilla,2019-11-29,False,True
16939915,Private room,650.0,True,29,59,89,89,96,2017-03-03,2017-09-23,9,0.47,Barcelona,2018-10-10,False,True
16940499,Entire home/apt,340.0,True,11,34,64,74,66,2017-03-12,2018-06-10,22,1.18,Girona,2018-09-28,False,False
16943785,Private room,350.0,True,15,45,75,350,96,2017-03-06,2020-03-01,27,0.69,Madrid,2020-06-13,False,True
16957961,Entire home/apt,730.0,True,9,39,69,127,,,,0,,Girona,2018-04-21,False,
16958003,Entire home/apt,2180.0,True,3,32,62,337,,,,0,,Girona,2019-10-30,False,
16958009,Entire home/apt,2310.0,True,0,0,0,0,80,2018-09-03,2018-09-03,1,0.65,Girona,2018-10-20,False,True
16958014,Entire home/apt,1110.0,True,0,0,15,84,,,,0,,Girona,2019-02-19,False,
16958016,Entire home/apt,1380.0,True,5,5,5,174,70,2018-05-07,2018-06-02,2,0.42,Girona,2018-09-28,False,False
16958043,Entire home/apt,940.0,True,19,20,20,20,,,,0,,Girona,2018-09-28,False,
16958105,Entire home/apt,1830.0,True,0,0,0,140,90,2018-05-13,2019-06-24,2,0.11,Girona,2019-10-30,False,True
16958734,Entire home/apt,1180.0,True,18,18,18,187,,,,0,,Girona,2018-09-28,False,
16960221,Entire home/apt,560.0,True,30,60,90,180,96,2017-03-19,2020-08-23,50,1.16,Valencia,2020-10-24,False,True
16960789,Private room,300.0,False,30,60,90,365,,,,0,,Barcelona,2017-03-06,False,
16970123,Entire home/apt,800.0,True,5,29,57,332,,,,0,,Girona,2018-07-31,False,
16986755,Private room,350.0,False,24,54,81,172,,,,0,,Barcelona,2017-05-07,False,
16991632,Entire home/apt,560.0,True,1,29,53,326,90,2017-02-19,2020-08-24,115,2.48,Sevilla,2020-12-31,False,True
16993980,Entire home/apt,2000.0,True,7,12,23,173,96,2017-02-05,2019-07-26,172,5.7,Madrid,2019-08-12,False,True
16995657,Private room,460.0,True,0,0,0,0,100,2017-02-18,2017-03-21,5,0.11,Barcelona,2020-10-12,False,True
17004170,Entire home/apt,1590.0,True,1,31,61,217,100,2017-07-26,2018-07-08,2,0.17,Mallorca,2018-07-29,False,True
17004187,Entire home/apt,1800.0,True,0,9,27,32,100,2018-06-10,2018-06-10,1,0.62,Mallorca,2018-07-29,False,True
17004198,Entire home/apt,1170.0,True,29,59,89,308,85,2017-08-16,2019-10-24,8,0.19,Mallorca,2021-01-16,False,True
17004203,Entire home/apt,2120.0,True,26,45,67,306,93,2017-07-01,2018-10-15,3,0.14,Mallorca,2019-04-24,False,True
17010950,Entire home/apt,1650.0,True,27,57,87,362,100,2017-07-16,2018-08-31,3,0.18,Girona,2018-11-26,False,True
17012028,Entire home/apt,800.0,True,0,0,0,38,100,2017-05-14,2018-10-21,14,0.52,Madrid,2019-08-12,False,True
17017717,Entire home/apt,1530.0,True,0,0,0,94,97,2017-03-19,2020-03-01,36,0.91,Valencia,2020-06-30,False,True
17019239,Entire home/apt,3190.0,True,0,0,0,0,100,2017-08-16,2019-07-15,17,0.42,Malaga,2020-12-30,False,True
17019876,Private room,550.0,True,2,10,26,46,91,2017-05-01,2019-03-28,66,2.83,Barcelona,2019-04-10,False,True
17020252,Entire home/apt,3000.0,False,4,11,41,42,,,,0,,Barcelona,2017-02-09,False,
17020361,Entire home/apt,1200.0,True,0,0,0,0,91,2017-04-03,2018-10-11,62,2.68,Madrid,2019-03-08,False,True
17026688,Entire home/apt,790.0,True,22,52,79,354,95,2017-02-12,2017-12-28,62,5.56,Madrid,2018-01-17,False,True
17027460,Entire home/apt,1500.0,True,30,60,90,313,95,2018-07-11,2019-07-19,4,0.24,Menorca,2019-11-30,False,True
17029088,Private room,350.0,True,0,0,0,1,89,2017-02-07,2020-01-29,110,2.95,Barcelona,2020-03-16,False,True
17030232,Entire home/apt,1100.0,True,30,58,81,348,94,2017-02-25,2020-03-07,134,3.55,Madrid,2020-04-17,False,True
17034411,Entire home/apt,480.0,True,0,0,27,186,83,2017-03-30,2018-09-09,14,0.58,Girona,2019-03-30,False,True
17039209,Entire home/apt,750.0,True,10,10,10,10,93,2016-02-25,2018-11-01,64,1.97,Barcelona,2018-11-07,False,True
17041460,Entire home/apt,750.0,True,6,20,33,306,97,2017-02-20,2018-07-29,100,5.78,Sevilla,2018-07-31,False,True
17042853,Private room,550.0,True,30,60,90,129,98,2017-03-02,2020-03-15,28,0.67,Barcelona,2020-08-24,False,True
17044186,Entire home/apt,450.0,True,21,37,66,341,88,2017-02-05,2018-10-26,148,7.03,Madrid,2018-11-07,False,True
17044810,Entire home/apt,720.0,True,5,10,16,187,85,2017-02-18,2018-11-11,8,0.34,Malaga,2019-01-30,False,True
17044953,Entire home/apt,750.0,False,5,16,43,311,,,,0,,Barcelona,2017-04-08,False,
17046209,Private room,200.0,True,17,31,34,276,97,2017-02-06,2019-09-25,66,2.08,Valencia,2019-09-30,False,True
17050677,Entire home/apt,440.0,True,0,0,9,72,96,2017-03-01,2018-11-18,55,2.63,Malaga,2018-11-27,False,True
17052654,Entire home/apt,1600.0,False,27,57,87,362,,,,0,,Barcelona,2017-05-07,False,
17070772,Entire home/apt,1300.0,True,17,38,55,314,98,2017-02-20,2019-12-29,130,3.75,Barcelona,2020-01-10,False,True
17071189,Entire home/apt,1440.0,True,30,60,90,180,93,2017-06-28,2018-08-31,8,0.48,Mallorca,2018-11-20,False,True
17071473,Private room,300.0,False,0,0,0,0,,,,0,,Barcelona,2017-05-07,False,
17072183,Entire home/apt,430.0,True,9,36,63,334,90,2017-02-12,2019-06-30,64,2.22,Madrid,2019-07-10,False,True
17081279,Entire home/apt,470.0,False,14,42,72,344,,,,0,,Barcelona,2017-02-09,False,
17082141,Entire home/apt,820.0,True,0,26,56,231,90,2017-04-14,2019-11-03,18,0.51,Girona,2020-03-26,False,True
17085278,Entire home/apt,1760.0,True,1,1,1,236,94,2017-05-08,2019-09-07,16,0.4,Mallorca,2020-08-28,False,True
17100681,Private room,150.0,False,0,0,0,0,,,,0,,Barcelona,2017-02-09,False,
17101095,Entire home/apt,960.0,True,0,0,0,0,97,2017-03-02,2020-03-11,135,2.91,Barcelona,2021-01-12,False,True
17102876,Private room,250.0,True,0,0,0,0,92,2017-02-17,2020-02-29,81,2.19,Barcelona,2020-03-16,False,True
17115488,Entire home/apt,950.0,True,28,58,88,363,90,2017-07-25,2020-07-17,8,0.19,Girona,2020-12-31,False,True
17117682,Private room,660.0,True,25,52,82,357,80,2017-02-25,2018-09-09,4,0.19,Girona,2018-11-26,False,True
17121543,Private room,960.0,True,5,8,12,255,93,2017-03-06,2018-06-03,71,4.69,Barcelona,2018-06-09,False,True
17121956,Entire home/apt,750.0,True,1,6,7,7,98,2017-04-02,2019-11-06,51,1.53,Madrid,2020-01-10,False,True
17122195,Private room,400.0,True,0,7,14,174,97,2017-02-27,2019-06-02,60,1.87,Sevilla,2019-10-30,False,True
17128640,Entire home/apt,3800.0,True,29,59,89,364,,,,0,,Mallorca,2019-05-27,False,
17132303,Private room,160.0,True,1,5,35,125,98,2017-03-31,2018-01-12,10,1.04,Madrid,2018-01-17,False,True
17137241,Entire home/apt,600.0,True,0,15,15,101,99,2017-04-24,2017-10-08,21,1.3,Menorca,2018-08-29,False,True
17137501,Entire home/apt,2500.0,False,23,53,83,84,,,,0,,Barcelona,2017-02-09,False,
17148426,Private room,350.0,False,22,44,70,329,,2017-02-28,2017-02-28,1,0.78,Barcelona,2017-04-08,False,
17149038,Entire home/apt,1200.0,True,0,0,0,180,,,,0,,Sevilla,2018-07-31,False,
17150114,Entire home/apt,500.0,True,23,53,77,349,98,2017-04-13,2018-09-24,36,1.97,Girona,2018-10-20,False,True
17152296,Entire home/apt,550.0,True,28,58,88,178,98,2017-02-12,2020-11-28,272,5.89,Madrid,2020-12-17,False,True
17152449,Private room,200.0,True,0,0,0,0,93,2017-02-27,2017-04-04,5,0.15,Madrid,2019-11-09,False,True
17154449,Entire home/apt,1700.0,True,13,40,70,336,90,2017-04-25,2017-08-14,5,1.09,Barcelona,2017-09-12,False,True
17165421,Entire home/apt,,True,0,5,35,275,98,2017-05-26,2017-09-17,8,0.19,Mallorca,2020-11-08,True,True
17166233,Entire home/apt,1200.0,True,0,19,35,55,,,,0,,Girona,2020-05-28,False,
17174195,Entire home/apt,650.0,True,24,54,73,335,90,2017-10-15,2020-01-05,25,0.85,Girona,2020-03-26,False,True
17176553,Entire home/apt,550.0,True,2,19,37,285,96,2017-04-17,2019-04-30,51,2.05,Madrid,2019-05-14,False,True
17181453,Entire home/apt,1200.0,True,30,60,90,365,70,2017-07-07,2018-07-22,2,0.15,Madrid,2018-08-14,False,False
17186218,Entire home/apt,700.0,True,3,24,54,268,100,2018-07-28,2018-07-28,1,0.04,Girona,2020-06-29,False,True
17186654,Private room,300.0,False,19,49,79,354,93,2017-02-19,2017-07-05,15,3.33,Barcelona,2017-07-06,False,True
17187522,Entire home/apt,750.0,True,29,59,89,364,92,2017-04-15,2019-08-29,18,0.59,Girona,2019-10-30,False,True
17207047,Entire home/apt,840.0,True,7,30,54,169,96,2017-02-19,2019-02-03,78,3.31,Madrid,2019-02-06,False,True
17209930,Private room,250.0,True,26,56,86,361,87,2017-02-16,2018-05-11,28,1.88,Barcelona,2018-05-14,False,True
17210787,Private room,130.0,True,0,0,0,139,,,,0,,Madrid,2020-03-17,False,
17210887,Entire home/apt,1200.0,True,5,5,29,214,100,2017-06-15,2017-06-15,1,0.03,Mallorca,2020-06-25,False,True
17211188,Entire home/apt,1000.0,True,9,26,49,131,100,2017-04-27,2018-04-01,8,0.69,Barcelona,2018-04-12,False,True
17211611,Entire home/apt,,True,29,59,89,364,,,,0,,Barcelona,2020-06-13,True,
17215884,Entire home/apt,600.0,True,26,26,26,63,100,2017-05-27,2020-10-25,14,0.34,Girona,2020-10-28,False,True
17216114,Entire home/apt,900.0,True,10,40,70,345,94,2017-04-17,2018-08-26,7,0.26,Girona,2019-07-29,False,True
17217455,Entire home/apt,2900.0,True,3,10,28,97,97,2017-03-19,2019-01-27,13,0.55,Madrid,2019-03-08,False,True
17218380,Entire home/apt,1430.0,True,27,43,56,56,84,2017-05-28,2018-08-11,5,0.3,Girona,2018-10-20,False,True
17218653,Private room,500.0,False,0,0,6,6,90,2017-02-28,2017-05-28,4,1.25,Barcelona,2017-06-05,False,True
17220124,Entire home/apt,1300.0,True,23,53,83,358,95,2017-06-26,2018-08-10,4,0.28,Girona,2018-08-30,False,True
17220445,Entire home/apt,1700.0,False,19,32,48,309,100,2017-02-19,2017-02-19,1,2.03,Madrid,2017-03-06,False,True
17227280,Private room,210.0,True,0,0,0,0,94,2017-03-04,2020-03-08,167,3.67,Barcelona,2020-12-16,False,True
17229168,Entire home/apt,2200.0,True,23,53,83,358,93,2019-04-27,2019-12-02,3,0.25,Valencia,2020-04-28,False,True
17229820,Private room,400.0,True,11,11,15,290,80,2017-04-04,2017-09-13,18,2.94,Barcelona,2017-10-07,False,True
17233378,Entire home/apt,3000.0,True,30,60,85,339,,,,0,,Girona,2018-04-21,False,
17235015,Entire home/apt,550.0,True,30,60,90,365,88,2017-05-26,2020-08-22,15,0.36,Girona,2020-10-28,False,True
17235126,Private room,380.0,True,0,0,0,0,80,2017-02-22,2020-03-01,5,0.13,Madrid,2020-04-17,False,True
17236336,Entire home/apt,,True,16,31,61,324,100,2017-06-03,2018-07-29,2,0.05,Mallorca,2020-06-25,True,True
17243123,Entire home/apt,2000.0,True,27,54,61,262,99,2017-06-29,2020-02-23,27,0.8,Mallorca,2020-04-23,False,True
17243915,Entire home/apt,3850.0,True,26,44,57,121,99,2017-03-09,2020-03-02,126,3.47,Madrid,2020-03-17,False,True
17245845,Entire home/apt,1240.0,False,30,57,87,361,,,,0,,Madrid,2017-03-06,False,
17249166,Entire home/apt,450.0,True,0,0,0,62,90,2017-08-08,2018-05-21,4,0.09,Girona,2021-02-27,False,True
17252208,Entire home/apt,3300.0,True,0,0,20,190,100,2019-08-17,2019-08-17,1,0.06,Mallorca,2021-01-16,False,True
17253043,Entire home/apt,,True,30,60,90,365,100,2017-07-22,2017-07-22,1,0.03,Mallorca,2020-11-08,True,True
17253251,Entire home/apt,800.0,False,0,0,0,0,,,,0,,Barcelona,2017-03-06,False,
17253398,Entire home/apt,690.0,True,28,58,88,298,88,2017-06-10,2018-08-28,16,0.81,Menorca,2019-01-30,False,True
17259098,Private room,190.0,False,29,59,89,364,100,2017-02-28,2017-02-28,1,5.07,Madrid,2017-03-06,False,True
17260689,Entire home/apt,1650.0,True,0,0,0,162,,,,0,,Mallorca,2019-12-31,False,
17260809,Private room,180.0,True,0,0,0,0,93,2017-02-20,2018-02-23,14,0.33,Barcelona,2020-09-12,False,True
17261361,Entire home/apt,940.0,True,4,5,5,11,95,2017-04-09,2018-09-21,89,4.93,Madrid,2018-10-10,False,True
17262735,Entire home/apt,680.0,True,3,23,50,312,98,2017-03-05,2019-09-14,201,6.58,Madrid,2019-09-19,False,True
17262816,Entire home/apt,590.0,True,30,60,90,194,96,2017-02-28,2020-03-16,209,5.55,Madrid,2020-04-17,False,True
17265057,Entire home/apt,1620.0,True,0,5,5,191,100,2017-07-27,2018-09-21,3,0.14,Mallorca,2019-05-27,False,True
17265710,Entire home/apt,600.0,True,29,59,89,179,96,2017-02-26,2020-10-12,153,3.2,Valencia,2021-02-20,False,True
17270978,Private room,350.0,True,0,0,0,0,100,2017-04-23,2017-04-23,1,0.03,Barcelona,2020-02-16,False,True
17275390,Entire home/apt,2200.0,True,0,0,0,10,,,,0,,Menorca,2020-02-29,False,
17276008,Entire home/apt,1350.0,True,18,38,59,291,93,2017-03-05,2017-03-27,3,0.09,Sevilla,2019-11-29,False,True
17279931,Private room,1850.0,False,0,0,19,19,,,,0,,Barcelona,2017-03-06,False,
17281949,Entire home/apt,2220.0,True,10,39,69,245,95,2017-03-06,2019-08-28,71,2.3,Malaga,2019-09-30,False,True
17283206,Entire home/apt,600.0,True,2,6,16,230,93,2017-02-20,2019-03-22,109,4.25,Madrid,2019-04-11,False,True
17290335,Entire home/apt,670.0,True,0,24,54,287,93,2018-11-23,2019-12-22,3,0.16,Sevilla,2020-05-30,False,True
17290371,Entire home/apt,800.0,True,30,60,90,295,97,2018-11-01,2020-08-13,7,0.25,Sevilla,2021-02-27,False,True
17290470,Entire home/apt,850.0,True,4,23,53,269,80,2017-09-22,2017-09-22,1,0.09,Sevilla,2018-08-27,False,True
17290698,Entire home/apt,2000.0,True,6,24,43,140,,,,0,,Sevilla,2019-05-29,False,
17290980,Private room,400.0,True,19,41,61,61,100,2017-02-27,2018-12-10,47,2.02,Madrid,2019-02-06,False,True
17296867,Entire home/apt,650.0,True,3,3,20,295,80,2018-02-08,2018-02-08,1,0.16,Barcelona,2018-08-14,False,True
17299186,Private room,330.0,True,16,16,16,234,68,2017-03-13,2017-09-03,25,3.65,Barcelona,2017-10-07,False,False
17300927,Private room,380.0,True,3,3,3,3,93,2017-03-01,2019-07-04,92,3.25,Barcelona,2019-07-10,False,True
17301253,Entire home/apt,2500.0,True,26,53,83,347,89,2017-03-02,2017-10-14,20,1.78,Barcelona,2018-02-07,False,True
17302337,Entire home/apt,600.0,False,25,49,70,323,,,,0,,Madrid,2017-03-06,False,
17305707,Private room,250.0,True,0,0,0,0,,,,0,,Mallorca,2019-09-28,False,
17314117,Entire home/apt,1400.0,False,13,43,73,139,,,,0,,Mallorca,2017-03-15,False,
17314782,Entire home/apt,600.0,True,8,12,17,146,95,2017-02-28,2019-03-26,110,4.15,Barcelona,2019-05-14,False,True
17315757,Entire home/apt,550.0,True,0,0,0,0,100,2017-08-12,2017-08-12,1,0.07,Mallorca,2018-11-20,False,True
17317755,Entire home/apt,1200.0,True,23,53,83,173,100,2018-07-08,2018-07-15,2,0.19,Mallorca,2019-05-27,False,True
17323567,Entire home/apt,1050.0,True,29,59,89,334,100,2017-06-23,2019-08-27,11,0.33,Mallorca,2020-03-22,False,True
17326005,Private room,800.0,True,30,58,58,58,98,2017-02-26,2019-10-10,42,1.29,Barcelona,2019-11-09,False,True
17336519,Entire home/apt,2400.0,True,26,56,66,299,90,2017-06-25,2017-07-21,2,0.2,Girona,2018-04-21,False,True
17337052,Entire home/apt,850.0,True,0,0,0,0,97,2017-02-21,2018-07-08,15,0.69,Madrid,2018-12-10,False,True
17339781,Entire home/apt,850.0,True,4,12,18,180,99,2017-03-10,2019-06-15,114,4.13,Mallorca,2019-06-27,False,True
17340053,Entire home/apt,3000.0,True,30,60,90,365,70,2018-06-30,2019-08-24,2,0.11,Girona,2019-12-31,False,False
17341376,Entire home/apt,550.0,True,0,6,17,292,92,2017-04-10,2020-03-28,130,3.36,Malaga,2020-06-30,False,True
17344825,Entire home/apt,420.0,True,7,37,67,67,95,2017-02-28,2020-10-29,103,2.32,Barcelona,2020-11-06,False,True
17350033,Entire home/apt,1200.0,True,0,0,0,205,85,2017-04-01,2018-10-26,8,0.41,Mallorca,2018-11-20,False,True
17351328,Private room,400.0,False,24,54,84,190,,,,0,,Barcelona,2017-03-06,False,
17351552,Entire home/apt,2750.0,True,0,0,0,0,100,2017-08-12,2018-10-29,10,0.55,Mallorca,2019-02-17,False,True
17351876,Entire home/apt,720.0,False,10,36,66,341,,,,0,,Barcelona,2017-08-06,False,
17351979,Entire home/apt,650.0,True,25,37,58,124,97,2017-03-05,2020-03-10,128,3.38,Valencia,2020-04-28,False,True
17355463,Entire home/apt,550.0,True,11,41,71,134,,,,0,,Girona,2018-07-31,False,
17355483,Entire home/apt,770.0,False,1,3,7,263,,,,0,,Barcelona,2017-04-08,False,
17361082,Entire home/apt,450.0,True,30,60,90,365,90,2018-04-01,2019-01-31,2,0.2,Barcelona,2019-02-06,False,True
17362109,Entire home/apt,1220.0,True,19,35,46,131,60,2019-08-27,2019-08-27,1,0.13,Mallorca,2020-04-23,False,False
17374642,Entire home/apt,1550.0,True,30,60,90,300,93,2017-06-25,2020-08-01,3,0.07,Girona,2021-01-31,False,True
17374651,Entire home/apt,1290.0,True,21,21,21,21,,,,0,,Girona,2020-11-28,False,
17374654,Entire home/apt,780.0,True,0,0,0,65,,,,0,,Girona,2018-12-22,False,
17374656,Entire home/apt,820.0,True,30,60,83,83,100,2019-09-16,2019-09-16,1,2.17,Girona,2019-09-30,False,True
17374662,Entire home/apt,890.0,True,0,0,0,0,,,,0,,Girona,2018-11-26,False,
17374675,Entire home/apt,900.0,True,0,0,0,39,,,,0,,Girona,2019-04-29,False,
17376414,Entire home/apt,,True,0,0,27,176,95,2017-07-09,2019-10-06,15,0.49,Mallorca,2020-01-29,True,True
17378294,Entire home/apt,780.0,True,0,0,0,0,97,2017-03-05,2020-03-16,187,4.11,Madrid,2020-12-17,False,True
17384199,Entire home/apt,2750.0,True,24,31,32,254,98,2017-05-01,2019-03-31,19,0.79,Girona,2019-04-29,False,True
17384311,Entire home/apt,900.0,True,30,60,90,334,100,2017-03-31,2020-10-08,85,1.99,Mallorca,2020-10-21,False,True
17391816,Entire home/apt,1100.0,True,21,51,79,185,99,2017-03-26,2020-02-23,37,0.99,Malaga,2020-04-30,False,True
17398411,Entire home/apt,490.0,True,23,50,79,79,83,2017-04-04,2020-10-18,228,5.36,Madrid,2020-10-17,False,True
17400426,Entire home/apt,1550.0,True,30,57,82,353,100,2018-02-09,2019-05-25,3,0.11,Barcelona,2020-04-16,False,True
17401447,Private room,450.0,True,16,38,56,134,98,2017-02-24,2019-06-24,260,9.24,Sevilla,2019-06-29,False,True
17401856,Hotel room,760.0,True,27,53,73,334,92,2017-07-18,2020-09-27,5,0.13,Valencia,2020-10-24,False,True
17403686,Private room,1210.0,True,0,0,0,0,100,2018-03-02,2019-02-28,2,0.08,Barcelona,2020-04-16,False,True
17404486,Entire home/apt,550.0,True,16,46,76,351,95,2017-05-07,2018-09-20,50,2.99,Girona,2018-09-28,False,True
17404547,Entire home/apt,3160.0,True,7,7,7,7,83,2017-06-28,2018-10-14,7,0.18,Mallorca,2020-10-21,False,True
17405032,Private room,400.0,True,0,0,0,0,,,,0,,Barcelona,2017-11-13,False,
17405712,Entire home/apt,350.0,True,15,34,64,214,89,2017-05-02,2020-02-07,61,1.8,Valencia,2020-02-29,False,True
17416161,Entire home/apt,2210.0,True,0,0,0,46,100,2017-08-30,2017-08-30,1,0.06,Menorca,2019-02-24,False,True
17418353,Entire home/apt,1100.0,True,0,15,43,43,92,2017-03-03,2020-03-13,166,4.32,Madrid,2020-05-14,False,True
17424838,Entire home/apt,600.0,True,23,53,83,83,,,,0,,Girona,2020-02-29,False,
17433553,Entire home/apt,1100.0,True,0,0,0,273,,,,0,,Girona,2019-12-31,False,
17435283,Private room,200.0,True,8,38,68,86,97,2017-03-12,2019-05-25,95,3.57,Valencia,2019-05-31,False,True
17441146,Entire home/apt,1000.0,True,3,24,54,315,87,2017-03-02,2018-05-11,65,4.51,Barcelona,2018-05-14,False,True
17445731,Private room,500.0,True,30,60,89,364,99,2018-02-28,2020-02-17,29,1.1,Barcelona,2020-05-11,False,True
17450124,Entire home/apt,3940.0,False,22,52,78,264,94,2017-03-03,2017-05-31,12,3.88,Barcelona,2017-06-05,False,True
17454279,Entire home/apt,650.0,True,5,16,26,95,97,2017-03-20,2019-01-20,108,4.77,Madrid,2019-02-06,False,True
17457199,Entire home/apt,600.0,True,24,54,84,255,90,2017-10-28,2018-08-22,2,0.17,Malaga,2018-10-25,False,True
17459613,Private room,350.0,False,11,29,47,47,,,,0,,Madrid,2017-04-08,False,
17461592,Private room,1500.0,False,0,0,0,154,,,,0,,Barcelona,2017-05-07,False,
17464617,Entire home/apt,1880.0,True,18,30,34,84,100,2018-08-21,2018-08-21,1,0.12,Mallorca,2019-04-24,False,True
17469259,Entire home/apt,600.0,True,0,0,0,0,92,2017-03-06,2018-08-28,76,3.16,Madrid,2019-03-08,False,True
17471152,Entire home/apt,910.0,False,14,34,47,320,,,,0,,Barcelona,2017-05-07,False,
17471259,Entire home/apt,650.0,True,3,8,21,204,89,2017-10-13,2019-03-28,22,1.16,Barcelona,2019-05-14,False,True
17472243,Entire home/apt,1200.0,True,23,43,64,139,100,2017-07-02,2019-08-27,4,0.14,Girona,2019-10-30,False,True
17472277,Entire home/apt,2320.0,True,30,60,90,350,98,2017-06-17,2020-03-10,154,3.59,Barcelona,2021-01-12,False,True
17478187,Private room,230.0,True,29,59,89,179,86,2017-04-24,2018-11-04,9,0.23,Madrid,2020-07-17,False,True
17480495,Private room,300.0,True,29,59,89,179,92,2017-04-18,2018-10-16,41,0.93,Barcelona,2020-12-16,False,True
17488720,Entire home/apt,730.0,True,0,0,0,0,99,2017-03-05,2018-11-04,20,0.42,Madrid,2021-02-09,False,True
17492434,Entire home/apt,1100.0,True,7,29,59,223,100,2018-08-11,2019-04-18,2,0.15,Mallorca,2019-09-28,False,True
17493843,Private room,420.0,True,14,44,74,74,98,2019-05-05,2019-06-24,8,3.68,Barcelona,2019-07-10,False,True
17496271,Entire home/apt,2040.0,True,0,14,42,83,,,,0,,Mallorca,2019-04-24,False,
17504665,Entire home/apt,470.0,True,30,31,59,212,92,2017-07-22,2019-08-27,26,0.95,Menorca,2019-10-31,False,True
17505545,Private room,700.0,True,14,29,29,29,97,2017-03-31,2017-08-06,19,1.98,Barcelona,2018-01-17,False,True
17511243,Entire home/apt,650.0,True,11,32,46,273,,,,0,,Valencia,2020-01-31,False,
17517955,Private room,250.0,True,0,0,0,167,100,2017-03-26,2018-11-11,10,0.46,Madrid,2019-01-14,False,True
17520408,Private room,550.0,False,30,60,90,365,,,,0,,Madrid,2017-04-08,False,
17521048,Entire home/apt,2180.0,True,29,54,67,222,100,2018-08-24,2018-10-03,2,0.39,Mallorca,2019-01-28,False,True
17521185,Entire home/apt,3500.0,True,15,45,75,350,100,2017-08-19,2017-08-19,1,0.09,Girona,2018-07-31,False,True
17521644,Private room,380.0,True,20,50,80,355,89,2017-03-17,2017-08-17,17,2.89,Barcelona,2017-09-12,False,True
17524704,Entire home/apt,1990.0,True,8,35,36,36,80,2017-07-16,2017-07-16,1,0.04,Girona,2019-07-29,False,True
17526431,Entire home/apt,3500.0,True,0,20,50,325,100,2017-07-16,2017-09-03,3,0.12,Menorca,2019-07-30,False,True
17535113,Entire home/apt,2400.0,True,30,60,90,333,97,2017-05-09,2018-09-30,15,0.78,Mallorca,2018-12-18,False,True
17535381,Entire home/apt,4000.0,True,20,44,60,294,100,2017-08-05,2017-08-05,1,0.05,Girona,2019-03-30,False,True
17541411,Entire home/apt,590.0,True,0,0,0,0,88,2017-04-17,2018-10-30,8,0.4,Girona,2018-12-22,False,True
17541412,Entire home/apt,900.0,True,14,26,48,144,91,2017-05-14,2019-10-27,22,0.59,Girona,2020-06-29,False,True
17543020,Entire home/apt,890.0,True,22,37,67,296,93,2017-06-11,2018-06-09,3,0.17,Girona,2018-11-26,False,True
17543722,Entire home/apt,410.0,True,5,32,58,182,96,2017-03-20,2019-09-19,43,1.41,Valencia,2019-09-30,False,True
17550017,Entire home/apt,1000.0,True,5,6,10,147,95,2017-03-24,2019-04-17,61,2.41,Malaga,2019-05-01,False,True
17562247,Entire home/apt,840.0,True,10,20,50,50,96,2017-03-12,2019-06-19,128,4.63,Malaga,2019-06-30,False,True
17567283,Entire home/apt,1720.0,True,0,0,17,292,98,2017-04-09,2019-05-20,42,1.58,Mallorca,2019-06-27,False,True
17569617,Entire home/apt,650.0,True,10,26,35,35,93,2017-03-19,2018-10-24,75,3.55,Malaga,2018-12-22,False,True
17571687,Entire home/apt,500.0,True,25,55,78,253,99,2017-03-12,2020-01-19,34,0.87,Madrid,2020-06-13,False,True
17573054,Private room,370.0,True,0,0,0,0,97,2017-03-19,2018-12-24,55,2.51,Barcelona,2019-01-14,False,True
17579529,Entire home/apt,600.0,True,0,0,0,261,92,2017-04-16,2019-05-05,11,0.38,Madrid,2019-09-19,False,True
17579672,Entire home/apt,700.0,True,30,53,83,358,96,2017-04-17,2018-09-02,12,0.66,Girona,2018-10-20,False,True
17582676,Entire home/apt,550.0,True,7,26,52,290,80,2019-08-25,2019-09-02,2,1.69,Malaga,2019-09-30,False,True
17584343,Private room,350.0,True,6,34,61,336,98,2017-05-07,2018-07-29,50,3.38,Girona,2018-07-31,False,True
17584820,Entire home/apt,900.0,True,5,12,36,308,80,2017-07-07,2017-07-07,1,0.45,Barcelona,2017-09-12,False,True
17584853,Entire home/apt,890.0,True,5,19,44,267,89,2017-06-30,2020-01-23,15,0.47,Barcelona,2020-02-16,False,True
17587177,Private room,500.0,False,12,38,62,337,,,,0,,Barcelona,2017-05-07,False,
17587681,Entire home/apt,650.0,True,16,32,49,49,99,2017-03-20,2020-02-11,160,4.57,Madrid,2020-02-18,False,True
17591337,Entire home/apt,1140.0,True,0,9,32,156,93,2019-05-10,2019-09-16,3,0.22,Mallorca,2020-06-25,False,True
17596395,Entire home/apt,1450.0,False,3,9,27,299,100,2017-04-12,2017-07-23,4,1.05,Barcelona,2017-08-06,False,True
17598389,Entire home/apt,,True,30,60,90,365,,,,0,,Mallorca,2019-11-28,True,
17598748,Entire home/apt,2150.0,True,6,12,12,12,100,2018-06-30,2019-10-04,4,0.15,Mallorca,2020-09-19,False,True
17604685,Entire home/apt,500.0,True,25,30,30,268,86,2017-03-24,2018-08-20,95,5.54,Sevilla,2018-08-27,False,True
17604838,Entire home/apt,590.0,True,3,4,4,75,98,2017-03-20,2019-02-23,68,2.91,Valencia,2019-02-28,False,True
17614795,Entire home/apt,610.0,True,3,33,63,64,87,2017-04-24,2019-01-04,40,1.93,Madrid,2019-01-14,False,True
17617990,Entire home/apt,670.0,True,0,0,9,12,80,2018-01-31,2019-08-07,2,0.1,Valencia,2019-09-30,False,True
17618539,Entire home/apt,600.0,True,23,51,81,356,93,2017-04-02,2018-09-10,24,1.34,Girona,2018-09-28,False,True
17620092,Entire home/apt,810.0,True,19,19,28,49,100,2017-06-11,2018-06-08,3,0.12,Madrid,2019-08-12,False,True
17620096,Entire home/apt,810.0,True,16,32,48,314,95,2018-02-11,2019-07-28,8,0.44,Madrid,2019-08-12,False,True
17620102,Entire home/apt,1080.0,True,17,34,58,154,80,2017-05-18,2019-02-01,3,0.13,Madrid,2019-05-14,False,True
17620135,Entire home/apt,2750.0,True,0,0,0,0,95,2017-07-10,2018-08-19,8,0.26,Mallorca,2020-01-29,False,True
17630084,Private room,260.0,True,0,22,52,52,87,2017-03-19,2019-08-29,57,1.32,Valencia,2020-10-24,False,True
17630099,Entire home/apt,2320.0,True,0,0,0,0,,,,0,,Madrid,2019-06-07,False,
17635016,Entire home/apt,2000.0,True,29,31,31,31,100,2019-04-22,2019-04-22,1,0.19,Girona,2019-09-30,False,True
17635017,Entire home/apt,,True,29,57,60,167,100,2019-06-10,2019-06-10,1,0.09,Girona,2020-05-28,True,True
17635260,Entire home/apt,450.0,True,0,0,0,125,90,2018-07-20,2018-08-25,2,0.28,Girona,2019-02-19,False,True
17635408,Entire home/apt,1000.0,True,0,0,0,0,,,,0,,Girona,2019-10-30,False,
17635438,Entire home/apt,940.0,True,30,60,90,344,100,2018-05-13,2018-05-13,1,0.15,Girona,2018-11-26,False,True
17635672,Entire home/apt,580.0,True,0,0,0,0,,2017-12-01,2017-12-01,1,0.03,Girona,2020-05-28,False,
17635765,Entire home/apt,340.0,True,23,53,83,173,95,2017-03-20,2019-01-01,41,1.76,Valencia,2019-02-28,False,True
17637901,Private room,280.0,True,11,18,25,261,93,2017-04-03,2019-06-21,99,3.63,Madrid,2019-07-10,False,True
17644197,Entire home/apt,1720.0,True,28,40,40,196,96,2017-04-09,2019-09-25,5,0.12,Mallorca,2020-09-19,False,True
17644948,Entire home/apt,990.0,True,6,6,6,174,92,2017-05-01,2018-10-16,37,2.11,Mallorca,2018-10-17,False,True
17646515,Entire home/apt,750.0,True,25,35,43,318,90,2017-04-14,2018-07-26,21,1.31,Barcelona,2018-08-14,False,True
17646642,Entire home/apt,520.0,True,0,0,0,91,83,2018-08-04,2020-09-05,6,0.2,Girona,2021-01-31,False,True
17646651,Entire home/apt,540.0,True,0,0,0,140,80,2018-08-18,2018-08-18,1,0.24,Girona,2018-12-22,False,True
17648141,Private room,250.0,True,1,31,61,62,95,2017-07-01,2020-02-17,43,1.23,Valencia,2020-05-31,False,True
17649686,Entire home/apt,710.0,True,7,7,7,7,20,2017-08-19,2017-08-19,1,0.07,Girona,2018-10-20,False,False
17650090,Entire home/apt,570.0,True,30,36,36,36,100,2018-08-25,2018-08-25,1,0.33,Girona,2018-11-26,False,True
17650100,Entire home/apt,930.0,True,10,10,10,10,,,,0,,Girona,2018-12-22,False,
17650205,Entire home/apt,1290.0,True,0,0,0,0,100,2018-08-04,2018-08-04,1,0.05,Girona,2020-05-28,False,True
17650221,Entire home/apt,520.0,True,28,28,28,28,87,2017-04-15,2018-08-04,4,0.23,Girona,2018-09-28,False,True
17650263,Entire home/apt,800.0,True,0,0,0,0,90,2017-08-05,2019-08-17,4,0.13,Girona,2020-02-29,False,True
17650720,Entire home/apt,650.0,True,0,2,23,26,96,2017-03-25,2019-04-07,75,2.76,Malaga,2019-06-30,False,True
17651610,Entire home/apt,800.0,True,30,60,90,361,98,2017-04-30,2020-10-11,85,2.02,Girona,2020-10-28,False,True
17651750,Entire home/apt,790.0,True,2,11,28,171,98,2017-03-22,2019-09-21,218,7.19,Sevilla,2019-09-30,False,True
17655798,Private room,450.0,False,0,29,59,90,,,,0,,Barcelona,2017-06-05,False,
17660750,Entire home/apt,1250.0,True,0,6,36,126,90,2017-07-19,2019-07-07,2,0.05,Girona,2021-02-27,False,True
17666963,Entire home/apt,1700.0,True,0,0,0,0,,,,0,,Girona,2019-12-31,False,
17667517,Entire home/apt,430.0,True,1,4,12,234,92,2017-03-19,2019-07-15,71,2.5,Valencia,2019-07-31,False,True
17672694,Entire home/apt,800.0,True,13,40,70,156,92,2017-03-19,2019-06-30,66,2.38,Barcelona,2019-07-10,False,True
17681359,Entire home/apt,680.0,True,0,0,0,182,96,2017-07-22,2019-08-03,12,0.44,Girona,2019-10-30,False,True
17689692,Entire home/apt,700.0,True,17,17,17,242,90,2017-03-22,2017-10-29,5,0.3,Madrid,2018-08-14,False,True
17689857,Private room,400.0,True,0,0,0,0,80,2017-06-26,2017-06-26,1,0.03,Barcelona,2020-04-16,False,True
17689973,Private room,400.0,True,7,18,48,323,100,2017-04-23,2017-05-30,2,0.3,Barcelona,2017-11-13,False,True
17690702,Entire home/apt,990.0,True,0,11,41,131,100,2017-04-17,2018-02-26,9,0.76,Madrid,2018-04-12,False,True
17691214,Entire home/apt,630.0,True,0,0,0,0,91,2017-05-01,2019-03-24,9,0.24,Sevilla,2020-05-30,False,True
17692661,Entire home/apt,1200.0,True,18,37,67,342,96,2017-05-29,2018-10-14,10,0.58,Madrid,2018-11-07,False,True
17696080,Private room,420.0,True,8,17,17,17,99,2017-04-03,2018-06-18,40,2.63,Barcelona,2018-07-10,False,True
17697680,Entire home/apt,3500.0,True,27,57,87,177,,,,0,,Menorca,2019-09-30,False,
17700550,Private room,360.0,True,19,42,72,347,89,2017-04-18,2017-10-15,22,2.85,Barcelona,2017-12-09,False,True
17707999,Entire home/apt,670.0,True,0,14,28,172,96,2017-05-04,2018-04-27,5,0.32,Mallorca,2018-08-21,False,True
17708878,Entire home/apt,790.0,True,14,18,22,64,,,,0,,Mallorca,2019-05-27,False,
17709864,Private room,230.0,False,13,37,67,341,95,2017-03-19,2017-04-03,4,6.08,Madrid,2017-04-08,False,True
17709960,Entire home/apt,800.0,False,3,11,24,24,80,2017-05-18,2017-05-29,2,3.38,Barcelona,2017-06-05,False,True
17714089,Entire home/apt,1600.0,True,22,49,79,350,75,2018-06-22,2019-08-10,4,0.26,Girona,2019-09-30,False,False
17715487,Entire home/apt,1660.0,True,0,0,0,48,100,2018-09-09,2018-09-09,1,0.19,Mallorca,2019-02-17,False,True
17716207,Private room,350.0,False,3,15,45,136,87,2017-03-23,2017-04-29,8,5.4,Barcelona,2017-05-07,False,True
17725903,Entire home/apt,1290.0,True,8,8,15,105,90,2018-06-01,2019-08-24,6,0.24,Mallorca,2020-06-25,False,True
17726001,Entire home/apt,,False,2,16,45,135,100,2017-03-27,2017-07-22,4,0.92,Barcelona,2017-08-06,True,True
17726179,Entire home/apt,,True,7,30,60,335,100,2017-07-25,2017-08-08,2,1.24,Barcelona,2017-09-12,True,True
17726300,Entire home/apt,1750.0,True,0,0,8,249,94,2017-05-18,2020-08-13,10,0.22,Mallorca,2021-02-11,False,True
17726447,Entire home/apt,300.0,True,25,52,82,357,87,2017-03-24,2019-08-03,104,3.55,Girona,2019-08-31,False,True
17729038,Private room,230.0,True,13,43,73,73,99,2017-03-18,2018-12-21,139,6.34,Madrid,2019-01-14,False,True
17730772,Entire home/apt,900.0,True,26,41,68,343,95,2017-04-25,2019-02-18,34,1.52,Madrid,2019-03-08,False,True
17731181,Entire home/apt,1250.0,True,0,0,0,57,,2017-05-31,2017-05-31,1,0.05,Girona,2018-12-22,False,
17731189,Entire home/apt,1070.0,True,30,48,68,138,90,2017-07-07,2019-09-09,4,0.12,Girona,2020-04-30,False,True
17731206,Entire home/apt,2050.0,True,0,0,0,28,,,,0,,Girona,2019-12-31,False,
17732078,Entire home/apt,790.0,True,15,38,68,75,94,2017-06-03,2017-09-03,13,3.91,Barcelona,2017-09-12,False,True
17733106,Entire home/apt,320.0,True,10,36,58,263,93,2017-04-15,2019-03-08,51,2.17,Malaga,2019-03-31,False,True
17733173,Private room,380.0,True,25,27,29,29,100,2017-03-18,2018-08-26,3,0.17,Girona,2018-08-30,False,True
17741453,Entire home/apt,570.0,True,0,0,5,280,85,2017-08-12,2018-12-02,4,0.11,Barcelona,2020-07-17,False,True
17742243,Entire home/apt,2850.0,True,27,50,54,208,100,2017-05-18,2020-08-20,35,0.89,Mallorca,2020-08-28,False,True
17743043,Entire home/apt,750.0,True,29,59,89,179,95,2017-03-30,2017-05-21,5,0.3,Sevilla,2018-08-27,False,True
17748481,Private room,400.0,True,0,4,34,124,91,2017-03-26,2017-11-04,60,7.86,Barcelona,2017-11-13,False,True
17750191,Entire home/apt,1250.0,True,30,60,90,365,,2017-12-26,2017-12-26,1,0.1,Girona,2018-10-20,False,
17750775,Private room,590.0,False,24,45,75,350,,,,0,,Barcelona,2017-04-08,False,
17755018,Entire home/apt,1800.0,True,0,0,0,0,86,2017-06-05,2019-08-10,10,0.24,Barcelona,2020-12-16,False,True
17755675,Entire home/apt,5000.0,True,3,33,61,330,87,2017-07-25,2019-03-11,15,0.73,Barcelona,2019-04-10,False,True
17756450,Private room,180.0,False,0,3,28,118,100,2017-03-30,2017-03-30,1,3.38,Barcelona,2017-04-08,False,True
17756753,Entire home/apt,1950.0,True,2,2,2,156,100,2019-07-13,2019-07-13,1,0.28,Mallorca,2019-10-28,False,True
17756780,Entire home/apt,3750.0,True,0,0,0,31,100,2017-08-05,2017-08-05,1,0.02,Menorca,2021-01-31,False,True
17757558,Entire home/apt,2000.0,True,0,0,0,84,100,2018-07-08,2018-07-08,1,0.06,Girona,2019-11-30,False,True
17757695,Entire home/apt,5000.0,True,27,57,87,362,81,2017-09-09,2019-03-25,18,0.95,Barcelona,2019-04-10,False,True
17758622,Entire home/apt,2030.0,True,0,9,22,134,96,2017-06-07,2019-10-23,5,0.15,Mallorca,2020-02-29,False,True
17758707,Private room,350.0,True,0,0,13,103,98,2017-03-17,2018-08-13,12,0.39,Barcelona,2019-10-16,False,True
17759717,Private room,450.0,True,30,60,90,365,94,2017-03-26,2018-10-20,17,0.78,Madrid,2019-01-14,False,True
17760633,Entire home/apt,1650.0,True,7,16,27,101,93,2018-07-06,2018-07-31,3,0.27,Barcelona,2019-06-07,False,True
17764253,Entire home/apt,1150.0,True,16,21,39,307,100,2017-04-16,2018-04-11,12,0.77,Girona,2018-07-31,False,True
17764953,Entire home/apt,800.0,True,22,40,66,324,98,2017-04-17,2020-02-20,25,0.65,Girona,2020-06-29,False,True
17770213,Private room,300.0,True,21,47,77,77,97,2017-04-23,2019-05-15,37,1.47,Sevilla,2019-05-29,False,True
17773603,Entire home/apt,,True,23,53,83,330,,,,0,,Mallorca,2018-09-18,True,
17773935,Private room,300.0,True,0,0,0,0,89,2017-03-26,2018-11-04,60,2.45,Barcelona,2019-04-10,False,True
17778087,Entire home/apt,520.0,True,15,32,60,330,89,2017-04-11,2020-06-14,119,3.08,Malaga,2020-06-30,False,True
17785758,Entire home/apt,950.0,True,0,16,46,321,97,2017-03-30,2018-07-07,7,0.44,Girona,2018-07-31,False,True
17797538,Entire home/apt,290.0,True,26,36,62,331,87,2017-04-09,2020-02-24,79,2.24,Madrid,2020-03-17,False,True
17798209,Private room,400.0,True,30,60,90,365,,2019-10-28,2019-10-28,1,0.06,Barcelona,2021-02-09,False,
17799818,Entire home/apt,600.0,True,26,56,86,102,96,2017-03-29,2020-04-04,112,2.82,Madrid,2020-07-17,False,True
17800164,Entire home/apt,500.0,True,4,4,4,49,83,2017-04-15,2018-08-19,64,3.71,Sevilla,2018-09-22,False,True
17800984,Private room,330.0,True,20,42,72,72,78,2017-04-06,2018-09-10,37,2.04,Barcelona,2018-10-10,False,False
17803475,Private room,310.0,True,17,47,77,344,88,2017-03-26,2018-10-22,83,4.27,Barcelona,2018-11-07,False,True
17804478,Entire home/apt,570.0,True,22,22,22,101,80,2019-06-04,2019-06-04,1,10.13,Barcelona,2019-06-07,False,True
17804488,Entire home/apt,2190.0,True,0,0,0,0,95,2014-08-10,2019-09-26,5,0.07,Girona,2020-10-28,False,True
17804504,Entire home/apt,2020.0,True,0,0,0,108,90,2017-06-02,2018-08-01,6,0.34,Girona,2018-11-26,False,True
17804540,Entire home/apt,1400.0,True,1,1,1,1,98,2017-07-01,2020-03-16,59,1.68,Malaga,2020-05-31,False,True
17804969,Entire home/apt,810.0,True,29,59,89,107,96,2017-05-24,2020-09-13,66,1.56,Girona,2020-11-28,False,True
17805549,Entire home/apt,2500.0,True,0,26,56,323,100,2017-04-03,2017-04-03,1,0.06,Barcelona,2018-09-11,False,True
17806078,Private room,60.0,True,0,0,0,0,,,,0,,Barcelona,2020-04-16,False,
17806705,Entire home/apt,2500.0,True,28,58,88,363,80,2017-08-19,2018-06-02,2,0.1,Girona,2019-03-30,False,True
17806923,Entire home/apt,1060.0,True,0,0,0,122,,,,0,,Girona,2018-10-20,False,
17806932,Entire home/apt,1820.0,True,30,60,90,248,,,,0,,Girona,2020-03-26,False,
17817020,Private room,450.0,True,0,0,0,0,86,2018-03-04,2018-09-18,20,1.32,Barcelona,2019-06-07,False,True
17819565,Entire home/apt,800.0,True,26,40,56,326,84,2017-04-23,2019-06-28,106,3.83,Madrid,2019-08-12,False,True
17820821,Entire home/apt,540.0,True,7,21,46,176,95,2017-04-02,2019-07-21,200,7.16,Malaga,2019-07-30,False,True
17820967,Private room,290.0,False,10,27,51,168,,,,0,,Barcelona,2017-04-08,False,
17820980,Entire home/apt,2420.0,True,14,40,61,233,70,2017-08-27,2019-10-01,4,0.16,Barcelona,2019-10-16,False,False
17821081,Entire home/apt,920.0,True,1,16,37,298,60,2018-07-17,2018-07-17,1,0.06,Valencia,2019-12-31,False,False
17825682,Private room,650.0,True,5,10,28,269,94,2017-04-02,2019-03-31,124,5.11,Barcelona,2019-04-10,False,True
17828146,Entire home/apt,1360.0,False,10,23,44,315,,,,0,,Barcelona,2017-07-06,False,
17834220,Entire home/apt,770.0,True,1,29,48,294,97,2017-04-14,2018-12-09,86,4.32,Madrid,2018-12-10,False,True
17834473,Private room,400.0,True,29,59,89,89,82,2017-05-03,2019-05-26,10,0.37,Sevilla,2019-07-29,False,True
17835432,Entire home/apt,3500.0,True,0,0,0,23,90,2017-05-29,2019-09-11,21,0.69,Barcelona,2019-12-10,False,True
17840271,Entire home/apt,1250.0,True,13,36,63,296,,,,0,,Barcelona,2018-04-12,False,
17845863,Private room,,True,30,60,90,365,80,2017-03-30,2017-07-09,6,0.22,Madrid,2019-07-10,True,True
17852724,Entire home/apt,500.0,True,0,0,6,243,97,2017-04-01,2019-05-05,82,3.17,Mallorca,2019-05-27,False,True
17854156,Private room,220.0,True,0,0,0,0,94,2017-04-02,2019-01-26,80,3.55,Mallorca,2019-02-17,False,True
17856140,Entire home/apt,1000.0,True,25,48,78,277,91,2017-06-24,2019-11-23,36,1.19,Mallorca,2019-12-31,False,True
17856790,Entire home/apt,4150.0,True,0,25,55,239,80,2019-05-22,2019-05-22,1,0.05,Mallorca,2021-02-11,False,True
17861371,Entire home/apt,1360.0,True,10,24,50,132,96,2017-08-05,2019-11-07,5,0.16,Menorca,2020-03-26,False,True
17862347,Private room,300.0,True,29,59,89,179,98,2017-04-14,2019-06-02,32,1.21,Sevilla,2019-06-29,False,True
17863260,Entire home/apt,600.0,True,0,11,11,11,100,2017-09-16,2018-01-02,2,0.49,Barcelona,2018-01-17,False,True
17864283,Private room,250.0,True,19,49,79,169,80,2017-04-08,2019-08-30,95,3.2,Mallorca,2019-09-28,False,True
17868734,Entire home/apt,720.0,True,9,20,32,241,97,2017-04-06,2018-08-07,38,2.04,Malaga,2018-10-25,False,True
17871092,Entire home/apt,1000.0,True,0,0,0,240,100,2018-08-13,2018-08-13,1,0.04,Girona,2020-10-28,False,True
17871183,Private room,250.0,True,0,0,0,233,93,2017-04-15,2017-11-20,6,0.66,Madrid,2018-01-17,False,True
17874090,Entire home/apt,510.0,True,19,49,62,62,99,2017-04-07,2018-10-05,21,1.14,Girona,2018-10-20,False,True
17876028,Private room,410.0,True,24,54,84,84,100,2017-03-29,2018-05-13,14,1.04,Madrid,2018-05-14,False,True
17877338,Entire home/apt,1600.0,True,12,17,32,32,80,2017-04-11,2017-06-19,3,0.51,Barcelona,2017-10-07,False,True
17886112,Entire home/apt,1200.0,True,9,36,66,338,93,2017-04-07,2018-01-06,43,4.59,Madrid,2018-01-17,False,True
17892735,Entire home/apt,500.0,True,22,45,53,53,,,,0,,Girona,2018-08-30,False,
17899789,Entire home/apt,1020.0,True,0,8,8,178,100,2017-07-17,2017-08-31,2,0.14,Mallorca,2018-09-18,False,True
17902622,Entire home/apt,1150.0,True,6,9,32,56,99,2017-08-15,2019-05-07,87,4.15,Barcelona,2019-05-14,False,True
17903360,Entire home/apt,790.0,True,30,60,82,204,98,2017-05-16,2019-10-27,79,2.11,Girona,2020-06-29,False,True
17903578,Private room,550.0,False,5,17,17,82,80,2017-05-03,2017-08-02,3,0.96,Barcelona,2017-08-06,False,True
17904051,Entire home/apt,900.0,True,8,13,19,88,92,2017-05-03,2020-02-19,125,3.68,Sevilla,2020-02-29,False,True
17904839,Private room,230.0,True,14,44,74,275,,,,0,,Madrid,2018-08-14,False,
17904890,Private room,600.0,True,0,9,33,124,93,2017-05-01,2018-08-13,6,0.17,Malaga,2020-04-30,False,True
17907348,Entire home/apt,490.0,True,19,42,67,342,89,2017-05-15,2020-02-15,233,6.94,Sevilla,2020-02-29,False,True
17912068,Entire home/apt,2480.0,True,7,7,7,14,90,2017-04-19,2018-11-03,2,0.09,Mallorca,2019-03-25,False,True
17916039,Entire home/apt,890.0,True,0,0,0,226,100,2017-06-23,2019-04-08,5,0.22,Barcelona,2019-05-14,False,True
17917894,Entire home/apt,690.0,True,30,60,87,267,95,2017-04-17,2019-01-03,11,0.51,Sevilla,2019-01-29,False,True
17918232,Entire home/apt,1200.0,True,0,0,0,54,,,,0,,Mallorca,2020-08-28,False,
17918794,Entire home/apt,910.0,True,0,13,16,23,40,2017-08-26,2017-08-26,1,0.05,Girona,2019-05-29,False,False
17918830,Entire home/apt,1000.0,True,0,0,0,0,,,,0,,Girona,2018-12-22,False,
17920004,Entire home/apt,1800.0,True,23,45,73,179,97,2018-03-05,2019-05-07,12,0.76,Sevilla,2019-06-29,False,True
17930771,Entire home/apt,1000.0,True,28,57,78,345,98,2017-04-11,2020-12-30,109,2.42,Madrid,2021-01-12,False,True
17931716,Entire home/apt,3620.0,True,0,0,0,0,,,,0,,Girona,2020-12-31,False,
17932388,Entire home/apt,1200.0,True,18,38,61,315,96,2017-04-02,2019-11-07,32,0.96,Madrid,2020-01-10,False,True
17933700,Entire home/apt,630.0,True,0,4,20,104,95,2017-06-17,2018-09-29,11,0.45,Menorca,2019-06-30,False,True
17933924,Entire home/apt,2200.0,True,28,42,42,187,,,,0,,Mallorca,2018-09-18,False,
17937263,Entire home/apt,2250.0,True,0,2,14,46,100,2017-08-29,2018-08-03,3,0.14,Mallorca,2019-06-27,False,True
17947473,Entire home/apt,730.0,True,9,25,51,326,96,2017-04-03,2018-05-05,59,4.42,Madrid,2018-05-14,False,True
17954850,Entire home/apt,1160.0,True,0,0,0,26,,,,0,,Girona,2019-02-19,False,
17958359,Private room,100.0,True,20,50,80,355,77,2017-04-10,2020-01-09,71,1.83,Valencia,2020-06-30,False,False
17960977,Entire home/apt,500.0,True,0,14,44,44,96,2017-05-04,2017-07-03,9,0.31,Madrid,2019-10-16,False,True
17962512,Entire home/apt,3320.0,True,27,57,87,333,,,,0,,Mallorca,2019-12-31,False,
17963002,Entire home/apt,3080.0,True,0,0,0,81,100,2019-06-29,2019-06-29,1,0.14,Girona,2020-01-31,False,True
17965412,Entire home/apt,390.0,True,1,11,24,30,94,2017-04-16,2019-06-04,153,5.95,Madrid,2019-06-07,False,True
17967087,Entire home/apt,890.0,True,0,0,0,0,92,2018-07-10,2019-03-01,5,0.4,Mallorca,2019-07-25,False,True
17968088,Entire home/apt,860.0,True,21,50,60,311,98,2017-05-17,2020-09-13,26,0.62,Mallorca,2020-11-08,False,True
17968171,Entire home/apt,510.0,True,0,0,0,0,93,2017-06-25,2020-09-09,68,1.59,Madrid,2021-01-12,False,True
17968608,Entire home/apt,1640.0,True,4,4,4,215,96,2018-05-03,2019-08-30,9,0.3,Girona,2020-10-28,False,True
17968855,Entire home/apt,590.0,True,2,25,55,131,91,2017-04-17,2020-09-13,52,1.26,Mallorca,2020-09-19,False,True
17970654,Hotel room,1150.0,True,6,15,26,26,94,2017-04-14,2019-08-08,65,2.2,Valencia,2019-09-30,False,True
17974912,Private room,380.0,True,2,17,41,273,95,2017-04-17,2018-07-26,21,0.72,Barcelona,2019-09-17,False,True
17975991,Entire home/apt,950.0,True,23,49,71,119,100,2017-05-15,2018-08-17,10,0.42,Malaga,2019-05-01,False,True
17986253,Entire home/apt,900.0,True,30,60,90,365,,,,0,,Girona,2018-08-30,False,
17989447,Entire home/apt,1500.0,True,23,53,83,358,95,2017-09-04,2020-08-25,77,2.06,Barcelona,2020-10-12,False,True
17997165,Entire home/apt,1450.0,True,10,31,46,257,,,,0,,Mallorca,2018-07-29,False,
18004272,Entire home/apt,1350.0,True,0,0,0,0,89,2017-04-23,2018-11-02,14,0.7,Sevilla,2018-12-21,False,True
18012071,Private room,750.0,True,0,0,0,0,98,2017-04-29,2018-07-29,10,0.57,Barcelona,2018-10-10,False,True
18019982,Entire home/apt,680.0,True,2,8,12,18,99,2017-04-15,2018-08-20,44,2.67,Malaga,2018-08-29,False,True
18023186,Entire home/apt,600.0,True,0,0,0,80,96,2017-04-16,2019-09-15,58,1.78,Malaga,2019-12-31,False,True
18027290,Entire home/apt,650.0,True,0,0,0,0,100,2017-05-12,2017-07-14,9,0.23,Madrid,2020-08-25,False,True
18028137,Private room,350.0,True,0,17,47,191,93,2017-04-29,2020-01-24,47,1.39,Madrid,2020-02-18,False,True
18030645,Entire home/apt,1750.0,True,11,21,43,254,93,2017-04-15,2018-11-24,17,0.81,Barcelona,2019-01-14,False,True
18030678,Entire home/apt,1250.0,False,6,6,6,6,,,,0,,Madrid,2017-04-08,False,
18031122,Entire home/apt,1000.0,True,30,60,90,365,85,2017-04-14,2019-08-23,4,0.11,Malaga,2020-05-31,False,True
18033542,Entire home/apt,1500.0,True,8,25,55,134,90,2017-04-17,2019-05-20,39,1.52,Madrid,2019-06-07,False,True
18034963,Entire home/apt,1300.0,True,21,48,76,327,100,2019-05-01,2019-05-01,1,0.17,Mallorca,2019-10-28,False,True
18039874,Entire home/apt,3690.0,True,1,6,36,214,93,2017-08-03,2018-03-31,3,0.14,Barcelona,2019-06-07,False,True
18040203,Entire home/apt,490.0,True,4,19,49,139,90,2017-04-07,2018-04-22,39,3.12,Malaga,2018-04-22,False,True
18045176,Entire home/apt,1640.0,True,27,57,87,87,100,2017-04-16,2017-06-05,3,0.07,Madrid,2020-10-17,False,True
18045510,Entire home/apt,590.0,True,0,0,0,19,97,2017-04-30,2018-05-26,37,2.32,Sevilla,2018-08-27,False,True
18048634,Private room,150.0,False,2,2,4,94,,,,0,,Barcelona,2017-06-05,False,
18048868,Entire home/apt,2400.0,True,0,9,27,235,,,,0,,Mallorca,2018-07-29,False,
18051043,Entire home/apt,,True,0,0,0,0,100,2017-04-17,2017-04-17,1,0.03,Madrid,2020-04-17,True,True
18052103,Entire home/apt,1030.0,True,8,27,57,182,93,2016-06-06,2018-10-19,58,1.97,Mallorca,2018-11-20,False,True
18052304,Entire home/apt,600.0,True,27,43,45,269,98,2017-06-04,2019-11-26,38,1.1,Mallorca,2020-04-23,False,True
18056093,Private room,450.0,False,0,0,15,15,100,2017-04-16,2017-05-01,2,2.9,Barcelona,2017-05-07,False,True
18065585,Entire home/apt,2230.0,True,13,25,32,79,,,,0,,Mallorca,2018-08-21,False,
18066751,Entire home/apt,1250.0,True,6,14,32,307,100,2017-06-20,2018-05-03,2,0.15,Mallorca,2018-07-29,False,True
18069377,Entire home/apt,660.0,True,0,0,28,77,,,,0,,Girona,2020-03-26,False,
18070508,Entire home/apt,1800.0,True,20,37,59,317,99,2017-04-16,2019-12-03,27,0.72,Malaga,2020-05-31,False,True
18071557,Entire home/apt,590.0,True,18,48,78,168,98,2017-04-08,2020-08-23,62,1.49,Valencia,2020-09-28,False,True
18074835,Private room,250.0,True,30,47,69,344,89,2017-05-08,2019-03-01,13,0.59,Barcelona,2019-03-08,False,True
18075602,Entire home/apt,900.0,True,8,26,45,289,92,2017-05-01,2019-07-12,12,0.41,Sevilla,2019-09-30,False,True
18075959,Entire home/apt,560.0,True,29,59,87,211,95,2017-04-11,2020-03-15,229,6.08,Sevilla,2020-05-30,False,True
18080535,Entire home/apt,1350.0,True,0,0,0,179,99,2017-06-05,2019-12-08,28,0.83,Girona,2020-03-26,False,True
18082152,Entire home/apt,670.0,True,29,59,89,359,92,2017-05-15,2019-10-20,6,0.13,Malaga,2021-01-31,False,True
18085183,Entire home/apt,480.0,True,19,49,79,259,90,2017-04-10,2020-03-19,39,1.04,Girona,2020-05-28,False,True
18086264,Entire home/apt,2500.0,True,23,53,83,358,,,,0,,Girona,2019-10-30,False,
18086541,Private room,300.0,True,27,57,87,362,,,,0,,Madrid,2018-01-17,False,
18098223,Entire home/apt,2040.0,True,0,0,0,140,70,2018-09-23,2019-04-22,2,0.07,Mallorca,2020-12-19,False,False
18102242,Entire home/apt,500.0,True,0,28,58,333,77,2017-04-16,2017-12-13,6,0.36,Malaga,2018-08-29,False,False
18103679,Entire home/apt,1950.0,True,0,0,0,234,97,2017-06-24,2019-07-20,7,0.23,Mallorca,2019-12-31,False,True
18109707,Private room,350.0,True,27,57,87,114,92,2017-04-15,2017-09-30,29,5.04,Barcelona,2017-10-07,False,True
18115263,Private room,180.0,True,4,14,37,37,98,2017-04-22,2018-10-28,79,4.26,Madrid,2018-11-07,False,True
18120561,Entire home/apt,950.0,True,30,60,90,365,97,2017-07-22,2019-08-25,6,0.2,Girona,2019-12-31,False,True
18132807,Private room,520.0,True,29,59,89,364,94,2017-04-14,2018-06-16,13,0.84,Sevilla,2018-07-31,False,True
18133683,Entire home/apt,3000.0,True,9,16,25,92,96,2017-04-25,2020-02-02,197,5.82,Madrid,2020-02-18,False,True
18134587,Entire home/apt,1180.0,True,28,58,88,360,95,2017-07-16,2018-09-09,8,0.46,Girona,2018-12-22,False,True
18138319,Entire home/apt,950.0,True,16,40,60,223,94,2017-04-14,2019-11-20,142,4.45,Madrid,2019-12-10,False,True
18139318,Private room,2460.0,True,30,60,90,365,,,,0,,Madrid,2021-02-09,False,
18146952,Private room,630.0,True,0,0,0,0,,,,0,,Barcelona,2017-12-09,False,
18148887,Private room,600.0,True,29,59,89,89,95,2017-04-16,2017-08-02,4,0.24,Barcelona,2018-09-11,False,True
18152139,Entire home/apt,1200.0,True,29,59,89,364,100,2017-04-10,2019-10-20,8,0.18,Madrid,2021-01-12,False,True
18156896,Entire home/apt,1200.0,True,29,57,85,149,93,2017-05-01,2019-03-10,9,0.38,Girona,2019-04-29,False,True
18157839,Private room,160.0,True,18,48,78,168,94,2017-04-17,2019-01-04,52,2.29,Madrid,2019-03-08,False,True
18167380,Private room,350.0,True,0,0,0,0,93,2017-04-21,2017-06-01,6,0.5,Mallorca,2018-04-18,False,True
18167887,Entire home/apt,790.0,True,2,2,2,2,96,2017-05-06,2020-09-13,51,1.19,Girona,2020-11-28,False,True
18168939,Entire home/apt,630.0,True,0,0,0,177,,,,0,,Girona,2020-12-31,False,
18170275,Entire home/apt,3500.0,True,12,40,55,87,100,2019-06-25,2019-06-25,1,0.35,Madrid,2019-09-19,False,True
18171621,Private room,450.0,True,29,59,89,89,100,2018-04-04,2018-05-27,2,0.24,Barcelona,2018-12-10,False,True
18173202,Entire home/apt,3600.0,True,10,40,70,345,,,,0,,Mallorca,2018-08-21,False,
18174301,Entire home/apt,1020.0,True,0,13,22,297,100,2017-08-08,2018-07-08,3,0.26,Mallorca,2018-07-29,False,True
18177673,Entire home/apt,400.0,True,0,0,0,0,97,2017-04-23,2019-09-01,105,3.06,Malaga,2020-02-29,False,True
18178306,Entire home/apt,1000.0,True,30,60,90,180,,2018-06-06,2018-06-06,1,0.36,Girona,2018-08-30,False,
18182224,Entire home/apt,700.0,True,0,0,0,0,93,2017-07-16,2019-08-31,12,0.44,Girona,2019-10-30,False,True
18182791,Entire home/apt,460.0,True,0,5,17,76,87,2017-04-16,2019-04-14,97,3.96,Malaga,2019-05-01,False,True
18184333,Entire home/apt,1240.0,True,23,45,68,129,98,2017-09-22,2019-10-28,8,0.26,Mallorca,2020-04-23,False,True
18186105,Private room,370.0,True,0,0,10,285,,,,0,,Madrid,2018-04-12,False,
18186630,Entire home/apt,500.0,True,7,16,37,127,98,2017-04-30,2019-04-02,82,3.51,Madrid,2019-04-11,False,True
18187535,Shared room,170.0,True,0,0,0,0,87,2017-05-01,2017-05-14,3,0.08,Madrid,2020-04-17,False,True
18190503,Private room,290.0,True,0,24,54,144,92,2017-06-25,2018-09-27,23,1.35,Girona,2018-11-26,False,True
18190996,Entire home/apt,400.0,True,7,25,52,304,95,2017-04-16,2019-11-13,89,2.71,Barcelona,2020-01-10,False,True
18192785,Entire home/apt,870.0,True,30,60,90,365,,,,0,,Barcelona,2018-09-11,False,
18197251,Entire home/apt,590.0,True,0,0,0,198,100,2018-06-27,2018-09-07,2,0.3,Barcelona,2019-01-14,False,True
18201293,Entire home/apt,480.0,True,1,1,1,1,98,2017-04-23,2020-03-10,153,4.16,Madrid,2020-05-14,False,True
18203623,Entire home/apt,1990.0,True,0,0,0,0,84,2017-10-14,2019-12-01,5,0.13,Sevilla,2020-11-30,False,True
18203955,Entire home/apt,780.0,True,0,0,0,0,100,2017-07-22,2017-08-05,2,0.07,Girona,2020-01-31,False,True
18205627,Entire home/apt,650.0,True,0,27,57,237,96,2017-07-22,2018-08-30,14,1.05,Girona,2018-08-30,False,True
18210988,Entire home/apt,1300.0,True,11,41,71,164,65,2017-06-23,2017-08-10,4,0.17,Mallorca,2019-05-27,False,False
18213113,Entire home/apt,1160.0,True,30,60,90,365,100,2017-05-19,2019-08-24,2,0.05,Girona,2020-06-29,False,True
18217558,Entire home/apt,1450.0,True,18,37,58,275,100,2017-05-02,2017-08-21,3,0.14,Mallorca,2019-02-17,False,True
18217921,Private room,450.0,True,0,0,0,0,80,2017-05-21,2017-06-04,2,0.05,Barcelona,2020-11-06,False,True
18218367,Entire home/apt,570.0,True,27,50,80,120,100,2017-05-09,2017-05-09,1,0.06,Girona,2018-08-30,False,True
18222184,Entire home/apt,900.0,True,0,14,44,319,89,2017-05-07,2019-08-19,56,1.29,Madrid,2020-12-17,False,True
18226961,Entire home/apt,1290.0,True,0,0,27,207,,,,0,,Madrid,2019-05-14,False,
18235509,Private room,1500.0,True,29,59,89,179,,,,0,,Madrid,2019-11-09,False,
18236041,Entire home/apt,1850.0,True,30,60,90,90,,,,0,,Girona,2019-03-30,False,
18236230,Entire home/apt,1450.0,True,23,51,81,91,90,2017-08-20,2018-10-01,2,0.12,Girona,2018-12-22,False,True
18245843,Private room,610.0,True,6,24,54,306,97,2017-05-06,2018-09-01,101,6.23,Barcelona,2018-09-11,False,True
18246902,Private room,210.0,True,9,13,13,253,99,2017-06-07,2018-03-29,21,1.87,Madrid,2018-05-14,False,True
18247891,Entire home/apt,440.0,True,22,52,82,346,93,2017-04-25,2017-10-15,12,1.37,Madrid,2018-01-17,False,True
18253375,Entire home/apt,2330.0,True,14,27,47,126,96,2017-04-23,2018-03-25,36,3.09,Madrid,2018-04-12,False,True
18259042,Private room,180.0,True,29,59,89,179,98,2017-06-07,2018-07-08,10,0.66,Madrid,2018-09-11,False,True
18259383,Entire home/apt,990.0,True,0,0,0,193,96,2017-07-01,2019-05-22,9,0.3,Mallorca,2019-12-31,False,True
18263766,Entire home/apt,1050.0,True,29,59,89,144,94,2017-05-01,2020-09-13,47,1.02,Girona,2021-02-27,False,True
18266276,Entire home/apt,2200.0,True,29,59,89,179,,,,0,,Menorca,2019-01-30,False,
18266318,Entire home/apt,700.0,True,5,28,58,148,99,2017-04-24,2018-09-01,28,1.69,Madrid,2018-09-11,False,True
18269343,Entire home/apt,1500.0,True,29,59,83,340,93,2017-06-14,2017-08-20,3,0.29,Malaga,2018-04-22,False,True
18269799,Private room,360.0,True,8,35,65,340,81,2017-04-30,2018-08-02,17,1.1,Barcelona,2018-08-14,False,True
18278124,Private room,180.0,True,0,0,0,0,83,2017-04-29,2017-11-13,24,1.92,Barcelona,2018-05-14,False,True
18278565,Entire home/apt,310.0,True,23,53,57,57,90,2017-04-27,2020-10-15,142,3.35,Madrid,2020-11-06,False,True
18280608,Private room,350.0,True,0,0,0,270,,,,0,,Madrid,2018-04-12,False,
18284178,Entire home/apt,700.0,True,29,59,89,179,80,2017-08-21,2017-08-21,1,0.06,Girona,2018-12-22,False,True
18286122,Entire home/apt,1290.0,True,4,15,31,155,96,2016-08-27,2017-01-16,5,0.16,Malaga,2019-03-31,False,True
18287421,Private room,90.0,True,0,0,0,223,67,2017-04-22,2019-09-29,7,0.21,Madrid,2020-01-10,False,False
18300576,Entire home/apt,950.0,True,0,0,0,190,94,2017-07-25,2019-09-17,21,0.75,Mallorca,2019-11-28,False,True
18301195,Private room,200.0,True,0,0,0,0,,,,0,,Madrid,2018-09-11,False,
18302148,Private room,400.0,True,6,6,6,6,90,2017-05-18,2017-09-16,14,3.0,Barcelona,2017-10-07,False,True
18305112,Private room,300.0,True,17,47,75,350,97,2017-04-23,2019-03-04,34,1.51,Madrid,2019-03-08,False,True
18305719,Private room,530.0,True,4,23,45,145,96,2017-08-04,2019-05-26,65,2.94,Barcelona,2019-06-07,False,True
18308245,Private room,250.0,True,12,36,62,242,79,2017-05-04,2019-08-25,117,4.18,Malaga,2019-09-01,False,False
18309297,Private room,350.0,False,0,4,34,309,40,2017-05-01,2017-05-01,1,0.31,Barcelona,2017-08-06,False,False
18309933,Entire home/apt,810.0,True,0,0,0,0,90,2017-05-29,2020-03-08,107,2.59,Barcelona,2020-11-06,False,True
18311097,Entire home/apt,800.0,True,12,40,70,345,96,2017-05-01,2018-04-24,10,0.7,Madrid,2018-07-10,False,True
18311428,Entire home/apt,4200.0,True,23,53,83,322,,,,0,,Girona,2018-11-26,False,
18318538,Entire home/apt,1250.0,True,0,0,20,295,90,2017-07-08,2017-07-15,2,0.08,Girona,2019-07-29,False,True
18318557,Entire home/apt,480.0,True,0,0,0,0,90,2017-05-21,2019-03-03,34,1.58,Madrid,2019-03-08,False,True
18320177,Entire home/apt,1350.0,True,0,5,15,15,72,2017-11-19,2019-06-20,5,0.24,Barcelona,2019-08-12,False,False
18325119,Private room,750.0,False,0,16,24,94,,,,0,,Barcelona,2017-05-07,False,
18326493,Entire home/apt,970.0,True,3,6,11,194,94,2017-04-22,2019-04-08,82,3.47,Madrid,2019-04-11,False,True
18327434,Entire home/apt,950.0,True,30,60,83,346,93,2018-01-15,2020-03-10,8,0.28,Malaga,2020-05-31,False,True
18329601,Private room,350.0,True,0,0,6,186,100,2017-10-31,2017-10-31,1,0.78,Barcelona,2017-12-09,False,True
18338221,Entire home/apt,1500.0,True,30,60,90,365,90,2017-05-02,2017-10-30,23,3.59,Barcelona,2017-11-13,False,True
18341676,Private room,250.0,True,1,1,1,131,,,,0,,Barcelona,2019-05-14,False,
18342754,Entire home/apt,3000.0,True,30,60,90,360,93,2017-05-28,2019-09-09,18,0.6,Mallorca,2019-11-28,False,True
18342761,Entire home/apt,1250.0,True,0,21,51,319,100,2017-06-23,2019-10-29,52,1.78,Mallorca,2019-11-28,False,True
18344059,Private room,260.0,True,0,0,0,0,,,,0,,Madrid,2019-02-06,False,
18351752,Private room,80.0,True,0,0,0,0,100,2017-05-20,2018-01-20,2,0.11,Madrid,2018-12-10,False,True
18352966,Private room,700.0,True,30,60,90,180,100,2017-07-16,2017-10-14,5,0.32,Barcelona,2018-11-07,False,True
18353291,Entire home/apt,2900.0,True,30,60,90,180,,,,0,,Mallorca,2019-10-28,False,
18353682,Private room,500.0,True,0,0,0,0,100,2017-05-27,2018-06-03,4,0.1,Barcelona,2020-09-12,False,True
18353952,Private room,290.0,True,0,1,9,9,98,2017-04-29,2018-05-06,40,3.2,Barcelona,2018-05-14,False,True
18354637,Entire home/apt,650.0,True,10,23,32,274,95,2017-06-11,2019-04-26,78,3.44,Malaga,2019-05-01,False,True
18355078,Entire home/apt,400.0,True,18,26,56,56,93,2017-04-26,2019-01-02,22,0.99,Valencia,2019-02-28,False,True
18360138,Entire home/apt,940.0,True,0,19,49,282,88,2017-05-01,2019-12-22,18,0.56,Madrid,2020-01-10,False,True
18378619,Entire home/apt,1000.0,True,15,31,61,151,,,,0,,Girona,2018-07-31,False,
18380424,Entire home/apt,770.0,True,0,0,0,0,100,2018-08-24,2019-08-19,2,0.13,Girona,2019-11-30,False,True
18380455,Entire home/apt,740.0,True,0,0,0,0,,,,0,,Girona,2019-07-29,False,
18380758,Entire home/apt,700.0,True,0,0,0,128,96,2017-05-01,2019-04-14,22,0.88,Girona,2019-05-29,False,True
18382530,Private room,410.0,True,4,17,33,123,96,2017-05-25,2018-04-03,39,3.68,Barcelona,2018-04-12,False,True
18405311,Private room,300.0,True,0,0,5,76,,,,0,,Madrid,2019-03-08,False,
18410444,Entire home/apt,490.0,True,15,43,71,346,78,2017-05-09,2018-08-11,51,3.16,Madrid,2018-09-11,False,False
18412722,Entire home/apt,600.0,True,16,32,62,152,97,2017-05-07,2019-06-02,74,2.96,Madrid,2019-06-07,False,True
18418957,Private room,1500.0,True,29,59,89,364,,,,0,,Mallorca,2018-04-18,False,
18420101,Private room,250.0,True,13,38,68,343,90,2017-08-01,2019-05-20,28,1.26,Barcelona,2019-06-07,False,True
18423241,Entire home/apt,500.0,True,18,40,70,81,98,2017-05-08,2017-11-05,12,0.65,Mallorca,2018-11-20,False,True
18426853,Private room,480.0,True,0,0,0,0,92,2017-05-04,2017-09-25,24,1.82,Barcelona,2018-06-09,False,True
18429381,Private room,210.0,True,10,26,54,54,96,2017-05-10,2018-11-04,85,4.73,Barcelona,2018-11-07,False,True
18439708,Entire home/apt,4000.0,True,6,8,25,294,78,2017-05-20,2019-10-28,18,0.59,Barcelona,2019-12-10,False,False
18441997,Private room,190.0,True,9,39,69,97,80,2017-05-20,2019-12-02,68,2.21,Barcelona,2019-12-10,False,True
18442312,Entire home/apt,740.0,True,3,19,28,151,84,2017-07-27,2019-04-20,5,0.21,Mallorca,2019-07-25,False,True
18442906,Entire home/apt,4000.0,True,11,28,34,295,91,2017-05-24,2019-10-15,37,1.25,Barcelona,2019-11-09,False,True
18444251,Private room,700.0,True,29,59,89,364,,,,0,,Malaga,2018-09-29,False,
18445621,Entire home/apt,800.0,True,0,0,0,0,95,2017-05-10,2018-06-17,13,0.76,Barcelona,2018-10-10,False,True
18447026,Entire home/apt,600.0,True,23,53,83,358,95,2017-05-28,2018-09-09,15,0.93,Malaga,2018-09-29,False,True
18452162,Entire home/apt,1770.0,True,15,45,75,317,80,2020-08-01,2020-08-01,1,1.13,Mallorca,2020-08-28,False,True
18454432,Entire home/apt,4900.0,True,13,34,64,339,88,2017-06-16,2019-02-08,26,1.19,Barcelona,2019-04-10,False,True
18454649,Entire home/apt,,True,29,54,84,359,,,,0,,Mallorca,2020-08-28,True,
18455442,Private room,250.0,True,0,0,0,129,97,2017-06-24,2020-03-05,8,0.24,Barcelona,2020-04-16,False,True
18456461,Entire home/apt,1000.0,True,9,32,55,281,100,2020-02-12,2020-02-12,1,5.07,Madrid,2020-02-18,False,True
18457389,Private room,310.0,True,0,0,0,0,,,,0,,Barcelona,2019-11-09,False,
18457852,Entire home/apt,1100.0,True,29,33,33,33,100,2019-08-25,2020-09-01,2,0.14,Girona,2020-10-28,False,True
18458845,Entire home/apt,600.0,True,13,43,73,348,80,2017-08-19,2017-08-19,1,0.08,Girona,2018-08-30,False,True
18459019,Entire home/apt,,True,14,18,39,299,100,2017-09-16,2018-01-11,5,1.24,Barcelona,2018-01-17,True,True
18460134,Private room,2450.0,True,30,60,90,365,,,,0,,Mallorca,2020-12-19,False,
18462635,Private room,130.0,True,24,54,84,84,80,2017-05-18,2019-10-22,72,2.42,Barcelona,2019-11-09,False,True
18466836,Entire home/apt,530.0,True,0,0,0,0,60,2019-05-05,2019-05-05,1,0.07,Girona,2020-06-29,False,False
18466911,Entire home/apt,1430.0,True,0,0,0,0,60,2019-08-31,2019-08-31,1,0.51,Girona,2019-10-30,False,False
18466932,Entire home/apt,2240.0,True,30,36,53,328,80,2017-09-21,2017-11-01,4,0.31,Girona,2018-10-20,False,True
18466939,Entire home/apt,590.0,True,0,0,7,37,60,2019-09-24,2019-09-24,1,0.14,Girona,2020-04-30,False,False
18470166,Entire home/apt,900.0,True,15,38,68,218,100,2017-06-12,2021-01-04,35,0.8,Madrid,2021-02-09,False,True
18470200,Private room,500.0,True,0,7,37,127,100,2017-06-03,2017-06-03,1,0.03,Barcelona,2019-11-09,False,True
18481549,Entire home/apt,3300.0,True,12,33,61,318,,,,0,,Barcelona,2017-10-07,False,
18482107,Entire home/apt,1180.0,True,22,52,79,310,98,2017-05-14,2020-01-02,50,1.53,Girona,2020-01-31,False,True
18487269,Entire home/apt,720.0,True,29,59,89,364,100,2017-06-25,2018-08-16,3,0.21,Girona,2018-08-30,False,True
18487880,Private room,1500.0,True,6,26,56,156,,,,0,,Sevilla,2018-09-22,False,
18488264,Private room,550.0,True,7,29,59,334,98,2017-05-07,2018-07-04,36,2.55,Barcelona,2018-07-10,False,True
18494410,Entire home/apt,1220.0,True,12,20,27,172,97,2017-09-14,2020-02-24,151,4.98,Sevilla,2020-03-23,False,True
18499053,Private room,690.0,True,0,6,21,21,,,,0,,Barcelona,2018-02-07,False,
18499289,Private room,450.0,True,24,38,59,318,94,2017-05-18,2019-12-04,59,1.85,Barcelona,2020-01-10,False,True
18499980,Entire home/apt,1140.0,True,0,0,0,0,100,2017-08-30,2019-08-16,4,0.1,Girona,2021-02-27,False,True
18502042,Entire home/apt,750.0,True,0,0,0,0,100,2017-07-12,2018-10-02,6,0.28,Mallorca,2019-04-24,False,True
18505909,Entire home/apt,460.0,True,27,52,55,311,100,2017-06-23,2017-07-16,3,0.09,Mallorca,2020-04-23,False,True
18513889,Entire home/apt,710.0,True,8,34,34,104,95,2017-05-23,2017-11-06,25,3.18,Madrid,2018-01-17,False,True
18513964,Entire home/apt,,True,5,16,16,16,85,2018-05-05,2018-09-14,4,0.89,Mallorca,2018-09-18,True,True
18520217,Entire home/apt,950.0,True,0,27,57,287,97,2018-05-15,2019-07-30,6,0.27,Girona,2020-03-26,False,True
18521609,Private room,200.0,True,0,0,0,134,99,2017-08-03,2020-02-29,127,3.69,Barcelona,2020-06-13,False,True
18523965,Entire home/apt,3000.0,True,30,60,90,180,100,2018-01-02,2018-09-01,2,0.17,Menorca,2018-12-22,False,True
18532247,Entire home/apt,1300.0,True,17,29,45,45,81,2017-05-13,2019-11-19,85,2.66,Barcelona,2020-01-10,False,True
18534416,Private room,550.0,True,0,0,0,0,100,2017-05-21,2017-05-21,1,0.03,Barcelona,2020-03-16,False,True
18534571,Entire home/apt,1090.0,True,0,0,0,0,,2017-12-18,2017-12-18,1,0.11,Girona,2018-09-28,False,
18534584,Entire home/apt,680.0,True,0,7,7,7,,,,0,,Girona,2019-07-29,False,
18534587,Entire home/apt,420.0,True,0,0,0,0,,,,0,,Girona,2018-09-28,False,
18534591,Entire home/apt,410.0,True,0,0,0,15,,,,0,,Girona,2018-04-21,False,
18534598,Entire home/apt,750.0,True,28,44,51,51,80,2018-08-04,2018-08-04,1,0.04,Girona,2020-06-29,False,True
18536379,Entire home/apt,950.0,True,0,0,0,0,,,,0,,Girona,2020-03-26,False,
18536399,Entire home/apt,660.0,True,0,7,30,147,,,,0,,Girona,2019-02-19,False,
18536402,Entire home/apt,870.0,True,0,0,27,147,100,2018-08-25,2018-08-25,1,0.06,Girona,2020-01-31,False,True
18536413,Entire home/apt,1660.0,True,0,4,34,274,60,2017-09-23,2017-09-23,1,0.03,Girona,2020-02-29,False,False
18536423,Entire home/apt,350.0,True,0,6,35,310,20,2018-08-11,2018-08-11,1,0.09,Girona,2019-07-29,False,False
18536434,Entire home/apt,590.0,True,17,17,17,186,,,,0,,Girona,2018-09-28,False,
18536506,Entire home/apt,1020.0,True,12,33,33,33,,,,0,,Girona,2019-05-29,False,
18536816,Entire home/apt,1030.0,True,7,25,37,80,,,,0,,Mallorca,2019-03-25,False,
18537016,Entire home/apt,990.0,True,10,15,36,295,100,2019-01-03,2019-01-03,1,0.06,Mallorca,2020-06-25,False,True
18537359,Entire home/apt,930.0,True,0,0,0,0,100,2018-07-22,2018-07-22,1,0.12,Mallorca,2019-03-25,False,True
18537746,Entire home/apt,860.0,True,29,59,89,357,,,,0,,Mallorca,2018-09-18,False,
18539046,Entire home/apt,4000.0,True,3,3,6,6,100,2017-06-24,2019-11-08,8,0.22,Mallorca,2020-06-25,False,True
18540745,Private room,490.0,True,15,45,72,102,98,2017-05-21,2019-01-08,94,4.56,Barcelona,2019-02-06,False,True
18544317,Entire home/apt,700.0,True,0,0,0,0,100,2017-08-09,2019-10-07,5,0.12,Girona,2021-02-27,False,True
18545211,Entire home/apt,3020.0,True,4,29,59,149,80,2017-08-14,2017-08-14,1,0.04,Girona,2019-07-29,False,True
18556473,Private room,600.0,True,0,0,0,0,96,2017-05-14,2017-09-16,11,0.38,Barcelona,2019-10-16,False,True
18556985,Entire home/apt,1800.0,True,12,34,61,333,95,2017-05-21,2018-11-27,61,3.26,Madrid,2018-12-10,False,True
18557617,Entire home/apt,570.0,True,27,50,71,332,100,2017-08-07,2018-07-02,2,0.1,Girona,2019-04-29,False,True
18558025,Private room,300.0,True,8,38,68,343,95,2017-09-30,2018-11-25,8,0.56,Madrid,2018-12-10,False,True
18559913,Entire home/apt,1590.0,False,4,18,46,314,100,2017-05-30,2017-07-05,3,1.34,Barcelona,2017-08-06,False,True
18560382,Entire home/apt,1490.0,True,4,18,41,308,93,2017-07-05,2018-07-04,30,2.46,Barcelona,2018-07-10,False,True
18561457,Private room,400.0,True,0,0,0,0,100,2017-06-25,2017-06-25,1,0.06,Madrid,2018-12-10,False,True
18562101,Entire home/apt,1510.0,True,0,0,0,57,87,2019-06-18,2019-07-27,3,0.68,Girona,2019-10-30,False,True
18562759,Private room,700.0,False,27,57,87,362,,,,0,,Barcelona,2017-07-06,False,
18566314,Entire home/apt,600.0,True,13,43,73,163,94,2017-05-14,2018-12-30,51,2.54,Madrid,2019-01-14,False,True
18571670,Entire home/apt,1600.0,True,10,21,46,270,96,2017-06-30,2018-07-05,5,0.36,Mallorca,2018-08-21,False,True
18572531,Entire home/apt,1300.0,True,0,0,0,0,,,,0,,Girona,2020-01-31,False,
18572739,Entire home/apt,600.0,True,17,34,64,336,80,2018-09-05,2018-09-05,1,0.15,Malaga,2019-03-31,False,True
18573644,Entire home/apt,750.0,True,22,51,81,171,88,2017-05-29,2018-10-07,20,1.15,Madrid,2018-11-07,False,True
18573933,Entire home/apt,1020.0,True,0,0,27,161,75,2017-07-29,2018-06-11,4,0.22,Mallorca,2019-01-28,False,False
18580058,Private room,480.0,True,0,0,0,0,97,2017-05-14,2017-08-10,6,0.87,Barcelona,2017-12-09,False,True
18589571,Hotel room,100.0,True,0,0,0,0,80,2017-08-19,2018-09-03,3,0.11,Girona,2019-12-31,False,True
18590075,Private room,440.0,True,0,0,0,197,87,2017-05-23,2019-08-27,23,0.7,Barcelona,2020-02-16,False,True
18590353,Entire home/apt,2750.0,True,28,55,85,314,98,2017-05-29,2018-11-04,13,0.72,Girona,2018-11-26,False,True
18607839,Entire home/apt,,True,22,26,26,205,100,2017-09-29,2018-09-01,2,0.08,Mallorca,2019-09-28,True,True
18611022,Entire home/apt,1000.0,True,0,17,35,117,100,2017-07-11,2019-01-06,12,0.62,Mallorca,2019-02-17,False,True
18612011,Entire home/apt,3600.0,True,30,60,90,365,93,2017-08-04,2018-07-24,3,0.24,Mallorca,2018-08-21,False,True
18612212,Private room,380.0,False,19,49,79,79,,,,0,,Barcelona,2017-07-06,False,
18613128,Entire home/apt,550.0,True,30,60,83,329,80,2017-08-01,2019-09-15,5,0.17,Mallorca,2020-01-29,False,True
18614849,Entire home/apt,1200.0,True,13,27,49,266,,,,0,,Mallorca,2018-04-18,False,
18622003,Entire home/apt,850.0,False,3,17,43,43,100,2017-06-12,2017-08-02,6,3.32,Barcelona,2017-08-06,False,True
18623240,Entire home/apt,850.0,True,27,57,87,87,100,2017-05-11,2019-07-27,6,0.18,Girona,2020-01-31,False,True
18625063,Entire home/apt,2080.0,True,12,20,44,252,99,2017-05-30,2019-01-10,45,2.25,Sevilla,2019-01-29,False,True
18627240,Entire home/apt,750.0,True,6,18,23,234,98,2017-07-03,2018-04-08,9,0.95,Mallorca,2018-04-18,False,True
18628538,Entire home/apt,,True,0,0,0,45,100,2018-06-26,2019-08-10,3,0.16,Mallorca,2019-12-31,True,True
18631940,Private room,700.0,True,0,19,49,49,99,2017-05-28,2019-04-23,34,1.44,Madrid,2019-05-14,False,True
18633274,Entire home/apt,1650.0,True,2,14,22,103,100,2018-09-27,2018-09-27,1,0.17,Mallorca,2019-03-25,False,True
18633600,Entire home/apt,800.0,True,20,20,20,20,85,2017-12-09,2019-07-23,11,0.55,Madrid,2019-08-12,False,True
18647730,Entire home/apt,900.0,True,0,0,0,0,73,2017-06-22,2018-10-31,3,0.17,Barcelona,2018-12-10,False,False
18647747,Private room,750.0,True,0,0,0,26,95,2017-05-10,2019-08-28,27,0.84,Madrid,2020-01-10,False,True
18651116,Entire home/apt,1750.0,True,10,10,10,193,,,,0,,Girona,2018-10-20,False,
18659756,Entire home/apt,600.0,True,10,22,44,162,90,2017-06-06,2019-09-29,8,0.24,Valencia,2020-02-29,False,True
18659766,Entire home/apt,800.0,True,0,0,0,0,100,2018-04-21,2018-09-22,2,0.19,Valencia,2019-02-28,False,True
18659803,Entire home/apt,720.0,True,15,32,62,337,100,2018-11-19,2018-11-19,1,0.19,Valencia,2019-05-01,False,True
18662404,Entire home/apt,600.0,True,14,16,27,230,93,2018-02-04,2019-08-08,3,0.14,Valencia,2019-11-30,False,True
18663087,Entire home/apt,760.0,True,3,16,32,180,99,2017-05-14,2018-09-23,99,5.86,Madrid,2018-10-10,False,True
18666666,Private room,300.0,True,0,0,0,14,94,2017-06-18,2019-08-10,29,0.78,Madrid,2020-07-17,False,True
18667621,Entire home/apt,1300.0,True,30,55,81,340,86,2017-07-09,2019-01-01,8,0.37,Girona,2019-04-29,False,True
18668209,Entire home/apt,,True,15,21,41,102,,,,0,,Mallorca,2019-04-24,True,
18670982,Entire home/apt,800.0,True,20,35,65,340,100,2017-08-09,2019-08-12,3,0.09,Girona,2020-06-29,False,True
18677205,Entire home/apt,450.0,True,18,48,78,266,100,2018-04-03,2018-06-20,2,0.19,Mallorca,2019-02-17,False,True
18679105,Private room,650.0,True,30,60,90,90,83,2017-05-29,2017-07-18,6,1.39,Barcelona,2017-10-07,False,True
18680575,Entire home/apt,1000.0,True,3,3,5,5,99,2017-06-04,2020-07-12,137,3.44,Valencia,2020-09-28,False,True
18682379,Entire home/apt,2750.0,True,0,8,8,14,100,2017-07-18,2019-01-01,8,0.45,Barcelona,2019-01-14,False,True
18684897,Entire home/apt,790.0,True,9,39,69,137,94,2017-06-05,2019-01-12,83,4.18,Sevilla,2019-01-29,False,True
18688887,Entire home/apt,560.0,True,18,21,43,149,96,2017-06-11,2019-12-08,105,3.42,Valencia,2019-12-31,False,True
18696113,Entire home/apt,650.0,True,25,55,66,307,84,2017-05-21,2019-11-30,27,0.89,Girona,2019-11-30,False,True
18698731,Private room,450.0,True,0,10,40,40,85,2017-05-14,2017-08-27,17,4.27,Barcelona,2017-09-12,False,True
18700323,Entire home/apt,950.0,True,26,34,54,314,96,2017-05-17,2019-06-19,25,0.93,Madrid,2019-08-12,False,True
18709873,Entire home/apt,690.0,True,1,20,45,320,,,,0,,Barcelona,2017-10-07,False,
18712241,Entire home/apt,,True,30,37,47,105,80,2019-06-19,2019-06-19,1,0.09,Mallorca,2020-05-28,True,True
18715709,Private room,250.0,True,0,0,0,0,100,2017-07-04,2017-07-04,1,0.06,Madrid,2018-12-10,False,True
18716352,Entire home/apt,2500.0,False,2,12,27,277,,,,0,,Barcelona,2017-08-06,False,
18723929,Private room,650.0,True,1,1,1,1,95,2018-05-04,2020-01-24,13,0.6,Madrid,2020-02-18,False,True
18726004,Private room,270.0,True,0,0,0,0,,,,0,,Mallorca,2019-09-28,False,
18730934,Entire home/apt,1880.0,True,6,32,62,337,98,2017-07-05,2019-07-24,24,0.97,Girona,2019-07-29,False,True
18741251,Entire home/apt,690.0,True,0,0,0,0,98,2017-05-22,2018-11-04,18,0.91,Madrid,2019-01-14,False,True
18741742,Entire home/apt,1420.0,True,0,0,0,0,90,2017-07-01,2018-06-09,2,0.12,Girona,2018-11-26,False,True
18743915,Entire home/apt,650.0,True,29,53,83,238,83,2017-04-14,2019-03-02,8,0.24,Girona,2020-01-31,False,True
18743941,Private room,150.0,True,0,0,0,0,93,2017-09-09,2020-10-17,44,1.12,Valencia,2020-12-21,False,True
18745255,Entire home/apt,1030.0,True,3,9,26,301,92,2017-05-17,2019-06-14,19,0.75,Girona,2019-06-30,False,True
18745295,Entire home/apt,690.0,True,19,45,75,251,90,2017-07-14,2019-11-11,23,0.8,Girona,2019-11-30,False,True
18748099,Entire home/apt,890.0,True,11,22,27,151,72,2017-08-03,2018-03-18,15,1.61,Barcelona,2018-05-14,False,False
18748100,Entire home/apt,550.0,True,5,20,44,180,76,2017-07-22,2019-03-11,30,1.21,Barcelona,2019-08-12,False,False
18750489,Private room,350.0,True,0,0,0,0,100,2017-08-22,2017-08-22,1,0.37,Barcelona,2017-11-13,False,True
18750878,Entire home/apt,1780.0,True,0,0,0,0,80,2018-08-11,2018-08-11,1,0.28,Girona,2018-11-26,False,True
18751940,Entire home/apt,650.0,True,9,21,40,270,99,2017-07-13,2019-10-08,15,0.52,Valencia,2019-11-30,False,True
18752257,Entire home/apt,1320.0,True,0,27,55,327,88,2017-07-06,2018-11-11,97,5.65,Barcelona,2018-12-10,False,True
18760787,Entire home/apt,470.0,True,20,50,80,355,93,2017-07-22,2018-09-18,18,1.26,Girona,2018-09-28,False,True
18761553,Entire home/apt,600.0,True,17,47,71,346,80,2017-04-24,2017-04-24,1,0.09,Madrid,2018-04-12,False,True
18761664,Entire home/apt,800.0,True,19,37,64,337,94,2016-07-04,2019-01-27,13,0.4,Madrid,2019-03-08,False,True
18761723,Entire home/apt,480.0,True,23,52,82,282,96,2016-10-01,2020-01-31,6,0.14,Madrid,2020-03-17,False,True
18761834,Entire home/apt,1140.0,True,28,58,88,363,85,2017-05-29,2019-04-21,4,0.14,Madrid,2019-11-09,False,True
18762580,Entire home/apt,500.0,True,3,11,18,283,93,2017-06-04,2019-06-24,102,4.05,Barcelona,2019-07-10,False,True
18762844,Private room,400.0,True,0,0,0,76,89,2017-06-04,2019-10-15,19,0.55,Barcelona,2020-04-16,False,True
18762938,Entire home/apt,1040.0,True,0,0,21,211,84,2017-08-19,2018-12-11,5,0.16,Madrid,2020-03-17,False,True
18762972,Entire home/apt,1000.0,True,8,22,48,186,93,2015-10-09,2019-01-01,12,0.28,Madrid,2019-05-14,False,True
18762983,Entire home/apt,1000.0,True,7,31,58,201,88,2015-09-14,2019-01-04,11,0.25,Madrid,2019-05-14,False,True
18762988,Entire home/apt,570.0,True,5,22,40,312,84,2016-10-15,2018-12-27,5,0.16,Madrid,2019-06-07,False,True
18763095,Entire home/apt,930.0,True,0,0,0,231,90,2015-04-17,2017-07-11,4,0.09,Madrid,2019-02-06,False,True
18763097,Entire home/apt,970.0,True,0,0,24,222,77,2015-04-26,2020-01-01,7,0.12,Madrid,2020-03-17,False,False
18764232,Entire home/apt,800.0,True,7,37,59,334,87,2017-05-29,2017-07-30,3,0.26,Madrid,2018-05-14,False,True
18764319,Private room,250.0,True,21,51,81,356,91,2017-07-03,2018-07-09,7,0.54,Malaga,2018-07-31,False,True
18765571,Private room,450.0,True,21,51,81,356,98,2017-06-25,2019-06-07,38,1.62,Madrid,2019-06-07,False,True
18765719,Entire home/apt,600.0,True,0,0,0,0,92,2017-06-22,2020-03-02,55,1.54,Madrid,2020-06-13,False,True
18765725,Entire home/apt,250.0,True,0,0,0,0,80,2017-05-21,2017-09-15,9,0.3,Madrid,2019-11-09,False,True
18767468,Entire home/apt,400.0,True,0,26,56,165,84,2017-09-02,2019-08-10,5,0.17,Girona,2020-02-29,False,True
18770632,Entire home/apt,730.0,True,0,0,0,0,95,2017-06-19,2017-07-05,3,0.13,Madrid,2019-06-07,False,True
18772416,Entire home/apt,1500.0,True,30,60,90,365,100,2017-06-26,2017-09-04,5,0.38,Menorca,2018-07-31,False,True
18783251,Entire home/apt,650.0,True,3,3,32,145,80,2017-07-15,2019-09-16,9,0.31,Madrid,2019-12-10,False,True
18783300,Entire home/apt,500.0,True,18,48,78,114,88,2015-04-04,2017-08-19,5,0.12,Girona,2018-08-30,False,True
18783317,Entire home/apt,660.0,True,8,38,68,235,80,2017-06-15,2017-06-15,1,0.03,Girona,2020-01-31,False,True
18785943,Entire home/apt,490.0,True,5,29,35,202,84,2017-06-25,2017-09-10,5,0.29,Malaga,2018-11-27,False,True
18788785,Entire home/apt,1040.0,True,1,1,1,1,100,2017-05-28,2017-09-13,3,0.1,Girona,2019-11-30,False,True
18790669,Entire home/apt,1500.0,True,27,57,87,362,,,,0,,Madrid,2020-07-17,False,
18800296,Entire home/apt,600.0,True,6,13,38,313,90,2017-05-29,2019-05-20,22,0.88,Mallorca,2019-06-27,False,True
18801691,Entire home/apt,400.0,True,30,60,90,365,100,2018-02-27,2019-07-14,3,0.09,Barcelona,2021-01-12,False,True
18802616,Entire home/apt,850.0,True,14,30,60,143,97,2017-05-26,2018-11-05,71,4.07,Madrid,2018-11-07,False,True
18803663,Entire home/apt,5000.0,True,28,44,45,306,100,2017-07-05,2017-07-05,1,0.03,Mallorca,2020-05-28,False,True
18807238,Entire home/apt,510.0,True,1,1,1,1,,,,0,,Sevilla,2018-04-21,False,
18808377,Entire home/apt,1180.0,True,0,29,59,334,90,2017-06-18,2017-12-08,2,0.15,Girona,2018-07-31,False,True
18809312,Private room,400.0,False,5,5,24,24,100,2017-06-06,2017-07-08,2,1.0,Barcelona,2017-08-06,False,True
18814449,Private room,480.0,True,0,0,0,0,88,2017-05-29,2017-09-19,16,1.91,Barcelona,2018-02-07,False,True
18816023,Entire home/apt,770.0,True,18,48,78,353,93,2017-06-18,2018-09-05,20,1.3,Girona,2018-09-28,False,True
18817414,Entire home/apt,4990.0,True,22,49,67,266,93,2018-04-07,2019-09-05,3,0.14,Mallorca,2020-01-29,False,True
18819488,Entire home/apt,2000.0,True,13,22,40,212,97,2015-06-24,2019-10-14,24,0.46,Barcelona,2019-11-09,False,True
18819497,Entire home/apt,1500.0,False,6,19,32,279,98,2016-09-05,,24,2.18,Barcelona,2017-08-06,False,True
18824175,Entire home/apt,,True,23,53,83,358,100,2017-09-01,2019-07-15,3,0.08,Girona,2020-10-28,True,True
18825554,Entire home/apt,500.0,True,2,7,8,230,95,2017-05-19,2018-02-25,5,0.32,Madrid,2018-09-11,False,True
18826217,Entire home/apt,750.0,True,16,36,60,306,98,2017-06-14,2019-02-21,18,0.88,Malaga,2019-02-24,False,True
18834053,Entire home/apt,1000.0,True,17,40,61,280,95,2017-07-27,2017-08-27,4,0.45,Girona,2018-04-21,False,True
18836790,Private room,750.0,True,17,17,17,54,100,2017-06-01,2017-08-29,3,0.55,Barcelona,2017-11-13,False,True
18836909,Private room,300.0,True,0,0,0,0,,,,0,,Madrid,2019-04-11,False,
18837930,Entire home/apt,2000.0,True,30,53,83,173,93,2017-06-15,2018-09-23,36,2.09,Mallorca,2018-11-20,False,True
18838035,Entire home/apt,1000.0,True,0,10,22,91,99,2017-08-27,2019-07-22,17,0.74,Mallorca,2019-07-25,False,True
18843730,Entire home/apt,800.0,True,24,49,73,150,98,2017-07-16,2018-02-24,13,1.42,Girona,2018-04-21,False,True
18846673,Entire home/apt,520.0,True,20,36,61,220,,,,0,,Girona,2019-03-30,False,
18847621,Private room,380.0,True,26,47,47,47,99,2017-06-10,2020-03-18,172,4.46,Madrid,2020-08-25,False,True
18851297,Private room,350.0,True,0,0,11,11,73,2018-05-12,2018-10-16,5,0.26,Madrid,2019-12-10,False,False
18854626,Private room,690.0,True,24,51,81,81,99,2017-08-20,2019-04-08,47,2.39,Madrid,2019-04-11,False,True
18860031,Entire home/apt,600.0,True,13,17,34,197,92,2017-11-15,2019-12-19,5,0.18,Barcelona,2020-02-16,False,True
18860645,Private room,390.0,True,30,53,83,83,92,2017-07-02,2020-03-17,120,3.49,Barcelona,2020-05-11,False,True
18862624,Private room,400.0,True,0,0,0,0,93,2017-05-23,2017-07-02,4,0.1,Madrid,2020-10-17,False,True
18863402,Entire home/apt,400.0,True,0,0,0,107,90,2017-06-21,2017-06-30,2,0.11,Madrid,2019-01-14,False,True
18867346,Private room,1100.0,True,23,53,83,173,,,,0,,Barcelona,2018-06-09,False,
18870263,Entire home/apt,1000.0,True,0,9,10,10,84,2017-06-26,2018-08-12,6,0.37,Madrid,2018-11-07,False,True
18872466,Entire home/apt,330.0,True,21,32,46,319,85,2017-07-12,2018-08-22,11,0.49,Menorca,2019-05-30,False,True
18873804,Private room,400.0,True,0,0,0,0,83,2017-07-04,2019-08-29,33,0.76,Valencia,2021-02-20,False,True
18874540,Private room,130.0,True,29,59,89,364,67,2017-08-26,2019-04-15,3,0.09,Barcelona,2020-07-17,False,False
18880774,Entire home/apt,600.0,True,29,59,89,364,,,,0,,Barcelona,2020-05-11,False,
18881347,Entire home/apt,1150.0,True,20,48,78,353,98,2017-07-03,2017-10-28,8,0.77,Madrid,2018-05-14,False,True
18885098,Private room,500.0,False,5,19,49,49,100,2017-06-06,2017-06-06,1,1.01,Barcelona,2017-07-06,False,True
18885751,Entire home/apt,1600.0,True,0,28,58,320,94,2017-07-08,2020-09-20,37,0.85,Girona,2021-02-27,False,True
18887582,Entire home/apt,600.0,True,22,52,82,357,83,2017-08-12,2019-09-02,10,0.39,Mallorca,2019-09-28,False,True
18895271,Private room,380.0,True,0,0,0,0,90,2017-06-29,2017-07-02,2,0.61,Barcelona,2017-10-07,False,True
18896177,Entire home/apt,500.0,True,5,26,56,65,100,2018-05-31,2018-05-31,1,0.07,Girona,2019-07-29,False,True
18909851,Entire home/apt,1280.0,True,13,29,31,51,,,,0,,Mallorca,2019-01-28,False,
18910158,Entire home/apt,1050.0,True,20,41,54,61,,,,0,,Sevilla,2019-07-29,False,
18912311,Private room,600.0,False,7,37,67,67,,,,0,,Barcelona,2017-07-06,False,
18918137,Entire home/apt,3390.0,False,23,35,61,324,100,2017-03-03,,2,0.39,Barcelona,2017-08-06,False,True
18918157,Entire home/apt,1080.0,True,30,60,90,343,,,,0,,Barcelona,2017-11-13,False,
18918158,Entire home/apt,4000.0,False,15,28,35,281,,,,0,,Barcelona,2017-06-05,False,
18918159,Entire home/apt,1800.0,True,30,54,80,345,87,2015-09-28,2020-01-01,15,0.27,Barcelona,2020-05-11,False,True
18918166,Entire home/apt,3630.0,True,0,29,53,295,92,2015-07-20,2016-10-28,5,0.14,Barcelona,2018-07-10,False,True
18918171,Entire home/apt,1220.0,True,15,42,72,343,91,2018-04-07,2019-08-02,9,0.56,Barcelona,2019-08-12,False,True
18918176,Entire home/apt,1920.0,True,9,33,61,330,,2015-08-26,2016-09-01,2,0.05,Barcelona,2019-02-06,False,
18918672,Private room,250.0,False,30,60,90,365,,,,0,,Barcelona,2017-06-05,False,
18920549,Private room,560.0,True,29,59,89,126,100,2017-06-25,2020-03-07,7,0.18,Madrid,2020-08-25,False,True
18922029,Entire home/apt,2650.0,True,29,59,75,331,,,,0,,Menorca,2018-04-21,False,
18926200,Entire home/apt,1300.0,True,0,0,0,0,90,2018-06-13,2019-10-10,4,0.13,Mallorca,2020-12-19,False,True
18928250,Entire home/apt,1280.0,True,0,0,0,219,100,2017-07-15,2018-09-01,6,0.29,Girona,2019-03-30,False,True
18928665,Entire home/apt,3360.0,True,0,18,41,111,80,2017-08-12,2017-08-19,2,0.06,Girona,2020-03-26,False,True
18937523,Entire home/apt,550.0,False,4,14,32,122,60,2017-06-12,2017-06-12,1,1.27,Barcelona,2017-07-06,False,False
18942350,Entire home/apt,800.0,True,26,50,72,233,77,2016-02-18,2020-02-29,7,0.14,Malaga,2020-03-26,False,False
18942359,Entire home/apt,1370.0,True,16,43,71,213,96,2017-06-11,2018-05-04,16,1.44,Barcelona,2018-05-14,False,True
18943543,Private room,810.0,True,0,0,0,0,75,2017-06-17,2017-08-19,4,0.09,Barcelona,2021-02-09,False,False
18944066,Entire home/apt,470.0,True,29,59,89,89,84,2017-10-01,2018-09-24,5,0.3,Girona,2019-02-19,False,True
18945183,Private room,540.0,True,13,30,31,31,98,2017-06-09,2018-04-05,30,2.97,Barcelona,2018-04-12,False,True
18946067,Entire home/apt,390.0,True,11,41,71,199,90,2017-06-04,2018-10-09,77,4.67,Sevilla,2018-10-18,False,True
18951018,Entire home/apt,1340.0,True,3,3,3,3,60,2019-06-28,2019-06-28,1,0.06,Girona,2020-10-28,False,False
18951421,Entire home/apt,600.0,True,29,59,86,175,84,2017-07-03,2020-02-16,39,1.19,Mallorca,2020-03-22,False,True
18953676,Entire home/apt,600.0,True,28,58,88,89,70,2017-07-11,2017-08-08,2,0.44,Malaga,2017-11-25,False,False
18954287,Entire home/apt,900.0,True,0,2,8,243,96,2017-06-18,2019-01-15,31,1.59,Malaga,2019-01-30,False,True
18955227,Entire home/apt,2100.0,True,0,0,0,175,,,,0,,Mallorca,2018-12-18,False,
18959776,Entire home/apt,1000.0,True,17,47,77,352,98,2017-06-18,2018-11-19,28,1.55,Mallorca,2018-12-18,False,True
18965133,Private room,400.0,True,1,1,1,1,87,2019-08-14,2019-08-25,3,0.21,Barcelona,2020-10-12,False,True
18965187,Entire home/apt,900.0,True,7,22,52,104,96,2017-06-12,2018-07-17,15,1.1,Malaga,2018-07-31,False,True
18965530,Private room,250.0,False,30,56,86,361,60,2017-05-29,2017-05-29,1,4.34,Barcelona,2017-06-05,False,False
18970138,Private room,900.0,True,0,0,0,0,,,,0,,Barcelona,2018-02-07,False,
18971689,Private room,300.0,True,25,25,25,25,,,,0,,Barcelona,2017-10-07,False,
18971987,Entire home/apt,850.0,True,7,37,67,342,85,2017-06-13,2017-09-18,11,1.87,Barcelona,2017-12-09,False,True
18973435,Entire home/apt,400.0,True,0,0,0,9,97,2017-07-08,2019-07-28,14,0.43,Madrid,2020-03-17,False,True
18981124,Entire home/apt,1000.0,True,0,0,0,0,,,,0,,Girona,2020-01-31,False,
18986700,Entire home/apt,1280.0,True,9,13,13,192,,,,0,,Mallorca,2019-09-28,False,
18987197,Entire home/apt,3000.0,True,4,29,59,310,,,,0,,Mallorca,2019-08-31,False,
18991156,Private room,140.0,True,7,37,67,146,97,2017-06-20,2020-07-10,32,0.82,Barcelona,2020-09-12,False,True
18992195,Entire home/apt,3610.0,True,6,12,42,317,,,,0,,Madrid,2019-06-07,False,
18993315,Entire home/apt,430.0,True,5,18,21,271,97,2017-07-05,2018-05-09,7,0.58,Madrid,2018-07-10,False,True
18993343,Entire home/apt,1420.0,True,21,38,59,149,87,2018-03-30,2019-08-17,6,0.24,Mallorca,2020-04-23,False,True
18996048,Entire home/apt,900.0,True,23,53,83,358,,,,0,,Madrid,2020-06-13,False,
18998016,Private room,590.0,False,5,21,21,90,93,2017-06-16,2017-08-03,6,3.58,Barcelona,2017-08-06,False,True
19003871,Entire home/apt,1250.0,True,29,59,89,226,80,2017-08-19,2017-08-19,1,0.11,Barcelona,2018-05-14,False,True
19007180,Entire home/apt,650.0,True,23,53,83,358,,,,0,,Girona,2019-10-30,False,
19007931,Entire home/apt,1600.0,True,28,58,88,331,97,2017-07-04,2019-01-01,15,0.77,Mallorca,2019-02-17,False,True
19008702,Private room,400.0,True,24,54,84,84,98,2017-06-04,2018-03-21,11,1.07,Madrid,2018-04-12,False,True
19009751,Entire home/apt,4420.0,True,30,60,90,304,100,2017-08-05,2018-07-31,3,0.1,Girona,2019-12-31,False,True
19014018,Private room,650.0,True,7,7,7,7,93,2017-06-16,2019-08-06,52,2.01,Barcelona,2019-08-12,False,True
19016323,Entire home/apt,1610.0,True,14,27,36,128,72,2018-02-14,2019-02-17,5,0.39,Barcelona,2019-03-08,False,False
19016933,Entire home/apt,600.0,True,0,0,0,0,100,2017-06-18,2017-07-03,3,0.14,Madrid,2019-04-11,False,True
19016947,Private room,450.0,False,18,48,78,168,100,2017-07-15,2017-07-23,5,6.91,Barcelona,2017-08-06,False,True
19023309,Entire home/apt,1150.0,True,16,44,74,274,,,,0,,Mallorca,2019-09-28,False,
19023715,Entire home/apt,670.0,True,0,0,0,213,60,2018-08-11,2018-08-11,1,0.06,Girona,2019-12-31,False,False
19024768,Entire home/apt,730.0,True,0,0,4,240,,,,0,,Girona,2020-12-31,False,
19024784,Entire home/apt,920.0,True,28,58,88,215,,,,0,,Girona,2019-03-30,False,
19024787,Entire home/apt,730.0,True,0,30,60,228,,,,0,,Girona,2021-02-27,False,
19024793,Entire home/apt,720.0,True,0,0,0,0,60,2018-08-04,2018-08-04,1,0.04,Girona,2020-06-29,False,False
19024797,Entire home/apt,970.0,True,19,19,19,261,80,2018-07-14,2018-07-14,1,0.04,Girona,2020-11-28,False,True
19024811,Entire home/apt,790.0,True,0,6,36,91,,,,0,,Girona,2019-07-29,False,
19024815,Entire home/apt,830.0,True,28,58,77,345,,,,0,,Girona,2018-10-20,False,
19024816,Entire home/apt,640.0,True,0,0,29,167,,,,0,,Girona,2021-02-27,False,
19024830,Entire home/apt,1210.0,True,0,0,0,62,,,,0,,Girona,2018-12-22,False,
19025123,Entire home/apt,4000.0,True,1,31,61,336,100,2017-08-06,2017-08-06,1,0.08,Girona,2018-07-31,False,True
19025511,Entire home/apt,2000.0,False,16,46,76,104,,,,0,,Barcelona,2017-06-05,False,
19025718,Entire home/apt,790.0,True,20,39,69,344,,,,0,,Girona,2019-11-30,False,
19025731,Entire home/apt,750.0,True,0,0,30,249,,,,0,,Girona,2020-01-31,False,
19025742,Entire home/apt,710.0,True,24,24,24,251,,,,0,,Girona,2018-11-26,False,
19025768,Entire home/apt,700.0,True,29,50,50,263,,,,0,,Girona,2019-10-30,False,
19025779,Entire home/apt,550.0,True,14,16,16,16,,,,0,,Girona,2018-08-30,False,
19027592,Entire home/apt,1080.0,True,3,23,53,208,100,2017-07-10,2018-07-15,5,0.4,Mallorca,2018-07-29,False,True
19028601,Private room,250.0,True,0,0,0,0,100,2017-07-05,2018-02-25,6,0.31,Barcelona,2019-02-06,False,True
19029954,Entire home/apt,1300.0,True,30,60,90,272,,,,0,,Menorca,2019-02-24,False,
19030467,Private room,410.0,True,0,0,14,289,91,2017-05-31,2018-10-28,58,2.97,Barcelona,2019-01-14,False,True
19031506,Entire home/apt,1700.0,False,15,17,31,31,,,,0,,Barcelona,2017-06-05,False,
19033087,Entire home/apt,310.0,True,19,35,58,240,97,2017-07-08,2019-12-26,40,1.3,Girona,2020-01-31,False,True
19033335,Entire home/apt,1080.0,True,24,54,84,359,100,2019-12-10,2020-04-24,3,0.35,Barcelona,2020-08-24,False,True
19034083,Private room,1500.0,True,28,58,88,363,,,,0,,Barcelona,2019-11-09,False,
19035097,Entire home/apt,700.0,True,0,0,17,17,100,2017-06-25,2017-07-02,2,0.16,Madrid,2018-07-10,False,True
19036745,Entire home/apt,850.0,True,0,0,0,0,100,2017-07-08,2018-12-09,3,0.13,Madrid,2019-06-07,False,True
19043049,Entire home/apt,750.0,True,0,0,0,0,93,2017-06-01,2017-07-02,4,0.35,Madrid,2018-05-14,False,True
19045378,Private room,530.0,True,30,60,90,90,,,,0,,Barcelona,2018-12-10,False,
19046005,Entire home/apt,4000.0,True,0,28,44,245,100,2018-07-13,2019-08-22,7,0.36,Mallorca,2020-02-29,False,True
19046146,Entire home/apt,550.0,True,6,21,48,323,89,2017-06-06,2019-04-27,145,6.23,Madrid,2019-05-14,False,True
19046214,Private room,150.0,True,29,59,89,197,91,2017-07-11,2020-02-18,104,3.13,Barcelona,2020-04-16,False,True
19048974,Private room,800.0,False,13,40,42,42,,,,0,,Barcelona,2017-07-06,False,
19049962,Entire home/apt,800.0,True,19,49,79,354,90,2017-07-02,2019-06-23,13,0.52,Mallorca,2019-07-25,False,True
19052185,Private room,1200.0,True,0,0,0,0,,,,0,,Madrid,2018-05-14,False,
19053950,Private room,250.0,True,25,55,85,360,80,2017-10-14,2017-10-14,1,1.01,Barcelona,2017-11-13,False,True
19061824,Entire home/apt,1260.0,True,21,29,29,250,,,,0,,Mallorca,2018-04-18,False,
19061986,Entire home/apt,2000.0,True,12,27,27,182,97,2016-03-30,2019-10-25,9,0.19,Mallorca,2020-03-22,False,True
19062027,Entire home/apt,1940.0,True,23,53,73,187,100,2018-09-28,2018-09-28,1,0.17,Mallorca,2019-03-25,False,True
19062117,Entire home/apt,1460.0,True,0,11,28,142,,,,0,,Mallorca,2019-02-17,False,
19062529,Entire home/apt,3660.0,True,0,0,0,145,60,2020-07-26,2020-07-26,1,0.17,Mallorca,2021-01-16,False,False
19062540,Entire home/apt,3160.0,True,29,59,89,217,100,2019-08-09,2019-08-09,1,0.21,Mallorca,2019-12-31,False,True
19064416,Entire home/apt,2310.0,True,19,29,37,222,,,,0,,Mallorca,2019-05-27,False,
19064643,Entire home/apt,600.0,True,8,27,57,332,,,,0,,Madrid,2018-01-17,False,
19066211,Entire home/apt,850.0,True,30,60,90,270,97,2017-07-23,2019-08-18,7,0.2,Valencia,2020-06-30,False,True
19069024,Entire home/apt,1250.0,True,28,58,88,178,100,2017-08-20,2017-08-20,1,0.08,Girona,2018-09-28,False,True
19069803,Private room,200.0,True,26,56,86,86,96,2017-06-07,2017-09-24,10,2.49,Barcelona,2017-10-07,False,True
19080736,Entire home/apt,470.0,True,3,9,14,209,93,2017-07-04,2019-03-25,54,2.59,Valencia,2019-03-31,False,True
19083329,Entire home/apt,2000.0,True,30,60,90,365,95,2017-07-20,2018-10-09,4,0.14,Mallorca,2019-11-28,False,True
19083566,Entire home/apt,1290.0,True,0,22,41,274,90,2017-07-08,2019-12-31,43,1.35,Mallorca,2020-02-29,False,True
19090168,Private room,550.0,True,16,16,16,16,86,2017-06-26,2019-07-22,22,0.86,Madrid,2019-08-12,False,True
19100186,Private room,600.0,True,30,60,90,90,,,,0,,Madrid,2018-01-17,False,
19109336,Entire home/apt,600.0,True,0,0,0,0,95,2017-06-13,2020-03-24,247,7.04,Madrid,2020-05-14,False,True
19109480,Entire home/apt,4000.0,True,0,0,0,0,,,,0,,Madrid,2020-03-17,False,
19110573,Entire home/apt,3450.0,True,30,60,90,365,100,2018-08-21,2019-04-23,2,0.08,Mallorca,2020-10-21,False,True
19111232,Entire home/apt,1650.0,True,2,4,14,240,,,,0,,Mallorca,2018-07-29,False,
19111395,Entire home/apt,830.0,True,0,2,29,61,92,2017-09-15,2019-04-09,27,1.39,Sevilla,2019-04-27,False,True
19112401,Entire home/apt,800.0,True,1,1,5,5,86,2017-06-25,2018-07-07,20,1.52,Girona,2018-07-31,False,True
19115782,Private room,600.0,True,12,17,47,53,92,2017-06-19,2018-06-16,21,1.65,Barcelona,2018-07-10,False,True
19118780,Private room,390.0,True,19,41,71,71,91,2017-08-19,2018-10-29,15,0.81,Barcelona,2019-03-08,False,True
19118872,Private room,420.0,True,2,3,10,254,98,2017-06-13,2019-03-03,106,5.09,Barcelona,2019-03-08,False,True
19127026,Entire home/apt,630.0,True,0,0,0,0,100,2017-07-03,2017-08-31,4,0.17,Girona,2019-05-29,False,True
19127901,Entire home/apt,2000.0,True,0,0,0,0,100,2017-07-12,2017-07-27,2,0.16,Malaga,2018-07-31,False,True
19129261,Entire home/apt,570.0,True,9,25,50,325,100,2017-11-12,2019-01-28,4,0.25,Madrid,2019-03-08,False,True
19133192,Entire home/apt,2200.0,True,28,58,88,179,,,,0,,Mallorca,2018-04-18,False,
19134244,Entire home/apt,1400.0,True,29,59,89,319,93,2017-06-27,2019-06-29,4,0.12,Girona,2020-02-29,False,True
19135262,Private room,600.0,True,28,58,88,88,100,2017-07-01,2017-07-07,2,0.05,Madrid,2020-10-17,False,True
19138115,Private room,300.0,True,0,0,0,0,90,2017-06-18,2017-07-03,2,0.55,Barcelona,2017-10-07,False,True
19150818,Private room,400.0,True,29,59,89,361,100,2017-08-20,2019-08-22,2,0.07,Malaga,2020-01-31,False,True
19153481,Entire home/apt,1820.0,True,19,49,79,315,100,2017-07-15,2018-07-27,9,0.67,Menorca,2018-08-29,False,True
19154124,Entire home/apt,,True,10,30,46,321,95,2017-08-21,2018-08-06,11,0.75,Barcelona,2018-11-07,True,True
19154451,Entire home/apt,700.0,True,27,57,87,214,,2018-05-11,2018-05-13,3,0.46,Girona,2018-11-26,False,
19155983,Entire home/apt,850.0,True,1,1,1,1,78,2017-09-18,2019-09-01,8,0.25,Girona,2020-05-28,False,False
19158294,Entire home/apt,810.0,True,0,0,0,0,98,2017-07-04,2019-08-17,11,0.28,Valencia,2020-09-28,False,True
19161213,Entire home/apt,1280.0,True,5,10,15,133,92,2017-06-20,2019-05-26,37,1.57,Barcelona,2019-06-07,False,True
19167031,Entire home/apt,950.0,False,3,8,16,105,,,,0,,Barcelona,2017-07-06,False,
19168750,Entire home/apt,760.0,True,1,1,1,1,,,,0,,Girona,2020-05-28,False,
19168784,Entire home/apt,840.0,True,30,60,90,365,,,,0,,Girona,2019-10-30,False,
19168791,Entire home/apt,770.0,True,30,60,90,365,,,,0,,Girona,2018-10-20,False,
19168837,Entire home/apt,760.0,True,30,60,90,365,,,,0,,Girona,2019-12-31,False,
19168863,Entire home/apt,630.0,True,30,60,90,365,60,2017-08-15,2017-08-15,1,0.07,Girona,2018-09-28,False,False
19168868,Entire home/apt,620.0,True,30,60,90,365,80,2018-08-18,2018-08-18,1,0.04,Girona,2020-06-29,False,True
19168962,Entire home/apt,610.0,True,14,36,48,310,100,2018-09-08,2018-09-08,1,0.12,Girona,2019-05-29,False,True
19168981,Entire home/apt,600.0,True,30,60,90,365,,,,0,,Girona,2019-09-30,False,
19169266,Entire home/apt,5000.0,True,0,0,0,0,,,,0,,Mallorca,2020-04-23,False,
19171919,Entire home/apt,1030.0,True,0,0,0,119,,,,0,,Girona,2019-03-30,False,
19172034,Entire home/apt,5000.0,True,10,40,70,341,,,,0,,Barcelona,2018-04-12,False,
19172642,Entire home/apt,1000.0,True,7,37,64,333,88,2017-07-09,2017-10-03,13,4.39,Barcelona,2017-10-07,False,True
19172681,Entire home/apt,300.0,True,12,30,30,30,96,2017-07-09,2018-08-29,36,2.51,Mallorca,2018-09-18,False,True
19173447,Entire home/apt,2100.0,True,25,55,85,360,100,2017-08-01,2018-08-23,3,0.21,Mallorca,2018-10-17,False,True
19174776,Private room,930.0,True,29,59,89,179,96,2017-06-16,2017-07-23,5,0.14,Barcelona,2020-06-13,False,True
19175782,Entire home/apt,450.0,True,30,60,90,93,,,,0,,Girona,2018-08-30,False,
19176012,Private room,250.0,True,26,56,86,133,96,2017-06-25,2019-07-14,88,3.44,Madrid,2019-08-12,False,True
19176730,Entire home/apt,5043.0,True,7,7,7,7,92,2017-08-14,2020-08-19,35,0.96,Valencia,2020-08-30,False,True
19185015,Entire home/apt,640.0,True,0,27,31,32,,,,0,,Girona,2019-07-29,False,
19186324,Entire home/apt,,True,29,59,89,179,,,,0,,Barcelona,2018-07-10,True,
19189101,Entire home/apt,1380.0,True,0,0,0,0,98,2017-07-10,2020-10-29,182,4.47,Sevilla,2020-11-30,False,True
19190552,Entire home/apt,650.0,True,22,47,68,343,80,2017-06-30,2019-03-21,2,0.09,Madrid,2019-05-14,False,True
19193802,Entire home/apt,2200.0,True,8,10,16,231,100,2017-09-04,2019-05-10,54,2.66,Barcelona,2019-05-14,False,True
19196593,Entire home/apt,500.0,True,0,0,0,213,93,2017-06-27,2020-09-05,42,1.0,Malaga,2020-12-30,False,True
19200418,Entire home/apt,930.0,True,28,58,88,88,81,2017-06-26,2020-02-28,38,1.13,Barcelona,2020-04-16,False,True
19201959,Entire home/apt,500.0,True,8,21,43,248,89,2017-06-19,2017-08-26,7,0.31,Barcelona,2019-05-14,False,True
19202541,Private room,300.0,True,0,0,0,0,85,2017-07-07,2017-08-23,6,2.72,Barcelona,2017-09-12,False,True
19205415,Private room,200.0,True,0,0,0,0,82,2017-06-16,2017-11-21,14,0.38,Madrid,2020-07-17,False,True
19205565,Entire home/apt,1500.0,True,16,46,51,51,100,2017-08-05,2019-09-06,10,0.39,Mallorca,2019-09-28,False,True
19205820,Entire home/apt,1000.0,True,0,0,0,0,100,2017-06-26,2018-02-20,2,0.21,Barcelona,2018-04-12,False,True
19205969,Entire home/apt,1550.0,True,0,0,0,0,97,2017-08-10,2018-10-07,14,0.79,Mallorca,2019-01-28,False,True
19206726,Entire home/apt,730.0,True,0,20,50,56,,,,0,,Girona,2019-07-29,False,
19207960,Entire home/apt,1100.0,True,16,46,76,339,80,2017-07-31,2018-07-21,6,0.44,Mallorca,2018-09-18,False,True
19219220,Entire home/apt,2110.0,True,10,30,52,212,91,2017-07-07,2018-10-14,45,2.92,Sevilla,2018-10-18,False,True
19224699,Entire home/apt,1000.0,True,0,7,37,312,93,2017-06-18,2019-01-19,58,2.66,Madrid,2019-04-11,False,True
19231052,Entire home/apt,3000.0,True,23,53,83,358,,,,0,,Girona,2020-04-30,False,
19234117,Private room,1500.0,True,0,0,0,0,,,,0,,Mallorca,2020-08-28,False,
19236052,Entire home/apt,1160.0,True,0,0,26,224,100,2018-05-14,2018-05-14,1,0.03,Girona,2021-02-27,False,True
19236056,Entire home/apt,990.0,True,0,0,0,0,80,2018-06-10,2019-06-02,4,0.19,Girona,2020-03-26,False,True
19236063,Entire home/apt,1180.0,True,1,1,1,1,93,2018-09-17,2020-10-12,3,0.11,Girona,2020-11-28,False,True
19236073,Entire home/apt,1520.0,True,0,0,2,173,93,2018-03-25,2018-06-10,3,0.34,Girona,2018-12-22,False,True
19236201,Entire home/apt,900.0,True,29,59,89,364,,,,0,,Madrid,2018-01-17,False,
19236776,Entire home/apt,900.0,True,1,5,9,124,94,2017-07-18,2019-10-25,42,1.22,Mallorca,2020-05-28,False,True
19239394,Entire home/apt,750.0,True,3,16,38,54,100,2017-06-19,2018-07-17,28,2.1,Mallorca,2018-07-29,False,True
19239896,Entire home/apt,2000.0,True,15,45,75,173,94,2017-07-06,2018-07-31,35,2.63,Barcelona,2018-08-14,False,True
19247457,Entire home/apt,990.0,True,0,14,44,319,,,,0,,Madrid,2020-05-14,False,
19247705,Entire home/apt,560.0,True,0,20,50,116,,,,0,,Girona,2019-07-29,False,
19247709,Entire home/apt,890.0,True,28,58,88,92,20,2018-04-01,2018-04-01,1,0.17,Girona,2018-09-28,False,False
19247725,Entire home/apt,850.0,True,0,26,56,123,,,,0,,Girona,2018-04-21,False,
19253529,Entire home/apt,1800.0,True,16,41,68,160,100,2017-10-01,2019-04-29,14,0.7,Sevilla,2019-05-29,False,True
19260745,Entire home/apt,890.0,True,15,40,67,319,100,2017-07-04,2017-07-13,2,0.07,Sevilla,2019-10-30,False,True
19260750,Entire home/apt,970.0,True,10,37,61,291,88,2017-08-13,2019-05-21,5,0.22,Sevilla,2019-06-29,False,True
19268594,Entire home/apt,3000.0,True,29,59,89,90,,,,0,,Madrid,2020-06-13,False,
19270009,Private room,390.0,True,0,0,0,165,93,2017-07-24,2017-11-06,8,0.83,Barcelona,2018-05-14,False,True
19270083,Private room,590.0,True,0,0,0,0,99,2017-12-08,2020-03-01,44,1.15,Madrid,2021-02-09,False,True
19278598,Entire home/apt,880.0,True,29,59,89,123,97,2017-08-12,2020-03-15,66,1.8,Valencia,2020-08-30,False,True
19278876,Entire home/apt,850.0,True,28,56,86,361,96,2017-07-29,2019-12-23,68,2.34,Malaga,2019-12-31,False,True
19280128,Entire home/apt,5000.0,True,30,60,90,90,90,2017-08-19,2018-07-21,2,0.1,Malaga,2019-03-31,False,True
19280664,Entire home/apt,1240.0,True,0,0,2,202,91,2017-07-27,2020-08-06,30,0.73,Mallorca,2020-12-19,False,True
19280939,Entire home/apt,2730.0,True,8,24,54,302,95,2017-07-27,2019-06-04,84,3.76,Barcelona,2019-06-07,False,True
19288117,Private room,240.0,True,0,0,0,0,88,2017-06-20,2018-10-21,37,1.71,Barcelona,2019-04-10,False,True
19290386,Private room,600.0,True,20,50,80,355,94,2017-06-20,2018-08-30,43,2.92,Barcelona,2018-09-11,False,True
19294912,Private room,190.0,True,15,15,15,15,84,2017-06-19,2018-10-13,84,4.74,Madrid,2018-12-10,False,True
19299038,Private room,300.0,True,0,0,0,0,100,2017-07-22,2018-03-26,2,0.05,Madrid,2020-09-13,False,True
19299446,Entire home/apt,550.0,True,24,35,57,126,96,2017-07-02,2019-07-28,73,2.88,Madrid,2019-08-12,False,True
19301422,Private room,320.0,True,0,0,0,62,92,2017-06-25,2018-05-06,5,0.24,Madrid,2019-03-08,False,True
19302170,Entire home/apt,900.0,True,22,52,69,69,86,2017-07-27,2019-08-14,22,0.82,Barcelona,2019-10-16,False,True
19302943,Entire home/apt,900.0,True,28,58,73,348,90,2017-08-09,2019-02-03,8,0.37,Girona,2019-05-29,False,True
19303345,Entire home/apt,3900.0,True,0,0,0,0,97,2017-07-16,2018-10-11,27,1.67,Mallorca,2018-11-20,False,True
19306339,Entire home/apt,3500.0,True,15,45,75,77,100,2017-07-16,2017-08-26,4,0.32,Girona,2018-07-31,False,True
19307567,Entire home/apt,1700.0,True,9,39,69,202,99,2017-07-25,2018-08-12,15,1.16,Mallorca,2018-08-21,False,True
19310672,Entire home/apt,1620.0,True,30,33,33,33,80,2018-09-01,2018-09-01,1,1.13,Girona,2018-09-28,False,True
19310690,Private room,600.0,True,1,10,29,222,100,2017-06-27,2017-09-09,13,5.13,Barcelona,2017-09-12,False,True
19312456,Entire home/apt,2500.0,True,0,0,0,0,,,,0,,Mallorca,2019-03-25,False,
19321540,Entire home/apt,,True,30,60,90,365,,,,0,,Barcelona,2019-09-17,True,
19322427,Private room,500.0,True,0,0,0,0,,2018-02-24,2018-02-24,1,0.09,Sevilla,2019-01-29,False,
19324222,Private room,350.0,True,0,0,0,0,95,2017-06-22,2017-07-01,4,0.17,Barcelona,2019-06-07,False,True
19327719,Entire home/apt,1200.0,True,11,32,52,292,100,2017-09-26,2017-09-26,1,0.27,Madrid,2018-01-17,False,True
19327853,Private room,300.0,True,0,0,0,0,100,2017-06-24,2017-08-02,3,0.07,Madrid,2020-12-17,False,True
19329055,Entire home/apt,600.0,True,0,0,0,0,93,2017-06-24,2017-07-02,3,0.08,Madrid,2020-07-17,False,True
19330601,Entire home/apt,1800.0,True,25,54,58,58,80,2017-07-21,2017-08-17,3,0.21,Girona,2018-09-28,False,True
19332376,Entire home/apt,1210.0,False,5,13,43,43,80,2017-07-08,2017-07-08,1,1.05,Barcelona,2017-08-06,False,True
19341882,Entire home/apt,650.0,True,25,51,78,349,87,2017-08-08,2019-11-11,57,1.74,Sevilla,2020-04-30,False,True
19342533,Entire home/apt,700.0,True,24,54,84,84,86,2017-09-30,2018-07-01,19,2.04,Madrid,2018-07-10,False,True
19343873,Entire home/apt,1300.0,True,11,29,59,59,95,2017-07-02,2018-08-26,35,2.44,Barcelona,2018-09-11,False,True
19344018,Private room,2000.0,True,0,0,0,0,,,,0,,Madrid,2019-01-14,False,
19344281,Entire home/apt,550.0,True,5,15,37,214,95,2017-07-24,2019-09-16,96,3.66,Malaga,2019-09-30,False,True
19345027,Entire home/apt,800.0,True,13,33,49,49,94,2017-06-25,2018-01-14,41,6.05,Madrid,2018-01-17,False,True
19354061,Private room,640.0,True,30,60,90,365,90,2017-06-25,2017-11-18,24,1.23,Barcelona,2019-02-06,False,True
19355899,Entire home/apt,640.0,True,6,15,15,15,99,2017-12-03,2019-01-02,77,5.75,Madrid,2019-01-14,False,True
19358247,Entire home/apt,450.0,True,18,28,28,28,95,2017-07-15,2017-10-30,4,0.3,Girona,2018-08-30,False,True
19362573,Entire home/apt,450.0,True,4,17,17,84,98,2017-06-25,2018-12-27,43,1.68,Madrid,2019-08-12,False,True
19368505,Entire home/apt,590.0,True,0,0,0,0,100,2017-06-19,2018-03-23,4,0.29,Madrid,2018-08-14,False,True
19373219,Entire home/apt,1570.0,True,0,0,0,202,,,,0,,Mallorca,2020-10-21,False,
19373276,Entire home/apt,1490.0,True,0,16,46,214,92,2017-07-12,2020-03-02,58,1.75,Madrid,2020-04-17,False,True
19373600,Entire home/apt,700.0,True,0,0,0,0,,,,0,,Girona,2018-09-28,False,
19376228,Entire home/apt,1100.0,True,28,58,88,174,93,2017-06-26,2020-02-15,59,1.8,Madrid,2020-03-17,False,True
19376372,Private room,600.0,True,29,59,89,89,100,2017-06-23,2017-09-25,5,0.73,Barcelona,2018-01-17,False,True
19376646,Entire home/apt,600.0,True,12,26,31,276,100,2017-07-24,2018-12-17,20,1.1,Sevilla,2019-01-29,False,True
19378717,Entire home/apt,3850.0,True,20,44,56,155,,,,0,,Mallorca,2020-09-19,False,
19380351,Entire home/apt,1400.0,True,30,54,84,84,91,2017-07-12,2017-10-15,14,2.25,Barcelona,2018-01-17,False,True
19386220,Private room,340.0,True,5,5,31,306,85,2017-07-06,2018-03-04,16,1.74,Barcelona,2018-04-12,False,True
19389216,Entire home/apt,650.0,True,0,0,0,272,94,2017-06-26,2020-03-20,125,3.09,Madrid,2020-11-06,False,True
19396102,Private room,300.0,True,22,48,63,138,100,2017-07-02,2019-03-18,12,0.55,Valencia,2019-05-01,False,True
19396661,Entire home/apt,340.0,True,22,46,76,351,84,2017-08-03,2017-11-06,9,2.4,Malaga,2017-11-25,False,True
19399175,Entire home/apt,1270.0,True,0,0,0,201,,,,0,,Mallorca,2018-10-17,False,
19399865,Private room,410.0,True,4,32,62,153,91,2017-07-09,2017-12-30,17,2.43,Barcelona,2018-02-07,False,True
19402970,Entire home/apt,2500.0,True,0,0,26,301,,2019-03-30,2019-03-30,1,0.17,Mallorca,2019-09-28,False,
19404915,Entire home/apt,1000.0,True,0,0,0,0,,,,0,,Madrid,2020-03-17,False,
19406810,Private room,450.0,True,0,0,0,0,100,2017-06-25,2017-09-05,2,0.13,Madrid,2018-10-10,False,True
19409186,Private room,2500.0,True,0,0,0,0,,,,0,,Madrid,2020-08-25,False,
19410032,Private room,500.0,True,0,0,0,0,,2017-06-21,2017-06-21,1,0.03,Barcelona,2020-06-13,False,
19410686,Private room,250.0,True,0,0,0,0,,,,0,,Madrid,2019-12-10,False,
19411356,Entire home/apt,300.0,True,0,0,0,0,90,2017-07-03,2018-08-30,2,0.06,Madrid,2020-04-17,False,True
19412149,Entire home/apt,,True,9,10,10,85,100,2018-08-10,2019-07-09,4,0.18,Menorca,2020-05-31,True,True
19418846,Private room,300.0,True,0,0,0,0,89,2017-07-11,2019-06-22,17,0.5,Barcelona,2020-05-11,False,True
19419933,Entire home/apt,790.0,True,28,58,81,171,99,2017-08-06,2018-11-19,17,0.59,Valencia,2019-12-31,False,True
19420887,Private room,340.0,True,21,36,49,49,97,2017-07-17,2019-01-22,33,1.73,Mallorca,2019-02-17,False,True
19423176,Entire home/apt,600.0,True,28,58,88,178,94,2017-06-25,2018-10-28,14,0.85,Madrid,2018-11-07,False,True
19425693,Private room,700.0,True,30,60,90,365,67,2017-07-13,2017-09-27,6,0.87,Barcelona,2018-02-07,False,False
19426007,Entire home/apt,1050.0,True,19,49,52,52,,2017-06-26,2017-06-26,1,0.07,Girona,2018-08-30,False,
19426209,Entire home/apt,1200.0,True,0,0,0,27,98,2017-08-12,2020-07-30,11,0.29,Girona,2020-10-28,False,True
19429639,Entire home/apt,550.0,True,1,8,22,80,88,2017-08-25,2018-04-04,24,3.17,Barcelona,2018-04-12,False,True
19433592,Entire home/apt,540.0,True,12,41,56,56,95,2017-07-23,2017-12-29,13,2.22,Madrid,2018-01-17,False,True
19438429,Entire home/apt,550.0,True,4,24,47,137,95,2017-06-26,2018-09-20,108,6.97,Madrid,2018-10-10,False,True
19444196,Entire home/apt,1100.0,True,20,40,70,259,95,2017-07-12,2020-01-05,27,0.85,Valencia,2020-02-29,False,True
19445128,Entire home/apt,890.0,True,4,8,20,265,94,2017-11-12,2019-02-26,16,0.91,Valencia,2019-05-01,False,True
19446901,Entire home/apt,1390.0,True,19,45,75,346,95,2017-07-04,2018-10-23,92,5.7,Madrid,2018-11-07,False,True
19451361,Entire home/apt,700.0,True,25,48,48,48,89,2017-06-25,2018-03-25,9,0.72,Madrid,2018-07-10,False,True
19454469,Entire home/apt,670.0,True,29,59,89,179,90,2017-07-16,2019-08-22,6,0.14,Girona,2021-01-31,False,True
19455452,Entire home/apt,630.0,True,0,9,28,232,89,2017-09-11,2019-06-03,33,1.58,Madrid,2019-06-07,False,True
19461678,Entire home/apt,450.0,True,21,51,76,351,92,2017-07-30,2018-04-01,10,1.19,Madrid,2018-04-12,False,True
19464663,Entire home/apt,1890.0,True,11,22,52,197,88,2017-10-06,2018-04-14,5,0.69,Barcelona,2018-05-14,False,True
19465312,Entire home/apt,690.0,True,30,31,31,31,,,,0,,Girona,2019-11-30,False,
19465366,Entire home/apt,1150.0,True,0,0,0,0,93,2017-11-21,2019-05-06,9,0.36,Valencia,2019-12-31,False,True
19465513,Entire home/apt,1100.0,True,30,50,63,157,95,2017-07-24,2019-10-18,39,1.14,Mallorca,2020-05-28,False,True
19465790,Entire home/apt,1000.0,True,27,55,57,332,100,2017-08-05,2020-01-01,15,0.44,Girona,2020-05-28,False,True
19465905,Private room,890.0,True,22,44,74,338,100,2017-07-13,2017-07-13,1,0.25,Barcelona,2017-11-13,False,True
19468043,Entire home/apt,650.0,True,30,60,90,180,100,2018-04-01,2019-09-11,13,0.68,Girona,2019-10-30,False,True
19469108,Entire home/apt,1150.0,True,0,0,0,214,75,2017-07-22,2018-07-13,4,0.24,Mallorca,2018-12-18,False,False
19471428,Entire home/apt,550.0,True,6,28,43,313,89,2017-06-26,2018-09-08,48,3.3,Madrid,2018-09-11,False,True
19480905,Entire home/apt,3000.0,True,0,0,0,28,100,2017-07-27,2017-09-02,2,0.07,Mallorca,2020-01-29,False,True
19483851,Entire home/apt,590.0,True,7,29,59,334,60,2017-09-24,2019-05-02,5,0.21,Madrid,2019-09-19,False,False
19485026,Entire home/apt,1000.0,True,0,0,0,0,,,,0,,Madrid,2019-01-14,False,
19487935,Entire home/apt,1390.0,True,10,25,25,46,100,2017-07-15,2017-10-08,5,1.26,Barcelona,2017-11-13,False,True
19496313,Entire home/apt,1300.0,True,3,26,43,318,90,2017-08-23,2018-06-15,2,0.18,Mallorca,2018-07-29,False,True
19497294,Private room,280.0,True,29,59,89,364,98,2017-07-04,2018-08-27,19,1.37,Girona,2018-08-30,False,True
19501324,Entire home/apt,1000.0,True,18,48,71,157,97,2017-06-30,2018-07-08,30,2.43,Madrid,2018-07-10,False,True
19501715,Entire home/apt,400.0,True,27,57,69,341,94,2017-07-16,2019-04-21,47,2.1,Girona,2019-05-29,False,True
19503907,Private room,400.0,True,0,0,0,0,,,,0,,Barcelona,2019-01-14,False,
19512272,Entire home/apt,700.0,True,15,25,47,103,80,2018-04-26,2019-02-24,2,0.18,Sevilla,2019-03-28,False,True
19512307,Entire home/apt,1400.0,True,25,55,85,350,80,2017-07-28,2019-09-13,14,0.54,Mallorca,2019-09-28,False,True
19513173,Entire home/apt,4000.0,True,30,60,90,365,91,2017-07-23,2020-01-02,16,0.45,Barcelona,2020-07-17,False,True
19514521,Entire home/apt,420.0,True,0,0,0,0,85,2018-04-24,2020-05-15,4,0.15,Madrid,2020-07-17,False,True
19515160,Entire home/apt,450.0,True,30,60,90,242,70,2018-02-28,2019-09-11,10,0.38,Girona,2020-04-30,False,False
19516079,Entire home/apt,640.0,True,0,0,0,0,93,2017-07-13,2018-09-26,11,0.68,Mallorca,2018-11-20,False,True
19516255,Entire home/apt,1110.0,True,22,52,82,356,,,,0,,Madrid,2018-10-10,False,
19517544,Entire home/apt,2010.0,True,30,60,84,263,,2019-04-16,2019-04-16,1,0.12,Mallorca,2019-12-31,False,
19517706,Entire home/apt,700.0,True,0,0,0,0,,,,0,,Madrid,2018-07-10,False,
19525030,Entire home/apt,2000.0,True,30,51,66,95,91,2017-07-24,2019-09-09,14,0.41,Mallorca,2020-05-28,False,True
19526824,Private room,150.0,True,10,28,58,333,86,2017-07-01,2018-04-30,28,2.69,Madrid,2018-05-14,False,True
19527080,Entire home/apt,1500.0,True,0,0,0,0,,,,0,,Madrid,2018-09-11,False,
19528420,Entire home/apt,1400.0,True,3,5,35,206,97,2017-07-27,2019-06-27,47,2.03,Valencia,2019-07-01,False,True
19528993,Entire home/apt,1000.0,True,11,20,38,313,97,2017-07-29,2020-01-01,30,0.86,Mallorca,2020-06-25,False,True
19530585,Private room,500.0,True,0,0,0,0,100,2017-07-11,2017-07-24,2,0.18,Barcelona,2018-06-09,False,True
19535792,Entire home/apt,590.0,True,11,41,71,205,96,2017-08-16,2019-08-31,11,0.4,Barcelona,2019-12-10,False,True
19536517,Entire home/apt,1200.0,True,30,44,74,255,98,2017-08-19,2020-03-13,8,0.23,Girona,2020-06-29,False,True
19539007,Entire home/apt,200.0,True,0,1,31,36,100,2018-10-10,2020-12-16,2,0.07,Malaga,2021-01-31,False,True
19539067,Private room,540.0,True,10,10,10,10,92,2017-07-03,2017-09-14,5,0.96,Barcelona,2017-12-09,False,True
19540030,Entire home/apt,300.0,True,0,0,0,0,,,,0,,Madrid,2021-02-09,False,
19543761,Entire home/apt,1410.0,True,30,60,90,365,100,2017-10-22,2018-12-09,2,0.11,Girona,2019-04-29,False,True
19547156,Entire home/apt,810.0,True,1,8,21,63,100,2017-10-25,2017-11-02,2,0.35,Mallorca,2018-04-18,False,True
19547774,Private room,1000.0,False,12,27,57,147,,,,0,,Barcelona,2017-07-06,False,
19548058,Entire home/apt,1000.0,True,2,18,32,140,91,2017-07-10,2019-10-11,140,5.14,Madrid,2019-10-16,False,True
19548220,Entire home/apt,2000.0,True,29,59,89,350,,,,0,,Girona,2019-12-31,False,
19549604,Private room,1000.0,True,0,0,0,0,,,,0,,Madrid,2020-04-17,False,
19550113,Entire home/apt,1990.0,False,0,16,46,136,,,,0,,Barcelona,2017-07-06,False,
19550672,Private room,350.0,True,28,58,60,333,,2018-08-17,2018-08-17,1,0.1,Valencia,2019-07-01,False,
19550741,Private room,250.0,True,5,35,65,108,40,2017-07-30,2017-07-30,1,0.08,Mallorca,2018-08-21,False,False
19551176,Private room,650.0,True,18,48,66,156,99,2017-07-02,2018-03-31,15,1.57,Mallorca,2018-04-18,False,True
19554256,Entire home/apt,850.0,True,0,0,0,0,100,2017-08-13,2017-08-13,1,0.12,Girona,2018-04-21,False,True
19558792,Private room,700.0,True,0,0,0,0,,,,0,,Madrid,2020-06-13,False,
19560747,Entire home/apt,800.0,True,6,20,47,78,60,2017-08-07,2017-08-07,1,0.5,Barcelona,2017-10-07,False,False
19562523,Entire home/apt,700.0,True,19,44,74,75,83,2017-07-16,2020-02-12,112,3.6,Barcelona,2020-02-16,False,True
19563178,Entire home/apt,690.0,True,22,52,82,357,100,2017-08-24,2017-08-24,1,0.08,Mallorca,2018-09-18,False,True
19563260,Entire home/apt,550.0,True,0,0,0,87,87,2017-09-09,2020-08-13,3,0.08,Girona,2020-10-28,False,True
19563432,Entire home/apt,800.0,True,13,41,67,68,89,2017-07-03,2019-06-24,160,6.6,Madrid,2019-07-10,False,True
19565272,Private room,1400.0,False,2,2,2,2,,,,0,,Barcelona,2017-07-06,False,
19565351,Entire home/apt,2000.0,True,0,0,0,0,,,,0,,Madrid,2019-07-10,False,
19566561,Entire home/apt,2750.0,True,16,46,76,351,,,,0,,Menorca,2019-09-01,False,
19568099,Entire home/apt,1500.0,True,30,60,90,180,90,2018-06-23,2018-08-04,2,0.11,Girona,2019-12-31,False,True
19569193,Entire home/apt,620.0,True,29,59,87,362,93,2017-07-22,2019-08-03,3,0.1,Girona,2019-12-31,False,True
19572721,Entire home/apt,600.0,True,0,0,0,0,100,2017-09-15,2017-09-15,1,0.05,Madrid,2019-05-14,False,True
19573319,Entire home/apt,1800.0,True,2,7,15,24,99,2017-07-16,2018-05-08,39,3.93,Madrid,2018-05-14,False,True
19584088,Entire home/apt,,True,27,57,87,362,100,2017-08-22,2017-08-22,1,0.07,Mallorca,2018-10-17,True,True
19586020,Entire home/apt,800.0,True,29,57,85,305,,,,0,,Girona,2019-02-19,False,
19591315,Entire home/apt,410.0,True,9,17,40,311,,,,0,,Madrid,2018-08-14,False,
19598986,Private room,240.0,True,6,23,31,31,92,2017-07-11,2018-05-12,67,6.63,Madrid,2018-05-14,False,True
19599777,Entire home/apt,700.0,True,25,55,85,360,78,2017-08-12,2019-08-23,12,0.49,Girona,2019-08-31,False,False
19602193,Entire home/apt,600.0,True,28,58,88,178,73,2018-06-27,2018-09-21,3,0.79,Girona,2018-10-20,False,False
19602393,Entire home/apt,740.0,True,19,20,20,20,80,2018-01-06,2018-01-06,1,0.05,Girona,2019-08-31,False,True
19604711,Entire home/apt,2400.0,True,0,0,0,0,,2018-05-06,2018-05-06,1,0.35,Girona,2018-07-31,False,
19605553,Entire home/apt,650.0,True,30,59,86,334,99,2017-09-13,2020-07-19,101,2.84,Valencia,2020-08-30,False,True
19608337,Private room,350.0,True,18,43,73,157,86,2017-10-30,2019-02-26,19,1.17,Barcelona,2019-03-08,False,True
19614710,Entire home/apt,920.0,True,0,0,8,283,,,,0,,Barcelona,2019-07-10,False,
19617586,Private room,500.0,True,0,0,0,75,94,2017-07-06,2019-10-08,21,0.55,Barcelona,2020-09-12,False,True
19620306,Entire home/apt,1000.0,True,0,11,41,221,92,2017-08-19,2020-03-16,52,1.24,Madrid,2021-02-09,False,True
19622445,Private room,210.0,True,27,57,87,177,95,2017-07-12,2020-08-13,197,5.23,Valencia,2020-08-30,False,True
19631249,Entire home/apt,600.0,True,0,0,21,111,94,2017-07-13,2020-06-30,147,3.75,Madrid,2020-10-17,False,True
19633742,Entire home/apt,1560.0,True,0,26,56,331,93,2017-08-12,2018-07-31,3,0.13,Girona,2019-07-29,False,True
19635203,Private room,230.0,True,30,60,90,90,98,2019-02-28,2019-11-01,21,1.55,Barcelona,2020-04-16,False,True
19636967,Private room,700.0,True,0,0,0,0,,,,0,,Barcelona,2019-10-16,False,
19639019,Entire home/apt,600.0,True,1,1,4,93,94,2017-07-09,2018-06-29,13,1.08,Madrid,2018-07-10,False,True
19650974,Private room,400.0,True,0,0,0,0,80,2017-07-23,2017-10-02,8,0.34,Madrid,2019-07-10,False,True
19651408,Entire home/apt,1500.0,True,15,31,47,307,67,2017-10-14,2018-09-30,3,0.19,Sevilla,2019-01-29,False,False
19652854,Entire home/apt,650.0,True,9,9,9,9,,,,0,,Girona,2018-12-22,False,
19660958,Private room,300.0,True,0,0,0,0,90,2017-07-11,2018-09-04,6,0.15,Madrid,2020-10-17,False,True
19665690,Entire home/apt,1200.0,True,0,3,31,298,,,,0,,Mallorca,2018-08-21,False,
19665697,Entire home/apt,1570.0,True,0,0,0,0,86,2017-07-21,2018-10-08,10,0.34,Mallorca,2019-12-31,False,True
19667124,Entire home/apt,1380.0,True,0,0,0,196,,,,0,,Girona,2018-11-26,False,
19667923,Private room,500.0,True,0,0,0,0,100,2017-07-08,2018-04-17,6,0.35,Barcelona,2018-12-10,False,True
19673845,Entire home/apt,1900.0,True,1,2,7,29,,,,0,,Mallorca,2019-06-27,False,
19675350,Entire home/apt,450.0,True,12,38,68,343,96,2017-08-02,2018-12-09,103,6.18,Malaga,2018-12-22,False,True
19675603,Entire home/apt,1500.0,True,17,30,60,60,98,2017-07-14,2018-07-28,72,5.53,Madrid,2018-08-14,False,True
19685169,Entire home/apt,1100.0,True,29,59,89,364,,,,0,,Girona,2019-03-30,False,
19686811,Private room,310.0,True,0,14,44,319,,,,0,,Barcelona,2020-06-13,False,
19687220,Entire home/apt,730.0,True,2,6,20,97,94,2017-09-04,2019-05-15,71,3.37,Madrid,2019-06-07,False,True
19687587,Entire home/apt,770.0,True,19,33,52,286,89,2018-03-18,2019-03-31,8,0.55,Valencia,2019-05-31,False,True
19691280,Private room,500.0,True,0,0,0,0,92,2017-09-24,2019-10-13,50,1.6,Sevilla,2020-04-30,False,True
19692765,Entire home/apt,800.0,True,6,28,48,134,93,2017-09-11,2018-07-17,19,1.47,Madrid,2018-10-10,False,True
19693023,Entire home/apt,1000.0,True,8,21,24,104,96,2017-08-09,2020-01-12,59,1.82,Mallorca,2020-04-23,False,True
19693832,Private room,600.0,False,11,11,11,11,,,,0,,Barcelona,2017-07-06,False,
19704429,Private room,660.0,True,0,0,0,0,85,2017-07-17,2017-08-28,4,0.15,Barcelona,2019-10-16,False,True
19710815,Entire home/apt,1530.0,True,7,25,36,275,97,2017-09-17,2019-06-01,12,0.55,Madrid,2019-07-10,False,True
19729694,Entire home/apt,1050.0,True,0,0,0,72,100,2018-08-13,2018-08-24,2,0.48,Mallorca,2018-12-18,False,True
19731063,Private room,390.0,True,30,60,90,177,91,2017-07-14,2020-03-06,305,8.81,Valencia,2020-05-31,False,True
19733367,Private room,320.0,True,20,38,68,68,100,2017-07-20,2017-12-21,6,1.01,Barcelona,2018-01-17,False,True
19733882,Entire home/apt,1500.0,True,0,0,0,183,98,2017-08-04,2019-09-08,13,0.45,Girona,2019-12-31,False,True
19740318,Entire home/apt,1400.0,True,23,53,83,173,100,2017-08-12,2017-08-12,1,0.03,Girona,2020-11-28,False,True
19740662,Entire home/apt,1670.0,True,27,41,55,280,100,2019-04-20,2019-04-20,1,0.08,Mallorca,2020-05-28,False,True
19742666,Private room,350.0,True,24,46,76,166,87,2017-07-10,2018-07-05,23,1.92,Barcelona,2018-07-10,False,True
19742750,Entire home/apt,350.0,True,0,0,0,0,80,2017-09-16,2017-09-18,2,0.06,Madrid,2020-05-14,False,True
19746560,Entire home/apt,2250.0,True,30,58,83,171,98,2017-07-23,2019-12-29,19,0.57,Girona,2020-04-30,False,True
19748832,Private room,270.0,True,0,0,0,0,100,2017-07-16,2018-03-03,3,0.19,Barcelona,2018-11-07,False,True
19749862,Private room,200.0,True,1,15,34,292,98,2017-08-17,2019-03-23,57,2.88,Madrid,2019-04-11,False,True
19755762,Private room,350.0,True,22,52,82,357,,,,0,,Madrid,2019-09-19,False,
19757876,Private room,350.0,True,2,2,2,2,100,2017-07-22,2018-04-01,7,0.81,Barcelona,2018-04-12,False,True
19761001,Entire home/apt,550.0,True,0,0,0,12,96,2017-07-31,2018-07-16,5,0.4,Madrid,2018-08-14,False,True
19764608,Entire home/apt,1980.0,True,26,27,27,107,100,2017-08-08,2017-10-29,7,2.19,Barcelona,2017-11-13,False,True
19779264,Entire home/apt,900.0,True,6,16,32,269,95,2017-10-30,2018-11-01,81,6.6,Barcelona,2018-11-07,False,True
19780457,Entire home/apt,500.0,True,23,53,83,336,,,,0,,Girona,2019-03-30,False,
19780600,Entire home/apt,1750.0,True,30,60,90,344,90,2018-07-26,2018-11-03,4,0.82,Girona,2018-12-22,False,True
19782028,Private room,450.0,True,14,44,67,67,90,2017-08-10,2017-08-20,2,1.84,Barcelona,2017-09-12,False,True
19782724,Entire home/apt,1250.0,True,0,0,0,0,,,,0,,Girona,2020-01-31,False,
19784562,Entire home/apt,,True,19,41,58,225,97,2017-07-31,2018-04-15,8,0.93,Mallorca,2018-04-18,True,True
19785957,Private room,180.0,True,2,4,16,26,95,2017-08-01,2018-08-02,19,1.5,Mallorca,2018-08-21,False,True
19792591,Private room,320.0,True,13,43,73,73,90,2017-07-19,2019-07-28,47,1.93,Girona,2019-07-29,False,True
19794259,Private room,210.0,True,30,60,90,365,100,2019-12-21,2020-03-15,2,0.42,Madrid,2020-05-14,False,True
19795100,Private room,5000.0,True,21,46,75,140,88,2017-08-13,2019-03-02,5,0.26,Sevilla,2019-03-28,False,True
19796620,Entire home/apt,660.0,True,30,60,89,133,75,2017-08-12,2019-08-17,4,0.1,Girona,2020-11-28,False,False
19798229,Entire home/apt,1000.0,True,2,2,2,2,72,2017-07-23,2017-08-20,5,2.98,Barcelona,2017-09-12,False,False
19800086,Entire home/apt,850.0,True,0,0,0,154,100,2017-07-16,2020-02-23,6,0.17,Girona,2020-05-28,False,True
19800953,Entire home/apt,2300.0,False,12,42,72,347,,,,0,,Barcelona,2017-08-06,False,
19803251,Private room,300.0,True,0,1,3,3,90,2017-07-18,2018-08-23,26,1.76,Barcelona,2018-10-10,False,True
19807607,Private room,200.0,True,10,14,14,14,98,2017-07-21,2020-02-17,209,6.74,Madrid,2020-02-18,False,True
19814895,Private room,300.0,True,0,12,42,317,100,2017-07-18,2017-07-20,2,0.2,Barcelona,2018-05-14,False,True
19815605,Entire home/apt,400.0,True,0,0,0,0,90,2017-09-29,2018-02-28,6,0.31,Madrid,2019-05-14,False,True
19815881,Entire home/apt,590.0,True,28,58,88,257,80,2018-08-19,2018-08-19,1,0.14,Girona,2019-03-30,False,True
19823222,Private room,280.0,True,4,14,19,280,99,2017-08-03,2019-11-17,159,5.7,Sevilla,2019-11-29,False,True
19838657,Private room,400.0,True,13,43,73,348,95,2017-07-17,2018-04-15,34,3.43,Barcelona,2018-05-14,False,True
19842111,Private room,250.0,True,0,0,0,0,,,,0,,Madrid,2018-08-14,False,
19853849,Hotel room,440.0,True,0,0,0,0,88,2018-04-15,2020-03-02,17,0.67,Sevilla,2020-05-30,False,True
19854110,Entire home/apt,3500.0,True,20,50,80,355,100,2017-08-22,2017-08-22,1,1.45,Barcelona,2017-09-12,False,True
19854400,Entire home/apt,670.0,True,29,35,61,336,93,2017-07-31,2019-04-21,16,0.73,Girona,2019-05-29,False,True
19857688,Entire home/apt,4750.0,True,30,49,74,347,100,2018-10-28,2019-07-11,2,0.23,Mallorca,2019-07-25,False,True
19858874,Entire home/apt,1000.0,True,15,45,75,319,100,2018-07-18,2018-08-19,3,1.47,Mallorca,2018-09-18,False,True
19861039,Entire home/apt,580.0,True,3,10,10,10,97,2017-08-06,2019-06-17,59,2.58,Valencia,2019-07-01,False,True
19865607,Entire home/apt,5000.0,True,30,60,90,365,83,2017-08-27,2020-03-14,24,0.76,Barcelona,2020-04-16,False,True
19865779,Entire home/apt,620.0,True,0,0,0,136,87,2017-11-17,2020-10-19,36,1.01,Barcelona,2020-11-06,False,True
19866514,Entire home/apt,3000.0,True,15,16,16,16,100,2018-06-30,2018-06-30,1,0.5,Girona,2018-08-30,False,True
19867396,Private room,,True,29,59,89,90,70,2017-07-26,2017-08-20,4,0.1,Valencia,2021-01-19,True,False
19868051,Entire home/apt,2140.0,True,0,0,23,203,100,2017-07-19,2017-08-26,2,0.15,Girona,2018-08-30,False,True
19869060,Entire home/apt,2150.0,True,29,59,89,364,100,2017-08-28,2017-08-28,1,0.21,Barcelona,2018-01-17,False,True
19871929,Private room,400.0,True,23,53,83,84,100,2017-08-26,2018-04-07,2,0.13,Madrid,2018-12-10,False,True
19877856,Private room,220.0,False,16,46,76,76,,,,0,,Barcelona,2017-08-06,False,
19880625,Private room,380.0,True,10,18,27,28,98,2017-08-05,2018-02-02,27,4.41,Barcelona,2018-02-07,False,True
19885080,Private room,360.0,True,1,1,1,1,86,2017-07-19,2019-09-25,11,0.27,Valencia,2020-12-21,False,True
19890427,Entire home/apt,2000.0,True,0,25,40,162,,,,0,,Malaga,2018-05-27,False,
19891462,Entire home/apt,1450.0,True,0,0,0,0,,,,0,,Barcelona,2018-05-14,False,
19897303,Entire home/apt,2350.0,True,0,0,0,183,,,,0,,Mallorca,2018-11-20,False,
19897539,Private room,1000.0,True,29,59,89,312,96,2017-08-26,2019-09-14,14,0.48,Menorca,2020-01-31,False,True
19899714,Entire home/apt,1500.0,True,3,4,4,4,90,2017-07-21,2017-09-08,12,6.88,Barcelona,2017-09-12,False,True
19900958,Entire home/apt,1180.0,True,0,5,10,285,,,,0,,Barcelona,2017-11-13,False,
19901284,Entire home/apt,1230.0,False,6,15,31,114,,,,0,,Barcelona,2017-08-06,False,
19902570,Entire home/apt,700.0,True,0,0,0,214,85,2017-08-09,2019-06-24,16,0.39,Barcelona,2021-01-12,False,True
19903806,Private room,300.0,True,0,11,41,316,92,2017-08-03,2017-09-11,6,0.64,Madrid,2018-05-14,False,True
19903956,Private room,1400.0,True,30,60,90,90,,,,0,,Mallorca,2018-12-18,False,
19903964,Entire home/apt,1050.0,True,7,18,44,115,80,2018-07-14,2018-07-14,1,0.52,Madrid,2018-09-11,False,True
19910248,Entire home/apt,2000.0,True,0,20,50,325,87,2017-07-23,2017-09-25,6,0.25,Madrid,2019-07-10,False,True
19916745,Entire home/apt,800.0,True,13,42,72,252,100,2018-09-23,2019-05-12,2,0.24,Madrid,2019-06-07,False,True
19924117,Entire home/apt,780.0,True,0,0,0,0,85,2017-09-30,2018-11-04,8,0.41,Madrid,2019-05-14,False,True
19927346,Entire home/apt,700.0,True,23,53,83,358,60,2017-08-13,2017-10-28,7,2.05,Malaga,2017-11-25,False,False
19928786,Private room,840.0,True,8,33,52,132,96,2017-09-09,2018-05-09,19,2.34,Barcelona,2018-05-14,False,True
19930323,Private room,300.0,True,0,0,0,0,73,2017-07-24,2017-08-31,4,0.18,Barcelona,2019-06-07,False,False
19931245,Private room,450.0,True,25,55,85,360,75,2017-07-28,2017-08-30,4,1.71,Barcelona,2017-10-07,False,False
19941235,Entire home/apt,890.0,True,0,0,0,0,97,2017-07-30,2017-11-04,14,0.6,Madrid,2019-07-10,False,True
19943138,Private room,300.0,True,0,0,0,247,83,2017-08-01,2019-01-05,7,0.19,Barcelona,2020-08-24,False,True
19944359,Entire home/apt,3200.0,True,23,44,74,341,98,2018-07-15,2019-10-07,13,0.79,Mallorca,2019-11-28,False,True
19945550,Private room,950.0,True,0,0,29,304,,2017-08-04,2017-08-04,1,0.04,Girona,2019-09-30,False,
19947145,Entire home/apt,1100.0,True,8,31,54,309,99,2017-07-26,2019-10-06,32,1.14,Malaga,2019-11-30,False,True
19947952,Private room,250.0,True,23,53,83,358,85,2017-07-30,2019-05-10,65,3.03,Madrid,2019-05-14,False,True
19950058,Entire home/apt,900.0,True,0,0,5,5,96,2017-08-05,2018-06-23,18,1.23,Malaga,2018-10-25,False,True
19956790,Entire home/apt,1000.0,False,13,43,73,163,,,,0,,Barcelona,2017-08-06,False,
19962749,Entire home/apt,1500.0,True,0,6,17,17,,,,0,,Barcelona,2018-10-10,False,
19970424,Entire home/apt,600.0,True,0,0,0,0,93,2017-08-06,2017-10-08,3,0.32,Barcelona,2018-05-14,False,True
19978181,Entire home/apt,4000.0,True,13,43,73,348,95,2017-09-15,2019-04-20,12,0.5,Barcelona,2019-09-17,False,True
19984000,Entire home/apt,570.0,True,14,28,52,317,94,2017-07-26,2018-11-04,190,12.32,Madrid,2018-11-07,False,True
19990906,Entire home/apt,3300.0,True,20,50,80,347,100,2018-07-06,2018-07-06,1,0.04,Mallorca,2020-09-19,False,True
19991616,Entire home/apt,350.0,True,1,12,41,158,92,2017-08-07,2019-09-28,79,3.06,Malaga,2019-09-30,False,True
19992577,Private room,250.0,True,3,9,29,304,92,2017-08-07,2017-09-29,5,0.38,Barcelona,2018-09-11,False,True
19994844,Private room,950.0,True,7,19,42,317,85,2017-08-13,2018-09-20,24,1.72,Barcelona,2018-10-10,False,True
19996169,Entire home/apt,990.0,True,16,34,58,146,99,2017-07-30,2018-03-24,24,2.85,Madrid,2018-04-12,False,True
20002444,Private room,300.0,True,0,0,0,0,97,2017-08-04,2018-11-07,7,0.24,Barcelona,2020-01-10,False,True
20004996,Entire home/apt,750.0,False,3,33,63,338,80,2017-07-28,2017-08-01,2,6.76,Barcelona,2017-08-06,False,True
20005039,Entire home/apt,1500.0,True,12,42,72,162,,,,0,,Girona,2018-07-31,False,
20005054,Entire home/apt,2000.0,True,4,12,39,314,100,2017-07-25,2018-09-12,13,0.56,Mallorca,2019-06-27,False,True
20006576,Private room,710.0,True,0,0,0,199,85,2017-08-11,2018-10-23,30,0.73,Mallorca,2021-01-16,False,True
20007339,Entire home/apt,500.0,True,0,0,0,0,,,,0,,Madrid,2018-08-14,False,
20008263,Private room,350.0,True,10,10,10,10,100,2017-08-14,2018-04-01,4,0.22,Barcelona,2019-02-06,False,True
20020012,Entire home/apt,1250.0,True,30,60,67,323,100,2017-08-12,2018-08-02,7,0.34,Girona,2019-04-29,False,True
20028202,Entire home/apt,1200.0,True,30,60,90,353,95,2017-07-29,2018-10-10,12,0.82,Mallorca,2018-10-17,False,True
20029202,Entire home/apt,450.0,True,7,36,66,341,98,2017-08-01,2018-09-19,44,3.15,Malaga,2018-09-29,False,True
20029385,Entire home/apt,990.0,True,8,27,41,296,100,2019-05-24,2019-07-19,2,0.52,Madrid,2019-09-19,False,True
20043774,Private room,160.0,True,0,0,9,10,97,2017-08-29,2017-12-22,7,0.45,Barcelona,2018-12-10,False,True
20052796,Shared room,400.0,True,30,60,90,365,90,2017-08-04,2018-06-17,8,0.46,Barcelona,2019-01-14,False,True
20058854,Entire home/apt,1150.0,True,2,3,10,271,100,2016-07-02,2016-07-02,1,0.04,Mallorca,2018-07-29,False,True
20060297,Entire home/apt,500.0,True,11,21,31,297,90,2017-09-09,2018-06-18,12,0.53,Malaga,2019-07-30,False,True
20060979,Entire home/apt,1500.0,True,10,33,61,261,90,2018-04-29,2018-10-27,3,0.17,Mallorca,2019-10-28,False,True
20061966,Entire home/apt,800.0,True,0,0,0,270,,,,0,,Mallorca,2018-07-29,False,
20063201,Entire home/apt,900.0,True,30,36,36,36,,,,0,,Girona,2018-11-26,False,
20064159,Entire home/apt,800.0,True,28,58,88,178,94,2018-10-13,2019-07-14,24,2.41,Madrid,2019-08-12,False,True
20064314,Entire home/apt,1600.0,True,23,42,72,347,,,,0,,Mallorca,2018-09-18,False,
20065465,Private room,270.0,True,0,0,1,2,100,2017-08-06,2017-10-17,5,0.18,Barcelona,2019-12-10,False,True
20067919,Private room,250.0,True,27,45,45,300,83,2017-09-24,2018-05-07,7,0.92,Barcelona,2018-05-14,False,True
20071436,Private room,690.0,True,0,8,18,23,98,2017-08-13,2018-07-05,11,1.01,Barcelona,2018-07-10,False,True
20072086,Entire home/apt,990.0,True,28,58,88,363,100,2017-11-02,2019-09-09,10,0.42,Girona,2019-10-30,False,True
20072652,Entire home/apt,700.0,True,12,24,38,38,95,2017-08-01,2018-04-29,5,0.53,Madrid,2018-05-14,False,True
20072973,Private room,150.0,True,26,56,86,86,87,2017-08-21,2017-10-01,3,0.83,Barcelona,2017-12-09,False,True
20074443,Entire home/apt,500.0,True,11,11,26,46,,,,0,,Barcelona,2019-05-14,False,
20081645,Private room,200.0,True,29,59,89,89,91,2017-08-04,2018-09-22,18,0.43,Valencia,2021-01-19,False,True
20081814,Private room,500.0,True,0,0,22,22,95,2017-08-14,2017-09-13,4,0.78,Barcelona,2018-01-17,False,True
20082710,Private room,250.0,True,0,0,0,0,89,2017-08-07,2018-05-01,14,0.74,Barcelona,2019-03-08,False,True
20086860,Entire home/apt,450.0,True,20,47,71,313,97,2017-08-08,2020-01-19,165,5.54,Girona,2020-01-31,False,True
20087018,Entire home/apt,750.0,True,30,30,30,291,92,2017-10-22,2020-01-01,10,0.32,Malaga,2020-05-31,False,True
20087375,Entire home/apt,1000.0,True,0,0,0,0,95,2017-08-15,2019-12-30,45,1.45,Barcelona,2020-03-16,False,True
20087428,Entire home/apt,2370.0,True,0,0,29,129,100,2017-08-23,2018-09-09,5,0.17,Menorca,2020-02-29,False,True
20087513,Entire home/apt,1150.0,True,0,0,0,168,93,2018-07-14,2018-09-15,3,0.46,Menorca,2019-01-30,False,True
20087529,Entire home/apt,1100.0,True,0,0,18,165,100,2018-08-18,2018-08-18,1,0.16,Menorca,2019-02-24,False,True
20087852,Entire home/apt,1000.0,True,0,0,2,62,100,2017-07-31,2017-08-17,2,0.06,Valencia,2020-03-26,False,True
20091782,Entire home/apt,4800.0,True,3,32,62,158,100,2018-06-09,2018-06-29,2,0.13,Mallorca,2019-09-28,False,True
20096161,Entire home/apt,450.0,True,20,23,49,202,98,2017-08-16,2020-03-15,140,4.06,Sevilla,2020-06-29,False,True
20106996,Private room,800.0,True,26,52,79,345,97,2019-08-09,2019-11-03,13,2.57,Barcelona,2020-01-10,False,True
20116049,Entire home/apt,700.0,True,3,33,63,317,99,2017-08-31,2019-08-24,38,1.58,Girona,2019-08-31,False,True
20118824,Private room,250.0,True,0,29,59,59,85,2017-08-12,2017-08-26,4,0.19,Valencia,2019-05-01,False,True
20119499,Entire home/apt,1200.0,True,29,59,84,223,,,,0,,Girona,2018-04-21,False,
20120741,Entire home/apt,1240.0,True,29,57,81,313,100,2019-10-16,2019-10-16,1,0.28,Girona,2020-01-31,False,True
20128592,Private room,490.0,True,9,39,69,69,100,2017-09-20,2017-09-24,2,3.58,Barcelona,2017-10-07,False,True
20131585,Private room,490.0,True,0,28,58,271,91,2017-08-12,2019-09-28,36,1.22,Mallorca,2020-01-29,False,True
20136873,Entire home/apt,990.0,True,9,39,69,256,100,2017-08-14,2018-10-31,17,0.97,Mallorca,2019-01-28,False,True
20145945,Private room,800.0,True,12,22,52,53,,,,0,,Madrid,2019-01-14,False,
20149628,Entire home/apt,2500.0,True,0,0,0,0,100,2017-08-16,2017-08-20,2,0.22,Madrid,2018-05-14,False,True
20150218,Entire home/apt,1600.0,True,4,26,56,146,,,,0,,Mallorca,2018-07-29,False,
20153436,Entire home/apt,1000.0,True,6,36,66,341,100,2018-07-26,2018-07-26,1,6.08,Girona,2018-07-31,False,True
20153715,Entire home/apt,1000.0,True,30,60,90,365,93,2018-07-22,2018-07-28,3,1.01,Girona,2018-10-20,False,True
20159498,Entire home/apt,320.0,True,0,0,0,0,,,,0,,Girona,2018-09-28,False,
20159622,Entire home/apt,2290.0,True,0,0,0,56,,,,0,,Mallorca,2020-09-19,False,
20160810,Private room,400.0,True,0,15,45,45,97,2017-09-15,2018-08-24,6,0.44,Barcelona,2018-11-07,False,True
20167485,Entire home/apt,1900.0,True,17,45,75,345,97,2018-01-14,2020-03-02,12,0.46,Madrid,2020-03-17,False,True
20168677,Entire home/apt,850.0,True,17,34,56,307,80,2020-01-14,2020-01-14,1,1.79,Malaga,2020-01-31,False,True
20169029,Private room,450.0,True,10,35,35,35,98,2017-08-03,2017-09-21,8,3.74,Barcelona,2017-10-07,False,True
20170515,Entire home/apt,800.0,True,0,0,0,29,87,2017-08-11,2020-01-06,84,2.83,Girona,2020-01-31,False,True
20171094,Entire home/apt,1100.0,True,30,60,90,365,77,2017-08-06,2017-10-15,7,1.3,Barcelona,2018-01-17,False,False
20171562,Private room,300.0,True,11,11,11,11,100,2017-09-27,2017-09-27,1,0.08,Barcelona,2018-10-10,False,True
20172673,Private room,180.0,True,0,0,0,0,,,,0,,Madrid,2021-01-12,False,
20178301,Entire home/apt,600.0,True,29,52,81,293,95,2017-08-01,2020-01-05,35,1.13,Menorca,2020-02-29,False,True
20179993,Private room,250.0,True,14,40,70,70,99,2017-09-16,2019-09-12,87,3.61,Madrid,2019-09-19,False,True
20180705,Private room,350.0,True,0,12,42,42,97,2017-08-08,2017-08-30,7,6.08,Barcelona,2017-09-12,False,True
20181508,Private room,350.0,True,0,0,0,0,100,2017-08-11,2017-08-11,1,0.03,Madrid,2020-05-14,False,True
20185526,Private room,220.0,True,22,52,82,357,86,2017-08-14,2018-05-09,77,8.57,Madrid,2018-05-14,False,True
20185533,Private room,590.0,True,22,22,29,29,100,2017-08-21,2017-08-21,1,0.09,Barcelona,2018-07-10,False,True
20189443,Private room,300.0,False,15,45,75,75,,,,0,,Barcelona,2017-08-06,False,
20190037,Private room,600.0,True,28,58,88,88,100,2017-08-02,2017-08-21,3,0.07,Barcelona,2021-01-12,False,True
20199661,Entire home/apt,1140.0,True,0,0,0,128,100,2017-08-25,2018-08-25,2,0.11,Girona,2019-02-19,False,True
20200957,Private room,450.0,True,0,0,0,0,95,2017-08-13,2019-10-07,65,2.02,Barcelona,2020-04-16,False,True
20201831,Entire home/apt,800.0,True,30,60,90,365,40,2017-08-06,2018-06-27,2,0.05,Barcelona,2021-02-09,False,False
20202730,Entire home/apt,2450.0,True,8,38,68,343,93,2017-08-25,2018-07-28,3,0.27,Girona,2018-07-31,False,True
20203771,Private room,600.0,True,0,8,38,128,95,2017-09-10,2018-04-18,5,0.33,Madrid,2018-12-10,False,True
20204857,Entire home/apt,500.0,True,0,0,0,66,94,2017-09-04,2018-10-09,51,3.61,Madrid,2018-11-07,False,True
20206643,Entire home/apt,1810.0,True,29,59,89,364,,,,0,,Madrid,2020-10-17,False,
20208646,Private room,450.0,True,0,0,0,0,100,2017-09-02,2018-01-01,6,1.33,Barcelona,2018-01-17,False,True
20209669,Private room,240.0,True,0,0,0,0,80,2017-08-04,2017-09-01,2,0.11,Barcelona,2019-02-06,False,True
20212815,Private room,500.0,True,0,0,30,30,100,2017-12-08,2017-12-08,1,0.76,Madrid,2018-01-17,False,True
20213009,Private room,500.0,True,0,0,0,165,90,2017-08-14,2017-08-28,2,0.67,Barcelona,2017-11-13,False,True
20213366,Private room,200.0,True,12,42,72,159,86,2017-08-25,2017-12-02,10,2.87,Barcelona,2017-12-09,False,True
20218586,Entire home/apt,950.0,True,4,14,14,178,,,,0,,Mallorca,2018-09-18,False,
20220009,Private room,450.0,True,0,0,0,0,80,2017-08-06,2017-08-13,2,0.33,Barcelona,2018-02-07,False,True
20226033,Entire home/apt,4000.0,True,13,24,37,282,89,2017-10-30,2019-05-13,30,1.56,Barcelona,2019-06-07,False,True
20226139,Entire home/apt,500.0,True,5,22,52,254,93,2017-08-10,2018-03-26,42,5.03,Sevilla,2018-04-21,False,True
20228720,Entire home/apt,370.0,True,10,18,48,56,94,2018-04-02,2020-03-16,14,0.52,Girona,2020-06-29,False,True
20232051,Private room,280.0,True,19,49,79,259,87,2017-08-12,2018-11-06,6,0.34,Madrid,2019-02-06,False,True
20232569,Entire home/apt,580.0,True,8,16,26,259,98,2017-08-15,2019-03-16,81,4.16,Girona,2019-03-30,False,True
20236173,Private room,550.0,True,29,59,89,364,47,2017-08-15,2017-10-02,3,1.01,Barcelona,2017-11-13,False,False
20239037,Entire home/apt,1100.0,True,0,0,0,161,98,2017-08-31,2019-11-04,53,1.89,Mallorca,2019-12-31,False,True
20242658,Private room,200.0,True,19,49,79,351,85,2017-08-06,2018-09-26,78,5.66,Malaga,2018-09-29,False,True
20245258,Private room,250.0,True,0,0,0,0,83,2017-08-27,2018-06-28,7,0.28,Barcelona,2019-09-17,False,True
20250816,Entire home/apt,1120.0,True,30,60,90,365,,,,0,,Mallorca,2020-06-25,False,
20251051,Entire home/apt,3000.0,True,12,12,12,211,,,,0,,Mallorca,2018-04-18,False,
20258456,Private room,400.0,True,0,0,0,0,84,2017-08-27,2018-08-18,15,0.37,Barcelona,2021-01-12,False,True
20259110,Private room,160.0,True,8,35,65,331,100,2017-09-24,2018-05-10,3,0.37,Malaga,2018-05-27,False,True
20259825,Entire home/apt,850.0,True,9,19,35,97,99,2017-09-12,2019-11-07,27,0.92,Madrid,2020-02-18,False,True
20260134,Entire home/apt,720.0,True,11,11,11,11,83,2017-08-21,2018-07-02,7,0.66,Barcelona,2018-07-10,False,True
20261721,Entire home/apt,490.0,True,17,47,77,127,96,2017-08-17,2020-01-29,33,0.89,Madrid,2020-09-13,False,True
20263584,Entire home/apt,900.0,True,23,53,83,358,95,2017-08-15,2017-09-21,4,2.29,Barcelona,2017-10-07,False,True
20264259,Private room,170.0,True,0,0,0,248,84,2017-08-10,2017-12-15,24,4.03,Barcelona,2018-02-07,False,True
20265530,Private room,240.0,True,1,1,10,10,100,2017-08-17,2017-10-23,5,0.64,Madrid,2018-04-12,False,True
20267176,Entire home/apt,800.0,True,0,0,0,0,98,2017-08-19,2020-03-09,133,3.49,Mallorca,2020-10-21,False,True
20269268,Private room,350.0,True,2,14,44,44,96,2017-08-17,2018-08-05,18,1.51,Barcelona,2018-08-14,False,True
20279425,Entire home/apt,550.0,True,0,0,0,0,96,2017-08-13,2017-08-28,5,0.2,Girona,2019-08-31,False,True
20280257,Private room,400.0,True,3,3,3,3,100,2017-09-06,2018-08-07,34,2.91,Sevilla,2018-08-27,False,True
20281071,Private room,190.0,True,0,0,5,280,86,2017-09-18,2019-02-11,22,1.25,Madrid,2019-03-08,False,True
20289844,Entire home/apt,2000.0,True,9,22,52,142,,,,0,,Mallorca,2019-08-31,False,
20291997,Entire home/apt,600.0,True,18,39,69,343,92,2018-02-25,2019-03-13,17,0.86,Madrid,2019-10-16,False,True
20304887,Entire home/apt,1250.0,True,12,24,44,44,97,2018-01-31,2018-04-07,12,5.14,Madrid,2018-04-12,False,True
20304931,Entire home/apt,700.0,True,3,28,55,55,94,2017-08-31,2018-11-30,55,3.59,Madrid,2018-12-10,False,True
20313080,Entire home/apt,500.0,True,1,20,37,117,98,2017-09-09,2018-10-14,91,6.85,Sevilla,2018-10-18,False,True
20314213,Entire home/apt,1090.0,True,12,42,64,339,83,2017-08-22,2018-06-12,13,1.15,Malaga,2018-07-31,False,True
20314491,Entire home/apt,650.0,True,0,9,39,156,98,2017-08-22,2019-02-26,8,0.19,Malaga,2021-02-27,False,True
20315047,Private room,250.0,True,28,58,88,89,96,2017-09-12,2020-03-05,38,1.02,Madrid,2020-10-17,False,True
20320027,Private room,100.0,True,29,59,89,89,85,2017-08-13,2020-02-13,65,2.0,Valencia,2020-04-28,False,True
20320445,Entire home/apt,2170.0,True,30,60,90,332,100,2017-08-27,2018-08-11,2,0.07,Mallorca,2019-11-28,False,True
20323582,Entire home/apt,420.0,True,1,21,46,313,88,2017-09-10,2018-09-02,32,2.58,Sevilla,2018-09-22,False,True
20336816,Entire home/apt,1950.0,True,2,17,32,39,88,2017-08-26,2019-07-24,10,0.3,Mallorca,2020-05-28,False,True
20341818,Private room,220.0,True,8,8,35,310,100,2017-09-07,2018-04-09,3,0.3,Barcelona,2018-07-10,False,True
20357669,Entire home/apt,900.0,True,24,54,84,175,94,2017-09-16,2020-03-08,60,1.82,Madrid,2020-06-13,False,True
20359326,Private room,550.0,True,0,0,0,0,96,2017-08-15,2017-09-28,5,0.14,Barcelona,2020-09-12,False,True
20372339,Entire home/apt,650.0,True,3,27,57,332,84,2017-10-15,2018-08-12,10,0.95,Girona,2018-08-30,False,True
20372845,Entire home/apt,550.0,True,0,0,0,1,100,2018-03-09,2018-10-01,2,0.14,Mallorca,2019-05-27,False,True
20372980,Entire home/apt,3400.0,True,6,9,28,302,93,2018-01-05,2018-07-06,4,0.23,Mallorca,2019-06-27,False,True
20374738,Entire home/apt,900.0,True,23,53,83,358,100,2019-08-22,2019-08-22,1,0.06,Girona,2021-01-31,False,True
20385098,Private room,2000.0,True,28,58,88,88,,,,0,,Barcelona,2018-09-11,False,
20397361,Entire home/apt,1700.0,True,10,34,43,160,,,,0,,Mallorca,2020-06-25,False,
20398771,Entire home/apt,2650.0,True,30,60,90,355,96,2018-05-01,2019-09-15,5,0.15,Mallorca,2021-02-11,False,True
20399080,Private room,600.0,True,0,0,0,0,,,,0,,Barcelona,2019-01-14,False,
20399181,Private room,900.0,True,0,0,0,0,100,2017-08-25,2017-09-15,2,0.18,Malaga,2018-07-31,False,True
20399822,Entire home/apt,990.0,True,30,60,90,365,80,2018-07-07,2018-10-21,2,0.1,Mallorca,2020-02-29,False,True
20404153,Private room,780.0,True,0,0,0,0,,,,0,,Barcelona,2019-10-16,False,
20405836,Entire home/apt,780.0,True,30,60,90,270,93,2017-11-19,2020-03-01,60,1.62,Madrid,2020-12-17,False,True
20411515,Entire home/apt,1100.0,True,0,12,42,42,98,2017-08-26,2018-08-07,9,0.78,Madrid,2018-08-14,False,True
20414886,Entire home/apt,1250.0,True,9,9,9,239,84,2018-07-07,2018-09-22,5,1.49,Mallorca,2018-10-17,False,True
20419267,Entire home/apt,300.0,True,29,45,47,47,91,2018-03-27,2019-12-08,42,1.98,Valencia,2019-12-31,False,True
20429379,Entire home/apt,1190.0,True,25,55,85,360,93,2017-08-27,2018-06-26,52,4.99,Madrid,2018-07-10,False,True
20429804,Private room,600.0,True,0,0,0,0,94,2017-08-17,2020-02-03,62,1.83,Barcelona,2020-06-13,False,True
20438732,Entire home/apt,370.0,True,30,60,90,365,20,2018-04-22,2018-04-22,1,0.04,Mallorca,2020-05-28,False,False
20439062,Private room,300.0,True,10,40,70,246,84,2017-09-06,2018-05-10,37,4.5,Barcelona,2018-05-14,False,True
20439326,Private room,980.0,True,0,0,0,0,97,2017-09-14,2020-02-26,118,3.02,Barcelona,2020-12-16,False,True
20452408,Entire home/apt,1700.0,True,15,38,66,67,98,2017-08-25,2020-01-01,82,2.87,Madrid,2020-01-10,False,True
20454998,Entire home/apt,600.0,True,0,0,0,0,40,2017-09-04,2017-09-04,1,0.19,Barcelona,2018-02-07,False,False
20465060,Entire home/apt,850.0,True,29,59,89,177,92,2017-08-18,2020-02-23,21,0.69,Girona,2020-02-29,False,True
20468523,Entire home/apt,600.0,True,28,58,88,269,96,2017-08-16,2019-08-25,6,0.24,Girona,2019-09-30,False,True
20491104,Private room,380.0,True,3,5,5,264,96,2017-08-19,2019-09-15,74,2.96,Barcelona,2019-09-17,False,True
20491478,Private room,330.0,True,0,0,0,55,98,2017-09-17,2019-05-12,25,1.21,Madrid,2019-06-07,False,True
20493096,Private room,450.0,True,19,19,19,19,92,2017-08-22,2019-07-28,141,5.95,Madrid,2019-08-12,False,True
20500518,Private room,380.0,True,22,26,26,26,97,2017-09-19,2018-07-23,6,0.58,Mallorca,2018-07-29,False,True
20512809,Entire home/apt,1200.0,True,5,25,45,190,85,2017-10-05,2017-11-28,4,0.64,Barcelona,2018-04-12,False,True
20516130,Private room,500.0,True,18,39,63,102,100,2017-09-03,2018-01-13,5,1.12,Madrid,2018-01-17,False,True
20518036,Entire home/apt,3500.0,True,0,12,27,79,95,2018-07-09,2019-12-02,5,0.25,Mallorca,2020-02-29,False,True
20535718,Private room,500.0,True,29,59,89,364,50,2017-09-12,2017-09-17,2,2.43,Barcelona,2017-10-07,False,False
20536260,Private room,300.0,True,13,19,49,324,95,2018-09-14,2019-02-06,26,5.45,Madrid,2019-02-06,False,True
20538161,Private room,220.0,True,23,53,83,83,100,2017-08-28,2017-10-29,5,1.48,Barcelona,2017-12-09,False,True
20546958,Entire home/apt,1700.0,True,3,20,48,315,99,2017-08-28,2019-06-10,28,1.22,Girona,2019-07-29,False,True
20548275,Entire home/apt,600.0,True,9,26,45,133,95,2017-08-27,2018-08-25,8,0.45,Girona,2019-02-19,False,True
20548782,Private room,330.0,True,5,18,44,225,97,2017-09-03,2019-03-21,41,2.13,Barcelona,2019-04-10,False,True
20552088,Private room,200.0,True,2,20,43,84,85,2017-09-12,2018-03-12,8,1.15,Madrid,2018-04-12,False,True
20556344,Private room,250.0,True,0,0,0,0,97,2017-09-03,2018-08-23,6,0.24,Madrid,2019-10-16,False,True
20556745,Private room,400.0,True,30,56,56,56,60,2020-01-02,2020-01-02,1,0.1,Barcelona,2020-11-06,False,False
20562314,Private room,900.0,True,27,30,55,328,100,2018-07-14,2018-07-15,2,0.17,Girona,2019-06-30,False,True
20562503,Private room,320.0,True,13,21,24,95,97,2017-09-01,2018-12-02,104,5.91,Sevilla,2019-02-18,False,True
20563774,Entire home/apt,500.0,True,0,0,0,0,100,2017-09-03,2017-09-03,1,0.04,Madrid,2020-01-10,False,True
20568223,Private room,590.0,True,0,0,0,0,80,2017-09-16,2017-09-16,1,0.04,Barcelona,2020-01-10,False,True
20568286,Entire home/apt,600.0,True,0,0,0,0,100,2017-08-28,2018-07-21,49,2.96,Madrid,2019-01-14,False,True
20569507,Private room,380.0,True,0,0,5,280,93,2017-08-31,2018-06-05,3,0.14,Barcelona,2019-06-07,False,True
20570272,Entire home/apt,2200.0,True,5,35,65,340,,,,0,,Girona,2018-07-31,False,
20575616,Private room,160.0,True,0,0,0,0,100,2017-09-18,2017-11-25,5,0.13,Madrid,2020-11-06,False,True
20578505,Entire home/apt,2880.0,True,0,0,0,35,,,,0,,Girona,2020-01-31,False,
20578526,Entire home/apt,2410.0,True,0,0,3,123,80,2018-11-03,2018-11-03,1,0.07,Girona,2019-12-31,False,True
20578544,Entire home/apt,1870.0,True,0,0,0,143,,,,0,,Girona,2019-12-31,False,
20578553,Entire home/apt,1260.0,True,10,12,12,59,,,,0,,Girona,2018-07-31,False,
20578606,Entire home/apt,3260.0,True,0,0,0,79,,,,0,,Girona,2021-01-31,False,
20578701,Entire home/apt,1100.0,True,0,0,0,65,,,,0,,Girona,2020-01-31,False,
20578703,Entire home/apt,1370.0,True,15,44,44,197,,,,1,,Girona,2018-08-30,False,
20578707,Entire home/apt,3830.0,True,0,0,3,29,,,,0,,Girona,2020-04-30,False,
20578712,Entire home/apt,1390.0,True,0,0,0,211,,,,0,,Girona,2018-12-22,False,
20578723,Entire home/apt,2230.0,True,26,52,52,208,,,,0,,Girona,2019-08-31,False,
20578777,Entire home/apt,1900.0,True,0,0,0,92,,,,0,,Girona,2018-10-20,False,
20578798,Entire home/apt,1360.0,True,8,8,8,149,,,,0,,Girona,2018-10-20,False,
20578824,Entire home/apt,1080.0,True,10,21,37,137,80,2019-06-13,2019-06-13,1,0.08,Girona,2020-06-29,False,True
20578859,Entire home/apt,1400.0,True,0,0,1,93,100,2018-09-08,2018-09-08,1,0.03,Girona,2021-02-27,False,True
20578879,Entire home/apt,2120.0,True,29,29,29,177,,,,0,,Girona,2018-09-28,False,
20579017,Entire home/apt,2830.0,True,0,8,11,38,,,,0,,Girona,2020-04-30,False,
20579094,Entire home/apt,1590.0,True,26,26,26,212,,,,0,,Girona,2019-09-30,False,
20582702,Entire home/apt,1990.0,True,20,50,80,339,,,,0,,Mallorca,2018-10-17,False,
20587736,Entire home/apt,640.0,True,8,25,52,141,,,,0,,Malaga,2019-05-30,False,
20595974,Entire home/apt,1420.0,True,20,40,52,135,91,2017-08-30,2018-10-25,59,4.13,Madrid,2018-11-07,False,True
20598165,Entire home/apt,510.0,True,9,30,60,142,90,2017-10-04,2018-10-24,22,1.68,Madrid,2018-11-07,False,True
20598770,Private room,850.0,True,30,60,90,168,95,2017-10-23,2018-10-26,40,3.2,Barcelona,2018-11-07,False,True
20599704,Private room,190.0,True,29,59,89,364,88,2017-08-26,2018-09-04,72,1.97,Barcelona,2020-09-12,False,True
20600365,Entire home/apt,1290.0,True,2,8,20,145,90,2015-08-03,2017-07-09,4,0.11,Mallorca,2018-07-29,False,True
20600904,Private room,600.0,True,9,32,46,262,86,2017-09-15,2020-01-24,169,5.93,Mallorca,2020-01-29,False,True
20604596,Shared room,170.0,True,29,59,89,364,87,2017-09-10,2018-07-28,11,0.99,Madrid,2018-08-14,False,True
20610286,Private room,450.0,True,30,60,90,90,100,2017-08-29,2017-08-29,1,0.19,Barcelona,2018-02-07,False,True
20612118,Entire home/apt,390.0,True,29,49,79,169,85,2017-09-07,2020-03-10,148,4.52,Sevilla,2020-05-30,False,True
20617528,Private room,250.0,True,28,58,88,88,83,2017-09-14,2019-08-02,7,0.28,Barcelona,2019-10-16,False,True
20620197,Private room,140.0,True,16,18,48,323,97,2017-09-10,2018-11-04,20,1.33,Madrid,2018-12-10,False,True
20621922,Entire home/apt,2650.0,True,0,0,0,73,98,2017-12-19,2020-08-25,27,0.82,Mallorca,2020-09-19,False,True
20628446,Entire home/apt,510.0,True,0,0,1,1,97,2017-09-22,2018-06-11,47,4.58,Sevilla,2018-07-31,False,True
20629123,Entire home/apt,610.0,True,5,18,42,71,93,2017-09-11,2018-07-27,33,2.98,Madrid,2018-08-14,False,True
20629610,Private room,500.0,True,29,33,33,33,91,2017-09-09,2017-10-19,7,2.34,Barcelona,2017-12-09,False,True
20631554,Entire home/apt,1630.0,True,25,41,46,309,95,2017-08-14,2018-11-09,20,1.31,Mallorca,2018-11-20,False,True
20634262,Entire home/apt,2090.0,True,0,0,18,99,,,,0,,Mallorca,2020-09-19,False,
20635717,Private room,500.0,True,0,0,0,0,,,,0,,Mallorca,2018-08-21,False,
20643420,Entire home/apt,4270.0,True,26,49,59,273,,,,0,,Mallorca,2019-01-28,False,
20647027,Entire home/apt,650.0,True,30,60,90,365,89,2017-09-01,2020-08-31,34,0.82,Mallorca,2021-02-11,False,True
20649119,Entire home/apt,1500.0,True,29,59,89,179,,,,0,,Madrid,2020-09-13,False,
20652796,Entire home/apt,600.0,True,2,8,14,219,95,2017-10-27,2018-01-22,11,3.25,Barcelona,2018-02-07,False,True
20659449,Private room,990.0,True,12,32,62,337,67,2017-09-07,2019-05-05,10,0.48,Barcelona,2019-06-07,False,False
20663854,Entire home/apt,1380.0,True,19,49,79,352,97,2017-09-10,2020-09-25,81,2.02,Madrid,2021-01-12,False,True
20669302,Entire home/apt,430.0,True,5,10,24,131,98,2017-09-01,2019-04-29,108,5.41,Malaga,2019-05-01,False,True
20675153,Entire home/apt,400.0,True,17,37,67,131,95,2017-09-05,2018-07-19,73,6.75,Sevilla,2018-07-31,False,True
20677779,Entire home/apt,390.0,True,3,11,28,257,98,2017-09-13,2019-11-02,89,3.35,Sevilla,2019-11-29,False,True
20682023,Entire home/apt,1240.0,True,0,0,18,96,86,2014-05-18,2018-11-01,10,0.18,Mallorca,2019-01-28,False,True
20683915,Entire home/apt,650.0,True,18,31,61,61,93,2017-09-11,2018-07-15,17,1.53,Madrid,2018-08-14,False,True
20685045,Hotel room,1480.0,True,13,24,49,50,100,2017-09-11,2018-05-31,9,0.31,Mallorca,2020-01-29,False,True
20685538,Hotel room,1440.0,True,5,12,18,18,97,2017-09-12,2019-04-03,15,0.51,Mallorca,2020-02-29,False,True
20687026,Private room,250.0,True,0,0,0,256,,,,0,,Madrid,2018-04-12,False,
20702659,Entire home/apt,2350.0,True,0,0,0,188,98,2017-11-25,2019-10-24,13,0.52,Mallorca,2019-12-31,False,True
20705505,Private room,520.0,True,30,60,90,180,80,2017-09-05,2019-01-17,9,0.5,Barcelona,2019-03-08,False,True
20707437,Entire home/apt,4000.0,True,17,38,61,336,90,2018-07-01,2018-08-01,2,0.18,Girona,2019-05-29,False,True
20707974,Private room,290.0,True,7,20,34,119,96,2017-09-10,2019-09-08,314,12.92,Madrid,2019-09-19,False,True
20708375,Entire home/apt,570.0,True,0,0,0,0,97,2017-09-15,2020-01-01,47,1.24,Valencia,2020-11-10,False,True
20715494,Private room,170.0,True,30,60,74,146,,,,0,,Madrid,2018-12-10,False,
20720803,Entire home/apt,2350.0,True,3,25,55,288,,,,0,,Mallorca,2019-08-31,False,
20721259,Entire home/apt,3490.0,True,0,0,20,72,100,2018-06-24,2018-06-24,1,0.05,Mallorca,2020-02-29,False,True
20724431,Private room,380.0,True,0,0,0,0,100,2017-10-14,2017-10-14,1,0.11,Barcelona,2018-07-10,False,True
20724455,Entire home/apt,1000.0,True,9,24,54,329,92,2017-09-10,2018-08-08,44,3.96,Barcelona,2018-08-14,False,True
20728496,Private room,300.0,True,0,0,0,0,,,,0,,Barcelona,2018-02-07,False,
20734270,Entire home/apt,1240.0,True,14,41,71,335,100,2017-12-10,2017-12-10,1,0.1,Madrid,2018-10-10,False,True
20737642,Entire home/apt,2150.0,True,11,41,71,93,,,,0,,Barcelona,2017-09-12,False,
20740813,Entire home/apt,950.0,True,28,58,88,362,90,2017-09-26,2019-11-01,8,0.27,Girona,2020-02-29,False,True
20742392,Entire home/apt,530.0,True,25,42,71,219,73,2018-08-04,2018-11-03,3,0.34,Girona,2019-04-29,False,False
20742402,Entire home/apt,490.0,True,3,3,3,186,80,2017-10-07,2018-07-14,3,0.12,Girona,2019-10-30,False,True
20744189,Private room,750.0,True,0,0,0,0,,,,0,,Barcelona,2018-10-10,False,
20752100,Private room,350.0,True,8,31,61,61,100,2018-06-02,2018-06-29,3,1.25,Barcelona,2018-08-14,False,True
20753079,Entire home/apt,2750.0,True,26,45,75,319,95,2017-11-02,2018-11-11,12,0.95,Mallorca,2018-11-20,False,True
20753365,Private room,550.0,True,0,0,0,0,100,2017-09-13,2017-09-24,2,0.2,Barcelona,2018-07-10,False,True
20757555,Private room,800.0,True,0,0,0,38,60,2018-08-12,2018-08-12,1,0.13,Barcelona,2019-04-10,False,False
20758889,Private room,400.0,True,15,15,15,206,,,,0,,Barcelona,2017-12-09,False,
20759352,Entire home/apt,1500.0,True,0,0,0,0,,,,0,,Mallorca,2019-06-27,False,
20765896,Private room,510.0,True,17,35,62,337,80,2017-09-21,2017-09-21,1,0.03,Girona,2020-11-28,False,True
20766400,Private room,380.0,True,0,0,0,0,98,2017-09-14,2018-07-04,9,0.29,Madrid,2020-04-17,False,True
20767134,Private room,230.0,True,0,0,0,0,100,2017-09-06,2017-12-31,10,1.34,Sevilla,2018-04-21,False,True
20785551,Private room,600.0,True,28,58,88,88,95,2017-10-11,2019-11-05,16,0.51,Madrid,2020-05-14,False,True
20800393,Private room,400.0,True,7,13,13,48,97,2017-09-18,2018-04-04,7,1.03,Barcelona,2018-04-12,False,True
20806709,Entire home/apt,1120.0,True,21,48,78,353,90,2018-04-03,2018-09-10,6,1.09,Mallorca,2018-09-18,False,True
20807558,Entire home/apt,970.0,True,9,15,15,90,98,2016-05-16,2019-04-07,10,0.28,Mallorca,2019-04-24,False,True
20808391,Entire home/apt,420.0,True,15,39,55,79,82,2017-11-25,2019-05-26,10,0.51,Barcelona,2019-07-10,False,True
20809419,Entire home/apt,2650.0,True,24,54,84,359,,,,0,,Mallorca,2019-11-28,False,
20813778,Entire home/apt,820.0,True,18,48,78,168,96,2017-09-21,2020-09-09,144,3.54,Madrid,2021-02-09,False,True
20814468,Entire home/apt,490.0,True,1,2,2,194,98,2017-09-11,2019-07-01,212,9.66,Madrid,2019-07-10,False,True
20816607,Private room,270.0,True,0,0,0,0,100,2017-09-17,2017-09-28,2,0.19,Malaga,2018-07-31,False,True
20823320,Entire home/apt,650.0,True,0,4,4,181,100,2017-12-19,2019-08-31,6,0.26,Madrid,2019-11-09,False,True
20825253,Entire home/apt,630.0,True,5,19,49,324,73,2017-09-25,2018-09-22,3,0.24,Sevilla,2018-10-18,False,False
20828397,Entire home/apt,1500.0,True,0,0,0,0,,,,0,,Mallorca,2021-01-16,False,
20829122,Private room,250.0,True,30,60,90,365,,,,0,,Barcelona,2018-02-07,False,
20840246,Entire home/apt,450.0,True,23,53,83,263,93,2017-10-09,2019-01-06,36,2.29,Malaga,2019-01-30,False,True
20841271,Entire home/apt,4400.0,True,23,33,33,140,,,,0,,Mallorca,2019-04-24,False,
20842224,Entire home/apt,820.0,True,12,33,54,322,96,2017-10-23,2018-10-08,10,0.85,Mallorca,2018-10-17,False,True
20842241,Entire home/apt,830.0,True,25,55,85,355,91,2018-02-11,2018-11-04,22,2.49,Barcelona,2018-11-07,False,True
20842264,Entire home/apt,680.0,True,18,48,78,353,100,2018-05-21,2018-11-27,7,1.01,Mallorca,2018-12-18,False,True
20844419,Private room,450.0,True,0,0,0,0,,,,0,,Barcelona,2019-02-06,False,
20854917,Hotel room,700.0,True,25,39,59,255,80,2018-11-12,2018-11-12,1,0.04,Sevilla,2021-02-27,False,True
20855888,Entire home/apt,410.0,True,26,56,86,358,89,2017-09-17,2020-12-02,200,5.13,Barcelona,2020-12-16,False,True
20859969,Entire home/apt,900.0,True,9,39,69,344,,,,0,,Barcelona,2017-09-12,False,
20866375,Entire home/apt,400.0,True,30,45,75,237,92,2018-02-24,2020-03-13,57,2.1,Valencia,2020-05-31,False,True
20869176,Private room,280.0,True,20,45,75,75,100,2017-09-18,2017-10-25,6,1.51,Barcelona,2018-01-17,False,True
20870573,Entire home/apt,250.0,True,16,27,53,318,100,2017-09-10,2017-10-12,2,0.95,Barcelona,2017-11-13,False,True
20872644,Entire home/apt,800.0,True,0,0,0,15,100,2017-09-28,2018-04-15,4,0.53,Barcelona,2018-05-14,False,True
20879576,Private room,220.0,True,0,0,0,172,85,2017-10-08,2018-09-08,8,0.26,Barcelona,2020-04-16,False,True
20883090,Private room,900.0,True,0,0,0,0,100,2017-09-20,2017-09-20,1,0.04,Madrid,2019-11-09,False,True
20883253,Entire home/apt,2000.0,True,29,59,89,330,93,2018-05-30,2018-07-03,3,0.13,Girona,2020-05-28,False,True
20890478,Entire home/apt,1850.0,True,0,0,0,0,77,2015-09-27,2019-06-03,6,0.1,Mallorca,2020-12-19,False,False
20890793,Entire home/apt,1490.0,True,18,18,36,130,98,2018-05-04,2019-10-31,10,0.39,Mallorca,2020-06-25,False,True
20892008,Entire home/apt,1020.0,True,25,53,83,161,90,2017-09-15,2019-12-26,47,1.69,Madrid,2020-01-10,False,True
20893685,Entire home/apt,1800.0,True,25,50,80,355,40,2017-10-21,2017-10-21,1,0.35,Barcelona,2018-01-17,False,False
20893982,Entire home/apt,690.0,True,5,13,26,104,91,2017-09-23,2018-04-09,22,3.33,Madrid,2018-04-12,False,True
20895896,Entire home/apt,2810.0,True,28,53,56,146,40,2018-08-24,2018-08-24,1,0.14,Girona,2019-03-30,False,False
20896734,Entire home/apt,1080.0,True,28,35,38,61,,,,0,,Mallorca,2019-04-24,False,
20898202,Entire home/apt,1100.0,True,0,15,24,116,93,2018-06-29,2018-09-25,3,0.23,Mallorca,2019-07-25,False,True
20898307,Private room,230.0,True,29,59,89,89,93,2017-10-06,2018-08-18,17,1.52,Barcelona,2018-09-11,False,True
20907153,Entire home/apt,420.0,True,9,15,32,302,98,2017-10-04,2018-04-07,10,1.6,Madrid,2018-04-12,False,True
20908979,Entire home/apt,1430.0,True,27,57,87,294,96,2018-02-01,2020-08-24,80,2.43,Sevilla,2020-10-29,False,True
20909041,Entire home/apt,690.0,True,14,44,46,211,80,2017-10-11,2018-09-25,5,0.27,Malaga,2019-05-01,False,True
20909910,Private room,390.0,True,0,0,0,0,100,2017-09-19,2018-10-25,6,0.15,Mallorca,2021-02-11,False,True
20922107,Entire home/apt,1360.0,True,8,13,23,65,100,2018-10-29,2019-09-11,4,0.24,Mallorca,2020-03-22,False,True
20922118,Entire home/apt,1790.0,True,0,0,0,90,84,2014-10-04,2016-10-29,5,0.08,Mallorca,2019-12-31,False,True
20922152,Entire home/apt,1240.0,True,14,18,18,181,95,2018-04-10,2019-08-22,4,0.23,Mallorca,2019-09-28,False,True
20922178,Entire home/apt,1920.0,True,0,0,0,78,100,2015-09-21,2017-08-19,3,0.07,Mallorca,2019-01-28,False,True
20922197,Entire home/apt,1330.0,True,30,33,33,182,90,2018-06-16,2019-11-01,4,0.17,Mallorca,2020-05-28,False,True
20925856,Entire home/apt,930.0,True,24,48,78,264,,,,0,,Mallorca,2019-12-31,False,
20925924,Entire home/apt,1090.0,True,0,1,2,72,,,,0,,Mallorca,2019-07-25,False,
20925926,Entire home/apt,650.0,True,5,11,11,115,100,2018-06-26,2018-06-26,1,0.36,Mallorca,2018-09-18,False,True
20928967,Entire home/apt,2980.0,True,13,24,36,144,80,2018-04-02,2019-09-21,2,0.08,Mallorca,2020-04-23,False,True
20929008,Private room,450.0,True,0,0,0,0,100,2017-09-30,2018-04-01,6,0.81,Barcelona,2018-05-14,False,True
20931353,Entire home/apt,380.0,True,5,6,6,6,91,2017-09-24,2019-03-25,81,4.45,Valencia,2019-03-31,False,True
20940200,Private room,550.0,True,29,43,43,43,89,2017-10-15,2020-01-01,38,1.15,Madrid,2020-07-17,False,True
20941217,Entire home/apt,1300.0,True,23,53,83,358,,,,0,,Girona,2021-02-27,False,
20945095,Private room,300.0,True,0,0,22,297,81,2017-09-17,2018-07-10,16,1.0,Barcelona,2019-01-14,False,True
20947291,Entire home/apt,1950.0,True,9,9,9,180,60,2017-12-10,2018-01-03,3,0.69,Girona,2018-04-21,False,False
20950570,Shared room,80.0,True,17,47,77,352,89,2017-10-05,2019-03-05,22,1.21,Barcelona,2019-04-10,False,True
20950596,Shared room,80.0,True,29,59,89,364,80,2017-10-07,2018-01-19,3,0.33,Barcelona,2018-07-10,False,True
20955090,Entire home/apt,900.0,True,30,60,68,271,73,2017-10-15,2019-12-27,3,0.08,Madrid,2020-10-17,False,False
20966232,Entire home/apt,1000.0,True,21,51,81,173,99,2017-10-12,2019-12-08,29,1.09,Girona,2019-12-31,False,True
20966731,Entire home/apt,590.0,True,22,52,82,172,97,2017-11-27,2020-09-06,163,4.86,Barcelona,2020-09-12,False,True
20969508,Entire home/apt,450.0,True,4,21,51,229,98,2017-09-24,2019-08-28,163,7.02,Sevilla,2019-08-31,False,True
20976307,Private room,290.0,True,0,0,0,0,87,2017-10-17,2018-01-03,3,0.52,Barcelona,2018-04-12,False,True
20978289,Private room,280.0,True,22,33,63,63,,2017-09-21,2017-09-21,1,0.57,Barcelona,2017-11-13,False,
20986727,Entire home/apt,2680.0,True,30,53,68,307,100,2018-10-27,2019-04-01,2,0.33,Menorca,2019-05-01,False,True
20987292,Private room,490.0,True,0,0,0,0,,,,0,,Barcelona,2019-05-14,False,
20991338,Entire home/apt,900.0,True,14,36,62,152,93,2017-09-25,2018-01-01,3,0.8,Madrid,2018-01-17,False,True
21005331,Private room,800.0,True,0,0,0,230,,,,0,,Barcelona,2018-08-14,False,
21011506,Entire home/apt,2990.0,True,19,27,43,263,94,2017-09-25,2020-01-30,58,1.93,Malaga,2020-03-26,False,True
21017307,Entire home/apt,2140.0,True,0,23,45,51,,,,0,,Mallorca,2018-07-29,False,
21020651,Private room,220.0,True,0,0,0,0,100,2017-09-21,2017-09-28,2,0.06,Madrid,2020-07-17,False,True
21026493,Entire home/apt,1500.0,True,13,26,50,131,94,2017-10-10,2019-08-13,19,0.8,Sevilla,2019-09-30,False,True
21034102,Entire home/apt,1720.0,True,21,39,65,318,93,2017-10-03,2020-03-17,75,2.43,Sevilla,2020-04-30,False,True
21034122,Entire home/apt,1000.0,True,28,58,88,107,,,,0,,Barcelona,2018-08-14,False,
21038029,Entire home/apt,450.0,True,0,29,59,334,93,2018-08-05,2019-10-13,3,0.1,Girona,2021-02-27,False,True
21039345,Entire home/apt,550.0,True,4,21,51,211,91,2017-06-25,2019-01-23,67,3.34,Malaga,2019-02-24,False,True
21039348,Entire home/apt,450.0,True,6,23,46,235,90,2017-03-20,2019-02-05,63,2.71,Malaga,2019-02-24,False,True
21041254,Entire home/apt,2100.0,True,23,53,83,110,100,2018-06-24,2019-09-21,7,0.36,Menorca,2020-01-31,False,True
21047582,Entire home/apt,3600.0,True,23,38,47,72,100,2019-08-10,2019-08-10,1,0.1,Mallorca,2020-05-28,False,True
21049329,Private room,270.0,True,0,0,0,0,80,2017-09-25,2017-10-23,5,0.14,Barcelona,2020-08-24,False,True
21055878,Private room,490.0,True,0,0,8,8,100,2017-10-30,2017-10-30,1,0.04,Barcelona,2019-10-16,False,True
21057624,Entire home/apt,570.0,True,23,46,63,114,100,2018-03-18,2018-03-18,1,0.07,Girona,2019-04-29,False,True
21061194,Private room,500.0,True,0,0,0,0,100,2017-10-16,2017-10-16,1,0.04,Madrid,2019-09-19,False,True
21066135,Entire home/apt,1200.0,True,29,59,89,179,70,2017-12-10,2019-10-20,2,0.07,Madrid,2020-05-14,False,False
21085815,Entire home/apt,530.0,True,10,36,66,341,90,2017-10-06,2018-09-16,36,2.97,Madrid,2018-10-10,False,True
21093453,Private room,270.0,True,7,37,67,342,78,2017-10-11,2018-06-14,11,1.0,Madrid,2018-09-11,False,False
21101813,Entire home/apt,1950.0,True,30,60,90,345,,,,0,,Mallorca,2020-03-22,False,
21105586,Entire home/apt,2150.0,True,26,55,85,327,100,2018-08-22,2018-08-22,1,0.07,Girona,2019-11-30,False,True
21106357,Entire home/apt,600.0,True,1,3,9,257,95,2017-10-03,2019-03-27,38,2.08,Madrid,2019-04-11,False,True
21116632,Entire home/apt,450.0,True,20,38,52,146,99,2017-11-22,2020-03-19,119,4.07,Valencia,2020-04-28,False,True
21116753,Private room,750.0,True,0,0,0,0,80,2017-10-15,2017-12-10,3,0.14,Madrid,2019-07-10,False,True
21116827,Entire home/apt,4000.0,True,30,60,90,365,96,2017-10-15,2020-03-18,50,1.54,Sevilla,2020-06-29,False,True
21131723,Entire home/apt,530.0,True,30,60,90,365,,,,0,,Girona,2018-09-28,False,
21136088,Entire home/apt,480.0,True,3,33,63,214,,,,0,,Girona,2020-02-29,False,
21136809,Entire home/apt,600.0,True,17,39,68,228,,,,0,,Barcelona,2017-11-13,False,
21147415,Private room,400.0,True,30,60,90,279,,,,0,,Mallorca,2019-12-31,False,
21155756,Entire home/apt,1660.0,True,10,10,10,213,100,2017-12-31,2017-12-31,1,0.06,Mallorca,2019-04-24,False,True
21160115,Entire home/apt,1250.0,True,8,10,35,85,97,2018-03-10,2018-05-11,6,2.81,Barcelona,2018-05-14,False,True
21166264,Private room,200.0,True,22,52,82,82,97,2017-11-04,2018-06-30,20,2.45,Madrid,2018-07-10,False,True
21170845,Entire home/apt,1030.0,True,30,60,83,131,97,2017-10-21,2020-12-20,92,2.42,Mallorca,2020-12-19,False,True
21171886,Shared room,120.0,True,12,42,72,77,90,2017-10-09,2019-09-04,135,5.78,Madrid,2019-09-19,False,True
21173417,Private room,300.0,True,30,60,90,365,,,,0,,Barcelona,2017-11-13,False,
21180608,Entire home/apt,700.0,True,11,31,61,152,94,2018-02-26,2018-07-15,17,2.62,Madrid,2018-09-11,False,True
21182584,Entire home/apt,600.0,True,29,59,89,90,94,2017-10-22,2020-11-15,93,2.45,Valencia,2020-12-21,False,True
21184348,Entire home/apt,770.0,True,12,36,56,73,96,2017-10-05,2019-09-30,73,2.99,Madrid,2019-10-16,False,True
21186229,Entire home/apt,2100.0,True,28,51,53,80,,,,0,,Mallorca,2019-08-31,False,
21188507,Entire home/apt,2950.0,True,14,44,74,265,98,2018-06-16,2019-09-11,8,0.52,Mallorca,2019-09-28,False,True
21196738,Entire home/apt,650.0,True,27,33,52,327,94,2018-01-07,2019-12-26,34,1.43,Malaga,2019-12-31,False,True
21202564,Entire home/apt,450.0,True,3,14,44,313,96,2017-10-09,2018-09-21,86,7.51,Sevilla,2018-09-22,False,True
21213060,Entire home/apt,1960.0,True,28,42,64,137,95,2017-10-13,2020-03-02,109,3.74,Madrid,2020-03-17,False,True
21217324,Entire home/apt,690.0,True,8,27,57,147,93,2017-10-19,2019-06-12,10,0.49,Sevilla,2019-06-29,False,True
21222238,Entire home/apt,1560.0,True,30,60,90,199,90,2018-07-03,2019-09-14,8,0.45,Menorca,2019-12-31,False,True
21224386,Entire home/apt,990.0,True,3,31,51,134,100,2017-10-11,2017-12-05,3,1.55,Barcelona,2017-12-09,False,True
21224461,Entire home/apt,750.0,True,0,0,0,0,82,2017-10-15,2018-11-02,10,0.72,Madrid,2018-12-10,False,True
21230945,Private room,190.0,True,5,5,5,5,94,2017-11-05,2019-03-17,25,1.46,Madrid,2019-04-11,False,True
21235199,Private room,500.0,True,10,24,51,51,97,2017-10-19,2017-11-11,7,8.51,Barcelona,2017-11-13,False,True
21237677,Entire home/apt,500.0,True,14,36,61,319,95,2017-10-11,2018-06-29,66,7.38,Madrid,2018-07-10,False,True
21242305,Entire home/apt,550.0,True,30,53,56,168,90,2018-04-01,2018-04-27,4,0.38,Mallorca,2019-02-17,False,True
21245032,Private room,410.0,True,21,51,81,81,95,2017-10-29,2018-01-02,8,3.04,Madrid,2018-01-17,False,True
21264151,Entire home/apt,450.0,True,8,26,53,143,91,2017-10-20,2018-10-14,16,1.31,Malaga,2018-10-25,False,True
21270004,Entire home/apt,900.0,True,22,51,81,109,90,2017-11-16,2019-06-23,10,0.52,Sevilla,2019-06-29,False,True
21271313,Entire home/apt,1250.0,True,0,0,0,60,60,2017-10-15,2017-12-31,2,0.08,Mallorca,2019-12-31,False,False
21275008,Entire home/apt,480.0,True,29,59,89,364,,,,0,,Barcelona,2017-12-09,False,
21276202,Entire home/apt,890.0,True,2,7,7,156,96,2018-04-22,2019-06-27,16,1.06,Mallorca,2019-07-25,False,True
21278685,Private room,250.0,True,0,19,49,324,,,,0,,Barcelona,2017-11-13,False,
21279225,Private room,250.0,True,0,0,0,254,94,2017-12-17,2019-01-03,17,1.16,Barcelona,2019-03-08,False,True
21285104,Entire home/apt,1400.0,True,22,45,63,207,99,2018-04-07,2018-11-11,14,1.83,Girona,2018-11-26,False,True
21286614,Entire home/apt,620.0,True,19,42,65,179,,,,0,,Mallorca,2019-10-28,False,
21289788,Private room,730.0,True,5,24,43,43,97,2017-10-14,2018-06-06,42,5.36,Barcelona,2018-06-09,False,True
21290246,Entire home/apt,1700.0,True,25,46,76,351,,,,0,,Barcelona,2017-11-13,False,
21290904,Entire home/apt,920.0,True,4,16,36,126,97,2017-11-13,2019-04-24,107,6.14,Sevilla,2019-04-27,False,True
21291212,Entire home/apt,900.0,True,14,38,68,158,95,2017-11-20,2018-01-08,4,2.1,Madrid,2018-01-17,False,True
21292519,Entire home/apt,850.0,True,26,50,64,299,94,2017-11-05,2020-02-27,33,1.15,Malaga,2020-03-26,False,True
21296007,Entire home/apt,750.0,True,8,11,14,243,84,2017-11-26,2018-01-23,9,3.75,Barcelona,2018-02-07,False,True
21303822,Entire home/apt,800.0,True,5,19,48,178,98,2018-01-02,2020-02-10,48,1.88,Barcelona,2020-02-16,False,True
21305453,Entire home/apt,900.0,True,0,0,0,0,94,2017-10-18,2018-06-01,18,1.53,Madrid,2018-10-10,False,True
21307507,Entire home/apt,790.0,True,3,3,3,3,100,2017-10-29,2017-10-29,1,0.09,Madrid,2018-10-10,False,True
21308967,Private room,550.0,True,0,0,0,0,94,2017-10-18,2018-02-21,25,2.87,Barcelona,2018-07-10,False,True
21310171,Entire home/apt,390.0,True,29,59,72,232,80,2018-04-07,2019-06-14,5,0.24,Barcelona,2020-01-10,False,True
21316448,Private room,250.0,True,10,10,10,10,99,2017-12-29,2019-09-24,32,1.04,Barcelona,2020-07-17,False,True
21318318,Private room,280.0,True,30,32,59,59,97,2017-10-14,2020-10-12,257,7.03,Malaga,2020-10-30,False,True
21324655,Private room,260.0,True,29,59,89,165,80,2018-01-01,2018-06-04,6,0.96,Barcelona,2018-07-10,False,True
21331048,Entire home/apt,840.0,True,17,17,17,17,100,2020-02-02,2020-02-18,2,0.27,Madrid,2020-09-13,False,True
21333197,Entire home/apt,1160.0,True,30,60,90,204,93,2018-06-15,2020-07-11,3,0.09,Mallorca,2021-02-11,False,True
21360142,Entire home/apt,1250.0,True,0,0,0,89,100,2018-05-22,2018-11-02,6,0.87,Mallorca,2018-12-18,False,True
21360339,Private room,190.0,True,0,0,0,190,,,,1,,Barcelona,2018-07-10,False,
21361186,Private room,170.0,True,0,0,0,0,87,2017-10-20,2017-11-21,9,0.61,Barcelona,2019-01-14,False,True
21362670,Private room,400.0,True,0,25,55,55,100,2017-10-16,2017-10-19,2,1.13,Barcelona,2017-12-09,False,True
21364095,Entire home/apt,3800.0,True,21,36,45,305,,,,0,,Mallorca,2020-05-28,False,
21367551,Entire home/apt,1320.0,True,7,37,67,334,98,2018-03-23,2019-09-10,18,0.99,Mallorca,2019-09-28,False,True
21372594,Shared room,220.0,True,0,0,0,0,95,2017-10-24,2019-09-01,43,1.52,Valencia,2020-02-29,False,True
21377448,Private room,200.0,True,0,0,0,108,83,2017-10-22,2018-01-01,7,2.45,Madrid,2018-01-17,False,True
21378611,Entire home/apt,1300.0,True,29,45,69,325,88,2017-12-04,2020-03-06,106,3.18,Barcelona,2020-09-12,False,True
21384524,Private room,240.0,True,0,0,0,0,83,2017-10-20,2018-04-06,30,5.24,Madrid,2018-04-12,False,True
21389251,Entire home/apt,900.0,True,0,0,0,140,100,2017-11-25,2019-12-07,7,0.24,Barcelona,2020-05-11,False,True
21389619,Entire home/apt,800.0,True,19,45,75,182,87,2017-11-05,2019-10-29,25,1.01,Sevilla,2019-11-29,False,True
21401356,Entire home/apt,3680.0,True,13,26,48,219,97,2017-10-29,2019-05-08,13,0.67,Madrid,2019-06-07,False,True
21402384,Entire home/apt,650.0,True,10,18,48,135,98,2017-11-20,2018-04-08,9,1.91,Madrid,2018-04-12,False,True
21408141,Entire home/apt,1000.0,True,8,8,17,202,93,2017-11-26,2018-10-21,42,3.69,Madrid,2018-11-07,False,True
21408803,Entire home/apt,800.0,True,0,0,29,304,100,2018-03-08,2019-12-22,10,0.45,Barcelona,2020-01-10,False,True
21411086,Entire home/apt,2450.0,True,2,6,23,230,,,,0,,Barcelona,2018-06-09,False,
21416131,Entire home/apt,600.0,True,0,0,0,206,100,2018-07-29,2018-07-29,1,0.16,Malaga,2019-01-30,False,True
21417708,Private room,600.0,True,0,0,0,0,92,2017-11-19,2017-12-10,5,0.32,Madrid,2019-03-08,False,True
21418557,Entire home/apt,1150.0,True,30,60,90,365,20,2017-12-29,2017-12-29,1,0.22,Madrid,2018-05-14,False,False
21418722,Entire home/apt,1490.0,True,0,0,0,0,,,,0,,Madrid,2019-07-10,False,
21421851,Private room,500.0,True,29,59,89,89,90,2017-11-05,2017-12-03,2,0.83,Barcelona,2018-01-17,False,True
21421927,Private room,350.0,True,0,0,0,0,,,,0,,Barcelona,2018-05-14,False,
21423373,Entire home/apt,710.0,True,0,0,0,59,80,2018-07-08,2019-08-11,7,0.42,Malaga,2019-11-30,False,True
21424975,Private room,700.0,True,29,59,89,364,,,,0,,Barcelona,2018-07-10,False,
21426603,Private room,260.0,True,0,0,0,0,97,2017-10-23,2020-03-14,119,3.26,Madrid,2020-11-06,False,True
21434265,Entire home/apt,1900.0,True,29,48,51,105,,,,0,,Girona,2018-04-21,False,
21435266,Entire home/apt,2740.0,True,0,0,0,154,100,2018-04-09,2018-09-13,2,0.24,Mallorca,2018-12-18,False,True
21435274,Entire home/apt,1370.0,True,30,58,71,318,,,,0,,Mallorca,2018-04-18,False,
21438835,Private room,450.0,True,3,7,7,68,94,2018-03-08,2019-06-01,67,4.47,Barcelona,2019-06-07,False,True
21444447,Entire home/apt,800.0,True,0,6,36,36,98,2017-10-30,2018-01-03,10,3.85,Madrid,2018-01-17,False,True
21446635,Entire home/apt,1190.0,True,28,58,88,363,97,2018-01-02,2019-11-24,23,1.01,Mallorca,2019-11-28,False,True
21454477,Entire home/apt,1080.0,True,22,52,82,107,92,2017-11-15,2018-09-01,5,0.44,Menorca,2018-10-25,False,True
21455792,Entire home/apt,900.0,True,0,0,0,42,83,2017-10-29,2018-04-21,8,0.29,Madrid,2020-02-18,False,True
21456587,Entire home/apt,740.0,True,1,31,61,151,96,2018-03-21,2018-11-25,5,0.51,Madrid,2019-01-14,False,True
21460032,Entire home/apt,1220.0,True,30,60,90,180,100,2018-07-07,2020-07-31,6,0.2,Menorca,2020-12-30,False,True
21463214,Private room,600.0,True,28,58,88,363,100,2018-05-15,2018-05-15,1,0.2,Mallorca,2018-10-17,False,True
21464484,Entire home/apt,2770.0,True,6,20,40,138,93,2017-11-16,2019-06-25,95,4.89,Sevilla,2019-06-29,False,True
21464596,Entire home/apt,1760.0,True,2,2,2,118,,,,0,,Barcelona,2020-08-24,False,
21464612,Entire home/apt,400.0,True,0,14,44,319,86,2018-07-04,2020-08-31,10,0.36,Barcelona,2020-11-06,False,True
21471897,Private room,500.0,True,26,56,86,87,100,2018-04-08,2018-06-04,2,0.17,Barcelona,2019-04-10,False,True
21475610,Private room,300.0,True,0,0,0,0,,,,0,,Barcelona,2021-02-09,False,
21480031,Entire home/apt,550.0,True,0,9,33,113,87,2017-11-03,2018-09-22,84,7.91,Sevilla,2018-09-22,False,True
21480621,Entire home/apt,780.0,True,0,0,0,0,100,2017-12-20,2018-01-03,2,0.54,Madrid,2018-04-12,False,True
21480766,Private room,410.0,True,0,0,0,270,80,2018-05-20,2019-06-04,2,0.12,Madrid,2019-09-19,False,True
21495664,Private room,400.0,True,0,0,0,0,91,2017-11-27,2018-06-13,9,0.23,Barcelona,2021-02-09,False,True
21498383,Entire home/apt,350.0,True,4,16,41,132,97,2017-10-29,2017-11-19,6,6.76,Malaga,2017-11-25,False,True
21500478,Entire home/apt,1270.0,True,26,56,84,264,60,2018-08-31,2018-08-31,1,0.14,Girona,2019-03-30,False,False
21500479,Entire home/apt,1160.0,True,29,59,89,315,,,,0,,Girona,2019-02-19,False,
21500623,Entire home/apt,860.0,True,0,29,59,334,94,2018-05-31,2020-08-29,13,0.41,Mallorca,2021-01-16,False,True
21507647,Shared room,150.0,True,1,1,1,1,85,2017-11-05,2020-01-22,13,0.4,Madrid,2020-07-17,False,True
21508343,Entire home/apt,1500.0,True,22,39,39,147,89,2018-01-02,2020-03-08,9,0.32,Girona,2020-04-30,False,True
21509589,Entire home/apt,1420.0,True,15,25,34,269,,,,0,,Mallorca,2018-04-18,False,
21511828,Private room,500.0,True,17,47,77,167,80,2017-12-24,2017-12-24,1,1.27,Barcelona,2018-01-17,False,True
21513219,Entire home/apt,1160.0,True,30,50,71,167,,,,0,,Girona,2019-04-29,False,
21513959,Entire home/apt,730.0,True,7,12,34,307,94,2017-11-18,2019-03-03,45,2.88,Madrid,2019-03-08,False,True
21514588,Entire home/apt,500.0,True,0,0,0,0,98,2017-11-19,2019-01-13,34,2.18,Madrid,2019-03-08,False,True
21520732,Entire home/apt,2770.0,True,28,50,77,262,100,2018-06-12,2019-05-19,2,0.09,Sevilla,2020-03-23,False,True
21521482,Entire home/apt,490.0,True,9,30,57,272,97,2017-11-27,2020-08-19,114,3.46,Barcelona,2020-08-24,False,True
21524302,Entire home/apt,3420.0,True,0,28,58,188,,,,0,,Mallorca,2019-01-28,False,
21524451,Entire home/apt,2090.0,True,7,10,11,227,100,2018-04-08,2019-09-07,7,0.27,Mallorca,2020-05-28,False,True
21525705,Entire home/apt,300.0,True,4,21,50,122,90,2017-11-01,2018-08-14,56,5.66,Malaga,2018-08-29,False,True
21525881,Entire home/apt,1280.0,True,0,0,0,200,80,2018-04-28,2018-06-09,2,0.07,Mallorca,2020-11-08,False,True
21534309,Private room,350.0,True,0,0,0,0,95,2017-11-02,2018-01-20,9,0.4,Barcelona,2019-09-17,False,True
21541899,Entire home/apt,1500.0,True,3,33,63,338,100,2018-01-15,2019-06-02,3,0.16,Girona,2019-07-29,False,True
21545002,Private room,350.0,True,3,3,3,253,,,,0,,Barcelona,2017-11-13,False,
21546433,Entire home/apt,450.0,True,30,60,90,301,100,2019-04-07,2019-10-07,2,0.15,Mallorca,2020-05-28,False,True
21547332,Entire home/apt,1600.0,True,30,60,90,300,,,,0,,Mallorca,2018-11-20,False,
21556933,Entire home/apt,600.0,True,2,9,12,132,100,2018-01-23,2020-02-20,58,2.3,Malaga,2020-02-29,False,True
21558458,Entire home/apt,750.0,True,27,43,58,318,85,2018-03-11,2020-02-18,33,1.3,Mallorca,2020-04-23,False,True
21559415,Entire home/apt,1170.0,True,5,13,16,171,90,2018-05-06,2019-05-11,4,0.25,Mallorca,2019-08-31,False,True
21559419,Entire home/apt,2130.0,True,23,53,83,296,93,2018-10-26,2020-03-05,3,0.13,Mallorca,2020-10-21,False,True
21559420,Entire home/apt,1580.0,True,0,0,7,58,83,2018-05-03,2020-09-02,7,0.22,Mallorca,2021-01-16,False,True
21560717,Private room,270.0,True,1,15,29,304,96,2017-11-28,2019-08-30,140,6.63,Malaga,2019-09-01,False,True
21562113,Private room,600.0,True,24,54,84,324,97,2018-02-28,2019-09-08,31,1.4,Mallorca,2019-12-31,False,True
21571348,Entire home/apt,560.0,True,0,0,0,0,100,2019-07-06,2019-07-06,1,0.21,Girona,2019-11-30,False,True
21575783,Entire home/apt,1380.0,True,0,0,0,139,80,2018-07-21,2019-07-10,3,0.18,Mallorca,2019-11-28,False,True
21577703,Entire home/apt,1480.0,True,30,33,38,155,,,,0,,Mallorca,2018-04-18,False,
21577762,Entire home/apt,550.0,True,0,0,0,242,92,2017-11-17,2020-07-18,98,2.49,Malaga,2021-02-27,False,True
21578957,Entire home/apt,1810.0,True,8,27,57,173,97,2017-12-30,2020-08-23,15,0.47,Mallorca,2020-08-28,False,True
21584192,Entire home/apt,1230.0,True,7,12,35,125,100,2018-02-12,2018-05-08,11,3.67,Madrid,2018-05-14,False,True
21589602,Private room,290.0,True,0,0,0,0,97,2018-03-14,2018-10-07,15,0.72,Barcelona,2019-12-10,False,True
21590316,Entire home/apt,850.0,True,24,24,35,310,98,2017-11-26,2018-07-16,25,2.91,Madrid,2018-08-14,False,True
21591333,Private room,250.0,True,24,54,84,84,92,2017-11-09,2019-09-30,15,0.63,Malaga,2019-10-31,False,True
21593162,Entire home/apt,370.0,True,0,0,0,14,97,2017-11-12,2020-03-16,122,3.58,Madrid,2020-09-13,False,True
21601117,Entire home/apt,1500.0,True,0,23,53,325,100,2018-02-05,2020-02-18,69,2.25,Barcelona,2020-08-24,False,True
21602158,Entire home/apt,1560.0,True,16,34,61,118,90,2017-11-26,2018-04-03,8,1.65,Malaga,2018-04-22,False,True
21607772,Private room,420.0,True,0,0,0,0,100,2017-11-13,2017-11-13,1,0.11,Madrid,2018-08-14,False,True
21615919,Entire home/apt,1050.0,True,0,0,0,0,94,2017-11-12,2019-11-15,133,5.33,Madrid,2019-12-10,False,True
21616423,Entire home/apt,1500.0,True,19,35,45,290,87,2018-04-04,2020-01-28,16,0.64,Menorca,2020-04-30,False,True
21616806,Entire home/apt,2310.0,True,19,19,37,200,,,,0,,Mallorca,2018-12-18,False,
21620572,Entire home/apt,370.0,True,16,46,76,142,60,2018-10-28,2018-10-28,1,0.11,Girona,2019-07-29,False,False
21620583,Entire home/apt,460.0,True,11,41,49,97,100,2018-09-12,2018-09-30,2,0.27,Girona,2019-04-29,False,True
21620967,Private room,450.0,True,0,0,0,0,,,,0,,Barcelona,2019-09-17,False,
21623343,Entire home/apt,750.0,True,0,0,0,0,98,2018-01-04,2020-03-04,94,3.09,Madrid,2020-07-17,False,True
21628731,Entire home/apt,750.0,True,7,16,20,290,80,2018-12-21,2018-12-21,1,0.15,Barcelona,2019-07-10,False,True
21629149,Entire home/apt,1040.0,True,30,60,90,365,100,2018-06-01,2019-09-17,3,0.17,Mallorca,2019-11-28,False,True
21642594,Entire home/apt,390.0,True,12,22,47,240,96,2017-11-12,2019-02-24,86,5.53,Valencia,2019-02-28,False,True
21648467,Entire home/apt,3500.0,True,4,8,28,303,64,2018-01-21,2019-05-19,9,0.55,Barcelona,2019-06-07,False,False
21652845,Entire home/apt,380.0,True,13,32,55,88,96,2017-11-11,2020-03-20,102,3.22,Malaga,2020-06-30,False,True
21656494,Private room,100.0,True,0,0,0,0,,2017-11-08,2017-11-08,1,0.03,Madrid,2021-01-12,False,
21661410,Entire home/apt,700.0,True,29,49,55,146,95,2017-11-20,2020-03-01,77,2.73,Valencia,2020-03-26,False,True
21662624,Private room,200.0,True,0,0,0,0,,,,0,,Barcelona,2018-07-10,False,
21664647,Private room,180.0,True,0,0,0,0,100,2017-12-11,2018-06-06,8,1.35,Barcelona,2018-06-09,False,True
21664984,Entire home/apt,550.0,True,6,32,60,60,93,2018-05-17,2019-05-26,80,6.45,Sevilla,2019-05-29,False,True
21689261,Entire home/apt,830.0,True,7,7,7,7,97,2017-12-28,2019-11-30,87,3.71,Madrid,2019-12-10,False,True
21690567,Entire home/apt,650.0,True,15,45,75,350,,,,0,,Barcelona,2018-01-17,False,
21693248,Entire home/apt,880.0,True,5,5,5,5,100,2017-11-26,2018-03-25,5,0.9,Madrid,2018-05-14,False,True
21696986,Entire home/apt,3190.0,True,30,60,90,365,,,,0,,Girona,2019-04-29,False,
21705498,Entire home/apt,690.0,True,11,15,28,92,95,2018-06-29,2019-04-14,4,0.41,Mallorca,2019-04-24,False,True
21705500,Entire home/apt,1660.0,True,30,60,82,205,87,2018-09-06,2019-08-31,3,0.16,Mallorca,2020-03-22,False,True
21707347,Entire home/apt,900.0,True,6,21,31,293,,,,0,,Barcelona,2019-04-10,False,
21710222,Entire home/apt,1200.0,True,0,0,0,0,93,2017-11-26,2019-10-06,74,3.02,Madrid,2019-12-10,False,True
21720289,Entire home/apt,600.0,True,2,3,3,17,94,2018-01-01,2018-07-29,28,4.03,Girona,2018-07-31,False,True
21721053,Entire home/apt,2340.0,True,10,27,50,283,86,2015-09-05,2019-01-11,39,0.97,Barcelona,2019-01-14,False,True
21721103,Entire home/apt,3020.0,True,14,30,49,98,87,2016-08-05,2019-12-16,88,2.14,Barcelona,2020-01-10,False,True
21721199,Entire home/apt,1800.0,True,22,42,62,317,86,2016-06-21,2019-11-14,38,0.83,Barcelona,2020-04-16,False,True
21721286,Entire home/apt,3610.0,True,2,16,27,126,91,2016-08-14,2019-05-05,65,1.97,Barcelona,2019-05-14,False,True
21721290,Entire home/apt,510.0,True,0,0,0,0,90,2018-03-30,2019-07-31,2,0.1,Barcelona,2019-11-09,False,True
21721586,Entire home/apt,1560.0,True,12,42,72,277,92,2018-06-30,2020-06-20,36,1.15,Barcelona,2021-02-09,False,True
21721664,Entire home/apt,1670.0,True,23,53,83,275,85,2018-01-02,2020-02-20,57,2.16,Barcelona,2020-03-16,False,True
21721983,Entire home/apt,1700.0,True,4,16,40,204,90,2015-05-25,2019-09-17,66,1.25,Barcelona,2019-10-16,False,True
21721984,Entire home/apt,650.0,True,0,0,0,0,93,2017-07-08,2017-10-27,3,0.18,Barcelona,2018-12-10,False,True
21722004,Entire home/apt,3110.0,True,4,21,44,251,94,2015-08-24,2019-06-13,75,1.57,Barcelona,2019-08-12,False,True
21722008,Entire home/apt,1610.0,True,23,53,83,358,80,2018-10-18,2018-11-29,4,2.29,Barcelona,2018-12-10,False,True
21722158,Entire home/apt,1640.0,True,28,54,74,258,77,2018-12-04,2020-02-19,36,2.34,Barcelona,2020-03-16,False,False
21724960,Entire home/apt,1160.0,True,29,59,89,361,,,,0,,Barcelona,2020-10-12,False,
21725509,Entire home/apt,990.0,True,0,0,0,9,88,2018-01-02,2019-07-01,17,0.66,Malaga,2020-02-29,False,True
21738982,Entire home/apt,650.0,True,3,17,47,125,88,2017-12-30,2018-08-10,27,3.22,Barcelona,2018-09-11,False,True
21743799,Private room,250.0,True,28,58,88,363,,,,0,,Barcelona,2017-12-09,False,
21747106,Entire home/apt,1350.0,True,11,31,48,177,99,2017-12-02,2018-11-27,28,2.28,Barcelona,2018-12-10,False,True
21747138,Private room,300.0,True,2,2,2,2,99,2017-11-19,2018-09-02,35,3.27,Madrid,2018-10-10,False,True
21749180,Entire home/apt,800.0,True,15,45,60,240,85,2018-06-06,2018-10-07,12,2.74,Mallorca,2018-10-17,False,True
21756845,Entire home/apt,1250.0,True,0,0,23,203,98,2018-05-13,2020-07-25,90,3.08,Madrid,2020-10-17,False,True
21760361,Private room,260.0,True,6,24,51,51,98,2017-11-21,2019-12-07,90,3.65,Madrid,2019-12-10,False,True
21761186,Entire home/apt,650.0,True,14,14,14,233,92,2018-03-24,2019-08-06,5,0.29,Girona,2019-08-31,False,True
21766893,Private room,350.0,True,10,16,46,46,,,,0,,Barcelona,2017-12-09,False,
21767505,Private room,530.0,True,24,46,75,348,,,,0,,Barcelona,2018-01-17,False,
21774920,Entire home/apt,700.0,True,12,30,55,330,,,,0,,Madrid,2019-05-14,False,
21779292,Private room,450.0,True,0,0,0,0,93,2018-08-21,2019-12-02,3,0.12,Valencia,2020-09-28,False,True
21782724,Entire home/apt,1200.0,True,19,38,66,314,95,2017-12-10,2020-01-01,75,3.0,Madrid,2020-01-10,False,True
21802069,Shared room,130.0,True,30,60,90,365,100,2020-07-13,2020-07-13,1,0.49,Madrid,2020-09-13,False,True
21805707,Entire home/apt,1310.0,True,21,51,81,354,67,2017-12-29,2019-03-03,3,0.12,Girona,2020-01-31,False,False
21806017,Entire home/apt,2530.0,True,0,0,0,249,,,,0,,Mallorca,2021-01-16,False,
21813842,Entire home/apt,,True,14,14,14,254,93,2018-06-10,2019-06-21,3,0.18,Mallorca,2019-10-28,True,True
21821450,Entire home/apt,1160.0,True,30,60,90,365,93,2018-03-31,2020-07-28,6,0.18,Mallorca,2020-12-19,False,True
21821492,Entire home/apt,880.0,True,22,38,46,272,,,,0,,Mallorca,2018-04-18,False,
21825936,Entire home/apt,2660.0,True,0,0,0,26,,,,0,,Girona,2018-07-31,False,
21844137,Private room,350.0,True,14,44,74,349,,,,0,,Barcelona,2017-12-09,False,
21859072,Entire home/apt,1280.0,True,2,28,57,79,100,2018-03-21,2018-06-06,3,0.52,Madrid,2018-09-11,False,True
21859174,Entire home/apt,1470.0,True,3,18,41,95,100,2018-07-01,2019-10-01,2,0.12,Madrid,2019-11-09,False,True
21859247,Entire home/apt,1130.0,True,27,57,87,306,95,2019-07-12,2019-12-26,4,0.3,Madrid,2020-08-25,False,True
21859435,Private room,300.0,True,0,0,7,23,100,2018-02-18,2018-06-10,3,0.64,Barcelona,2018-07-10,False,True
21861934,Entire home/apt,710.0,True,30,60,90,365,80,2018-08-25,2018-08-25,1,0.26,Girona,2018-12-22,False,True
21862484,Private room,450.0,True,4,12,42,279,93,2018-01-04,2018-07-30,24,3.29,Barcelona,2018-08-14,False,True
21874308,Entire home/apt,740.0,True,17,29,29,269,,,,0,,Mallorca,2020-08-28,False,
21874649,Entire home/apt,480.0,True,0,24,47,122,90,2018-08-04,2019-09-10,2,0.1,Girona,2020-03-26,False,True
21874792,Entire home/apt,1800.0,True,16,46,76,343,,,,0,,Madrid,2018-04-12,False,
21875158,Entire home/apt,5000.0,True,11,21,41,316,96,2017-11-25,2019-03-31,88,5.33,Madrid,2019-04-11,False,True
21877211,Private room,310.0,True,30,60,90,365,99,2017-11-26,2019-12-13,22,0.6,Madrid,2020-12-17,False,True
21877634,Private room,260.0,True,29,59,89,179,,,,0,,Madrid,2018-07-10,False,
21877838,Hotel room,840.0,True,0,0,0,0,95,2017-12-08,2019-04-21,13,0.61,Madrid,2019-09-19,False,True
21878248,Entire home/apt,480.0,True,7,13,30,90,90,2018-01-02,2018-01-13,2,4.05,Barcelona,2018-01-17,False,True
21888979,Entire home/apt,2500.0,True,26,56,84,153,82,2018-01-01,2019-09-25,29,0.95,Barcelona,2020-07-17,False,True
21889037,Private room,,True,30,60,90,356,92,2018-03-15,2019-12-31,57,2.15,Sevilla,2020-05-30,True,True
21889721,Entire home/apt,2070.0,True,0,0,0,7,100,2018-01-11,2018-01-11,1,0.03,Madrid,2021-01-12,False,True
21891523,Entire home/apt,2000.0,True,2,25,50,323,93,2018-02-20,2018-09-05,30,4.49,Barcelona,2018-09-11,False,True
21896909,Hotel room,610.0,True,1,1,1,1,85,2017-12-29,2019-12-06,17,0.47,Sevilla,2020-12-31,False,True
21903161,Entire home/apt,1190.0,True,14,21,21,21,100,2017-12-19,2017-12-19,1,1.05,Madrid,2018-01-17,False,True
21905007,Entire home/apt,1160.0,True,30,60,90,365,90,2019-10-06,2019-10-12,2,0.14,Mallorca,2020-12-19,False,True
21907198,Entire home/apt,700.0,True,0,0,0,55,80,2019-01-05,2019-01-05,1,0.05,Barcelona,2020-08-24,False,True
21907501,Entire home/apt,460.0,True,17,47,77,245,100,2018-10-25,2018-10-25,1,0.09,Barcelona,2019-09-17,False,True
21907557,Entire home/apt,1260.0,True,9,24,46,126,90,2014-11-30,2018-06-04,77,1.78,Barcelona,2018-07-10,False,True
21907595,Entire home/apt,1190.0,True,0,0,0,0,90,2017-05-28,2020-03-08,40,0.94,Barcelona,2020-12-16,False,True
21908292,Entire home/apt,750.0,True,27,57,79,169,86,2017-12-10,2019-12-09,88,3.56,Sevilla,2019-12-31,False,True
21909420,Entire home/apt,1900.0,True,8,22,48,269,80,2018-03-01,2018-03-01,1,0.41,Barcelona,2018-05-14,False,True
21909912,Entire home/apt,1510.0,True,27,51,76,302,,,,0,,Mallorca,2019-10-28,False,
21909934,Entire home/apt,1190.0,True,6,13,20,97,,,,0,,Mallorca,2019-06-27,False,
21910160,Entire home/apt,740.0,True,0,14,44,286,80,2018-06-19,2019-08-24,3,0.16,Mallorca,2019-12-31,False,True
21910560,Entire home/apt,2570.0,True,27,32,32,272,,,,0,,Mallorca,2020-08-28,False,
21910820,Entire home/apt,600.0,True,18,26,33,68,,,,0,,Mallorca,2018-04-18,False,
21910927,Entire home/apt,250.0,True,13,25,39,145,,,,0,,Girona,2018-04-21,False,
21911297,Entire home/apt,2850.0,True,13,36,59,301,,,,0,,Mallorca,2019-09-28,False,
21911523,Entire home/apt,1020.0,True,0,3,19,283,,,,0,,Mallorca,2019-07-25,False,
21912770,Private room,280.0,True,0,0,0,0,,2018-05-31,2018-05-31,1,0.03,Barcelona,2020-11-06,False,
21913751,Private room,190.0,True,0,0,0,23,98,2017-12-21,2018-08-26,38,4.38,Madrid,2018-09-11,False,True
21916433,Entire home/apt,1200.0,True,21,38,58,287,100,2018-01-01,2020-03-08,85,3.19,Mallorca,2020-03-22,False,True
21923123,Entire home/apt,5000.0,True,20,40,70,343,,,,0,,Sevilla,2018-11-22,False,
21923527,Entire home/apt,640.0,True,0,0,0,0,100,2017-12-09,2017-12-09,1,0.03,Madrid,2021-01-12,False,True
21925631,Hotel room,720.0,True,18,48,78,112,93,2018-03-18,2019-08-08,4,0.22,Malaga,2019-09-30,False,True
21925668,Entire home/apt,1250.0,True,3,9,15,96,100,2017-12-03,2019-02-12,76,5.23,Sevilla,2019-02-18,False,True
21932111,Entire home/apt,580.0,True,5,14,42,42,,,,0,,Girona,2018-07-31,False,
21932200,Entire home/apt,320.0,True,5,5,12,12,90,2017-12-05,2018-07-08,10,1.09,Madrid,2018-09-11,False,True
21934369,Entire home/apt,430.0,True,14,24,47,243,79,2018-04-20,2019-10-14,26,1.34,Valencia,2019-11-30,False,False
21943792,Entire home/apt,1100.0,True,8,20,22,250,90,2018-04-05,2018-04-15,2,4.68,Mallorca,2018-04-18,False,True
21944253,Entire home/apt,420.0,True,23,53,78,353,71,2017-12-23,2018-05-07,9,1.77,Malaga,2018-05-27,False,False
21944475,Entire home/apt,850.0,True,0,0,0,0,40,2018-01-01,2018-01-01,1,0.09,Madrid,2018-12-10,False,False
21945665,Entire home/apt,3500.0,True,28,58,88,178,,,,0,,Madrid,2019-02-06,False,
21946944,Private room,200.0,True,6,17,17,17,98,2017-12-02,2018-04-11,29,6.73,Madrid,2018-04-12,False,True
21952755,Private room,370.0,True,29,59,89,357,99,2018-01-01,2020-03-18,40,1.41,Barcelona,2020-05-11,False,True
21953409,Private room,320.0,True,10,34,41,126,95,2017-12-24,2018-06-22,15,2.3,Madrid,2018-07-10,False,True
21954705,Private room,150.0,True,12,15,15,17,100,2017-12-10,2017-12-29,4,3.2,Barcelona,2018-01-17,False,True
21955288,Entire home/apt,1590.0,True,29,49,49,49,100,2018-05-15,2019-11-22,9,0.27,Madrid,2021-02-09,False,True
21956452,Entire home/apt,990.0,True,5,16,43,43,,,,0,,Barcelona,2017-12-09,False,
21959316,Entire home/apt,1020.0,True,11,26,53,128,97,2018-01-15,2019-05-21,24,1.44,Barcelona,2019-06-07,False,True
21970570,Entire home/apt,950.0,True,29,59,89,254,88,2017-12-11,2020-02-19,20,0.71,Madrid,2020-04-17,False,True
21971229,Entire home/apt,1210.0,True,27,55,77,339,90,2017-12-24,2020-03-14,35,1.22,Barcelona,2020-05-11,False,True
21972518,Entire home/apt,900.0,True,21,48,77,342,100,2017-12-08,2018-04-08,6,1.16,Madrid,2018-05-14,False,True
21976600,Entire home/apt,950.0,True,24,27,55,124,97,2018-01-02,2019-12-06,78,3.26,Sevilla,2019-12-31,False,True
21976850,Entire home/apt,500.0,True,5,13,35,300,100,2017-12-16,2017-12-16,1,0.95,Barcelona,2018-01-17,False,True
21980686,Private room,460.0,True,29,59,89,89,88,2018-02-25,2018-06-17,5,0.89,Barcelona,2018-08-14,False,True
21981566,Entire home/apt,450.0,True,0,1,1,190,93,2018-05-30,2018-06-16,3,2.22,Madrid,2018-07-10,False,True
21986776,Entire home/apt,1000.0,True,0,0,0,0,,,,0,,Girona,2019-02-19,False,
21987478,Entire home/apt,510.0,True,11,30,59,305,87,2017-12-11,2019-03-12,19,1.14,Malaga,2019-05-01,False,True
21988045,Entire home/apt,1900.0,True,30,52,63,295,,,,0,,Mallorca,2018-04-18,False,
21988327,Private room,600.0,True,30,60,90,365,,,,0,,Barcelona,2018-01-17,False,
21991740,Entire home/apt,2500.0,True,29,59,89,357,100,2018-08-11,2019-03-15,2,0.07,Mallorca,2020-12-19,False,True
22013885,Entire home/apt,1000.0,True,15,43,66,156,97,2017-12-10,2018-04-01,14,3.2,Malaga,2018-04-22,False,True
22022914,Entire home/apt,1650.0,True,30,60,90,180,96,2018-06-30,2019-12-10,6,0.23,Madrid,2020-09-13,False,True
22023200,Entire home/apt,5000.0,True,7,29,59,334,75,2018-02-13,2019-07-25,8,0.45,Barcelona,2019-08-12,False,False
22023896,Entire home/apt,440.0,True,0,5,35,310,,,,0,,Barcelona,2018-11-07,False,
22024396,Entire home/apt,750.0,True,0,0,0,138,,,,0,,Barcelona,2018-04-12,False,
22026057,Entire home/apt,1790.0,True,1,1,1,132,100,2018-08-15,2018-08-15,1,0.48,Mallorca,2018-10-17,False,True
22026060,Entire home/apt,2230.0,True,0,8,37,127,,,,0,,Mallorca,2019-02-17,False,
22028868,Entire home/apt,1060.0,True,26,40,47,175,,,,0,,Girona,2020-04-30,False,
22029379,Entire home/apt,,True,19,49,79,339,,,,0,,Mallorca,2018-10-17,True,
22030284,Private room,180.0,True,0,0,0,0,,2017-12-01,2017-12-01,1,0.03,Madrid,2020-11-06,False,
22030643,Private room,200.0,True,29,59,62,211,95,2018-04-21,2019-03-04,30,2.66,Girona,2019-03-30,False,True
22032691,Entire home/apt,,True,30,60,90,365,100,2018-08-18,2018-08-18,1,0.06,Mallorca,2019-12-31,True,True
22033482,Entire home/apt,1200.0,True,11,20,34,67,99,2017-12-05,2019-11-27,157,6.59,Sevilla,2019-11-29,False,True
22042300,Private room,130.0,True,15,34,34,34,100,2018-04-25,2018-05-08,2,3.2,Madrid,2018-05-14,False,True
22048206,Entire home/apt,690.0,True,15,45,45,45,91,2017-12-29,2019-10-22,50,2.24,Madrid,2019-11-09,False,True
22060178,Entire home/apt,650.0,True,4,15,32,212,90,2018-01-10,2018-08-12,27,3.8,Madrid,2018-08-14,False,True
22070432,Entire home/apt,3360.0,True,8,27,47,239,90,2018-01-23,2019-09-01,16,0.68,Madrid,2020-01-10,False,True
22071847,Entire home/apt,850.0,True,29,45,67,298,93,2018-01-02,2018-07-15,6,0.81,Madrid,2018-08-14,False,True
22075521,Private room,750.0,True,0,0,0,0,,,,0,,Madrid,2021-01-12,False,
22077629,Entire home/apt,600.0,True,29,59,89,361,,,,0,,Madrid,2019-01-14,False,
22080550,Entire home/apt,,True,30,60,90,365,,,,0,,Mallorca,2020-06-25,True,
22080562,Entire home/apt,,True,30,60,90,365,,,,0,,Mallorca,2021-01-16,True,
22080641,Entire home/apt,1370.0,True,0,0,2,112,80,2018-08-25,2018-08-25,1,0.1,Mallorca,2019-06-27,False,True
22084886,Entire home/apt,2270.0,True,30,60,90,365,100,2020-08-18,2020-08-18,1,0.2,Mallorca,2021-01-16,False,True
22084898,Entire home/apt,3040.0,True,0,12,14,58,,,,0,,Mallorca,2019-02-17,False,
22086690,Entire home/apt,800.0,True,13,36,52,215,97,2018-04-03,2019-06-26,40,2.52,Malaga,2019-07-30,False,True
22092887,Entire home/apt,3000.0,True,0,17,47,245,100,2018-07-07,2018-07-07,1,0.03,Mallorca,2021-01-16,False,True
22096885,Entire home/apt,1610.0,True,0,7,14,136,,,,0,,Mallorca,2018-08-21,False,
22098008,Entire home/apt,1250.0,True,29,59,89,317,,,,0,,Mallorca,2019-02-17,False,
22098012,Entire home/apt,2270.0,True,21,51,81,235,80,2018-08-20,2019-07-21,3,0.24,Mallorca,2019-08-31,False,True
22098365,Entire home/apt,500.0,True,9,20,25,163,89,2018-06-09,2018-09-19,9,0.77,Menorca,2019-05-30,False,True
22100058,Entire home/apt,1000.0,True,28,58,88,334,100,2019-09-27,2019-09-27,1,0.24,Menorca,2020-01-31,False,True
22105467,Entire home/apt,500.0,True,7,25,52,62,99,2017-12-12,2018-12-17,69,5.59,Malaga,2018-12-22,False,True
22120130,Private room,1000.0,True,0,0,0,0,100,2017-12-21,2017-12-21,1,0.14,Mallorca,2018-07-29,False,True
22120243,Entire home/apt,800.0,True,6,36,66,341,83,2018-02-04,2019-11-24,12,0.54,Barcelona,2019-12-10,False,True
22129737,Entire home/apt,2580.0,True,8,19,35,71,,,,0,,Mallorca,2018-08-21,False,
22136657,Entire home/apt,680.0,True,9,24,43,236,98,2018-02-09,2018-08-27,11,1.56,Madrid,2018-09-11,False,True
22141782,Entire home/apt,710.0,True,2,4,11,254,97,2018-02-25,2019-06-17,6,0.36,Barcelona,2019-07-10,False,True
22142245,Shared room,140.0,True,1,1,1,1,95,2017-12-09,2018-05-06,13,1.5,Malaga,2018-08-29,False,True
22142518,Entire home/apt,1500.0,True,17,38,61,143,96,2018-01-04,2019-04-29,52,3.19,Barcelona,2019-05-14,False,True
22144530,Entire home/apt,1860.0,True,0,0,0,0,,,,0,,Mallorca,2018-09-18,False,
22146196,Private room,180.0,True,0,0,0,0,85,2017-12-10,2020-07-16,4,0.1,Valencia,2021-02-20,False,True
22154114,Shared room,140.0,True,0,0,0,0,96,2017-12-18,2018-05-04,11,2.09,Malaga,2018-05-27,False,True
22154964,Entire home/apt,710.0,True,0,0,0,251,100,2018-03-01,2019-03-01,6,0.45,Barcelona,2019-04-10,False,True
22157520,Entire home/apt,600.0,True,26,47,57,298,98,2017-12-30,2020-06-08,136,4.53,Girona,2020-06-29,False,True
22158819,Entire home/apt,500.0,True,0,0,0,0,100,2017-12-17,2018-01-21,4,0.12,Madrid,2020-11-06,False,True
22161137,Entire home/apt,690.0,True,7,11,23,94,100,2017-12-28,2018-04-12,4,0.89,Madrid,2018-05-14,False,True
22168696,Private room,210.0,True,0,0,0,0,,,,0,,Barcelona,2018-04-12,False,
22172236,Entire home/apt,400.0,True,13,27,32,302,97,2018-05-01,2019-05-03,29,2.24,Girona,2019-05-29,False,True
22173521,Entire home/apt,240.0,True,11,41,71,105,90,2018-01-07,2019-04-22,62,3.93,Valencia,2019-05-01,False,True
22177196,Private room,220.0,True,11,37,67,342,90,2017-12-30,2018-08-12,12,1.61,Madrid,2018-08-14,False,True
22183318,Private room,100.0,True,0,0,22,245,,,,0,,Barcelona,2018-01-17,False,
22183750,Entire home/apt,650.0,True,29,59,83,354,76,2018-10-12,2019-06-23,5,0.19,Sevilla,2020-12-31,False,False
22184461,Private room,250.0,True,11,11,22,297,94,2017-12-16,2019-05-12,36,2.13,Madrid,2019-05-14,False,True
22185535,Private room,260.0,True,0,1,1,53,95,2018-01-26,2019-11-15,75,3.04,Barcelona,2020-02-16,False,True
22186227,Private room,270.0,True,0,3,33,308,97,2017-12-24,2019-08-25,28,1.34,Madrid,2019-09-19,False,True
22187984,Entire home/apt,750.0,True,0,0,0,14,97,2018-07-09,2020-08-24,21,0.67,Valencia,2021-02-20,False,True
22188551,Private room,400.0,True,0,0,0,0,,,,0,,Barcelona,2018-02-07,False,
22196835,Entire home/apt,420.0,True,0,0,0,131,,2020-02-07,2020-02-07,1,0.32,Barcelona,2020-05-11,False,
22197717,Entire home/apt,,True,18,48,78,291,94,2016-09-19,2018-04-24,13,0.55,Madrid,2018-09-11,True,True
22198312,Entire home/apt,610.0,True,20,43,61,327,83,2018-07-15,2019-02-12,6,0.42,Madrid,2019-09-19,False,True
22198896,Entire home/apt,800.0,True,0,3,6,6,93,2018-01-23,2020-01-03,29,1.17,Madrid,2020-02-18,False,True
22203198,Private room,260.0,True,0,0,0,0,97,2017-12-31,2019-01-04,19,0.59,Madrid,2020-09-13,False,True
22217299,Entire home/apt,770.0,True,14,44,69,308,80,2019-01-13,2019-01-27,3,1.69,Madrid,2019-03-08,False,True
22218313,Private room,200.0,True,24,53,83,357,96,2017-12-26,2019-12-27,107,4.43,Girona,2019-12-31,False,True
22218688,Private room,270.0,True,9,38,65,340,97,2017-12-18,2018-04-04,7,1.85,Barcelona,2018-04-12,False,True
22219092,Entire home/apt,490.0,True,8,38,68,343,,,,0,,Barcelona,2018-10-10,False,
22219166,Entire home/apt,730.0,True,30,60,90,365,88,2017-12-13,2020-03-01,8,0.23,Madrid,2020-11-06,False,True
22219755,Entire home/apt,2070.0,True,3,7,14,125,,,,0,,Mallorca,2018-07-29,False,
22222602,Entire home/apt,810.0,True,0,0,0,0,,,,0,,Girona,2018-11-26,False,
22222938,Entire home/apt,750.0,True,0,14,37,92,,,,0,,Girona,2019-02-19,False,
22224228,Entire home/apt,600.0,True,0,0,0,0,,,,0,,Madrid,2020-02-18,False,
22235983,Entire home/apt,1160.0,True,0,0,0,0,,,,0,,Mallorca,2018-08-21,False,
22236049,Entire home/apt,1420.0,True,30,60,90,365,75,2018-06-28,2018-08-22,4,0.56,Menorca,2019-01-30,False,False
22236248,Entire home/apt,860.0,True,30,60,90,365,,,,0,,Girona,2019-02-19,False,
22237872,Shared room,120.0,True,0,0,0,0,,,,0,,Sevilla,2018-11-22,False,
22238321,Entire home/apt,840.0,True,30,60,90,365,,,,0,,Madrid,2018-07-10,False,
22239271,Private room,250.0,True,22,45,69,249,89,2018-04-25,2019-06-30,40,2.82,Girona,2019-06-30,False,True
22245413,Entire home/apt,500.0,True,4,5,16,161,97,2017-12-26,2019-02-16,30,2.09,Madrid,2019-03-08,False,True
22256414,Entire home/apt,1610.0,True,21,51,81,298,100,2018-04-30,2020-01-04,4,0.13,Madrid,2020-10-17,False,True
22257331,Entire home/apt,3150.0,True,30,60,90,230,,,,0,,Barcelona,2018-01-17,False,
22270551,Entire home/apt,1580.0,True,0,11,14,153,,,,0,,Mallorca,2019-08-31,False,
22274891,Private room,150.0,True,6,30,60,331,100,2018-01-04,2018-01-08,3,7.02,Barcelona,2018-01-17,False,True
22275920,Private room,650.0,True,30,60,90,365,100,2017-12-31,2017-12-31,1,1.79,Madrid,2018-01-17,False,True
22276964,Entire home/apt,700.0,True,10,10,10,10,94,2018-01-01,2018-11-12,28,2.64,Mallorca,2018-11-20,False,True
22286424,Private room,650.0,True,20,50,80,80,93,2017-12-26,2018-06-17,9,0.95,Barcelona,2018-10-10,False,True
22291462,Private room,370.0,True,25,55,85,86,,,,0,,Barcelona,2018-02-07,False,
22297181,Entire home/apt,4500.0,True,23,53,83,343,100,2018-07-27,2019-08-24,7,0.53,Mallorca,2019-08-31,False,True
22306107,Entire home/apt,1050.0,True,0,0,0,0,97,2017-12-31,2019-01-16,34,2.14,Sevilla,2019-04-27,False,True
22312525,Entire home/apt,250.0,True,11,25,40,84,84,2017-12-30,2020-01-16,144,5.61,Madrid,2020-02-18,False,True
22313086,Entire home/apt,600.0,True,23,53,83,356,70,2018-05-20,2018-08-27,4,0.92,Malaga,2018-09-29,False,False
22314450,Entire home/apt,2040.0,True,24,43,50,134,,,,0,,Girona,2018-04-21,False,
22314452,Entire home/apt,2460.0,True,0,14,14,14,,,,0,,Girona,2018-07-31,False,
22317034,Entire home/apt,1100.0,True,1,18,28,236,,,,0,,Madrid,2018-04-12,False,
22331752,Entire home/apt,1490.0,True,18,48,76,199,76,2018-01-10,2019-05-05,17,1.01,Madrid,2019-06-07,False,False
22336078,Private room,230.0,True,0,0,0,0,,,,0,,Barcelona,2018-01-17,False,
22336334,Entire home/apt,1080.0,True,14,34,64,339,88,2018-03-23,2019-09-05,5,0.26,Madrid,2019-11-09,False,True
22337052,Private room,350.0,True,3,3,3,3,98,2017-12-30,2019-02-26,46,3.23,Madrid,2019-03-08,False,True
22342492,Entire home/apt,1790.0,True,26,55,85,261,98,2018-02-07,2020-02-23,49,1.6,Madrid,2020-08-25,False,True
22350554,Private room,240.0,True,6,36,66,133,100,2018-01-06,2020-10-04,61,1.64,Madrid,2021-02-09,False,True
22351337,Entire home/apt,,True,30,60,90,365,,,,0,,Barcelona,2018-02-07,True,
22352817,Entire home/apt,600.0,True,27,29,29,29,93,2018-04-02,2019-09-24,15,0.84,Girona,2019-09-30,False,True
22353005,Entire home/apt,690.0,True,0,0,0,0,100,2018-06-08,2018-06-08,1,0.04,Barcelona,2020-07-17,False,True
22354625,Entire home/apt,790.0,True,3,5,22,290,96,2017-12-28,2018-07-31,38,5.04,Madrid,2018-08-14,False,True
22359078,Entire home/apt,450.0,True,9,32,62,215,95,2018-01-01,2019-05-11,59,3.6,Madrid,2019-05-14,False,True
22362623,Entire home/apt,1300.0,True,2,6,10,201,97,2017-12-29,2019-04-14,74,4.65,Sevilla,2019-04-27,False,True
22362844,Entire home/apt,700.0,True,22,52,82,198,94,2018-01-22,2018-06-22,27,4.86,Madrid,2018-07-10,False,True
22364188,Entire home/apt,620.0,True,0,0,0,137,93,2019-07-27,2019-08-31,3,0.49,Girona,2020-01-31,False,True
22365649,Entire home/apt,1250.0,True,14,17,31,244,92,2017-12-26,2019-02-18,29,2.1,Sevilla,2019-02-18,False,True
22366327,Entire home/apt,1120.0,True,0,17,38,60,95,2018-01-02,2018-09-05,8,0.52,Madrid,2019-04-11,False,True
22369637,Entire home/apt,830.0,True,30,60,90,320,84,2018-04-22,2019-09-26,9,0.42,Girona,2020-01-31,False,True
22370371,Entire home/apt,450.0,True,4,19,49,66,89,2018-02-03,2018-06-24,19,3.68,Barcelona,2018-07-10,False,True
22372290,Entire home/apt,740.0,True,0,0,0,224,100,2020-07-27,2020-07-27,1,0.25,Girona,2020-11-28,False,True
22375564,Private room,1300.0,True,23,53,83,173,,,,0,,Barcelona,2018-05-14,False,
22382055,Private room,400.0,True,30,55,85,334,93,2018-02-21,2018-12-30,18,1.67,Barcelona,2019-01-14,False,True
22382752,Private room,310.0,True,0,0,0,0,87,2018-03-01,2018-05-13,6,0.23,Barcelona,2020-05-11,False,True
22387097,Entire home/apt,730.0,True,21,51,81,297,100,2018-08-11,2018-08-18,2,0.1,Girona,2020-03-26,False,True
22387801,Private room,130.0,True,22,52,82,352,84,2018-01-06,2018-07-08,25,4.11,Barcelona,2018-07-10,False,True
22394671,Entire home/apt,3990.0,True,19,49,79,354,,,,0,,Mallorca,2019-08-31,False,
22396359,Private room,330.0,True,12,39,69,211,91,2018-01-06,2019-05-03,29,1.79,Barcelona,2019-05-14,False,True
22399875,Entire home/apt,1500.0,True,4,5,5,156,100,2018-05-11,2018-07-20,3,0.12,Menorca,2020-05-31,False,True
22401318,Entire home/apt,480.0,True,24,47,77,348,93,2017-12-31,2019-07-25,51,2.63,Madrid,2019-08-12,False,True
22407628,Entire home/apt,780.0,True,28,58,88,356,96,2018-01-02,2019-12-08,82,3.42,Valencia,2019-12-31,False,True
22408538,Private room,600.0,True,29,59,89,364,87,2018-06-06,2018-08-11,3,0.94,Barcelona,2018-09-11,False,True
22409298,Entire home/apt,1800.0,True,6,21,51,305,95,2018-01-04,2018-08-02,16,2.19,Madrid,2018-08-14,False,True
22409839,Private room,300.0,True,4,8,17,37,97,2018-01-02,2018-06-13,19,3.06,Barcelona,2018-07-10,False,True
22419289,Entire home/apt,380.0,True,18,40,66,301,98,2018-04-01,2018-12-03,10,0.92,Malaga,2019-02-24,False,True
22419551,Entire home/apt,800.0,True,9,9,38,205,96,2018-05-13,2019-04-21,10,0.87,Sevilla,2019-04-27,False,True
22430115,Entire home/apt,950.0,True,13,40,63,335,,,,0,,Madrid,2018-07-10,False,
22434744,Entire home/apt,460.0,True,0,0,0,0,99,2018-03-05,2020-02-09,29,0.94,Valencia,2020-09-28,False,True
22445564,Private room,950.0,True,9,9,9,9,,,,0,,Barcelona,2018-06-09,False,
22445819,Entire home/apt,750.0,True,4,6,19,52,100,2018-04-06,2018-04-06,1,5.07,Barcelona,2018-04-12,False,True
22452145,Entire home/apt,400.0,True,0,4,8,22,90,2018-02-06,2018-05-16,23,6.36,Malaga,2018-05-27,False,True
22453174,Entire home/apt,1200.0,True,12,42,72,159,100,2018-01-06,2018-01-13,2,5.53,Barcelona,2018-01-17,False,True
22453177,Entire home/apt,1350.0,True,9,36,49,132,99,2018-01-25,2019-01-04,16,1.25,Sevilla,2019-02-18,False,True
22454692,Entire home/apt,450.0,True,20,36,64,316,93,2018-01-01,2020-03-11,90,3.39,Madrid,2020-03-17,False,True
22457675,Entire home/apt,5000.0,True,3,23,43,312,85,2018-10-02,2019-03-02,11,1.89,Sevilla,2019-03-28,False,True
22460768,Entire home/apt,1420.0,True,13,29,49,117,,,,0,,Girona,2018-07-31,False,
22461895,Entire home/apt,2000.0,True,25,55,85,334,97,2018-01-11,2018-08-08,6,0.61,Barcelona,2018-11-07,False,True
22462075,Entire home/apt,800.0,True,16,16,16,16,80,2018-07-30,2018-08-24,2,0.74,Girona,2018-10-20,False,True
22477282,Entire home/apt,800.0,True,0,0,0,0,81,2018-01-23,2019-04-28,48,3.07,Barcelona,2019-05-14,False,True
22479174,Private room,400.0,True,26,56,86,171,100,2018-01-16,2020-03-08,104,3.32,Madrid,2020-08-25,False,True
22484107,Private room,300.0,True,0,0,30,299,,,,0,,Barcelona,2018-02-07,False,
22488394,Entire home/apt,2000.0,True,28,58,88,363,,,,0,,Sevilla,2020-06-29,False,
22489683,Entire home/apt,870.0,True,27,57,87,362,92,2018-04-01,2018-09-23,5,0.84,Malaga,2018-09-29,False,True
22490143,Entire home/apt,510.0,True,0,26,56,253,94,2018-05-21,2019-09-23,40,1.32,Girona,2020-11-28,False,True
22495558,Private room,300.0,True,18,45,75,75,82,2018-01-03,2018-10-27,14,1.07,Barcelona,2019-02-06,False,True
22512692,Entire home/apt,500.0,True,30,60,74,74,100,2018-08-15,2018-08-15,1,0.43,Malaga,2018-10-25,False,True
22519038,Entire home/apt,430.0,True,0,19,41,124,87,2018-05-09,2018-09-06,6,0.38,Girona,2019-08-31,False,True
22522166,Private room,150.0,True,30,53,64,64,95,2018-01-18,2020-02-27,148,5.71,Barcelona,2020-03-16,False,True
22522305,Entire home/apt,3000.0,True,0,0,0,179,100,2018-09-08,2018-09-08,1,0.42,Mallorca,2018-11-20,False,True
22527050,Entire home/apt,1200.0,True,14,28,30,191,98,2018-03-31,2018-10-20,11,0.93,Mallorca,2019-03-25,False,True
22531387,Private room,150.0,True,1,18,33,300,96,2018-01-05,2018-01-20,5,4.61,Barcelona,2018-02-07,False,True
22537863,Entire home/apt,,True,23,53,83,358,,,,0,,Mallorca,2019-04-24,True,
22539956,Entire home/apt,1370.0,True,7,29,59,209,100,2019-05-21,2019-06-27,2,0.6,Mallorca,2019-08-31,False,True
22540705,Entire home/apt,450.0,True,7,23,23,23,84,2018-02-28,2019-06-30,11,0.65,Girona,2019-07-29,False,True
22542701,Entire home/apt,700.0,True,8,17,33,82,97,2018-02-18,2019-02-06,22,1.75,Madrid,2019-03-08,False,True
22543106,Entire home/apt,500.0,True,11,35,62,313,95,2018-01-27,2019-11-01,87,3.94,Sevilla,2019-11-29,False,True
22543442,Private room,200.0,True,19,49,79,354,94,2018-01-27,2018-08-27,34,4.83,Malaga,2018-08-29,False,True
22544098,Entire home/apt,800.0,True,27,57,87,362,98,2018-02-01,2019-06-20,19,1.0,Girona,2019-08-31,False,True
22546370,Entire home/apt,3040.0,True,20,31,45,166,,,,0,,Mallorca,2020-04-23,False,
22546373,Entire home/apt,1760.0,True,28,58,88,123,,,,0,,Mallorca,2019-10-28,False,
22546378,Entire home/apt,1750.0,True,20,50,75,201,,,,0,,Mallorca,2020-03-22,False,
22546401,Entire home/apt,1710.0,True,6,36,58,186,,,,0,,Mallorca,2019-07-25,False,
22546403,Entire home/apt,1180.0,True,4,18,48,88,,,,0,,Mallorca,2018-08-21,False,
22546452,Private room,450.0,True,0,0,0,0,100,2018-03-12,2018-05-27,7,1.77,Barcelona,2018-07-10,False,True
22549513,Private room,250.0,True,26,56,86,86,95,2018-02-17,2018-07-23,9,1.54,Barcelona,2018-08-14,False,True
22550210,Entire home/apt,590.0,True,8,30,47,198,100,2018-01-27,2018-04-08,2,0.29,Sevilla,2018-08-27,False,True
22558222,Entire home/apt,790.0,True,28,50,80,341,100,2018-08-25,2019-08-24,5,0.27,Girona,2020-02-29,False,True
22571420,Entire home/apt,550.0,True,1,1,3,32,99,2018-04-01,2020-03-13,25,1.05,Girona,2020-03-26,False,True
22579132,Entire home/apt,2850.0,True,4,34,49,316,99,2018-03-09,2019-07-05,37,2.22,Girona,2019-07-29,False,True
22579829,Entire home/apt,1100.0,True,22,47,54,134,85,2018-01-15,2019-04-27,14,0.64,Madrid,2019-11-09,False,True
22580159,Entire home/apt,740.0,True,29,39,53,168,,,,0,,Girona,2019-04-29,False,
22582126,Entire home/apt,3470.0,True,0,0,0,79,,,,0,,Girona,2019-08-31,False,
22592235,Entire home/apt,1250.0,True,14,25,49,317,96,2018-04-08,2019-04-24,39,3.09,Sevilla,2019-04-27,False,True
22606444,Entire home/apt,2700.0,True,0,19,19,19,,,,0,,Barcelona,2018-01-17,False,
22614127,Entire home/apt,1760.0,True,0,0,0,147,80,2018-05-03,2018-05-03,1,0.05,Girona,2019-11-30,False,True
22614178,Private room,180.0,True,0,0,0,0,100,2018-03-20,2018-06-30,2,0.54,Madrid,2018-07-10,False,True
22618618,Entire home/apt,2680.0,True,0,0,0,82,,,,0,,Mallorca,2019-12-31,False,
22618626,Entire home/apt,990.0,True,3,14,38,195,80,2018-04-13,2018-05-01,2,0.14,Mallorca,2019-06-27,False,True
22618632,Entire home/apt,820.0,True,10,34,44,304,,,,0,,Mallorca,2018-04-18,False,
22619253,Entire home/apt,550.0,True,0,28,58,174,,,,0,,Girona,2019-02-19,False,
22619274,Entire home/apt,2830.0,True,0,0,0,32,60,2018-04-02,2018-04-02,1,0.05,Girona,2019-12-31,False,False
22619295,Entire home/apt,1900.0,True,23,53,83,311,,,,0,,Girona,2019-11-30,False,
22619320,Entire home/apt,930.0,True,0,0,6,225,80,2018-07-23,2018-08-11,2,0.4,Girona,2018-12-22,False,True
22622715,Entire home/apt,660.0,True,16,46,76,225,100,2018-07-06,2018-12-27,9,1.02,Girona,2019-03-30,False,True
22622729,Private room,450.0,True,0,0,0,0,99,2018-03-30,2019-09-22,42,2.21,Girona,2019-10-30,False,True
22623626,Entire home/apt,1000.0,True,28,31,31,102,,,,0,,Barcelona,2018-08-14,False,
22624722,Private room,150.0,True,0,0,0,0,,,,0,,Madrid,2018-04-12,False,
22626206,Entire home/apt,950.0,True,8,34,34,34,91,2018-02-03,2018-09-24,17,2.08,Barcelona,2018-10-10,False,True
22626728,Entire home/apt,1150.0,True,28,58,88,339,98,2018-06-24,2019-09-11,10,0.31,Girona,2021-02-27,False,True
22627250,Entire home/apt,3000.0,True,10,32,46,311,97,2018-05-05,2019-03-12,24,2.23,Sevilla,2019-03-28,False,True
22629034,Private room,680.0,True,0,0,0,0,,,,0,,Barcelona,2019-03-08,False,
22633738,Private room,200.0,True,0,0,0,0,100,2020-02-13,2020-03-15,8,1.76,Valencia,2020-06-30,False,True
22633999,Entire home/apt,630.0,True,0,0,0,0,,,,0,,Girona,2020-03-26,False,
22634014,Entire home/apt,700.0,True,0,0,0,204,,,,0,,Girona,2018-10-20,False,
22634031,Entire home/apt,1940.0,True,0,0,0,70,,,,0,,Girona,2018-11-26,False,
22634035,Entire home/apt,2220.0,True,4,34,61,167,,,,0,,Girona,2020-04-30,False,
22634037,Entire home/apt,2280.0,True,4,34,64,339,,,,0,,Girona,2020-04-30,False,
22634932,Entire home/apt,1980.0,True,0,0,27,155,,,,0,,Girona,2020-01-31,False,
22634951,Entire home/apt,2090.0,True,0,0,0,84,,,,0,,Girona,2019-10-30,False,
22634974,Entire home/apt,2510.0,True,0,0,0,0,,,,0,,Girona,2020-03-26,False,
22644507,Entire home/apt,750.0,True,6,11,21,245,,,,0,,Mallorca,2019-04-24,False,
22648731,Entire home/apt,1290.0,True,22,52,82,166,,,,0,,Madrid,2018-07-10,False,
22648746,Entire home/apt,1720.0,True,11,39,69,141,,,,0,,Madrid,2018-09-11,False,
22649058,Entire home/apt,1440.0,True,13,30,58,319,94,2017-01-04,2018-10-22,10,0.45,Madrid,2018-11-07,False,True
22649162,Entire home/apt,1480.0,True,0,11,30,147,100,2017-10-15,2018-05-21,2,0.23,Madrid,2018-07-10,False,True
22649879,Entire home/apt,870.0,True,7,32,54,202,,,,0,,Mallorca,2018-04-18,False,
22657986,Entire home/apt,2840.0,True,20,44,70,250,96,2016-01-22,2019-07-03,16,0.36,Valencia,2019-09-30,False,True
22662207,Entire home/apt,700.0,True,22,52,82,173,88,2018-01-21,2018-11-23,49,4.61,Madrid,2018-12-10,False,True
22664991,Entire home/apt,1030.0,True,30,60,76,351,70,2018-08-08,2018-08-25,2,0.83,Girona,2018-10-20,False,False
22667915,Entire home/apt,500.0,True,18,48,78,78,99,2018-01-20,2018-10-06,14,1.62,Madrid,2018-10-10,False,True
22669126,Entire home/apt,650.0,True,30,43,43,203,100,2018-04-23,2018-11-01,2,0.16,Barcelona,2019-05-14,False,True
22670010,Entire home/apt,2670.0,True,0,0,0,202,,,,0,,Girona,2020-12-31,False,
22670013,Entire home/apt,860.0,True,0,0,28,144,60,2018-08-09,2018-08-09,1,0.05,Girona,2020-02-29,False,False
22670027,Entire home/apt,840.0,True,1,1,1,49,,,,0,,Girona,2018-12-22,False,
22670604,Entire home/apt,1000.0,True,7,15,28,290,90,2018-07-18,2019-06-10,16,1.41,Mallorca,2019-06-27,False,True
22679364,Entire home/apt,650.0,True,18,43,73,73,93,2018-01-29,2019-10-20,62,2.9,Madrid,2019-11-09,False,True
22680509,Entire home/apt,600.0,True,24,53,83,238,98,2018-04-01,2019-09-21,39,2.17,Valencia,2019-09-30,False,True
22680591,Private room,250.0,True,12,12,12,233,87,2018-01-21,2018-08-12,5,0.74,Madrid,2018-08-14,False,True
22682305,Entire home/apt,1100.0,True,24,54,84,352,92,2018-07-03,2020-09-06,25,0.94,Mallorca,2020-09-19,False,True
22683579,Private room,200.0,True,26,56,86,176,100,2018-01-14,2018-01-14,1,10.13,Madrid,2018-01-17,False,True
22684063,Private room,400.0,True,0,0,0,35,94,2018-02-15,2019-12-08,50,1.86,Madrid,2020-05-14,False,True
22695416,Entire home/apt,850.0,True,28,58,88,260,80,2019-06-15,2019-06-15,1,0.11,Girona,2020-03-26,False,True
22697049,Entire home/apt,1800.0,True,0,0,0,74,100,2018-02-16,2018-02-16,1,0.35,Madrid,2018-05-14,False,True
22698667,Entire home/apt,1300.0,True,23,45,66,318,,,,0,,Girona,2018-04-21,False,
22699276,Private room,220.0,True,0,0,0,0,,,,0,,Barcelona,2021-02-09,False,
22700207,Entire home/apt,4500.0,True,12,22,45,178,97,2018-03-15,2018-10-29,23,2.59,Madrid,2018-12-10,False,True
22700803,Entire home/apt,2150.0,True,0,13,36,44,,,,0,,Mallorca,2019-07-25,False,
22701798,Entire home/apt,1050.0,True,28,58,88,363,,,,0,,Sevilla,2018-07-31,False,
22710054,Entire home/apt,490.0,True,23,53,83,358,,,,0,,Girona,2019-10-30,False,
22712557,Private room,500.0,True,30,60,90,365,,,,0,,Madrid,2018-01-17,False,
22723845,Entire home/apt,400.0,True,5,6,7,7,95,2018-01-28,2018-04-25,9,0.87,Madrid,2018-12-10,False,True
22726805,Entire home/apt,800.0,True,10,40,70,70,96,2018-01-21,2018-04-01,9,1.43,Girona,2018-07-31,False,True
22729353,Entire home/apt,1260.0,True,29,57,87,291,93,2018-03-05,2019-08-24,16,0.5,Girona,2020-10-28,False,True
22737036,Entire home/apt,1450.0,True,0,0,0,0,98,2018-06-06,2018-09-27,9,1.57,Menorca,2018-11-27,False,True
22737815,Entire home/apt,900.0,True,29,59,89,197,97,2018-05-11,2020-02-02,61,2.1,Barcelona,2020-10-12,False,True
22738638,Entire home/apt,650.0,True,8,33,58,62,96,2018-01-21,2019-05-19,38,2.3,Madrid,2019-06-07,False,True
22739042,Entire home/apt,950.0,True,18,45,75,308,76,2018-02-16,2019-12-26,37,1.62,Barcelona,2020-01-10,False,False
22741501,Shared room,,True,22,52,82,339,100,2018-03-02,2018-04-02,2,0.83,Barcelona,2018-05-14,True,True
22748653,Entire home/apt,450.0,True,10,40,70,225,91,2018-04-22,2018-07-17,9,2.12,Malaga,2018-08-29,False,True
22757562,Entire home/apt,750.0,True,0,0,0,0,,,,0,,Girona,2018-12-22,False,
22760147,Entire home/apt,400.0,True,10,40,67,154,97,2018-01-25,2019-01-06,58,4.78,Sevilla,2019-01-29,False,True
22761630,Entire home/apt,4270.0,True,27,50,51,183,,,,0,,Girona,2018-08-30,False,
22762980,Entire home/apt,890.0,True,15,45,69,169,83,2018-01-21,2018-09-21,7,0.81,Madrid,2018-10-10,False,True
22764358,Entire home/apt,1000.0,True,10,23,36,267,100,2018-03-09,2018-03-29,2,0.09,Malaga,2020-01-31,False,True
22765282,Entire home/apt,2000.0,True,23,53,83,358,,,,0,,Girona,2019-06-30,False,
22768381,Private room,350.0,True,19,33,50,59,,,,0,,Malaga,2018-05-27,False,
22775136,Entire home/apt,670.0,True,20,50,70,159,80,2018-04-02,2018-05-21,2,0.17,Girona,2019-03-30,False,True
22778959,Private room,230.0,True,15,34,56,56,89,2018-03-19,2019-10-19,50,2.13,Valencia,2020-02-29,False,True
22779020,Private room,250.0,True,19,41,71,346,97,2018-01-25,2020-02-24,75,2.62,Barcelona,2020-06-13,False,True
22781711,Entire home/apt,600.0,True,27,57,87,87,,,,0,,Barcelona,2021-01-12,False,
22782191,Private room,,True,30,60,90,365,,,,0,,Mallorca,2019-06-27,True,
22783470,Entire home/apt,900.0,True,19,49,79,212,,,,0,,Mallorca,2018-08-21,False,
22785047,Private room,250.0,True,0,0,0,16,,,,0,,Madrid,2019-01-14,False,
22786126,Entire home/apt,2200.0,True,30,60,90,365,90,2018-08-19,2019-07-01,2,0.07,Mallorca,2020-11-08,False,True
22787596,Private room,860.0,True,30,60,90,365,80,2019-10-09,2019-10-09,1,0.09,Madrid,2020-08-25,False,True
22788649,Entire home/apt,1200.0,True,7,7,33,272,98,2018-02-25,2019-12-03,78,3.63,Madrid,2019-12-10,False,True
22789283,Entire home/apt,2500.0,True,23,45,57,323,97,2018-02-19,2018-10-21,19,1.68,Sevilla,2019-01-29,False,True
22799293,Private room,480.0,True,3,3,3,3,93,2018-01-20,2019-01-20,52,3.14,Madrid,2019-06-07,False,True
22799923,Private room,400.0,True,12,31,61,330,89,2018-02-26,2018-05-21,7,2.07,Barcelona,2018-06-09,False,True
22801194,Private room,450.0,True,27,57,87,362,93,2019-09-29,2019-12-14,3,0.89,Madrid,2020-01-10,False,True
22802649,Entire home/apt,900.0,True,14,44,70,334,100,2018-04-15,2018-04-15,1,5.07,Sevilla,2018-04-21,False,True
22807948,Entire home/apt,1200.0,True,30,53,53,277,,,,0,,Barcelona,2018-12-10,False,
22812609,Entire home/apt,580.0,True,6,32,37,37,89,2018-03-13,2019-12-23,74,3.37,Barcelona,2020-01-10,False,True
22822141,Entire home/apt,650.0,True,0,0,24,176,,,,0,,Malaga,2018-11-27,False,
22827153,Entire home/apt,1670.0,True,16,41,71,154,,,,0,,Madrid,2018-04-12,False,
22827732,Entire home/apt,560.0,True,0,0,25,116,92,2018-03-27,2020-08-21,57,1.84,Valencia,2020-10-24,False,True
22829130,Entire home/apt,500.0,True,5,7,31,38,93,2018-02-16,2018-11-25,25,2.68,Malaga,2018-11-27,False,True
22830902,Private room,350.0,True,24,54,84,359,100,2018-10-11,2019-10-06,2,0.16,Madrid,2019-10-16,False,True
22848531,Entire home/apt,400.0,True,27,50,80,80,100,2018-02-04,2018-11-18,30,3.13,Sevilla,2018-11-22,False,True
22854537,Entire home/apt,870.0,True,6,11,11,81,97,2018-03-15,2019-06-13,21,1.35,Valencia,2019-07-01,False,True
22857304,Entire home/apt,4000.0,True,30,30,31,94,99,2018-04-18,2020-03-14,26,1.02,Menorca,2020-05-31,False,True
22862857,Entire home/apt,940.0,True,9,32,62,150,,2018-02-10,2018-02-10,1,0.14,Sevilla,2018-09-22,False,
22864423,Entire home/apt,4500.0,True,23,49,73,267,100,2018-03-25,2018-10-15,13,1.2,Sevilla,2019-02-18,False,True
22864811,Entire home/apt,260.0,True,17,17,17,17,93,2018-05-19,2019-09-09,20,1.22,Girona,2019-09-30,False,True
22871853,Entire home/apt,,True,0,0,0,214,80,2018-08-22,2018-08-22,1,0.26,Mallorca,2018-12-18,True,True
22872147,Entire home/apt,2500.0,True,20,32,49,127,100,2018-04-03,2018-04-03,1,2.03,Mallorca,2018-04-18,False,True
22873528,Entire home/apt,1350.0,True,8,31,61,332,,,,0,,Girona,2018-10-20,False,
22873587,Entire home/apt,740.0,True,21,51,81,293,,,,0,,Girona,2020-01-31,False,
22873595,Entire home/apt,650.0,True,0,0,3,3,,,,0,,Girona,2019-08-31,False,
22878458,Entire home/apt,2100.0,True,10,22,39,125,95,2018-02-04,2019-05-06,49,3.21,Madrid,2019-05-14,False,True
22886755,Entire home/apt,550.0,True,0,26,56,300,93,2018-01-29,2019-09-12,65,2.51,Malaga,2020-03-26,False,True
22897482,Entire home/apt,650.0,True,0,0,0,147,,,,0,,Girona,2018-10-20,False,
22900573,Private room,330.0,True,16,44,69,69,96,2018-02-11,2019-10-14,100,4.97,Madrid,2019-10-16,False,True
22902249,Entire home/apt,2880.0,True,17,18,18,249,100,2018-09-15,2018-09-15,1,0.08,Girona,2019-09-30,False,True
22911071,Entire home/apt,790.0,True,8,17,40,100,97,2018-03-11,2019-08-21,84,4.74,Valencia,2019-09-01,False,True
22914246,Entire home/apt,3110.0,True,17,33,37,248,100,2019-09-08,2019-09-08,1,0.09,Mallorca,2020-08-28,False,True
22915052,Entire home/apt,750.0,True,9,14,44,76,53,2018-07-14,2018-10-07,3,0.26,Mallorca,2019-06-27,False,False
22915537,Entire home/apt,600.0,True,15,25,52,103,99,2018-02-19,2019-05-21,15,0.96,Madrid,2019-06-07,False,True
22920717,Private room,500.0,True,0,26,56,331,,,,0,,Girona,2018-07-31,False,
22921689,Entire home/apt,1900.0,True,0,0,0,0,,,,0,,Girona,2019-06-30,False,
22931059,Private room,550.0,True,29,59,89,179,,,,0,,Barcelona,2018-04-12,False,
22931645,Entire home/apt,740.0,True,8,10,14,282,87,2018-07-11,2019-05-31,6,0.52,Mallorca,2019-06-27,False,True
22932172,Entire home/apt,1990.0,True,0,16,46,61,90,2018-07-12,2018-08-18,2,0.89,Mallorca,2018-09-18,False,True
22933046,Private room,220.0,True,18,45,75,350,82,2018-02-28,2018-08-26,31,4.83,Barcelona,2018-09-11,False,True
22939511,Entire home/apt,1400.0,True,0,0,0,0,,,,0,,Madrid,2019-06-07,False,
22948263,Entire home/apt,890.0,True,8,38,68,159,,,,0,,Madrid,2018-12-10,False,
22948573,Entire home/apt,790.0,True,0,0,22,248,93,2018-05-17,2018-07-02,3,0.42,Mallorca,2018-12-18,False,True
22950068,Private room,500.0,True,25,27,27,27,,,,0,,Malaga,2018-07-31,False,
22951776,Entire home/apt,2250.0,True,8,20,26,159,100,2018-06-26,2018-06-26,1,0.92,Mallorca,2018-07-29,False,True
22953251,Entire home/apt,450.0,True,30,60,90,365,87,2018-02-25,2019-11-10,82,3.02,Valencia,2020-05-31,False,True
22954584,Entire home/apt,920.0,True,12,23,44,282,100,2019-04-14,2019-04-14,1,0.09,Mallorca,2020-02-29,False,True
22954800,Entire home/apt,1600.0,True,0,0,0,0,,,,0,,Sevilla,2018-08-27,False,
22965293,Private room,200.0,True,0,0,0,0,100,2018-02-04,2018-02-06,2,0.09,Barcelona,2020-01-10,False,True
22967261,Entire home/apt,650.0,True,7,16,21,171,100,2018-02-12,2018-05-19,14,4.09,Malaga,2018-05-27,False,True
22967713,Entire home/apt,800.0,True,11,37,67,342,,,,0,,Barcelona,2020-07-17,False,
22978274,Entire home/apt,600.0,True,0,0,0,240,80,2018-07-01,2018-07-01,1,0.04,Mallorca,2020-08-28,False,True
22979863,Entire home/apt,780.0,True,1,1,1,42,100,2018-02-11,2021-01-03,134,3.82,Madrid,2021-01-12,False,True
22983231,Private room,450.0,True,7,11,11,11,98,2018-02-27,2019-03-01,18,1.46,Barcelona,2019-03-08,False,True
22985103,Private room,300.0,True,0,0,0,0,94,2018-08-05,2020-03-07,41,1.75,Madrid,2020-07-17,False,True
22994034,Entire home/apt,770.0,True,30,46,76,346,87,2018-02-18,2020-03-03,62,2.01,Barcelona,2020-09-12,False,True
22995415,Entire home/apt,970.0,True,16,42,66,148,20,2018-03-19,2018-03-19,1,1.27,Madrid,2018-04-12,False,False
23001940,Entire home/apt,1050.0,True,27,51,63,159,99,2018-04-02,2020-03-07,113,4.61,Barcelona,2020-04-16,False,True
23002193,Private room,700.0,True,4,17,39,121,84,2018-07-10,2019-03-19,34,3.77,Barcelona,2019-04-10,False,True
23010531,Entire home/apt,2000.0,True,7,21,49,314,80,2018-04-03,2018-04-03,1,0.04,Valencia,2020-06-30,False,True
23012663,Entire home/apt,680.0,True,0,0,0,0,100,2019-08-31,2019-08-31,1,0.51,Girona,2019-10-30,False,True
23032629,Entire home/apt,700.0,True,0,0,0,0,76,2018-02-19,2018-10-08,9,0.83,Barcelona,2019-01-14,False,False
23040910,Entire home/apt,1180.0,True,29,59,89,364,92,2018-06-09,2019-09-01,10,0.31,Menorca,2021-02-27,False,True
23050389,Entire home/apt,850.0,True,10,28,48,233,87,2018-03-21,2019-06-17,20,1.19,Barcelona,2019-08-12,False,True
23050623,Entire home/apt,370.0,True,0,0,0,0,87,2018-02-12,2020-10-21,187,5.2,Madrid,2021-02-09,False,True
23051681,Private room,1500.0,True,28,58,88,363,,,,0,,Barcelona,2019-02-06,False,
23052642,Entire home/apt,1010.0,True,30,60,90,365,,,,0,,Mallorca,2020-05-28,False,
23056005,Private room,300.0,True,29,59,89,179,92,2018-02-24,2018-11-04,31,2.62,Girona,2019-02-19,False,True
23057226,Entire home/apt,660.0,True,29,59,89,262,,,,0,,Girona,2019-09-30,False,
23066116,Entire home/apt,2250.0,True,17,40,70,164,,,,0,,Girona,2018-12-22,False,
23066523,Private room,600.0,True,30,60,90,365,87,2018-07-03,2018-09-18,6,0.69,Mallorca,2019-03-25,False,True
23066673,Entire home/apt,,True,0,7,36,120,80,2018-06-01,2018-07-31,2,0.12,Barcelona,2019-10-16,True,True
23067514,Entire home/apt,850.0,True,5,12,25,110,97,2018-02-18,2019-05-04,67,4.53,Madrid,2019-05-14,False,True
23068260,Entire home/apt,600.0,True,0,0,13,118,98,2018-04-26,2019-08-02,8,0.36,Mallorca,2020-02-29,False,True
23068595,Entire home/apt,,True,8,19,49,91,,,,0,,Mallorca,2018-08-21,True,
23069597,Entire home/apt,650.0,True,26,56,56,282,,2018-02-08,2018-02-08,3,1.27,Girona,2018-04-21,False,
23073900,Entire home/apt,3340.0,True,0,0,21,170,,,,0,,Menorca,2018-12-22,False,
23083562,Entire home/apt,1560.0,True,19,48,72,107,,,,0,,Menorca,2018-08-29,False,
23084860,Private room,2000.0,True,0,0,0,0,80,2018-03-01,2018-03-01,1,0.04,Madrid,2020-05-14,False,True
23089425,Private room,600.0,True,16,34,51,297,99,2018-02-27,2020-01-22,74,3.13,Barcelona,2020-02-16,False,True
23090289,Entire home/apt,850.0,True,15,32,52,133,97,2018-02-08,2019-05-27,29,1.85,Valencia,2019-05-31,False,True
23100585,Entire home/apt,1850.0,True,0,0,25,205,100,2020-08-01,2020-08-01,1,0.35,Girona,2020-10-28,False,True
23103472,Entire home/apt,600.0,True,30,60,90,90,95,2018-03-04,2020-03-08,63,1.91,Sevilla,2020-11-30,False,True
23104156,Entire home/apt,1750.0,True,5,21,34,183,98,2018-04-15,2018-07-08,9,3.18,Madrid,2018-07-10,False,True
23118272,Entire home/apt,3000.0,True,12,27,54,234,91,2018-02-18,2019-11-18,34,1.59,Sevilla,2019-11-29,False,True
23120705,Entire home/apt,680.0,True,0,0,0,117,96,2018-03-11,2019-11-24,42,1.93,Girona,2019-12-31,False,True
23124779,Private room,300.0,True,0,0,0,251,,,,0,,Madrid,2019-02-06,False,
23133166,Entire home/apt,450.0,True,3,10,15,85,98,2018-02-27,2019-03-26,17,1.21,Malaga,2019-05-01,False,True
23134823,Entire home/apt,650.0,True,29,59,65,65,98,2018-02-18,2020-09-06,76,2.35,Malaga,2020-10-30,False,True
23136321,Entire home/apt,600.0,True,17,25,45,292,86,2018-02-11,2020-03-08,43,1.7,Sevilla,2020-03-23,False,True
23136859,Entire home/apt,,True,0,0,16,210,97,2018-04-08,2019-10-27,12,0.53,Mallorca,2020-02-29,True,True
23138068,Entire home/apt,790.0,True,7,21,51,141,89,2018-04-09,2018-08-29,7,1.31,Mallorca,2018-09-18,False,True
23147911,Entire home/apt,900.0,True,30,60,90,365,93,2018-05-13,2019-04-28,5,0.25,Madrid,2020-01-10,False,True
23152577,Entire home/apt,1000.0,True,0,0,0,86,,,,0,,Barcelona,2019-12-10,False,
23152631,Entire home/apt,650.0,True,1,2,2,153,,,,0,,Barcelona,2019-07-10,False,
23153560,Entire home/apt,1480.0,True,19,42,72,84,60,2018-07-14,2018-07-14,1,0.8,Mallorca,2018-08-21,False,False
23155069,Entire home/apt,2700.0,True,0,0,0,188,,,,0,,Mallorca,2018-11-20,False,
23156772,Entire home/apt,2280.0,True,0,0,0,264,,,,0,,Mallorca,2020-05-28,False,
23162172,Entire home/apt,250.0,True,1,9,21,126,93,2018-02-12,2018-03-18,9,4.64,Barcelona,2018-04-12,False,True
23166282,Entire home/apt,800.0,True,2,11,22,203,99,2018-02-26,2019-01-29,50,4.41,Madrid,2019-02-06,False,True
23166800,Private room,700.0,True,5,5,5,5,98,2018-04-19,2019-06-16,22,1.5,Madrid,2019-07-10,False,True
23167066,Entire home/apt,420.0,True,0,0,0,0,99,2018-03-18,2020-06-30,73,2.21,Madrid,2020-12-17,False,True
23168275,Entire home/apt,190.0,True,21,37,37,50,100,2018-07-03,2018-09-17,3,0.47,Madrid,2019-01-14,False,True
23173283,Entire home/apt,750.0,True,0,23,38,125,40,2018-08-12,2018-08-12,1,0.14,Mallorca,2019-03-25,False,False
23174476,Entire home/apt,1140.0,True,16,39,60,119,,,,0,,Girona,2019-03-30,False,
23174493,Entire home/apt,1460.0,True,15,26,50,91,,,,0,,Girona,2020-04-30,False,
23174510,Entire home/apt,3830.0,True,30,60,90,212,,,,0,,Girona,2020-04-30,False,
23175496,Entire home/apt,600.0,True,7,20,45,135,100,2018-02-16,2018-05-10,16,5.59,Madrid,2018-05-14,False,True
23175766,Entire home/apt,750.0,True,0,0,7,49,80,2018-08-25,2018-08-25,1,0.17,Girona,2019-02-19,False,True
23176372,Entire home/apt,1210.0,True,0,0,4,62,,,,0,,Girona,2018-04-21,False,
23178832,Entire home/apt,870.0,True,0,0,0,0,,,,0,,Malaga,2019-03-31,False,
23186206,Entire home/apt,630.0,True,27,54,78,81,97,2018-05-06,2019-10-06,30,1.68,Girona,2019-10-30,False,True
23187264,Entire home/apt,900.0,True,18,46,76,76,92,2018-04-01,2018-06-25,12,1.07,Madrid,2019-03-08,False,True
23189824,Private room,130.0,True,29,59,89,364,,,,0,,Sevilla,2019-01-29,False,
23193027,Entire home/apt,1600.0,True,3,12,30,258,88,2018-02-21,2019-01-29,36,3.13,Barcelona,2019-02-06,False,True
23193038,Entire home/apt,1380.0,True,5,21,36,290,93,2018-03-05,2019-06-24,52,3.21,Barcelona,2019-07-10,False,True
23194959,Entire home/apt,900.0,True,30,60,90,180,97,2018-05-20,2019-12-16,29,1.12,Madrid,2020-07-17,False,True
23195617,Entire home/apt,1000.0,True,0,0,8,283,100,2019-07-21,2019-07-21,1,0.14,Barcelona,2020-02-16,False,True
23195625,Private room,380.0,True,30,60,90,362,88,2019-01-08,2020-08-14,8,0.35,Sevilla,2020-11-30,False,True
23197632,Private room,270.0,True,12,42,72,347,,,,0,,Madrid,2018-04-12,False,
23198901,Entire home/apt,980.0,True,0,0,0,61,98,2018-02-20,2020-03-06,62,2.04,Valencia,2020-08-30,False,True
23200638,Entire home/apt,620.0,True,0,0,0,0,,,,0,,Girona,2020-01-31,False,
23201414,Private room,550.0,True,0,0,0,0,91,2018-02-22,2019-09-30,75,3.79,Barcelona,2019-10-16,False,True
23202290,Entire home/apt,1960.0,True,13,34,34,34,,,,0,,Girona,2018-07-31,False,
23211612,Entire home/apt,800.0,True,10,36,66,318,73,2018-03-14,2019-04-10,8,0.54,Barcelona,2019-06-07,False,False
23211615,Entire home/apt,700.0,True,24,44,59,305,80,2018-02-25,2018-10-05,6,0.53,Barcelona,2019-02-06,False,True
23211640,Entire home/apt,700.0,True,22,36,62,337,80,2018-06-03,2018-06-08,2,0.39,Barcelona,2018-11-07,False,True
23211678,Entire home/apt,960.0,True,0,26,56,331,80,2018-04-10,2019-07-15,7,0.23,Barcelona,2020-10-12,False,True
23211744,Entire home/apt,600.0,True,18,48,78,353,80,2018-07-13,2019-11-15,8,0.4,Barcelona,2020-03-16,False,True
23212743,Entire home/apt,4500.0,True,25,55,85,360,,,,0,,Madrid,2018-12-10,False,
23217328,Entire home/apt,1050.0,True,4,15,37,236,96,2018-03-01,2018-04-01,5,2.98,Sevilla,2018-04-21,False,True
23219771,Private room,200.0,True,11,41,71,346,90,2018-03-05,2018-04-01,2,1.6,Barcelona,2018-04-12,False,True
23224492,Entire home/apt,400.0,True,0,0,0,162,97,2018-04-06,2019-08-29,24,1.15,Menorca,2019-12-31,False,True
23225318,Private room,3500.0,True,0,0,0,0,,,,0,,Barcelona,2018-11-07,False,
23225408,Entire home/apt,410.0,True,2,32,62,62,92,2018-02-25,2020-09-24,94,2.65,Madrid,2021-02-09,False,True
23225824,Private room,290.0,True,7,16,36,36,99,2018-02-13,2019-06-22,113,6.86,Sevilla,2019-06-29,False,True
23228374,Private room,250.0,True,0,0,0,0,,,,0,,Madrid,2019-09-19,False,
23242110,Entire home/apt,420.0,True,2,32,49,84,80,2018-05-21,2018-05-21,1,0.1,Girona,2019-03-30,False,True
23243846,Entire home/apt,850.0,True,15,19,30,234,98,2018-03-12,2019-12-09,49,2.07,Malaga,2020-02-29,False,True
23245177,Entire home/apt,600.0,True,0,0,7,76,95,2018-03-18,2019-08-23,12,0.47,Valencia,2020-04-28,False,True
23246432,Entire home/apt,490.0,True,15,40,70,137,91,2018-03-03,2019-05-21,52,3.48,Valencia,2019-05-31,False,True
23247040,Private room,300.0,True,0,0,0,0,,,,0,,Barcelona,2020-10-12,False,
23247368,Entire home/apt,2140.0,True,23,53,83,83,,,,0,,Girona,2018-07-31,False,
23248190,Private room,170.0,True,0,0,29,304,40,2018-07-14,2018-07-14,1,0.1,Valencia,2019-05-01,False,False
23249141,Entire home/apt,1170.0,True,10,11,25,108,,,,0,,Mallorca,2019-03-25,False,
23253779,Entire home/apt,700.0,True,4,24,40,307,97,2018-04-11,2019-08-21,41,2.45,Valencia,2019-09-01,False,True
23256148,Entire home/apt,850.0,True,0,0,0,0,95,2018-03-26,2018-05-20,4,0.54,Madrid,2018-11-07,False,True
23256821,Private room,240.0,True,0,0,0,0,100,2018-02-14,2018-02-26,2,0.17,Barcelona,2019-02-06,False,True
23261091,Entire home/apt,800.0,True,6,7,7,187,,,,0,,Malaga,2018-07-31,False,
23261344,Entire home/apt,1990.0,True,10,40,50,50,,,,0,,Barcelona,2018-04-12,False,
23269964,Entire home/apt,2500.0,True,10,34,64,317,96,2018-07-21,2018-08-29,5,0.41,Girona,2019-07-29,False,True
23270821,Shared room,160.0,True,21,51,81,81,,,,0,,Madrid,2019-05-14,False,
23271395,Entire home/apt,700.0,True,0,28,58,333,94,2018-03-19,2019-10-06,50,2.57,Valencia,2019-10-31,False,True
23271510,Entire home/apt,1450.0,True,0,0,0,213,,,,0,,Mallorca,2019-10-28,False,
23272286,Private room,830.0,True,30,60,89,362,93,2019-01-27,2019-12-07,14,0.6,Sevilla,2020-12-31,False,True
23272396,Entire home/apt,700.0,True,2,11,35,297,92,2018-04-04,2020-01-10,33,1.5,Valencia,2020-01-31,False,True
23272446,Private room,130.0,True,30,60,90,365,,,,0,,Sevilla,2019-07-29,False,
23273773,Private room,150.0,True,30,60,90,90,90,2018-08-29,2019-06-16,4,0.2,Barcelona,2020-04-16,False,True
23273927,Private room,300.0,True,0,0,0,0,93,2018-02-19,2018-03-07,3,0.22,Madrid,2019-04-11,False,True
23280535,Entire home/apt,1050.0,True,29,51,78,184,97,2018-04-07,2019-10-31,28,1.23,Girona,2020-02-29,False,True
23281523,Entire home/apt,500.0,True,4,18,44,313,95,2018-02-23,2019-08-07,45,2.56,Madrid,2019-08-12,False,True
23282173,Entire home/apt,820.0,True,0,0,1,97,99,2018-03-06,2019-05-06,50,3.5,Barcelona,2019-05-14,False,True
23282248,Entire home/apt,,True,21,51,81,114,100,2018-07-24,2018-07-24,1,0.08,Mallorca,2019-08-31,True,True
23282254,Entire home/apt,1630.0,True,21,45,68,217,100,2018-08-25,2018-08-25,1,0.14,Mallorca,2019-03-25,False,True
23282268,Entire home/apt,,True,28,58,88,348,,,,0,,Mallorca,2020-10-21,True,
23282272,Entire home/apt,3190.0,True,28,58,88,353,,,,0,,Mallorca,2020-09-19,False,
23282282,Entire home/apt,2080.0,True,17,47,77,262,100,2018-10-20,2018-10-20,1,0.52,Mallorca,2018-12-18,False,True
23284722,Entire home/apt,2560.0,True,30,60,90,297,,,,0,,Mallorca,2018-12-18,False,
23285223,Entire home/apt,3000.0,True,12,16,36,302,100,2019-04-12,2019-04-28,3,0.84,Sevilla,2019-07-29,False,True
23291113,Entire home/apt,600.0,True,1,11,25,149,94,2018-03-03,2019-06-28,27,1.69,Valencia,2019-07-01,False,True
23292198,Entire home/apt,680.0,True,6,18,45,135,85,2018-02-26,2019-04-30,46,3.16,Madrid,2019-05-14,False,True
23300958,Entire home/apt,3720.0,True,23,53,83,264,,,,0,,Girona,2018-08-30,False,
23315401,Entire home/apt,1070.0,True,20,43,73,231,,,,0,,Sevilla,2018-04-21,False,
23315411,Entire home/apt,1700.0,True,30,60,90,365,88,2018-10-14,2019-05-06,5,0.19,Sevilla,2020-12-31,False,True
23316307,Entire home/apt,,True,25,41,54,179,,,,0,,Mallorca,2018-04-18,True,
23316957,Entire home/apt,,True,23,46,76,210,,,,0,,Mallorca,2018-11-20,True,
23320935,Entire home/apt,990.0,True,16,35,58,309,,,,0,,Malaga,2019-12-31,False,
23321053,Entire home/apt,,True,30,60,90,365,,,,0,,Mallorca,2019-08-31,True,
23321702,Entire home/apt,900.0,True,14,42,70,197,100,2018-03-18,2018-04-09,2,0.87,Malaga,2018-05-27,False,True
23322353,Entire home/apt,930.0,True,8,18,48,65,86,2018-02-17,2018-08-26,42,6.2,Barcelona,2018-09-11,False,True
23322783,Private room,230.0,True,0,2,32,307,100,2019-03-01,2020-02-29,7,0.42,Madrid,2020-07-17,False,True
23322844,Entire home/apt,690.0,True,0,0,0,0,100,2018-05-11,2018-08-16,4,0.86,Malaga,2018-09-29,False,True
23330596,Entire home/apt,2970.0,True,5,26,49,313,,,,0,,Mallorca,2018-08-21,False,
23330644,Entire home/apt,3280.0,True,1,18,25,176,,,,0,,Mallorca,2018-08-21,False,
23330718,Entire home/apt,1230.0,True,6,11,11,39,,,,0,,Mallorca,2018-04-18,False,
23330747,Entire home/apt,1110.0,True,1,1,1,133,,,,0,,Mallorca,2018-10-17,False,
23331113,Entire home/apt,1110.0,True,12,42,72,105,,,,0,,Girona,2018-08-30,False,
23333582,Private room,700.0,True,5,32,62,337,92,2018-02-20,2018-07-03,21,4.56,Barcelona,2018-07-10,False,True
23337902,Private room,520.0,True,3,3,7,7,95,2018-03-04,2019-02-13,13,1.07,Barcelona,2019-03-08,False,True
23340047,Entire home/apt,2400.0,True,2,12,42,75,,2019-01-12,2019-01-12,1,0.13,Mallorca,2019-08-31,False,
23346158,Private room,250.0,True,0,0,0,0,,2018-02-25,2018-03-09,7,0.74,Barcelona,2018-12-10,False,
23351415,Private room,280.0,True,1,29,59,334,98,2018-02-25,2019-02-01,12,0.99,Valencia,2019-02-28,False,True
23357217,Private room,600.0,True,29,59,89,364,,,,0,,Mallorca,2019-11-28,False,
23364851,Entire home/apt,1150.0,True,21,29,36,187,100,2018-08-16,2019-03-25,2,0.28,Mallorca,2019-03-25,False,True
23375485,Entire home/apt,800.0,True,4,16,37,270,98,2018-03-25,2018-09-09,10,1.53,Madrid,2018-10-10,False,True
23383411,Entire home/apt,600.0,True,0,0,0,0,,,,0,,Malaga,2018-08-29,False,
23383791,Entire home/apt,350.0,True,0,0,0,0,90,2018-03-01,2018-10-23,2,0.06,Barcelona,2020-10-12,False,True
23384782,Entire home/apt,1410.0,True,30,58,88,363,93,2018-06-03,2020-08-31,30,1.0,Girona,2020-11-28,False,True
23384962,Entire home/apt,530.0,True,0,0,1,1,60,2018-09-01,2018-09-01,1,0.62,Girona,2018-10-20,False,False
23384964,Entire home/apt,550.0,True,24,54,84,147,100,2018-07-02,2019-08-23,3,0.2,Valencia,2019-09-30,False,True
23386015,Entire home/apt,1500.0,True,5,27,56,216,,,,0,,Mallorca,2018-12-18,False,
23387130,Private room,390.0,True,30,60,90,114,,2018-05-22,2018-05-22,1,0.62,Barcelona,2018-07-10,False,
23390169,Private room,1000.0,True,0,0,0,0,100,2018-02-27,2018-02-27,1,0.18,Barcelona,2018-08-14,False,True
23393491,Entire home/apt,340.0,True,0,0,0,211,40,2018-09-15,2018-09-15,1,0.07,Girona,2019-11-30,False,False
23396271,Entire home/apt,720.0,True,20,48,49,49,100,2018-03-31,2018-04-15,3,4.34,Sevilla,2018-04-21,False,True
23398301,Entire home/apt,450.0,True,12,36,66,66,100,2018-03-04,2018-05-03,4,1.71,Madrid,2018-05-14,False,True
23408262,Entire home/apt,1290.0,True,21,46,76,331,93,2018-07-08,2019-10-18,18,0.63,Girona,2020-11-28,False,True
23408456,Private room,600.0,True,29,59,89,364,,,,0,,Valencia,2020-10-24,False,
23409834,Private room,400.0,True,3,31,61,336,80,2018-04-13,2019-05-05,11,0.84,Madrid,2019-05-14,False,True
23414182,Entire home/apt,4280.0,True,0,22,49,49,,,,0,,Girona,2018-07-31,False,
23418298,Private room,300.0,True,0,0,0,30,98,2018-03-10,2018-11-19,12,1.33,Madrid,2018-12-10,False,True
23428341,Entire home/apt,1000.0,True,0,0,0,0,,,,0,,Mallorca,2018-11-20,False,
23430077,Entire home/apt,500.0,True,4,5,5,5,100,2018-03-18,2018-07-17,3,0.18,Valencia,2019-07-31,False,True
23430471,Entire home/apt,250.0,True,0,0,0,250,100,2019-05-04,2019-05-04,1,0.06,Barcelona,2020-11-06,False,True
23430485,Entire home/apt,2200.0,True,14,34,64,339,100,2018-04-22,2018-06-13,3,0.64,Madrid,2018-09-11,False,True
23430836,Entire home/apt,1020.0,True,30,60,90,365,100,2018-05-21,2018-09-16,9,1.8,Girona,2018-10-20,False,True
23430919,Private room,200.0,True,25,55,85,168,97,2018-03-03,2018-06-14,13,1.79,Barcelona,2018-10-10,False,True
23431180,Entire home/apt,550.0,True,27,57,87,171,84,2018-03-04,2020-05-13,280,10.61,Madrid,2020-05-14,False,True
23432447,Entire home/apt,1280.0,True,0,0,0,1,80,2018-09-21,2018-09-21,1,0.06,Mallorca,2020-01-29,False,True
23432735,Entire home/apt,350.0,True,2,2,2,3,88,2018-04-05,2018-11-11,12,0.93,Valencia,2019-05-01,False,True
23433370,Entire home/apt,450.0,True,30,60,90,365,87,2018-03-04,2019-11-11,90,3.92,Valencia,2020-01-31,False,True
23441002,Entire home/apt,650.0,True,7,22,35,185,94,2018-04-01,2020-01-13,115,5.22,Malaga,2020-01-31,False,True
23443341,Entire home/apt,750.0,True,7,25,43,303,100,2018-03-26,2018-12-20,18,1.73,Madrid,2019-02-06,False,True
23444199,Private room,400.0,True,0,0,0,0,80,2018-03-29,2018-03-29,1,0.42,Barcelona,2018-06-09,False,True
23444560,Entire home/apt,2320.0,True,9,16,39,62,95,2018-08-11,2019-06-11,4,0.38,Mallorca,2019-06-27,False,True
23449765,Entire home/apt,950.0,True,29,59,89,269,87,2018-04-08,2018-12-16,14,1.51,Madrid,2019-01-14,False,True
23451516,Entire home/apt,750.0,True,0,16,46,136,94,2018-03-02,2020-02-09,83,3.51,Madrid,2020-02-18,False,True
23452584,Entire home/apt,650.0,True,21,48,78,349,88,2018-03-04,2019-07-09,41,2.37,Madrid,2019-08-12,False,True
23452792,Entire home/apt,3000.0,True,23,40,51,271,100,2018-04-15,2020-03-15,34,1.45,Girona,2020-03-26,False,True
23453334,Entire home/apt,850.0,True,4,24,54,57,98,2018-03-08,2018-09-09,24,3.68,Sevilla,2018-09-22,False,True
23457582,Entire home/apt,1000.0,True,8,10,19,294,93,2018-04-01,2018-10-14,6,0.49,Madrid,2019-04-11,False,True
23459443,Entire home/apt,1540.0,True,0,5,35,60,95,2018-03-23,2020-03-06,61,1.93,Madrid,2020-11-06,False,True
23464782,Entire home/apt,1800.0,True,2,7,37,312,100,2018-07-21,2019-06-15,3,0.27,Girona,2019-06-30,False,True
23465701,Private room,270.0,True,29,59,66,67,85,2018-03-22,2018-08-17,4,0.44,Malaga,2018-12-22,False,True
23466073,Entire home/apt,2000.0,True,24,24,43,264,100,2019-03-09,2019-03-09,1,1.9,Mallorca,2019-03-25,False,True
23471619,Entire home/apt,990.0,True,2,10,15,248,97,2018-03-18,2019-08-10,74,4.23,Valencia,2019-09-01,False,True
23473002,Private room,180.0,True,16,29,53,53,80,2018-03-27,2018-11-05,20,2.7,Madrid,2018-11-07,False,True
23478505,Private room,450.0,True,29,59,89,89,93,2018-03-05,2018-07-01,10,0.58,Madrid,2019-08-12,False,True
23478658,Entire home/apt,3000.0,True,0,22,52,158,97,2018-03-06,2019-09-09,10,0.4,Menorca,2020-03-26,False,True
23479016,Entire home/apt,1000.0,True,0,3,10,153,,,,0,,Barcelona,2018-04-12,False,
23490304,Private room,380.0,True,28,58,88,88,,,,0,,Madrid,2019-01-14,False,
23492482,Private room,210.0,True,0,0,0,0,100,2018-03-01,2018-03-01,1,0.72,Barcelona,2018-04-12,False,True
23498697,Private room,350.0,True,20,50,80,355,95,2018-03-18,2020-03-11,13,0.39,Valencia,2020-12-21,False,True
23499488,Entire home/apt,2750.0,True,29,42,42,42,97,2018-05-12,2018-10-31,8,0.87,Mallorca,2019-02-17,False,True
23505439,Private room,500.0,True,22,43,54,54,,,,0,,Sevilla,2018-11-22,False,
23508807,Entire home/apt,2850.0,True,0,20,50,233,,2018-05-14,2018-05-14,1,0.4,Mallorca,2018-07-29,False,
23512540,Private room,170.0,True,17,47,77,352,88,2018-05-10,2019-09-27,75,4.49,Sevilla,2019-09-30,False,True
23512897,Entire home/apt,1800.0,True,5,35,65,220,,,,0,,Barcelona,2018-04-12,False,
23514318,Entire home/apt,770.0,True,30,60,90,202,88,2018-03-11,2019-06-04,12,0.7,Madrid,2019-08-12,False,True
23516656,Entire home/apt,600.0,True,26,33,33,33,97,2018-03-19,2020-08-14,18,0.58,Valencia,2020-10-24,False,True
23521153,Entire home/apt,650.0,True,0,6,36,311,,,,0,,Barcelona,2019-06-07,False,
23523562,Entire home/apt,1800.0,True,29,49,79,80,100,2018-07-22,2018-08-12,2,0.18,Girona,2019-06-30,False,True
23523885,Private room,220.0,True,0,11,22,271,92,2018-03-02,2020-05-27,216,8.0,Valencia,2020-05-31,False,True
23531444,Entire home/apt,790.0,True,5,31,58,224,,,,0,,Madrid,2018-04-12,False,
23531958,Entire home/apt,,True,30,60,90,365,,,,0,,Mallorca,2019-02-17,True,
23532041,Entire home/apt,1100.0,True,29,59,89,364,93,2018-06-30,2020-08-10,6,0.2,Mallorca,2020-12-19,False,True
23533196,Entire home/apt,600.0,True,27,57,87,199,92,2018-07-07,2020-01-31,44,1.89,Barcelona,2020-06-13,False,True
23542535,Entire home/apt,1550.0,True,0,0,0,0,100,2018-08-06,2018-08-06,1,0.27,Menorca,2018-11-27,False,True
23543425,Entire home/apt,4000.0,True,21,43,46,151,100,2018-07-28,2018-07-28,1,0.36,Girona,2018-10-20,False,True
23543950,Entire home/apt,1800.0,True,22,50,74,147,,,,0,,Madrid,2019-01-14,False,
23551192,Entire home/apt,1180.0,True,4,7,18,97,,,,0,,Mallorca,2018-04-18,False,
23551418,Private room,130.0,True,29,59,89,364,100,2019-06-13,2019-06-13,1,0.06,Barcelona,2020-11-06,False,True
23552094,Entire home/apt,1860.0,True,7,14,14,14,,,,0,,Girona,2018-08-30,False,
23553008,Entire home/apt,450.0,True,0,0,0,158,100,2018-06-03,2018-08-22,2,0.25,Barcelona,2019-02-06,False,True
23554443,Entire home/apt,870.0,True,14,44,74,349,100,2018-04-23,2018-10-20,5,0.66,Madrid,2018-12-10,False,True
23560890,Entire home/apt,930.0,True,30,60,90,188,,,,0,,Valencia,2020-10-24,False,
23560898,Entire home/apt,800.0,True,14,16,46,285,88,2018-06-29,2019-10-14,17,0.94,Mallorca,2019-12-31,False,True
23561611,Entire home/apt,600.0,True,19,30,42,283,100,2018-04-01,2018-05-29,8,2.01,Sevilla,2018-07-31,False,True
23562718,Entire home/apt,1750.0,True,5,35,65,340,100,2018-05-01,2018-05-01,1,0.08,Madrid,2019-05-14,False,True
23569134,Entire home/apt,2300.0,True,14,29,45,177,,,,0,,Barcelona,2018-08-14,False,
23572337,Entire home/apt,590.0,True,0,0,0,0,94,2018-03-31,2019-06-09,23,0.87,Madrid,2020-06-13,False,True
23576111,Private room,3000.0,True,30,60,90,365,,2018-03-11,2018-03-11,1,0.03,Valencia,2021-02-20,False,
23581038,Entire home/apt,950.0,True,4,4,15,256,94,2018-04-06,2018-09-27,8,0.54,Mallorca,2019-06-27,False,True
23587347,Entire home/apt,500.0,True,0,0,0,0,95,2018-04-29,2018-08-18,4,0.51,Girona,2018-12-22,False,True
23587509,Entire home/apt,2520.0,True,7,19,24,197,,2019-06-23,2019-06-23,1,0.44,Mallorca,2019-08-31,False,
23588436,Entire home/apt,1880.0,True,30,60,90,365,67,2018-05-20,2018-09-23,3,0.42,Malaga,2018-12-22,False,False
23590761,Entire home/apt,740.0,True,3,4,4,131,100,2018-07-21,2018-09-25,2,0.15,Mallorca,2019-08-31,False,True
23593324,Entire home/apt,430.0,True,30,60,90,250,,,,0,,Girona,2018-04-21,False,
23595865,Private room,450.0,True,23,41,60,60,97,2018-03-04,2019-04-27,8,0.56,Barcelona,2019-05-14,False,True
23607513,Entire home/apt,950.0,True,30,58,61,61,100,2018-04-02,2018-08-17,4,0.68,Girona,2018-09-28,False,True
23608485,Private room,500.0,True,11,24,54,144,97,2018-03-10,2018-07-29,29,5.62,Barcelona,2018-08-14,False,True
23608630,Entire home/apt,1250.0,True,0,0,0,141,80,2018-08-10,2018-08-18,2,0.45,Girona,2018-12-22,False,True
23611031,Private room,230.0,True,30,60,90,365,96,2018-03-13,2020-03-21,5,0.18,Valencia,2020-06-30,False,True
23621094,Entire home/apt,2920.0,True,17,37,46,113,90,2018-04-07,2018-09-16,5,0.43,Mallorca,2019-03-25,False,True
23622335,Private room,350.0,True,5,5,33,33,,,,0,,Barcelona,2018-07-10,False,
23624042,Entire home/apt,930.0,True,26,53,83,175,,,,0,,Valencia,2020-10-24,False,
23624553,Entire home/apt,2500.0,True,28,58,88,352,99,2018-04-02,2020-08-15,32,0.97,Girona,2020-12-31,False,True
23628037,Entire home/apt,360.0,True,6,18,48,323,94,2018-04-01,2019-05-09,42,3.13,Madrid,2019-05-14,False,True
23630293,Entire home/apt,300.0,True,19,43,70,345,81,2018-03-19,2019-10-28,39,2.01,Valencia,2019-10-31,False,True
23635799,Entire home/apt,500.0,True,17,44,74,164,89,2018-03-18,2018-04-20,7,6.08,Malaga,2018-04-22,False,True
23635900,Entire home/apt,300.0,True,0,0,0,0,78,2018-03-31,2019-08-31,9,0.43,Girona,2019-12-31,False,False
23638684,Entire home/apt,1200.0,True,23,53,83,328,,,,0,,Girona,2019-02-19,False,
23647021,Entire home/apt,,True,2,25,51,326,90,2018-03-31,2018-07-02,3,0.76,Mallorca,2018-07-29,True,True
23648479,Private room,400.0,True,0,0,0,0,80,2018-03-15,2018-03-18,2,0.08,Barcelona,2020-05-11,False,True
23656535,Entire home/apt,600.0,True,5,5,5,241,93,2018-03-30,2018-08-14,8,1.0,Malaga,2018-11-27,False,True
23657557,Entire home/apt,1400.0,True,12,33,53,65,,,,0,,Madrid,2019-09-19,False,
23659238,Entire home/apt,650.0,True,2,18,31,296,100,2018-09-10,2018-09-10,1,0.09,Valencia,2019-07-31,False,True
23660787,Entire home/apt,650.0,True,18,48,78,98,97,2018-03-31,2018-08-19,13,2.62,Malaga,2018-08-29,False,True
23662297,Entire home/apt,700.0,True,4,11,25,179,86,2019-01-08,2020-01-15,7,0.55,Valencia,2020-01-31,False,True
23662466,Entire home/apt,630.0,True,3,7,11,11,,,,0,,Mallorca,2018-07-29,False,
23663209,Entire home/apt,2240.0,True,28,58,62,73,,,,0,,Mallorca,2019-08-31,False,
23663258,Entire home/apt,3070.0,True,30,53,83,353,90,2019-06-19,2019-08-17,2,0.18,Mallorca,2020-05-28,False,True
23663270,Entire home/apt,2800.0,True,30,60,90,365,,,,0,,Menorca,2020-06-30,False,
23667680,Entire home/apt,1250.0,True,29,59,89,364,,2019-01-06,2019-01-06,1,0.06,Girona,2020-04-30,False,
23668116,Entire home/apt,450.0,True,24,54,56,89,94,2018-03-31,2019-05-16,24,1.71,Valencia,2019-05-31,False,True
23672293,Entire home/apt,950.0,True,11,14,14,14,100,2018-03-31,2018-03-31,1,1.45,Sevilla,2018-04-21,False,True
23673316,Entire home/apt,2450.0,True,10,36,59,71,,,,0,,Mallorca,2018-09-18,False,
23673712,Entire home/apt,700.0,True,13,19,30,281,88,2018-04-22,2019-02-17,15,1.05,Malaga,2019-06-30,False,True
23675853,Entire home/apt,820.0,True,17,45,75,343,95,2018-06-28,2018-08-24,4,1.17,Madrid,2018-10-10,False,True
23675857,Entire home/apt,720.0,True,20,44,74,260,,,,0,,Madrid,2018-05-14,False,
23680492,Entire home/apt,1130.0,True,29,42,63,177,89,2018-05-13,2020-03-06,71,2.88,Malaga,2020-05-31,False,True
23681534,Entire home/apt,1400.0,True,1,1,1,1,90,2018-07-23,2019-04-14,2,0.07,Barcelona,2021-02-09,False,True
23681560,Entire home/apt,1000.0,True,0,0,0,95,,,,0,,Barcelona,2020-04-16,False,
23681570,Entire home/apt,1500.0,True,30,60,90,365,,,,0,,Barcelona,2018-10-10,False,
23683437,Entire home/apt,600.0,True,0,0,0,0,97,2018-03-19,2020-06-15,121,3.44,Valencia,2021-02-20,False,True
23685767,Entire home/apt,260.0,True,22,52,82,357,93,2018-03-11,2020-09-21,42,1.37,Valencia,2020-09-28,False,True
23690882,Entire home/apt,800.0,True,27,54,84,174,98,2018-04-22,2019-01-02,8,0.81,Sevilla,2019-02-18,False,True
23691705,Private room,250.0,True,9,9,18,18,91,2018-04-01,2018-06-25,18,5.47,Madrid,2018-07-10,False,True
23692786,Entire home/apt,1040.0,True,0,0,0,0,,,,0,,Mallorca,2019-03-25,False,
23693251,Private room,450.0,True,29,59,72,303,99,2018-04-01,2018-11-17,28,3.65,Mallorca,2018-11-20,False,True
23696598,Entire home/apt,620.0,True,16,16,16,224,96,2018-03-18,2020-02-20,14,0.46,Valencia,2020-09-28,False,True
23700889,Entire home/apt,1100.0,True,0,1,22,112,92,2018-04-09,2020-08-18,64,2.06,Valencia,2020-11-10,False,True
23703736,Entire home/apt,1260.0,True,0,0,0,0,88,2018-04-04,2019-12-20,8,0.25,Malaga,2020-11-30,False,True
23705486,Entire home/apt,600.0,True,3,11,41,105,100,2018-07-08,2018-07-08,1,1.32,Malaga,2018-07-31,False,True
23705809,Entire home/apt,480.0,True,4,16,37,252,99,2018-03-21,2019-06-23,28,1.61,Sevilla,2019-08-31,False,True
23707275,Entire home/apt,,True,30,60,90,270,,,,0,,Girona,2020-10-28,True,
23713086,Entire home/apt,1500.0,True,20,50,80,355,100,2018-08-15,2018-08-15,1,0.24,Girona,2018-12-22,False,True
23713242,Entire home/apt,750.0,True,26,56,79,322,100,2018-04-01,2018-04-01,1,1.52,Girona,2018-04-21,False,True
23713332,Entire home/apt,800.0,True,3,30,31,45,,2018-03-19,2018-03-19,1,0.23,Girona,2018-07-31,False,
23719759,Entire home/apt,1200.0,True,7,24,44,263,97,2018-03-25,2019-10-29,31,1.61,Malaga,2019-10-31,False,True
23721004,Entire home/apt,1000.0,True,21,51,77,167,96,2018-03-31,2020-03-15,82,3.15,Malaga,2020-05-31,False,True
23722178,Private room,280.0,True,19,49,79,79,97,2018-04-05,2019-05-11,24,1.81,Barcelona,2019-05-14,False,True
23723324,Private room,450.0,True,30,60,90,365,85,2018-04-10,2019-10-07,42,1.3,Barcelona,2020-12-16,False,True
23726136,Entire home/apt,500.0,True,30,47,77,349,95,2018-04-01,2020-03-08,77,3.23,Valencia,2020-03-26,False,True
23726971,Entire home/apt,1100.0,True,9,32,62,332,92,2018-03-19,2018-10-26,35,4.57,Madrid,2018-11-07,False,True
23727792,Private room,700.0,True,0,0,0,0,,,,0,,Madrid,2019-04-11,False,
23728063,Private room,600.0,True,0,0,0,0,,,,0,,Madrid,2021-02-09,False,
23739309,Entire home/apt,1000.0,True,0,0,0,0,97,2018-04-01,2020-01-04,20,0.81,Madrid,2020-04-17,False,True
23739530,Private room,350.0,True,0,0,0,0,,,,0,,Madrid,2019-11-09,False,
23744025,Entire home/apt,740.0,True,22,47,71,309,91,2018-06-26,2018-12-09,7,0.86,Valencia,2019-02-28,False,True
23744119,Entire home/apt,350.0,True,30,53,71,166,94,2018-04-02,2020-03-09,75,3.01,Valencia,2020-04-28,False,True
23744155,Entire home/apt,1040.0,True,19,39,45,253,,,,0,,Mallorca,2018-04-18,False,
23744978,Private room,1000.0,True,17,40,65,331,,,,0,,Malaga,2018-04-22,False,
23749559,Private room,300.0,True,29,59,89,89,90,2018-08-17,2019-10-22,4,0.24,Barcelona,2020-01-10,False,True
23757365,Entire home/apt,1000.0,True,0,0,0,258,100,2018-08-31,2018-08-31,1,0.07,Barcelona,2019-11-09,False,True
23757508,Entire home/apt,2440.0,True,15,23,36,170,,,,0,,Barcelona,2018-05-14,False,
23758038,Entire home/apt,2540.0,True,0,0,0,200,73,2018-06-08,2018-09-05,3,0.47,Mallorca,2018-12-18,False,False
23758120,Entire home/apt,,True,29,52,82,243,,,,0,,Girona,2018-11-26,True,
23759000,Private room,600.0,True,0,0,0,0,99,2018-04-03,2019-11-16,37,1.22,Barcelona,2020-10-12,False,True
23759217,Entire home/apt,500.0,True,11,41,45,182,,,,0,,Girona,2019-07-29,False,
23761249,Shared room,150.0,True,30,60,90,180,97,2018-04-02,2019-05-31,26,0.76,Barcelona,2021-02-09,False,True
23766788,Entire home/apt,650.0,True,0,0,11,11,97,2018-03-18,2018-12-30,8,0.59,Valencia,2019-05-01,False,True
23775258,Entire home/apt,750.0,True,7,9,9,70,,,,0,,Madrid,2018-04-12,False,
23775569,Entire home/apt,400.0,True,24,42,72,312,88,2018-03-24,2019-02-11,54,4.87,Malaga,2019-02-24,False,True
23776716,Entire home/apt,2000.0,True,28,56,73,158,92,2018-04-15,2019-07-15,28,1.81,Sevilla,2019-07-29,False,True
23782265,Entire home/apt,680.0,True,29,48,56,311,100,2018-04-29,2020-05-20,128,5.1,Valencia,2020-05-31,False,True
23782890,Entire home/apt,1200.0,True,0,0,0,0,84,2018-06-05,2019-07-08,47,3.57,Madrid,2019-07-10,False,True
23783093,Entire home/apt,650.0,True,0,0,0,0,84,2018-05-11,2018-07-15,10,0.31,Madrid,2021-01-12,False,True
23784003,Entire home/apt,1000.0,True,30,60,61,61,91,2018-04-02,2019-09-01,30,1.67,Girona,2019-09-30,False,True
23785508,Entire home/apt,640.0,True,23,53,83,173,94,2018-03-20,2018-11-26,32,3.67,Madrid,2018-12-10,False,True
23785933,Entire home/apt,700.0,True,0,0,0,70,100,2018-05-05,2018-05-05,1,0.24,Madrid,2018-09-11,False,True
23796558,Private room,400.0,True,23,44,44,44,77,2018-06-12,2018-08-27,6,2.0,Barcelona,2018-09-11,False,False
23797007,Private room,440.0,True,10,14,25,103,87,2018-04-02,2018-11-25,15,1.22,Barcelona,2019-04-10,False,True
23798204,Entire home/apt,2000.0,True,12,29,58,333,97,2018-03-31,2018-08-03,12,2.55,Mallorca,2018-08-21,False,True
23800192,Entire home/apt,800.0,True,30,60,90,365,98,2018-04-01,2019-11-17,13,0.42,Valencia,2020-10-24,False,True
23803074,Entire home/apt,1500.0,True,27,57,87,185,,,,0,,Girona,2018-04-21,False,
23810425,Private room,350.0,True,11,41,71,346,75,2018-04-07,2018-11-20,19,1.57,Barcelona,2019-04-10,False,False
23813227,Entire home/apt,420.0,True,22,24,54,145,95,2018-04-02,2019-11-21,61,3.06,Valencia,2019-11-30,False,True
23815177,Entire home/apt,1450.0,True,0,11,15,183,,,,0,,Mallorca,2019-08-31,False,
23815528,Entire home/apt,,True,29,52,82,301,,,,0,,Mallorca,2020-08-28,True,
23815892,Entire home/apt,1210.0,True,21,43,45,86,,,,0,,Mallorca,2018-04-18,False,
23817596,Entire home/apt,810.0,True,26,54,84,288,90,2018-08-10,2021-02-13,8,0.26,Sevilla,2021-02-27,False,True
23818160,Entire home/apt,1170.0,True,30,60,90,362,78,2018-05-01,2020-09-12,8,0.27,Mallorca,2020-10-21,False,False
23818961,Entire home/apt,1700.0,True,9,39,69,344,,,,0,,Girona,2018-07-31,False,
23821516,Entire home/apt,4220.0,True,12,12,26,121,,,,0,,Girona,2020-06-29,False,
23823065,Entire home/apt,1900.0,True,30,60,90,339,,,,0,,Girona,2019-12-31,False,
23824059,Entire home/apt,1800.0,True,24,24,24,24,100,2018-05-04,2018-06-25,4,0.65,Madrid,2018-11-07,False,True
23828193,Entire home/apt,860.0,True,27,57,87,362,99,2018-06-25,2020-10-18,34,1.21,Girona,2020-10-28,False,True
23839343,Entire home/apt,1090.0,True,1,16,29,99,100,2018-03-31,2019-05-12,45,3.22,Malaga,2019-05-30,False,True
23848930,Entire home/apt,950.0,True,10,23,36,240,99,2018-03-31,2020-02-17,89,3.87,Malaga,2020-02-29,False,True
23850453,Entire home/apt,310.0,True,11,34,64,249,95,2018-05-03,2019-11-22,124,6.54,Valencia,2019-11-30,False,True
23864280,Entire home/apt,890.0,True,0,20,42,317,98,2018-04-14,2018-07-28,12,3.38,Malaga,2018-07-31,False,True
23864535,Entire home/apt,,True,5,5,5,49,,,,0,,Mallorca,2020-09-19,True,
23869446,Entire home/apt,600.0,True,9,19,41,244,100,2018-04-23,2018-04-23,1,0.04,Valencia,2020-02-29,False,True
23872048,Entire home/apt,950.0,True,29,59,89,89,94,2018-04-01,2020-03-12,58,2.28,Madrid,2020-05-14,False,True
23872258,Entire home/apt,1410.0,True,30,60,85,354,100,2018-06-08,2020-03-06,3,0.12,Madrid,2020-06-13,False,True
23874678,Entire home/apt,580.0,True,2,8,13,192,93,2018-09-03,2019-03-05,32,5.23,Barcelona,2019-03-08,False,True
23874949,Entire home/apt,800.0,True,3,10,26,297,91,2018-05-04,2019-06-15,30,2.16,Malaga,2019-06-30,False,True
23875277,Entire home/apt,700.0,True,30,60,90,349,93,2018-05-06,2020-03-05,83,3.49,Valencia,2020-04-28,False,True
23877792,Entire home/apt,970.0,True,27,57,87,116,100,2018-03-29,2018-04-09,2,0.08,Sevilla,2020-04-30,False,True
23886908,Entire home/apt,850.0,True,18,46,76,108,95,2018-10-14,2019-08-21,4,0.3,Malaga,2019-11-30,False,True
23887963,Entire home/apt,950.0,True,19,40,46,291,99,2018-05-09,2020-02-15,53,2.2,Barcelona,2020-05-11,False,True
23888078,Entire home/apt,2000.0,True,0,0,27,117,,,,0,,Girona,2018-09-28,False,
23888185,Entire home/apt,1170.0,True,28,47,67,124,100,2018-06-30,2018-09-11,3,0.31,Mallorca,2019-04-24,False,True
23891218,Entire home/apt,500.0,True,25,55,83,358,87,2018-12-24,2019-08-18,3,0.33,Valencia,2019-09-30,False,True
23891422,Entire home/apt,1150.0,True,13,33,51,314,,,,0,,Malaga,2019-01-30,False,
23891537,Private room,1000.0,True,30,60,90,90,88,2018-03-24,2020-03-06,116,4.26,Sevilla,2020-06-29,False,True
23909862,Entire home/apt,3040.0,True,0,0,0,0,,,,0,,Mallorca,2020-12-19,False,
23909985,Entire home/apt,2040.0,True,22,52,82,354,98,2018-04-06,2020-02-02,41,1.82,Madrid,2020-02-18,False,True
23910202,Entire home/apt,2800.0,True,29,59,89,364,80,2018-07-27,2018-08-28,3,0.2,Menorca,2019-10-31,False,True
23910745,Entire home/apt,900.0,True,1,1,1,152,100,2018-08-10,2018-08-10,1,0.07,Menorca,2019-10-31,False,True
23910780,Entire home/apt,1350.0,True,17,42,72,155,97,2018-04-10,2019-11-17,70,3.49,Madrid,2019-12-10,False,True
23912031,Private room,220.0,True,0,0,0,0,94,2018-04-14,2018-10-15,13,1.57,Sevilla,2018-12-21,False,True
23913059,Entire home/apt,750.0,True,10,14,14,14,99,2018-04-13,2018-09-24,17,0.91,Sevilla,2019-10-30,False,True
23913151,Entire home/apt,800.0,True,2,22,52,327,,,,0,,Madrid,2018-04-12,False,
23914529,Entire home/apt,800.0,True,18,38,59,253,87,2018-05-21,2019-02-10,9,0.94,Barcelona,2019-03-08,False,True
23918793,Entire home/apt,1080.0,True,13,13,13,13,,,,0,,Girona,2019-08-31,False,
23921327,Entire home/apt,440.0,True,0,13,43,61,98,2018-04-02,2020-03-08,51,1.93,Madrid,2020-06-13,False,True
23922267,Private room,500.0,True,0,0,0,166,100,2018-04-22,2018-05-19,2,0.53,Barcelona,2018-08-14,False,True
23931219,Entire home/apt,1110.0,True,15,20,44,181,,,,0,,Mallorca,2019-04-24,False,
23932397,Entire home/apt,700.0,True,3,16,32,150,,,,0,,Menorca,2019-03-31,False,
23934983,Private room,300.0,True,0,0,0,36,,,,0,,Madrid,2018-04-12,False,
23938595,Entire home/apt,2000.0,True,0,0,1,215,100,2018-06-24,2019-09-30,6,0.19,Girona,2021-01-31,False,True
23939910,Entire home/apt,1780.0,True,4,10,22,25,80,2018-06-20,2018-06-20,1,0.74,Menorca,2018-07-31,False,True
23942204,Entire home/apt,1140.0,True,30,60,90,365,100,2018-08-06,2018-09-15,2,0.13,Mallorca,2019-11-28,False,True
23942457,Entire home/apt,1600.0,True,0,0,0,0,,,,0,,Malaga,2020-01-31,False,
23942935,Entire home/apt,700.0,True,8,25,55,60,,,,0,,Girona,2018-07-31,False,
23942964,Entire home/apt,1350.0,True,18,22,37,95,100,2018-04-16,2018-07-22,12,3.44,Sevilla,2018-07-31,False,True
23945385,Private room,250.0,True,4,32,61,147,100,2018-04-08,2018-05-04,4,2.48,Malaga,2018-05-27,False,True
23949877,Private room,480.0,True,25,55,85,105,,,,0,,Barcelona,2018-05-14,False,
23952016,Entire home/apt,1250.0,True,29,59,89,364,100,2018-08-24,2018-08-24,1,5.07,Girona,2018-08-30,False,True
23953689,Entire home/apt,1560.0,True,1,14,32,37,,,,0,,Mallorca,2018-07-29,False,
23954092,Entire home/apt,700.0,True,30,60,83,210,,,,0,,Girona,2019-05-29,False,
23955335,Private room,300.0,True,4,27,57,332,,,,0,,Barcelona,2018-04-12,False,
23955482,Entire home/apt,980.0,True,0,0,0,0,90,2018-06-01,2019-08-23,2,0.08,Mallorca,2020-06-25,False,True
23956219,Private room,800.0,True,9,33,53,84,92,2018-04-11,2019-09-10,12,0.55,Malaga,2020-01-31,False,True
23957110,Entire home/apt,550.0,True,10,25,55,330,96,2018-03-31,2018-07-29,9,2.24,Malaga,2018-07-31,False,True
23957403,Entire home/apt,1000.0,True,23,47,77,352,100,2018-06-21,2019-07-03,3,0.23,Menorca,2019-07-30,False,True
23958253,Entire home/apt,990.0,True,30,60,90,365,,,,0,,Barcelona,2018-04-12,False,
23958330,Entire home/apt,1250.0,True,8,16,25,227,90,2018-05-01,2020-01-04,28,1.29,Madrid,2020-02-18,False,True
23960122,Entire home/apt,1000.0,True,3,5,12,250,98,2018-08-31,2019-06-18,38,3.81,Malaga,2019-06-30,False,True
23967982,Private room,220.0,True,11,28,28,28,,2018-04-03,2018-04-03,1,3.38,Barcelona,2018-04-12,False,
23967999,Entire home/apt,550.0,True,29,56,83,173,90,2018-03-29,2019-11-02,25,1.0,Sevilla,2020-04-30,False,True
23969825,Entire home/apt,1500.0,True,30,60,90,365,98,2018-07-05,2020-08-01,10,0.33,Mallorca,2021-01-16,False,True
23974568,Entire home/apt,800.0,True,20,49,77,319,96,2018-09-21,2019-03-17,5,0.41,Malaga,2019-09-30,False,True
23975809,Private room,90.0,True,15,45,75,289,90,2018-04-01,2019-04-21,21,1.62,Valencia,2019-05-01,False,True
23975842,Entire home/apt,350.0,True,9,9,9,9,96,2018-04-03,2019-07-27,19,1.12,Girona,2019-08-31,False,True
23976338,Entire home/apt,1200.0,True,0,0,21,211,,,,0,,Girona,2018-12-22,False,
23979099,Entire home/apt,950.0,True,16,43,73,94,92,2018-04-02,2019-09-16,52,2.95,Madrid,2019-09-19,False,True
23983659,Entire home/apt,890.0,True,23,53,83,169,94,2018-04-03,2020-02-26,118,3.58,Sevilla,2020-12-31,False,True
23987036,Private room,600.0,True,10,33,63,98,92,2018-05-09,2019-05-04,24,1.97,Barcelona,2019-05-14,False,True
23989315,Entire home/apt,750.0,True,28,58,88,339,,,,0,,Barcelona,2019-01-14,False,
23991007,Entire home/apt,740.0,True,30,60,90,180,98,2018-08-03,2020-03-03,62,2.34,Madrid,2020-10-17,False,True
23995813,Entire home/apt,1000.0,True,0,0,6,25,,,,0,,Madrid,2018-10-10,False,
23996618,Entire home/apt,940.0,True,24,46,49,200,100,2018-05-11,2018-05-11,1,0.08,Girona,2019-05-29,False,True
24002206,Entire home/apt,2020.0,True,27,57,87,206,,,,0,,Mallorca,2020-04-23,False,
24010145,Private room,200.0,True,26,56,86,361,91,2018-04-01,2019-05-10,52,3.66,Madrid,2019-06-07,False,True
24011492,Private room,460.0,True,0,15,45,66,96,2018-04-01,2019-08-30,75,4.27,Barcelona,2019-09-17,False,True
24014063,Private room,350.0,True,17,44,70,345,96,2018-04-01,2018-11-05,21,2.9,Madrid,2018-11-07,False,True
24015405,Entire home/apt,3000.0,True,30,60,90,365,100,2018-08-11,2018-08-11,1,0.63,Girona,2018-09-28,False,True
24026540,Entire home/apt,600.0,True,0,0,0,0,99,2018-06-03,2020-03-10,103,4.31,Sevilla,2020-05-30,False,True
24028342,Entire home/apt,1190.0,True,2,2,2,178,91,2018-06-04,2019-07-20,9,0.57,Mallorca,2019-09-28,False,True
24028744,Entire home/apt,700.0,True,30,58,60,181,,,,0,,Girona,2020-05-28,False,
24029619,Entire home/apt,1650.0,True,12,29,49,138,93,2018-05-03,2019-08-31,11,0.55,Mallorca,2019-12-31,False,True
24035294,Private room,230.0,True,10,24,54,78,89,2018-04-03,2018-05-21,11,4.99,Barcelona,2018-06-09,False,True
24036895,Entire home/apt,2370.0,True,0,0,0,64,100,2018-08-25,2019-07-27,3,0.18,Girona,2019-12-31,False,True
24038577,Private room,690.0,True,29,59,89,360,94,2018-06-02,2019-10-03,31,1.63,Mallorca,2019-12-31,False,True
24041862,Entire home/apt,900.0,True,29,59,89,347,90,2018-06-19,2018-09-07,6,1.81,Girona,2018-09-28,False,True
24049397,Shared room,140.0,True,0,0,28,303,100,2018-03-31,2019-06-20,8,0.53,Valencia,2019-07-01,False,True
24053428,Entire home/apt,1100.0,True,0,0,0,0,92,2018-04-02,2019-07-13,71,4.03,Madrid,2019-09-19,False,True
24061320,Entire home/apt,380.0,True,13,18,48,163,92,2018-06-02,2020-02-13,24,1.0,Valencia,2020-05-31,False,True
24063016,Entire home/apt,700.0,True,15,45,75,350,100,2018-04-08,2018-04-08,1,2.34,Sevilla,2018-04-21,False,True
24064337,Entire home/apt,380.0,True,0,0,0,0,91,2018-04-07,2020-12-15,255,7.87,Madrid,2020-12-17,False,True
24071050,Entire home/apt,4790.0,True,6,23,45,259,,,,0,,Mallorca,2019-03-25,False,
24072879,Entire home/apt,550.0,True,26,56,86,176,93,2018-04-13,2020-06-14,186,7.0,Sevilla,2020-06-29,False,True
24076629,Entire home/apt,1430.0,True,0,0,0,0,,,,0,,Girona,2021-01-31,False,
24077307,Entire home/apt,450.0,True,0,0,18,58,100,2018-10-23,2019-11-16,4,0.18,Barcelona,2020-08-24,False,True
24077453,Private room,140.0,True,5,11,25,25,85,2018-04-08,2019-05-18,40,2.91,Valencia,2019-05-31,False,True
24081992,Private room,250.0,True,0,0,0,0,96,2018-04-11,2019-12-03,68,2.93,Madrid,2020-03-17,False,True
24091304,Private room,250.0,True,2,29,59,150,98,2018-04-16,2018-10-14,21,3.45,Sevilla,2018-10-18,False,True
24092592,Entire home/apt,660.0,True,30,60,66,323,,,,0,,Girona,2019-05-29,False,
24096540,Entire home/apt,1050.0,True,14,44,74,254,80,2018-08-28,2018-08-28,1,15.2,Girona,2018-08-30,False,True
24111724,Entire home/apt,900.0,True,15,27,57,322,100,2018-07-02,2018-10-02,4,0.5,Valencia,2019-02-28,False,True
24113256,Entire home/apt,750.0,True,17,47,77,109,80,2019-08-01,2019-08-01,1,1.01,Girona,2019-08-31,False,True
24114647,Entire home/apt,1500.0,True,27,54,66,156,92,2018-05-13,2018-10-14,15,1.2,Mallorca,2019-05-27,False,True
24118300,Entire home/apt,1250.0,True,29,59,89,179,,,,0,,Girona,2018-04-21,False,
24119132,Entire home/apt,240.0,True,16,35,59,59,73,2018-05-12,2019-01-05,4,0.41,Madrid,2019-03-08,False,False
24128845,Private room,550.0,True,14,21,51,326,,,,0,,Barcelona,2018-04-12,False,
24129100,Entire home/apt,700.0,True,25,52,72,333,99,2018-05-01,2019-01-05,24,2.68,Mallorca,2019-01-28,False,True
24131521,Entire home/apt,1500.0,True,7,33,63,333,96,2018-06-04,2019-10-17,22,1.23,Valencia,2019-11-30,False,True
24132906,Entire home/apt,460.0,True,22,29,29,212,99,2018-04-28,2020-09-12,82,2.42,Valencia,2021-02-20,False,True
24152709,Entire home/apt,470.0,True,0,0,0,0,,,,0,,Girona,2021-02-27,False,
24154025,Entire home/apt,1200.0,True,0,0,0,0,100,2018-07-24,2018-07-24,1,0.08,Valencia,2019-07-31,False,True
24154779,Private room,450.0,True,2,28,58,333,84,2018-04-14,2018-06-06,9,4.89,Barcelona,2018-06-09,False,True
24155166,Entire home/apt,330.0,True,30,60,90,365,90,2020-07-09,2020-08-24,6,1.61,Malaga,2020-10-30,False,True
24170917,Private room,1400.0,True,0,0,26,26,100,2019-04-21,2019-04-21,1,0.31,Sevilla,2019-07-29,False,True
24171576,Private room,320.0,True,7,23,33,35,94,2018-04-05,2019-11-21,111,5.6,Sevilla,2019-11-29,False,True
24171715,Entire home/apt,690.0,True,10,36,64,330,100,2018-04-10,2018-05-08,7,6.26,Madrid,2018-05-14,False,True
24174966,Entire home/apt,800.0,True,0,0,7,282,,,,0,,Barcelona,2019-10-16,False,
24175076,Entire home/apt,1400.0,True,0,0,14,289,,,,0,,Barcelona,2021-02-09,False,
24182384,Entire home/apt,650.0,True,7,20,47,173,100,2018-08-12,2018-08-12,1,2.03,Sevilla,2018-08-27,False,True
24191631,Entire home/apt,1000.0,True,2,5,6,216,97,2018-05-29,2019-02-04,61,7.33,Barcelona,2019-02-06,False,True
24193821,Private room,280.0,True,0,0,10,255,,,,0,,Madrid,2018-04-12,False,
24195458,Private room,250.0,True,12,14,14,14,,,,0,,Barcelona,2018-04-12,False,
24198132,Entire home/apt,1000.0,True,7,21,40,286,96,2018-06-14,2019-01-30,33,3.76,Barcelona,2019-03-08,False,True
24200381,Entire home/apt,1500.0,True,16,46,76,166,,,,0,,Madrid,2018-04-12,False,
24200848,Entire home/apt,2580.0,True,21,44,74,316,93,2018-05-01,2018-10-07,6,0.9,Mallorca,2018-11-20,False,True
24206158,Private room,410.0,True,30,60,82,151,90,2018-04-18,2019-10-31,90,4.55,Barcelona,2019-12-10,False,True
24217165,Entire home/apt,4200.0,True,30,60,90,365,100,2019-03-25,2019-03-25,1,0.15,Barcelona,2019-10-16,False,True
24218366,Entire home/apt,690.0,True,13,43,73,348,79,2018-07-03,2019-12-28,19,0.97,Barcelona,2020-02-16,False,False
24219071,Private room,250.0,True,0,16,40,130,89,2018-04-08,2018-05-04,8,4.96,Malaga,2018-05-27,False,True
24219194,Entire home/apt,940.0,True,29,45,75,314,,,,0,,Mallorca,2018-11-20,False,
24219322,Entire home/apt,3980.0,True,0,0,0,0,,,,0,,Mallorca,2020-01-29,False,
24221622,Entire home/apt,650.0,True,3,33,56,138,,,,0,,Menorca,2018-04-21,False,
24221794,Entire home/apt,1400.0,True,3,7,7,7,96,2018-05-05,2019-10-14,16,0.88,Madrid,2019-11-09,False,True
24223980,Entire home/apt,900.0,True,0,0,0,182,100,2018-05-04,2019-08-29,4,0.2,Girona,2019-12-31,False,True
24224594,Entire home/apt,550.0,True,29,52,82,357,87,2018-07-11,2020-03-12,24,1.13,Barcelona,2020-04-16,False,True
24228191,Private room,590.0,True,13,43,49,139,100,2018-06-11,2018-08-27,6,1.51,Barcelona,2018-10-10,False,True
24228419,Entire home/apt,,True,0,0,0,0,,,,0,,Mallorca,2019-09-28,True,
24231755,Entire home/apt,,True,28,58,88,349,,,,0,,Mallorca,2020-03-22,True,
24236748,Entire home/apt,870.0,True,23,23,23,78,,,,0,,Girona,2019-05-29,False,
24236959,Entire home/apt,1120.0,True,21,51,76,224,,,,0,,Mallorca,2019-03-25,False,
24239205,Entire home/apt,490.0,True,11,34,37,38,,,,0,,Girona,2019-06-30,False,
24239211,Entire home/apt,810.0,True,6,13,27,28,,,,0,,Girona,2019-06-30,False,
24244191,Entire home/apt,2990.0,True,30,60,90,254,,,,0,,Girona,2018-04-21,False,
24249549,Entire home/apt,1200.0,True,5,5,5,11,87,2018-04-24,2018-10-29,11,1.16,Madrid,2019-02-06,False,True
24253884,Entire home/apt,850.0,True,10,37,60,330,89,2018-04-15,2018-09-25,16,2.91,Malaga,2018-09-29,False,True
24260016,Entire home/apt,1000.0,True,30,60,87,340,95,2018-08-11,2019-03-03,4,0.47,Girona,2019-04-29,False,True
24260229,Private room,290.0,True,5,12,12,12,93,2018-04-10,2018-04-15,3,8.29,Sevilla,2018-04-21,False,True
24295968,Hotel room,1260.0,True,8,26,56,331,75,2018-05-10,2019-05-26,4,0.14,Mallorca,2020-09-19,False,False
24298993,Entire home/apt,640.0,True,0,0,0,0,80,2018-08-04,2018-08-04,1,0.04,Girona,2020-11-28,False,True
24299785,Entire home/apt,2770.0,True,0,28,43,167,100,2018-09-01,2018-10-27,2,0.41,Mallorca,2019-01-28,False,True
24306190,Entire home/apt,1950.0,True,17,17,17,279,93,2018-06-03,2019-10-27,11,0.46,Valencia,2020-05-31,False,True
24307252,Entire home/apt,430.0,True,27,29,29,30,,,,0,,Girona,2018-08-30,False,
24309006,Entire home/apt,550.0,True,0,0,0,0,100,2018-05-13,2018-09-25,4,0.68,Madrid,2018-11-07,False,True
24317653,Entire home/apt,1150.0,True,28,35,39,219,100,2018-08-02,2018-09-08,4,0.41,Girona,2019-05-29,False,True
24319134,Entire home/apt,550.0,True,8,8,8,8,,,,0,,Girona,2018-08-30,False,
24319543,Entire home/apt,1940.0,True,28,58,88,240,100,2018-06-03,2018-08-14,2,0.08,Mallorca,2020-06-25,False,True
24319577,Private room,80.0,True,11,36,66,91,93,2018-04-22,2019-02-03,8,0.76,Barcelona,2019-03-08,False,True
24320725,Private room,500.0,True,0,0,0,31,87,2018-04-20,2018-04-22,3,3.8,Barcelona,2018-05-14,False,True
24328986,Entire home/apt,610.0,True,15,15,23,298,70,2019-04-10,2019-09-28,4,0.5,Barcelona,2019-12-10,False,False
24330863,Entire home/apt,650.0,True,6,12,18,58,96,2018-05-01,2019-04-17,46,3.83,Valencia,2019-05-01,False,True
24332276,Entire home/apt,750.0,True,24,54,84,359,100,2018-04-15,2018-04-15,1,5.07,Sevilla,2018-04-21,False,True
24335958,Entire home/apt,1690.0,True,0,0,0,0,,,,0,,Mallorca,2018-08-21,False,
24339475,Entire home/apt,410.0,True,0,0,0,80,,,,0,,Barcelona,2019-05-14,False,
24341066,Entire home/apt,1200.0,True,4,15,28,241,,,,0,,Barcelona,2018-07-10,False,
24342447,Hotel room,2000.0,True,0,16,46,160,90,2018-08-04,2019-10-23,8,0.34,Barcelona,2020-07-17,False,True
24343004,Entire home/apt,3820.0,True,0,0,0,77,80,2018-07-31,2018-07-31,1,0.22,Mallorca,2018-12-18,False,True
24344354,Entire home/apt,1620.0,True,0,0,15,146,100,2019-06-27,2019-08-04,2,0.11,Mallorca,2021-01-16,False,True
24348022,Private room,290.0,True,19,19,19,19,99,2018-04-30,2018-08-12,14,4.02,Barcelona,2018-08-14,False,True
24348581,Private room,270.0,True,0,0,0,26,81,2018-04-24,2019-07-07,35,1.25,Madrid,2020-08-25,False,True
24348702,Entire home/apt,740.0,True,18,45,69,159,80,2018-04-24,2018-05-06,3,4.56,Madrid,2018-05-14,False,True
24350858,Private room,450.0,True,20,47,77,257,93,2018-04-21,2020-09-05,60,2.07,Mallorca,2020-09-19,False,True
24362246,Entire home/apt,1320.0,True,11,36,66,141,96,2018-04-22,2018-07-23,5,1.33,Madrid,2018-08-14,False,True
24368095,Entire home/apt,1860.0,True,0,0,0,176,,,,0,,Mallorca,2018-10-17,False,
24369154,Entire home/apt,990.0,True,11,36,64,335,87,2018-05-03,2019-12-28,41,2.02,Barcelona,2020-01-10,False,True
24370133,Entire home/apt,3200.0,True,0,0,0,103,,,,0,,Menorca,2018-08-29,False,
24370440,Entire home/apt,3220.0,True,8,12,15,135,70,2018-10-27,2019-07-06,2,0.09,Mallorca,2020-08-28,False,False
24370750,Entire home/apt,3390.0,True,0,0,0,182,90,2019-05-01,2019-10-15,2,0.11,Menorca,2020-11-30,False,True
24376153,Entire home/apt,650.0,True,12,20,39,39,96,2018-04-21,2019-08-10,72,4.58,Madrid,2019-08-12,False,True
24376264,Private room,650.0,True,9,9,9,9,96,2018-04-27,2018-08-25,12,1.61,Barcelona,2018-12-10,False,True
24383985,Entire home/apt,1140.0,True,0,0,17,292,,,,0,,Girona,2018-10-20,False,
24384019,Entire home/apt,1150.0,True,0,0,2,215,100,2018-07-07,2019-06-29,10,0.53,Malaga,2020-01-31,False,True
24384600,Entire home/apt,950.0,True,2,2,16,270,90,2018-05-04,2019-06-12,4,0.27,Mallorca,2019-07-25,False,True
24385362,Entire home/apt,540.0,True,16,37,58,326,40,2018-09-01,2018-09-01,1,0.45,Madrid,2018-11-07,False,False
24388232,Entire home/apt,600.0,True,15,26,56,56,,,,0,,Girona,2018-07-31,False,
24391361,Entire home/apt,1150.0,True,0,0,0,182,100,2018-05-13,2018-10-12,4,0.3,Mallorca,2019-06-27,False,True
24392079,Private room,310.0,True,11,35,62,112,,,,0,,Barcelona,2018-05-14,False,
24393658,Entire home/apt,500.0,True,28,58,88,238,89,2018-05-07,2019-08-17,9,0.38,Girona,2020-04-30,False,True
24402981,Entire home/apt,460.0,True,0,0,23,98,,,,0,,Mallorca,2018-04-18,False,
24407462,Private room,250.0,True,0,0,0,0,90,2018-05-04,2018-12-03,2,0.14,Barcelona,2019-07-10,False,True
24416076,Entire home/apt,1000.0,True,16,28,37,105,95,2018-04-25,2019-02-17,26,2.64,Sevilla,2019-02-18,False,True
24418977,Entire home/apt,450.0,True,0,13,33,163,85,2018-05-07,2018-10-22,20,2.13,Mallorca,2019-02-17,False,True
24419054,Entire home/apt,1220.0,True,29,59,89,364,87,2018-04-22,2020-10-12,38,1.11,Sevilla,2021-02-27,False,True
24426210,Entire home/apt,670.0,True,0,0,14,147,93,2018-06-16,2019-09-21,3,0.15,Girona,2020-01-31,False,True
24426690,Private room,400.0,True,0,0,0,0,97,2018-04-26,2018-09-27,8,1.07,Barcelona,2018-12-10,False,True
24428148,Entire home/apt,1100.0,True,25,55,85,360,87,2018-05-01,2018-07-06,3,0.16,Madrid,2019-12-10,False,True
24435994,Entire home/apt,2360.0,True,3,11,34,45,100,2018-09-30,2018-09-30,1,0.1,Mallorca,2019-07-25,False,True
24437144,Entire home/apt,2500.0,True,29,41,41,41,100,2018-10-12,2018-10-12,1,0.78,Mallorca,2018-11-20,False,True
24437410,Entire home/apt,500.0,True,30,60,90,365,,,,0,,Malaga,2018-10-25,False,
24444860,Entire home/apt,510.0,True,7,14,14,160,,,,0,,Girona,2018-08-30,False,
24444900,Entire home/apt,1350.0,True,0,7,7,45,100,2019-07-06,2019-07-06,1,1.32,Girona,2019-07-29,False,True
24444913,Entire home/apt,1690.0,True,0,27,28,115,,,,0,,Girona,2019-07-29,False,
24447031,Entire home/apt,2790.0,True,11,40,47,47,,,,0,,Mallorca,2018-09-18,False,
24447564,Entire home/apt,1440.0,True,6,8,18,293,,,,0,,Mallorca,2019-07-25,False,
24448222,Entire home/apt,2470.0,True,26,56,86,228,,,,0,,Girona,2020-02-29,False,
24448879,Entire home/apt,1110.0,True,11,22,47,322,100,2018-06-29,2018-06-29,1,0.66,Barcelona,2018-08-14,False,True
24449942,Private room,450.0,True,0,0,0,0,97,2018-04-20,2020-01-16,87,3.02,Barcelona,2020-09-12,False,True
24462362,Entire home/apt,700.0,True,1,1,1,1,80,2018-08-01,2018-08-01,1,1.09,Malaga,2018-08-29,False,True
24462522,Entire home/apt,1000.0,True,29,59,89,106,98,2018-05-05,2020-08-07,26,0.8,Mallorca,2021-01-16,False,True
24463013,Entire home/apt,650.0,True,23,53,83,173,93,2018-04-29,2019-01-02,18,2.1,Madrid,2019-01-14,False,True
24463484,Entire home/apt,550.0,True,6,36,63,335,81,2018-05-23,2019-01-11,32,3.76,Madrid,2019-02-06,False,True
24467999,Private room,300.0,True,0,0,25,296,96,2018-05-01,2019-10-19,27,1.4,Barcelona,2019-12-10,False,True
24469383,Entire home/apt,900.0,True,8,31,61,282,,,,0,,Girona,2019-07-29,False,
24476428,Entire home/apt,980.0,True,30,31,31,31,,,,0,,Girona,2019-09-30,False,
24478640,Private room,300.0,True,21,51,79,352,65,2018-04-26,2018-05-07,4,1.62,Madrid,2018-07-10,False,False
24488517,Entire home/apt,380.0,True,14,44,74,349,87,2018-04-22,2020-10-01,80,2.38,Madrid,2021-02-09,False,True
24494484,Private room,300.0,True,30,60,90,90,93,2018-05-09,2019-05-11,4,0.17,Barcelona,2020-04-16,False,True
24508130,Entire home/apt,600.0,True,10,35,62,152,98,2018-04-29,2018-06-24,8,3.38,Madrid,2018-07-10,False,True
24509880,Entire home/apt,790.0,True,15,33,63,333,100,2019-01-13,2019-05-11,2,0.34,Madrid,2019-07-10,False,True
24509903,Entire home/apt,1020.0,True,19,45,72,342,100,2018-05-21,2018-05-21,1,0.27,Madrid,2018-09-11,False,True
24513128,Entire home/apt,400.0,True,0,0,7,17,,,,0,,Girona,2019-03-30,False,
24513154,Entire home/apt,3270.0,True,0,0,0,98,100,2018-05-13,2018-05-13,1,0.05,Girona,2020-01-31,False,True
24513158,Entire home/apt,870.0,True,0,0,0,227,100,2018-10-26,2018-10-26,1,0.98,Girona,2018-11-26,False,True
24514035,Entire home/apt,770.0,True,0,0,0,0,100,2019-01-14,2020-08-25,4,0.2,Barcelona,2020-09-12,False,True
24514996,Entire home/apt,690.0,True,9,26,40,128,,,,0,,Madrid,2018-05-14,False,
24516968,Entire home/apt,700.0,True,9,37,38,38,95,2019-07-06,2019-08-24,4,2.13,Menorca,2019-09-01,False,True
24520266,Entire home/apt,650.0,True,0,0,0,0,89,2018-04-24,2019-12-02,72,3.55,Valencia,2019-12-31,False,True
24520554,Entire home/apt,1790.0,True,7,32,62,137,100,2018-05-11,2018-08-22,13,3.21,Barcelona,2018-09-11,False,True
24520907,Entire home/apt,3280.0,True,0,0,0,117,80,2019-06-02,2019-06-02,1,0.14,Menorca,2019-12-31,False,True
24521762,Private room,300.0,True,0,0,0,0,95,2018-05-17,2019-09-08,44,2.26,Menorca,2019-12-31,False,True
24527990,Entire home/apt,1870.0,True,12,24,36,154,,,,0,,Mallorca,2018-08-21,False,
24530686,Entire home/apt,2620.0,True,11,13,37,192,80,2018-09-07,2018-09-07,1,0.1,Mallorca,2019-06-27,False,True
24533436,Private room,500.0,True,30,60,90,180,100,2018-05-09,2018-05-09,1,0.06,Barcelona,2019-09-17,False,True
24535651,Entire home/apt,590.0,True,30,57,87,87,85,2018-04-25,2019-07-25,24,1.54,Madrid,2019-08-12,False,True
24537065,Entire home/apt,940.0,True,0,0,0,0,,,,0,,Girona,2018-11-26,False,
24539639,Private room,250.0,True,11,41,71,346,99,2018-05-03,2018-10-15,31,3.68,Barcelona,2019-01-14,False,True
24539721,Entire home/apt,2200.0,True,30,60,90,220,,,,0,,Girona,2019-04-29,False,
24542897,Entire home/apt,1250.0,True,0,14,44,319,100,2018-05-20,2018-09-08,4,0.71,Madrid,2018-11-07,False,True
24548507,Entire home/apt,580.0,True,30,60,90,158,92,2018-06-11,2020-03-16,19,0.61,Valencia,2021-01-19,False,True
24554607,Entire home/apt,800.0,True,29,59,89,364,86,2018-06-17,2020-08-09,24,0.76,Girona,2021-01-31,False,True
24555168,Entire home/apt,100.0,True,0,0,0,0,,,,0,,Girona,2018-10-20,False,
24572335,Private room,750.0,True,20,50,80,355,93,2018-06-24,2018-08-13,3,1.38,Menorca,2018-08-29,False,True
24573390,Entire home/apt,1500.0,True,29,59,89,364,100,2018-05-01,2018-07-15,4,0.64,Madrid,2018-11-07,False,True
24586318,Entire home/apt,950.0,True,4,18,46,136,92,2018-05-07,2019-07-20,27,1.85,Mallorca,2019-07-25,False,True
24589238,Private room,750.0,True,0,0,0,0,93,2018-06-11,2019-03-23,43,3.32,Barcelona,2019-07-10,False,True
24589255,Private room,460.0,True,0,0,0,0,84,2018-05-06,2018-06-03,5,0.6,Barcelona,2019-01-14,False,True
24589911,Entire home/apt,460.0,True,0,0,0,228,,,,0,,Barcelona,2019-01-14,False,
24590040,Hotel room,1380.0,True,22,50,78,351,100,2019-05-01,2019-05-01,1,0.14,Barcelona,2019-12-10,False,True
24596987,Entire home/apt,820.0,True,0,0,0,0,90,2018-07-01,2018-12-28,4,0.17,Sevilla,2020-06-29,False,True
24599116,Entire home/apt,1000.0,True,29,59,89,333,96,2018-08-21,2019-09-26,5,0.29,Mallorca,2020-01-29,False,True
24599766,Private room,280.0,True,11,22,33,253,98,2018-04-25,2019-05-16,22,1.41,Madrid,2019-08-12,False,True
24600973,Entire home/apt,450.0,True,3,33,60,329,95,2018-05-03,2020-07-15,14,0.42,Sevilla,2021-01-31,False,True
24605394,Entire home/apt,600.0,True,5,5,5,5,98,2018-05-01,2018-11-25,10,1.36,Madrid,2018-12-10,False,True
24609295,Private room,250.0,True,1,1,1,7,,2018-06-03,2018-06-03,1,5.07,Barcelona,2018-06-09,False,
24613065,Entire home/apt,950.0,True,18,46,49,49,90,2019-07-15,2019-08-17,2,0.17,Girona,2020-06-29,False,True
24613238,Entire home/apt,830.0,True,30,56,68,138,90,2018-08-18,2019-05-13,2,0.21,Girona,2019-05-29,False,True
24614824,Entire home/apt,1000.0,True,2,13,20,233,99,2018-05-01,2019-10-25,115,6.39,Sevilla,2019-10-30,False,True
24614926,Entire home/apt,590.0,True,0,0,30,245,100,2019-08-31,2019-08-31,1,0.25,Girona,2019-12-31,False,True
24616180,Private room,150.0,True,2,10,10,10,100,2018-04-28,2018-04-29,2,3.8,Barcelona,2018-05-14,False,True
24623649,Entire home/apt,1820.0,True,28,58,88,363,,,,0,,Madrid,2020-07-17,False,
24626723,Private room,1100.0,True,0,0,0,0,,,,0,,Barcelona,2020-03-16,False,
24628705,Entire home/apt,750.0,True,24,51,81,323,72,2018-06-18,2019-09-10,5,0.27,Malaga,2019-12-31,False,False
24629879,Entire home/apt,1370.0,True,0,0,0,0,,,,0,,Girona,2018-09-28,False,
24630661,Entire home/apt,450.0,True,15,38,66,139,96,2018-04-29,2018-12-17,40,5.15,Sevilla,2018-12-21,False,True
24635035,Entire home/apt,3530.0,True,6,9,9,9,,,,0,,Girona,2019-06-30,False,
24636302,Entire home/apt,510.0,True,14,30,60,320,,,,0,,Girona,2020-05-28,False,
24640474,Entire home/apt,1080.0,True,22,52,82,161,90,2018-05-06,2019-12-15,53,2.62,Madrid,2020-01-10,False,True
24647213,Entire home/apt,650.0,True,18,42,67,157,97,2018-04-29,2019-07-29,102,6.79,Malaga,2019-07-30,False,True
24649658,Entire home/apt,600.0,True,14,23,43,288,100,2018-11-04,2018-11-04,1,0.15,Malaga,2019-05-30,False,True
24650389,Entire home/apt,600.0,True,0,28,57,174,97,2018-09-05,2020-02-17,7,0.34,Malaga,2020-05-31,False,True
24650680,Private room,420.0,True,0,0,0,0,93,2018-05-22,2018-09-05,17,3.49,Mallorca,2018-10-17,False,True
24654740,Entire home/apt,600.0,True,0,15,37,128,100,2018-05-12,2018-07-01,2,0.76,Menorca,2018-07-31,False,True
24661861,Private room,200.0,True,0,0,0,251,,,,0,,Madrid,2018-10-10,False,
24662715,Private room,450.0,True,5,20,41,242,98,2018-05-15,2019-07-30,68,4.55,Barcelona,2019-08-12,False,True
24664773,Entire home/apt,1010.0,True,0,0,0,2,,,,0,,Mallorca,2020-10-21,False,
24667206,Shared room,420.0,True,16,46,76,351,90,2018-05-03,2018-10-14,28,5.1,Mallorca,2018-10-17,False,True
24671202,Entire home/apt,600.0,True,1,1,1,1,,,,0,,Girona,2019-08-31,False,
24672820,Private room,200.0,True,0,0,0,0,87,2018-07-13,2019-08-26,12,0.57,Madrid,2020-04-17,False,True
24675936,Private room,170.0,True,0,9,39,56,,,,0,,Madrid,2018-05-14,False,
24677555,Entire home/apt,450.0,True,7,37,42,42,96,2018-09-01,2019-07-31,5,0.44,Barcelona,2019-08-12,False,True
24678578,Private room,460.0,True,15,38,68,294,92,2018-05-04,2020-02-16,178,8.26,Madrid,2020-02-18,False,True
24681321,Entire home/apt,1200.0,True,28,58,88,94,100,2018-07-29,2018-07-29,1,0.95,Girona,2018-08-30,False,True
24682759,Entire home/apt,1170.0,True,0,0,0,241,,,,0,,Girona,2018-08-30,False,
24684626,Entire home/apt,340.0,True,5,35,65,171,,,,0,,Girona,2020-04-30,False,
24685845,Entire home/apt,430.0,True,16,30,60,172,,2019-05-07,2019-05-07,1,0.08,Girona,2020-04-30,False,
24686395,Entire home/apt,360.0,True,22,52,70,140,,,,0,,Girona,2019-07-29,False,
24686494,Entire home/apt,500.0,True,0,0,0,271,,,,0,,Girona,2018-09-28,False,
24688159,Private room,200.0,True,0,0,0,54,68,2018-07-08,2018-08-21,5,0.63,Madrid,2019-03-08,False,False
24689035,Entire home/apt,500.0,True,18,48,78,293,,,,0,,Girona,2019-03-30,False,
24689070,Entire home/apt,500.0,True,30,60,90,316,,,,0,,Girona,2019-02-19,False,
24693501,Private room,370.0,True,24,54,84,359,,,2018-05-03,1,,Madrid,2018-05-14,False,
24694493,Entire home/apt,650.0,True,0,0,0,102,87,2018-10-13,2018-12-29,3,0.79,Barcelona,2019-02-06,False,True
24698950,Entire home/apt,700.0,True,8,23,40,241,90,2018-05-07,2018-07-14,4,0.44,Madrid,2019-02-06,False,True
24706447,Entire home/apt,650.0,True,29,59,89,333,95,2018-05-13,2019-11-03,42,2.03,Girona,2020-01-31,False,True
24707742,Private room,400.0,True,12,31,31,31,,,,0,,Barcelona,2018-06-09,False,
24712893,Private room,230.0,True,0,13,43,318,,,,0,,Valencia,2019-09-01,False,
24712927,Entire home/apt,790.0,True,21,31,56,328,100,2018-07-16,2018-07-16,1,1.05,Madrid,2018-08-14,False,True
24713733,Entire home/apt,500.0,True,6,10,25,110,99,2018-05-15,2019-11-21,23,1.12,Malaga,2020-01-31,False,True
24731557,Entire home/apt,1250.0,True,30,60,90,365,95,2018-06-24,2019-11-11,39,2.14,Mallorca,2019-12-31,False,True
24733326,Entire home/apt,1000.0,True,29,59,89,364,100,2020-08-14,2020-08-14,1,0.35,Valencia,2020-11-10,False,True
24742078,Private room,900.0,True,16,42,72,162,,,,0,,Mallorca,2018-07-29,False,
24745888,Entire home/apt,360.0,True,16,46,76,76,86,2018-06-13,2020-11-22,108,3.58,Madrid,2020-12-17,False,True
24746387,Entire home/apt,1430.0,True,3,26,56,179,,,,0,,Mallorca,2019-07-25,False,
24747049,Entire home/apt,1740.0,True,0,7,37,312,100,2018-07-17,2019-10-01,10,0.36,Mallorca,2020-11-08,False,True
24747496,Entire home/apt,2570.0,True,0,0,16,210,,,,0,,Mallorca,2018-12-18,False,
24747700,Entire home/apt,1250.0,True,19,29,52,299,100,2018-10-15,2018-10-28,2,0.11,Barcelona,2020-04-16,False,True
24749761,Private room,930.0,True,24,54,84,85,92,2018-05-26,2018-11-18,30,4.61,Barcelona,2018-12-10,False,True
24751348,Entire home/apt,1500.0,True,12,37,65,300,100,2018-05-06,2018-05-06,1,0.08,Sevilla,2019-05-29,False,True
24752653,Entire home/apt,1000.0,True,29,47,77,253,98,2018-05-29,2020-02-29,129,5.48,Madrid,2020-05-14,False,True
24753110,Entire home/apt,1250.0,True,18,36,58,316,100,2018-05-27,2018-05-27,1,0.06,Sevilla,2019-10-30,False,True
24753780,Entire home/apt,1310.0,True,14,44,71,104,80,2018-05-26,2018-11-18,8,1.23,Barcelona,2018-12-10,False,True
24754917,Private room,660.0,True,0,0,0,0,,,,0,,Barcelona,2020-06-13,False,
24761985,Entire home/apt,550.0,True,30,60,90,180,93,2018-07-28,2018-08-31,3,0.19,Girona,2019-11-30,False,True
24762192,Entire home/apt,800.0,True,17,46,76,130,98,2018-05-13,2019-01-29,41,4.63,Madrid,2019-02-06,False,True
24765214,Entire home/apt,2070.0,True,0,0,0,0,,,,0,,Girona,2020-02-29,False,
24767736,Entire home/apt,500.0,True,3,31,61,336,100,2018-05-22,2018-07-14,4,1.74,Girona,2018-07-31,False,True
24768209,Private room,350.0,True,9,9,9,9,100,2018-05-04,2018-05-08,3,9.12,Barcelona,2018-05-14,False,True
24769581,Entire home/apt,930.0,True,8,38,68,329,95,2019-03-22,2019-09-18,12,1.92,Mallorca,2019-09-28,False,True
24776027,Entire home/apt,600.0,True,29,59,88,363,87,2018-05-06,2019-08-25,15,0.61,Girona,2020-05-28,False,True
24776198,Entire home/apt,600.0,True,0,0,26,267,86,2018-06-15,2019-09-21,27,1.26,Girona,2020-03-26,False,True
24787391,Entire home/apt,990.0,True,3,30,60,335,97,2018-05-21,2019-07-03,27,1.89,Girona,2019-07-29,False,True
24794780,Entire home/apt,3000.0,True,6,10,14,283,,,,0,,Girona,2019-05-29,False,
24796633,Entire home/apt,1200.0,True,30,52,82,302,95,2018-07-31,2019-01-04,4,0.55,Barcelona,2019-03-08,False,True
24797439,Private room,1040.0,True,29,59,89,341,100,2019-08-09,2019-08-09,1,0.06,Mallorca,2021-01-16,False,True
24799307,Private room,600.0,True,2,20,50,325,94,2018-05-16,2018-11-19,19,2.78,Barcelona,2018-12-10,False,True
24799497,Entire home/apt,600.0,True,30,60,90,365,95,2018-05-27,2020-01-29,43,1.89,Madrid,2020-04-17,False,True
24800101,Entire home/apt,750.0,True,0,0,0,4,94,2018-05-08,2018-07-15,10,1.11,Madrid,2019-02-06,False,True
24800530,Entire home/apt,810.0,True,1,29,59,334,,,,0,,Sevilla,2019-06-29,False,
24806503,Private room,320.0,True,29,59,89,364,95,2019-06-03,2020-02-09,13,0.67,Madrid,2021-01-12,False,True
24807289,Entire home/apt,490.0,True,9,39,69,344,91,2018-05-08,2019-11-17,62,3.24,Madrid,2019-12-10,False,True
24813961,Private room,180.0,True,0,0,9,9,96,2018-05-14,2018-11-18,10,1.13,Madrid,2019-02-06,False,True
24816210,Entire home/apt,550.0,True,0,0,0,0,95,2018-05-08,2018-07-31,17,3.33,Madrid,2018-10-10,False,True
24817748,Entire home/apt,570.0,True,28,42,49,49,,,,0,,Girona,2018-10-20,False,
24819177,Entire home/apt,890.0,True,6,26,56,331,88,2018-05-08,2019-03-06,26,2.6,Barcelona,2019-03-08,False,True
24820116,Private room,400.0,True,28,58,88,88,85,2018-05-09,2019-08-28,44,1.6,Barcelona,2020-08-24,False,True
24821215,Entire home/apt,1150.0,True,30,32,32,32,93,2019-08-15,2019-09-24,3,0.85,Girona,2019-11-30,False,True
24821841,Entire home/apt,2090.0,True,27,57,76,230,88,2018-09-15,2019-10-22,5,0.27,Mallorca,2020-03-22,False,True
24821982,Entire home/apt,990.0,True,30,60,90,365,,,,0,,Madrid,2020-09-13,False,
24823132,Entire home/apt,490.0,True,1,1,1,1,99,2018-06-24,2020-09-28,31,1.06,Girona,2020-11-28,False,True
24826385,Entire home/apt,2360.0,True,25,54,54,86,,,,0,,Girona,2018-08-30,False,
24832271,Entire home/apt,620.0,True,2,6,15,56,96,2018-05-20,2019-03-24,32,2.98,Madrid,2019-04-11,False,True
24832484,Private room,400.0,True,16,16,16,16,,,,0,,Barcelona,2018-07-10,False,
24841608,Entire home/apt,500.0,True,6,14,16,16,90,2018-05-14,2019-08-10,20,1.28,Mallorca,2019-08-31,False,True
24841791,Private room,300.0,True,10,31,61,336,,,,0,,Barcelona,2018-05-14,False,
24842808,Entire home/apt,580.0,True,0,0,0,0,100,2018-08-05,2018-08-05,1,0.4,Girona,2018-10-20,False,True
24845210,Entire home/apt,390.0,True,15,42,72,347,97,2018-05-14,2018-09-25,15,3.3,Malaga,2018-09-29,False,True
24847533,Entire home/apt,1000.0,True,18,46,76,76,,,,0,,Madrid,2018-09-11,False,
24853568,Private room,1300.0,True,29,59,89,364,98,2018-05-13,2019-05-19,32,1.87,Barcelona,2019-10-16,False,True
24859912,Entire home/apt,3000.0,True,23,53,83,341,84,2018-05-11,2018-10-05,20,3.75,Girona,2018-10-20,False,True
24866097,Entire home/apt,450.0,True,4,31,61,65,100,2019-07-13,2019-07-13,1,1.9,Girona,2019-07-29,False,True
24869952,Private room,250.0,True,8,34,38,217,96,2018-05-14,2019-06-16,100,7.4,Sevilla,2019-06-29,False,True
24870129,Private room,500.0,True,12,27,57,112,,,,0,,Barcelona,2018-06-09,False,
24872161,Entire home/apt,600.0,True,19,39,69,75,98,2018-06-03,2020-08-09,116,4.33,Madrid,2020-08-25,False,True
24887503,Private room,350.0,True,30,60,90,365,91,2018-05-20,2019-02-05,30,3.12,Barcelona,2019-03-08,False,True
24888213,Entire home/apt,650.0,True,10,29,59,149,100,2018-08-07,2019-06-17,4,0.37,Malaga,2019-06-30,False,True
24889262,Entire home/apt,1770.0,True,14,38,47,88,93,2018-09-23,2018-10-23,3,0.5,Mallorca,2019-03-25,False,True
24898801,Entire home/apt,3030.0,True,0,0,0,163,,,,0,,Mallorca,2018-11-20,False,
24901763,Entire home/apt,900.0,True,0,0,0,94,,,,0,,Girona,2020-04-30,False,
24903688,Entire home/apt,4620.0,True,11,41,71,161,,,,0,,Mallorca,2018-07-29,False,
24909187,Entire home/apt,700.0,True,2,2,13,114,100,2018-05-28,2019-02-03,8,0.96,Madrid,2019-02-06,False,True
24913906,Entire home/apt,650.0,True,0,0,0,171,92,2018-07-13,2019-08-28,39,2.74,Madrid,2019-09-19,False,True
24914332,Entire home/apt,1550.0,True,0,0,0,0,,,,0,,Girona,2019-11-30,False,
24914994,Private room,400.0,True,29,59,89,179,91,2018-07-08,2018-12-10,7,1.0,Madrid,2019-02-06,False,True
24915381,Entire home/apt,980.0,True,5,20,28,113,92,2018-06-13,2019-05-26,25,2.17,Girona,2019-05-29,False,True
24924496,Entire home/apt,550.0,True,6,36,66,341,,2018-05-14,2018-05-21,2,0.78,Girona,2018-07-31,False,
24927033,Private room,230.0,True,12,20,41,54,88,2018-05-16,2020-01-10,109,5.49,Madrid,2020-01-10,False,True
24929325,Entire home/apt,2000.0,True,1,18,19,19,,,,0,,Girona,2018-07-31,False,
24929443,Entire home/apt,700.0,True,17,42,72,308,80,2018-07-15,2018-08-15,2,0.3,Barcelona,2019-02-06,False,True
24930010,Entire home/apt,700.0,True,15,35,63,208,,,,0,,Barcelona,2018-05-14,False,
24933050,Entire home/apt,650.0,True,12,26,46,185,,,,0,,Barcelona,2018-05-14,False,
24935624,Private room,500.0,True,0,3,6,6,,,,0,,Barcelona,2018-05-14,False,
24949772,Entire home/apt,840.0,True,24,54,64,170,,,,0,,Girona,2020-03-26,False,
24954903,Entire home/apt,410.0,True,8,18,41,219,80,2018-05-21,2018-06-22,3,0.81,Madrid,2018-09-11,False,True
24954938,Entire home/apt,1300.0,True,0,0,0,95,80,2018-08-02,2018-09-15,4,1.04,Menorca,2018-11-27,False,True
24956159,Entire home/apt,550.0,True,0,0,0,24,100,2018-08-19,2019-06-30,3,0.16,Malaga,2020-02-29,False,True
24957949,Entire home/apt,1500.0,True,14,32,49,110,97,2018-05-27,2019-01-03,18,2.05,Sevilla,2019-02-18,False,True
24960670,Private room,1000.0,True,0,24,54,144,96,2018-05-21,2018-10-28,21,3.14,Barcelona,2018-12-10,False,True
24960837,Entire home/apt,2000.0,True,0,0,0,0,95,2018-08-08,2018-09-10,4,1.11,Girona,2018-11-26,False,True
24964820,Entire home/apt,540.0,True,26,53,80,170,93,2018-06-10,2020-03-02,183,6.61,Valencia,2020-09-28,False,True
24967594,Entire home/apt,700.0,True,0,0,0,40,98,2018-05-12,2018-09-04,8,1.53,Sevilla,2018-10-18,False,True
24979086,Entire home/apt,2500.0,True,17,29,55,318,,,,0,,Barcelona,2018-05-14,False,
24979591,Entire home/apt,2820.0,True,23,36,45,94,,,,0,,Mallorca,2019-03-25,False,
24981829,Private room,220.0,True,26,56,86,361,,,,0,,Valencia,2019-07-01,False,
24982258,Entire home/apt,900.0,True,28,58,88,363,93,2018-06-10,2019-10-22,15,0.83,Madrid,2019-12-10,False,True
24999781,Entire home/apt,550.0,True,0,0,0,29,100,2019-07-11,2019-09-21,4,1.09,Malaga,2019-10-31,False,True
25002270,Entire home/apt,780.0,True,5,29,47,219,80,2019-02-07,2019-03-24,4,1.27,Madrid,2019-05-14,False,True
25002750,Entire home/apt,5000.0,True,11,28,50,307,86,2018-09-29,2019-04-18,7,1.01,Sevilla,2019-04-27,False,True
25005996,Entire home/apt,800.0,True,7,19,31,258,99,2018-06-05,2020-01-19,59,2.96,Malaga,2020-01-31,False,True
25008807,Entire home/apt,650.0,True,17,36,50,163,98,2018-05-29,2018-12-11,11,1.23,Malaga,2019-02-24,False,True
25020370,Entire home/apt,380.0,True,0,17,47,232,,,,0,,Girona,2018-09-28,False,
25025564,Entire home/apt,650.0,True,26,56,86,159,87,2018-09-12,2019-04-21,3,0.26,Malaga,2019-09-01,False,True
25027606,Private room,400.0,True,0,0,2,239,100,2019-04-08,2019-05-19,4,2.03,Barcelona,2019-06-07,False,True
25032234,Private room,480.0,True,24,54,84,174,,,,0,,Barcelona,2018-05-14,False,
25041079,Private room,310.0,True,0,15,45,135,96,2018-07-23,2020-03-15,65,2.43,Barcelona,2020-10-12,False,True
25045965,Private room,270.0,True,0,18,20,20,94,2018-05-20,2019-03-13,25,2.41,Malaga,2019-03-31,False,True
25050194,Private room,180.0,True,16,34,55,92,83,2018-05-17,2019-03-03,52,5.36,Madrid,2019-03-08,False,True
25051663,Entire home/apt,780.0,True,12,35,63,144,95,2018-05-18,2020-02-16,125,5.93,Madrid,2020-02-18,False,True
25059708,Private room,550.0,True,0,1,18,185,100,2018-06-05,2018-10-24,9,1.06,Mallorca,2019-02-17,False,True
25060006,Entire home/apt,1590.0,True,0,29,59,321,,,,0,,Girona,2018-07-31,False,
25063330,Entire home/apt,700.0,True,29,59,75,255,92,2018-05-25,2020-03-01,150,6.08,Madrid,2020-06-13,False,True
25067794,Private room,160.0,True,30,41,46,99,91,2018-06-13,2020-03-12,111,4.83,Barcelona,2020-05-11,False,True
25068675,Entire home/apt,590.0,True,26,26,26,26,,,,0,,Girona,2019-08-31,False,
25069074,Private room,200.0,True,0,0,0,0,87,2018-07-05,2019-08-29,15,0.93,Madrid,2019-11-09,False,True
25069670,Entire home/apt,430.0,True,30,60,90,180,92,2018-05-21,2020-06-29,56,1.89,Madrid,2020-11-06,False,True
25071694,Entire home/apt,1080.0,True,0,0,0,64,,2018-05-22,2018-05-22,1,0.2,Girona,2018-10-20,False,
25073510,Entire home/apt,450.0,True,17,35,43,85,86,2018-08-12,2019-05-04,11,1.15,Valencia,2019-05-31,False,True
25074266,Entire home/apt,2500.0,True,19,46,74,74,,,,0,,Girona,2019-07-29,False,
25093377,Entire home/apt,1200.0,True,21,51,76,216,,,,0,,Girona,2019-03-30,False,
25115788,Shared room,500.0,True,0,0,0,0,,,,0,,Barcelona,2020-02-16,False,
25116135,Hotel room,1500.0,True,22,46,76,339,100,2018-10-30,2018-10-30,1,0.09,Sevilla,2019-09-30,False,True
25116518,Entire home/apt,1430.0,True,5,31,61,336,,,,0,,Girona,2019-07-29,False,
25118562,Entire home/apt,2200.0,True,6,16,37,309,87,2014-08-24,2017-04-18,4,0.09,Barcelona,2018-07-10,False,True
25118801,Entire home/apt,950.0,True,23,37,55,218,98,2018-07-28,2019-10-24,13,0.72,Mallorca,2020-01-29,False,True
25121045,Entire home/apt,2970.0,True,26,31,61,151,,,,0,,Girona,2019-06-30,False,
25125251,Entire home/apt,1100.0,True,15,27,57,332,,,,0,,Barcelona,2018-06-09,False,
25125892,Entire home/apt,1200.0,True,7,26,49,324,98,2018-05-23,2018-08-12,10,3.66,Barcelona,2018-08-14,False,True
25127261,Entire home/apt,870.0,True,28,58,88,103,,,,0,,Mallorca,2018-09-18,False,
25127489,Entire home/apt,1200.0,True,0,15,36,258,,,,0,,Barcelona,2019-04-10,False,
25127509,Entire home/apt,380.0,True,0,0,12,12,88,2018-07-11,2019-07-07,65,3.67,Valencia,2019-12-31,False,True
25150033,Entire home/apt,500.0,True,29,59,77,352,,,,0,,Girona,2019-05-29,False,
25157955,Private room,590.0,True,29,59,89,89,93,2018-06-17,2020-01-02,31,1.36,Barcelona,2020-05-11,False,True
25162141,Private room,250.0,True,0,0,0,0,100,2018-05-19,2018-06-04,2,0.7,Madrid,2018-08-14,False,True
25166034,Entire home/apt,300.0,True,26,56,86,207,96,2018-05-31,2020-03-01,65,2.71,Girona,2020-05-28,False,True
25181143,Shared room,420.0,True,0,0,0,17,95,2018-06-09,2019-10-29,27,0.89,Barcelona,2020-12-16,False,True
25181770,Private room,260.0,True,0,0,0,191,93,2018-05-20,2018-07-04,15,8.94,Barcelona,2018-07-10,False,True
25185445,Private room,400.0,True,26,47,67,67,96,2018-06-03,2019-01-19,33,4.05,Barcelona,2019-02-06,False,True
25200094,Private room,250.0,True,30,53,53,53,100,2018-05-22,2018-06-02,3,5.07,Barcelona,2018-06-09,False,True
25204332,Private room,150.0,True,0,8,37,37,91,2018-07-05,2018-07-23,7,2.19,Barcelona,2018-10-10,False,True
25204415,Entire home/apt,1400.0,True,16,37,59,141,89,2018-06-03,2019-06-23,19,1.44,Barcelona,2019-07-10,False,True
25216053,Entire home/apt,430.0,True,11,31,42,127,100,2018-06-05,2018-06-21,5,4.34,Madrid,2018-07-10,False,True
25218268,Entire home/apt,1200.0,True,0,0,0,91,99,2018-06-18,2019-08-29,30,1.94,Girona,2019-09-30,False,True
25224962,Entire home/apt,2000.0,True,0,0,27,302,100,2018-08-09,2018-08-19,2,0.08,Mallorca,2020-08-28,False,True
25225942,Entire home/apt,600.0,True,6,36,66,341,100,2018-07-21,2018-07-21,1,3.04,Girona,2018-07-31,False,True
25229522,Entire home/apt,710.0,True,4,34,62,242,97,2018-05-27,2019-05-16,41,3.38,Valencia,2019-05-31,False,True
25230976,Entire home/apt,510.0,True,0,0,0,0,92,2018-05-27,2020-09-01,159,5.49,Valencia,2020-10-24,False,True
25232579,Private room,300.0,True,16,46,76,256,99,2018-07-16,2019-08-18,22,1.63,Girona,2019-08-31,False,True
25232910,Entire home/apt,460.0,True,3,30,60,88,94,2018-06-03,2018-09-07,10,3.04,Madrid,2018-09-11,False,True
25234088,Private room,190.0,True,0,0,0,0,98,2018-07-14,2018-12-10,9,0.31,Madrid,2020-12-17,False,True
25241388,Entire home/apt,2890.0,True,0,0,0,9,100,2018-06-28,2019-01-02,3,0.33,Menorca,2019-03-31,False,True
25241946,Private room,400.0,True,0,0,0,0,,,,0,,Barcelona,2018-09-11,False,
25244544,Entire home/apt,330.0,True,24,54,84,88,,,,0,,Girona,2019-05-29,False,
25249874,Entire home/apt,1240.0,True,4,20,31,306,80,2019-09-07,2019-09-07,1,0.12,Girona,2020-05-28,False,True
25252459,Entire home/apt,680.0,True,15,22,52,57,100,2018-06-01,2019-12-18,19,1.0,Valencia,2019-12-31,False,True
25272074,Private room,400.0,True,27,36,36,36,96,2018-06-02,2018-08-26,5,0.54,Barcelona,2019-03-08,False,True
25272547,Entire home/apt,950.0,True,23,39,69,159,,,,0,,Girona,2020-05-28,False,
25273892,Private room,350.0,True,0,0,0,74,100,2018-06-02,2018-06-02,1,0.05,Madrid,2020-03-17,False,True
25280928,Entire home/apt,670.0,True,1,1,1,172,93,2018-06-04,2020-02-01,44,1.54,Madrid,2020-10-17,False,True
25287991,Entire home/apt,1300.0,True,30,60,90,365,80,2018-08-12,2018-08-12,1,0.23,Girona,2018-12-22,False,True
25288343,Entire home/apt,1990.0,True,0,0,0,0,84,2018-07-22,2019-08-21,5,0.31,Girona,2019-11-30,False,True
25304839,Entire home/apt,980.0,True,12,38,56,244,90,2018-07-11,2019-09-12,22,1.45,Barcelona,2019-10-16,False,True
25305773,Entire home/apt,100.0,True,0,0,0,0,,,,0,,Mallorca,2019-02-17,False,
25309225,Shared room,370.0,True,27,57,87,362,100,2020-01-12,2020-01-21,3,0.41,Barcelona,2020-08-24,False,True
25309242,Private room,400.0,True,30,59,81,171,99,2018-06-24,2019-11-03,31,1.39,Menorca,2020-04-30,False,True
25313103,Entire home/apt,2360.0,True,26,56,86,229,,,,0,,Girona,2020-04-30,False,
25314093,Entire home/apt,2850.0,True,30,60,90,365,,,,0,,Mallorca,2019-08-31,False,
25333936,Entire home/apt,2430.0,True,29,59,89,364,,,,0,,Girona,2019-04-29,False,
25335962,Private room,600.0,True,0,0,0,6,100,2018-06-17,2018-10-08,5,0.51,Barcelona,2019-04-10,False,True
25338259,Entire home/apt,750.0,True,27,49,79,338,98,2018-06-03,2020-03-20,55,2.53,Valencia,2020-03-26,False,True
25342306,Entire home/apt,1330.0,True,18,48,78,353,96,2018-07-16,2020-01-01,5,0.24,Madrid,2020-04-17,False,True
25344252,Private room,140.0,True,29,29,29,298,,,,0,,Sevilla,2019-03-28,False,
25360593,Entire home/apt,1080.0,True,28,37,67,69,,,,0,,Girona,2019-06-30,False,
25362217,Entire home/apt,600.0,True,11,32,55,330,,,,0,,Malaga,2018-11-27,False,
25366780,Entire home/apt,700.0,True,30,60,90,322,91,2020-06-26,2020-10-12,9,1.25,Girona,2021-01-31,False,True
25368513,Shared room,150.0,True,20,46,51,326,91,2018-08-26,2019-01-20,15,2.1,Malaga,2019-03-31,False,True
25369411,Entire home/apt,600.0,True,30,46,76,351,98,2018-06-27,2019-08-22,25,1.14,Mallorca,2020-04-23,False,True
25370511,Entire home/apt,900.0,True,29,59,89,364,81,2018-06-10,2019-11-24,18,0.57,Sevilla,2021-01-31,False,True
25371389,Private room,200.0,True,3,3,3,3,82,2018-07-19,2019-07-28,9,0.7,Madrid,2019-08-12,False,True
25372941,Entire home/apt,900.0,True,6,36,56,331,98,2018-06-07,2018-09-12,9,2.19,Barcelona,2018-10-10,False,True
25374929,Entire home/apt,2910.0,True,0,0,0,177,,2019-03-31,2019-03-31,1,0.53,Mallorca,2019-05-27,False,
25386038,Entire home/apt,2780.0,True,13,22,22,67,,,,0,,Barcelona,2018-07-10,False,
25386833,Private room,170.0,True,29,59,89,364,95,2018-06-03,2019-12-12,24,0.94,Madrid,2020-07-17,False,True
25387196,Entire home/apt,920.0,True,2,26,56,268,93,2018-10-19,2020-03-20,25,0.93,Barcelona,2021-01-12,False,True
25387596,Private room,190.0,True,0,25,55,310,100,2018-10-16,2019-04-30,6,0.61,Madrid,2019-08-12,False,True
25389428,Entire home/apt,990.0,True,0,0,0,272,,,,0,,Girona,2018-08-30,False,
25389553,Private room,180.0,True,0,0,0,0,94,2018-06-10,2018-11-16,14,2.33,Madrid,2018-12-10,False,True
25389648,Private room,300.0,True,1,7,35,35,80,2018-07-05,2018-07-05,1,6.08,Barcelona,2018-07-10,False,True
25391623,Entire home/apt,600.0,True,26,56,86,338,90,2018-07-29,2018-09-30,4,0.59,Girona,2019-02-19,False,True
25398665,Private room,200.0,True,11,41,71,71,92,2018-08-08,2020-03-15,29,0.96,Barcelona,2021-02-09,False,True
25402379,Private room,320.0,True,0,0,0,0,,,,0,,Barcelona,2019-06-07,False,
25410151,Private room,160.0,True,12,41,71,71,89,2018-06-25,2019-01-28,35,4.71,Madrid,2019-02-06,False,True
25410568,Entire home/apt,1000.0,True,29,59,89,364,,2018-06-22,2019-06-25,2,0.08,Barcelona,2020-08-24,False,
25422170,Entire home/apt,590.0,True,3,18,25,94,96,2018-05-31,2019-03-31,11,1.06,Madrid,2019-04-11,False,True
25425500,Private room,180.0,True,30,60,90,365,70,2018-06-08,2018-08-16,2,0.18,Barcelona,2019-05-14,False,False
25435100,Private room,400.0,True,30,60,90,180,96,2018-07-12,2020-01-02,15,0.54,Barcelona,2020-11-06,False,True
25435426,Entire home/apt,450.0,True,24,54,84,351,80,2018-11-09,2019-11-15,4,0.32,Valencia,2019-11-30,False,True
25439989,Private room,400.0,True,23,53,83,358,90,2018-06-03,2018-08-12,4,1.22,Barcelona,2018-09-11,False,True
25445989,Private room,180.0,True,0,0,0,225,70,2018-06-24,2018-07-18,4,2.38,Madrid,2018-08-14,False,False
25452407,Entire home/apt,1020.0,True,26,56,86,86,,,,0,,Barcelona,2018-07-10,False,
25453975,Entire home/apt,1040.0,True,28,31,31,31,,,,0,,Mallorca,2019-11-28,False,
25457678,Private room,300.0,True,0,0,0,274,,2018-05-29,2018-05-29,1,0.13,Madrid,2019-01-14,False,
25466525,Entire home/apt,1500.0,True,16,33,50,262,97,2018-07-20,2019-03-24,34,4.07,Valencia,2019-03-31,False,True
25467449,Entire home/apt,2220.0,True,29,59,89,179,,,,0,,Girona,2019-02-19,False,
25468435,Entire home/apt,690.0,True,0,9,39,39,,,,0,,Valencia,2019-05-31,False,
25468472,Entire home/apt,680.0,True,3,26,56,87,,,,0,,Girona,2020-04-30,False,
25469197,Entire home/apt,850.0,True,1,18,32,191,93,2018-07-17,2019-06-23,22,1.87,Madrid,2019-07-10,False,True
25469355,Entire home/apt,720.0,True,5,28,55,77,99,2018-06-10,2019-12-03,67,3.72,Madrid,2019-12-10,False,True
25470605,Private room,500.0,True,5,13,30,192,97,2018-06-02,2020-02-10,124,6.04,Barcelona,2020-02-16,False,True
25471570,Private room,450.0,True,7,37,67,342,97,2018-06-03,2018-09-16,19,5.4,Mallorca,2018-09-18,False,True
25474892,Entire home/apt,520.0,True,2,28,58,154,90,2018-06-09,2019-04-30,21,1.53,Malaga,2019-07-30,False,True
25475935,Entire home/apt,580.0,True,9,11,35,131,95,2018-06-21,2019-07-11,11,0.83,Girona,2019-07-29,False,True
25502663,Entire home/apt,2350.0,True,22,31,38,141,,,,0,,Mallorca,2020-03-22,False,
25508901,Private room,250.0,True,0,0,18,108,98,2018-07-13,2020-03-09,55,2.16,Barcelona,2020-08-24,False,True
25513409,Private room,520.0,True,1,23,48,48,90,2018-06-06,2019-05-31,49,4.07,Barcelona,2019-06-07,False,True
25525637,Entire home/apt,500.0,True,4,4,4,4,94,2018-07-28,2019-08-11,44,3.52,Madrid,2019-08-12,False,True
25528643,Private room,700.0,True,0,0,0,0,100,2018-06-01,2018-07-08,3,0.7,Madrid,2018-10-10,False,True
25529495,Entire home/apt,540.0,True,18,33,48,83,,,,0,,Girona,2019-04-29,False,
25529608,Entire home/apt,450.0,True,26,26,26,26,,,,0,,Girona,2018-09-28,False,
25531738,Private room,800.0,True,17,47,77,92,,,,0,,Barcelona,2018-12-10,False,
25532907,Entire home/apt,400.0,True,24,38,45,45,100,2018-10-21,2019-09-21,5,0.29,Girona,2020-03-26,False,True
25533254,Private room,240.0,True,2,14,44,44,100,2018-06-17,2019-11-05,25,1.28,Valencia,2020-01-31,False,True
25535365,Entire home/apt,580.0,True,0,0,0,11,80,2018-07-07,2018-08-18,3,1.69,Girona,2018-08-30,False,True
25537212,Private room,970.0,True,30,60,90,90,70,2018-07-24,2018-08-28,4,1.02,Mallorca,2018-11-20,False,False
25539375,Private room,290.0,True,0,0,0,0,100,2018-06-30,2018-10-13,4,0.61,Madrid,2019-01-14,False,True
25541322,Entire home/apt,400.0,True,30,60,90,365,,,,0,,Barcelona,2020-02-16,False,
25543867,Entire home/apt,800.0,True,10,40,68,343,100,2018-06-18,2018-06-18,1,1.38,Madrid,2018-07-10,False,True
25559303,Private room,500.0,True,30,60,90,180,100,2019-12-29,2019-12-29,1,0.38,Madrid,2020-03-17,False,True
25562468,Entire home/apt,,True,29,41,49,317,,,,0,,Mallorca,2020-05-28,True,
25565957,Entire home/apt,2110.0,True,0,0,0,128,,,,0,,Mallorca,2018-07-29,False,
25569883,Entire home/apt,4630.0,True,28,53,53,149,,,,0,,Mallorca,2018-08-21,False,
25575730,Entire home/apt,1220.0,True,13,13,13,214,,,,0,,Mallorca,2018-10-17,False,
25604805,Entire home/apt,1000.0,True,0,0,0,0,100,2018-09-23,2018-10-14,2,0.68,Girona,2018-12-22,False,True
25610120,Entire home/apt,790.0,True,8,9,9,146,99,2018-06-24,2019-03-19,16,1.56,Valencia,2019-05-01,False,True
25616661,Private room,290.0,True,0,0,0,0,,,,0,,Madrid,2019-09-19,False,
25617731,Entire home/apt,1000.0,True,22,52,75,75,80,2018-06-13,2018-07-01,5,5.63,Barcelona,2018-07-10,False,True
25619817,Entire home/apt,1000.0,True,30,60,90,365,,2019-01-17,2019-01-17,1,0.04,Girona,2020-11-28,False,
25636074,Entire home/apt,390.0,True,0,10,40,40,,,,0,,Barcelona,2020-01-10,False,
25647978,Entire home/apt,1600.0,True,0,0,0,229,97,2018-07-15,2019-08-17,7,0.4,Menorca,2019-12-31,False,True
25656652,Entire home/apt,2000.0,True,1,1,1,1,94,2018-08-21,2019-09-25,7,0.31,Girona,2020-06-29,False,True
25659452,Private room,890.0,True,30,60,90,169,87,2018-06-17,2020-02-28,54,2.57,Barcelona,2020-03-16,False,True
25668152,Entire home/apt,1750.0,True,0,0,0,0,95,2018-08-24,2019-06-09,11,0.66,Barcelona,2020-01-10,False,True
25705741,Entire home/apt,1220.0,True,19,39,61,310,80,2018-08-18,2018-08-18,1,0.12,Malaga,2019-05-01,False,True
25711907,Private room,400.0,True,5,5,29,145,100,2018-08-23,2019-10-09,3,0.22,Barcelona,2019-10-16,False,True
25714805,Hotel room,990.0,True,13,13,13,13,94,2018-08-10,2020-03-08,20,0.88,Malaga,2020-06-30,False,True
25716251,Private room,1190.0,True,30,60,90,365,,,,0,,Mallorca,2020-04-23,False,
25716690,Entire home/apt,590.0,True,12,36,65,155,100,2018-09-25,2018-09-25,1,2.03,Madrid,2018-10-10,False,True
25723928,Entire home/apt,1000.0,True,29,49,61,330,84,2018-07-24,2020-01-20,9,0.4,Valencia,2020-05-31,False,True
25732701,Entire home/apt,3180.0,True,30,60,90,90,95,2018-08-10,2018-09-22,4,0.71,Mallorca,2019-01-28,False,True
25734841,Private room,130.0,True,0,0,0,0,90,2018-12-18,2019-03-15,2,0.08,Madrid,2020-12-17,False,True
25761424,Private room,500.0,True,30,60,90,90,,,,0,,Barcelona,2018-07-10,False,
25761607,Entire home/apt,660.0,True,22,52,82,357,90,2019-01-10,2019-09-15,2,0.15,Madrid,2020-02-18,False,True
25761885,Entire home/apt,900.0,True,30,57,86,162,82,2018-06-13,2020-03-01,42,1.89,Madrid,2020-04-17,False,True
25768915,Entire home/apt,600.0,True,13,39,69,96,94,2018-06-25,2018-09-04,7,2.73,Madrid,2018-09-11,False,True
25769801,Entire home/apt,550.0,True,20,44,73,340,96,2018-06-20,2019-09-29,65,4.23,Valencia,2019-09-30,False,True
25775053,Private room,500.0,True,21,51,81,81,100,2018-06-17,2018-06-17,1,1.32,Barcelona,2018-07-10,False,True
25778931,Private room,1000.0,True,24,54,84,359,,,,0,,Barcelona,2018-06-09,False,
25793701,Private room,280.0,True,30,60,90,180,97,2019-03-18,2020-11-12,42,1.99,Mallorca,2020-12-19,False,True
25795620,Entire home/apt,1000.0,True,0,0,0,174,96,2018-07-08,2019-09-20,16,0.9,Malaga,2019-12-31,False,True
25797801,Private room,110.0,True,15,37,56,220,60,2018-06-27,2018-07-12,2,0.08,Madrid,2020-06-13,False,False
25803053,Private room,180.0,True,2,10,38,310,94,2018-06-09,2018-08-24,28,10.77,Sevilla,2018-08-27,False,True
25808403,Private room,600.0,True,26,49,49,49,,2018-06-07,2018-06-07,1,15.2,Barcelona,2018-06-09,False,
25822876,Entire home/apt,1700.0,True,20,37,67,338,95,2018-06-16,2018-11-25,19,3.26,Barcelona,2018-12-10,False,True
25823209,Private room,190.0,True,22,52,82,172,88,2018-06-15,2019-06-21,28,1.39,Barcelona,2020-02-16,False,True
25823539,Entire home/apt,2060.0,True,30,56,86,340,100,2018-08-07,2018-10-27,2,0.58,Mallorca,2018-11-20,False,True
25823763,Entire home/apt,800.0,True,0,0,0,0,93,2018-07-19,2019-07-17,12,0.76,Madrid,2019-11-09,False,True
25825184,Entire home/apt,850.0,True,0,0,2,125,96,2018-06-23,2020-01-31,15,0.71,Valencia,2020-03-26,False,True
25827557,Private room,550.0,True,30,60,90,90,84,2018-08-10,2019-09-30,11,0.54,Mallorca,2020-04-23,False,True
25830432,Private room,240.0,True,1,1,14,289,,,,0,,Barcelona,2019-08-12,False,
25833586,Entire home/apt,400.0,True,28,58,88,212,60,2018-08-26,2018-08-26,1,0.89,Malaga,2018-09-29,False,False
25841900,Private room,550.0,True,7,37,67,237,86,2018-06-17,2019-10-15,37,1.81,Mallorca,2020-02-29,False,True
25852240,Entire home/apt,4260.0,True,29,59,89,364,,,,0,,Mallorca,2019-11-28,False,
25853337,Private room,290.0,True,0,0,0,0,96,2018-06-10,2018-11-04,10,0.77,Madrid,2019-07-10,False,True
25853542,Entire home/apt,460.0,True,9,25,25,33,96,2018-06-18,2018-09-07,5,1.79,Madrid,2018-09-11,False,True
25860875,Entire home/apt,850.0,True,9,26,40,57,100,2018-06-23,2018-09-25,10,3.13,Girona,2018-09-28,False,True
25864590,Entire home/apt,2000.0,True,27,57,87,362,100,2018-08-27,2018-08-27,1,0.95,Girona,2018-09-28,False,True
25866242,Entire home/apt,4660.0,True,10,40,60,65,,,,0,,Mallorca,2018-07-29,False,
25872071,Entire home/apt,1000.0,True,3,4,12,87,,,,0,,Barcelona,2018-07-10,False,
25872708,Private room,250.0,True,0,0,0,0,100,2018-06-30,2018-07-18,2,0.14,Madrid,2019-09-19,False,True
25875127,Entire home/apt,3420.0,True,16,16,16,274,,,,0,,Girona,2019-05-29,False,
25876177,Entire home/apt,1000.0,True,16,46,72,340,93,2018-06-21,2018-10-22,15,3.28,Barcelona,2018-11-07,False,True
25880882,Private room,150.0,True,7,37,67,67,94,2018-07-08,2021-01-11,19,0.62,Valencia,2021-01-19,False,True
25881568,Entire home/apt,550.0,True,3,10,33,54,93,2018-06-17,2019-04-29,39,3.58,Madrid,2019-05-14,False,True
25886998,Entire home/apt,800.0,True,22,52,82,82,98,2018-07-11,2019-07-17,11,0.54,Girona,2020-03-26,False,True
25891941,Private room,600.0,True,28,58,88,88,,,,0,,Barcelona,2020-04-16,False,
25892061,Private room,280.0,True,0,0,0,0,99,2018-06-19,2020-03-02,72,2.27,Barcelona,2021-02-09,False,True
25897554,Entire home/apt,1700.0,True,25,55,85,360,100,2018-08-30,2018-08-30,1,1.6,Mallorca,2018-09-18,False,True
25900726,Entire home/apt,720.0,True,0,0,0,0,97,2018-06-20,2020-02-13,19,0.62,Madrid,2021-01-12,False,True
25909165,Private room,350.0,True,20,50,80,355,84,2019-06-23,2020-01-05,18,1.84,Barcelona,2020-04-16,False,True
25915998,Private room,450.0,True,8,30,60,60,90,2018-07-08,2018-08-27,6,2.81,Madrid,2018-09-11,False,True
25927780,Entire home/apt,580.0,True,17,19,19,20,80,2019-06-17,2019-06-17,1,0.29,Girona,2019-09-30,False,True
25929692,Entire home/apt,1300.0,True,9,39,55,55,80,2018-10-06,2019-05-06,2,0.17,Girona,2019-09-30,False,True
25929940,Entire home/apt,950.0,True,11,33,55,108,100,2018-07-22,2018-08-29,2,0.24,Valencia,2019-03-31,False,True
25934177,Private room,320.0,True,14,44,74,349,75,2018-08-19,2019-06-09,8,0.71,Girona,2019-07-29,False,False
25939951,Entire home/apt,1400.0,True,30,60,90,365,90,2018-09-02,2019-07-28,2,0.11,Girona,2020-03-26,False,True
25956365,Entire home/apt,3840.0,True,0,1,1,187,100,2019-07-03,2019-07-03,1,0.21,Mallorca,2019-11-28,False,True
25958669,Entire home/apt,1000.0,True,0,0,0,208,80,2018-09-23,2019-06-19,4,0.26,Mallorca,2019-12-31,False,True
25959928,Entire home/apt,2890.0,True,0,0,0,0,97,2018-09-20,2020-12-03,50,1.85,Mallorca,2020-12-19,False,True
25966258,Entire home/apt,900.0,True,30,60,90,180,93,2018-06-25,2020-01-19,51,2.34,Madrid,2020-04-17,False,True
25971808,Entire home/apt,850.0,True,16,20,20,198,,,,0,,Girona,2019-07-29,False,
25987994,Entire home/apt,600.0,True,6,17,17,17,78,2018-06-24,2019-07-14,41,2.48,Madrid,2019-11-09,False,False
25988063,Private room,350.0,True,0,0,0,0,84,2018-06-15,2019-01-03,39,3.97,Barcelona,2019-04-10,False,True
25992288,Entire home/apt,500.0,True,0,0,0,0,,,,0,,Girona,2018-08-30,False,
25996203,Private room,270.0,True,0,0,0,0,100,2018-07-06,2018-07-06,1,0.45,Barcelona,2018-09-11,False,True
25997139,Private room,350.0,True,0,0,17,96,100,2018-07-23,2019-09-29,4,0.2,Barcelona,2020-03-16,False,True
26002097,Entire home/apt,550.0,True,6,26,56,128,97,2018-06-19,2019-08-02,64,4.64,Madrid,2019-08-12,False,True
26007283,Entire home/apt,1350.0,True,14,14,14,100,100,2018-07-02,2018-10-17,11,2.61,Barcelona,2018-11-07,False,True
26009304,Entire home/apt,650.0,True,0,0,0,0,89,2018-07-10,2019-11-17,9,0.37,Madrid,2020-07-17,False,True
26021884,Entire home/apt,1200.0,True,0,11,11,11,93,2019-11-01,2020-01-12,3,0.25,Barcelona,2020-11-06,False,True
26024567,Hotel room,500.0,True,17,47,77,345,93,2018-11-18,2019-09-10,36,3.61,Barcelona,2019-09-17,False,True
26025131,Private room,690.0,True,0,0,0,0,96,2018-06-24,2019-07-21,27,0.89,Sevilla,2020-12-31,False,True
26030842,Private room,600.0,True,7,24,54,326,95,2018-07-03,2018-12-01,20,3.8,Barcelona,2018-12-10,False,True
26050062,Entire home/apt,470.0,True,0,0,0,0,88,2018-07-23,2020-07-06,8,0.32,Valencia,2020-08-30,False,True
26054796,Entire home/apt,2850.0,True,28,58,88,88,,,,0,,Girona,2018-12-22,False,
26055728,Entire home/apt,2350.0,True,0,0,17,156,,,,0,,Mallorca,2019-01-28,False,
26058907,Private room,500.0,True,0,0,0,0,96,2018-06-19,2018-09-17,16,0.76,Barcelona,2020-03-16,False,True
26059282,Private room,400.0,True,17,47,77,352,96,2018-08-12,2019-06-28,5,0.44,Mallorca,2019-07-25,False,True
26060053,Private room,350.0,True,24,50,80,355,89,2018-06-24,2019-11-03,74,4.47,Madrid,2019-11-09,False,True
26073262,Private room,450.0,True,29,59,69,69,97,2018-08-10,2020-02-23,28,1.07,Barcelona,2020-10-12,False,True
26073267,Entire home/apt,2750.0,True,0,0,28,119,100,2018-07-31,2019-07-01,5,0.44,Madrid,2019-07-10,False,True
26077552,Private room,100.0,True,29,59,89,364,,,,0,,Madrid,2020-10-17,False,
26079747,Entire home/apt,540.0,True,0,16,46,313,,,,0,,Barcelona,2019-03-08,False,
26081631,Entire home/apt,1500.0,True,29,41,56,331,98,2018-07-25,2019-10-21,18,0.81,Mallorca,2020-05-28,False,True
26094258,Entire home/apt,800.0,True,20,50,80,350,87,2018-06-30,2020-01-02,36,1.5,Valencia,2020-06-30,False,True
26115033,Entire home/apt,570.0,True,0,0,0,242,95,2019-06-30,2020-09-13,5,0.28,Girona,2020-12-31,False,True
26115219,Entire home/apt,790.0,True,30,60,90,365,50,2019-04-20,2020-09-13,3,0.15,Girona,2020-12-31,False,False
26118019,Entire home/apt,3000.0,True,30,60,90,365,100,2018-09-28,2019-01-04,2,0.17,Madrid,2019-09-19,False,True
26118283,Entire home/apt,500.0,True,0,0,0,0,,2018-12-26,2018-12-26,1,0.1,Girona,2019-10-30,False,
26123945,Entire home/apt,750.0,True,0,0,0,32,87,2018-08-08,2019-06-24,4,0.14,Valencia,2021-01-19,False,True
26125080,Private room,4500.0,True,29,59,89,364,20,2018-08-05,2018-08-05,1,0.42,Mallorca,2018-10-17,False,False
26127343,Private room,490.0,True,19,42,72,347,100,2018-06-25,2019-08-04,12,0.45,Mallorca,2020-09-19,False,True
26127795,Entire home/apt,900.0,True,23,53,83,321,,,,0,,Girona,2019-03-30,False,
26133785,Private room,1000.0,True,0,0,0,0,,,,0,,Barcelona,2019-07-10,False,
26145363,Entire home/apt,1900.0,True,18,44,74,349,,,,0,,Madrid,2018-08-14,False,
26146331,Entire home/apt,3480.0,True,30,60,90,365,,,,0,,Mallorca,2021-01-16,False,
26146335,Entire home/apt,1710.0,True,30,60,90,365,,,,0,,Mallorca,2019-01-28,False,
26147196,Entire home/apt,810.0,True,30,40,40,83,,,,0,,Girona,2019-11-30,False,
26149153,Entire home/apt,2300.0,True,4,34,64,110,,,,0,,Girona,2019-07-29,False,
26155526,Private room,390.0,True,0,0,16,291,,,,0,,Sevilla,2019-03-28,False,
26155664,Entire home/apt,500.0,True,11,22,36,290,80,2019-01-19,2019-07-30,3,0.29,Valencia,2019-11-30,False,True
26160087,Entire home/apt,670.0,True,30,60,90,365,,,,0,,Girona,2020-04-30,False,
26160173,Entire home/apt,1590.0,True,30,60,90,365,,,,0,,Girona,2020-01-31,False,
26160980,Private room,270.0,True,5,29,58,58,98,2018-07-04,2019-09-24,48,3.22,Valencia,2019-09-30,False,True
26162436,Entire home/apt,,True,16,33,54,227,75,2018-07-24,2018-10-15,4,0.47,Madrid,2019-04-11,True,False
26163484,Entire home/apt,490.0,True,0,0,0,0,94,2018-06-27,2019-05-29,96,3.89,Madrid,2020-07-17,False,True
26172596,Entire home/apt,1900.0,True,0,0,3,239,,,,0,,Mallorca,2018-12-18,False,
26180556,Entire home/apt,1400.0,True,30,58,86,176,97,2018-09-30,2019-07-06,30,3.02,Sevilla,2019-07-29,False,True
26193654,Private room,200.0,True,18,31,61,336,,,,0,,Madrid,2018-08-14,False,
26207763,Entire home/apt,1100.0,True,0,0,16,265,100,2018-07-01,2020-09-07,39,1.22,Girona,2021-02-27,False,True
26209412,Entire home/apt,1170.0,True,0,18,40,163,,,,0,,Girona,2019-02-19,False,
26210147,Entire home/apt,1010.0,True,5,15,38,255,,,,0,,Mallorca,2018-07-29,False,
26212612,Entire home/apt,2400.0,True,30,60,90,356,81,2018-10-26,2020-02-10,14,0.59,Barcelona,2020-10-12,False,True
26212637,Entire home/apt,2840.0,True,26,51,51,51,88,2018-07-23,2018-10-21,5,1.42,Barcelona,2018-11-07,False,True
26213529,Entire home/apt,1210.0,True,25,33,63,331,95,2018-07-24,2019-05-12,4,0.32,Madrid,2019-08-12,False,True
26216092,Entire home/apt,800.0,True,24,44,74,349,,,,0,,Madrid,2018-07-10,False,
26218443,Hotel room,,True,30,60,90,365,,,,0,,Madrid,2020-06-13,True,
26220384,Entire home/apt,2060.0,True,7,11,41,245,,,,0,,Mallorca,2019-08-31,False,
26224658,Entire home/apt,570.0,True,30,60,90,136,92,2018-07-06,2021-01-10,134,4.42,Madrid,2021-01-12,False,True
26238907,Private room,400.0,True,0,0,0,0,97,2018-09-16,2018-10-28,7,0.4,Sevilla,2020-02-29,False,True
26243253,Entire home/apt,1000.0,True,11,30,44,44,,,,0,,Girona,2018-07-31,False,
26243764,Entire home/apt,850.0,True,29,59,89,364,,,,0,,Valencia,2020-12-21,False,
26247694,Entire home/apt,3170.0,True,0,0,0,118,,,,0,,Mallorca,2018-12-18,False,
26249086,Entire home/apt,400.0,True,15,45,67,342,100,2018-11-10,2018-11-10,1,0.72,Malaga,2018-12-22,False,True
26253080,Entire home/apt,600.0,True,2,2,23,102,98,2018-10-02,2020-03-20,13,0.62,Valencia,2020-06-30,False,True
26253970,Private room,1090.0,True,13,26,43,148,90,2018-09-10,2020-01-26,45,2.61,Barcelona,2020-02-16,False,True
26264931,Private room,890.0,True,30,56,86,176,91,2018-07-08,2020-03-06,127,5.96,Barcelona,2020-04-16,False,True
26274545,Entire home/apt,420.0,True,8,31,48,112,91,2018-07-15,2019-03-18,11,1.29,Valencia,2019-03-31,False,True
26275618,Entire home/apt,1220.0,True,0,0,0,31,93,2018-10-30,2020-02-07,8,0.37,Madrid,2020-08-25,False,True
26282483,Entire home/apt,1600.0,True,0,0,0,261,,,,0,,Girona,2018-10-20,False,
26303108,Entire home/apt,650.0,True,25,55,85,360,80,2018-07-09,2018-07-09,1,30.4,Madrid,2018-07-10,False,True
26313903,Entire home/apt,400.0,True,25,55,85,360,,,,0,,Barcelona,2019-04-10,False,
26315312,Entire home/apt,1890.0,True,13,25,47,209,97,2018-07-09,2019-03-10,33,3.87,Mallorca,2019-03-25,False,True
26316367,Entire home/apt,2770.0,True,0,0,9,154,,,,0,,Menorca,2021-01-31,False,
26317155,Entire home/apt,3260.0,True,0,0,0,138,,,,0,,Mallorca,2018-10-17,False,
26317219,Entire home/apt,3220.0,True,0,0,3,110,,,,0,,Mallorca,2018-07-29,False,
26318112,Entire home/apt,2180.0,True,0,0,0,146,,,,0,,Menorca,2018-12-22,False,
26318196,Entire home/apt,3540.0,True,20,34,45,124,,,,0,,Mallorca,2020-05-28,False,
26318807,Entire home/apt,2030.0,True,0,0,14,66,,,,0,,Menorca,2019-02-24,False,
26320505,Private room,,True,14,33,55,324,,,,0,,Barcelona,2019-08-12,True,
26320782,Entire home/apt,1810.0,True,0,5,35,130,,,,0,,Girona,2019-06-30,False,
26321760,Entire home/apt,700.0,True,0,3,3,218,100,2019-05-06,2019-07-11,2,0.34,Girona,2019-10-30,False,True
26322985,Entire home/apt,1710.0,True,30,57,85,154,98,2018-07-09,2020-03-01,66,2.58,Madrid,2020-08-25,False,True
26331426,Entire home/apt,750.0,True,18,48,78,78,95,2018-07-09,2018-10-30,20,5.02,Madrid,2018-11-07,False,True
26332441,Entire home/apt,1900.0,True,2,2,23,256,100,2018-08-05,2018-10-01,6,2.4,Girona,2018-10-20,False,True
26333049,Entire home/apt,740.0,True,29,59,89,92,95,2018-07-21,2020-01-05,34,1.46,Valencia,2020-06-30,False,True
26333744,Entire home/apt,700.0,True,0,0,16,16,94,2018-07-19,2020-02-27,37,1.58,Girona,2020-06-29,False,True
26333840,Private room,230.0,True,30,60,90,365,,,,0,,Barcelona,2018-08-14,False,
26342152,Entire home/apt,1200.0,True,15,45,73,310,100,2018-07-09,2019-06-03,30,2.49,Madrid,2019-07-10,False,True
26358319,Private room,360.0,True,16,32,53,296,,,,0,,Valencia,2019-03-31,False,
26358753,Private room,900.0,True,21,51,78,317,96,2018-08-03,2018-11-09,20,4.71,Barcelona,2018-12-10,False,True
26360246,Entire home/apt,750.0,True,6,17,43,105,96,2018-07-01,2019-08-16,43,3.06,Valencia,2019-09-01,False,True
26366403,Private room,210.0,True,0,0,0,0,95,2018-10-24,2020-03-07,64,2.9,Barcelona,2020-08-24,False,True
26375236,Private room,360.0,True,26,28,28,28,100,2018-07-15,2018-07-15,1,1.9,Sevilla,2018-07-31,False,True
26375868,Entire home/apt,2400.0,True,8,18,33,296,97,2018-07-29,2019-10-01,61,4.18,Barcelona,2019-10-16,False,True
26381253,Entire home/apt,3410.0,True,21,51,81,320,93,2019-04-08,2019-09-12,9,0.52,Mallorca,2020-09-19,False,True
26382667,Entire home/apt,750.0,True,2,2,29,304,80,2019-01-05,2019-01-05,1,0.36,Girona,2019-03-30,False,True
26382853,Entire home/apt,1860.0,True,14,17,39,158,,,,0,,Mallorca,2018-08-21,False,
26385625,Entire home/apt,600.0,True,30,60,90,365,80,2018-09-12,2019-07-19,3,0.16,Mallorca,2020-03-22,False,True
26385875,Entire home/apt,470.0,True,0,5,35,243,,,,0,,Girona,2018-12-22,False,
26388001,Private room,1200.0,True,30,60,90,90,100,2018-07-09,2019-06-06,5,0.22,Valencia,2020-05-31,False,True
26388528,Entire home/apt,1440.0,True,26,56,86,361,91,2019-01-02,2020-02-09,7,0.38,Madrid,2020-07-17,False,True
26388772,Private room,290.0,True,0,7,37,127,94,2018-08-15,2018-11-28,7,1.04,Barcelona,2019-03-08,False,True
26407707,Entire home/apt,1400.0,True,30,60,90,91,,,,0,,Girona,2019-08-31,False,
26408709,Entire home/apt,780.0,True,29,59,89,364,,,,0,,Girona,2018-09-28,False,
26412460,Entire home/apt,1100.0,True,1,6,12,197,,,,0,,Mallorca,2018-07-29,False,
26413808,Entire home/apt,1000.0,True,0,0,0,0,100,2018-08-23,2018-08-23,1,0.07,Girona,2019-10-30,False,True
26414817,Entire home/apt,1220.0,True,26,53,83,358,96,2018-08-13,2019-09-27,35,2.58,Girona,2019-09-30,False,True
26415270,Entire home/apt,3670.0,True,7,14,14,69,,,,0,,Mallorca,2019-04-24,False,
26421778,Private room,230.0,True,1,20,50,51,92,2018-07-08,2020-03-11,77,3.24,Valencia,2020-06-30,False,True
26422873,Entire home/apt,480.0,True,28,58,88,363,,,,0,,Girona,2020-02-29,False,
26423753,Private room,280.0,True,0,0,0,0,87,2018-07-08,2018-09-16,3,0.1,Madrid,2020-12-17,False,True
26424500,Private room,320.0,True,0,0,0,0,60,2018-07-02,2018-09-14,2,0.07,Barcelona,2021-01-12,False,False
26436645,Entire home/apt,650.0,True,0,0,0,0,89,2018-07-13,2019-04-28,36,3.02,Madrid,2019-07-10,False,True
26439260,Private room,170.0,True,0,0,0,0,100,2018-08-09,2018-08-09,1,0.92,Madrid,2018-09-11,False,True
26440549,Entire home/apt,1580.0,True,5,8,30,275,,,,0,,Mallorca,2019-08-31,False,
26442547,Entire home/apt,1180.0,True,12,25,55,105,99,2018-07-08,2018-10-24,14,3.49,Madrid,2018-11-07,False,True
26473798,Private room,500.0,True,0,12,42,132,,,,0,,Madrid,2018-08-14,False,
26481079,Entire home/apt,1490.0,True,0,0,0,0,90,2018-08-25,2019-08-24,2,0.11,Girona,2020-02-29,False,True
26483421,Private room,700.0,True,30,60,90,365,,,,0,,Malaga,2021-01-31,False,
26490596,Entire home/apt,600.0,True,0,8,8,8,,,,0,,Madrid,2018-08-14,False,
26494321,Entire home/apt,2500.0,True,12,27,57,332,,,,0,,Girona,2018-07-31,False,
26495318,Entire home/apt,2000.0,True,0,0,0,0,,,,0,,Madrid,2021-01-12,False,
26498632,Private room,200.0,True,12,42,72,72,100,2018-07-23,2018-09-21,4,1.54,Barcelona,2018-10-10,False,True
26500221,Private room,150.0,True,0,0,0,0,100,2018-07-14,2018-10-14,6,0.51,Madrid,2019-07-10,False,True
26510091,Entire home/apt,650.0,True,29,59,89,364,87,2019-07-30,2019-08-26,3,0.74,Menorca,2019-11-30,False,True
26511583,Hotel room,,True,0,0,0,183,100,2018-11-15,2018-11-15,1,0.04,Mallorca,2020-10-21,True,True
26516873,Private room,550.0,True,29,59,89,364,84,2018-09-10,2019-09-07,11,0.47,Barcelona,2020-08-24,False,True
26518996,Entire home/apt,450.0,True,14,40,64,154,74,2018-07-17,2018-11-18,14,2.92,Madrid,2018-12-10,False,False
26527760,Entire home/apt,600.0,True,0,0,0,0,89,2018-07-15,2019-09-30,16,0.55,Valencia,2020-12-21,False,True
26546841,Private room,310.0,True,30,60,90,365,,,,0,,Barcelona,2020-07-17,False,
26547072,Entire home/apt,1070.0,True,29,59,89,179,,,,0,,Girona,2019-09-30,False,
26547472,Private room,400.0,True,19,46,66,156,,,,0,,Malaga,2020-02-29,False,
26548116,Private room,400.0,True,22,52,82,331,,,,0,,Valencia,2019-02-28,False,
26549176,Entire home/apt,850.0,True,0,14,14,14,100,2019-03-04,2019-03-04,1,7.6,Madrid,2019-03-08,False,True
26556936,Private room,1100.0,True,30,60,89,361,80,2019-09-13,2019-09-13,1,0.18,Girona,2020-02-29,False,True
26558058,Entire home/apt,510.0,True,22,22,22,23,100,2018-07-08,2019-01-27,5,0.63,Madrid,2019-03-08,False,True
26560186,Entire home/apt,610.0,True,16,46,76,211,80,2018-07-12,2020-03-08,36,1.41,Madrid,2020-08-25,False,True
26560430,Private room,500.0,True,13,39,69,69,96,2018-07-15,2019-10-12,57,3.78,Madrid,2019-10-16,False,True
26567333,Entire home/apt,1300.0,True,30,54,66,242,100,2018-07-05,2018-09-25,2,0.2,Girona,2019-04-29,False,True
26567697,Private room,490.0,True,10,15,17,17,100,2018-07-16,2018-08-22,2,1.07,Madrid,2018-09-11,False,True
26578841,Entire home/apt,2500.0,True,22,47,69,224,93,2018-08-24,2019-07-30,3,0.14,Mallorca,2020-06-25,False,True
26579896,Private room,320.0,True,22,50,78,161,80,2018-07-28,2018-09-08,3,2.03,Madrid,2018-09-11,False,True
26583404,Entire home/apt,1400.0,True,0,0,13,288,90,2018-09-01,2018-11-03,2,0.2,Girona,2019-06-30,False,True
26584020,Entire home/apt,1000.0,True,2,2,2,2,,,,0,,Mallorca,2018-10-17,False,
26584440,Entire home/apt,800.0,True,15,42,66,338,,,,0,,Barcelona,2018-07-10,False,
26587444,Entire home/apt,610.0,True,30,60,90,143,,,,0,,Menorca,2019-02-24,False,
26593251,Entire home/apt,650.0,True,0,0,0,0,90,2018-07-08,2019-10-11,12,0.41,Madrid,2020-12-17,False,True
26593307,Entire home/apt,1300.0,True,18,48,78,129,90,2018-07-30,2018-09-06,2,0.25,Girona,2019-03-30,False,True
26593574,Private room,650.0,True,0,0,0,0,80,2018-07-12,2018-08-04,4,3.68,Barcelona,2018-08-14,False,True
26596322,Private room,420.0,True,27,50,50,240,,,,0,,Madrid,2018-07-10,False,
26598601,Entire home/apt,950.0,True,30,60,90,365,94,2018-07-15,2019-12-08,22,0.71,Mallorca,2021-02-11,False,True
26601188,Private room,340.0,True,24,54,84,359,93,2018-08-09,2018-10-03,3,1.47,Barcelona,2018-10-10,False,True
26612038,Private room,240.0,True,0,0,0,213,90,2018-07-30,2018-08-16,2,0.33,Malaga,2019-01-30,False,True
26614633,Entire home/apt,490.0,True,20,47,77,298,87,2018-08-26,2018-10-16,3,1.52,Malaga,2018-10-25,False,True
26616483,Entire home/apt,600.0,True,5,5,5,33,100,2019-02-23,2019-09-16,4,0.56,Sevilla,2019-09-30,False,True
26620739,Entire home/apt,790.0,True,11,23,27,92,98,2018-07-15,2019-04-17,41,4.3,Valencia,2019-05-01,False,True
26622821,Entire home/apt,820.0,True,30,52,82,315,85,2018-11-16,2020-03-08,8,0.45,Madrid,2020-05-14,False,True
26623248,Private room,200.0,True,0,0,0,0,91,2018-07-14,2020-01-02,74,3.78,Valencia,2020-02-29,False,True
26628356,Entire home/apt,1570.0,True,14,32,38,96,100,2019-07-23,2019-07-23,1,0.13,Mallorca,2020-03-22,False,True
26638091,Private room,580.0,True,10,27,44,269,100,2018-07-14,2019-12-08,7,0.36,Madrid,2020-02-18,False,True
26651496,Entire home/apt,1000.0,True,15,45,75,316,95,2018-08-04,2018-11-19,4,0.89,Mallorca,2018-12-18,False,True
26655134,Entire home/apt,3640.0,True,0,0,0,0,,,,0,,Mallorca,2018-12-18,False,
26655794,Private room,80.0,True,0,0,0,0,98,2018-07-29,2020-07-04,35,1.18,Barcelona,2021-01-12,False,True
26656777,Entire home/apt,370.0,True,29,59,89,357,98,2018-07-25,2019-10-08,24,1.39,Mallorca,2019-12-31,False,True
26661851,Private room,250.0,True,0,0,0,0,100,2019-01-05,2019-05-25,2,0.4,Barcelona,2019-06-07,False,True
26662713,Private room,180.0,True,8,38,54,145,,2018-07-10,2018-07-10,1,inf,Madrid,2018-07-10,False,
26666106,Private room,200.0,True,0,0,7,57,83,2018-07-17,2018-08-19,6,0.68,Madrid,2019-04-11,False,True
26672190,Private room,200.0,True,0,0,0,0,93,2018-07-17,2019-08-29,17,0.74,Madrid,2020-06-13,False,True
26675466,Private room,1000.0,True,30,41,71,346,93,2018-09-21,2019-06-24,9,0.94,Barcelona,2019-07-10,False,True
26675652,Private room,550.0,True,17,47,77,77,95,2018-07-15,2020-01-02,69,3.27,Madrid,2020-04-17,False,True
26683278,Entire home/apt,2500.0,True,9,22,42,133,93,2018-07-15,2018-08-12,6,4.93,Mallorca,2018-08-21,False,True
26702873,Entire home/apt,500.0,True,0,0,0,0,73,2018-07-14,2018-07-28,3,0.11,Madrid,2020-11-06,False,False
26706681,Entire home/apt,1100.0,True,0,9,31,171,100,2018-07-29,2019-11-03,14,0.77,Girona,2020-01-31,False,True
26709242,Entire home/apt,750.0,True,0,0,0,0,100,2018-08-30,2018-08-30,1,0.22,Madrid,2019-01-14,False,True
26710336,Entire home/apt,2500.0,True,27,57,87,300,96,2018-09-15,2019-08-31,6,0.39,Girona,2019-12-31,False,True
26711006,Private room,800.0,True,30,60,90,365,100,2018-08-01,2018-08-26,2,0.23,Mallorca,2019-04-24,False,True
26729906,Entire home/apt,1100.0,True,10,30,51,298,100,2018-08-15,2018-08-15,1,0.43,Malaga,2018-10-25,False,True
26732787,Entire home/apt,1000.0,True,13,43,73,130,76,2018-07-27,2019-01-06,15,2.67,Barcelona,2019-01-14,False,False
26736941,Entire home/apt,1900.0,True,24,54,84,149,100,2018-07-12,2019-07-24,10,0.64,Girona,2019-10-30,False,True
26740338,Entire home/apt,1100.0,True,12,42,72,158,92,2018-07-21,2019-03-23,45,5.41,Malaga,2019-03-31,False,True
26750759,Private room,600.0,True,0,0,0,0,100,2018-08-05,2018-08-05,1,0.04,Madrid,2020-12-17,False,True
26751702,Private room,400.0,True,0,0,0,0,100,2018-07-24,2018-07-24,1,0.05,Madrid,2020-04-17,False,True
26756528,Private room,410.0,True,14,39,69,153,95,2018-07-16,2020-02-03,56,2.94,Barcelona,2020-02-16,False,True
26765071,Entire home/apt,490.0,True,6,14,44,79,92,2018-08-12,2018-09-01,5,5.07,Madrid,2018-09-11,False,True
26772282,Entire home/apt,1760.0,True,0,19,49,139,100,2019-07-13,2019-07-13,1,1.9,Girona,2019-07-29,False,True
26772799,Private room,390.0,True,30,60,90,365,,,,0,,Barcelona,2020-07-17,False,
26774405,Entire home/apt,810.0,True,30,60,90,316,,,,0,,Girona,2019-02-19,False,
26781254,Private room,400.0,True,23,45,73,318,95,2018-07-19,2019-05-30,13,1.14,Girona,2019-06-30,False,True
26794038,Private room,200.0,True,22,49,79,79,75,2018-07-26,2019-02-17,31,4.19,Madrid,2019-03-08,False,False
26794530,Private room,250.0,True,18,46,76,76,100,2018-07-14,2018-09-10,6,3.09,Madrid,2018-09-11,False,True
26799272,Entire home/apt,1890.0,True,28,56,78,332,,,,0,,Mallorca,2019-04-24,False,
26800184,Entire home/apt,600.0,True,1,1,1,209,100,2018-09-02,2018-11-19,9,1.46,Madrid,2019-03-08,False,True
26800315,Entire home/apt,530.0,True,0,0,0,113,,,,0,,Barcelona,2019-05-14,False,
26800622,Entire home/apt,790.0,True,7,37,67,342,100,2018-07-22,2018-07-22,1,3.38,Girona,2018-07-31,False,True
26810396,Private room,480.0,True,26,56,86,361,96,2018-07-20,2018-09-23,11,1.08,Mallorca,2019-05-27,False,True
26810582,Entire home/apt,750.0,True,19,45,59,310,97,2018-08-05,2019-04-07,30,3.42,Girona,2019-04-29,False,True
26811703,Entire home/apt,450.0,True,12,42,72,73,100,2018-09-21,2018-09-30,2,2.25,Sevilla,2018-10-18,False,True
26813129,Entire home/apt,1400.0,True,0,0,21,296,100,2018-07-17,2018-08-25,2,0.38,Girona,2018-12-22,False,True
26827843,Entire home/apt,2760.0,True,0,10,26,140,,,,0,,Mallorca,2019-02-17,False,
26830349,Entire home/apt,1280.0,True,2,11,21,217,80,2019-01-02,2019-01-02,1,0.31,Madrid,2019-04-11,False,True
26831697,Entire home/apt,660.0,True,0,0,0,0,95,2019-01-02,2019-12-31,48,2.6,Madrid,2020-07-17,False,True
26840346,Entire home/apt,1500.0,True,4,33,63,338,98,2018-07-22,2019-05-05,13,1.07,Mallorca,2019-07-25,False,True
26845836,Entire home/apt,550.0,True,0,15,38,163,80,2018-08-19,2019-02-11,8,1.29,Malaga,2019-02-24,False,True
26853206,Entire home/apt,550.0,True,30,60,81,84,100,2018-09-21,2018-10-03,2,2.1,Girona,2018-10-20,False,True
26855289,Private room,1800.0,True,30,60,90,365,,,,0,,Madrid,2018-08-14,False,
26857797,Entire home/apt,1990.0,True,24,29,58,325,70,2019-08-21,2019-09-15,2,0.2,Mallorca,2020-06-25,False,False
26862170,Entire home/apt,1150.0,True,22,27,27,298,98,2018-07-14,2020-03-15,61,2.71,Girona,2020-05-28,False,True
26863298,Entire home/apt,600.0,True,25,55,85,360,,,,0,,Barcelona,2018-11-07,False,
26864022,Entire home/apt,1550.0,True,29,59,80,299,96,2018-10-07,2020-11-10,33,1.23,Sevilla,2020-12-31,False,True
26866186,Private room,1700.0,True,29,59,89,364,100,2019-03-18,2019-04-13,2,0.37,Mallorca,2019-08-31,False,True
26868673,Private room,210.0,True,29,59,69,333,94,2018-07-26,2020-07-24,35,1.21,Valencia,2020-12-21,False,True
26869739,Private room,290.0,True,22,24,53,53,97,2018-07-21,2019-12-15,111,6.39,Mallorca,2019-12-31,False,True
26883809,Entire home/apt,400.0,True,0,0,0,0,96,2018-08-12,2019-09-09,9,0.3,Malaga,2021-01-31,False,True
26889462,Entire home/apt,1900.0,True,17,37,57,309,97,2018-09-30,2019-08-11,13,1.08,Sevilla,2019-09-30,False,True
26894166,Private room,360.0,True,0,0,0,0,87,2018-08-18,2018-10-08,6,1.22,Barcelona,2019-01-14,False,True
26915869,Private room,700.0,True,15,45,75,122,95,2018-10-26,2020-01-02,19,0.92,Barcelona,2020-07-17,False,True
26933370,Entire home/apt,520.0,True,30,60,90,365,,,,0,,Barcelona,2020-10-12,False,
26936967,Entire home/apt,940.0,True,25,55,85,222,,,,0,,Girona,2020-04-30,False,
26937412,Entire home/apt,800.0,True,2,32,49,176,,,,0,,Girona,2019-03-30,False,
26938036,Private room,490.0,True,25,48,60,60,100,2018-09-12,2018-09-12,1,0.54,Madrid,2018-11-07,False,True
26938834,Entire home/apt,1090.0,True,0,0,0,187,100,2018-12-02,2018-12-02,1,0.05,Valencia,2020-09-28,False,True
26939341,Entire home/apt,780.0,True,0,23,53,61,88,2018-07-30,2020-07-18,75,2.81,Madrid,2020-10-17,False,True
26942581,Entire home/apt,300.0,True,23,53,83,309,100,2018-11-01,2020-11-01,9,0.34,Barcelona,2021-01-12,False,True
26946907,Entire home/apt,490.0,True,24,49,79,354,100,2018-07-22,2018-09-15,3,1.47,Sevilla,2018-09-22,False,True
26946993,Private room,560.0,True,30,60,90,365,80,2018-09-16,2019-04-19,2,0.08,Madrid,2020-11-06,False,True
26947092,Entire home/apt,510.0,True,0,0,0,0,94,2018-07-20,2019-07-08,78,2.69,Madrid,2020-12-17,False,True
26954098,Private room,550.0,True,0,0,0,196,88,2018-08-04,2020-01-21,19,0.98,Barcelona,2020-03-16,False,True
26956885,Private room,340.0,True,7,37,63,154,95,2018-09-04,2019-05-31,13,1.43,Barcelona,2019-06-07,False,True
26982540,Entire home/apt,1350.0,True,16,19,19,19,90,2018-08-01,2019-11-25,56,3.5,Malaga,2019-11-30,False,True
26986075,Entire home/apt,380.0,True,0,7,29,31,96,2018-07-27,2019-06-05,79,7.08,Valencia,2019-07-01,False,True
26987062,Private room,170.0,True,0,0,0,0,,,,0,,Madrid,2020-05-14,False,
26987853,Private room,500.0,True,8,38,68,68,,,,0,,Madrid,2018-10-10,False,
26988157,Entire home/apt,650.0,True,23,23,23,234,97,2018-09-25,2019-04-23,7,0.86,Malaga,2019-05-30,False,True
27011181,Entire home/apt,990.0,True,0,0,0,130,93,2018-08-22,2019-09-30,11,0.72,Girona,2019-11-30,False,True
27013617,Private room,490.0,True,30,60,90,90,92,2018-08-12,2020-02-17,52,1.77,Valencia,2021-01-19,False,True
27019994,Private room,450.0,True,8,18,34,34,92,2018-07-22,2020-01-12,87,4.74,Valencia,2020-01-31,False,True
27026653,Entire home/apt,630.0,True,13,38,63,300,100,2019-01-03,2019-04-15,2,0.52,Malaga,2019-05-01,False,True
27028034,Entire home/apt,900.0,True,28,58,79,351,96,2018-07-25,2020-03-01,142,6.83,Madrid,2020-04-17,False,True
27030253,Private room,270.0,True,17,23,53,143,,,,0,,Barcelona,2019-08-12,False,
27042895,Entire home/apt,,True,8,38,68,277,,,,0,,Mallorca,2020-12-19,True,
27044767,Entire home/apt,,True,13,37,67,342,100,2018-08-13,2018-08-13,1,1.05,Barcelona,2018-09-11,True,True
27047776,Entire home/apt,1040.0,True,30,60,90,328,97,2018-08-10,2020-10-16,35,1.18,Malaga,2021-01-31,False,True
27051994,Entire home/apt,800.0,True,30,60,90,365,,,,0,,Girona,2018-11-26,False,
27056906,Entire home/apt,980.0,True,15,31,31,31,100,2018-08-19,2018-11-03,17,6.46,Madrid,2018-11-07,False,True
27056958,Entire home/apt,850.0,True,0,0,0,180,80,2018-08-21,2018-08-21,1,0.16,Valencia,2019-02-28,False,True
27082262,Entire home/apt,650.0,True,30,60,90,365,89,2018-07-26,2020-03-01,93,3.14,Madrid,2021-01-12,False,True
27086038,Entire home/apt,720.0,True,12,42,72,345,67,2018-08-07,2018-10-22,3,0.99,Madrid,2018-11-07,False,False
27089383,Private room,260.0,True,17,47,77,167,90,2018-08-25,2018-09-27,4,2.64,Barcelona,2018-10-10,False,True
27099510,Entire home/apt,1000.0,True,20,50,80,355,,,,0,,Sevilla,2018-09-22,False,
27100118,Entire home/apt,800.0,True,23,53,83,358,,,,0,,Madrid,2020-07-17,False,
27101716,Entire home/apt,490.0,True,21,47,75,336,89,2018-09-09,2018-12-26,17,4.07,Madrid,2019-01-14,False,True
27104486,Entire home/apt,960.0,True,4,7,7,35,100,2018-09-16,2019-01-03,6,1.28,Madrid,2019-02-06,False,True
27120304,Private room,350.0,True,30,60,90,354,93,2018-08-11,2019-01-01,11,2.14,Barcelona,2019-01-14,False,True
27120529,Entire home/apt,1750.0,True,22,52,82,357,87,2018-08-10,2018-09-16,3,0.26,Valencia,2019-07-31,False,True
27121536,Private room,120.0,True,0,0,27,302,100,2018-12-03,2018-12-03,1,0.15,Malaga,2019-06-30,False,True
27123764,Entire home/apt,1000.0,True,1,1,1,1,,,,0,,Madrid,2019-09-19,False,
27126570,Entire home/apt,900.0,True,7,25,43,298,,,,0,,Malaga,2019-09-30,False,
27127390,Entire home/apt,700.0,True,14,29,55,330,,,,0,,Sevilla,2018-08-27,False,
27130156,Entire home/apt,500.0,True,0,0,0,98,93,2018-09-09,2018-09-16,3,1.55,Madrid,2018-11-07,False,True
27133719,Private room,730.0,True,30,60,90,365,80,2018-07-29,2018-09-07,3,0.9,Barcelona,2018-11-07,False,True
27141824,Entire home/apt,500.0,True,30,60,90,180,94,2018-08-05,2020-03-16,65,2.91,Madrid,2020-06-13,False,True
27147771,Entire home/apt,870.0,True,23,53,83,230,91,2018-08-21,2020-02-25,52,2.1,Barcelona,2020-09-12,False,True
27148386,Entire home/apt,2460.0,True,29,59,89,357,100,2019-08-02,2019-08-02,1,0.07,Mallorca,2020-09-19,False,True
27148755,Private room,190.0,True,0,0,0,0,80,2018-07-29,2018-08-18,3,0.19,Madrid,2019-11-09,False,True
27151636,Private room,750.0,True,29,59,89,89,97,2018-08-05,2019-09-30,46,1.57,Barcelona,2021-01-12,False,True
27154808,Entire home/apt,680.0,True,14,41,71,316,80,2018-08-20,2018-08-20,1,1.38,Barcelona,2018-09-11,False,True
27154814,Entire home/apt,2520.0,True,27,57,87,221,100,2018-08-10,2019-04-22,2,0.12,Mallorca,2019-12-31,False,True
27155470,Entire home/apt,750.0,True,30,60,90,93,86,2018-08-30,2020-03-07,37,1.68,Valencia,2020-06-30,False,True
27156849,Private room,350.0,True,0,0,0,0,,,,0,,Madrid,2020-01-10,False,
27157396,Private room,200.0,True,14,44,74,254,,,,0,,Barcelona,2020-07-17,False,
27158423,Entire home/apt,600.0,True,0,0,21,296,100,2018-11-03,2018-11-03,1,0.42,Barcelona,2019-01-14,False,True
27162725,Private room,650.0,True,27,55,85,360,80,2018-08-26,2018-08-26,1,0.06,Girona,2020-02-29,False,True
27183266,Entire home/apt,700.0,True,21,42,69,344,83,2018-07-25,2018-11-25,14,1.34,Madrid,2019-06-07,False,True
27185225,Entire home/apt,600.0,True,0,0,0,262,,,,0,,Barcelona,2020-12-16,False,
27191358,Entire home/apt,3940.0,True,22,52,56,206,86,2018-08-06,2019-09-13,7,0.51,Mallorca,2019-09-28,False,True
27191914,Private room,360.0,True,0,0,0,0,100,2018-08-03,2018-08-14,2,0.07,Barcelona,2021-01-12,False,True
27197045,Entire home/apt,1500.0,True,22,48,74,343,82,2018-08-03,2020-02-15,20,1.01,Malaga,2020-03-26,False,True
27201483,Entire home/apt,750.0,True,28,58,88,177,99,2018-07-29,2020-10-05,95,3.53,Valencia,2020-10-24,False,True
27211121,Entire home/apt,2130.0,True,0,16,46,321,,,,0,,Girona,2018-11-26,False,
27212538,Entire home/apt,560.0,True,18,48,78,353,73,2019-01-09,2019-08-30,3,0.21,Barcelona,2020-03-16,False,False
27214449,Entire home/apt,750.0,True,6,17,31,146,89,2018-08-18,2019-03-11,22,2.83,Madrid,2019-04-11,False,True
27216997,Entire home/apt,1500.0,True,28,49,49,49,,,,0,,Barcelona,2018-09-11,False,
27222952,Entire home/apt,1140.0,True,17,33,41,231,100,2018-10-06,2018-10-06,1,0.18,Mallorca,2019-03-25,False,True
27223222,Entire home/apt,4480.0,True,21,38,38,169,,,,0,,Mallorca,2018-09-18,False,
27223256,Entire home/apt,1060.0,True,22,43,73,348,100,2019-06-29,2019-06-29,1,0.48,Mallorca,2019-08-31,False,True
27224471,Entire home/apt,540.0,True,30,46,69,179,,,,0,,Girona,2020-02-29,False,
27224489,Entire home/apt,1030.0,True,14,14,14,213,,,,0,,Girona,2018-12-22,False,
27224529,Entire home/apt,440.0,True,19,48,58,114,,,,0,,Girona,2019-03-30,False,
27224936,Entire home/apt,,True,4,34,64,230,100,2020-10-24,2020-10-24,1,0.24,Girona,2021-02-27,True,True
27231706,Entire home/apt,1950.0,True,11,25,55,330,90,2018-09-20,2019-06-05,16,1.24,Barcelona,2019-10-16,False,True
27237828,Entire home/apt,1500.0,True,22,47,77,78,100,2018-08-26,2018-08-26,1,7.6,Girona,2018-08-30,False,True
27241318,Entire home/apt,3130.0,True,26,37,37,243,100,2020-03-13,2020-03-13,1,0.74,Mallorca,2020-04-23,False,True
27244243,Entire home/apt,990.0,True,24,40,40,40,,,,0,,Girona,2018-08-30,False,
27244794,Entire home/apt,720.0,True,0,0,0,0,100,2018-09-23,2018-09-23,1,0.07,Girona,2019-12-31,False,True
27245117,Entire home/apt,1100.0,True,2,31,61,151,,,,0,,Girona,2018-07-31,False,
