Totales Territoriales;Comunidades y Ciudades Autónomas;País de residencia;Meses;Total
Total nacional;;Total;Total;340.582.713
Total nacional;;Total;Enero;15.200.690
Total nacional;;Total;Febrero;16.346.534
Total nacional;;Total;Marzo;20.508.641
Total nacional;;Total;Abril;27.549.426
Total nacional;;Total;Mayo;31.439.920
Total nacional;;Total;Junio;36.646.402
Total nacional;;Total;Julio;43.624.461
Total nacional;;Total;Agosto;46.657.187
Total nacional;;Total;Septiembre;37.961.599
Total nacional;;Total;Octubre;30.898.617
Total nacional;;Total;Noviembre;17.537.436
Total nacional;;Total;Diciembre;16.211.799
Total nacional;;Residentes en España;Total;115.834.589
Total nacional;;Residentes en España;Enero;5.316.890
Total nacional;;Residentes en España;Febrero;6.225.212
Total nacional;;Residentes en España;Marzo;7.938.883
Total nacional;;Residentes en España;Abril;10.757.733
Total nacional;;Residentes en España;Mayo;9.023.683
Total nacional;;Residentes en España;Junio;10.850.740
Total nacional;;Residentes en España;Julio;14.336.386
Total nacional;;Residentes en España;Agosto;17.063.116
Total nacional;;Residentes en España;Septiembre;11.355.257
Total nacional;;Residentes en España;Octubre;9.259.019
Total nacional;;Residentes en España;Noviembre;6.723.998
Total nacional;;Residentes en España;Diciembre;6.983.672
Total nacional;;No residentes en España;Total;224.748.124
Total nacional;;No residentes en España;Enero;9.883.800
Total nacional;;No residentes en España;Febrero;10.121.322
Total nacional;;No residentes en España;Marzo;12.569.758
Total nacional;;No residentes en España;Abril;16.791.693
Total nacional;;No residentes en España;Mayo;22.416.238
Total nacional;;No residentes en España;Junio;25.795.662
Total nacional;;No residentes en España;Julio;29.288.076
Total nacional;;No residentes en España;Agosto;29.594.071
Total nacional;;No residentes en España;Septiembre;26.606.342
Total nacional;;No residentes en España;Octubre;21.639.598
Total nacional;;No residentes en España;Noviembre;10.813.437
Total nacional;;No residentes en España;Diciembre;9.228.127
Total nacional;;Unión Europea (sin España);Total;181.764.373
Total nacional;;Unión Europea (sin España);Enero;7.733.429
Total nacional;;Unión Europea (sin España);Febrero;7.999.434
Total nacional;;Unión Europea (sin España);Marzo;9.925.871
Total nacional;;Unión Europea (sin España);Abril;13.451.248
Total nacional;;Unión Europea (sin España);Mayo;18.478.398
Total nacional;;Unión Europea (sin España);Junio;21.059.182
Total nacional;;Unión Europea (sin España);Julio;23.548.571
Total nacional;;Unión Europea (sin España);Agosto;24.626.851
Total nacional;;Unión Europea (sin España);Septiembre;21.702.360
Total nacional;;Unión Europea (sin España);Octubre;17.652.497
Total nacional;;Unión Europea (sin España);Noviembre;8.417.250
Total nacional;;Unión Europea (sin España);Diciembre;7.169.283
Total nacional;;Alemania;Total;50.026.441
Total nacional;;Alemania;Enero;1.970.630
Total nacional;;Alemania;Febrero;1.942.855
Total nacional;;Alemania;Marzo;2.698.891
Total nacional;;Alemania;Abril;3.568.521
Total nacional;;Alemania;Mayo;5.262.110
Total nacional;;Alemania;Junio;6.259.885
Total nacional;;Alemania;Julio;6.405.671
Total nacional;;Alemania;Agosto;5.911.906
Total nacional;;Alemania;Septiembre;6.223.773
Total nacional;;Alemania;Octubre;5.776.139
Total nacional;;Alemania;Noviembre;2.283.855
Total nacional;;Alemania;Diciembre;1.722.206
Total nacional;;Austria;Total;2.069.961
Total nacional;;Austria;Enero;88.061
Total nacional;;Austria;Febrero;98.587
Total nacional;;Austria;Marzo;107.835
Total nacional;;Austria;Abril;162.106
Total nacional;;Austria;Mayo;226.136
Total nacional;;Austria;Junio;224.717
Total nacional;;Austria;Julio;287.883
Total nacional;;Austria;Agosto;262.429
Total nacional;;Austria;Septiembre;244.436
Total nacional;;Austria;Octubre;181.543
Total nacional;;Austria;Noviembre;108.554
Total nacional;;Austria;Diciembre;77.673
Total nacional;;Bélgica;Total;6.587.737
Total nacional;;Bélgica;Enero;314.421
Total nacional;;Bélgica;Febrero;315.493
Total nacional;;Bélgica;Marzo;372.467
Total nacional;;Bélgica;Abril;532.579
Total nacional;;Bélgica;Mayo;602.995
Total nacional;;Bélgica;Junio;617.834
Total nacional;;Bélgica;Julio;1.061.047
Total nacional;;Bélgica;Agosto;788.011
Total nacional;;Bélgica;Septiembre;774.437
Total nacional;;Bélgica;Octubre;562.132
Total nacional;;Bélgica;Noviembre;350.029
Total nacional;;Bélgica;Diciembre;296.293
Total nacional;;Dinamarca;Total;3.303.802
Total nacional;;Dinamarca;Enero;210.569
Total nacional;;Dinamarca;Febrero;255.853
Total nacional;;Dinamarca;Marzo;287.363
Total nacional;;Dinamarca;Abril;259.703
Total nacional;;Dinamarca;Mayo;246.603
Total nacional;;Dinamarca;Junio;269.528
Total nacional;;Dinamarca;Julio;482.933
Total nacional;;Dinamarca;Agosto;283.158
Total nacional;;Dinamarca;Septiembre;296.210
Total nacional;;Dinamarca;Octubre;330.676
Total nacional;;Dinamarca;Noviembre;211.547
Total nacional;;Dinamarca;Diciembre;169.659
Total nacional;;Finlandia;Total;1.972.551
Total nacional;;Finlandia;Enero;175.705
Total nacional;;Finlandia;Febrero;193.576
Total nacional;;Finlandia;Marzo;223.071
Total nacional;;Finlandia;Abril;175.169
Total nacional;;Finlandia;Mayo;111.179
Total nacional;;Finlandia;Junio;115.755
Total nacional;;Finlandia;Julio;110.639
Total nacional;;Finlandia;Agosto;79.155
Total nacional;;Finlandia;Septiembre;109.753
Total nacional;;Finlandia;Octubre;223.679
Total nacional;;Finlandia;Noviembre;243.722
Total nacional;;Finlandia;Diciembre;211.147
Total nacional;;Francia;Total;17.220.163
Total nacional;;Francia;Enero;571.545
Total nacional;;Francia;Febrero;761.271
Total nacional;;Francia;Marzo;837.391
Total nacional;;Francia;Abril;1.775.276
Total nacional;;Francia;Mayo;1.907.221
Total nacional;;Francia;Junio;1.541.498
Total nacional;;Francia;Julio;2.169.004
Total nacional;;Francia;Agosto;3.073.400
Total nacional;;Francia;Septiembre;1.798.954
Total nacional;;Francia;Octubre;1.590.921
Total nacional;;Francia;Noviembre;624.255
Total nacional;;Francia;Diciembre;569.426
Total nacional;;Grecia;Total;320.889
Total nacional;;Grecia;Enero;17.493
Total nacional;;Grecia;Febrero;18.902
Total nacional;;Grecia;Marzo;24.770
Total nacional;;Grecia;Abril;29.678
Total nacional;;Grecia;Mayo;28.930
Total nacional;;Grecia;Junio;28.835
Total nacional;;Grecia;Julio;37.013
Total nacional;;Grecia;Agosto;40.606
Total nacional;;Grecia;Septiembre;24.369
Total nacional;;Grecia;Octubre;30.404
Total nacional;;Grecia;Noviembre;20.962
Total nacional;;Grecia;Diciembre;18.927
Total nacional;;Irlanda;Total;3.973.713
Total nacional;;Irlanda;Enero;164.690
Total nacional;;Irlanda;Febrero;157.952
Total nacional;;Irlanda;Marzo;197.288
Total nacional;;Irlanda;Abril;286.247
Total nacional;;Irlanda;Mayo;406.111
Total nacional;;Irlanda;Junio;552.089
Total nacional;;Irlanda;Julio;549.141
Total nacional;;Irlanda;Agosto;492.633
Total nacional;;Irlanda;Septiembre;480.620
Total nacional;;Irlanda;Octubre;378.870
Total nacional;;Irlanda;Noviembre;172.727
Total nacional;;Irlanda;Diciembre;135.346
Total nacional;;Italia;Total;9.308.671
Total nacional;;Italia;Enero;535.878
Total nacional;;Italia;Febrero;455.655
Total nacional;;Italia;Marzo;540.418
Total nacional;;Italia;Abril;642.878
Total nacional;;Italia;Mayo;695.557
Total nacional;;Italia;Junio;970.749
Total nacional;;Italia;Julio;1.221.738
Total nacional;;Italia;Agosto;1.764.110
Total nacional;;Italia;Septiembre;954.969
Total nacional;;Italia;Octubre;629.574
Total nacional;;Italia;Noviembre;454.534
Total nacional;;Italia;Diciembre;442.611
Total nacional;;Luxemburgo;Total;463.027
Total nacional;;Luxemburgo;Enero;23.543
Total nacional;;Luxemburgo;Febrero;20.118
Total nacional;;Luxemburgo;Marzo;21.886
Total nacional;;Luxemburgo;Abril;40.666
Total nacional;;Luxemburgo;Mayo;44.824
Total nacional;;Luxemburgo;Junio;48.254
Total nacional;;Luxemburgo;Julio;49.713
Total nacional;;Luxemburgo;Agosto;69.077
Total nacional;;Luxemburgo;Septiembre;60.722
Total nacional;;Luxemburgo;Octubre;34.298
Total nacional;;Luxemburgo;Noviembre;20.081
Total nacional;;Luxemburgo;Diciembre;29.844
Total nacional;;Países Bajos;Total;9.613.613
Total nacional;;Países Bajos;Enero;357.489
Total nacional;;Países Bajos;Febrero;388.913
Total nacional;;Países Bajos;Marzo;446.086
Total nacional;;Países Bajos;Abril;735.394
Total nacional;;Países Bajos;Mayo;1.064.094
Total nacional;;Países Bajos;Junio;969.202
Total nacional;;Países Bajos;Julio;1.323.352
Total nacional;;Países Bajos;Agosto;1.460.336
Total nacional;;Países Bajos;Septiembre;1.148.044
Total nacional;;Países Bajos;Octubre;969.142
Total nacional;;Países Bajos;Noviembre;394.892
Total nacional;;Países Bajos;Diciembre;356.670
Total nacional;;Polonia;Total;4.456.054
Total nacional;;Polonia;Enero;184.442
Total nacional;;Polonia;Febrero;179.215
Total nacional;;Polonia;Marzo;194.948
Total nacional;;Polonia;Abril;225.298
Total nacional;;Polonia;Mayo;403.943
Total nacional;;Polonia;Junio;571.035
Total nacional;;Polonia;Julio;689.983
Total nacional;;Polonia;Agosto;688.016
Total nacional;;Polonia;Septiembre;632.968
Total nacional;;Polonia;Octubre;332.334
Total nacional;;Polonia;Noviembre;185.749
Total nacional;;Polonia;Diciembre;168.124
Total nacional;;Portugal;Total;3.740.820
Total nacional;;Portugal;Enero;116.773
Total nacional;;Portugal;Febrero;153.682
Total nacional;;Portugal;Marzo;153.055
Total nacional;;Portugal;Abril;380.299
Total nacional;;Portugal;Mayo;222.506
Total nacional;;Portugal;Junio;431.372
Total nacional;;Portugal;Julio;565.301
Total nacional;;Portugal;Agosto;742.214
Total nacional;;Portugal;Septiembre;464.807
Total nacional;;Portugal;Octubre;223.358
Total nacional;;Portugal;Noviembre;137.157
Total nacional;;Portugal;Diciembre;150.296
Total nacional;;Reino Unido;Total;57.153.097
Total nacional;;Reino Unido;Enero;2.324.896
Total nacional;;Reino Unido;Febrero;2.385.277
Total nacional;;Reino Unido;Marzo;3.012.149
Total nacional;;Reino Unido;Abril;3.818.432
Total nacional;;Reino Unido;Mayo;6.320.342
Total nacional;;Reino Unido;Junio;7.192.967
Total nacional;;Reino Unido;Julio;7.292.237
Total nacional;;Reino Unido;Agosto;7.635.304
Total nacional;;Reino Unido;Septiembre;7.174.952
Total nacional;;Reino Unido;Octubre;5.420.205
Total nacional;;Reino Unido;Noviembre;2.414.843
Total nacional;;Reino Unido;Diciembre;2.161.492
Total nacional;;República Checa;Total;1.300.797
Total nacional;;República Checa;Enero;25.469
Total nacional;;República Checa;Febrero;34.303
Total nacional;;República Checa;Marzo;39.735
Total nacional;;República Checa;Abril;48.160
Total nacional;;República Checa;Mayo;81.851
Total nacional;;República Checa;Junio;199.771
Total nacional;;República Checa;Julio;242.829
Total nacional;;República Checa;Agosto;223.791
Total nacional;;República Checa;Septiembre;266.405
Total nacional;;República Checa;Octubre;78.103
Total nacional;;República Checa;Noviembre;35.730
Total nacional;;República Checa;Diciembre;24.650
Total nacional;;Suecia;Total;6.253.063
Total nacional;;Suecia;Enero;492.939
Total nacional;;Suecia;Febrero;472.699
Total nacional;;Suecia;Marzo;551.168
Total nacional;;Suecia;Abril;476.969
Total nacional;;Suecia;Mayo;520.303
Total nacional;;Suecia;Junio;591.103
Total nacional;;Suecia;Julio;538.332
Total nacional;;Suecia;Agosto;553.405
Total nacional;;Suecia;Septiembre;511.310
Total nacional;;Suecia;Octubre;520.850
Total nacional;;Suecia;Noviembre;558.572
Total nacional;;Suecia;Diciembre;465.415
Total nacional;;Noruega;Total;3.364.264
Total nacional;;Noruega;Enero;222.456
Total nacional;;Noruega;Febrero;281.491
Total nacional;;Noruega;Marzo;284.342
Total nacional;;Noruega;Abril;289.377
Total nacional;;Noruega;Mayo;213.813
Total nacional;;Noruega;Junio;302.801
Total nacional;;Noruega;Julio;428.606
Total nacional;;Noruega;Agosto;224.293
Total nacional;;Noruega;Septiembre;288.897
Total nacional;;Noruega;Octubre;330.891
Total nacional;;Noruega;Noviembre;285.970
Total nacional;;Noruega;Diciembre;211.326
Total nacional;;Rusia;Total;4.833.374
Total nacional;;Rusia;Enero;162.142
Total nacional;;Rusia;Febrero;97.281
Total nacional;;Rusia;Marzo;138.954
Total nacional;;Rusia;Abril;175.621
Total nacional;;Rusia;Mayo;326.138
Total nacional;;Rusia;Junio;780.333
Total nacional;;Rusia;Julio;953.227
Total nacional;;Rusia;Agosto;909.782
Total nacional;;Rusia;Septiembre;799.557
Total nacional;;Rusia;Octubre;261.343
Total nacional;;Rusia;Noviembre;128.129
Total nacional;;Rusia;Diciembre;100.867
Total nacional;;Suiza;Total;4.412.500
Total nacional;;Suiza;Enero;144.997
Total nacional;;Suiza;Febrero;163.553
Total nacional;;Suiza;Marzo;230.273
Total nacional;;Suiza;Abril;399.239
Total nacional;;Suiza;Mayo;412.064
Total nacional;;Suiza;Junio;466.448
Total nacional;;Suiza;Julio;718.783
Total nacional;;Suiza;Agosto;475.242
Total nacional;;Suiza;Septiembre;509.502
Total nacional;;Suiza;Octubre;567.058
Total nacional;;Suiza;Noviembre;186.998
Total nacional;;Suiza;Diciembre;138.343
Total nacional;;Resto de Europa sin U.E.;Total;3.631.550
Total nacional;;Resto de Europa sin U.E.;Enero;164.694
Total nacional;;Resto de Europa sin U.E.;Febrero;163.399
Total nacional;;Resto de Europa sin U.E.;Marzo;200.034
Total nacional;;Resto de Europa sin U.E.;Abril;266.805
Total nacional;;Resto de Europa sin U.E.;Mayo;281.774
Total nacional;;Resto de Europa sin U.E.;Junio;423.967
Total nacional;;Resto de Europa sin U.E.;Julio;533.574
Total nacional;;Resto de Europa sin U.E.;Agosto;472.325
Total nacional;;Resto de Europa sin U.E.;Septiembre;478.929
Total nacional;;Resto de Europa sin U.E.;Octubre;281.275
Total nacional;;Resto de Europa sin U.E.;Noviembre;196.041
Total nacional;;Resto de Europa sin U.E.;Diciembre;168.733
Total nacional;;Japón;Total;1.101.396
Total nacional;;Japón;Enero;80.773
Total nacional;;Japón;Febrero;89.267
Total nacional;;Japón;Marzo;113.091
Total nacional;;Japón;Abril;81.505
Total nacional;;Japón;Mayo;101.324
Total nacional;;Japón;Junio;109.361
Total nacional;;Japón;Julio;85.997
Total nacional;;Japón;Agosto;98.427
Total nacional;;Japón;Septiembre;106.685
Total nacional;;Japón;Octubre;100.356
Total nacional;;Japón;Noviembre;71.929
Total nacional;;Japón;Diciembre;62.683
Total nacional;;Estados Unidos;Total;6.510.010
Total nacional;;Estados Unidos;Enero;214.771
Total nacional;;Estados Unidos;Febrero;243.072
Total nacional;;Estados Unidos;Marzo;431.259
Total nacional;;Estados Unidos;Abril;567.009
Total nacional;;Estados Unidos;Mayo;747.113
Total nacional;;Estados Unidos;Junio;825.257
Total nacional;;Estados Unidos;Julio;821.776
Total nacional;;Estados Unidos;Agosto;592.516
Total nacional;;Estados Unidos;Septiembre;768.161
Total nacional;;Estados Unidos;Octubre;652.739
Total nacional;;Estados Unidos;Noviembre;366.038
Total nacional;;Estados Unidos;Diciembre;280.299
Total nacional;;Resto de América;Total;7.900.740
Total nacional;;Resto de América;Enero;449.603
Total nacional;;Resto de América;Febrero;417.615
Total nacional;;Resto de América;Marzo;487.196
Total nacional;;Resto de América;Abril;634.039
Total nacional;;Resto de América;Mayo;835.075
Total nacional;;Resto de América;Junio;835.799
Total nacional;;Resto de América;Julio;901.399
Total nacional;;Resto de América;Agosto;779.970
Total nacional;;Resto de América;Septiembre;860.590
Total nacional;;Resto de América;Octubre;792.297
Total nacional;;Resto de América;Noviembre;491.269
Total nacional;;Resto de América;Diciembre;415.888
Total nacional;;Países africanos;Total;1.902.355
Total nacional;;Países africanos;Enero;138.273
Total nacional;;Países africanos;Febrero;109.128
Total nacional;;Países africanos;Marzo;111.205
Total nacional;;Países africanos;Abril;134.567
Total nacional;;Países africanos;Mayo;130.038
Total nacional;;Países africanos;Junio;131.600
Total nacional;;Países africanos;Julio;265.796
Total nacional;;Países africanos;Agosto;356.267
Total nacional;;Países africanos;Septiembre;163.552
Total nacional;;Países africanos;Octubre;129.992
Total nacional;;Países africanos;Noviembre;116.200
Total nacional;;Países africanos;Diciembre;115.738
Total nacional;Andalucía;Total;Total;52.561.186
Total nacional;Andalucía;Total;Enero;2.042.959
Total nacional;Andalucía;Total;Febrero;2.491.926
Total nacional;Andalucía;Total;Marzo;3.380.964
Total nacional;Andalucía;Total;Abril;4.787.905
Total nacional;Andalucía;Total;Mayo;4.880.292
Total nacional;Andalucía;Total;Junio;5.547.936
Total nacional;Andalucía;Total;Julio;6.567.798
Total nacional;Andalucía;Total;Agosto;7.106.106
Total nacional;Andalucía;Total;Septiembre;5.938.714
Total nacional;Andalucía;Total;Octubre;4.923.433
Total nacional;Andalucía;Total;Noviembre;2.578.730
Total nacional;Andalucía;Total;Diciembre;2.314.425
Total nacional;Andalucía;Residentes en España;Total;23.338.294
Total nacional;Andalucía;Residentes en España;Enero;960.332
Total nacional;Andalucía;Residentes en España;Febrero;1.261.758
Total nacional;Andalucía;Residentes en España;Marzo;1.641.704
Total nacional;Andalucía;Residentes en España;Abril;2.122.056
Total nacional;Andalucía;Residentes en España;Mayo;1.747.488
Total nacional;Andalucía;Residentes en España;Junio;2.191.504
Total nacional;Andalucía;Residentes en España;Julio;3.241.594
Total nacional;Andalucía;Residentes en España;Agosto;3.679.226
Total nacional;Andalucía;Residentes en España;Septiembre;2.263.297
Total nacional;Andalucía;Residentes en España;Octubre;1.688.147
Total nacional;Andalucía;Residentes en España;Noviembre;1.207.567
Total nacional;Andalucía;Residentes en España;Diciembre;1.333.621
Total nacional;Andalucía;No residentes en España;Total;29.222.892
Total nacional;Andalucía;No residentes en España;Enero;1.082.626
Total nacional;Andalucía;No residentes en España;Febrero;1.230.168
Total nacional;Andalucía;No residentes en España;Marzo;1.739.260
Total nacional;Andalucía;No residentes en España;Abril;2.665.849
Total nacional;Andalucía;No residentes en España;Mayo;3.132.804
Total nacional;Andalucía;No residentes en España;Junio;3.356.432
Total nacional;Andalucía;No residentes en España;Julio;3.326.203
Total nacional;Andalucía;No residentes en España;Agosto;3.426.880
Total nacional;Andalucía;No residentes en España;Septiembre;3.675.417
Total nacional;Andalucía;No residentes en España;Octubre;3.235.286
Total nacional;Andalucía;No residentes en España;Noviembre;1.371.163
Total nacional;Andalucía;No residentes en España;Diciembre;980.803
Total nacional;Andalucía;Unión Europea (sin España);Total;22.921.118
Total nacional;Andalucía;Unión Europea (sin España);Enero;718.372
Total nacional;Andalucía;Unión Europea (sin España);Febrero;893.107
Total nacional;Andalucía;Unión Europea (sin España);Marzo;1.298.140
Total nacional;Andalucía;Unión Europea (sin España);Abril;2.110.807
Total nacional;Andalucía;Unión Europea (sin España);Mayo;2.509.281
Total nacional;Andalucía;Unión Europea (sin España);Junio;2.743.685
Total nacional;Andalucía;Unión Europea (sin España);Julio;2.631.714
Total nacional;Andalucía;Unión Europea (sin España);Agosto;2.771.494
Total nacional;Andalucía;Unión Europea (sin España);Septiembre;2.963.928
Total nacional;Andalucía;Unión Europea (sin España);Octubre;2.594.729
Total nacional;Andalucía;Unión Europea (sin España);Noviembre;1.004.793
Total nacional;Andalucía;Unión Europea (sin España);Diciembre;681.068
Total nacional;Andalucía;Alemania;Total;4.496.401
Total nacional;Andalucía;Alemania;Enero;99.972
Total nacional;Andalucía;Alemania;Febrero;135.387
Total nacional;Andalucía;Alemania;Marzo;254.322
Total nacional;Andalucía;Alemania;Abril;422.995
Total nacional;Andalucía;Alemania;Mayo;514.839
Total nacional;Andalucía;Alemania;Junio;599.523
Total nacional;Andalucía;Alemania;Julio;483.431
Total nacional;Andalucía;Alemania;Agosto;432.927
Total nacional;Andalucía;Alemania;Septiembre;641.444
Total nacional;Andalucía;Alemania;Octubre;650.931
Total nacional;Andalucía;Alemania;Noviembre;175.582
Total nacional;Andalucía;Alemania;Diciembre;85.048
Total nacional;Andalucía;Austria;Total;220.592
Total nacional;Andalucía;Austria;Enero;5.914
Total nacional;Andalucía;Austria;Febrero;10.829
Total nacional;Andalucía;Austria;Marzo;16.182
Total nacional;Andalucía;Austria;Abril;22.541
Total nacional;Andalucía;Austria;Mayo;23.868
Total nacional;Andalucía;Austria;Junio;21.027
Total nacional;Andalucía;Austria;Julio;24.139
Total nacional;Andalucía;Austria;Agosto;26.850
Total nacional;Andalucía;Austria;Septiembre;27.207
Total nacional;Andalucía;Austria;Octubre;24.796
Total nacional;Andalucía;Austria;Noviembre;12.778
Total nacional;Andalucía;Austria;Diciembre;4.461
Total nacional;Andalucía;Bélgica;Total;1.208.647
Total nacional;Andalucía;Bélgica;Enero;46.152
Total nacional;Andalucía;Bélgica;Febrero;54.258
Total nacional;Andalucía;Bélgica;Marzo;73.941
Total nacional;Andalucía;Bélgica;Abril;107.569
Total nacional;Andalucía;Bélgica;Mayo;124.962
Total nacional;Andalucía;Bélgica;Junio;119.427
Total nacional;Andalucía;Bélgica;Julio;160.050
Total nacional;Andalucía;Bélgica;Agosto;134.970
Total nacional;Andalucía;Bélgica;Septiembre;150.461
Total nacional;Andalucía;Bélgica;Octubre;131.268
Total nacional;Andalucía;Bélgica;Noviembre;65.182
Total nacional;Andalucía;Bélgica;Diciembre;40.407
Total nacional;Andalucía;Dinamarca;Total;552.376
Total nacional;Andalucía;Dinamarca;Enero;28.274
Total nacional;Andalucía;Dinamarca;Febrero;37.586
Total nacional;Andalucía;Dinamarca;Marzo;54.720
Total nacional;Andalucía;Dinamarca;Abril;43.840
Total nacional;Andalucía;Dinamarca;Mayo;49.348
Total nacional;Andalucía;Dinamarca;Junio;43.662
Total nacional;Andalucía;Dinamarca;Julio;72.768
Total nacional;Andalucía;Dinamarca;Agosto;39.501
Total nacional;Andalucía;Dinamarca;Septiembre;62.699
Total nacional;Andalucía;Dinamarca;Octubre;66.954
Total nacional;Andalucía;Dinamarca;Noviembre;36.837
Total nacional;Andalucía;Dinamarca;Diciembre;16.187
Total nacional;Andalucía;Finlandia;Total;322.756
Total nacional;Andalucía;Finlandia;Enero;15.833
Total nacional;Andalucía;Finlandia;Febrero;20.205
Total nacional;Andalucía;Finlandia;Marzo;32.180
Total nacional;Andalucía;Finlandia;Abril;35.261
Total nacional;Andalucía;Finlandia;Mayo;31.500
Total nacional;Andalucía;Finlandia;Junio;25.443
Total nacional;Andalucía;Finlandia;Julio;19.740
Total nacional;Andalucía;Finlandia;Agosto;10.994
Total nacional;Andalucía;Finlandia;Septiembre;22.979
Total nacional;Andalucía;Finlandia;Octubre;42.338
Total nacional;Andalucía;Finlandia;Noviembre;41.456
Total nacional;Andalucía;Finlandia;Diciembre;24.828
Total nacional;Andalucía;Francia;Total;2.536.491
Total nacional;Andalucía;Francia;Enero;56.073
Total nacional;Andalucía;Francia;Febrero;86.639
Total nacional;Andalucía;Francia;Marzo;109.445
Total nacional;Andalucía;Francia;Abril;258.798
Total nacional;Andalucía;Francia;Mayo;321.666
Total nacional;Andalucía;Francia;Junio;248.706
Total nacional;Andalucía;Francia;Julio;284.796
Total nacional;Andalucía;Francia;Agosto;430.762
Total nacional;Andalucía;Francia;Septiembre;304.039
Total nacional;Andalucía;Francia;Octubre;281.147
Total nacional;Andalucía;Francia;Noviembre;85.597
Total nacional;Andalucía;Francia;Diciembre;68.821
Total nacional;Andalucía;Grecia;Total;37.382
Total nacional;Andalucía;Grecia;Enero;1.739
Total nacional;Andalucía;Grecia;Febrero;2.855
Total nacional;Andalucía;Grecia;Marzo;1.967
Total nacional;Andalucía;Grecia;Abril;3.593
Total nacional;Andalucía;Grecia;Mayo;4.525
Total nacional;Andalucía;Grecia;Junio;3.354
Total nacional;Andalucía;Grecia;Julio;4.316
Total nacional;Andalucía;Grecia;Agosto;4.774
Total nacional;Andalucía;Grecia;Septiembre;3.259
Total nacional;Andalucía;Grecia;Octubre;2.584
Total nacional;Andalucía;Grecia;Noviembre;2.617
Total nacional;Andalucía;Grecia;Diciembre;1.799
Total nacional;Andalucía;Irlanda;Total;903.546
Total nacional;Andalucía;Irlanda;Enero;21.242
Total nacional;Andalucía;Irlanda;Febrero;23.903
Total nacional;Andalucía;Irlanda;Marzo;42.304
Total nacional;Andalucía;Irlanda;Abril;74.197
Total nacional;Andalucía;Irlanda;Mayo;107.033
Total nacional;Andalucía;Irlanda;Junio;128.350
Total nacional;Andalucía;Irlanda;Julio;120.233
Total nacional;Andalucía;Irlanda;Agosto;95.082
Total nacional;Andalucía;Irlanda;Septiembre;125.158
Total nacional;Andalucía;Irlanda;Octubre;115.697
Total nacional;Andalucía;Irlanda;Noviembre;31.361
Total nacional;Andalucía;Irlanda;Diciembre;18.986
Total nacional;Andalucía;Italia;Total;1.121.286
Total nacional;Andalucía;Italia;Enero;58.502
Total nacional;Andalucía;Italia;Febrero;57.505
Total nacional;Andalucía;Italia;Marzo;60.996
Total nacional;Andalucía;Italia;Abril;102.415
Total nacional;Andalucía;Italia;Mayo;103.969
Total nacional;Andalucía;Italia;Junio;109.476
Total nacional;Andalucía;Italia;Julio;103.750
Total nacional;Andalucía;Italia;Agosto;189.326
Total nacional;Andalucía;Italia;Septiembre;110.438
Total nacional;Andalucía;Italia;Octubre;91.787
Total nacional;Andalucía;Italia;Noviembre;64.090
Total nacional;Andalucía;Italia;Diciembre;69.033
Total nacional;Andalucía;Luxemburgo;Total;78.033
Total nacional;Andalucía;Luxemburgo;Enero;5.833
Total nacional;Andalucía;Luxemburgo;Febrero;2.512
Total nacional;Andalucía;Luxemburgo;Marzo;3.159
Total nacional;Andalucía;Luxemburgo;Abril;8.717
Total nacional;Andalucía;Luxemburgo;Mayo;7.888
Total nacional;Andalucía;Luxemburgo;Junio;6.286
Total nacional;Andalucía;Luxemburgo;Julio;7.637
Total nacional;Andalucía;Luxemburgo;Agosto;10.889
Total nacional;Andalucía;Luxemburgo;Septiembre;10.593
Total nacional;Andalucía;Luxemburgo;Octubre;7.043
Total nacional;Andalucía;Luxemburgo;Noviembre;3.903
Total nacional;Andalucía;Luxemburgo;Diciembre;3.573
Total nacional;Andalucía;Países Bajos;Total;1.605.166
Total nacional;Andalucía;Países Bajos;Enero;57.861
Total nacional;Andalucía;Países Bajos;Febrero;62.144
Total nacional;Andalucía;Países Bajos;Marzo;85.636
Total nacional;Andalucía;Países Bajos;Abril;143.733
Total nacional;Andalucía;Países Bajos;Mayo;197.049
Total nacional;Andalucía;Países Bajos;Junio;185.572
Total nacional;Andalucía;Países Bajos;Julio;161.690
Total nacional;Andalucía;Países Bajos;Agosto;205.829
Total nacional;Andalucía;Países Bajos;Septiembre;205.218
Total nacional;Andalucía;Países Bajos;Octubre;185.947
Total nacional;Andalucía;Países Bajos;Noviembre;67.066
Total nacional;Andalucía;Países Bajos;Diciembre;47.419
Total nacional;Andalucía;Polonia;Total;570.928
Total nacional;Andalucía;Polonia;Enero;12.867
Total nacional;Andalucía;Polonia;Febrero;17.360
Total nacional;Andalucía;Polonia;Marzo;19.592
Total nacional;Andalucía;Polonia;Abril;26.170
Total nacional;Andalucía;Polonia;Mayo;49.619
Total nacional;Andalucía;Polonia;Junio;91.413
Total nacional;Andalucía;Polonia;Julio;99.474
Total nacional;Andalucía;Polonia;Agosto;94.821
Total nacional;Andalucía;Polonia;Septiembre;90.370
Total nacional;Andalucía;Polonia;Octubre;42.361
Total nacional;Andalucía;Polonia;Noviembre;16.411
Total nacional;Andalucía;Polonia;Diciembre;10.470
Total nacional;Andalucía;Portugal;Total;696.810
Total nacional;Andalucía;Portugal;Enero;15.064
Total nacional;Andalucía;Portugal;Febrero;25.538
Total nacional;Andalucía;Portugal;Marzo;20.817
Total nacional;Andalucía;Portugal;Abril;144.521
Total nacional;Andalucía;Portugal;Mayo;30.922
Total nacional;Andalucía;Portugal;Junio;84.187
Total nacional;Andalucía;Portugal;Julio;89.544
Total nacional;Andalucía;Portugal;Agosto;136.679
Total nacional;Andalucía;Portugal;Septiembre;78.372
Total nacional;Andalucía;Portugal;Octubre;32.745
Total nacional;Andalucía;Portugal;Noviembre;15.833
Total nacional;Andalucía;Portugal;Diciembre;22.586
Total nacional;Andalucía;Reino Unido;Total;7.074.201
Total nacional;Andalucía;Reino Unido;Enero;240.107
Total nacional;Andalucía;Reino Unido;Febrero;290.235
Total nacional;Andalucía;Reino Unido;Marzo;426.002
Total nacional;Andalucía;Reino Unido;Abril;600.366
Total nacional;Andalucía;Reino Unido;Mayo;825.205
Total nacional;Andalucía;Reino Unido;Junio;905.891
Total nacional;Andalucía;Reino Unido;Julio;807.818
Total nacional;Andalucía;Reino Unido;Agosto;793.829
Total nacional;Andalucía;Reino Unido;Septiembre;939.833
Total nacional;Andalucía;Reino Unido;Octubre;743.527
Total nacional;Andalucía;Reino Unido;Noviembre;281.909
Total nacional;Andalucía;Reino Unido;Diciembre;219.480
Total nacional;Andalucía;República Checa;Total;204.388
Total nacional;Andalucía;República Checa;Enero;1.437
Total nacional;Andalucía;República Checa;Febrero;4.096
Total nacional;Andalucía;República Checa;Marzo;4.167
Total nacional;Andalucía;República Checa;Abril;8.326
Total nacional;Andalucía;República Checa;Mayo;11.526
Total nacional;Andalucía;República Checa;Junio;38.109
Total nacional;Andalucía;República Checa;Julio;41.120
Total nacional;Andalucía;República Checa;Agosto;34.636
Total nacional;Andalucía;República Checa;Septiembre;40.013
Total nacional;Andalucía;República Checa;Octubre;13.881
Total nacional;Andalucía;República Checa;Noviembre;4.908
Total nacional;Andalucía;República Checa;Diciembre;2.169
Total nacional;Andalucía;Suecia;Total;789.508
Total nacional;Andalucía;Suecia;Enero;35.324
Total nacional;Andalucía;Suecia;Febrero;40.554
Total nacional;Andalucía;Suecia;Marzo;71.769
Total nacional;Andalucía;Suecia;Abril;66.404
Total nacional;Andalucía;Suecia;Mayo;67.770
Total nacional;Andalucía;Suecia;Junio;72.163
Total nacional;Andalucía;Suecia;Julio;81.718
Total nacional;Andalucía;Suecia;Agosto;55.860
Total nacional;Andalucía;Suecia;Septiembre;86.432
Total nacional;Andalucía;Suecia;Octubre;103.424
Total nacional;Andalucía;Suecia;Noviembre;78.299
Total nacional;Andalucía;Suecia;Diciembre;29.790
Total nacional;Andalucía;Noruega;Total;385.944
Total nacional;Andalucía;Noruega;Enero;13.579
Total nacional;Andalucía;Noruega;Febrero;26.261
Total nacional;Andalucía;Noruega;Marzo;37.241
Total nacional;Andalucía;Noruega;Abril;43.893
Total nacional;Andalucía;Noruega;Mayo;28.115
Total nacional;Andalucía;Noruega;Junio;30.832
Total nacional;Andalucía;Noruega;Julio;46.536
Total nacional;Andalucía;Noruega;Agosto;19.327
Total nacional;Andalucía;Noruega;Septiembre;46.014
Total nacional;Andalucía;Noruega;Octubre;49.226
Total nacional;Andalucía;Noruega;Noviembre;34.340
Total nacional;Andalucía;Noruega;Diciembre;10.580
Total nacional;Andalucía;Rusia;Total;271.058
Total nacional;Andalucía;Rusia;Enero;19.374
Total nacional;Andalucía;Rusia;Febrero;12.121
Total nacional;Andalucía;Rusia;Marzo;14.155
Total nacional;Andalucía;Rusia;Abril;15.541
Total nacional;Andalucía;Rusia;Mayo;21.830
Total nacional;Andalucía;Rusia;Junio;28.063
Total nacional;Andalucía;Rusia;Julio;34.269
Total nacional;Andalucía;Rusia;Agosto;37.495
Total nacional;Andalucía;Rusia;Septiembre;34.047
Total nacional;Andalucía;Rusia;Octubre;27.472
Total nacional;Andalucía;Rusia;Noviembre;14.566
Total nacional;Andalucía;Rusia;Diciembre;12.126
Total nacional;Andalucía;Suiza;Total;457.747
Total nacional;Andalucía;Suiza;Enero;17.605
Total nacional;Andalucía;Suiza;Febrero;21.336
Total nacional;Andalucía;Suiza;Marzo;32.116
Total nacional;Andalucía;Suiza;Abril;50.774
Total nacional;Andalucía;Suiza;Mayo;45.527
Total nacional;Andalucía;Suiza;Junio;40.735
Total nacional;Andalucía;Suiza;Julio;47.991
Total nacional;Andalucía;Suiza;Agosto;38.524
Total nacional;Andalucía;Suiza;Septiembre;50.103
Total nacional;Andalucía;Suiza;Octubre;70.560
Total nacional;Andalucía;Suiza;Noviembre;22.058
Total nacional;Andalucía;Suiza;Diciembre;20.415
Total nacional;Andalucía;Resto de Europa sin U.E.;Total;487.640
Total nacional;Andalucía;Resto de Europa sin U.E.;Enero;20.858
Total nacional;Andalucía;Resto de Europa sin U.E.;Febrero;13.926
Total nacional;Andalucía;Resto de Europa sin U.E.;Marzo;19.131
Total nacional;Andalucía;Resto de Europa sin U.E.;Abril;36.457
Total nacional;Andalucía;Resto de Europa sin U.E.;Mayo;39.153
Total nacional;Andalucía;Resto de Europa sin U.E.;Junio;50.571
Total nacional;Andalucía;Resto de Europa sin U.E.;Julio;79.570
Total nacional;Andalucía;Resto de Europa sin U.E.;Agosto;46.214
Total nacional;Andalucía;Resto de Europa sin U.E.;Septiembre;108.357
Total nacional;Andalucía;Resto de Europa sin U.E.;Octubre;37.956
Total nacional;Andalucía;Resto de Europa sin U.E.;Noviembre;19.913
Total nacional;Andalucía;Resto de Europa sin U.E.;Diciembre;15.534
Total nacional;Andalucía;Japón;Total;216.717
Total nacional;Andalucía;Japón;Enero;18.204
Total nacional;Andalucía;Japón;Febrero;17.713
Total nacional;Andalucía;Japón;Marzo;21.337
Total nacional;Andalucía;Japón;Abril;16.787
Total nacional;Andalucía;Japón;Mayo;22.113
Total nacional;Andalucía;Japón;Junio;23.977
Total nacional;Andalucía;Japón;Julio;16.464
Total nacional;Andalucía;Japón;Agosto;15.781
Total nacional;Andalucía;Japón;Septiembre;17.833
Total nacional;Andalucía;Japón;Octubre;19.191
Total nacional;Andalucía;Japón;Noviembre;15.151
Total nacional;Andalucía;Japón;Diciembre;12.166
Total nacional;Andalucía;Estados Unidos;Total;1.111.238
Total nacional;Andalucía;Estados Unidos;Enero;43.147
Total nacional;Andalucía;Estados Unidos;Febrero;44.255
Total nacional;Andalucía;Estados Unidos;Marzo;83.696
Total nacional;Andalucía;Estados Unidos;Abril;108.806
Total nacional;Andalucía;Estados Unidos;Mayo;130.619
Total nacional;Andalucía;Estados Unidos;Junio;139.238
Total nacional;Andalucía;Estados Unidos;Julio;117.874
Total nacional;Andalucía;Estados Unidos;Agosto;83.666
Total nacional;Andalucía;Estados Unidos;Septiembre;119.670
Total nacional;Andalucía;Estados Unidos;Octubre;121.627
Total nacional;Andalucía;Estados Unidos;Noviembre;67.778
Total nacional;Andalucía;Estados Unidos;Diciembre;50.863
Total nacional;Andalucía;Resto de América;Total;1.095.966
Total nacional;Andalucía;Resto de América;Enero;63.458
Total nacional;Andalucía;Resto de América;Febrero;65.273
Total nacional;Andalucía;Resto de América;Marzo;84.812
Total nacional;Andalucía;Resto de América;Abril;95.278
Total nacional;Andalucía;Resto de América;Mayo;126.241
Total nacional;Andalucía;Resto de América;Junio;108.239
Total nacional;Andalucía;Resto de América;Julio;101.541
Total nacional;Andalucía;Resto de América;Agosto;95.827
Total nacional;Andalucía;Resto de América;Septiembre;125.424
Total nacional;Andalucía;Resto de América;Octubre;120.362
Total nacional;Andalucía;Resto de América;Noviembre;60.572
Total nacional;Andalucía;Resto de América;Diciembre;48.939
Total nacional;Andalucía;Países africanos;Total;480.018
Total nacional;Andalucía;Países africanos;Enero;36.956
Total nacional;Andalucía;Países africanos;Febrero;28.790
Total nacional;Andalucía;Países africanos;Marzo;23.409
Total nacional;Andalucía;Países africanos;Abril;30.859
Total nacional;Andalucía;Países africanos;Mayo;27.700
Total nacional;Andalucía;Países africanos;Junio;27.876
Total nacional;Andalucía;Países africanos;Julio;65.117
Total nacional;Andalucía;Países africanos;Agosto;121.129
Total nacional;Andalucía;Países africanos;Septiembre;36.962
Total nacional;Andalucía;Países africanos;Octubre;22.851
Total nacional;Andalucía;Países africanos;Noviembre;31.506
Total nacional;Andalucía;Países africanos;Diciembre;26.863
Total nacional;Aragón;Total;Total;5.583.873
Total nacional;Aragón;Total;Enero;335.977
Total nacional;Aragón;Total;Febrero;414.054
Total nacional;Aragón;Total;Marzo;459.612
Total nacional;Aragón;Total;Abril;525.453
Total nacional;Aragón;Total;Mayo;403.151
Total nacional;Aragón;Total;Junio;427.643
Total nacional;Aragón;Total;Julio;563.387
Total nacional;Aragón;Total;Agosto;741.543
Total nacional;Aragón;Total;Septiembre;519.087
Total nacional;Aragón;Total;Octubre;490.116
Total nacional;Aragón;Total;Noviembre;311.854
Total nacional;Aragón;Total;Diciembre;391.995
Total nacional;Aragón;Residentes en España;Total;4.507.227
Total nacional;Aragón;Residentes en España;Enero;291.804
Total nacional;Aragón;Residentes en España;Febrero;347.819
Total nacional;Aragón;Residentes en España;Marzo;383.333
Total nacional;Aragón;Residentes en España;Abril;439.236
Total nacional;Aragón;Residentes en España;Mayo;299.638
Total nacional;Aragón;Residentes en España;Junio;323.812
Total nacional;Aragón;Residentes en España;Julio;430.853
Total nacional;Aragón;Residentes en España;Agosto;595.257
Total nacional;Aragón;Residentes en España;Septiembre;397.952
Total nacional;Aragón;Residentes en España;Octubre;395.285
Total nacional;Aragón;Residentes en España;Noviembre;256.398
Total nacional;Aragón;Residentes en España;Diciembre;345.841
Total nacional;Aragón;No residentes en España;Total;1.076.646
Total nacional;Aragón;No residentes en España;Enero;44.173
Total nacional;Aragón;No residentes en España;Febrero;66.235
Total nacional;Aragón;No residentes en España;Marzo;76.279
Total nacional;Aragón;No residentes en España;Abril;86.216
Total nacional;Aragón;No residentes en España;Mayo;103.514
Total nacional;Aragón;No residentes en España;Junio;103.831
Total nacional;Aragón;No residentes en España;Julio;132.534
Total nacional;Aragón;No residentes en España;Agosto;146.287
Total nacional;Aragón;No residentes en España;Septiembre;121.135
Total nacional;Aragón;No residentes en España;Octubre;94.831
Total nacional;Aragón;No residentes en España;Noviembre;55.456
Total nacional;Aragón;No residentes en España;Diciembre;46.155
Total nacional;Aragón;Unión Europea (sin España);Total;716.360
Total nacional;Aragón;Unión Europea (sin España);Enero;26.517
Total nacional;Aragón;Unión Europea (sin España);Febrero;45.843
Total nacional;Aragón;Unión Europea (sin España);Marzo;48.042
Total nacional;Aragón;Unión Europea (sin España);Abril;53.292
Total nacional;Aragón;Unión Europea (sin España);Mayo;69.532
Total nacional;Aragón;Unión Europea (sin España);Junio;65.525
Total nacional;Aragón;Unión Europea (sin España);Julio;95.536
Total nacional;Aragón;Unión Europea (sin España);Agosto;111.126
Total nacional;Aragón;Unión Europea (sin España);Septiembre;82.274
Total nacional;Aragón;Unión Europea (sin España);Octubre;58.432
Total nacional;Aragón;Unión Europea (sin España);Noviembre;33.577
Total nacional;Aragón;Unión Europea (sin España);Diciembre;26.663
Total nacional;Aragón;Alemania;Total;84.550
Total nacional;Aragón;Alemania;Enero;3.989
Total nacional;Aragón;Alemania;Febrero;5.657
Total nacional;Aragón;Alemania;Marzo;5.421
Total nacional;Aragón;Alemania;Abril;6.774
Total nacional;Aragón;Alemania;Mayo;9.451
Total nacional;Aragón;Alemania;Junio;9.931
Total nacional;Aragón;Alemania;Julio;9.324
Total nacional;Aragón;Alemania;Agosto;9.161
Total nacional;Aragón;Alemania;Septiembre;11.901
Total nacional;Aragón;Alemania;Octubre;5.876
Total nacional;Aragón;Alemania;Noviembre;4.556
Total nacional;Aragón;Alemania;Diciembre;2.510
Total nacional;Aragón;Austria;Total;6.390
Total nacional;Aragón;Austria;Enero;489
Total nacional;Aragón;Austria;Febrero;240
Total nacional;Aragón;Austria;Marzo;504
Total nacional;Aragón;Austria;Abril;713
Total nacional;Aragón;Austria;Mayo;446
Total nacional;Aragón;Austria;Junio;887
Total nacional;Aragón;Austria;Julio;976
Total nacional;Aragón;Austria;Agosto;566
Total nacional;Aragón;Austria;Septiembre;686
Total nacional;Aragón;Austria;Octubre;501
Total nacional;Aragón;Austria;Noviembre;279
Total nacional;Aragón;Austria;Diciembre;104
Total nacional;Aragón;Bélgica;Total;32.927
Total nacional;Aragón;Bélgica;Enero;734
Total nacional;Aragón;Bélgica;Febrero;687
Total nacional;Aragón;Bélgica;Marzo;1.263
Total nacional;Aragón;Bélgica;Abril;1.469
Total nacional;Aragón;Bélgica;Mayo;2.323
Total nacional;Aragón;Bélgica;Junio;3.087
Total nacional;Aragón;Bélgica;Julio;11.809
Total nacional;Aragón;Bélgica;Agosto;4.901
Total nacional;Aragón;Bélgica;Septiembre;3.700
Total nacional;Aragón;Bélgica;Octubre;1.594
Total nacional;Aragón;Bélgica;Noviembre;820
Total nacional;Aragón;Bélgica;Diciembre;539
Total nacional;Aragón;Dinamarca;Total;6.207
Total nacional;Aragón;Dinamarca;Enero;358
Total nacional;Aragón;Dinamarca;Febrero;294
Total nacional;Aragón;Dinamarca;Marzo;400
Total nacional;Aragón;Dinamarca;Abril;340
Total nacional;Aragón;Dinamarca;Mayo;330
Total nacional;Aragón;Dinamarca;Junio;746
Total nacional;Aragón;Dinamarca;Julio;1.294
Total nacional;Aragón;Dinamarca;Agosto;748
Total nacional;Aragón;Dinamarca;Septiembre;544
Total nacional;Aragón;Dinamarca;Octubre;438
Total nacional;Aragón;Dinamarca;Noviembre;384
Total nacional;Aragón;Dinamarca;Diciembre;331
Total nacional;Aragón;Finlandia;Total;4.213
Total nacional;Aragón;Finlandia;Enero;472
Total nacional;Aragón;Finlandia;Febrero;177
Total nacional;Aragón;Finlandia;Marzo;251
Total nacional;Aragón;Finlandia;Abril;302
Total nacional;Aragón;Finlandia;Mayo;431
Total nacional;Aragón;Finlandia;Junio;405
Total nacional;Aragón;Finlandia;Julio;358
Total nacional;Aragón;Finlandia;Agosto;256
Total nacional;Aragón;Finlandia;Septiembre;281
Total nacional;Aragón;Finlandia;Octubre;550
Total nacional;Aragón;Finlandia;Noviembre;540
Total nacional;Aragón;Finlandia;Diciembre;190
Total nacional;Aragón;Francia;Total;247.814
Total nacional;Aragón;Francia;Enero;5.720
Total nacional;Aragón;Francia;Febrero;19.224
Total nacional;Aragón;Francia;Marzo;11.945
Total nacional;Aragón;Francia;Abril;18.716
Total nacional;Aragón;Francia;Mayo;24.794
Total nacional;Aragón;Francia;Junio;20.874
Total nacional;Aragón;Francia;Julio;36.101
Total nacional;Aragón;Francia;Agosto;54.011
Total nacional;Aragón;Francia;Septiembre;21.280
Total nacional;Aragón;Francia;Octubre;19.158
Total nacional;Aragón;Francia;Noviembre;7.793
Total nacional;Aragón;Francia;Diciembre;8.197
Total nacional;Aragón;Grecia;Total;2.922
Total nacional;Aragón;Grecia;Enero;263
Total nacional;Aragón;Grecia;Febrero;167
Total nacional;Aragón;Grecia;Marzo;242
Total nacional;Aragón;Grecia;Abril;111
Total nacional;Aragón;Grecia;Mayo;461
Total nacional;Aragón;Grecia;Junio;154
Total nacional;Aragón;Grecia;Julio;174
Total nacional;Aragón;Grecia;Agosto;223
Total nacional;Aragón;Grecia;Septiembre;276
Total nacional;Aragón;Grecia;Octubre;501
Total nacional;Aragón;Grecia;Noviembre;140
Total nacional;Aragón;Grecia;Diciembre;209
Total nacional;Aragón;Irlanda;Total;8.672
Total nacional;Aragón;Irlanda;Enero;309
Total nacional;Aragón;Irlanda;Febrero;270
Total nacional;Aragón;Irlanda;Marzo;403
Total nacional;Aragón;Irlanda;Abril;415
Total nacional;Aragón;Irlanda;Mayo;1.686
Total nacional;Aragón;Irlanda;Junio;746
Total nacional;Aragón;Irlanda;Julio;851
Total nacional;Aragón;Irlanda;Agosto;925
Total nacional;Aragón;Irlanda;Septiembre;1.429
Total nacional;Aragón;Irlanda;Octubre;843
Total nacional;Aragón;Irlanda;Noviembre;471
Total nacional;Aragón;Irlanda;Diciembre;325
Total nacional;Aragón;Italia;Total;76.334
Total nacional;Aragón;Italia;Enero;5.099
Total nacional;Aragón;Italia;Febrero;4.326
Total nacional;Aragón;Italia;Marzo;5.692
Total nacional;Aragón;Italia;Abril;5.998
Total nacional;Aragón;Italia;Mayo;6.139
Total nacional;Aragón;Italia;Junio;6.006
Total nacional;Aragón;Italia;Julio;6.582
Total nacional;Aragón;Italia;Agosto;12.941
Total nacional;Aragón;Italia;Septiembre;9.843
Total nacional;Aragón;Italia;Octubre;5.822
Total nacional;Aragón;Italia;Noviembre;4.186
Total nacional;Aragón;Italia;Diciembre;3.699
Total nacional;Aragón;Luxemburgo;Total;835
Total nacional;Aragón;Luxemburgo;Enero;..
Total nacional;Aragón;Luxemburgo;Febrero;45
Total nacional;Aragón;Luxemburgo;Marzo;..
Total nacional;Aragón;Luxemburgo;Abril;24
Total nacional;Aragón;Luxemburgo;Mayo;142
Total nacional;Aragón;Luxemburgo;Junio;87
Total nacional;Aragón;Luxemburgo;Julio;121
Total nacional;Aragón;Luxemburgo;Agosto;136
Total nacional;Aragón;Luxemburgo;Septiembre;122
Total nacional;Aragón;Luxemburgo;Octubre;39
Total nacional;Aragón;Luxemburgo;Noviembre;32
Total nacional;Aragón;Luxemburgo;Diciembre;64
Total nacional;Aragón;Países Bajos;Total;32.462
Total nacional;Aragón;Países Bajos;Enero;902
Total nacional;Aragón;Países Bajos;Febrero;1.148
Total nacional;Aragón;Países Bajos;Marzo;1.613
Total nacional;Aragón;Países Bajos;Abril;1.888
Total nacional;Aragón;Países Bajos;Mayo;4.037
Total nacional;Aragón;Países Bajos;Junio;4.480
Total nacional;Aragón;Países Bajos;Julio;4.741
Total nacional;Aragón;Países Bajos;Agosto;4.392
Total nacional;Aragón;Países Bajos;Septiembre;4.688
Total nacional;Aragón;Países Bajos;Octubre;2.024
Total nacional;Aragón;Países Bajos;Noviembre;1.525
Total nacional;Aragón;Países Bajos;Diciembre;1.026
Total nacional;Aragón;Polonia;Total;17.096
Total nacional;Aragón;Polonia;Enero;691
Total nacional;Aragón;Polonia;Febrero;608
Total nacional;Aragón;Polonia;Marzo;762
Total nacional;Aragón;Polonia;Abril;1.058
Total nacional;Aragón;Polonia;Mayo;1.127
Total nacional;Aragón;Polonia;Junio;1.015
Total nacional;Aragón;Polonia;Julio;2.735
Total nacional;Aragón;Polonia;Agosto;2.369
Total nacional;Aragón;Polonia;Septiembre;2.424
Total nacional;Aragón;Polonia;Octubre;1.730
Total nacional;Aragón;Polonia;Noviembre;2.056
Total nacional;Aragón;Polonia;Diciembre;521
Total nacional;Aragón;Portugal;Total;55.833
Total nacional;Aragón;Portugal;Enero;1.469
Total nacional;Aragón;Portugal;Febrero;6.103
Total nacional;Aragón;Portugal;Marzo;7.819
Total nacional;Aragón;Portugal;Abril;5.145
Total nacional;Aragón;Portugal;Mayo;2.684
Total nacional;Aragón;Portugal;Junio;3.478
Total nacional;Aragón;Portugal;Julio;5.183
Total nacional;Aragón;Portugal;Agosto;5.604
Total nacional;Aragón;Portugal;Septiembre;6.424
Total nacional;Aragón;Portugal;Octubre;5.516
Total nacional;Aragón;Portugal;Noviembre;3.075
Total nacional;Aragón;Portugal;Diciembre;3.335
Total nacional;Aragón;Reino Unido;Total;91.069
Total nacional;Aragón;Reino Unido;Enero;3.110
Total nacional;Aragón;Reino Unido;Febrero;4.077
Total nacional;Aragón;Reino Unido;Marzo;7.535
Total nacional;Aragón;Reino Unido;Abril;6.353
Total nacional;Aragón;Reino Unido;Mayo;10.833
Total nacional;Aragón;Reino Unido;Junio;10.131
Total nacional;Aragón;Reino Unido;Julio;10.265
Total nacional;Aragón;Reino Unido;Agosto;10.409
Total nacional;Aragón;Reino Unido;Septiembre;13.332
Total nacional;Aragón;Reino Unido;Octubre;8.236
Total nacional;Aragón;Reino Unido;Noviembre;4.314
Total nacional;Aragón;Reino Unido;Diciembre;2.473
Total nacional;Aragón;República Checa;Total;3.813
Total nacional;Aragón;República Checa;Enero;132
Total nacional;Aragón;República Checa;Febrero;124
Total nacional;Aragón;República Checa;Marzo;215
Total nacional;Aragón;República Checa;Abril;396
Total nacional;Aragón;República Checa;Mayo;602
Total nacional;Aragón;República Checa;Junio;555
Total nacional;Aragón;República Checa;Julio;521
Total nacional;Aragón;República Checa;Agosto;399
Total nacional;Aragón;República Checa;Septiembre;406
Total nacional;Aragón;República Checa;Octubre;182
Total nacional;Aragón;República Checa;Noviembre;222
Total nacional;Aragón;República Checa;Diciembre;61
Total nacional;Aragón;Suecia;Total;5.927
Total nacional;Aragón;Suecia;Enero;185
Total nacional;Aragón;Suecia;Febrero;238
Total nacional;Aragón;Suecia;Marzo;257
Total nacional;Aragón;Suecia;Abril;586
Total nacional;Aragón;Suecia;Mayo;419
Total nacional;Aragón;Suecia;Junio;375
Total nacional;Aragón;Suecia;Julio;704
Total nacional;Aragón;Suecia;Agosto;286
Total nacional;Aragón;Suecia;Septiembre;668
Total nacional;Aragón;Suecia;Octubre;1.459
Total nacional;Aragón;Suecia;Noviembre;507
Total nacional;Aragón;Suecia;Diciembre;243
Total nacional;Aragón;Noruega;Total;6.325
Total nacional;Aragón;Noruega;Enero;194
Total nacional;Aragón;Noruega;Febrero;68
Total nacional;Aragón;Noruega;Marzo;176
Total nacional;Aragón;Noruega;Abril;142
Total nacional;Aragón;Noruega;Mayo;396
Total nacional;Aragón;Noruega;Junio;784
Total nacional;Aragón;Noruega;Julio;2.529
Total nacional;Aragón;Noruega;Agosto;655
Total nacional;Aragón;Noruega;Septiembre;611
Total nacional;Aragón;Noruega;Octubre;421
Total nacional;Aragón;Noruega;Noviembre;311
Total nacional;Aragón;Noruega;Diciembre;40
Total nacional;Aragón;Rusia;Total;12.333
Total nacional;Aragón;Rusia;Enero;638
Total nacional;Aragón;Rusia;Febrero;563
Total nacional;Aragón;Rusia;Marzo;943
Total nacional;Aragón;Rusia;Abril;1.133
Total nacional;Aragón;Rusia;Mayo;1.268
Total nacional;Aragón;Rusia;Junio;1.072
Total nacional;Aragón;Rusia;Julio;1.499
Total nacional;Aragón;Rusia;Agosto;1.923
Total nacional;Aragón;Rusia;Septiembre;1.258
Total nacional;Aragón;Rusia;Octubre;1.001
Total nacional;Aragón;Rusia;Noviembre;547
Total nacional;Aragón;Rusia;Diciembre;488
Total nacional;Aragón;Suiza;Total;13.291
Total nacional;Aragón;Suiza;Enero;726
Total nacional;Aragón;Suiza;Febrero;840
Total nacional;Aragón;Suiza;Marzo;627
Total nacional;Aragón;Suiza;Abril;928
Total nacional;Aragón;Suiza;Mayo;1.385
Total nacional;Aragón;Suiza;Junio;1.347
Total nacional;Aragón;Suiza;Julio;1.449
Total nacional;Aragón;Suiza;Agosto;750
Total nacional;Aragón;Suiza;Septiembre;1.481
Total nacional;Aragón;Suiza;Octubre;2.581
Total nacional;Aragón;Suiza;Noviembre;694
Total nacional;Aragón;Suiza;Diciembre;481
Total nacional;Aragón;Resto de Europa sin U.E.;Total;21.006
Total nacional;Aragón;Resto de Europa sin U.E.;Enero;1.225
Total nacional;Aragón;Resto de Europa sin U.E.;Febrero;1.661
Total nacional;Aragón;Resto de Europa sin U.E.;Marzo;1.669
Total nacional;Aragón;Resto de Europa sin U.E.;Abril;2.303
Total nacional;Aragón;Resto de Europa sin U.E.;Mayo;1.710
Total nacional;Aragón;Resto de Europa sin U.E.;Junio;1.564
Total nacional;Aragón;Resto de Europa sin U.E.;Julio;2.365
Total nacional;Aragón;Resto de Europa sin U.E.;Agosto;1.767
Total nacional;Aragón;Resto de Europa sin U.E.;Septiembre;1.728
Total nacional;Aragón;Resto de Europa sin U.E.;Octubre;1.268
Total nacional;Aragón;Resto de Europa sin U.E.;Noviembre;2.062
Total nacional;Aragón;Resto de Europa sin U.E.;Diciembre;1.683
Total nacional;Aragón;Japón;Total;8.458
Total nacional;Aragón;Japón;Enero;593
Total nacional;Aragón;Japón;Febrero;741
Total nacional;Aragón;Japón;Marzo;708
Total nacional;Aragón;Japón;Abril;620
Total nacional;Aragón;Japón;Mayo;790
Total nacional;Aragón;Japón;Junio;1.314
Total nacional;Aragón;Japón;Julio;409
Total nacional;Aragón;Japón;Agosto;360
Total nacional;Aragón;Japón;Septiembre;1.355
Total nacional;Aragón;Japón;Octubre;895
Total nacional;Aragón;Japón;Noviembre;521
Total nacional;Aragón;Japón;Diciembre;153
Total nacional;Aragón;Estados Unidos;Total;45.016
Total nacional;Aragón;Estados Unidos;Enero;2.157
Total nacional;Aragón;Estados Unidos;Febrero;1.161
Total nacional;Aragón;Estados Unidos;Marzo;2.479
Total nacional;Aragón;Estados Unidos;Abril;4.059
Total nacional;Aragón;Estados Unidos;Mayo;4.423
Total nacional;Aragón;Estados Unidos;Junio;6.030
Total nacional;Aragón;Estados Unidos;Julio;4.949
Total nacional;Aragón;Estados Unidos;Agosto;3.654
Total nacional;Aragón;Estados Unidos;Septiembre;6.986
Total nacional;Aragón;Estados Unidos;Octubre;4.519
Total nacional;Aragón;Estados Unidos;Noviembre;2.912
Total nacional;Aragón;Estados Unidos;Diciembre;1.687
Total nacional;Aragón;Resto de América;Total;78.121
Total nacional;Aragón;Resto de América;Enero;4.129
Total nacional;Aragón;Resto de América;Febrero;4.232
Total nacional;Aragón;Resto de América;Marzo;6.254
Total nacional;Aragón;Resto de América;Abril;5.825
Total nacional;Aragón;Resto de América;Mayo;8.349
Total nacional;Aragón;Resto de América;Junio;8.203
Total nacional;Aragón;Resto de América;Julio;8.018
Total nacional;Aragón;Resto de América;Agosto;6.932
Total nacional;Aragón;Resto de América;Septiembre;8.147
Total nacional;Aragón;Resto de América;Octubre;8.602
Total nacional;Aragón;Resto de América;Noviembre;4.674
Total nacional;Aragón;Resto de América;Diciembre;4.756
Total nacional;Aragón;Países africanos;Total;29.204
Total nacional;Aragón;Países africanos;Enero;640
Total nacional;Aragón;Países africanos;Febrero;988
Total nacional;Aragón;Países africanos;Marzo;1.705
Total nacional;Aragón;Países africanos;Abril;1.270
Total nacional;Aragón;Países africanos;Mayo;1.712
Total nacional;Aragón;Países africanos;Junio;2.651
Total nacional;Aragón;Países africanos;Julio;3.202
Total nacional;Aragón;Países africanos;Agosto;4.867
Total nacional;Aragón;Países africanos;Septiembre;3.861
Total nacional;Aragón;Países africanos;Octubre;3.130
Total nacional;Aragón;Países africanos;Noviembre;2.457
Total nacional;Aragón;Países africanos;Diciembre;2.719
Total nacional;Asturias, Principado de;Total;Total;3.577.385
Total nacional;Asturias, Principado de;Total;Enero;115.219
Total nacional;Asturias, Principado de;Total;Febrero;130.804
Total nacional;Asturias, Principado de;Total;Marzo;168.851
Total nacional;Asturias, Principado de;Total;Abril;318.106
Total nacional;Asturias, Principado de;Total;Mayo;266.552
Total nacional;Asturias, Principado de;Total;Junio;329.310
Total nacional;Asturias, Principado de;Total;Julio;527.630
Total nacional;Asturias, Principado de;Total;Agosto;688.440
Total nacional;Asturias, Principado de;Total;Septiembre;421.984
Total nacional;Asturias, Principado de;Total;Octubre;287.009
Total nacional;Asturias, Principado de;Total;Noviembre;160.220
Total nacional;Asturias, Principado de;Total;Diciembre;163.260
Total nacional;Asturias, Principado de;Residentes en España;Total;3.043.734
Total nacional;Asturias, Principado de;Residentes en España;Enero;102.248
Total nacional;Asturias, Principado de;Residentes en España;Febrero;117.627
Total nacional;Asturias, Principado de;Residentes en España;Marzo;148.123
Total nacional;Asturias, Principado de;Residentes en España;Abril;279.215
Total nacional;Asturias, Principado de;Residentes en España;Mayo;209.923
Total nacional;Asturias, Principado de;Residentes en España;Junio;252.466
Total nacional;Asturias, Principado de;Residentes en España;Julio;445.714
Total nacional;Asturias, Principado de;Residentes en España;Agosto;602.437
Total nacional;Asturias, Principado de;Residentes en España;Septiembre;350.016
Total nacional;Asturias, Principado de;Residentes en España;Octubre;245.854
Total nacional;Asturias, Principado de;Residentes en España;Noviembre;141.828
Total nacional;Asturias, Principado de;Residentes en España;Diciembre;148.283
Total nacional;Asturias, Principado de;No residentes en España;Total;533.651
Total nacional;Asturias, Principado de;No residentes en España;Enero;12.971
Total nacional;Asturias, Principado de;No residentes en España;Febrero;13.177
Total nacional;Asturias, Principado de;No residentes en España;Marzo;20.728
Total nacional;Asturias, Principado de;No residentes en España;Abril;38.891
Total nacional;Asturias, Principado de;No residentes en España;Mayo;56.629
Total nacional;Asturias, Principado de;No residentes en España;Junio;76.845
Total nacional;Asturias, Principado de;No residentes en España;Julio;81.915
Total nacional;Asturias, Principado de;No residentes en España;Agosto;86.003
Total nacional;Asturias, Principado de;No residentes en España;Septiembre;71.968
Total nacional;Asturias, Principado de;No residentes en España;Octubre;41.155
Total nacional;Asturias, Principado de;No residentes en España;Noviembre;18.392
Total nacional;Asturias, Principado de;No residentes en España;Diciembre;14.977
Total nacional;Asturias, Principado de;Unión Europea (sin España);Total;345.576
Total nacional;Asturias, Principado de;Unión Europea (sin España);Enero;8.208
Total nacional;Asturias, Principado de;Unión Europea (sin España);Febrero;6.783
Total nacional;Asturias, Principado de;Unión Europea (sin España);Marzo;12.935
Total nacional;Asturias, Principado de;Unión Europea (sin España);Abril;21.478
Total nacional;Asturias, Principado de;Unión Europea (sin España);Mayo;34.110
Total nacional;Asturias, Principado de;Unión Europea (sin España);Junio;53.407
Total nacional;Asturias, Principado de;Unión Europea (sin España);Julio;52.668
Total nacional;Asturias, Principado de;Unión Europea (sin España);Agosto;65.206
Total nacional;Asturias, Principado de;Unión Europea (sin España);Septiembre;47.619
Total nacional;Asturias, Principado de;Unión Europea (sin España);Octubre;23.822
Total nacional;Asturias, Principado de;Unión Europea (sin España);Noviembre;10.897
Total nacional;Asturias, Principado de;Unión Europea (sin España);Diciembre;8.443
Total nacional;Asturias, Principado de;Alemania;Total;51.819
Total nacional;Asturias, Principado de;Alemania;Enero;1.606
Total nacional;Asturias, Principado de;Alemania;Febrero;1.300
Total nacional;Asturias, Principado de;Alemania;Marzo;2.152
Total nacional;Asturias, Principado de;Alemania;Abril;3.213
Total nacional;Asturias, Principado de;Alemania;Mayo;8.140
Total nacional;Asturias, Principado de;Alemania;Junio;7.072
Total nacional;Asturias, Principado de;Alemania;Julio;6.754
Total nacional;Asturias, Principado de;Alemania;Agosto;7.342
Total nacional;Asturias, Principado de;Alemania;Septiembre;8.739
Total nacional;Asturias, Principado de;Alemania;Octubre;3.169
Total nacional;Asturias, Principado de;Alemania;Noviembre;1.564
Total nacional;Asturias, Principado de;Alemania;Diciembre;768
Total nacional;Asturias, Principado de;Austria;Total;5.537
Total nacional;Asturias, Principado de;Austria;Enero;45
Total nacional;Asturias, Principado de;Austria;Febrero;80
Total nacional;Asturias, Principado de;Austria;Marzo;220
Total nacional;Asturias, Principado de;Austria;Abril;252
Total nacional;Asturias, Principado de;Austria;Mayo;774
Total nacional;Asturias, Principado de;Austria;Junio;962
Total nacional;Asturias, Principado de;Austria;Julio;798
Total nacional;Asturias, Principado de;Austria;Agosto;977
Total nacional;Asturias, Principado de;Austria;Septiembre;1.008
Total nacional;Asturias, Principado de;Austria;Octubre;287
Total nacional;Asturias, Principado de;Austria;Noviembre;61
Total nacional;Asturias, Principado de;Austria;Diciembre;75
Total nacional;Asturias, Principado de;Bélgica;Total;16.475
Total nacional;Asturias, Principado de;Bélgica;Enero;197
Total nacional;Asturias, Principado de;Bélgica;Febrero;403
Total nacional;Asturias, Principado de;Bélgica;Marzo;529
Total nacional;Asturias, Principado de;Bélgica;Abril;645
Total nacional;Asturias, Principado de;Bélgica;Mayo;1.459
Total nacional;Asturias, Principado de;Bélgica;Junio;1.741
Total nacional;Asturias, Principado de;Bélgica;Julio;4.003
Total nacional;Asturias, Principado de;Bélgica;Agosto;3.362
Total nacional;Asturias, Principado de;Bélgica;Septiembre;2.055
Total nacional;Asturias, Principado de;Bélgica;Octubre;973
Total nacional;Asturias, Principado de;Bélgica;Noviembre;597
Total nacional;Asturias, Principado de;Bélgica;Diciembre;510
Total nacional;Asturias, Principado de;Dinamarca;Total;2.472
Total nacional;Asturias, Principado de;Dinamarca;Enero;32
Total nacional;Asturias, Principado de;Dinamarca;Febrero;29
Total nacional;Asturias, Principado de;Dinamarca;Marzo;137
Total nacional;Asturias, Principado de;Dinamarca;Abril;199
Total nacional;Asturias, Principado de;Dinamarca;Mayo;255
Total nacional;Asturias, Principado de;Dinamarca;Junio;263
Total nacional;Asturias, Principado de;Dinamarca;Julio;476
Total nacional;Asturias, Principado de;Dinamarca;Agosto;216
Total nacional;Asturias, Principado de;Dinamarca;Septiembre;437
Total nacional;Asturias, Principado de;Dinamarca;Octubre;303
Total nacional;Asturias, Principado de;Dinamarca;Noviembre;82
Total nacional;Asturias, Principado de;Dinamarca;Diciembre;43
Total nacional;Asturias, Principado de;Finlandia;Total;2.319
Total nacional;Asturias, Principado de;Finlandia;Enero;84
Total nacional;Asturias, Principado de;Finlandia;Febrero;..
Total nacional;Asturias, Principado de;Finlandia;Marzo;106
Total nacional;Asturias, Principado de;Finlandia;Abril;187
Total nacional;Asturias, Principado de;Finlandia;Mayo;479
Total nacional;Asturias, Principado de;Finlandia;Junio;381
Total nacional;Asturias, Principado de;Finlandia;Julio;307
Total nacional;Asturias, Principado de;Finlandia;Agosto;163
Total nacional;Asturias, Principado de;Finlandia;Septiembre;159
Total nacional;Asturias, Principado de;Finlandia;Octubre;365
Total nacional;Asturias, Principado de;Finlandia;Noviembre;..
Total nacional;Asturias, Principado de;Finlandia;Diciembre;51
Total nacional;Asturias, Principado de;Francia;Total;62.192
Total nacional;Asturias, Principado de;Francia;Enero;1.318
Total nacional;Asturias, Principado de;Francia;Febrero;949
Total nacional;Asturias, Principado de;Francia;Marzo;1.514
Total nacional;Asturias, Principado de;Francia;Abril;3.090
Total nacional;Asturias, Principado de;Francia;Mayo;4.669
Total nacional;Asturias, Principado de;Francia;Junio;10.885
Total nacional;Asturias, Principado de;Francia;Julio;8.152
Total nacional;Asturias, Principado de;Francia;Agosto;17.106
Total nacional;Asturias, Principado de;Francia;Septiembre;7.657
Total nacional;Asturias, Principado de;Francia;Octubre;3.681
Total nacional;Asturias, Principado de;Francia;Noviembre;1.554
Total nacional;Asturias, Principado de;Francia;Diciembre;1.617
Total nacional;Asturias, Principado de;Grecia;Total;1.990
Total nacional;Asturias, Principado de;Grecia;Enero;30
Total nacional;Asturias, Principado de;Grecia;Febrero;..
Total nacional;Asturias, Principado de;Grecia;Marzo;..
Total nacional;Asturias, Principado de;Grecia;Abril;466
Total nacional;Asturias, Principado de;Grecia;Mayo;183
Total nacional;Asturias, Principado de;Grecia;Junio;41
Total nacional;Asturias, Principado de;Grecia;Julio;802
Total nacional;Asturias, Principado de;Grecia;Agosto;238
Total nacional;Asturias, Principado de;Grecia;Septiembre;32
Total nacional;Asturias, Principado de;Grecia;Octubre;42
Total nacional;Asturias, Principado de;Grecia;Noviembre;35
Total nacional;Asturias, Principado de;Grecia;Diciembre;79
Total nacional;Asturias, Principado de;Irlanda;Total;7.457
Total nacional;Asturias, Principado de;Irlanda;Enero;135
Total nacional;Asturias, Principado de;Irlanda;Febrero;..
Total nacional;Asturias, Principado de;Irlanda;Marzo;192
Total nacional;Asturias, Principado de;Irlanda;Abril;188
Total nacional;Asturias, Principado de;Irlanda;Mayo;972
Total nacional;Asturias, Principado de;Irlanda;Junio;1.266
Total nacional;Asturias, Principado de;Irlanda;Julio;1.642
Total nacional;Asturias, Principado de;Irlanda;Agosto;1.056
Total nacional;Asturias, Principado de;Irlanda;Septiembre;1.182
Total nacional;Asturias, Principado de;Irlanda;Octubre;521
Total nacional;Asturias, Principado de;Irlanda;Noviembre;181
Total nacional;Asturias, Principado de;Irlanda;Diciembre;..
Total nacional;Asturias, Principado de;Italia;Total;39.583
Total nacional;Asturias, Principado de;Italia;Enero;980
Total nacional;Asturias, Principado de;Italia;Febrero;884
Total nacional;Asturias, Principado de;Italia;Marzo;1.410
Total nacional;Asturias, Principado de;Italia;Abril;1.266
Total nacional;Asturias, Principado de;Italia;Mayo;2.910
Total nacional;Asturias, Principado de;Italia;Junio;6.161
Total nacional;Asturias, Principado de;Italia;Julio;6.095
Total nacional;Asturias, Principado de;Italia;Agosto;10.665
Total nacional;Asturias, Principado de;Italia;Septiembre;4.838
Total nacional;Asturias, Principado de;Italia;Octubre;1.980
Total nacional;Asturias, Principado de;Italia;Noviembre;1.499
Total nacional;Asturias, Principado de;Italia;Diciembre;897
Total nacional;Asturias, Principado de;Luxemburgo;Total;1.125
Total nacional;Asturias, Principado de;Luxemburgo;Enero;40
Total nacional;Asturias, Principado de;Luxemburgo;Febrero;..
Total nacional;Asturias, Principado de;Luxemburgo;Marzo;33
Total nacional;Asturias, Principado de;Luxemburgo;Abril;..
Total nacional;Asturias, Principado de;Luxemburgo;Mayo;61
Total nacional;Asturias, Principado de;Luxemburgo;Junio;65
Total nacional;Asturias, Principado de;Luxemburgo;Julio;284
Total nacional;Asturias, Principado de;Luxemburgo;Agosto;404
Total nacional;Asturias, Principado de;Luxemburgo;Septiembre;148
Total nacional;Asturias, Principado de;Luxemburgo;Octubre;47
Total nacional;Asturias, Principado de;Luxemburgo;Noviembre;..
Total nacional;Asturias, Principado de;Luxemburgo;Diciembre;..
Total nacional;Asturias, Principado de;Países Bajos;Total;18.373
Total nacional;Asturias, Principado de;Países Bajos;Enero;190
Total nacional;Asturias, Principado de;Países Bajos;Febrero;258
Total nacional;Asturias, Principado de;Países Bajos;Marzo;447
Total nacional;Asturias, Principado de;Países Bajos;Abril;795
Total nacional;Asturias, Principado de;Países Bajos;Mayo;1.267
Total nacional;Asturias, Principado de;Países Bajos;Junio;2.685
Total nacional;Asturias, Principado de;Países Bajos;Julio;3.798
Total nacional;Asturias, Principado de;Países Bajos;Agosto;3.130
Total nacional;Asturias, Principado de;Países Bajos;Septiembre;2.837
Total nacional;Asturias, Principado de;Países Bajos;Octubre;2.069
Total nacional;Asturias, Principado de;Países Bajos;Noviembre;549
Total nacional;Asturias, Principado de;Países Bajos;Diciembre;348
Total nacional;Asturias, Principado de;Polonia;Total;10.694
Total nacional;Asturias, Principado de;Polonia;Enero;260
Total nacional;Asturias, Principado de;Polonia;Febrero;95
Total nacional;Asturias, Principado de;Polonia;Marzo;249
Total nacional;Asturias, Principado de;Polonia;Abril;258
Total nacional;Asturias, Principado de;Polonia;Mayo;1.472
Total nacional;Asturias, Principado de;Polonia;Junio;1.180
Total nacional;Asturias, Principado de;Polonia;Julio;2.707
Total nacional;Asturias, Principado de;Polonia;Agosto;1.284
Total nacional;Asturias, Principado de;Polonia;Septiembre;2.247
Total nacional;Asturias, Principado de;Polonia;Octubre;658
Total nacional;Asturias, Principado de;Polonia;Noviembre;117
Total nacional;Asturias, Principado de;Polonia;Diciembre;167
Total nacional;Asturias, Principado de;Portugal;Total;46.595
Total nacional;Asturias, Principado de;Portugal;Enero;1.423
Total nacional;Asturias, Principado de;Portugal;Febrero;1.353
Total nacional;Asturias, Principado de;Portugal;Marzo;1.656
Total nacional;Asturias, Principado de;Portugal;Abril;6.532
Total nacional;Asturias, Principado de;Portugal;Mayo;4.199
Total nacional;Asturias, Principado de;Portugal;Junio;8.418
Total nacional;Asturias, Principado de;Portugal;Julio;4.756
Total nacional;Asturias, Principado de;Portugal;Agosto;6.876
Total nacional;Asturias, Principado de;Portugal;Septiembre;4.085
Total nacional;Asturias, Principado de;Portugal;Octubre;3.345
Total nacional;Asturias, Principado de;Portugal;Noviembre;2.221
Total nacional;Asturias, Principado de;Portugal;Diciembre;1.731
Total nacional;Asturias, Principado de;Reino Unido;Total;58.902
Total nacional;Asturias, Principado de;Reino Unido;Enero;1.000
Total nacional;Asturias, Principado de;Reino Unido;Febrero;895
Total nacional;Asturias, Principado de;Reino Unido;Marzo;3.207
Total nacional;Asturias, Principado de;Reino Unido;Abril;3.128
Total nacional;Asturias, Principado de;Reino Unido;Mayo;5.740
Total nacional;Asturias, Principado de;Reino Unido;Junio;9.513
Total nacional;Asturias, Principado de;Reino Unido;Julio;9.683
Total nacional;Asturias, Principado de;Reino Unido;Agosto;8.893
Total nacional;Asturias, Principado de;Reino Unido;Septiembre;9.608
Total nacional;Asturias, Principado de;Reino Unido;Octubre;4.799
Total nacional;Asturias, Principado de;Reino Unido;Noviembre;1.430
Total nacional;Asturias, Principado de;Reino Unido;Diciembre;1.006
Total nacional;Asturias, Principado de;República Checa;Total;2.360
Total nacional;Asturias, Principado de;República Checa;Enero;44
Total nacional;Asturias, Principado de;República Checa;Febrero;38
Total nacional;Asturias, Principado de;República Checa;Marzo;75
Total nacional;Asturias, Principado de;República Checa;Abril;129
Total nacional;Asturias, Principado de;República Checa;Mayo;93
Total nacional;Asturias, Principado de;República Checa;Junio;390
Total nacional;Asturias, Principado de;República Checa;Julio;204
Total nacional;Asturias, Principado de;República Checa;Agosto;356
Total nacional;Asturias, Principado de;República Checa;Septiembre;429
Total nacional;Asturias, Principado de;República Checa;Octubre;307
Total nacional;Asturias, Principado de;República Checa;Noviembre;206
Total nacional;Asturias, Principado de;República Checa;Diciembre;89
Total nacional;Asturias, Principado de;Suecia;Total;4.873
Total nacional;Asturias, Principado de;Suecia;Enero;104
Total nacional;Asturias, Principado de;Suecia;Febrero;87
Total nacional;Asturias, Principado de;Suecia;Marzo;131
Total nacional;Asturias, Principado de;Suecia;Abril;421
Total nacional;Asturias, Principado de;Suecia;Mayo;235
Total nacional;Asturias, Principado de;Suecia;Junio;978
Total nacional;Asturias, Principado de;Suecia;Julio;942
Total nacional;Asturias, Principado de;Suecia;Agosto;830
Total nacional;Asturias, Principado de;Suecia;Septiembre;838
Total nacional;Asturias, Principado de;Suecia;Octubre;198
Total nacional;Asturias, Principado de;Suecia;Noviembre;60
Total nacional;Asturias, Principado de;Suecia;Diciembre;48
Total nacional;Asturias, Principado de;Noruega;Total;2.791
Total nacional;Asturias, Principado de;Noruega;Enero;36
Total nacional;Asturias, Principado de;Noruega;Febrero;31
Total nacional;Asturias, Principado de;Noruega;Marzo;73
Total nacional;Asturias, Principado de;Noruega;Abril;302
Total nacional;Asturias, Principado de;Noruega;Mayo;301
Total nacional;Asturias, Principado de;Noruega;Junio;209
Total nacional;Asturias, Principado de;Noruega;Julio;518
Total nacional;Asturias, Principado de;Noruega;Agosto;434
Total nacional;Asturias, Principado de;Noruega;Septiembre;446
Total nacional;Asturias, Principado de;Noruega;Octubre;256
Total nacional;Asturias, Principado de;Noruega;Noviembre;125
Total nacional;Asturias, Principado de;Noruega;Diciembre;61
Total nacional;Asturias, Principado de;Rusia;Total;6.880
Total nacional;Asturias, Principado de;Rusia;Enero;74
Total nacional;Asturias, Principado de;Rusia;Febrero;230
Total nacional;Asturias, Principado de;Rusia;Marzo;76
Total nacional;Asturias, Principado de;Rusia;Abril;796
Total nacional;Asturias, Principado de;Rusia;Mayo;554
Total nacional;Asturias, Principado de;Rusia;Junio;884
Total nacional;Asturias, Principado de;Rusia;Julio;945
Total nacional;Asturias, Principado de;Rusia;Agosto;1.398
Total nacional;Asturias, Principado de;Rusia;Septiembre;821
Total nacional;Asturias, Principado de;Rusia;Octubre;648
Total nacional;Asturias, Principado de;Rusia;Noviembre;216
Total nacional;Asturias, Principado de;Rusia;Diciembre;238
Total nacional;Asturias, Principado de;Suiza;Total;9.391
Total nacional;Asturias, Principado de;Suiza;Enero;99
Total nacional;Asturias, Principado de;Suiza;Febrero;85
Total nacional;Asturias, Principado de;Suiza;Marzo;178
Total nacional;Asturias, Principado de;Suiza;Abril;570
Total nacional;Asturias, Principado de;Suiza;Mayo;1.890
Total nacional;Asturias, Principado de;Suiza;Junio;1.033
Total nacional;Asturias, Principado de;Suiza;Julio;1.557
Total nacional;Asturias, Principado de;Suiza;Agosto;2.012
Total nacional;Asturias, Principado de;Suiza;Septiembre;1.160
Total nacional;Asturias, Principado de;Suiza;Octubre;450
Total nacional;Asturias, Principado de;Suiza;Noviembre;115
Total nacional;Asturias, Principado de;Suiza;Diciembre;242
Total nacional;Asturias, Principado de;Resto de Europa sin U.E.;Total;8.259
Total nacional;Asturias, Principado de;Resto de Europa sin U.E.;Enero;223
Total nacional;Asturias, Principado de;Resto de Europa sin U.E.;Febrero;203
Total nacional;Asturias, Principado de;Resto de Europa sin U.E.;Marzo;581
Total nacional;Asturias, Principado de;Resto de Europa sin U.E.;Abril;438
Total nacional;Asturias, Principado de;Resto de Europa sin U.E.;Mayo;516
Total nacional;Asturias, Principado de;Resto de Europa sin U.E.;Junio;940
Total nacional;Asturias, Principado de;Resto de Europa sin U.E.;Julio;855
Total nacional;Asturias, Principado de;Resto de Europa sin U.E.;Agosto;1.283
Total nacional;Asturias, Principado de;Resto de Europa sin U.E.;Septiembre;1.831
Total nacional;Asturias, Principado de;Resto de Europa sin U.E.;Octubre;770
Total nacional;Asturias, Principado de;Resto de Europa sin U.E.;Noviembre;302
Total nacional;Asturias, Principado de;Resto de Europa sin U.E.;Diciembre;317
Total nacional;Asturias, Principado de;Japón;Total;4.927
Total nacional;Asturias, Principado de;Japón;Enero;79
Total nacional;Asturias, Principado de;Japón;Febrero;197
Total nacional;Asturias, Principado de;Japón;Marzo;170
Total nacional;Asturias, Principado de;Japón;Abril;46
Total nacional;Asturias, Principado de;Japón;Mayo;371
Total nacional;Asturias, Principado de;Japón;Junio;2.727
Total nacional;Asturias, Principado de;Japón;Julio;322
Total nacional;Asturias, Principado de;Japón;Agosto;249
Total nacional;Asturias, Principado de;Japón;Septiembre;498
Total nacional;Asturias, Principado de;Japón;Octubre;91
Total nacional;Asturias, Principado de;Japón;Noviembre;105
Total nacional;Asturias, Principado de;Japón;Diciembre;73
Total nacional;Asturias, Principado de;Estados Unidos;Total;42.071
Total nacional;Asturias, Principado de;Estados Unidos;Enero;349
Total nacional;Asturias, Principado de;Estados Unidos;Febrero;1.458
Total nacional;Asturias, Principado de;Estados Unidos;Marzo;1.092
Total nacional;Asturias, Principado de;Estados Unidos;Abril;3.359
Total nacional;Asturias, Principado de;Estados Unidos;Mayo;5.068
Total nacional;Asturias, Principado de;Estados Unidos;Junio;5.501
Total nacional;Asturias, Principado de;Estados Unidos;Julio;7.219
Total nacional;Asturias, Principado de;Estados Unidos;Agosto;4.158
Total nacional;Asturias, Principado de;Estados Unidos;Septiembre;5.424
Total nacional;Asturias, Principado de;Estados Unidos;Octubre;5.730
Total nacional;Asturias, Principado de;Estados Unidos;Noviembre;1.162
Total nacional;Asturias, Principado de;Estados Unidos;Diciembre;1.552
Total nacional;Asturias, Principado de;Resto de América;Total;76.631
Total nacional;Asturias, Principado de;Resto de América;Enero;2.755
Total nacional;Asturias, Principado de;Resto de América;Febrero;3.166
Total nacional;Asturias, Principado de;Resto de América;Marzo;3.378
Total nacional;Asturias, Principado de;Resto de América;Abril;6.360
Total nacional;Asturias, Principado de;Resto de América;Mayo;9.728
Total nacional;Asturias, Principado de;Resto de América;Junio;8.279
Total nacional;Asturias, Principado de;Resto de América;Julio;10.319
Total nacional;Asturias, Principado de;Resto de América;Agosto;8.311
Total nacional;Asturias, Principado de;Resto de América;Septiembre;10.503
Total nacional;Asturias, Principado de;Resto de América;Octubre;7.115
Total nacional;Asturias, Principado de;Resto de América;Noviembre;3.827
Total nacional;Asturias, Principado de;Resto de América;Diciembre;2.889
Total nacional;Asturias, Principado de;Países africanos;Total;4.758
Total nacional;Asturias, Principado de;Países africanos;Enero;158
Total nacional;Asturias, Principado de;Países africanos;Febrero;256
Total nacional;Asturias, Principado de;Países africanos;Marzo;684
Total nacional;Asturias, Principado de;Países africanos;Abril;398
Total nacional;Asturias, Principado de;Países africanos;Mayo;779
Total nacional;Asturias, Principado de;Países africanos;Junio;492
Total nacional;Asturias, Principado de;Países africanos;Julio;471
Total nacional;Asturias, Principado de;Países africanos;Agosto;290
Total nacional;Asturias, Principado de;Países africanos;Septiembre;745
Total nacional;Asturias, Principado de;Países africanos;Octubre;167
Total nacional;Asturias, Principado de;Países africanos;Noviembre;193
Total nacional;Asturias, Principado de;Países africanos;Diciembre;125
Total nacional;Balears, Illes;Total;Total;59.375.940
Total nacional;Balears, Illes;Total;Enero;224.756
Total nacional;Balears, Illes;Total;Febrero;522.678
Total nacional;Balears, Illes;Total;Marzo;1.215.890
Total nacional;Balears, Illes;Total;Abril;2.954.104
Total nacional;Balears, Illes;Total;Mayo;7.422.865
Total nacional;Balears, Illes;Total;Junio;9.420.349
Total nacional;Balears, Illes;Total;Julio;10.677.426
Total nacional;Balears, Illes;Total;Agosto;10.839.522
Total nacional;Balears, Illes;Total;Septiembre;9.242.703
Total nacional;Balears, Illes;Total;Octubre;6.168.244
Total nacional;Balears, Illes;Total;Noviembre;448.812
Total nacional;Balears, Illes;Total;Diciembre;238.590
Total nacional;Balears, Illes;Residentes en España;Total;5.165.589
Total nacional;Balears, Illes;Residentes en España;Enero;55.492
Total nacional;Balears, Illes;Residentes en España;Febrero;167.520
Total nacional;Balears, Illes;Residentes en España;Marzo;342.116
Total nacional;Balears, Illes;Residentes en España;Abril;409.113
Total nacional;Balears, Illes;Residentes en España;Mayo;497.317
Total nacional;Balears, Illes;Residentes en España;Junio;702.774
Total nacional;Balears, Illes;Residentes en España;Julio;805.712
Total nacional;Balears, Illes;Residentes en España;Agosto;911.072
Total nacional;Balears, Illes;Residentes en España;Septiembre;616.259
Total nacional;Balears, Illes;Residentes en España;Octubre;410.747
Total nacional;Balears, Illes;Residentes en España;Noviembre;156.305
Total nacional;Balears, Illes;Residentes en España;Diciembre;91.163
Total nacional;Balears, Illes;No residentes en España;Total;54.210.351
Total nacional;Balears, Illes;No residentes en España;Enero;169.263
Total nacional;Balears, Illes;No residentes en España;Febrero;355.159
Total nacional;Balears, Illes;No residentes en España;Marzo;873.775
Total nacional;Balears, Illes;No residentes en España;Abril;2.544.992
Total nacional;Balears, Illes;No residentes en España;Mayo;6.925.548
Total nacional;Balears, Illes;No residentes en España;Junio;8.717.575
Total nacional;Balears, Illes;No residentes en España;Julio;9.871.714
Total nacional;Balears, Illes;No residentes en España;Agosto;9.928.450
Total nacional;Balears, Illes;No residentes en España;Septiembre;8.626.444
Total nacional;Balears, Illes;No residentes en España;Octubre;5.757.497
Total nacional;Balears, Illes;No residentes en España;Noviembre;292.508
Total nacional;Balears, Illes;No residentes en España;Diciembre;147.427
Total nacional;Balears, Illes;Unión Europea (sin España);Total;49.689.525
Total nacional;Balears, Illes;Unión Europea (sin España);Enero;153.267
Total nacional;Balears, Illes;Unión Europea (sin España);Febrero;328.530
Total nacional;Balears, Illes;Unión Europea (sin España);Marzo;806.437
Total nacional;Balears, Illes;Unión Europea (sin España);Abril;2.302.204
Total nacional;Balears, Illes;Unión Europea (sin España);Mayo;6.484.507
Total nacional;Balears, Illes;Unión Europea (sin España);Junio;8.032.518
Total nacional;Balears, Illes;Unión Europea (sin España);Julio;8.841.673
Total nacional;Balears, Illes;Unión Europea (sin España);Agosto;9.087.182
Total nacional;Balears, Illes;Unión Europea (sin España);Septiembre;7.916.562
Total nacional;Balears, Illes;Unión Europea (sin España);Octubre;5.346.295
Total nacional;Balears, Illes;Unión Europea (sin España);Noviembre;262.329
Total nacional;Balears, Illes;Unión Europea (sin España);Diciembre;128.022
Total nacional;Balears, Illes;Alemania;Total;21.761.424
Total nacional;Balears, Illes;Alemania;Enero;113.935
Total nacional;Balears, Illes;Alemania;Febrero;257.082
Total nacional;Balears, Illes;Alemania;Marzo;588.035
Total nacional;Balears, Illes;Alemania;Abril;1.338.465
Total nacional;Balears, Illes;Alemania;Mayo;2.823.800
Total nacional;Balears, Illes;Alemania;Junio;3.392.409
Total nacional;Balears, Illes;Alemania;Julio;3.482.330
Total nacional;Balears, Illes;Alemania;Agosto;3.257.641
Total nacional;Balears, Illes;Alemania;Septiembre;3.367.555
Total nacional;Balears, Illes;Alemania;Octubre;2.897.714
Total nacional;Balears, Illes;Alemania;Noviembre;166.776
Total nacional;Balears, Illes;Alemania;Diciembre;75.682
Total nacional;Balears, Illes;Austria;Total;752.622
Total nacional;Balears, Illes;Austria;Enero;2.970
Total nacional;Balears, Illes;Austria;Febrero;8.838
Total nacional;Balears, Illes;Austria;Marzo;14.775
Total nacional;Balears, Illes;Austria;Abril;41.150
Total nacional;Balears, Illes;Austria;Mayo;87.136
Total nacional;Balears, Illes;Austria;Junio;103.750
Total nacional;Balears, Illes;Austria;Julio;159.626
Total nacional;Balears, Illes;Austria;Agosto;139.064
Total nacional;Balears, Illes;Austria;Septiembre;119.294
Total nacional;Balears, Illes;Austria;Octubre;63.611
Total nacional;Balears, Illes;Austria;Noviembre;9.634
Total nacional;Balears, Illes;Austria;Diciembre;2.775
Total nacional;Balears, Illes;Bélgica;Total;710.915
Total nacional;Balears, Illes;Bélgica;Enero;3.061
Total nacional;Balears, Illes;Bélgica;Febrero;2.281
Total nacional;Balears, Illes;Bélgica;Marzo;7.931
Total nacional;Balears, Illes;Bélgica;Abril;42.225
Total nacional;Balears, Illes;Bélgica;Mayo;95.803
Total nacional;Balears, Illes;Bélgica;Junio;89.447
Total nacional;Balears, Illes;Bélgica;Julio;163.442
Total nacional;Balears, Illes;Bélgica;Agosto;134.641
Total nacional;Balears, Illes;Bélgica;Septiembre;114.019
Total nacional;Balears, Illes;Bélgica;Octubre;52.786
Total nacional;Balears, Illes;Bélgica;Noviembre;4.015
Total nacional;Balears, Illes;Bélgica;Diciembre;1.266
Total nacional;Balears, Illes;Dinamarca;Total;919.261
Total nacional;Balears, Illes;Dinamarca;Enero;1.498
Total nacional;Balears, Illes;Dinamarca;Febrero;5.007
Total nacional;Balears, Illes;Dinamarca;Marzo;14.864
Total nacional;Balears, Illes;Dinamarca;Abril;45.956
Total nacional;Balears, Illes;Dinamarca;Mayo;97.049
Total nacional;Balears, Illes;Dinamarca;Junio;145.208
Total nacional;Balears, Illes;Dinamarca;Julio;236.064
Total nacional;Balears, Illes;Dinamarca;Agosto;152.150
Total nacional;Balears, Illes;Dinamarca;Septiembre;121.019
Total nacional;Balears, Illes;Dinamarca;Octubre;96.047
Total nacional;Balears, Illes;Dinamarca;Noviembre;3.295
Total nacional;Balears, Illes;Dinamarca;Diciembre;1.105
Total nacional;Balears, Illes;Finlandia;Total;240.347
Total nacional;Balears, Illes;Finlandia;Enero;1.008
Total nacional;Balears, Illes;Finlandia;Febrero;1.935
Total nacional;Balears, Illes;Finlandia;Marzo;4.990
Total nacional;Balears, Illes;Finlandia;Abril;19.803
Total nacional;Balears, Illes;Finlandia;Mayo;27.661
Total nacional;Balears, Illes;Finlandia;Junio;37.830
Total nacional;Balears, Illes;Finlandia;Julio;35.708
Total nacional;Balears, Illes;Finlandia;Agosto;33.963
Total nacional;Balears, Illes;Finlandia;Septiembre;33.988
Total nacional;Balears, Illes;Finlandia;Octubre;36.903
Total nacional;Balears, Illes;Finlandia;Noviembre;4.029
Total nacional;Balears, Illes;Finlandia;Diciembre;2.530
Total nacional;Balears, Illes;Francia;Total;2.101.998
Total nacional;Balears, Illes;Francia;Enero;4.589
Total nacional;Balears, Illes;Francia;Febrero;6.484
Total nacional;Balears, Illes;Francia;Marzo;14.000
Total nacional;Balears, Illes;Francia;Abril;136.680
Total nacional;Balears, Illes;Francia;Mayo;294.179
Total nacional;Balears, Illes;Francia;Junio;267.450
Total nacional;Balears, Illes;Francia;Julio;384.206
Total nacional;Balears, Illes;Francia;Agosto;504.747
Total nacional;Balears, Illes;Francia;Septiembre;317.112
Total nacional;Balears, Illes;Francia;Octubre;158.710
Total nacional;Balears, Illes;Francia;Noviembre;8.650
Total nacional;Balears, Illes;Francia;Diciembre;5.192
Total nacional;Balears, Illes;Grecia;Total;20.855
Total nacional;Balears, Illes;Grecia;Enero;261
Total nacional;Balears, Illes;Grecia;Febrero;129
Total nacional;Balears, Illes;Grecia;Marzo;597
Total nacional;Balears, Illes;Grecia;Abril;831
Total nacional;Balears, Illes;Grecia;Mayo;2.925
Total nacional;Balears, Illes;Grecia;Junio;3.991
Total nacional;Balears, Illes;Grecia;Julio;3.655
Total nacional;Balears, Illes;Grecia;Agosto;3.184
Total nacional;Balears, Illes;Grecia;Septiembre;1.949
Total nacional;Balears, Illes;Grecia;Octubre;2.950
Total nacional;Balears, Illes;Grecia;Noviembre;280
Total nacional;Balears, Illes;Grecia;Diciembre;102
Total nacional;Balears, Illes;Irlanda;Total;396.428
Total nacional;Balears, Illes;Irlanda;Enero;266
Total nacional;Balears, Illes;Irlanda;Febrero;579
Total nacional;Balears, Illes;Irlanda;Marzo;3.615
Total nacional;Balears, Illes;Irlanda;Abril;16.901
Total nacional;Balears, Illes;Irlanda;Mayo;54.429
Total nacional;Balears, Illes;Irlanda;Junio;88.708
Total nacional;Balears, Illes;Irlanda;Julio;67.374
Total nacional;Balears, Illes;Irlanda;Agosto;76.469
Total nacional;Balears, Illes;Irlanda;Septiembre;57.223
Total nacional;Balears, Illes;Irlanda;Octubre;29.607
Total nacional;Balears, Illes;Irlanda;Noviembre;930
Total nacional;Balears, Illes;Irlanda;Diciembre;327
Total nacional;Balears, Illes;Italia;Total;2.003.598
Total nacional;Balears, Illes;Italia;Enero;2.811
Total nacional;Balears, Illes;Italia;Febrero;4.299
Total nacional;Balears, Illes;Italia;Marzo;7.872
Total nacional;Balears, Illes;Italia;Abril;26.694
Total nacional;Balears, Illes;Italia;Mayo;103.467
Total nacional;Balears, Illes;Italia;Junio;323.923
Total nacional;Balears, Illes;Italia;Julio;485.727
Total nacional;Balears, Illes;Italia;Agosto;635.244
Total nacional;Balears, Illes;Italia;Septiembre;323.475
Total nacional;Balears, Illes;Italia;Octubre;79.794
Total nacional;Balears, Illes;Italia;Noviembre;7.961
Total nacional;Balears, Illes;Italia;Diciembre;2.330
Total nacional;Balears, Illes;Luxemburgo;Total;144.187
Total nacional;Balears, Illes;Luxemburgo;Enero;1.039
Total nacional;Balears, Illes;Luxemburgo;Febrero;826
Total nacional;Balears, Illes;Luxemburgo;Marzo;1.550
Total nacional;Balears, Illes;Luxemburgo;Abril;9.390
Total nacional;Balears, Illes;Luxemburgo;Mayo;22.383
Total nacional;Balears, Illes;Luxemburgo;Junio;23.435
Total nacional;Balears, Illes;Luxemburgo;Julio;19.165
Total nacional;Balears, Illes;Luxemburgo;Agosto;28.062
Total nacional;Balears, Illes;Luxemburgo;Septiembre;28.669
Total nacional;Balears, Illes;Luxemburgo;Octubre;8.813
Total nacional;Balears, Illes;Luxemburgo;Noviembre;526
Total nacional;Balears, Illes;Luxemburgo;Diciembre;326
Total nacional;Balears, Illes;Países Bajos;Total;2.022.910
Total nacional;Balears, Illes;Países Bajos;Enero;1.888
Total nacional;Balears, Illes;Países Bajos;Febrero;6.128
Total nacional;Balears, Illes;Países Bajos;Marzo;11.977
Total nacional;Balears, Illes;Países Bajos;Abril;102.520
Total nacional;Balears, Illes;Países Bajos;Mayo;285.578
Total nacional;Balears, Illes;Países Bajos;Junio;254.951
Total nacional;Balears, Illes;Países Bajos;Julio;407.861
Total nacional;Balears, Illes;Países Bajos;Agosto;440.328
Total nacional;Balears, Illes;Países Bajos;Septiembre;298.283
Total nacional;Balears, Illes;Países Bajos;Octubre;206.839
Total nacional;Balears, Illes;Países Bajos;Noviembre;4.241
Total nacional;Balears, Illes;Países Bajos;Diciembre;2.317
Total nacional;Balears, Illes;Polonia;Total;736.407
Total nacional;Balears, Illes;Polonia;Enero;533
Total nacional;Balears, Illes;Polonia;Febrero;1.067
Total nacional;Balears, Illes;Polonia;Marzo;3.675
Total nacional;Balears, Illes;Polonia;Abril;12.596
Total nacional;Balears, Illes;Polonia;Mayo;79.066
Total nacional;Balears, Illes;Polonia;Junio;118.666
Total nacional;Balears, Illes;Polonia;Julio;142.819
Total nacional;Balears, Illes;Polonia;Agosto;176.072
Total nacional;Balears, Illes;Polonia;Septiembre;150.237
Total nacional;Balears, Illes;Polonia;Octubre;46.599
Total nacional;Balears, Illes;Polonia;Noviembre;3.610
Total nacional;Balears, Illes;Polonia;Diciembre;1.467
Total nacional;Balears, Illes;Portugal;Total;557.825
Total nacional;Balears, Illes;Portugal;Enero;805
Total nacional;Balears, Illes;Portugal;Febrero;826
Total nacional;Balears, Illes;Portugal;Marzo;1.201
Total nacional;Balears, Illes;Portugal;Abril;8.831
Total nacional;Balears, Illes;Portugal;Mayo;29.518
Total nacional;Balears, Illes;Portugal;Junio;89.701
Total nacional;Balears, Illes;Portugal;Julio;147.796
Total nacional;Balears, Illes;Portugal;Agosto;144.675
Total nacional;Balears, Illes;Portugal;Septiembre;110.817
Total nacional;Balears, Illes;Portugal;Octubre;19.851
Total nacional;Balears, Illes;Portugal;Noviembre;2.287
Total nacional;Balears, Illes;Portugal;Diciembre;1.517
Total nacional;Balears, Illes;Reino Unido;Total;14.408.937
Total nacional;Balears, Illes;Reino Unido;Enero;11.534
Total nacional;Balears, Illes;Reino Unido;Febrero;23.311
Total nacional;Balears, Illes;Reino Unido;Marzo;102.620
Total nacional;Balears, Illes;Reino Unido;Abril;397.893
Total nacional;Balears, Illes;Reino Unido;Mayo;2.108.234
Total nacional;Balears, Illes;Reino Unido;Junio;2.550.053
Total nacional;Balears, Illes;Reino Unido;Julio;2.592.047
Total nacional;Balears, Illes;Reino Unido;Agosto;2.762.289
Total nacional;Balears, Illes;Reino Unido;Septiembre;2.359.181
Total nacional;Balears, Illes;Reino Unido;Octubre;1.452.014
Total nacional;Balears, Illes;Reino Unido;Noviembre;27.984
Total nacional;Balears, Illes;Reino Unido;Diciembre;21.778
Total nacional;Balears, Illes;República Checa;Total;453.981
Total nacional;Balears, Illes;República Checa;Enero;315
Total nacional;Balears, Illes;República Checa;Febrero;828
Total nacional;Balears, Illes;República Checa;Marzo;2.281
Total nacional;Balears, Illes;República Checa;Abril;4.432
Total nacional;Balears, Illes;República Checa;Mayo;19.379
Total nacional;Balears, Illes;República Checa;Junio;79.087
Total nacional;Balears, Illes;República Checa;Julio;112.554
Total nacional;Balears, Illes;República Checa;Agosto;102.871
Total nacional;Balears, Illes;República Checa;Septiembre;117.610
Total nacional;Balears, Illes;República Checa;Octubre;13.226
Total nacional;Balears, Illes;República Checa;Noviembre;688
Total nacional;Balears, Illes;República Checa;Diciembre;710
Total nacional;Balears, Illes;Suecia;Total;1.827.602
Total nacional;Balears, Illes;Suecia;Enero;5.137
Total nacional;Balears, Illes;Suecia;Febrero;6.487
Total nacional;Balears, Illes;Suecia;Marzo;20.866
Total nacional;Balears, Illes;Suecia;Abril;80.251
Total nacional;Balears, Illes;Suecia;Mayo;300.163
Total nacional;Balears, Illes;Suecia;Junio;365.211
Total nacional;Balears, Illes;Suecia;Julio;275.898
Total nacional;Balears, Illes;Suecia;Agosto;352.658
Total nacional;Balears, Illes;Suecia;Septiembre;271.295
Total nacional;Balears, Illes;Suecia;Octubre;131.771
Total nacional;Balears, Illes;Suecia;Noviembre;12.060
Total nacional;Balears, Illes;Suecia;Diciembre;5.806
Total nacional;Balears, Illes;Noruega;Total;713.421
Total nacional;Balears, Illes;Noruega;Enero;1.196
Total nacional;Balears, Illes;Noruega;Febrero;2.793
Total nacional;Balears, Illes;Noruega;Marzo;6.380
Total nacional;Balears, Illes;Noruega;Abril;56.394
Total nacional;Balears, Illes;Noruega;Mayo;90.107
Total nacional;Balears, Illes;Noruega;Junio;144.547
Total nacional;Balears, Illes;Noruega;Julio;159.048
Total nacional;Balears, Illes;Noruega;Agosto;90.360
Total nacional;Balears, Illes;Noruega;Septiembre;100.823
Total nacional;Balears, Illes;Noruega;Octubre;57.627
Total nacional;Balears, Illes;Noruega;Noviembre;3.031
Total nacional;Balears, Illes;Noruega;Diciembre;1.114
Total nacional;Balears, Illes;Rusia;Total;609.278
Total nacional;Balears, Illes;Rusia;Enero;755
Total nacional;Balears, Illes;Rusia;Febrero;679
Total nacional;Balears, Illes;Rusia;Marzo;2.005
Total nacional;Balears, Illes;Rusia;Abril;10.359
Total nacional;Balears, Illes;Rusia;Mayo;39.842
Total nacional;Balears, Illes;Rusia;Junio;102.935
Total nacional;Balears, Illes;Rusia;Julio;131.132
Total nacional;Balears, Illes;Rusia;Agosto;166.123
Total nacional;Balears, Illes;Rusia;Septiembre;121.987
Total nacional;Balears, Illes;Rusia;Octubre;31.711
Total nacional;Balears, Illes;Rusia;Noviembre;1.268
Total nacional;Balears, Illes;Rusia;Diciembre;483
Total nacional;Balears, Illes;Suiza;Total;1.616.895
Total nacional;Balears, Illes;Suiza;Enero;4.607
Total nacional;Balears, Illes;Suiza;Febrero;11.608
Total nacional;Balears, Illes;Suiza;Marzo;33.363
Total nacional;Balears, Illes;Suiza;Abril;111.488
Total nacional;Balears, Illes;Suiza;Mayo;172.029
Total nacional;Balears, Illes;Suiza;Junio;220.889
Total nacional;Balears, Illes;Suiza;Julio;368.744
Total nacional;Balears, Illes;Suiza;Agosto;237.569
Total nacional;Balears, Illes;Suiza;Septiembre;236.682
Total nacional;Balears, Illes;Suiza;Octubre;206.964
Total nacional;Balears, Illes;Suiza;Noviembre;6.916
Total nacional;Balears, Illes;Suiza;Diciembre;6.037
Total nacional;Balears, Illes;Resto de Europa sin U.E.;Total;424.724
Total nacional;Balears, Illes;Resto de Europa sin U.E.;Enero;844
Total nacional;Balears, Illes;Resto de Europa sin U.E.;Febrero;2.170
Total nacional;Balears, Illes;Resto de Europa sin U.E.;Marzo;5.941
Total nacional;Balears, Illes;Resto de Europa sin U.E.;Abril;15.557
Total nacional;Balears, Illes;Resto de Europa sin U.E.;Mayo;27.883
Total nacional;Balears, Illes;Resto de Europa sin U.E.;Junio;66.261
Total nacional;Balears, Illes;Resto de Europa sin U.E.;Julio;109.863
Total nacional;Balears, Illes;Resto de Europa sin U.E.;Agosto;98.495
Total nacional;Balears, Illes;Resto de Europa sin U.E.;Septiembre;69.605
Total nacional;Balears, Illes;Resto de Europa sin U.E.;Octubre;25.487
Total nacional;Balears, Illes;Resto de Europa sin U.E.;Noviembre;1.369
Total nacional;Balears, Illes;Resto de Europa sin U.E.;Diciembre;1.248
Total nacional;Balears, Illes;Japón;Total;22.713
Total nacional;Balears, Illes;Japón;Enero;474
Total nacional;Balears, Illes;Japón;Febrero;519
Total nacional;Balears, Illes;Japón;Marzo;653
Total nacional;Balears, Illes;Japón;Abril;940
Total nacional;Balears, Illes;Japón;Mayo;1.491
Total nacional;Balears, Illes;Japón;Junio;2.621
Total nacional;Balears, Illes;Japón;Julio;4.187
Total nacional;Balears, Illes;Japón;Agosto;5.287
Total nacional;Balears, Illes;Japón;Septiembre;3.638
Total nacional;Balears, Illes;Japón;Octubre;1.817
Total nacional;Balears, Illes;Japón;Noviembre;459
Total nacional;Balears, Illes;Japón;Diciembre;627
Total nacional;Balears, Illes;Estados Unidos;Total;327.238
Total nacional;Balears, Illes;Estados Unidos;Enero;1.848
Total nacional;Balears, Illes;Estados Unidos;Febrero;2.273
Total nacional;Balears, Illes;Estados Unidos;Marzo;6.572
Total nacional;Balears, Illes;Estados Unidos;Abril;19.111
Total nacional;Balears, Illes;Estados Unidos;Mayo;31.236
Total nacional;Balears, Illes;Estados Unidos;Junio;43.111
Total nacional;Balears, Illes;Estados Unidos;Julio;80.716
Total nacional;Balears, Illes;Estados Unidos;Agosto;63.382
Total nacional;Balears, Illes;Estados Unidos;Septiembre;50.207
Total nacional;Balears, Illes;Estados Unidos;Octubre;22.200
Total nacional;Balears, Illes;Estados Unidos;Noviembre;4.321
Total nacional;Balears, Illes;Estados Unidos;Diciembre;2.262
Total nacional;Balears, Illes;Resto de América;Total;273.855
Total nacional;Balears, Illes;Resto de América;Enero;1.824
Total nacional;Balears, Illes;Resto de América;Febrero;2.388
Total nacional;Balears, Illes;Resto de América;Marzo;3.902
Total nacional;Balears, Illes;Resto de América;Abril;10.175
Total nacional;Balears, Illes;Resto de América;Mayo;26.171
Total nacional;Balears, Illes;Resto de América;Junio;43.703
Total nacional;Balears, Illes;Resto de América;Julio;61.027
Total nacional;Balears, Illes;Resto de América;Agosto;52.164
Total nacional;Balears, Illes;Resto de América;Septiembre;45.182
Total nacional;Balears, Illes;Resto de América;Octubre;21.493
Total nacional;Balears, Illes;Resto de América;Noviembre;3.913
Total nacional;Balears, Illes;Resto de América;Diciembre;1.913
Total nacional;Balears, Illes;Países africanos;Total;67.341
Total nacional;Balears, Illes;Países africanos;Enero;527
Total nacional;Balears, Illes;Países africanos;Febrero;410
Total nacional;Balears, Illes;Países africanos;Marzo;1.152
Total nacional;Balears, Illes;Países africanos;Abril;2.275
Total nacional;Balears, Illes;Países africanos;Mayo;5.942
Total nacional;Balears, Illes;Países africanos;Junio;6.057
Total nacional;Balears, Illes;Países africanos;Julio;13.857
Total nacional;Balears, Illes;Países africanos;Agosto;22.480
Total nacional;Balears, Illes;Países africanos;Septiembre;7.006
Total nacional;Balears, Illes;Países africanos;Octubre;5.540
Total nacional;Balears, Illes;Países africanos;Noviembre;1.013
Total nacional;Balears, Illes;Países africanos;Diciembre;1.083
Total nacional;Canarias;Total;Total;71.017.213
Total nacional;Canarias;Total;Enero;5.858.214
Total nacional;Canarias;Total;Febrero;5.431.297
Total nacional;Canarias;Total;Marzo;5.849.571
Total nacional;Canarias;Total;Abril;5.861.018
Total nacional;Canarias;Total;Mayo;5.252.323
Total nacional;Canarias;Total;Junio;5.654.437
Total nacional;Canarias;Total;Julio;6.703.140
Total nacional;Canarias;Total;Agosto;7.040.351
Total nacional;Canarias;Total;Septiembre;5.938.904
Total nacional;Canarias;Total;Octubre;6.241.786
Total nacional;Canarias;Total;Noviembre;5.722.846
Total nacional;Canarias;Total;Diciembre;5.463.327
Total nacional;Canarias;Residentes en España;Total;8.047.677
Total nacional;Canarias;Residentes en España;Enero;430.545
Total nacional;Canarias;Residentes en España;Febrero;390.804
Total nacional;Canarias;Residentes en España;Marzo;445.780
Total nacional;Canarias;Residentes en España;Abril;681.517
Total nacional;Canarias;Residentes en España;Mayo;651.124
Total nacional;Canarias;Residentes en España;Junio;751.768
Total nacional;Canarias;Residentes en España;Julio;1.016.676
Total nacional;Canarias;Residentes en España;Agosto;1.269.308
Total nacional;Canarias;Residentes en España;Septiembre;836.776
Total nacional;Canarias;Residentes en España;Octubre;606.043
Total nacional;Canarias;Residentes en España;Noviembre;441.137
Total nacional;Canarias;Residentes en España;Diciembre;526.199
Total nacional;Canarias;No residentes en España;Total;62.969.536
Total nacional;Canarias;No residentes en España;Enero;5.427.669
Total nacional;Canarias;No residentes en España;Febrero;5.040.492
Total nacional;Canarias;No residentes en España;Marzo;5.403.791
Total nacional;Canarias;No residentes en España;Abril;5.179.501
Total nacional;Canarias;No residentes en España;Mayo;4.601.199
Total nacional;Canarias;No residentes en España;Junio;4.902.669
Total nacional;Canarias;No residentes en España;Julio;5.686.463
Total nacional;Canarias;No residentes en España;Agosto;5.771.043
Total nacional;Canarias;No residentes en España;Septiembre;5.102.128
Total nacional;Canarias;No residentes en España;Octubre;5.635.742
Total nacional;Canarias;No residentes en España;Noviembre;5.281.709
Total nacional;Canarias;No residentes en España;Diciembre;4.937.129
Total nacional;Canarias;Unión Europea (sin España);Total;58.490.541
Total nacional;Canarias;Unión Europea (sin España);Enero;5.008.408
Total nacional;Canarias;Unión Europea (sin España);Febrero;4.637.070
Total nacional;Canarias;Unión Europea (sin España);Marzo;4.995.163
Total nacional;Canarias;Unión Europea (sin España);Abril;4.810.069
Total nacional;Canarias;Unión Europea (sin España);Mayo;4.341.313
Total nacional;Canarias;Unión Europea (sin España);Junio;4.649.877
Total nacional;Canarias;Unión Europea (sin España);Julio;5.286.681
Total nacional;Canarias;Unión Europea (sin España);Agosto;5.431.533
Total nacional;Canarias;Unión Europea (sin España);Septiembre;4.801.004
Total nacional;Canarias;Unión Europea (sin España);Octubre;5.163.980
Total nacional;Canarias;Unión Europea (sin España);Noviembre;4.824.021
Total nacional;Canarias;Unión Europea (sin España);Diciembre;4.541.421
Total nacional;Canarias;Alemania;Total;18.240.650
Total nacional;Canarias;Alemania;Enero;1.564.815
Total nacional;Canarias;Alemania;Febrero;1.344.908
Total nacional;Canarias;Alemania;Marzo;1.544.023
Total nacional;Canarias;Alemania;Abril;1.368.175
Total nacional;Canarias;Alemania;Mayo;1.380.989
Total nacional;Canarias;Alemania;Junio;1.561.046
Total nacional;Canarias;Alemania;Julio;1.663.572
Total nacional;Canarias;Alemania;Agosto;1.491.419
Total nacional;Canarias;Alemania;Septiembre;1.525.425
Total nacional;Canarias;Alemania;Octubre;1.696.055
Total nacional;Canarias;Alemania;Noviembre;1.697.114
Total nacional;Canarias;Alemania;Diciembre;1.403.109
Total nacional;Canarias;Austria;Total;579.750
Total nacional;Canarias;Austria;Enero;57.924
Total nacional;Canarias;Austria;Febrero;57.924
Total nacional;Canarias;Austria;Marzo;46.703
Total nacional;Canarias;Austria;Abril;44.304
Total nacional;Canarias;Austria;Mayo;37.829
Total nacional;Canarias;Austria;Junio;36.839
Total nacional;Canarias;Austria;Julio;52.471
Total nacional;Canarias;Austria;Agosto;45.603
Total nacional;Canarias;Austria;Septiembre;42.096
Total nacional;Canarias;Austria;Octubre;44.580
Total nacional;Canarias;Austria;Noviembre;60.439
Total nacional;Canarias;Austria;Diciembre;53.038
Total nacional;Canarias;Bélgica;Total;2.017.589
Total nacional;Canarias;Bélgica;Enero;162.351
Total nacional;Canarias;Bélgica;Febrero;153.693
Total nacional;Canarias;Bélgica;Marzo;158.896
Total nacional;Canarias;Bélgica;Abril;168.596
Total nacional;Canarias;Bélgica;Mayo;145.735
Total nacional;Canarias;Bélgica;Junio;159.474
Total nacional;Canarias;Bélgica;Julio;226.966
Total nacional;Canarias;Bélgica;Agosto;182.927
Total nacional;Canarias;Bélgica;Septiembre;167.708
Total nacional;Canarias;Bélgica;Octubre;164.887
Total nacional;Canarias;Bélgica;Noviembre;155.546
Total nacional;Canarias;Bélgica;Diciembre;170.811
Total nacional;Canarias;Dinamarca;Total;1.147.602
Total nacional;Canarias;Dinamarca;Enero;158.456
Total nacional;Canarias;Dinamarca;Febrero;180.428
Total nacional;Canarias;Dinamarca;Marzo;166.024
Total nacional;Canarias;Dinamarca;Abril;102.597
Total nacional;Canarias;Dinamarca;Mayo;27.078
Total nacional;Canarias;Dinamarca;Junio;23.218
Total nacional;Canarias;Dinamarca;Julio;57.451
Total nacional;Canarias;Dinamarca;Agosto;34.237
Total nacional;Canarias;Dinamarca;Septiembre;28.709
Total nacional;Canarias;Dinamarca;Octubre;98.295
Total nacional;Canarias;Dinamarca;Noviembre;138.285
Total nacional;Canarias;Dinamarca;Diciembre;132.823
Total nacional;Canarias;Finlandia;Total;934.272
Total nacional;Canarias;Finlandia;Enero;140.153
Total nacional;Canarias;Finlandia;Febrero;144.502
Total nacional;Canarias;Finlandia;Marzo;148.897
Total nacional;Canarias;Finlandia;Abril;72.890
Total nacional;Canarias;Finlandia;Mayo;5.338
Total nacional;Canarias;Finlandia;Junio;2.333
Total nacional;Canarias;Finlandia;Julio;2.025
Total nacional;Canarias;Finlandia;Agosto;2.659
Total nacional;Canarias;Finlandia;Septiembre;4.563
Total nacional;Canarias;Finlandia;Octubre;79.654
Total nacional;Canarias;Finlandia;Noviembre;165.568
Total nacional;Canarias;Finlandia;Diciembre;165.690
Total nacional;Canarias;Francia;Total;2.923.137
Total nacional;Canarias;Francia;Enero;200.952
Total nacional;Canarias;Francia;Febrero;241.098
Total nacional;Canarias;Francia;Marzo;228.912
Total nacional;Canarias;Francia;Abril;338.571
Total nacional;Canarias;Francia;Mayo;229.589
Total nacional;Canarias;Francia;Junio;202.950
Total nacional;Canarias;Francia;Julio;295.213
Total nacional;Canarias;Francia;Agosto;367.065
Total nacional;Canarias;Francia;Septiembre;231.223
Total nacional;Canarias;Francia;Octubre;268.335
Total nacional;Canarias;Francia;Noviembre;155.612
Total nacional;Canarias;Francia;Diciembre;163.616
Total nacional;Canarias;Grecia;Total;22.396
Total nacional;Canarias;Grecia;Enero;1.710
Total nacional;Canarias;Grecia;Febrero;1.646
Total nacional;Canarias;Grecia;Marzo;1.603
Total nacional;Canarias;Grecia;Abril;1.473
Total nacional;Canarias;Grecia;Mayo;1.566
Total nacional;Canarias;Grecia;Junio;1.328
Total nacional;Canarias;Grecia;Julio;2.818
Total nacional;Canarias;Grecia;Agosto;2.485
Total nacional;Canarias;Grecia;Septiembre;1.760
Total nacional;Canarias;Grecia;Octubre;2.288
Total nacional;Canarias;Grecia;Noviembre;1.354
Total nacional;Canarias;Grecia;Diciembre;2.364
Total nacional;Canarias;Irlanda;Total;1.348.458
Total nacional;Canarias;Irlanda;Enero;110.345
Total nacional;Canarias;Irlanda;Febrero;89.178
Total nacional;Canarias;Irlanda;Marzo;93.956
Total nacional;Canarias;Irlanda;Abril;105.830
Total nacional;Canarias;Irlanda;Mayo;103.175
Total nacional;Canarias;Irlanda;Junio;137.737
Total nacional;Canarias;Irlanda;Julio;150.107
Total nacional;Canarias;Irlanda;Agosto;130.889
Total nacional;Canarias;Irlanda;Septiembre;117.550
Total nacional;Canarias;Irlanda;Octubre;123.758
Total nacional;Canarias;Irlanda;Noviembre;94.658
Total nacional;Canarias;Irlanda;Diciembre;91.274
Total nacional;Canarias;Italia;Total;1.778.069
Total nacional;Canarias;Italia;Enero;194.558
Total nacional;Canarias;Italia;Febrero;146.904
Total nacional;Canarias;Italia;Marzo;145.644
Total nacional;Canarias;Italia;Abril;144.420
Total nacional;Canarias;Italia;Mayo;126.977
Total nacional;Canarias;Italia;Junio;126.128
Total nacional;Canarias;Italia;Julio;151.486
Total nacional;Canarias;Italia;Agosto;222.806
Total nacional;Canarias;Italia;Septiembre;139.752
Total nacional;Canarias;Italia;Octubre;137.764
Total nacional;Canarias;Italia;Noviembre;123.098
Total nacional;Canarias;Italia;Diciembre;118.531
Total nacional;Canarias;Luxemburgo;Total;149.686
Total nacional;Canarias;Luxemburgo;Enero;14.623
Total nacional;Canarias;Luxemburgo;Febrero;14.222
Total nacional;Canarias;Luxemburgo;Marzo;12.788
Total nacional;Canarias;Luxemburgo;Abril;14.901
Total nacional;Canarias;Luxemburgo;Mayo;8.670
Total nacional;Canarias;Luxemburgo;Junio;7.532
Total nacional;Canarias;Luxemburgo;Julio;7.851
Total nacional;Canarias;Luxemburgo;Agosto;14.694
Total nacional;Canarias;Luxemburgo;Septiembre;12.824
Total nacional;Canarias;Luxemburgo;Octubre;13.245
Total nacional;Canarias;Luxemburgo;Noviembre;12.879
Total nacional;Canarias;Luxemburgo;Diciembre;15.458
Total nacional;Canarias;Países Bajos;Total;2.752.830
Total nacional;Canarias;Países Bajos;Enero;196.541
Total nacional;Canarias;Países Bajos;Febrero;208.315
Total nacional;Canarias;Países Bajos;Marzo;202.229
Total nacional;Canarias;Países Bajos;Abril;260.069
Total nacional;Canarias;Países Bajos;Mayo;229.423
Total nacional;Canarias;Países Bajos;Junio;186.409
Total nacional;Canarias;Países Bajos;Julio;266.825
Total nacional;Canarias;Países Bajos;Agosto;328.395
Total nacional;Canarias;Países Bajos;Septiembre;234.456
Total nacional;Canarias;Países Bajos;Octubre;248.062
Total nacional;Canarias;Países Bajos;Noviembre;186.791
Total nacional;Canarias;Países Bajos;Diciembre;205.315
Total nacional;Canarias;Polonia;Total;1.768.897
Total nacional;Canarias;Polonia;Enero;131.115
Total nacional;Canarias;Polonia;Febrero;118.483
Total nacional;Canarias;Polonia;Marzo;120.241
Total nacional;Canarias;Polonia;Abril;112.696
Total nacional;Canarias;Polonia;Mayo;146.308
Total nacional;Canarias;Polonia;Junio;168.811
Total nacional;Canarias;Polonia;Julio;212.621
Total nacional;Canarias;Polonia;Agosto;201.122
Total nacional;Canarias;Polonia;Septiembre;176.025
Total nacional;Canarias;Polonia;Octubre;141.435
Total nacional;Canarias;Polonia;Noviembre;114.623
Total nacional;Canarias;Polonia;Diciembre;125.417
Total nacional;Canarias;Portugal;Total;313.698
Total nacional;Canarias;Portugal;Enero;10.784
Total nacional;Canarias;Portugal;Febrero;10.015
Total nacional;Canarias;Portugal;Marzo;11.606
Total nacional;Canarias;Portugal;Abril;20.900
Total nacional;Canarias;Portugal;Mayo;18.315
Total nacional;Canarias;Portugal;Junio;38.275
Total nacional;Canarias;Portugal;Julio;53.173
Total nacional;Canarias;Portugal;Agosto;73.247
Total nacional;Canarias;Portugal;Septiembre;34.285
Total nacional;Canarias;Portugal;Octubre;20.306
Total nacional;Canarias;Portugal;Noviembre;12.261
Total nacional;Canarias;Portugal;Diciembre;10.531
Total nacional;Canarias;Reino Unido;Total;20.982.175
Total nacional;Canarias;Reino Unido;Enero;1.573.389
Total nacional;Canarias;Reino Unido;Febrero;1.482.575
Total nacional;Canarias;Reino Unido;Marzo;1.652.096
Total nacional;Canarias;Reino Unido;Abril;1.750.059
Total nacional;Canarias;Reino Unido;Mayo;1.774.641
Total nacional;Canarias;Reino Unido;Junio;1.889.479
Total nacional;Canarias;Reino Unido;Julio;2.011.781
Total nacional;Canarias;Reino Unido;Agosto;2.197.181
Total nacional;Canarias;Reino Unido;Septiembre;1.965.199
Total nacional;Canarias;Reino Unido;Octubre;1.858.407
Total nacional;Canarias;Reino Unido;Noviembre;1.424.268
Total nacional;Canarias;Reino Unido;Diciembre;1.403.100
Total nacional;Canarias;República Checa;Total;232.240
Total nacional;Canarias;República Checa;Enero;13.489
Total nacional;Canarias;República Checa;Febrero;15.948
Total nacional;Canarias;República Checa;Marzo;17.337
Total nacional;Canarias;República Checa;Abril;13.741
Total nacional;Canarias;República Checa;Mayo;18.314
Total nacional;Canarias;República Checa;Junio;19.608
Total nacional;Canarias;República Checa;Julio;25.974
Total nacional;Canarias;República Checa;Agosto;28.366
Total nacional;Canarias;República Checa;Septiembre;22.645
Total nacional;Canarias;República Checa;Octubre;26.151
Total nacional;Canarias;República Checa;Noviembre;16.120
Total nacional;Canarias;República Checa;Diciembre;14.547
Total nacional;Canarias;Suecia;Total;2.579.228
Total nacional;Canarias;Suecia;Enero;418.424
Total nacional;Canarias;Suecia;Febrero;381.613
Total nacional;Canarias;Suecia;Marzo;386.457
Total nacional;Canarias;Suecia;Abril;220.909
Total nacional;Canarias;Suecia;Mayo;35.592
Total nacional;Canarias;Suecia;Junio;36.317
Total nacional;Canarias;Suecia;Julio;41.448
Total nacional;Canarias;Suecia;Agosto;45.036
Total nacional;Canarias;Suecia;Septiembre;42.497
Total nacional;Canarias;Suecia;Octubre;171.720
Total nacional;Canarias;Suecia;Noviembre;400.843
Total nacional;Canarias;Suecia;Diciembre;398.373
Total nacional;Canarias;Noruega;Total;1.404.191
Total nacional;Canarias;Noruega;Enero;177.801
Total nacional;Canarias;Noruega;Febrero;208.878
Total nacional;Canarias;Noruega;Marzo;179.642
Total nacional;Canarias;Noruega;Abril;107.095
Total nacional;Canarias;Noruega;Mayo;22.415
Total nacional;Canarias;Noruega;Junio;26.375
Total nacional;Canarias;Noruega;Julio;76.126
Total nacional;Canarias;Noruega;Agosto;48.023
Total nacional;Canarias;Noruega;Septiembre;48.808
Total nacional;Canarias;Noruega;Octubre;128.387
Total nacional;Canarias;Noruega;Noviembre;202.680
Total nacional;Canarias;Noruega;Diciembre;177.961
Total nacional;Canarias;Rusia;Total;501.534
Total nacional;Canarias;Rusia;Enero;52.559
Total nacional;Canarias;Rusia;Febrero;20.130
Total nacional;Canarias;Rusia;Marzo;25.581
Total nacional;Canarias;Rusia;Abril;33.240
Total nacional;Canarias;Rusia;Mayo;49.224
Total nacional;Canarias;Rusia;Junio;50.644
Total nacional;Canarias;Rusia;Julio;56.942
Total nacional;Canarias;Rusia;Agosto;53.971
Total nacional;Canarias;Rusia;Septiembre;46.280
Total nacional;Canarias;Rusia;Octubre;48.311
Total nacional;Canarias;Rusia;Noviembre;35.637
Total nacional;Canarias;Rusia;Diciembre;29.013
Total nacional;Canarias;Suiza;Total;1.103.062
Total nacional;Canarias;Suiza;Enero;73.157
Total nacional;Canarias;Suiza;Febrero;75.105
Total nacional;Canarias;Suiza;Marzo;89.629
Total nacional;Canarias;Suiza;Abril;101.910
Total nacional;Canarias;Suiza;Mayo;80.255
Total nacional;Canarias;Suiza;Junio;68.824
Total nacional;Canarias;Suiza;Julio;120.055
Total nacional;Canarias;Suiza;Agosto;73.868
Total nacional;Canarias;Suiza;Septiembre;92.412
Total nacional;Canarias;Suiza;Octubre;163.129
Total nacional;Canarias;Suiza;Noviembre;99.230
Total nacional;Canarias;Suiza;Diciembre;65.488
Total nacional;Canarias;Resto de Europa sin U.E.;Total;770.639
Total nacional;Canarias;Resto de Europa sin U.E.;Enero;59.634
Total nacional;Canarias;Resto de Europa sin U.E.;Febrero;53.190
Total nacional;Canarias;Resto de Europa sin U.E.;Marzo;67.298
Total nacional;Canarias;Resto de Europa sin U.E.;Abril;64.523
Total nacional;Canarias;Resto de Europa sin U.E.;Mayo;49.180
Total nacional;Canarias;Resto de Europa sin U.E.;Junio;61.533
Total nacional;Canarias;Resto de Europa sin U.E.;Julio;78.301
Total nacional;Canarias;Resto de Europa sin U.E.;Agosto;77.622
Total nacional;Canarias;Resto de Europa sin U.E.;Septiembre;62.161
Total nacional;Canarias;Resto de Europa sin U.E.;Octubre;65.321
Total nacional;Canarias;Resto de Europa sin U.E.;Noviembre;67.149
Total nacional;Canarias;Resto de Europa sin U.E.;Diciembre;64.727
Total nacional;Canarias;Japón;Total;12.893
Total nacional;Canarias;Japón;Enero;819
Total nacional;Canarias;Japón;Febrero;1.041
Total nacional;Canarias;Japón;Marzo;878
Total nacional;Canarias;Japón;Abril;752
Total nacional;Canarias;Japón;Mayo;1.684
Total nacional;Canarias;Japón;Junio;712
Total nacional;Canarias;Japón;Julio;807
Total nacional;Canarias;Japón;Agosto;1.020
Total nacional;Canarias;Japón;Septiembre;776
Total nacional;Canarias;Japón;Octubre;1.260
Total nacional;Canarias;Japón;Noviembre;344
Total nacional;Canarias;Japón;Diciembre;2.800
Total nacional;Canarias;Estados Unidos;Total;121.752
Total nacional;Canarias;Estados Unidos;Enero;8.908
Total nacional;Canarias;Estados Unidos;Febrero;9.276
Total nacional;Canarias;Estados Unidos;Marzo;8.770
Total nacional;Canarias;Estados Unidos;Abril;12.827
Total nacional;Canarias;Estados Unidos;Mayo;10.091
Total nacional;Canarias;Estados Unidos;Junio;9.154
Total nacional;Canarias;Estados Unidos;Julio;11.383
Total nacional;Canarias;Estados Unidos;Agosto;9.468
Total nacional;Canarias;Estados Unidos;Septiembre;8.789
Total nacional;Canarias;Estados Unidos;Octubre;11.772
Total nacional;Canarias;Estados Unidos;Noviembre;10.245
Total nacional;Canarias;Estados Unidos;Diciembre;11.068
Total nacional;Canarias;Resto de América;Total;130.346
Total nacional;Canarias;Resto de América;Enero;10.384
Total nacional;Canarias;Resto de América;Febrero;8.463
Total nacional;Canarias;Resto de América;Marzo;9.193
Total nacional;Canarias;Resto de América;Abril;11.154
Total nacional;Canarias;Resto de América;Mayo;9.967
Total nacional;Canarias;Resto de América;Junio;10.253
Total nacional;Canarias;Resto de América;Julio;13.376
Total nacional;Canarias;Resto de América;Agosto;14.070
Total nacional;Canarias;Resto de América;Septiembre;11.147
Total nacional;Canarias;Resto de América;Octubre;12.237
Total nacional;Canarias;Resto de América;Noviembre;9.899
Total nacional;Canarias;Resto de América;Diciembre;10.202
Total nacional;Canarias;Países africanos;Total;68.826
Total nacional;Canarias;Países africanos;Enero;3.932
Total nacional;Canarias;Países africanos;Febrero;3.097
Total nacional;Canarias;Países africanos;Marzo;3.285
Total nacional;Canarias;Países africanos;Abril;4.437
Total nacional;Canarias;Países africanos;Mayo;5.183
Total nacional;Canarias;Países africanos;Junio;4.368
Total nacional;Canarias;Países africanos;Julio;9.113
Total nacional;Canarias;Países africanos;Agosto;16.756
Total nacional;Canarias;Países africanos;Septiembre;6.320
Total nacional;Canarias;Países africanos;Octubre;5.573
Total nacional;Canarias;Países africanos;Noviembre;2.860
Total nacional;Canarias;Países africanos;Diciembre;3.902
Total nacional;Cantabria;Total;Total;2.810.714
Total nacional;Cantabria;Total;Enero;71.041
Total nacional;Cantabria;Total;Febrero;88.636
Total nacional;Cantabria;Total;Marzo;129.033
Total nacional;Cantabria;Total;Abril;245.847
Total nacional;Cantabria;Total;Mayo;219.545
Total nacional;Cantabria;Total;Junio;282.639
Total nacional;Cantabria;Total;Julio;447.594
Total nacional;Cantabria;Total;Agosto;539.936
Total nacional;Cantabria;Total;Septiembre;323.378
Total nacional;Cantabria;Total;Octubre;238.966
Total nacional;Cantabria;Total;Noviembre;121.425
Total nacional;Cantabria;Total;Diciembre;102.674
Total nacional;Cantabria;Residentes en España;Total;2.295.317
Total nacional;Cantabria;Residentes en España;Enero;59.315
Total nacional;Cantabria;Residentes en España;Febrero;74.884
Total nacional;Cantabria;Residentes en España;Marzo;109.579
Total nacional;Cantabria;Residentes en España;Abril;207.672
Total nacional;Cantabria;Residentes en España;Mayo;165.716
Total nacional;Cantabria;Residentes en España;Junio;214.009
Total nacional;Cantabria;Residentes en España;Julio;373.209
Total nacional;Cantabria;Residentes en España;Agosto;466.759
Total nacional;Cantabria;Residentes en España;Septiembre;243.513
Total nacional;Cantabria;Residentes en España;Octubre;187.342
Total nacional;Cantabria;Residentes en España;Noviembre;103.312
Total nacional;Cantabria;Residentes en España;Diciembre;90.008
Total nacional;Cantabria;No residentes en España;Total;515.396
Total nacional;Cantabria;No residentes en España;Enero;11.725
Total nacional;Cantabria;No residentes en España;Febrero;13.752
Total nacional;Cantabria;No residentes en España;Marzo;19.454
Total nacional;Cantabria;No residentes en España;Abril;38.175
Total nacional;Cantabria;No residentes en España;Mayo;53.829
Total nacional;Cantabria;No residentes en España;Junio;68.630
Total nacional;Cantabria;No residentes en España;Julio;74.385
Total nacional;Cantabria;No residentes en España;Agosto;73.177
Total nacional;Cantabria;No residentes en España;Septiembre;79.865
Total nacional;Cantabria;No residentes en España;Octubre;51.625
Total nacional;Cantabria;No residentes en España;Noviembre;18.113
Total nacional;Cantabria;No residentes en España;Diciembre;12.666
Total nacional;Cantabria;Unión Europea (sin España);Total;345.880
Total nacional;Cantabria;Unión Europea (sin España);Enero;6.231
Total nacional;Cantabria;Unión Europea (sin España);Febrero;8.519
Total nacional;Cantabria;Unión Europea (sin España);Marzo;12.161
Total nacional;Cantabria;Unión Europea (sin España);Abril;27.815
Total nacional;Cantabria;Unión Europea (sin España);Mayo;38.479
Total nacional;Cantabria;Unión Europea (sin España);Junio;46.884
Total nacional;Cantabria;Unión Europea (sin España);Julio;48.766
Total nacional;Cantabria;Unión Europea (sin España);Agosto;52.338
Total nacional;Cantabria;Unión Europea (sin España);Septiembre;52.847
Total nacional;Cantabria;Unión Europea (sin España);Octubre;34.294
Total nacional;Cantabria;Unión Europea (sin España);Noviembre;9.195
Total nacional;Cantabria;Unión Europea (sin España);Diciembre;8.350
Total nacional;Cantabria;Alemania;Total;54.743
Total nacional;Cantabria;Alemania;Enero;672
Total nacional;Cantabria;Alemania;Febrero;789
Total nacional;Cantabria;Alemania;Marzo;1.474
Total nacional;Cantabria;Alemania;Abril;4.545
Total nacional;Cantabria;Alemania;Mayo;5.586
Total nacional;Cantabria;Alemania;Junio;6.611
Total nacional;Cantabria;Alemania;Julio;9.512
Total nacional;Cantabria;Alemania;Agosto;8.278
Total nacional;Cantabria;Alemania;Septiembre;10.895
Total nacional;Cantabria;Alemania;Octubre;4.492
Total nacional;Cantabria;Alemania;Noviembre;1.049
Total nacional;Cantabria;Alemania;Diciembre;840
Total nacional;Cantabria;Austria;Total;2.850
Total nacional;Cantabria;Austria;Enero;48
Total nacional;Cantabria;Austria;Febrero;..
Total nacional;Cantabria;Austria;Marzo;47
Total nacional;Cantabria;Austria;Abril;221
Total nacional;Cantabria;Austria;Mayo;398
Total nacional;Cantabria;Austria;Junio;475
Total nacional;Cantabria;Austria;Julio;595
Total nacional;Cantabria;Austria;Agosto;386
Total nacional;Cantabria;Austria;Septiembre;493
Total nacional;Cantabria;Austria;Octubre;142
Total nacional;Cantabria;Austria;Noviembre;35
Total nacional;Cantabria;Austria;Diciembre;..
Total nacional;Cantabria;Bélgica;Total;10.804
Total nacional;Cantabria;Bélgica;Enero;121
Total nacional;Cantabria;Bélgica;Febrero;235
Total nacional;Cantabria;Bélgica;Marzo;422
Total nacional;Cantabria;Bélgica;Abril;530
Total nacional;Cantabria;Bélgica;Mayo;576
Total nacional;Cantabria;Bélgica;Junio;1.118
Total nacional;Cantabria;Bélgica;Julio;2.974
Total nacional;Cantabria;Bélgica;Agosto;2.009
Total nacional;Cantabria;Bélgica;Septiembre;1.823
Total nacional;Cantabria;Bélgica;Octubre;607
Total nacional;Cantabria;Bélgica;Noviembre;218
Total nacional;Cantabria;Bélgica;Diciembre;171
Total nacional;Cantabria;Dinamarca;Total;2.198
Total nacional;Cantabria;Dinamarca;Enero;..
Total nacional;Cantabria;Dinamarca;Febrero;..
Total nacional;Cantabria;Dinamarca;Marzo;66
Total nacional;Cantabria;Dinamarca;Abril;97
Total nacional;Cantabria;Dinamarca;Mayo;169
Total nacional;Cantabria;Dinamarca;Junio;264
Total nacional;Cantabria;Dinamarca;Julio;439
Total nacional;Cantabria;Dinamarca;Agosto;273
Total nacional;Cantabria;Dinamarca;Septiembre;563
Total nacional;Cantabria;Dinamarca;Octubre;197
Total nacional;Cantabria;Dinamarca;Noviembre;95
Total nacional;Cantabria;Dinamarca;Diciembre;22
Total nacional;Cantabria;Finlandia;Total;2.609
Total nacional;Cantabria;Finlandia;Enero;23
Total nacional;Cantabria;Finlandia;Febrero;24
Total nacional;Cantabria;Finlandia;Marzo;133
Total nacional;Cantabria;Finlandia;Abril;95
Total nacional;Cantabria;Finlandia;Mayo;213
Total nacional;Cantabria;Finlandia;Junio;125
Total nacional;Cantabria;Finlandia;Julio;191
Total nacional;Cantabria;Finlandia;Agosto;108
Total nacional;Cantabria;Finlandia;Septiembre;166
Total nacional;Cantabria;Finlandia;Octubre;1.362
Total nacional;Cantabria;Finlandia;Noviembre;118
Total nacional;Cantabria;Finlandia;Diciembre;50
Total nacional;Cantabria;Francia;Total;81.718
Total nacional;Cantabria;Francia;Enero;2.065
Total nacional;Cantabria;Francia;Febrero;2.234
Total nacional;Cantabria;Francia;Marzo;2.130
Total nacional;Cantabria;Francia;Abril;7.036
Total nacional;Cantabria;Francia;Mayo;12.578
Total nacional;Cantabria;Francia;Junio;8.253
Total nacional;Cantabria;Francia;Julio;9.487
Total nacional;Cantabria;Francia;Agosto;14.199
Total nacional;Cantabria;Francia;Septiembre;10.844
Total nacional;Cantabria;Francia;Octubre;8.683
Total nacional;Cantabria;Francia;Noviembre;2.296
Total nacional;Cantabria;Francia;Diciembre;1.914
Total nacional;Cantabria;Grecia;Total;607
Total nacional;Cantabria;Grecia;Enero;..
Total nacional;Cantabria;Grecia;Febrero;..
Total nacional;Cantabria;Grecia;Marzo;37
Total nacional;Cantabria;Grecia;Abril;..
Total nacional;Cantabria;Grecia;Mayo;74
Total nacional;Cantabria;Grecia;Junio;34
Total nacional;Cantabria;Grecia;Julio;63
Total nacional;Cantabria;Grecia;Agosto;126
Total nacional;Cantabria;Grecia;Septiembre;97
Total nacional;Cantabria;Grecia;Octubre;110
Total nacional;Cantabria;Grecia;Noviembre;..
Total nacional;Cantabria;Grecia;Diciembre;31
Total nacional;Cantabria;Irlanda;Total;9.303
Total nacional;Cantabria;Irlanda;Enero;122
Total nacional;Cantabria;Irlanda;Febrero;79
Total nacional;Cantabria;Irlanda;Marzo;194
Total nacional;Cantabria;Irlanda;Abril;533
Total nacional;Cantabria;Irlanda;Mayo;865
Total nacional;Cantabria;Irlanda;Junio;1.719
Total nacional;Cantabria;Irlanda;Julio;1.744
Total nacional;Cantabria;Irlanda;Agosto;1.373
Total nacional;Cantabria;Irlanda;Septiembre;1.353
Total nacional;Cantabria;Irlanda;Octubre;916
Total nacional;Cantabria;Irlanda;Noviembre;314
Total nacional;Cantabria;Irlanda;Diciembre;89
Total nacional;Cantabria;Italia;Total;28.130
Total nacional;Cantabria;Italia;Enero;614
Total nacional;Cantabria;Italia;Febrero;552
Total nacional;Cantabria;Italia;Marzo;1.331
Total nacional;Cantabria;Italia;Abril;1.717
Total nacional;Cantabria;Italia;Mayo;1.867
Total nacional;Cantabria;Italia;Junio;3.929
Total nacional;Cantabria;Italia;Julio;4.069
Total nacional;Cantabria;Italia;Agosto;7.613
Total nacional;Cantabria;Italia;Septiembre;3.001
Total nacional;Cantabria;Italia;Octubre;1.776
Total nacional;Cantabria;Italia;Noviembre;818
Total nacional;Cantabria;Italia;Diciembre;842
Total nacional;Cantabria;Luxemburgo;Total;1.058
Total nacional;Cantabria;Luxemburgo;Enero;..
Total nacional;Cantabria;Luxemburgo;Febrero;35
Total nacional;Cantabria;Luxemburgo;Marzo;..
Total nacional;Cantabria;Luxemburgo;Abril;..
Total nacional;Cantabria;Luxemburgo;Mayo;..
Total nacional;Cantabria;Luxemburgo;Junio;..
Total nacional;Cantabria;Luxemburgo;Julio;21
Total nacional;Cantabria;Luxemburgo;Agosto;947
Total nacional;Cantabria;Luxemburgo;Septiembre;..
Total nacional;Cantabria;Luxemburgo;Octubre;..
Total nacional;Cantabria;Luxemburgo;Noviembre;..
Total nacional;Cantabria;Luxemburgo;Diciembre;..
Total nacional;Cantabria;Países Bajos;Total;14.868
Total nacional;Cantabria;Países Bajos;Enero;143
Total nacional;Cantabria;Países Bajos;Febrero;254
Total nacional;Cantabria;Países Bajos;Marzo;304
Total nacional;Cantabria;Países Bajos;Abril;1.318
Total nacional;Cantabria;Países Bajos;Mayo;1.438
Total nacional;Cantabria;Países Bajos;Junio;1.865
Total nacional;Cantabria;Países Bajos;Julio;3.383
Total nacional;Cantabria;Países Bajos;Agosto;2.522
Total nacional;Cantabria;Países Bajos;Septiembre;1.677
Total nacional;Cantabria;Países Bajos;Octubre;1.645
Total nacional;Cantabria;Países Bajos;Noviembre;223
Total nacional;Cantabria;Países Bajos;Diciembre;95
Total nacional;Cantabria;Polonia;Total;8.051
Total nacional;Cantabria;Polonia;Enero;202
Total nacional;Cantabria;Polonia;Febrero;340
Total nacional;Cantabria;Polonia;Marzo;306
Total nacional;Cantabria;Polonia;Abril;603
Total nacional;Cantabria;Polonia;Mayo;869
Total nacional;Cantabria;Polonia;Junio;889
Total nacional;Cantabria;Polonia;Julio;971
Total nacional;Cantabria;Polonia;Agosto;1.010
Total nacional;Cantabria;Polonia;Septiembre;820
Total nacional;Cantabria;Polonia;Octubre;657
Total nacional;Cantabria;Polonia;Noviembre;884
Total nacional;Cantabria;Polonia;Diciembre;499
Total nacional;Cantabria;Portugal;Total;20.534
Total nacional;Cantabria;Portugal;Enero;413
Total nacional;Cantabria;Portugal;Febrero;1.398
Total nacional;Cantabria;Portugal;Marzo;2.378
Total nacional;Cantabria;Portugal;Abril;2.742
Total nacional;Cantabria;Portugal;Mayo;1.350
Total nacional;Cantabria;Portugal;Junio;2.766
Total nacional;Cantabria;Portugal;Julio;1.170
Total nacional;Cantabria;Portugal;Agosto;2.515
Total nacional;Cantabria;Portugal;Septiembre;1.716
Total nacional;Cantabria;Portugal;Octubre;1.924
Total nacional;Cantabria;Portugal;Noviembre;806
Total nacional;Cantabria;Portugal;Diciembre;1.356
Total nacional;Cantabria;Reino Unido;Total;92.096
Total nacional;Cantabria;Reino Unido;Enero;1.316
Total nacional;Cantabria;Reino Unido;Febrero;1.668
Total nacional;Cantabria;Reino Unido;Marzo;2.362
Total nacional;Cantabria;Reino Unido;Abril;6.893
Total nacional;Cantabria;Reino Unido;Mayo;11.261
Total nacional;Cantabria;Reino Unido;Junio;16.820
Total nacional;Cantabria;Reino Unido;Julio;11.616
Total nacional;Cantabria;Reino Unido;Agosto;9.567
Total nacional;Cantabria;Reino Unido;Septiembre;16.502
Total nacional;Cantabria;Reino Unido;Octubre;10.390
Total nacional;Cantabria;Reino Unido;Noviembre;1.820
Total nacional;Cantabria;Reino Unido;Diciembre;1.882
Total nacional;Cantabria;República Checa;Total;1.100
Total nacional;Cantabria;República Checa;Enero;93
Total nacional;Cantabria;República Checa;Febrero;..
Total nacional;Cantabria;República Checa;Marzo;80
Total nacional;Cantabria;República Checa;Abril;117
Total nacional;Cantabria;República Checa;Mayo;141
Total nacional;Cantabria;República Checa;Junio;62
Total nacional;Cantabria;República Checa;Julio;224
Total nacional;Cantabria;República Checa;Agosto;64
Total nacional;Cantabria;República Checa;Septiembre;138
Total nacional;Cantabria;República Checa;Octubre;133
Total nacional;Cantabria;República Checa;Noviembre;28
Total nacional;Cantabria;República Checa;Diciembre;..
Total nacional;Cantabria;Suecia;Total;2.504
Total nacional;Cantabria;Suecia;Enero;39
Total nacional;Cantabria;Suecia;Febrero;58
Total nacional;Cantabria;Suecia;Marzo;99
Total nacional;Cantabria;Suecia;Abril;328
Total nacional;Cantabria;Suecia;Mayo;323
Total nacional;Cantabria;Suecia;Junio;273
Total nacional;Cantabria;Suecia;Julio;470
Total nacional;Cantabria;Suecia;Agosto;235
Total nacional;Cantabria;Suecia;Septiembre;271
Total nacional;Cantabria;Suecia;Octubre;293
Total nacional;Cantabria;Suecia;Noviembre;70
Total nacional;Cantabria;Suecia;Diciembre;46
Total nacional;Cantabria;Noruega;Total;3.157
Total nacional;Cantabria;Noruega;Enero;..
Total nacional;Cantabria;Noruega;Febrero;..
Total nacional;Cantabria;Noruega;Marzo;37
Total nacional;Cantabria;Noruega;Abril;105
Total nacional;Cantabria;Noruega;Mayo;143
Total nacional;Cantabria;Noruega;Junio;678
Total nacional;Cantabria;Noruega;Julio;1.240
Total nacional;Cantabria;Noruega;Agosto;355
Total nacional;Cantabria;Noruega;Septiembre;280
Total nacional;Cantabria;Noruega;Octubre;246
Total nacional;Cantabria;Noruega;Noviembre;57
Total nacional;Cantabria;Noruega;Diciembre;..
Total nacional;Cantabria;Rusia;Total;5.414
Total nacional;Cantabria;Rusia;Enero;236
Total nacional;Cantabria;Rusia;Febrero;81
Total nacional;Cantabria;Rusia;Marzo;131
Total nacional;Cantabria;Rusia;Abril;208
Total nacional;Cantabria;Rusia;Mayo;426
Total nacional;Cantabria;Rusia;Junio;1.260
Total nacional;Cantabria;Rusia;Julio;984
Total nacional;Cantabria;Rusia;Agosto;1.113
Total nacional;Cantabria;Rusia;Septiembre;389
Total nacional;Cantabria;Rusia;Octubre;331
Total nacional;Cantabria;Rusia;Noviembre;208
Total nacional;Cantabria;Rusia;Diciembre;46
Total nacional;Cantabria;Suiza;Total;7.314
Total nacional;Cantabria;Suiza;Enero;119
Total nacional;Cantabria;Suiza;Febrero;156
Total nacional;Cantabria;Suiza;Marzo;147
Total nacional;Cantabria;Suiza;Abril;570
Total nacional;Cantabria;Suiza;Mayo;603
Total nacional;Cantabria;Suiza;Junio;575
Total nacional;Cantabria;Suiza;Julio;2.113
Total nacional;Cantabria;Suiza;Agosto;886
Total nacional;Cantabria;Suiza;Septiembre;1.340
Total nacional;Cantabria;Suiza;Octubre;579
Total nacional;Cantabria;Suiza;Noviembre;160
Total nacional;Cantabria;Suiza;Diciembre;66
Total nacional;Cantabria;Resto de Europa sin U.E.;Total;10.204
Total nacional;Cantabria;Resto de Europa sin U.E.;Enero;278
Total nacional;Cantabria;Resto de Europa sin U.E.;Febrero;176
Total nacional;Cantabria;Resto de Europa sin U.E.;Marzo;261
Total nacional;Cantabria;Resto de Europa sin U.E.;Abril;368
Total nacional;Cantabria;Resto de Europa sin U.E.;Mayo;373
Total nacional;Cantabria;Resto de Europa sin U.E.;Junio;1.257
Total nacional;Cantabria;Resto de Europa sin U.E.;Julio;995
Total nacional;Cantabria;Resto de Europa sin U.E.;Agosto;1.144
Total nacional;Cantabria;Resto de Europa sin U.E.;Septiembre;1.115
Total nacional;Cantabria;Resto de Europa sin U.E.;Octubre;1.983
Total nacional;Cantabria;Resto de Europa sin U.E.;Noviembre;1.977
Total nacional;Cantabria;Resto de Europa sin U.E.;Diciembre;278
Total nacional;Cantabria;Japón;Total;2.134
Total nacional;Cantabria;Japón;Enero;28
Total nacional;Cantabria;Japón;Febrero;53
Total nacional;Cantabria;Japón;Marzo;164
Total nacional;Cantabria;Japón;Abril;73
Total nacional;Cantabria;Japón;Mayo;244
Total nacional;Cantabria;Japón;Junio;424
Total nacional;Cantabria;Japón;Julio;461
Total nacional;Cantabria;Japón;Agosto;235
Total nacional;Cantabria;Japón;Septiembre;205
Total nacional;Cantabria;Japón;Octubre;114
Total nacional;Cantabria;Japón;Noviembre;44
Total nacional;Cantabria;Japón;Diciembre;90
Total nacional;Cantabria;Estados Unidos;Total;24.444
Total nacional;Cantabria;Estados Unidos;Enero;345
Total nacional;Cantabria;Estados Unidos;Febrero;269
Total nacional;Cantabria;Estados Unidos;Marzo;910
Total nacional;Cantabria;Estados Unidos;Abril;1.716
Total nacional;Cantabria;Estados Unidos;Mayo;3.117
Total nacional;Cantabria;Estados Unidos;Junio;4.991
Total nacional;Cantabria;Estados Unidos;Julio;3.952
Total nacional;Cantabria;Estados Unidos;Agosto;2.223
Total nacional;Cantabria;Estados Unidos;Septiembre;3.725
Total nacional;Cantabria;Estados Unidos;Octubre;2.343
Total nacional;Cantabria;Estados Unidos;Noviembre;480
Total nacional;Cantabria;Estados Unidos;Diciembre;373
Total nacional;Cantabria;Resto de América;Total;49.043
Total nacional;Cantabria;Resto de América;Enero;1.775
Total nacional;Cantabria;Resto de América;Febrero;1.779
Total nacional;Cantabria;Resto de América;Marzo;1.814
Total nacional;Cantabria;Resto de América;Abril;3.645
Total nacional;Cantabria;Resto de América;Mayo;4.886
Total nacional;Cantabria;Resto de América;Junio;6.025
Total nacional;Cantabria;Resto de América;Julio;7.775
Total nacional;Cantabria;Resto de América;Agosto;6.815
Total nacional;Cantabria;Resto de América;Septiembre;6.727
Total nacional;Cantabria;Resto de América;Octubre;4.895
Total nacional;Cantabria;Resto de América;Noviembre;1.886
Total nacional;Cantabria;Resto de América;Diciembre;1.019
Total nacional;Cantabria;Países africanos;Total;5.197
Total nacional;Cantabria;Países africanos;Enero;547
Total nacional;Cantabria;Países africanos;Febrero;335
Total nacional;Cantabria;Países africanos;Marzo;553
Total nacional;Cantabria;Países africanos;Abril;448
Total nacional;Cantabria;Países africanos;Mayo;527
Total nacional;Cantabria;Países africanos;Junio;77
Total nacional;Cantabria;Países africanos;Julio;473
Total nacional;Cantabria;Países africanos;Agosto;545
Total nacional;Cantabria;Países africanos;Septiembre;543
Total nacional;Cantabria;Países africanos;Octubre;420
Total nacional;Cantabria;Países africanos;Noviembre;347
Total nacional;Cantabria;Países africanos;Diciembre;382
Total nacional;Castilla y León;Total;Total;8.186.711
Total nacional;Castilla y León;Total;Enero;377.844
Total nacional;Castilla y León;Total;Febrero;455.734
Total nacional;Castilla y León;Total;Marzo;554.536
Total nacional;Castilla y León;Total;Abril;785.087
Total nacional;Castilla y León;Total;Mayo;713.677
Total nacional;Castilla y León;Total;Junio;713.138
Total nacional;Castilla y León;Total;Julio;844.232
Total nacional;Castilla y León;Total;Agosto;1.022.686
Total nacional;Castilla y León;Total;Septiembre;847.819
Total nacional;Castilla y León;Total;Octubre;788.767
Total nacional;Castilla y León;Total;Noviembre;551.600
Total nacional;Castilla y León;Total;Diciembre;531.591
Total nacional;Castilla y León;Residentes en España;Total;6.435.461
Total nacional;Castilla y León;Residentes en España;Enero;318.194
Total nacional;Castilla y León;Residentes en España;Febrero;387.224
Total nacional;Castilla y León;Residentes en España;Marzo;470.721
Total nacional;Castilla y León;Residentes en España;Abril;642.422
Total nacional;Castilla y León;Residentes en España;Mayo;493.829
Total nacional;Castilla y León;Residentes en España;Junio;526.747
Total nacional;Castilla y León;Residentes en España;Julio;620.650
Total nacional;Castilla y León;Residentes en España;Agosto;798.616
Total nacional;Castilla y León;Residentes en España;Septiembre;625.629
Total nacional;Castilla y León;Residentes en España;Octubre;617.666
Total nacional;Castilla y León;Residentes en España;Noviembre;472.511
Total nacional;Castilla y León;Residentes en España;Diciembre;461.254
Total nacional;Castilla y León;No residentes en España;Total;1.751.250
Total nacional;Castilla y León;No residentes en España;Enero;59.650
Total nacional;Castilla y León;No residentes en España;Febrero;68.511
Total nacional;Castilla y León;No residentes en España;Marzo;83.815
Total nacional;Castilla y León;No residentes en España;Abril;142.665
Total nacional;Castilla y León;No residentes en España;Mayo;219.848
Total nacional;Castilla y León;No residentes en España;Junio;186.391
Total nacional;Castilla y León;No residentes en España;Julio;223.583
Total nacional;Castilla y León;No residentes en España;Agosto;224.070
Total nacional;Castilla y León;No residentes en España;Septiembre;222.190
Total nacional;Castilla y León;No residentes en España;Octubre;171.101
Total nacional;Castilla y León;No residentes en España;Noviembre;79.089
Total nacional;Castilla y León;No residentes en España;Diciembre;70.338
Total nacional;Castilla y León;Unión Europea (sin España);Total;1.169.347
Total nacional;Castilla y León;Unión Europea (sin España);Enero;35.001
Total nacional;Castilla y León;Unión Europea (sin España);Febrero;43.739
Total nacional;Castilla y León;Unión Europea (sin España);Marzo;53.960
Total nacional;Castilla y León;Unión Europea (sin España);Abril;98.113
Total nacional;Castilla y León;Unión Europea (sin España);Mayo;138.926
Total nacional;Castilla y León;Unión Europea (sin España);Junio;122.625
Total nacional;Castilla y León;Unión Europea (sin España);Julio;160.014
Total nacional;Castilla y León;Unión Europea (sin España);Agosto;178.223
Total nacional;Castilla y León;Unión Europea (sin España);Septiembre;143.149
Total nacional;Castilla y León;Unión Europea (sin España);Octubre;103.622
Total nacional;Castilla y León;Unión Europea (sin España);Noviembre;47.778
Total nacional;Castilla y León;Unión Europea (sin España);Diciembre;44.197
Total nacional;Castilla y León;Alemania;Total;140.711
Total nacional;Castilla y León;Alemania;Enero;3.148
Total nacional;Castilla y León;Alemania;Febrero;4.366
Total nacional;Castilla y León;Alemania;Marzo;6.686
Total nacional;Castilla y León;Alemania;Abril;13.636
Total nacional;Castilla y León;Alemania;Mayo;25.203
Total nacional;Castilla y León;Alemania;Junio;19.221
Total nacional;Castilla y León;Alemania;Julio;13.039
Total nacional;Castilla y León;Alemania;Agosto;14.502
Total nacional;Castilla y León;Alemania;Septiembre;20.528
Total nacional;Castilla y León;Alemania;Octubre;11.952
Total nacional;Castilla y León;Alemania;Noviembre;4.921
Total nacional;Castilla y León;Alemania;Diciembre;3.509
Total nacional;Castilla y León;Austria;Total;13.778
Total nacional;Castilla y León;Austria;Enero;259
Total nacional;Castilla y León;Austria;Febrero;351
Total nacional;Castilla y León;Austria;Marzo;530
Total nacional;Castilla y León;Austria;Abril;1.510
Total nacional;Castilla y León;Austria;Mayo;2.262
Total nacional;Castilla y León;Austria;Junio;1.744
Total nacional;Castilla y León;Austria;Julio;1.548
Total nacional;Castilla y León;Austria;Agosto;947
Total nacional;Castilla y León;Austria;Septiembre;1.948
Total nacional;Castilla y León;Austria;Octubre;1.702
Total nacional;Castilla y León;Austria;Noviembre;557
Total nacional;Castilla y León;Austria;Diciembre;419
Total nacional;Castilla y León;Bélgica;Total;53.820
Total nacional;Castilla y León;Bélgica;Enero;1.257
Total nacional;Castilla y León;Bélgica;Febrero;1.252
Total nacional;Castilla y León;Bélgica;Marzo;1.785
Total nacional;Castilla y León;Bélgica;Abril;3.412
Total nacional;Castilla y León;Bélgica;Mayo;6.036
Total nacional;Castilla y León;Bélgica;Junio;5.256
Total nacional;Castilla y León;Bélgica;Julio;13.294
Total nacional;Castilla y León;Bélgica;Agosto;9.424
Total nacional;Castilla y León;Bélgica;Septiembre;5.635
Total nacional;Castilla y León;Bélgica;Octubre;3.455
Total nacional;Castilla y León;Bélgica;Noviembre;1.696
Total nacional;Castilla y León;Bélgica;Diciembre;1.318
Total nacional;Castilla y León;Dinamarca;Total;14.290
Total nacional;Castilla y León;Dinamarca;Enero;478
Total nacional;Castilla y León;Dinamarca;Febrero;644
Total nacional;Castilla y León;Dinamarca;Marzo;755
Total nacional;Castilla y León;Dinamarca;Abril;1.355
Total nacional;Castilla y León;Dinamarca;Mayo;1.912
Total nacional;Castilla y León;Dinamarca;Junio;1.507
Total nacional;Castilla y León;Dinamarca;Julio;2.208
Total nacional;Castilla y León;Dinamarca;Agosto;1.719
Total nacional;Castilla y León;Dinamarca;Septiembre;1.832
Total nacional;Castilla y León;Dinamarca;Octubre;1.383
Total nacional;Castilla y León;Dinamarca;Noviembre;302
Total nacional;Castilla y León;Dinamarca;Diciembre;195
Total nacional;Castilla y León;Finlandia;Total;7.479
Total nacional;Castilla y León;Finlandia;Enero;196
Total nacional;Castilla y León;Finlandia;Febrero;127
Total nacional;Castilla y León;Finlandia;Marzo;266
Total nacional;Castilla y León;Finlandia;Abril;631
Total nacional;Castilla y León;Finlandia;Mayo;517
Total nacional;Castilla y León;Finlandia;Junio;460
Total nacional;Castilla y León;Finlandia;Julio;667
Total nacional;Castilla y León;Finlandia;Agosto;2.240
Total nacional;Castilla y León;Finlandia;Septiembre;679
Total nacional;Castilla y León;Finlandia;Octubre;1.134
Total nacional;Castilla y León;Finlandia;Noviembre;206
Total nacional;Castilla y León;Finlandia;Diciembre;355
Total nacional;Castilla y León;Francia;Total;314.460
Total nacional;Castilla y León;Francia;Enero;8.300
Total nacional;Castilla y León;Francia;Febrero;10.698
Total nacional;Castilla y León;Francia;Marzo;12.740
Total nacional;Castilla y León;Francia;Abril;24.191
Total nacional;Castilla y León;Francia;Mayo;34.205
Total nacional;Castilla y León;Francia;Junio;26.156
Total nacional;Castilla y León;Francia;Julio;53.148
Total nacional;Castilla y León;Francia;Agosto;65.757
Total nacional;Castilla y León;Francia;Septiembre;31.399
Total nacional;Castilla y León;Francia;Octubre;25.653
Total nacional;Castilla y León;Francia;Noviembre;12.801
Total nacional;Castilla y León;Francia;Diciembre;9.411
Total nacional;Castilla y León;Grecia;Total;4.165
Total nacional;Castilla y León;Grecia;Enero;242
Total nacional;Castilla y León;Grecia;Febrero;181
Total nacional;Castilla y León;Grecia;Marzo;244
Total nacional;Castilla y León;Grecia;Abril;332
Total nacional;Castilla y León;Grecia;Mayo;231
Total nacional;Castilla y León;Grecia;Junio;224
Total nacional;Castilla y León;Grecia;Julio;365
Total nacional;Castilla y León;Grecia;Agosto;961
Total nacional;Castilla y León;Grecia;Septiembre;238
Total nacional;Castilla y León;Grecia;Octubre;220
Total nacional;Castilla y León;Grecia;Noviembre;210
Total nacional;Castilla y León;Grecia;Diciembre;719
Total nacional;Castilla y León;Irlanda;Total;24.134
Total nacional;Castilla y León;Irlanda;Enero;444
Total nacional;Castilla y León;Irlanda;Febrero;412
Total nacional;Castilla y León;Irlanda;Marzo;1.020
Total nacional;Castilla y León;Irlanda;Abril;1.967
Total nacional;Castilla y León;Irlanda;Mayo;3.437
Total nacional;Castilla y León;Irlanda;Junio;2.994
Total nacional;Castilla y León;Irlanda;Julio;3.311
Total nacional;Castilla y León;Irlanda;Agosto;2.522
Total nacional;Castilla y León;Irlanda;Septiembre;4.259
Total nacional;Castilla y León;Irlanda;Octubre;2.298
Total nacional;Castilla y León;Irlanda;Noviembre;843
Total nacional;Castilla y León;Irlanda;Diciembre;628
Total nacional;Castilla y León;Italia;Total;115.358
Total nacional;Castilla y León;Italia;Enero;4.842
Total nacional;Castilla y León;Italia;Febrero;6.403
Total nacional;Castilla y León;Italia;Marzo;7.261
Total nacional;Castilla y León;Italia;Abril;8.967
Total nacional;Castilla y León;Italia;Mayo;11.369
Total nacional;Castilla y León;Italia;Junio;9.068
Total nacional;Castilla y León;Italia;Julio;15.822
Total nacional;Castilla y León;Italia;Agosto;21.337
Total nacional;Castilla y León;Italia;Septiembre;12.124
Total nacional;Castilla y León;Italia;Octubre;8.964
Total nacional;Castilla y León;Italia;Noviembre;4.612
Total nacional;Castilla y León;Italia;Diciembre;4.590
Total nacional;Castilla y León;Luxemburgo;Total;1.972
Total nacional;Castilla y León;Luxemburgo;Enero;22
Total nacional;Castilla y León;Luxemburgo;Febrero;29
Total nacional;Castilla y León;Luxemburgo;Marzo;66
Total nacional;Castilla y León;Luxemburgo;Abril;82
Total nacional;Castilla y León;Luxemburgo;Mayo;181
Total nacional;Castilla y León;Luxemburgo;Junio;164
Total nacional;Castilla y León;Luxemburgo;Julio;267
Total nacional;Castilla y León;Luxemburgo;Agosto;647
Total nacional;Castilla y León;Luxemburgo;Septiembre;217
Total nacional;Castilla y León;Luxemburgo;Octubre;132
Total nacional;Castilla y León;Luxemburgo;Noviembre;98
Total nacional;Castilla y León;Luxemburgo;Diciembre;67
Total nacional;Castilla y León;Países Bajos;Total;72.587
Total nacional;Castilla y León;Países Bajos;Enero;1.571
Total nacional;Castilla y León;Países Bajos;Febrero;1.791
Total nacional;Castilla y León;Países Bajos;Marzo;2.641
Total nacional;Castilla y León;Países Bajos;Abril;6.042
Total nacional;Castilla y León;Países Bajos;Mayo;10.320
Total nacional;Castilla y León;Países Bajos;Junio;8.894
Total nacional;Castilla y León;Países Bajos;Julio;10.926
Total nacional;Castilla y León;Países Bajos;Agosto;10.083
Total nacional;Castilla y León;Países Bajos;Septiembre;9.161
Total nacional;Castilla y León;Países Bajos;Octubre;5.556
Total nacional;Castilla y León;Países Bajos;Noviembre;2.557
Total nacional;Castilla y León;Países Bajos;Diciembre;3.045
Total nacional;Castilla y León;Polonia;Total;17.109
Total nacional;Castilla y León;Polonia;Enero;280
Total nacional;Castilla y León;Polonia;Febrero;360
Total nacional;Castilla y León;Polonia;Marzo;593
Total nacional;Castilla y León;Polonia;Abril;1.262
Total nacional;Castilla y León;Polonia;Mayo;1.217
Total nacional;Castilla y León;Polonia;Junio;1.513
Total nacional;Castilla y León;Polonia;Julio;2.251
Total nacional;Castilla y León;Polonia;Agosto;2.769
Total nacional;Castilla y León;Polonia;Septiembre;3.133
Total nacional;Castilla y León;Polonia;Octubre;2.084
Total nacional;Castilla y León;Polonia;Noviembre;953
Total nacional;Castilla y León;Polonia;Diciembre;693
Total nacional;Castilla y León;Portugal;Total;154.135
Total nacional;Castilla y León;Portugal;Enero;6.816
Total nacional;Castilla y León;Portugal;Febrero;8.696
Total nacional;Castilla y León;Portugal;Marzo;8.035
Total nacional;Castilla y León;Portugal;Abril;14.444
Total nacional;Castilla y León;Portugal;Mayo;12.224
Total nacional;Castilla y León;Portugal;Junio;14.591
Total nacional;Castilla y León;Portugal;Julio;18.018
Total nacional;Castilla y León;Portugal;Agosto;21.978
Total nacional;Castilla y León;Portugal;Septiembre;15.271
Total nacional;Castilla y León;Portugal;Octubre;14.549
Total nacional;Castilla y León;Portugal;Noviembre;7.974
Total nacional;Castilla y León;Portugal;Diciembre;11.539
Total nacional;Castilla y León;Reino Unido;Total;178.001
Total nacional;Castilla y León;Reino Unido;Enero;4.969
Total nacional;Castilla y León;Reino Unido;Febrero;5.643
Total nacional;Castilla y León;Reino Unido;Marzo;8.041
Total nacional;Castilla y León;Reino Unido;Abril;15.231
Total nacional;Castilla y León;Reino Unido;Mayo;22.401
Total nacional;Castilla y León;Reino Unido;Junio;24.685
Total nacional;Castilla y León;Reino Unido;Julio;19.306
Total nacional;Castilla y León;Reino Unido;Agosto;16.832
Total nacional;Castilla y León;Reino Unido;Septiembre;30.298
Total nacional;Castilla y León;Reino Unido;Octubre;19.572
Total nacional;Castilla y León;Reino Unido;Noviembre;6.613
Total nacional;Castilla y León;Reino Unido;Diciembre;4.410
Total nacional;Castilla y León;República Checa;Total;5.715
Total nacional;Castilla y León;República Checa;Enero;209
Total nacional;Castilla y León;República Checa;Febrero;114
Total nacional;Castilla y León;República Checa;Marzo;247
Total nacional;Castilla y León;República Checa;Abril;850
Total nacional;Castilla y León;República Checa;Mayo;863
Total nacional;Castilla y León;República Checa;Junio;828
Total nacional;Castilla y León;República Checa;Julio;354
Total nacional;Castilla y León;República Checa;Agosto;519
Total nacional;Castilla y León;República Checa;Septiembre;928
Total nacional;Castilla y León;República Checa;Octubre;262
Total nacional;Castilla y León;República Checa;Noviembre;307
Total nacional;Castilla y León;República Checa;Diciembre;236
Total nacional;Castilla y León;Suecia;Total;11.209
Total nacional;Castilla y León;Suecia;Enero;254
Total nacional;Castilla y León;Suecia;Febrero;284
Total nacional;Castilla y León;Suecia;Marzo;468
Total nacional;Castilla y León;Suecia;Abril;875
Total nacional;Castilla y León;Suecia;Mayo;2.115
Total nacional;Castilla y León;Suecia;Junio;1.346
Total nacional;Castilla y León;Suecia;Julio;1.259
Total nacional;Castilla y León;Suecia;Agosto;520
Total nacional;Castilla y León;Suecia;Septiembre;1.646
Total nacional;Castilla y León;Suecia;Octubre;1.553
Total nacional;Castilla y León;Suecia;Noviembre;511
Total nacional;Castilla y León;Suecia;Diciembre;379
Total nacional;Castilla y León;Noruega;Total;6.194
Total nacional;Castilla y León;Noruega;Enero;102
Total nacional;Castilla y León;Noruega;Febrero;98
Total nacional;Castilla y León;Noruega;Marzo;222
Total nacional;Castilla y León;Noruega;Abril;594
Total nacional;Castilla y León;Noruega;Mayo;869
Total nacional;Castilla y León;Noruega;Junio;945
Total nacional;Castilla y León;Noruega;Julio;673
Total nacional;Castilla y León;Noruega;Agosto;409
Total nacional;Castilla y León;Noruega;Septiembre;1.141
Total nacional;Castilla y León;Noruega;Octubre;875
Total nacional;Castilla y León;Noruega;Noviembre;154
Total nacional;Castilla y León;Noruega;Diciembre;111
Total nacional;Castilla y León;Rusia;Total;17.070
Total nacional;Castilla y León;Rusia;Enero;1.130
Total nacional;Castilla y León;Rusia;Febrero;689
Total nacional;Castilla y León;Rusia;Marzo;1.165
Total nacional;Castilla y León;Rusia;Abril;1.127
Total nacional;Castilla y León;Rusia;Mayo;2.004
Total nacional;Castilla y León;Rusia;Junio;1.320
Total nacional;Castilla y León;Rusia;Julio;1.254
Total nacional;Castilla y León;Rusia;Agosto;1.478
Total nacional;Castilla y León;Rusia;Septiembre;1.918
Total nacional;Castilla y León;Rusia;Octubre;2.001
Total nacional;Castilla y León;Rusia;Noviembre;1.304
Total nacional;Castilla y León;Rusia;Diciembre;1.680
Total nacional;Castilla y León;Suiza;Total;25.511
Total nacional;Castilla y León;Suiza;Enero;833
Total nacional;Castilla y León;Suiza;Febrero;737
Total nacional;Castilla y León;Suiza;Marzo;1.211
Total nacional;Castilla y León;Suiza;Abril;2.691
Total nacional;Castilla y León;Suiza;Mayo;4.689
Total nacional;Castilla y León;Suiza;Junio;3.134
Total nacional;Castilla y León;Suiza;Julio;3.219
Total nacional;Castilla y León;Suiza;Agosto;2.738
Total nacional;Castilla y León;Suiza;Septiembre;2.327
Total nacional;Castilla y León;Suiza;Octubre;2.430
Total nacional;Castilla y León;Suiza;Noviembre;795
Total nacional;Castilla y León;Suiza;Diciembre;707
Total nacional;Castilla y León;Resto de Europa sin U.E.;Total;28.487
Total nacional;Castilla y León;Resto de Europa sin U.E.;Enero;997
Total nacional;Castilla y León;Resto de Europa sin U.E.;Febrero;2.185
Total nacional;Castilla y León;Resto de Europa sin U.E.;Marzo;1.444
Total nacional;Castilla y León;Resto de Europa sin U.E.;Abril;2.416
Total nacional;Castilla y León;Resto de Europa sin U.E.;Mayo;3.245
Total nacional;Castilla y León;Resto de Europa sin U.E.;Junio;1.965
Total nacional;Castilla y León;Resto de Europa sin U.E.;Julio;2.081
Total nacional;Castilla y León;Resto de Europa sin U.E.;Agosto;2.114
Total nacional;Castilla y León;Resto de Europa sin U.E.;Septiembre;4.542
Total nacional;Castilla y León;Resto de Europa sin U.E.;Octubre;4.062
Total nacional;Castilla y León;Resto de Europa sin U.E.;Noviembre;2.093
Total nacional;Castilla y León;Resto de Europa sin U.E.;Diciembre;1.344
Total nacional;Castilla y León;Japón;Total;16.046
Total nacional;Castilla y León;Japón;Enero;659
Total nacional;Castilla y León;Japón;Febrero;945
Total nacional;Castilla y León;Japón;Marzo;1.522
Total nacional;Castilla y León;Japón;Abril;1.379
Total nacional;Castilla y León;Japón;Mayo;2.597
Total nacional;Castilla y León;Japón;Junio;1.775
Total nacional;Castilla y León;Japón;Julio;1.234
Total nacional;Castilla y León;Japón;Agosto;1.226
Total nacional;Castilla y León;Japón;Septiembre;1.584
Total nacional;Castilla y León;Japón;Octubre;1.526
Total nacional;Castilla y León;Japón;Noviembre;1.044
Total nacional;Castilla y León;Japón;Diciembre;554
Total nacional;Castilla y León;Estados Unidos;Total;151.094
Total nacional;Castilla y León;Estados Unidos;Enero;2.944
Total nacional;Castilla y León;Estados Unidos;Febrero;4.378
Total nacional;Castilla y León;Estados Unidos;Marzo;7.201
Total nacional;Castilla y León;Estados Unidos;Abril;12.190
Total nacional;Castilla y León;Estados Unidos;Mayo;19.557
Total nacional;Castilla y León;Estados Unidos;Junio;19.384
Total nacional;Castilla y León;Estados Unidos;Julio;18.693
Total nacional;Castilla y León;Estados Unidos;Agosto;10.246
Total nacional;Castilla y León;Estados Unidos;Septiembre;23.789
Total nacional;Castilla y León;Estados Unidos;Octubre;20.540
Total nacional;Castilla y León;Estados Unidos;Noviembre;8.415
Total nacional;Castilla y León;Estados Unidos;Diciembre;3.757
Total nacional;Castilla y León;Resto de América;Total;169.592
Total nacional;Castilla y León;Resto de América;Enero;10.745
Total nacional;Castilla y León;Resto de América;Febrero;8.266
Total nacional;Castilla y León;Resto de América;Marzo;7.989
Total nacional;Castilla y León;Resto de América;Abril;12.344
Total nacional;Castilla y León;Resto de América;Mayo;21.530
Total nacional;Castilla y León;Resto de América;Junio;18.698
Total nacional;Castilla y León;Resto de América;Julio;17.434
Total nacional;Castilla y León;Resto de América;Agosto;12.047
Total nacional;Castilla y León;Resto de América;Septiembre;23.683
Total nacional;Castilla y León;Resto de América;Octubre;18.163
Total nacional;Castilla y León;Resto de América;Noviembre;10.214
Total nacional;Castilla y León;Resto de América;Diciembre;8.478
Total nacional;Castilla y León;Países africanos;Total;20.913
Total nacional;Castilla y León;Países africanos;Enero;769
Total nacional;Castilla y León;Países africanos;Febrero;820
Total nacional;Castilla y León;Países africanos;Marzo;1.319
Total nacional;Castilla y León;Países africanos;Abril;1.295
Total nacional;Castilla y León;Países africanos;Mayo;2.204
Total nacional;Castilla y León;Países africanos;Junio;1.136
Total nacional;Castilla y León;Países africanos;Julio;4.836
Total nacional;Castilla y León;Países africanos;Agosto;3.058
Total nacional;Castilla y León;Países africanos;Septiembre;2.293
Total nacional;Castilla y León;Países africanos;Octubre;1.377
Total nacional;Castilla y León;Países africanos;Noviembre;849
Total nacional;Castilla y León;Países africanos;Diciembre;956
Total nacional;Castilla - La Mancha;Total;Total;3.673.358
Total nacional;Castilla - La Mancha;Total;Enero;199.208
Total nacional;Castilla - La Mancha;Total;Febrero;228.866
Total nacional;Castilla - La Mancha;Total;Marzo;275.371
Total nacional;Castilla - La Mancha;Total;Abril;365.819
Total nacional;Castilla - La Mancha;Total;Mayo;330.673
Total nacional;Castilla - La Mancha;Total;Junio;318.092
Total nacional;Castilla - La Mancha;Total;Julio;321.176
Total nacional;Castilla - La Mancha;Total;Agosto;379.016
Total nacional;Castilla - La Mancha;Total;Septiembre;356.025
Total nacional;Castilla - La Mancha;Total;Octubre;358.676
Total nacional;Castilla - La Mancha;Total;Noviembre;285.904
Total nacional;Castilla - La Mancha;Total;Diciembre;254.531
Total nacional;Castilla - La Mancha;Residentes en España;Total;3.031.932
Total nacional;Castilla - La Mancha;Residentes en España;Enero;160.869
Total nacional;Castilla - La Mancha;Residentes en España;Febrero;195.733
Total nacional;Castilla - La Mancha;Residentes en España;Marzo;236.250
Total nacional;Castilla - La Mancha;Residentes en España;Abril;306.860
Total nacional;Castilla - La Mancha;Residentes en España;Mayo;257.757
Total nacional;Castilla - La Mancha;Residentes en España;Junio;254.658
Total nacional;Castilla - La Mancha;Residentes en España;Julio;251.489
Total nacional;Castilla - La Mancha;Residentes en España;Agosto;318.048
Total nacional;Castilla - La Mancha;Residentes en España;Septiembre;288.380
Total nacional;Castilla - La Mancha;Residentes en España;Octubre;293.460
Total nacional;Castilla - La Mancha;Residentes en España;Noviembre;245.307
Total nacional;Castilla - La Mancha;Residentes en España;Diciembre;223.120
Total nacional;Castilla - La Mancha;No residentes en España;Total;641.426
Total nacional;Castilla - La Mancha;No residentes en España;Enero;38.339
Total nacional;Castilla - La Mancha;No residentes en España;Febrero;33.132
Total nacional;Castilla - La Mancha;No residentes en España;Marzo;39.121
Total nacional;Castilla - La Mancha;No residentes en España;Abril;58.958
Total nacional;Castilla - La Mancha;No residentes en España;Mayo;72.916
Total nacional;Castilla - La Mancha;No residentes en España;Junio;63.434
Total nacional;Castilla - La Mancha;No residentes en España;Julio;69.687
Total nacional;Castilla - La Mancha;No residentes en España;Agosto;60.969
Total nacional;Castilla - La Mancha;No residentes en España;Septiembre;67.645
Total nacional;Castilla - La Mancha;No residentes en España;Octubre;65.216
Total nacional;Castilla - La Mancha;No residentes en España;Noviembre;40.597
Total nacional;Castilla - La Mancha;No residentes en España;Diciembre;31.412
Total nacional;Castilla - La Mancha;Unión Europea (sin España);Total;335.330
Total nacional;Castilla - La Mancha;Unión Europea (sin España);Enero;16.805
Total nacional;Castilla - La Mancha;Unión Europea (sin España);Febrero;17.838
Total nacional;Castilla - La Mancha;Unión Europea (sin España);Marzo;19.660
Total nacional;Castilla - La Mancha;Unión Europea (sin España);Abril;29.157
Total nacional;Castilla - La Mancha;Unión Europea (sin España);Mayo;39.033
Total nacional;Castilla - La Mancha;Unión Europea (sin España);Junio;29.654
Total nacional;Castilla - La Mancha;Unión Europea (sin España);Julio;34.751
Total nacional;Castilla - La Mancha;Unión Europea (sin España);Agosto;38.495
Total nacional;Castilla - La Mancha;Unión Europea (sin España);Septiembre;37.386
Total nacional;Castilla - La Mancha;Unión Europea (sin España);Octubre;35.418
Total nacional;Castilla - La Mancha;Unión Europea (sin España);Noviembre;21.272
Total nacional;Castilla - La Mancha;Unión Europea (sin España);Diciembre;15.861
Total nacional;Castilla - La Mancha;Alemania;Total;44.363
Total nacional;Castilla - La Mancha;Alemania;Enero;1.375
Total nacional;Castilla - La Mancha;Alemania;Febrero;1.965
Total nacional;Castilla - La Mancha;Alemania;Marzo;4.135
Total nacional;Castilla - La Mancha;Alemania;Abril;4.771
Total nacional;Castilla - La Mancha;Alemania;Mayo;6.825
Total nacional;Castilla - La Mancha;Alemania;Junio;4.602
Total nacional;Castilla - La Mancha;Alemania;Julio;4.196
Total nacional;Castilla - La Mancha;Alemania;Agosto;2.314
Total nacional;Castilla - La Mancha;Alemania;Septiembre;5.315
Total nacional;Castilla - La Mancha;Alemania;Octubre;5.118
Total nacional;Castilla - La Mancha;Alemania;Noviembre;2.468
Total nacional;Castilla - La Mancha;Alemania;Diciembre;1.279
Total nacional;Castilla - La Mancha;Austria;Total;4.297
Total nacional;Castilla - La Mancha;Austria;Enero;70
Total nacional;Castilla - La Mancha;Austria;Febrero;116
Total nacional;Castilla - La Mancha;Austria;Marzo;188
Total nacional;Castilla - La Mancha;Austria;Abril;426
Total nacional;Castilla - La Mancha;Austria;Mayo;913
Total nacional;Castilla - La Mancha;Austria;Junio;364
Total nacional;Castilla - La Mancha;Austria;Julio;314
Total nacional;Castilla - La Mancha;Austria;Agosto;143
Total nacional;Castilla - La Mancha;Austria;Septiembre;766
Total nacional;Castilla - La Mancha;Austria;Octubre;515
Total nacional;Castilla - La Mancha;Austria;Noviembre;274
Total nacional;Castilla - La Mancha;Austria;Diciembre;208
Total nacional;Castilla - La Mancha;Bélgica;Total;14.707
Total nacional;Castilla - La Mancha;Bélgica;Enero;431
Total nacional;Castilla - La Mancha;Bélgica;Febrero;734
Total nacional;Castilla - La Mancha;Bélgica;Marzo;634
Total nacional;Castilla - La Mancha;Bélgica;Abril;1.442
Total nacional;Castilla - La Mancha;Bélgica;Mayo;1.881
Total nacional;Castilla - La Mancha;Bélgica;Junio;1.788
Total nacional;Castilla - La Mancha;Bélgica;Julio;1.862
Total nacional;Castilla - La Mancha;Bélgica;Agosto;1.597
Total nacional;Castilla - La Mancha;Bélgica;Septiembre;2.046
Total nacional;Castilla - La Mancha;Bélgica;Octubre;1.240
Total nacional;Castilla - La Mancha;Bélgica;Noviembre;550
Total nacional;Castilla - La Mancha;Bélgica;Diciembre;501
Total nacional;Castilla - La Mancha;Dinamarca;Total;4.387
Total nacional;Castilla - La Mancha;Dinamarca;Enero;91
Total nacional;Castilla - La Mancha;Dinamarca;Febrero;165
Total nacional;Castilla - La Mancha;Dinamarca;Marzo;187
Total nacional;Castilla - La Mancha;Dinamarca;Abril;570
Total nacional;Castilla - La Mancha;Dinamarca;Mayo;399
Total nacional;Castilla - La Mancha;Dinamarca;Junio;208
Total nacional;Castilla - La Mancha;Dinamarca;Julio;676
Total nacional;Castilla - La Mancha;Dinamarca;Agosto;1.046
Total nacional;Castilla - La Mancha;Dinamarca;Septiembre;462
Total nacional;Castilla - La Mancha;Dinamarca;Octubre;305
Total nacional;Castilla - La Mancha;Dinamarca;Noviembre;144
Total nacional;Castilla - La Mancha;Dinamarca;Diciembre;134
Total nacional;Castilla - La Mancha;Finlandia;Total;3.159
Total nacional;Castilla - La Mancha;Finlandia;Enero;53
Total nacional;Castilla - La Mancha;Finlandia;Febrero;80
Total nacional;Castilla - La Mancha;Finlandia;Marzo;149
Total nacional;Castilla - La Mancha;Finlandia;Abril;457
Total nacional;Castilla - La Mancha;Finlandia;Mayo;293
Total nacional;Castilla - La Mancha;Finlandia;Junio;177
Total nacional;Castilla - La Mancha;Finlandia;Julio;265
Total nacional;Castilla - La Mancha;Finlandia;Agosto;461
Total nacional;Castilla - La Mancha;Finlandia;Septiembre;539
Total nacional;Castilla - La Mancha;Finlandia;Octubre;387
Total nacional;Castilla - La Mancha;Finlandia;Noviembre;197
Total nacional;Castilla - La Mancha;Finlandia;Diciembre;100
Total nacional;Castilla - La Mancha;Francia;Total;71.519
Total nacional;Castilla - La Mancha;Francia;Enero;3.368
Total nacional;Castilla - La Mancha;Francia;Febrero;3.774
Total nacional;Castilla - La Mancha;Francia;Marzo;3.431
Total nacional;Castilla - La Mancha;Francia;Abril;6.699
Total nacional;Castilla - La Mancha;Francia;Mayo;7.236
Total nacional;Castilla - La Mancha;Francia;Junio;4.803
Total nacional;Castilla - La Mancha;Francia;Julio;8.324
Total nacional;Castilla - La Mancha;Francia;Agosto;9.421
Total nacional;Castilla - La Mancha;Francia;Septiembre;6.558
Total nacional;Castilla - La Mancha;Francia;Octubre;9.087
Total nacional;Castilla - La Mancha;Francia;Noviembre;5.051
Total nacional;Castilla - La Mancha;Francia;Diciembre;3.767
Total nacional;Castilla - La Mancha;Grecia;Total;3.337
Total nacional;Castilla - La Mancha;Grecia;Enero;114
Total nacional;Castilla - La Mancha;Grecia;Febrero;427
Total nacional;Castilla - La Mancha;Grecia;Marzo;242
Total nacional;Castilla - La Mancha;Grecia;Abril;394
Total nacional;Castilla - La Mancha;Grecia;Mayo;378
Total nacional;Castilla - La Mancha;Grecia;Junio;155
Total nacional;Castilla - La Mancha;Grecia;Julio;232
Total nacional;Castilla - La Mancha;Grecia;Agosto;503
Total nacional;Castilla - La Mancha;Grecia;Septiembre;395
Total nacional;Castilla - La Mancha;Grecia;Octubre;84
Total nacional;Castilla - La Mancha;Grecia;Noviembre;191
Total nacional;Castilla - La Mancha;Grecia;Diciembre;222
Total nacional;Castilla - La Mancha;Irlanda;Total;7.608
Total nacional;Castilla - La Mancha;Irlanda;Enero;261
Total nacional;Castilla - La Mancha;Irlanda;Febrero;391
Total nacional;Castilla - La Mancha;Irlanda;Marzo;387
Total nacional;Castilla - La Mancha;Irlanda;Abril;507
Total nacional;Castilla - La Mancha;Irlanda;Mayo;711
Total nacional;Castilla - La Mancha;Irlanda;Junio;1.003
Total nacional;Castilla - La Mancha;Irlanda;Julio;1.274
Total nacional;Castilla - La Mancha;Irlanda;Agosto;730
Total nacional;Castilla - La Mancha;Irlanda;Septiembre;951
Total nacional;Castilla - La Mancha;Irlanda;Octubre;601
Total nacional;Castilla - La Mancha;Irlanda;Noviembre;448
Total nacional;Castilla - La Mancha;Irlanda;Diciembre;345
Total nacional;Castilla - La Mancha;Italia;Total;39.970
Total nacional;Castilla - La Mancha;Italia;Enero;3.051
Total nacional;Castilla - La Mancha;Italia;Febrero;2.189
Total nacional;Castilla - La Mancha;Italia;Marzo;2.847
Total nacional;Castilla - La Mancha;Italia;Abril;2.940
Total nacional;Castilla - La Mancha;Italia;Mayo;2.874
Total nacional;Castilla - La Mancha;Italia;Junio;3.221
Total nacional;Castilla - La Mancha;Italia;Julio;4.469
Total nacional;Castilla - La Mancha;Italia;Agosto;6.816
Total nacional;Castilla - La Mancha;Italia;Septiembre;3.480
Total nacional;Castilla - La Mancha;Italia;Octubre;3.131
Total nacional;Castilla - La Mancha;Italia;Noviembre;3.160
Total nacional;Castilla - La Mancha;Italia;Diciembre;1.792
Total nacional;Castilla - La Mancha;Luxemburgo;Total;664
Total nacional;Castilla - La Mancha;Luxemburgo;Enero;..
Total nacional;Castilla - La Mancha;Luxemburgo;Febrero;22
Total nacional;Castilla - La Mancha;Luxemburgo;Marzo;..
Total nacional;Castilla - La Mancha;Luxemburgo;Abril;194
Total nacional;Castilla - La Mancha;Luxemburgo;Mayo;175
Total nacional;Castilla - La Mancha;Luxemburgo;Junio;35
Total nacional;Castilla - La Mancha;Luxemburgo;Julio;71
Total nacional;Castilla - La Mancha;Luxemburgo;Agosto;52
Total nacional;Castilla - La Mancha;Luxemburgo;Septiembre;31
Total nacional;Castilla - La Mancha;Luxemburgo;Octubre;..
Total nacional;Castilla - La Mancha;Luxemburgo;Noviembre;..
Total nacional;Castilla - La Mancha;Luxemburgo;Diciembre;50
Total nacional;Castilla - La Mancha;Países Bajos;Total;16.580
Total nacional;Castilla - La Mancha;Países Bajos;Enero;529
Total nacional;Castilla - La Mancha;Países Bajos;Febrero;615
Total nacional;Castilla - La Mancha;Países Bajos;Marzo;583
Total nacional;Castilla - La Mancha;Países Bajos;Abril;1.835
Total nacional;Castilla - La Mancha;Países Bajos;Mayo;2.291
Total nacional;Castilla - La Mancha;Países Bajos;Junio;1.898
Total nacional;Castilla - La Mancha;Países Bajos;Julio;1.880
Total nacional;Castilla - La Mancha;Países Bajos;Agosto;1.815
Total nacional;Castilla - La Mancha;Países Bajos;Septiembre;2.099
Total nacional;Castilla - La Mancha;Países Bajos;Octubre;1.286
Total nacional;Castilla - La Mancha;Países Bajos;Noviembre;948
Total nacional;Castilla - La Mancha;Países Bajos;Diciembre;802
Total nacional;Castilla - La Mancha;Polonia;Total;7.885
Total nacional;Castilla - La Mancha;Polonia;Enero;1.322
Total nacional;Castilla - La Mancha;Polonia;Febrero;769
Total nacional;Castilla - La Mancha;Polonia;Marzo;500
Total nacional;Castilla - La Mancha;Polonia;Abril;328
Total nacional;Castilla - La Mancha;Polonia;Mayo;758
Total nacional;Castilla - La Mancha;Polonia;Junio;821
Total nacional;Castilla - La Mancha;Polonia;Julio;506
Total nacional;Castilla - La Mancha;Polonia;Agosto;601
Total nacional;Castilla - La Mancha;Polonia;Septiembre;982
Total nacional;Castilla - La Mancha;Polonia;Octubre;596
Total nacional;Castilla - La Mancha;Polonia;Noviembre;379
Total nacional;Castilla - La Mancha;Polonia;Diciembre;323
Total nacional;Castilla - La Mancha;Portugal;Total;32.327
Total nacional;Castilla - La Mancha;Portugal;Enero;2.562
Total nacional;Castilla - La Mancha;Portugal;Febrero;2.560
Total nacional;Castilla - La Mancha;Portugal;Marzo;1.338
Total nacional;Castilla - La Mancha;Portugal;Abril;2.579
Total nacional;Castilla - La Mancha;Portugal;Mayo;2.204
Total nacional;Castilla - La Mancha;Portugal;Junio;3.087
Total nacional;Castilla - La Mancha;Portugal;Julio;3.589
Total nacional;Castilla - La Mancha;Portugal;Agosto;4.394
Total nacional;Castilla - La Mancha;Portugal;Septiembre;3.077
Total nacional;Castilla - La Mancha;Portugal;Octubre;2.438
Total nacional;Castilla - La Mancha;Portugal;Noviembre;2.287
Total nacional;Castilla - La Mancha;Portugal;Diciembre;2.211
Total nacional;Castilla - La Mancha;Reino Unido;Total;53.925
Total nacional;Castilla - La Mancha;Reino Unido;Enero;1.490
Total nacional;Castilla - La Mancha;Reino Unido;Febrero;2.387
Total nacional;Castilla - La Mancha;Reino Unido;Marzo;2.913
Total nacional;Castilla - La Mancha;Reino Unido;Abril;4.176
Total nacional;Castilla - La Mancha;Reino Unido;Mayo;8.323
Total nacional;Castilla - La Mancha;Reino Unido;Junio;5.254
Total nacional;Castilla - La Mancha;Reino Unido;Julio;4.640
Total nacional;Castilla - La Mancha;Reino Unido;Agosto;5.287
Total nacional;Castilla - La Mancha;Reino Unido;Septiembre;7.679
Total nacional;Castilla - La Mancha;Reino Unido;Octubre;6.655
Total nacional;Castilla - La Mancha;Reino Unido;Noviembre;2.877
Total nacional;Castilla - La Mancha;Reino Unido;Diciembre;2.245
Total nacional;Castilla - La Mancha;República Checa;Total;2.412
Total nacional;Castilla - La Mancha;República Checa;Enero;55
Total nacional;Castilla - La Mancha;República Checa;Febrero;49
Total nacional;Castilla - La Mancha;República Checa;Marzo;474
Total nacional;Castilla - La Mancha;República Checa;Abril;112
Total nacional;Castilla - La Mancha;República Checa;Mayo;255
Total nacional;Castilla - La Mancha;República Checa;Junio;271
Total nacional;Castilla - La Mancha;República Checa;Julio;151
Total nacional;Castilla - La Mancha;República Checa;Agosto;180
Total nacional;Castilla - La Mancha;República Checa;Septiembre;178
Total nacional;Castilla - La Mancha;República Checa;Octubre;355
Total nacional;Castilla - La Mancha;República Checa;Noviembre;172
Total nacional;Castilla - La Mancha;República Checa;Diciembre;159
Total nacional;Castilla - La Mancha;Suecia;Total;7.490
Total nacional;Castilla - La Mancha;Suecia;Enero;136
Total nacional;Castilla - La Mancha;Suecia;Febrero;312
Total nacional;Castilla - La Mancha;Suecia;Marzo;354
Total nacional;Castilla - La Mancha;Suecia;Abril;424
Total nacional;Castilla - La Mancha;Suecia;Mayo;704
Total nacional;Castilla - La Mancha;Suecia;Junio;486
Total nacional;Castilla - La Mancha;Suecia;Julio;430
Total nacional;Castilla - La Mancha;Suecia;Agosto;1.282
Total nacional;Castilla - La Mancha;Suecia;Septiembre;808
Total nacional;Castilla - La Mancha;Suecia;Octubre;1.061
Total nacional;Castilla - La Mancha;Suecia;Noviembre;927
Total nacional;Castilla - La Mancha;Suecia;Diciembre;564
Total nacional;Castilla - La Mancha;Noruega;Total;5.289
Total nacional;Castilla - La Mancha;Noruega;Enero;156
Total nacional;Castilla - La Mancha;Noruega;Febrero;116
Total nacional;Castilla - La Mancha;Noruega;Marzo;193
Total nacional;Castilla - La Mancha;Noruega;Abril;590
Total nacional;Castilla - La Mancha;Noruega;Mayo;249
Total nacional;Castilla - La Mancha;Noruega;Junio;243
Total nacional;Castilla - La Mancha;Noruega;Julio;443
Total nacional;Castilla - La Mancha;Noruega;Agosto;1.298
Total nacional;Castilla - La Mancha;Noruega;Septiembre;960
Total nacional;Castilla - La Mancha;Noruega;Octubre;603
Total nacional;Castilla - La Mancha;Noruega;Noviembre;310
Total nacional;Castilla - La Mancha;Noruega;Diciembre;128
Total nacional;Castilla - La Mancha;Rusia;Total;9.686
Total nacional;Castilla - La Mancha;Rusia;Enero;1.819
Total nacional;Castilla - La Mancha;Rusia;Febrero;384
Total nacional;Castilla - La Mancha;Rusia;Marzo;647
Total nacional;Castilla - La Mancha;Rusia;Abril;594
Total nacional;Castilla - La Mancha;Rusia;Mayo;804
Total nacional;Castilla - La Mancha;Rusia;Junio;867
Total nacional;Castilla - La Mancha;Rusia;Julio;871
Total nacional;Castilla - La Mancha;Rusia;Agosto;657
Total nacional;Castilla - La Mancha;Rusia;Septiembre;888
Total nacional;Castilla - La Mancha;Rusia;Octubre;627
Total nacional;Castilla - La Mancha;Rusia;Noviembre;712
Total nacional;Castilla - La Mancha;Rusia;Diciembre;815
Total nacional;Castilla - La Mancha;Suiza;Total;11.960
Total nacional;Castilla - La Mancha;Suiza;Enero;675
Total nacional;Castilla - La Mancha;Suiza;Febrero;410
Total nacional;Castilla - La Mancha;Suiza;Marzo;554
Total nacional;Castilla - La Mancha;Suiza;Abril;1.525
Total nacional;Castilla - La Mancha;Suiza;Mayo;1.340
Total nacional;Castilla - La Mancha;Suiza;Junio;1.316
Total nacional;Castilla - La Mancha;Suiza;Julio;1.184
Total nacional;Castilla - La Mancha;Suiza;Agosto;828
Total nacional;Castilla - La Mancha;Suiza;Septiembre;1.261
Total nacional;Castilla - La Mancha;Suiza;Octubre;1.195
Total nacional;Castilla - La Mancha;Suiza;Noviembre;1.211
Total nacional;Castilla - La Mancha;Suiza;Diciembre;463
Total nacional;Castilla - La Mancha;Resto de Europa sin U.E.;Total;20.135
Total nacional;Castilla - La Mancha;Resto de Europa sin U.E.;Enero;2.203
Total nacional;Castilla - La Mancha;Resto de Europa sin U.E.;Febrero;2.128
Total nacional;Castilla - La Mancha;Resto de Europa sin U.E.;Marzo;1.299
Total nacional;Castilla - La Mancha;Resto de Europa sin U.E.;Abril;3.317
Total nacional;Castilla - La Mancha;Resto de Europa sin U.E.;Mayo;1.655
Total nacional;Castilla - La Mancha;Resto de Europa sin U.E.;Junio;1.190
Total nacional;Castilla - La Mancha;Resto de Europa sin U.E.;Julio;1.619
Total nacional;Castilla - La Mancha;Resto de Europa sin U.E.;Agosto;1.187
Total nacional;Castilla - La Mancha;Resto de Europa sin U.E.;Septiembre;1.752
Total nacional;Castilla - La Mancha;Resto de Europa sin U.E.;Octubre;1.086
Total nacional;Castilla - La Mancha;Resto de Europa sin U.E.;Noviembre;1.444
Total nacional;Castilla - La Mancha;Resto de Europa sin U.E.;Diciembre;1.256
Total nacional;Castilla - La Mancha;Japón;Total;14.994
Total nacional;Castilla - La Mancha;Japón;Enero;876
Total nacional;Castilla - La Mancha;Japón;Febrero;1.229
Total nacional;Castilla - La Mancha;Japón;Marzo;1.138
Total nacional;Castilla - La Mancha;Japón;Abril;1.310
Total nacional;Castilla - La Mancha;Japón;Mayo;1.983
Total nacional;Castilla - La Mancha;Japón;Junio;1.558
Total nacional;Castilla - La Mancha;Japón;Julio;703
Total nacional;Castilla - La Mancha;Japón;Agosto;1.361
Total nacional;Castilla - La Mancha;Japón;Septiembre;1.636
Total nacional;Castilla - La Mancha;Japón;Octubre;1.217
Total nacional;Castilla - La Mancha;Japón;Noviembre;1.079
Total nacional;Castilla - La Mancha;Japón;Diciembre;905
Total nacional;Castilla - La Mancha;Estados Unidos;Total;59.023
Total nacional;Castilla - La Mancha;Estados Unidos;Enero;2.947
Total nacional;Castilla - La Mancha;Estados Unidos;Febrero;1.760
Total nacional;Castilla - La Mancha;Estados Unidos;Marzo;3.612
Total nacional;Castilla - La Mancha;Estados Unidos;Abril;6.461
Total nacional;Castilla - La Mancha;Estados Unidos;Mayo;9.055
Total nacional;Castilla - La Mancha;Estados Unidos;Junio;7.586
Total nacional;Castilla - La Mancha;Estados Unidos;Julio;5.727
Total nacional;Castilla - La Mancha;Estados Unidos;Agosto;3.181
Total nacional;Castilla - La Mancha;Estados Unidos;Septiembre;5.216
Total nacional;Castilla - La Mancha;Estados Unidos;Octubre;6.610
Total nacional;Castilla - La Mancha;Estados Unidos;Noviembre;3.645
Total nacional;Castilla - La Mancha;Estados Unidos;Diciembre;3.223
Total nacional;Castilla - La Mancha;Resto de América;Total;71.582
Total nacional;Castilla - La Mancha;Resto de América;Enero;4.942
Total nacional;Castilla - La Mancha;Resto de América;Febrero;3.230
Total nacional;Castilla - La Mancha;Resto de América;Marzo;3.736
Total nacional;Castilla - La Mancha;Resto de América;Abril;4.478
Total nacional;Castilla - La Mancha;Resto de América;Mayo;7.031
Total nacional;Castilla - La Mancha;Resto de América;Junio;7.064
Total nacional;Castilla - La Mancha;Resto de América;Julio;14.391
Total nacional;Castilla - La Mancha;Resto de América;Agosto;6.372
Total nacional;Castilla - La Mancha;Resto de América;Septiembre;6.207
Total nacional;Castilla - La Mancha;Resto de América;Octubre;6.491
Total nacional;Castilla - La Mancha;Resto de América;Noviembre;4.090
Total nacional;Castilla - La Mancha;Resto de América;Diciembre;3.550
Total nacional;Castilla - La Mancha;Países africanos;Total;12.107
Total nacional;Castilla - La Mancha;Países africanos;Enero;723
Total nacional;Castilla - La Mancha;Países africanos;Febrero;515
Total nacional;Castilla - La Mancha;Países africanos;Marzo;535
Total nacional;Castilla - La Mancha;Países africanos;Abril;691
Total nacional;Castilla - La Mancha;Países africanos;Mayo;533
Total nacional;Castilla - La Mancha;Países africanos;Junio;1.370
Total nacional;Castilla - La Mancha;Países africanos;Julio;2.182
Total nacional;Castilla - La Mancha;Países africanos;Agosto;1.659
Total nacional;Castilla - La Mancha;Países africanos;Septiembre;1.251
Total nacional;Castilla - La Mancha;Países africanos;Octubre;912
Total nacional;Castilla - La Mancha;Países africanos;Noviembre;805
Total nacional;Castilla - La Mancha;Países africanos;Diciembre;930
Total nacional;Cataluña;Total;Total;57.220.451
Total nacional;Cataluña;Total;Enero;2.026.648
Total nacional;Cataluña;Total;Febrero;2.328.476
Total nacional;Cataluña;Total;Marzo;3.146.212
Total nacional;Cataluña;Total;Abril;4.860.980
Total nacional;Cataluña;Total;Mayo;5.304.838
Total nacional;Cataluña;Total;Junio;6.699.077
Total nacional;Cataluña;Total;Julio;8.450.255
Total nacional;Cataluña;Total;Agosto;8.941.201
Total nacional;Cataluña;Total;Septiembre;6.639.783
Total nacional;Cataluña;Total;Octubre;4.552.726
Total nacional;Cataluña;Total;Noviembre;2.182.138
Total nacional;Cataluña;Total;Diciembre;2.088.119
Total nacional;Cataluña;Residentes en España;Total;16.550.797
Total nacional;Cataluña;Residentes en España;Enero;710.738
Total nacional;Cataluña;Residentes en España;Febrero;793.586
Total nacional;Cataluña;Residentes en España;Marzo;1.118.657
Total nacional;Cataluña;Residentes en España;Abril;1.724.570
Total nacional;Cataluña;Residentes en España;Mayo;1.323.064
Total nacional;Cataluña;Residentes en España;Junio;1.732.843
Total nacional;Cataluña;Residentes en España;Julio;2.164.074
Total nacional;Cataluña;Residentes en España;Agosto;2.595.839
Total nacional;Cataluña;Residentes en España;Septiembre;1.592.295
Total nacional;Cataluña;Residentes en España;Octubre;1.190.670
Total nacional;Cataluña;Residentes en España;Noviembre;734.981
Total nacional;Cataluña;Residentes en España;Diciembre;869.481
Total nacional;Cataluña;No residentes en España;Total;40.669.654
Total nacional;Cataluña;No residentes en España;Enero;1.315.910
Total nacional;Cataluña;No residentes en España;Febrero;1.534.890
Total nacional;Cataluña;No residentes en España;Marzo;2.027.555
Total nacional;Cataluña;No residentes en España;Abril;3.136.411
Total nacional;Cataluña;No residentes en España;Mayo;3.981.774
Total nacional;Cataluña;No residentes en España;Junio;4.966.234
Total nacional;Cataluña;No residentes en España;Julio;6.286.181
Total nacional;Cataluña;No residentes en España;Agosto;6.345.362
Total nacional;Cataluña;No residentes en España;Septiembre;5.047.488
Total nacional;Cataluña;No residentes en España;Octubre;3.362.056
Total nacional;Cataluña;No residentes en España;Noviembre;1.447.157
Total nacional;Cataluña;No residentes en España;Diciembre;1.218.637
Total nacional;Cataluña;Unión Europea (sin España);Total;26.818.125
Total nacional;Cataluña;Unión Europea (sin España);Enero;734.617
Total nacional;Cataluña;Unión Europea (sin España);Febrero;922.748
Total nacional;Cataluña;Unión Europea (sin España);Marzo;1.235.535
Total nacional;Cataluña;Unión Europea (sin España);Abril;2.141.530
Total nacional;Cataluña;Unión Europea (sin España);Mayo;2.742.126
Total nacional;Cataluña;Unión Europea (sin España);Junio;3.228.219
Total nacional;Cataluña;Unión Europea (sin España);Julio;4.182.055
Total nacional;Cataluña;Unión Europea (sin España);Agosto;4.514.830
Total nacional;Cataluña;Unión Europea (sin España);Septiembre;3.336.318
Total nacional;Cataluña;Unión Europea (sin España);Octubre;2.273.900
Total nacional;Cataluña;Unión Europea (sin España);Noviembre;828.380
Total nacional;Cataluña;Unión Europea (sin España);Diciembre;677.868
Total nacional;Cataluña;Alemania;Total;3.465.841
Total nacional;Cataluña;Alemania;Enero;96.070
Total nacional;Cataluña;Alemania;Febrero;109.736
Total nacional;Cataluña;Alemania;Marzo;176.130
Total nacional;Cataluña;Alemania;Abril;243.489
Total nacional;Cataluña;Alemania;Mayo;310.560
Total nacional;Cataluña;Alemania;Junio;468.793
Total nacional;Cataluña;Alemania;Julio;584.523
Total nacional;Cataluña;Alemania;Agosto;546.104
Total nacional;Cataluña;Alemania;Septiembre;425.451
Total nacional;Cataluña;Alemania;Octubre;308.171
Total nacional;Cataluña;Alemania;Noviembre;118.781
Total nacional;Cataluña;Alemania;Diciembre;78.034
Total nacional;Cataluña;Austria;Total;268.598
Total nacional;Cataluña;Austria;Enero;11.050
Total nacional;Cataluña;Austria;Febrero;12.541
Total nacional;Cataluña;Austria;Marzo;17.942
Total nacional;Cataluña;Austria;Abril;30.350
Total nacional;Cataluña;Austria;Mayo;29.257
Total nacional;Cataluña;Austria;Junio;28.100
Total nacional;Cataluña;Austria;Julio;30.617
Total nacional;Cataluña;Austria;Agosto;31.738
Total nacional;Cataluña;Austria;Septiembre;29.842
Total nacional;Cataluña;Austria;Octubre;27.449
Total nacional;Cataluña;Austria;Noviembre;11.562
Total nacional;Cataluña;Austria;Diciembre;8.151
Total nacional;Cataluña;Bélgica;Total;1.443.017
Total nacional;Cataluña;Bélgica;Enero;26.545
Total nacional;Cataluña;Bélgica;Febrero;30.483
Total nacional;Cataluña;Bélgica;Marzo;41.933
Total nacional;Cataluña;Bélgica;Abril;107.898
Total nacional;Cataluña;Bélgica;Mayo;125.952
Total nacional;Cataluña;Bélgica;Junio;150.771
Total nacional;Cataluña;Bélgica;Julio;364.896
Total nacional;Cataluña;Bélgica;Agosto;220.919
Total nacional;Cataluña;Bélgica;Septiembre;213.294
Total nacional;Cataluña;Bélgica;Octubre;95.696
Total nacional;Cataluña;Bélgica;Noviembre;36.768
Total nacional;Cataluña;Bélgica;Diciembre;27.863
Total nacional;Cataluña;Dinamarca;Total;378.959
Total nacional;Cataluña;Dinamarca;Enero;10.041
Total nacional;Cataluña;Dinamarca;Febrero;14.469
Total nacional;Cataluña;Dinamarca;Marzo;25.476
Total nacional;Cataluña;Dinamarca;Abril;35.136
Total nacional;Cataluña;Dinamarca;Mayo;41.613
Total nacional;Cataluña;Dinamarca;Junio;33.244
Total nacional;Cataluña;Dinamarca;Julio;74.050
Total nacional;Cataluña;Dinamarca;Agosto;33.963
Total nacional;Cataluña;Dinamarca;Septiembre;45.835
Total nacional;Cataluña;Dinamarca;Octubre;37.790
Total nacional;Cataluña;Dinamarca;Noviembre;17.571
Total nacional;Cataluña;Dinamarca;Diciembre;9.770
Total nacional;Cataluña;Finlandia;Total;255.513
Total nacional;Cataluña;Finlandia;Enero;9.496
Total nacional;Cataluña;Finlandia;Febrero;12.847
Total nacional;Cataluña;Finlandia;Marzo;17.865
Total nacional;Cataluña;Finlandia;Abril;25.472
Total nacional;Cataluña;Finlandia;Mayo;26.215
Total nacional;Cataluña;Finlandia;Junio;33.053
Total nacional;Cataluña;Finlandia;Julio;31.723
Total nacional;Cataluña;Finlandia;Agosto;17.207
Total nacional;Cataluña;Finlandia;Septiembre;25.271
Total nacional;Cataluña;Finlandia;Octubre;35.502
Total nacional;Cataluña;Finlandia;Noviembre;12.900
Total nacional;Cataluña;Finlandia;Diciembre;7.962
Total nacional;Cataluña;Francia;Total;6.535.588
Total nacional;Cataluña;Francia;Enero;182.638
Total nacional;Cataluña;Francia;Febrero;268.683
Total nacional;Cataluña;Francia;Marzo;305.842
Total nacional;Cataluña;Francia;Abril;771.044
Total nacional;Cataluña;Francia;Mayo;736.165
Total nacional;Cataluña;Francia;Junio;566.303
Total nacional;Cataluña;Francia;Julio;843.996
Total nacional;Cataluña;Francia;Agosto;1.245.068
Total nacional;Cataluña;Francia;Septiembre;641.320
Total nacional;Cataluña;Francia;Octubre;584.862
Total nacional;Cataluña;Francia;Noviembre;208.289
Total nacional;Cataluña;Francia;Diciembre;181.378
Total nacional;Cataluña;Grecia;Total;126.415
Total nacional;Cataluña;Grecia;Enero;7.270
Total nacional;Cataluña;Grecia;Febrero;8.644
Total nacional;Cataluña;Grecia;Marzo;12.606
Total nacional;Cataluña;Grecia;Abril;14.454
Total nacional;Cataluña;Grecia;Mayo;9.976
Total nacional;Cataluña;Grecia;Junio;9.389
Total nacional;Cataluña;Grecia;Julio;13.565
Total nacional;Cataluña;Grecia;Agosto;13.373
Total nacional;Cataluña;Grecia;Septiembre;9.237
Total nacional;Cataluña;Grecia;Octubre;13.394
Total nacional;Cataluña;Grecia;Noviembre;8.050
Total nacional;Cataluña;Grecia;Diciembre;6.457
Total nacional;Cataluña;Irlanda;Total;730.096
Total nacional;Cataluña;Irlanda;Enero;14.628
Total nacional;Cataluña;Irlanda;Febrero;18.172
Total nacional;Cataluña;Irlanda;Marzo;21.040
Total nacional;Cataluña;Irlanda;Abril;37.871
Total nacional;Cataluña;Irlanda;Mayo;72.723
Total nacional;Cataluña;Irlanda;Junio;123.367
Total nacional;Cataluña;Irlanda;Julio;140.195
Total nacional;Cataluña;Irlanda;Agosto;127.645
Total nacional;Cataluña;Irlanda;Septiembre;96.258
Total nacional;Cataluña;Irlanda;Octubre;50.833
Total nacional;Cataluña;Irlanda;Noviembre;17.485
Total nacional;Cataluña;Irlanda;Diciembre;9.878
Total nacional;Cataluña;Italia;Total;2.063.428
Total nacional;Cataluña;Italia;Enero;129.141
Total nacional;Cataluña;Italia;Febrero;105.234
Total nacional;Cataluña;Italia;Marzo;176.031
Total nacional;Cataluña;Italia;Abril;191.194
Total nacional;Cataluña;Italia;Mayo;157.707
Total nacional;Cataluña;Italia;Junio;206.304
Total nacional;Cataluña;Italia;Julio;249.203
Total nacional;Cataluña;Italia;Agosto;342.572
Total nacional;Cataluña;Italia;Septiembre;163.284
Total nacional;Cataluña;Italia;Octubre;130.956
Total nacional;Cataluña;Italia;Noviembre;95.429
Total nacional;Cataluña;Italia;Diciembre;116.373
Total nacional;Cataluña;Luxemburgo;Total;49.804
Total nacional;Cataluña;Luxemburgo;Enero;1.040
Total nacional;Cataluña;Luxemburgo;Febrero;1.463
Total nacional;Cataluña;Luxemburgo;Marzo;2.617
Total nacional;Cataluña;Luxemburgo;Abril;4.245
Total nacional;Cataluña;Luxemburgo;Mayo;2.996
Total nacional;Cataluña;Luxemburgo;Junio;7.745
Total nacional;Cataluña;Luxemburgo;Julio;4.107
Total nacional;Cataluña;Luxemburgo;Agosto;9.061
Total nacional;Cataluña;Luxemburgo;Septiembre;5.089
Total nacional;Cataluña;Luxemburgo;Octubre;2.098
Total nacional;Cataluña;Luxemburgo;Noviembre;931
Total nacional;Cataluña;Luxemburgo;Diciembre;8.414
Total nacional;Cataluña;Países Bajos;Total;1.777.196
Total nacional;Cataluña;Países Bajos;Enero;37.163
Total nacional;Cataluña;Países Bajos;Febrero;40.785
Total nacional;Cataluña;Países Bajos;Marzo;52.954
Total nacional;Cataluña;Países Bajos;Abril;110.683
Total nacional;Cataluña;Países Bajos;Mayo;194.404
Total nacional;Cataluña;Países Bajos;Junio;193.371
Total nacional;Cataluña;Países Bajos;Julio;338.023
Total nacional;Cataluña;Países Bajos;Agosto;326.759
Total nacional;Cataluña;Países Bajos;Septiembre;239.398
Total nacional;Cataluña;Países Bajos;Octubre;165.878
Total nacional;Cataluña;Países Bajos;Noviembre;43.772
Total nacional;Cataluña;Países Bajos;Diciembre;34.007
Total nacional;Cataluña;Polonia;Total;978.675
Total nacional;Cataluña;Polonia;Enero;21.141
Total nacional;Cataluña;Polonia;Febrero;20.871
Total nacional;Cataluña;Polonia;Marzo;24.887
Total nacional;Cataluña;Polonia;Abril;41.678
Total nacional;Cataluña;Polonia;Mayo;90.493
Total nacional;Cataluña;Polonia;Junio;153.387
Total nacional;Cataluña;Polonia;Julio;188.346
Total nacional;Cataluña;Polonia;Agosto;177.108
Total nacional;Cataluña;Polonia;Septiembre;164.656
Total nacional;Cataluña;Polonia;Octubre;59.461
Total nacional;Cataluña;Polonia;Noviembre;21.530
Total nacional;Cataluña;Polonia;Diciembre;15.116
Total nacional;Cataluña;Portugal;Total;523.356
Total nacional;Cataluña;Portugal;Enero;20.515
Total nacional;Cataluña;Portugal;Febrero;28.839
Total nacional;Cataluña;Portugal;Marzo;32.377
Total nacional;Cataluña;Portugal;Abril;44.659
Total nacional;Cataluña;Portugal;Mayo;39.877
Total nacional;Cataluña;Portugal;Junio;49.068
Total nacional;Cataluña;Portugal;Julio;63.820
Total nacional;Cataluña;Portugal;Agosto;98.431
Total nacional;Cataluña;Portugal;Septiembre;66.167
Total nacional;Cataluña;Portugal;Octubre;32.722
Total nacional;Cataluña;Portugal;Noviembre;24.292
Total nacional;Cataluña;Portugal;Diciembre;22.590
Total nacional;Cataluña;Reino Unido;Total;6.201.523
Total nacional;Cataluña;Reino Unido;Enero;111.144
Total nacional;Cataluña;Reino Unido;Febrero;180.855
Total nacional;Cataluña;Reino Unido;Marzo;218.337
Total nacional;Cataluña;Reino Unido;Abril;329.498
Total nacional;Cataluña;Reino Unido;Mayo;722.103
Total nacional;Cataluña;Reino Unido;Junio;928.796
Total nacional;Cataluña;Reino Unido;Julio;965.317
Total nacional;Cataluña;Reino Unido;Agosto;1.050.851
Total nacional;Cataluña;Reino Unido;Septiembre;917.861
Total nacional;Cataluña;Reino Unido;Octubre;545.544
Total nacional;Cataluña;Reino Unido;Noviembre;129.363
Total nacional;Cataluña;Reino Unido;Diciembre;101.853
Total nacional;Cataluña;República Checa;Total;266.763
Total nacional;Cataluña;República Checa;Enero;4.027
Total nacional;Cataluña;República Checa;Febrero;8.010
Total nacional;Cataluña;República Checa;Marzo;8.517
Total nacional;Cataluña;República Checa;Abril;12.305
Total nacional;Cataluña;República Checa;Mayo;18.032
Total nacional;Cataluña;República Checa;Junio;43.410
Total nacional;Cataluña;República Checa;Julio;50.875
Total nacional;Cataluña;República Checa;Agosto;48.363
Total nacional;Cataluña;República Checa;Septiembre;49.708
Total nacional;Cataluña;República Checa;Octubre;11.958
Total nacional;Cataluña;República Checa;Noviembre;7.938
Total nacional;Cataluña;República Checa;Diciembre;3.619
Total nacional;Cataluña;Suecia;Total;586.444
Total nacional;Cataluña;Suecia;Enero;16.636
Total nacional;Cataluña;Suecia;Febrero;19.882
Total nacional;Cataluña;Suecia;Marzo;33.379
Total nacional;Cataluña;Suecia;Abril;55.926
Total nacional;Cataluña;Suecia;Mayo;63.780
Total nacional;Cataluña;Suecia;Junio;73.233
Total nacional;Cataluña;Suecia;Julio;91.682
Total nacional;Cataluña;Suecia;Agosto;66.143
Total nacional;Cataluña;Suecia;Septiembre;64.764
Total nacional;Cataluña;Suecia;Octubre;57.660
Total nacional;Cataluña;Suecia;Noviembre;27.382
Total nacional;Cataluña;Suecia;Diciembre;15.978
Total nacional;Cataluña;Noruega;Total;419.948
Total nacional;Cataluña;Noruega;Enero;8.156
Total nacional;Cataluña;Noruega;Febrero;12.567
Total nacional;Cataluña;Noruega;Marzo;17.005
Total nacional;Cataluña;Noruega;Abril;44.309
Total nacional;Cataluña;Noruega;Mayo;31.269
Total nacional;Cataluña;Noruega;Junio;62.310
Total nacional;Cataluña;Noruega;Julio;92.671
Total nacional;Cataluña;Noruega;Agosto;37.969
Total nacional;Cataluña;Noruega;Septiembre;48.148
Total nacional;Cataluña;Noruega;Octubre;39.842
Total nacional;Cataluña;Noruega;Noviembre;17.100
Total nacional;Cataluña;Noruega;Diciembre;8.602
Total nacional;Cataluña;Rusia;Total;2.856.565
Total nacional;Cataluña;Rusia;Enero;45.502
Total nacional;Cataluña;Rusia;Febrero;34.056
Total nacional;Cataluña;Rusia;Marzo;60.132
Total nacional;Cataluña;Rusia;Abril;73.206
Total nacional;Cataluña;Rusia;Mayo;166.931
Total nacional;Cataluña;Rusia;Junio;533.906
Total nacional;Cataluña;Rusia;Julio;659.995
Total nacional;Cataluña;Rusia;Agosto;583.901
Total nacional;Cataluña;Rusia;Septiembre;524.045
Total nacional;Cataluña;Rusia;Octubre;100.840
Total nacional;Cataluña;Rusia;Noviembre;43.147
Total nacional;Cataluña;Rusia;Diciembre;30.902
Total nacional;Cataluña;Suiza;Total;704.251
Total nacional;Cataluña;Suiza;Enero;25.670
Total nacional;Cataluña;Suiza;Febrero;28.147
Total nacional;Cataluña;Suiza;Marzo;39.606
Total nacional;Cataluña;Suiza;Abril;78.951
Total nacional;Cataluña;Suiza;Mayo;57.624
Total nacional;Cataluña;Suiza;Junio;81.492
Total nacional;Cataluña;Suiza;Julio;121.727
Total nacional;Cataluña;Suiza;Agosto;79.378
Total nacional;Cataluña;Suiza;Septiembre;73.329
Total nacional;Cataluña;Suiza;Octubre;70.251
Total nacional;Cataluña;Suiza;Noviembre;25.131
Total nacional;Cataluña;Suiza;Diciembre;22.946
Total nacional;Cataluña;Resto de Europa sin U.E.;Total;1.146.954
Total nacional;Cataluña;Resto de Europa sin U.E.;Enero;45.521
Total nacional;Cataluña;Resto de Europa sin U.E.;Febrero;49.293
Total nacional;Cataluña;Resto de Europa sin U.E.;Marzo;59.865
Total nacional;Cataluña;Resto de Europa sin U.E.;Abril;72.975
Total nacional;Cataluña;Resto de Europa sin U.E.;Mayo;91.049
Total nacional;Cataluña;Resto de Europa sin U.E.;Junio;164.160
Total nacional;Cataluña;Resto de Europa sin U.E.;Julio;188.560
Total nacional;Cataluña;Resto de Europa sin U.E.;Agosto;164.963
Total nacional;Cataluña;Resto de Europa sin U.E.;Septiembre;159.401
Total nacional;Cataluña;Resto de Europa sin U.E.;Octubre;70.638
Total nacional;Cataluña;Resto de Europa sin U.E.;Noviembre;45.359
Total nacional;Cataluña;Resto de Europa sin U.E.;Diciembre;35.170
Total nacional;Cataluña;Japón;Total;437.614
Total nacional;Cataluña;Japón;Enero;31.998
Total nacional;Cataluña;Japón;Febrero;38.635
Total nacional;Cataluña;Japón;Marzo;50.945
Total nacional;Cataluña;Japón;Abril;31.223
Total nacional;Cataluña;Japón;Mayo;39.118
Total nacional;Cataluña;Japón;Junio;37.390
Total nacional;Cataluña;Japón;Julio;30.665
Total nacional;Cataluña;Japón;Agosto;42.714
Total nacional;Cataluña;Japón;Septiembre;41.003
Total nacional;Cataluña;Japón;Octubre;41.068
Total nacional;Cataluña;Japón;Noviembre;27.775
Total nacional;Cataluña;Japón;Diciembre;25.079
Total nacional;Cataluña;Estados Unidos;Total;2.418.670
Total nacional;Cataluña;Estados Unidos;Enero;73.593
Total nacional;Cataluña;Estados Unidos;Febrero;93.909
Total nacional;Cataluña;Estados Unidos;Marzo;161.703
Total nacional;Cataluña;Estados Unidos;Abril;211.255
Total nacional;Cataluña;Estados Unidos;Mayo;285.169
Total nacional;Cataluña;Estados Unidos;Junio;309.838
Total nacional;Cataluña;Estados Unidos;Julio;303.693
Total nacional;Cataluña;Estados Unidos;Agosto;229.164
Total nacional;Cataluña;Estados Unidos;Septiembre;289.522
Total nacional;Cataluña;Estados Unidos;Octubre;231.098
Total nacional;Cataluña;Estados Unidos;Noviembre;137.474
Total nacional;Cataluña;Estados Unidos;Diciembre;92.252
Total nacional;Cataluña;Resto de América;Total;2.089.846
Total nacional;Cataluña;Resto de América;Enero;119.127
Total nacional;Cataluña;Resto de América;Febrero;104.021
Total nacional;Cataluña;Resto de América;Marzo;128.775
Total nacional;Cataluña;Resto de América;Abril;171.232
Total nacional;Cataluña;Resto de América;Mayo;225.391
Total nacional;Cataluña;Resto de América;Junio;225.523
Total nacional;Cataluña;Resto de América;Julio;252.686
Total nacional;Cataluña;Resto de América;Agosto;225.851
Total nacional;Cataluña;Resto de América;Septiembre;218.392
Total nacional;Cataluña;Resto de América;Octubre;200.380
Total nacional;Cataluña;Resto de América;Noviembre;116.860
Total nacional;Cataluña;Resto de América;Diciembre;101.608
Total nacional;Cataluña;Países africanos;Total;505.876
Total nacional;Cataluña;Países africanos;Enero;42.580
Total nacional;Cataluña;Países africanos;Febrero;31.101
Total nacional;Cataluña;Países africanos;Marzo;37.266
Total nacional;Cataluña;Países africanos;Abril;41.489
Total nacional;Cataluña;Países africanos;Mayo;37.619
Total nacional;Cataluña;Países africanos;Junio;26.648
Total nacional;Cataluña;Países africanos;Julio;73.385
Total nacional;Cataluña;Países africanos;Agosto;79.822
Total nacional;Cataluña;Países africanos;Septiembre;43.296
Total nacional;Cataluña;Países africanos;Octubre;34.549
Total nacional;Cataluña;Países africanos;Noviembre;26.379
Total nacional;Cataluña;Países africanos;Diciembre;31.741
Total nacional;Comunitat Valenciana;Total;Total;29.186.324
Total nacional;Comunitat Valenciana;Total;Enero;1.291.976
Total nacional;Comunitat Valenciana;Total;Febrero;1.457.446
Total nacional;Comunitat Valenciana;Total;Marzo;2.014.824
Total nacional;Comunitat Valenciana;Total;Abril;2.602.681
Total nacional;Comunitat Valenciana;Total;Mayo;2.495.903
Total nacional;Comunitat Valenciana;Total;Junio;2.925.371
Total nacional;Comunitat Valenciana;Total;Julio;3.626.621
Total nacional;Comunitat Valenciana;Total;Agosto;3.913.874
Total nacional;Comunitat Valenciana;Total;Septiembre;3.108.188
Total nacional;Comunitat Valenciana;Total;Octubre;2.496.717
Total nacional;Comunitat Valenciana;Total;Noviembre;1.766.215
Total nacional;Comunitat Valenciana;Total;Diciembre;1.486.509
Total nacional;Comunitat Valenciana;Residentes en España;Total;15.477.288
Total nacional;Comunitat Valenciana;Residentes en España;Enero;645.214
Total nacional;Comunitat Valenciana;Residentes en España;Febrero;761.147
Total nacional;Comunitat Valenciana;Residentes en España;Marzo;1.048.121
Total nacional;Comunitat Valenciana;Residentes en España;Abril;1.428.819
Total nacional;Comunitat Valenciana;Residentes en España;Mayo;1.156.538
Total nacional;Comunitat Valenciana;Residentes en España;Junio;1.546.270
Total nacional;Comunitat Valenciana;Residentes en España;Julio;2.097.381
Total nacional;Comunitat Valenciana;Residentes en España;Agosto;2.354.272
Total nacional;Comunitat Valenciana;Residentes en España;Septiembre;1.583.599
Total nacional;Comunitat Valenciana;Residentes en España;Octubre;1.157.939
Total nacional;Comunitat Valenciana;Residentes en España;Noviembre;870.844
Total nacional;Comunitat Valenciana;Residentes en España;Diciembre;827.143
Total nacional;Comunitat Valenciana;No residentes en España;Total;13.709.037
Total nacional;Comunitat Valenciana;No residentes en España;Enero;646.762
Total nacional;Comunitat Valenciana;No residentes en España;Febrero;696.299
Total nacional;Comunitat Valenciana;No residentes en España;Marzo;966.702
Total nacional;Comunitat Valenciana;No residentes en España;Abril;1.173.862
Total nacional;Comunitat Valenciana;No residentes en España;Mayo;1.339.365
Total nacional;Comunitat Valenciana;No residentes en España;Junio;1.379.101
Total nacional;Comunitat Valenciana;No residentes en España;Julio;1.529.239
Total nacional;Comunitat Valenciana;No residentes en España;Agosto;1.559.601
Total nacional;Comunitat Valenciana;No residentes en España;Septiembre;1.524.589
Total nacional;Comunitat Valenciana;No residentes en España;Octubre;1.338.778
Total nacional;Comunitat Valenciana;No residentes en España;Noviembre;895.371
Total nacional;Comunitat Valenciana;No residentes en España;Diciembre;659.367
Total nacional;Comunitat Valenciana;Unión Europea (sin España);Total;11.503.829
Total nacional;Comunitat Valenciana;Unión Europea (sin España);Enero;546.684
Total nacional;Comunitat Valenciana;Unión Europea (sin España);Febrero;563.494
Total nacional;Comunitat Valenciana;Unión Europea (sin España);Marzo;807.199
Total nacional;Comunitat Valenciana;Unión Europea (sin España);Abril;994.789
Total nacional;Comunitat Valenciana;Unión Europea (sin España);Mayo;1.148.045
Total nacional;Comunitat Valenciana;Unión Europea (sin España);Junio;1.169.233
Total nacional;Comunitat Valenciana;Unión Europea (sin España);Julio;1.249.285
Total nacional;Comunitat Valenciana;Unión Europea (sin España);Agosto;1.302.680
Total nacional;Comunitat Valenciana;Unión Europea (sin España);Septiembre;1.288.199
Total nacional;Comunitat Valenciana;Unión Europea (sin España);Octubre;1.117.697
Total nacional;Comunitat Valenciana;Unión Europea (sin España);Noviembre;758.641
Total nacional;Comunitat Valenciana;Unión Europea (sin España);Diciembre;557.882
Total nacional;Comunitat Valenciana;Alemania;Total;472.455
Total nacional;Comunitat Valenciana;Alemania;Enero;26.210
Total nacional;Comunitat Valenciana;Alemania;Febrero;23.521
Total nacional;Comunitat Valenciana;Alemania;Marzo;33.867
Total nacional;Comunitat Valenciana;Alemania;Abril;44.469
Total nacional;Comunitat Valenciana;Alemania;Mayo;41.913
Total nacional;Comunitat Valenciana;Alemania;Junio;48.755
Total nacional;Comunitat Valenciana;Alemania;Julio;37.871
Total nacional;Comunitat Valenciana;Alemania;Agosto;38.773
Total nacional;Comunitat Valenciana;Alemania;Septiembre;60.005
Total nacional;Comunitat Valenciana;Alemania;Octubre;64.344
Total nacional;Comunitat Valenciana;Alemania;Noviembre;31.541
Total nacional;Comunitat Valenciana;Alemania;Diciembre;21.186
Total nacional;Comunitat Valenciana;Austria;Total;74.810
Total nacional;Comunitat Valenciana;Austria;Enero;1.127
Total nacional;Comunitat Valenciana;Austria;Febrero;2.117
Total nacional;Comunitat Valenciana;Austria;Marzo;2.643
Total nacional;Comunitat Valenciana;Austria;Abril;4.409
Total nacional;Comunitat Valenciana;Austria;Mayo;25.484
Total nacional;Comunitat Valenciana;Austria;Junio;15.491
Total nacional;Comunitat Valenciana;Austria;Julio;4.368
Total nacional;Comunitat Valenciana;Austria;Agosto;4.511
Total nacional;Comunitat Valenciana;Austria;Septiembre;5.399
Total nacional;Comunitat Valenciana;Austria;Octubre;4.158
Total nacional;Comunitat Valenciana;Austria;Noviembre;3.465
Total nacional;Comunitat Valenciana;Austria;Diciembre;1.639
Total nacional;Comunitat Valenciana;Bélgica;Total;751.488
Total nacional;Comunitat Valenciana;Bélgica;Enero;57.970
Total nacional;Comunitat Valenciana;Bélgica;Febrero;54.665
Total nacional;Comunitat Valenciana;Bélgica;Marzo;63.615
Total nacional;Comunitat Valenciana;Bélgica;Abril;66.094
Total nacional;Comunitat Valenciana;Bélgica;Mayo;67.818
Total nacional;Comunitat Valenciana;Bélgica;Junio;57.269
Total nacional;Comunitat Valenciana;Bélgica;Julio;68.045
Total nacional;Comunitat Valenciana;Bélgica;Agosto;56.599
Total nacional;Comunitat Valenciana;Bélgica;Septiembre;76.069
Total nacional;Comunitat Valenciana;Bélgica;Octubre;79.265
Total nacional;Comunitat Valenciana;Bélgica;Noviembre;64.478
Total nacional;Comunitat Valenciana;Bélgica;Diciembre;39.603
Total nacional;Comunitat Valenciana;Dinamarca;Total;111.494
Total nacional;Comunitat Valenciana;Dinamarca;Enero;5.263
Total nacional;Comunitat Valenciana;Dinamarca;Febrero;8.539
Total nacional;Comunitat Valenciana;Dinamarca;Marzo;12.749
Total nacional;Comunitat Valenciana;Dinamarca;Abril;9.781
Total nacional;Comunitat Valenciana;Dinamarca;Mayo;8.531
Total nacional;Comunitat Valenciana;Dinamarca;Junio;9.846
Total nacional;Comunitat Valenciana;Dinamarca;Julio;15.535
Total nacional;Comunitat Valenciana;Dinamarca;Agosto;9.187
Total nacional;Comunitat Valenciana;Dinamarca;Septiembre;11.311
Total nacional;Comunitat Valenciana;Dinamarca;Octubre;11.478
Total nacional;Comunitat Valenciana;Dinamarca;Noviembre;5.937
Total nacional;Comunitat Valenciana;Dinamarca;Diciembre;3.338
Total nacional;Comunitat Valenciana;Finlandia;Total;77.649
Total nacional;Comunitat Valenciana;Finlandia;Enero;3.044
Total nacional;Comunitat Valenciana;Finlandia;Febrero;4.770
Total nacional;Comunitat Valenciana;Finlandia;Marzo;7.102
Total nacional;Comunitat Valenciana;Finlandia;Abril;8.272
Total nacional;Comunitat Valenciana;Finlandia;Mayo;5.803
Total nacional;Comunitat Valenciana;Finlandia;Junio;6.645
Total nacional;Comunitat Valenciana;Finlandia;Julio;9.327
Total nacional;Comunitat Valenciana;Finlandia;Agosto;4.116
Total nacional;Comunitat Valenciana;Finlandia;Septiembre;7.131
Total nacional;Comunitat Valenciana;Finlandia;Octubre;10.053
Total nacional;Comunitat Valenciana;Finlandia;Noviembre;7.246
Total nacional;Comunitat Valenciana;Finlandia;Diciembre;4.141
Total nacional;Comunitat Valenciana;Francia;Total;729.519
Total nacional;Comunitat Valenciana;Francia;Enero;23.008
Total nacional;Comunitat Valenciana;Francia;Febrero;27.309
Total nacional;Comunitat Valenciana;Francia;Marzo;41.382
Total nacional;Comunitat Valenciana;Francia;Abril;66.796
Total nacional;Comunitat Valenciana;Francia;Mayo;73.179
Total nacional;Comunitat Valenciana;Francia;Junio;53.797
Total nacional;Comunitat Valenciana;Francia;Julio;83.708
Total nacional;Comunitat Valenciana;Francia;Agosto;146.374
Total nacional;Comunitat Valenciana;Francia;Septiembre;76.848
Total nacional;Comunitat Valenciana;Francia;Octubre;74.891
Total nacional;Comunitat Valenciana;Francia;Noviembre;33.716
Total nacional;Comunitat Valenciana;Francia;Diciembre;28.511
Total nacional;Comunitat Valenciana;Grecia;Total;13.639
Total nacional;Comunitat Valenciana;Grecia;Enero;515
Total nacional;Comunitat Valenciana;Grecia;Febrero;937
Total nacional;Comunitat Valenciana;Grecia;Marzo;1.247
Total nacional;Comunitat Valenciana;Grecia;Abril;745
Total nacional;Comunitat Valenciana;Grecia;Mayo;1.631
Total nacional;Comunitat Valenciana;Grecia;Junio;1.227
Total nacional;Comunitat Valenciana;Grecia;Julio;1.484
Total nacional;Comunitat Valenciana;Grecia;Agosto;1.720
Total nacional;Comunitat Valenciana;Grecia;Septiembre;833
Total nacional;Comunitat Valenciana;Grecia;Octubre;1.511
Total nacional;Comunitat Valenciana;Grecia;Noviembre;1.084
Total nacional;Comunitat Valenciana;Grecia;Diciembre;704
Total nacional;Comunitat Valenciana;Irlanda;Total;229.983
Total nacional;Comunitat Valenciana;Irlanda;Enero;5.788
Total nacional;Comunitat Valenciana;Irlanda;Febrero;7.618
Total nacional;Comunitat Valenciana;Irlanda;Marzo;12.595
Total nacional;Comunitat Valenciana;Irlanda;Abril;20.121
Total nacional;Comunitat Valenciana;Irlanda;Mayo;28.458
Total nacional;Comunitat Valenciana;Irlanda;Junio;28.261
Total nacional;Comunitat Valenciana;Irlanda;Julio;28.735
Total nacional;Comunitat Valenciana;Irlanda;Agosto;22.655
Total nacional;Comunitat Valenciana;Irlanda;Septiembre;34.294
Total nacional;Comunitat Valenciana;Irlanda;Octubre;26.343
Total nacional;Comunitat Valenciana;Irlanda;Noviembre;9.382
Total nacional;Comunitat Valenciana;Irlanda;Diciembre;5.732
Total nacional;Comunitat Valenciana;Italia;Total;681.715
Total nacional;Comunitat Valenciana;Italia;Enero;47.063
Total nacional;Comunitat Valenciana;Italia;Febrero;38.371
Total nacional;Comunitat Valenciana;Italia;Marzo;41.558
Total nacional;Comunitat Valenciana;Italia;Abril;48.709
Total nacional;Comunitat Valenciana;Italia;Mayo;54.721
Total nacional;Comunitat Valenciana;Italia;Junio;60.225
Total nacional;Comunitat Valenciana;Italia;Julio;69.185
Total nacional;Comunitat Valenciana;Italia;Agosto;123.935
Total nacional;Comunitat Valenciana;Italia;Septiembre;58.922
Total nacional;Comunitat Valenciana;Italia;Octubre;48.078
Total nacional;Comunitat Valenciana;Italia;Noviembre;51.973
Total nacional;Comunitat Valenciana;Italia;Diciembre;38.975
Total nacional;Comunitat Valenciana;Luxemburgo;Total;8.247
Total nacional;Comunitat Valenciana;Luxemburgo;Enero;379
Total nacional;Comunitat Valenciana;Luxemburgo;Febrero;236
Total nacional;Comunitat Valenciana;Luxemburgo;Marzo;277
Total nacional;Comunitat Valenciana;Luxemburgo;Abril;966
Total nacional;Comunitat Valenciana;Luxemburgo;Mayo;767
Total nacional;Comunitat Valenciana;Luxemburgo;Junio;983
Total nacional;Comunitat Valenciana;Luxemburgo;Julio;718
Total nacional;Comunitat Valenciana;Luxemburgo;Agosto;1.052
Total nacional;Comunitat Valenciana;Luxemburgo;Septiembre;1.084
Total nacional;Comunitat Valenciana;Luxemburgo;Octubre;666
Total nacional;Comunitat Valenciana;Luxemburgo;Noviembre;627
Total nacional;Comunitat Valenciana;Luxemburgo;Diciembre;492
Total nacional;Comunitat Valenciana;Países Bajos;Total;819.786
Total nacional;Comunitat Valenciana;Países Bajos;Enero;39.525
Total nacional;Comunitat Valenciana;Países Bajos;Febrero;45.056
Total nacional;Comunitat Valenciana;Países Bajos;Marzo;57.388
Total nacional;Comunitat Valenciana;Países Bajos;Abril;68.285
Total nacional;Comunitat Valenciana;Países Bajos;Mayo;87.825
Total nacional;Comunitat Valenciana;Países Bajos;Junio;82.886
Total nacional;Comunitat Valenciana;Países Bajos;Julio;72.536
Total nacional;Comunitat Valenciana;Países Bajos;Agosto;79.214
Total nacional;Comunitat Valenciana;Países Bajos;Septiembre;96.257
Total nacional;Comunitat Valenciana;Países Bajos;Octubre;101.184
Total nacional;Comunitat Valenciana;Países Bajos;Noviembre;49.919
Total nacional;Comunitat Valenciana;Países Bajos;Diciembre;39.713
Total nacional;Comunitat Valenciana;Polonia;Total;129.881
Total nacional;Comunitat Valenciana;Polonia;Enero;5.778
Total nacional;Comunitat Valenciana;Polonia;Febrero;7.336
Total nacional;Comunitat Valenciana;Polonia;Marzo;9.394
Total nacional;Comunitat Valenciana;Polonia;Abril;9.818
Total nacional;Comunitat Valenciana;Polonia;Mayo;14.949
Total nacional;Comunitat Valenciana;Polonia;Junio;11.137
Total nacional;Comunitat Valenciana;Polonia;Julio;16.232
Total nacional;Comunitat Valenciana;Polonia;Agosto;13.389
Total nacional;Comunitat Valenciana;Polonia;Septiembre;16.213
Total nacional;Comunitat Valenciana;Polonia;Octubre;12.285
Total nacional;Comunitat Valenciana;Polonia;Noviembre;9.065
Total nacional;Comunitat Valenciana;Polonia;Diciembre;4.285
Total nacional;Comunitat Valenciana;Portugal;Total;345.936
Total nacional;Comunitat Valenciana;Portugal;Enero;4.241
Total nacional;Comunitat Valenciana;Portugal;Febrero;6.811
Total nacional;Comunitat Valenciana;Portugal;Marzo;7.214
Total nacional;Comunitat Valenciana;Portugal;Abril;30.948
Total nacional;Comunitat Valenciana;Portugal;Mayo;10.615
Total nacional;Comunitat Valenciana;Portugal;Junio;47.083
Total nacional;Comunitat Valenciana;Portugal;Julio;67.355
Total nacional;Comunitat Valenciana;Portugal;Agosto;99.360
Total nacional;Comunitat Valenciana;Portugal;Septiembre;44.506
Total nacional;Comunitat Valenciana;Portugal;Octubre;15.487
Total nacional;Comunitat Valenciana;Portugal;Noviembre;7.246
Total nacional;Comunitat Valenciana;Portugal;Diciembre;5.070
Total nacional;Comunitat Valenciana;Reino Unido;Total;6.446.629
Total nacional;Comunitat Valenciana;Reino Unido;Enero;307.555
Total nacional;Comunitat Valenciana;Reino Unido;Febrero;309.983
Total nacional;Comunitat Valenciana;Reino Unido;Marzo;474.970
Total nacional;Comunitat Valenciana;Reino Unido;Abril;561.238
Total nacional;Comunitat Valenciana;Reino Unido;Mayo;670.608
Total nacional;Comunitat Valenciana;Reino Unido;Junio;678.593
Total nacional;Comunitat Valenciana;Reino Unido;Julio;697.689
Total nacional;Comunitat Valenciana;Reino Unido;Agosto;617.244
Total nacional;Comunitat Valenciana;Reino Unido;Septiembre;731.010
Total nacional;Comunitat Valenciana;Reino Unido;Octubre;611.574
Total nacional;Comunitat Valenciana;Reino Unido;Noviembre;443.470
Total nacional;Comunitat Valenciana;Reino Unido;Diciembre;342.696
Total nacional;Comunitat Valenciana;República Checa;Total;26.462
Total nacional;Comunitat Valenciana;República Checa;Enero;1.193
Total nacional;Comunitat Valenciana;República Checa;Febrero;1.382
Total nacional;Comunitat Valenciana;República Checa;Marzo;1.149
Total nacional;Comunitat Valenciana;República Checa;Abril;2.086
Total nacional;Comunitat Valenciana;República Checa;Mayo;1.899
Total nacional;Comunitat Valenciana;República Checa;Junio;1.682
Total nacional;Comunitat Valenciana;República Checa;Julio;3.642
Total nacional;Comunitat Valenciana;República Checa;Agosto;2.315
Total nacional;Comunitat Valenciana;República Checa;Septiembre;4.341
Total nacional;Comunitat Valenciana;República Checa;Octubre;4.700
Total nacional;Comunitat Valenciana;República Checa;Noviembre;1.409
Total nacional;Comunitat Valenciana;República Checa;Diciembre;664
Total nacional;Comunitat Valenciana;Suecia;Total;228.226
Total nacional;Comunitat Valenciana;Suecia;Enero;7.160
Total nacional;Comunitat Valenciana;Suecia;Febrero;12.598
Total nacional;Comunitat Valenciana;Suecia;Marzo;23.293
Total nacional;Comunitat Valenciana;Suecia;Abril;24.202
Total nacional;Comunitat Valenciana;Suecia;Mayo;23.947
Total nacional;Comunitat Valenciana;Suecia;Junio;21.592
Total nacional;Comunitat Valenciana;Suecia;Julio;22.536
Total nacional;Comunitat Valenciana;Suecia;Agosto;18.272
Total nacional;Comunitat Valenciana;Suecia;Septiembre;20.313
Total nacional;Comunitat Valenciana;Suecia;Octubre;26.415
Total nacional;Comunitat Valenciana;Suecia;Noviembre;20.451
Total nacional;Comunitat Valenciana;Suecia;Diciembre;7.448
Total nacional;Comunitat Valenciana;Noruega;Total;280.537
Total nacional;Comunitat Valenciana;Noruega;Enero;13.075
Total nacional;Comunitat Valenciana;Noruega;Febrero;20.232
Total nacional;Comunitat Valenciana;Noruega;Marzo;29.059
Total nacional;Comunitat Valenciana;Noruega;Abril;23.475
Total nacional;Comunitat Valenciana;Noruega;Mayo;25.549
Total nacional;Comunitat Valenciana;Noruega;Junio;24.495
Total nacional;Comunitat Valenciana;Noruega;Julio;32.770
Total nacional;Comunitat Valenciana;Noruega;Agosto;16.415
Total nacional;Comunitat Valenciana;Noruega;Septiembre;26.692
Total nacional;Comunitat Valenciana;Noruega;Octubre;38.861
Total nacional;Comunitat Valenciana;Noruega;Noviembre;20.990
Total nacional;Comunitat Valenciana;Noruega;Diciembre;8.924
Total nacional;Comunitat Valenciana;Rusia;Total;247.783
Total nacional;Comunitat Valenciana;Rusia;Enero;12.324
Total nacional;Comunitat Valenciana;Rusia;Febrero;12.539
Total nacional;Comunitat Valenciana;Rusia;Marzo;11.858
Total nacional;Comunitat Valenciana;Rusia;Abril;11.696
Total nacional;Comunitat Valenciana;Rusia;Mayo;15.398
Total nacional;Comunitat Valenciana;Rusia;Junio;30.911
Total nacional;Comunitat Valenciana;Rusia;Julio;37.872
Total nacional;Comunitat Valenciana;Rusia;Agosto;35.863
Total nacional;Comunitat Valenciana;Rusia;Septiembre;39.455
Total nacional;Comunitat Valenciana;Rusia;Octubre;22.061
Total nacional;Comunitat Valenciana;Rusia;Noviembre;9.522
Total nacional;Comunitat Valenciana;Rusia;Diciembre;8.285
Total nacional;Comunitat Valenciana;Suiza;Total;178.101
Total nacional;Comunitat Valenciana;Suiza;Enero;6.845
Total nacional;Comunitat Valenciana;Suiza;Febrero;9.989
Total nacional;Comunitat Valenciana;Suiza;Marzo;13.866
Total nacional;Comunitat Valenciana;Suiza;Abril;19.792
Total nacional;Comunitat Valenciana;Suiza;Mayo;15.298
Total nacional;Comunitat Valenciana;Suiza;Junio;16.407
Total nacional;Comunitat Valenciana;Suiza;Julio;23.168
Total nacional;Comunitat Valenciana;Suiza;Agosto;16.217
Total nacional;Comunitat Valenciana;Suiza;Septiembre;20.194
Total nacional;Comunitat Valenciana;Suiza;Octubre;17.964
Total nacional;Comunitat Valenciana;Suiza;Noviembre;11.386
Total nacional;Comunitat Valenciana;Suiza;Diciembre;6.976
Total nacional;Comunitat Valenciana;Resto de Europa sin U.E.;Total;269.110
Total nacional;Comunitat Valenciana;Resto de Europa sin U.E.;Enero;7.279
Total nacional;Comunitat Valenciana;Resto de Europa sin U.E.;Febrero;10.382
Total nacional;Comunitat Valenciana;Resto de Europa sin U.E.;Marzo;11.222
Total nacional;Comunitat Valenciana;Resto de Europa sin U.E.;Abril;23.975
Total nacional;Comunitat Valenciana;Resto de Europa sin U.E.;Mayo;25.320
Total nacional;Comunitat Valenciana;Resto de Europa sin U.E.;Junio;30.011
Total nacional;Comunitat Valenciana;Resto de Europa sin U.E.;Julio;38.554
Total nacional;Comunitat Valenciana;Resto de Europa sin U.E.;Agosto;40.529
Total nacional;Comunitat Valenciana;Resto de Europa sin U.E.;Septiembre;30.859
Total nacional;Comunitat Valenciana;Resto de Europa sin U.E.;Octubre;29.912
Total nacional;Comunitat Valenciana;Resto de Europa sin U.E.;Noviembre;11.315
Total nacional;Comunitat Valenciana;Resto de Europa sin U.E.;Diciembre;9.751
Total nacional;Comunitat Valenciana;Japón;Total;63.090
Total nacional;Comunitat Valenciana;Japón;Enero;4.019
Total nacional;Comunitat Valenciana;Japón;Febrero;4.698
Total nacional;Comunitat Valenciana;Japón;Marzo;6.356
Total nacional;Comunitat Valenciana;Japón;Abril;6.815
Total nacional;Comunitat Valenciana;Japón;Mayo;4.010
Total nacional;Comunitat Valenciana;Japón;Junio;6.306
Total nacional;Comunitat Valenciana;Japón;Julio;7.281
Total nacional;Comunitat Valenciana;Japón;Agosto;4.481
Total nacional;Comunitat Valenciana;Japón;Septiembre;6.588
Total nacional;Comunitat Valenciana;Japón;Octubre;4.387
Total nacional;Comunitat Valenciana;Japón;Noviembre;5.102
Total nacional;Comunitat Valenciana;Japón;Diciembre;3.047
Total nacional;Comunitat Valenciana;Estados Unidos;Total;201.140
Total nacional;Comunitat Valenciana;Estados Unidos;Enero;5.756
Total nacional;Comunitat Valenciana;Estados Unidos;Febrero;8.218
Total nacional;Comunitat Valenciana;Estados Unidos;Marzo;17.421
Total nacional;Comunitat Valenciana;Estados Unidos;Abril;15.462
Total nacional;Comunitat Valenciana;Estados Unidos;Mayo;20.783
Total nacional;Comunitat Valenciana;Estados Unidos;Junio;21.804
Total nacional;Comunitat Valenciana;Estados Unidos;Julio;28.141
Total nacional;Comunitat Valenciana;Estados Unidos;Agosto;21.419
Total nacional;Comunitat Valenciana;Estados Unidos;Septiembre;19.684
Total nacional;Comunitat Valenciana;Estados Unidos;Octubre;21.108
Total nacional;Comunitat Valenciana;Estados Unidos;Noviembre;12.480
Total nacional;Comunitat Valenciana;Estados Unidos;Diciembre;8.865
Total nacional;Comunitat Valenciana;Resto de América;Total;316.413
Total nacional;Comunitat Valenciana;Resto de América;Enero;12.746
Total nacional;Comunitat Valenciana;Resto de América;Febrero;17.005
Total nacional;Comunitat Valenciana;Resto de América;Marzo;23.059
Total nacional;Comunitat Valenciana;Resto de América;Abril;25.209
Total nacional;Comunitat Valenciana;Resto de América;Mayo;28.101
Total nacional;Comunitat Valenciana;Resto de América;Junio;33.536
Total nacional;Comunitat Valenciana;Resto de América;Julio;39.429
Total nacional;Comunitat Valenciana;Resto de América;Agosto;38.706
Total nacional;Comunitat Valenciana;Resto de América;Septiembre;33.879
Total nacional;Comunitat Valenciana;Resto de América;Octubre;31.107
Total nacional;Comunitat Valenciana;Resto de América;Noviembre;18.382
Total nacional;Comunitat Valenciana;Resto de América;Diciembre;15.253
Total nacional;Comunitat Valenciana;Países africanos;Total;201.340
Total nacional;Comunitat Valenciana;Países africanos;Enero;15.721
Total nacional;Comunitat Valenciana;Países africanos;Febrero;16.389
Total nacional;Comunitat Valenciana;Países africanos;Marzo;14.957
Total nacional;Comunitat Valenciana;Países africanos;Abril;16.032
Total nacional;Comunitat Valenciana;Países africanos;Mayo;15.689
Total nacional;Comunitat Valenciana;Países africanos;Junio;7.366
Total nacional;Comunitat Valenciana;Países africanos;Julio;24.009
Total nacional;Comunitat Valenciana;Países africanos;Agosto;34.500
Total nacional;Comunitat Valenciana;Países africanos;Septiembre;15.427
Total nacional;Comunitat Valenciana;Países africanos;Octubre;13.719
Total nacional;Comunitat Valenciana;Países africanos;Noviembre;14.534
Total nacional;Comunitat Valenciana;Países africanos;Diciembre;12.997
Total nacional;Extremadura;Total;Total;2.368.701
Total nacional;Extremadura;Total;Enero;103.791
Total nacional;Extremadura;Total;Febrero;126.881
Total nacional;Extremadura;Total;Marzo;176.986
Total nacional;Extremadura;Total;Abril;259.800
Total nacional;Extremadura;Total;Mayo;217.016
Total nacional;Extremadura;Total;Junio;195.043
Total nacional;Extremadura;Total;Julio;212.176
Total nacional;Extremadura;Total;Agosto;268.636
Total nacional;Extremadura;Total;Septiembre;239.639
Total nacional;Extremadura;Total;Octubre;243.382
Total nacional;Extremadura;Total;Noviembre;175.371
Total nacional;Extremadura;Total;Diciembre;149.981
Total nacional;Extremadura;Residentes en España;Total;2.034.816
Total nacional;Extremadura;Residentes en España;Enero;89.613
Total nacional;Extremadura;Residentes en España;Febrero;111.155
Total nacional;Extremadura;Residentes en España;Marzo;154.018
Total nacional;Extremadura;Residentes en España;Abril;226.150
Total nacional;Extremadura;Residentes en España;Mayo;180.245
Total nacional;Extremadura;Residentes en España;Junio;164.903
Total nacional;Extremadura;Residentes en España;Julio;181.607
Total nacional;Extremadura;Residentes en España;Agosto;228.867
Total nacional;Extremadura;Residentes en España;Septiembre;204.379
Total nacional;Extremadura;Residentes en España;Octubre;208.972
Total nacional;Extremadura;Residentes en España;Noviembre;152.627
Total nacional;Extremadura;Residentes en España;Diciembre;132.281
Total nacional;Extremadura;No residentes en España;Total;333.885
Total nacional;Extremadura;No residentes en España;Enero;14.178
Total nacional;Extremadura;No residentes en España;Febrero;15.727
Total nacional;Extremadura;No residentes en España;Marzo;22.968
Total nacional;Extremadura;No residentes en España;Abril;33.650
Total nacional;Extremadura;No residentes en España;Mayo;36.772
Total nacional;Extremadura;No residentes en España;Junio;30.140
Total nacional;Extremadura;No residentes en España;Julio;30.568
Total nacional;Extremadura;No residentes en España;Agosto;39.769
Total nacional;Extremadura;No residentes en España;Septiembre;35.261
Total nacional;Extremadura;No residentes en España;Octubre;34.410
Total nacional;Extremadura;No residentes en España;Noviembre;22.744
Total nacional;Extremadura;No residentes en España;Diciembre;17.700
Total nacional;Extremadura;Unión Europea (sin España);Total;219.454
Total nacional;Extremadura;Unión Europea (sin España);Enero;8.510
Total nacional;Extremadura;Unión Europea (sin España);Febrero;9.794
Total nacional;Extremadura;Unión Europea (sin España);Marzo;14.148
Total nacional;Extremadura;Unión Europea (sin España);Abril;24.109
Total nacional;Extremadura;Unión Europea (sin España);Mayo;25.091
Total nacional;Extremadura;Unión Europea (sin España);Junio;18.642
Total nacional;Extremadura;Unión Europea (sin España);Julio;20.581
Total nacional;Extremadura;Unión Europea (sin España);Agosto;29.447
Total nacional;Extremadura;Unión Europea (sin España);Septiembre;22.277
Total nacional;Extremadura;Unión Europea (sin España);Octubre;22.974
Total nacional;Extremadura;Unión Europea (sin España);Noviembre;13.656
Total nacional;Extremadura;Unión Europea (sin España);Diciembre;10.227
Total nacional;Extremadura;Alemania;Total;28.600
Total nacional;Extremadura;Alemania;Enero;1.158
Total nacional;Extremadura;Alemania;Febrero;868
Total nacional;Extremadura;Alemania;Marzo;2.367
Total nacional;Extremadura;Alemania;Abril;4.756
Total nacional;Extremadura;Alemania;Mayo;4.297
Total nacional;Extremadura;Alemania;Junio;2.627
Total nacional;Extremadura;Alemania;Julio;1.286
Total nacional;Extremadura;Alemania;Agosto;1.878
Total nacional;Extremadura;Alemania;Septiembre;3.552
Total nacional;Extremadura;Alemania;Octubre;3.529
Total nacional;Extremadura;Alemania;Noviembre;989
Total nacional;Extremadura;Alemania;Diciembre;1.293
Total nacional;Extremadura;Austria;Total;2.612
Total nacional;Extremadura;Austria;Enero;39
Total nacional;Extremadura;Austria;Febrero;116
Total nacional;Extremadura;Austria;Marzo;194
Total nacional;Extremadura;Austria;Abril;489
Total nacional;Extremadura;Austria;Mayo;226
Total nacional;Extremadura;Austria;Junio;233
Total nacional;Extremadura;Austria;Julio;293
Total nacional;Extremadura;Austria;Agosto;234
Total nacional;Extremadura;Austria;Septiembre;272
Total nacional;Extremadura;Austria;Octubre;359
Total nacional;Extremadura;Austria;Noviembre;104
Total nacional;Extremadura;Austria;Diciembre;53
Total nacional;Extremadura;Bélgica;Total;8.574
Total nacional;Extremadura;Bélgica;Enero;361
Total nacional;Extremadura;Bélgica;Febrero;169
Total nacional;Extremadura;Bélgica;Marzo;311
Total nacional;Extremadura;Bélgica;Abril;766
Total nacional;Extremadura;Bélgica;Mayo;1.031
Total nacional;Extremadura;Bélgica;Junio;909
Total nacional;Extremadura;Bélgica;Julio;1.691
Total nacional;Extremadura;Bélgica;Agosto;1.307
Total nacional;Extremadura;Bélgica;Septiembre;883
Total nacional;Extremadura;Bélgica;Octubre;636
Total nacional;Extremadura;Bélgica;Noviembre;386
Total nacional;Extremadura;Bélgica;Diciembre;124
Total nacional;Extremadura;Dinamarca;Total;1.919
Total nacional;Extremadura;Dinamarca;Enero;..
Total nacional;Extremadura;Dinamarca;Febrero;126
Total nacional;Extremadura;Dinamarca;Marzo;144
Total nacional;Extremadura;Dinamarca;Abril;582
Total nacional;Extremadura;Dinamarca;Mayo;208
Total nacional;Extremadura;Dinamarca;Junio;72
Total nacional;Extremadura;Dinamarca;Julio;183
Total nacional;Extremadura;Dinamarca;Agosto;133
Total nacional;Extremadura;Dinamarca;Septiembre;108
Total nacional;Extremadura;Dinamarca;Octubre;168
Total nacional;Extremadura;Dinamarca;Noviembre;104
Total nacional;Extremadura;Dinamarca;Diciembre;..
Total nacional;Extremadura;Finlandia;Total;1.093
Total nacional;Extremadura;Finlandia;Enero;85
Total nacional;Extremadura;Finlandia;Febrero;62
Total nacional;Extremadura;Finlandia;Marzo;45
Total nacional;Extremadura;Finlandia;Abril;158
Total nacional;Extremadura;Finlandia;Mayo;123
Total nacional;Extremadura;Finlandia;Junio;..
Total nacional;Extremadura;Finlandia;Julio;..
Total nacional;Extremadura;Finlandia;Agosto;39
Total nacional;Extremadura;Finlandia;Septiembre;233
Total nacional;Extremadura;Finlandia;Octubre;192
Total nacional;Extremadura;Finlandia;Noviembre;96
Total nacional;Extremadura;Finlandia;Diciembre;28
Total nacional;Extremadura;Francia;Total;43.032
Total nacional;Extremadura;Francia;Enero;1.200
Total nacional;Extremadura;Francia;Febrero;1.971
Total nacional;Extremadura;Francia;Marzo;2.697
Total nacional;Extremadura;Francia;Abril;3.339
Total nacional;Extremadura;Francia;Mayo;5.097
Total nacional;Extremadura;Francia;Junio;2.304
Total nacional;Extremadura;Francia;Julio;5.497
Total nacional;Extremadura;Francia;Agosto;8.892
Total nacional;Extremadura;Francia;Septiembre;3.630
Total nacional;Extremadura;Francia;Octubre;4.367
Total nacional;Extremadura;Francia;Noviembre;2.881
Total nacional;Extremadura;Francia;Diciembre;1.157
Total nacional;Extremadura;Grecia;Total;661
Total nacional;Extremadura;Grecia;Enero;..
Total nacional;Extremadura;Grecia;Febrero;..
Total nacional;Extremadura;Grecia;Marzo;..
Total nacional;Extremadura;Grecia;Abril;50
Total nacional;Extremadura;Grecia;Mayo;66
Total nacional;Extremadura;Grecia;Junio;..
Total nacional;Extremadura;Grecia;Julio;80
Total nacional;Extremadura;Grecia;Agosto;241
Total nacional;Extremadura;Grecia;Septiembre;..
Total nacional;Extremadura;Grecia;Octubre;76
Total nacional;Extremadura;Grecia;Noviembre;..
Total nacional;Extremadura;Grecia;Diciembre;52
Total nacional;Extremadura;Irlanda;Total;3.721
Total nacional;Extremadura;Irlanda;Enero;42
Total nacional;Extremadura;Irlanda;Febrero;87
Total nacional;Extremadura;Irlanda;Marzo;117
Total nacional;Extremadura;Irlanda;Abril;462
Total nacional;Extremadura;Irlanda;Mayo;441
Total nacional;Extremadura;Irlanda;Junio;356
Total nacional;Extremadura;Irlanda;Julio;169
Total nacional;Extremadura;Irlanda;Agosto;395
Total nacional;Extremadura;Irlanda;Septiembre;672
Total nacional;Extremadura;Irlanda;Octubre;573
Total nacional;Extremadura;Irlanda;Noviembre;251
Total nacional;Extremadura;Irlanda;Diciembre;154
Total nacional;Extremadura;Italia;Total;17.169
Total nacional;Extremadura;Italia;Enero;1.512
Total nacional;Extremadura;Italia;Febrero;1.059
Total nacional;Extremadura;Italia;Marzo;957
Total nacional;Extremadura;Italia;Abril;1.369
Total nacional;Extremadura;Italia;Mayo;2.288
Total nacional;Extremadura;Italia;Junio;1.126
Total nacional;Extremadura;Italia;Julio;998
Total nacional;Extremadura;Italia;Agosto;2.428
Total nacional;Extremadura;Italia;Septiembre;1.255
Total nacional;Extremadura;Italia;Octubre;1.244
Total nacional;Extremadura;Italia;Noviembre;2.010
Total nacional;Extremadura;Italia;Diciembre;923
Total nacional;Extremadura;Luxemburgo;Total;317
Total nacional;Extremadura;Luxemburgo;Enero;32
Total nacional;Extremadura;Luxemburgo;Febrero;..
Total nacional;Extremadura;Luxemburgo;Marzo;31
Total nacional;Extremadura;Luxemburgo;Abril;37
Total nacional;Extremadura;Luxemburgo;Mayo;..
Total nacional;Extremadura;Luxemburgo;Junio;24
Total nacional;Extremadura;Luxemburgo;Julio;32
Total nacional;Extremadura;Luxemburgo;Agosto;..
Total nacional;Extremadura;Luxemburgo;Septiembre;27
Total nacional;Extremadura;Luxemburgo;Octubre;..
Total nacional;Extremadura;Luxemburgo;Noviembre;46
Total nacional;Extremadura;Luxemburgo;Diciembre;29
Total nacional;Extremadura;Países Bajos;Total;13.784
Total nacional;Extremadura;Países Bajos;Enero;346
Total nacional;Extremadura;Países Bajos;Febrero;329
Total nacional;Extremadura;Países Bajos;Marzo;347
Total nacional;Extremadura;Países Bajos;Abril;1.885
Total nacional;Extremadura;Países Bajos;Mayo;2.044
Total nacional;Extremadura;Países Bajos;Junio;1.171
Total nacional;Extremadura;Países Bajos;Julio;1.419
Total nacional;Extremadura;Países Bajos;Agosto;2.037
Total nacional;Extremadura;Países Bajos;Septiembre;1.741
Total nacional;Extremadura;Países Bajos;Octubre;1.491
Total nacional;Extremadura;Países Bajos;Noviembre;459
Total nacional;Extremadura;Países Bajos;Diciembre;515
Total nacional;Extremadura;Polonia;Total;6.648
Total nacional;Extremadura;Polonia;Enero;67
Total nacional;Extremadura;Polonia;Febrero;378
Total nacional;Extremadura;Polonia;Marzo;500
Total nacional;Extremadura;Polonia;Abril;201
Total nacional;Extremadura;Polonia;Mayo;232
Total nacional;Extremadura;Polonia;Junio;609
Total nacional;Extremadura;Polonia;Julio;1.464
Total nacional;Extremadura;Polonia;Agosto;1.253
Total nacional;Extremadura;Polonia;Septiembre;610
Total nacional;Extremadura;Polonia;Octubre;1.099
Total nacional;Extremadura;Polonia;Noviembre;138
Total nacional;Extremadura;Polonia;Diciembre;98
Total nacional;Extremadura;Portugal;Total;57.809
Total nacional;Extremadura;Portugal;Enero;2.766
Total nacional;Extremadura;Portugal;Febrero;3.177
Total nacional;Extremadura;Portugal;Marzo;4.070
Total nacional;Extremadura;Portugal;Abril;6.438
Total nacional;Extremadura;Portugal;Mayo;4.411
Total nacional;Extremadura;Portugal;Junio;5.906
Total nacional;Extremadura;Portugal;Julio;4.637
Total nacional;Extremadura;Portugal;Agosto;7.724
Total nacional;Extremadura;Portugal;Septiembre;4.869
Total nacional;Extremadura;Portugal;Octubre;4.678
Total nacional;Extremadura;Portugal;Noviembre;4.482
Total nacional;Extremadura;Portugal;Diciembre;4.649
Total nacional;Extremadura;Reino Unido;Total;26.537
Total nacional;Extremadura;Reino Unido;Enero;649
Total nacional;Extremadura;Reino Unido;Febrero;955
Total nacional;Extremadura;Reino Unido;Marzo;1.681
Total nacional;Extremadura;Reino Unido;Abril;2.905
Total nacional;Extremadura;Reino Unido;Mayo;3.714
Total nacional;Extremadura;Reino Unido;Junio;2.704
Total nacional;Extremadura;Reino Unido;Julio;2.044
Total nacional;Extremadura;Reino Unido;Agosto;2.606
Total nacional;Extremadura;Reino Unido;Septiembre;3.637
Total nacional;Extremadura;Reino Unido;Octubre;3.889
Total nacional;Extremadura;Reino Unido;Noviembre;1.111
Total nacional;Extremadura;Reino Unido;Diciembre;641
Total nacional;Extremadura;República Checa;Total;377
Total nacional;Extremadura;República Checa;Enero;..
Total nacional;Extremadura;República Checa;Febrero;..
Total nacional;Extremadura;República Checa;Marzo;..
Total nacional;Extremadura;República Checa;Abril;39
Total nacional;Extremadura;República Checa;Mayo;61
Total nacional;Extremadura;República Checa;Junio;23
Total nacional;Extremadura;República Checa;Julio;38
Total nacional;Extremadura;República Checa;Agosto;53
Total nacional;Extremadura;República Checa;Septiembre;58
Total nacional;Extremadura;República Checa;Octubre;..
Total nacional;Extremadura;República Checa;Noviembre;..
Total nacional;Extremadura;República Checa;Diciembre;43
Total nacional;Extremadura;Suecia;Total;1.645
Total nacional;Extremadura;Suecia;Enero;59
Total nacional;Extremadura;Suecia;Febrero;89
Total nacional;Extremadura;Suecia;Marzo;93
Total nacional;Extremadura;Suecia;Abril;325
Total nacional;Extremadura;Suecia;Mayo;167
Total nacional;Extremadura;Suecia;Junio;217
Total nacional;Extremadura;Suecia;Julio;108
Total nacional;Extremadura;Suecia;Agosto;36
Total nacional;Extremadura;Suecia;Septiembre;115
Total nacional;Extremadura;Suecia;Octubre;254
Total nacional;Extremadura;Suecia;Noviembre;117
Total nacional;Extremadura;Suecia;Diciembre;67
Total nacional;Extremadura;Noruega;Total;917
Total nacional;Extremadura;Noruega;Enero;23
Total nacional;Extremadura;Noruega;Febrero;..
Total nacional;Extremadura;Noruega;Marzo;..
Total nacional;Extremadura;Noruega;Abril;127
Total nacional;Extremadura;Noruega;Mayo;48
Total nacional;Extremadura;Noruega;Junio;78
Total nacional;Extremadura;Noruega;Julio;74
Total nacional;Extremadura;Noruega;Agosto;126
Total nacional;Extremadura;Noruega;Septiembre;154
Total nacional;Extremadura;Noruega;Octubre;155
Total nacional;Extremadura;Noruega;Noviembre;74
Total nacional;Extremadura;Noruega;Diciembre;25
Total nacional;Extremadura;Rusia;Total;2.677
Total nacional;Extremadura;Rusia;Enero;770
Total nacional;Extremadura;Rusia;Febrero;57
Total nacional;Extremadura;Rusia;Marzo;134
Total nacional;Extremadura;Rusia;Abril;196
Total nacional;Extremadura;Rusia;Mayo;394
Total nacional;Extremadura;Rusia;Junio;164
Total nacional;Extremadura;Rusia;Julio;186
Total nacional;Extremadura;Rusia;Agosto;193
Total nacional;Extremadura;Rusia;Septiembre;122
Total nacional;Extremadura;Rusia;Octubre;176
Total nacional;Extremadura;Rusia;Noviembre;62
Total nacional;Extremadura;Rusia;Diciembre;224
Total nacional;Extremadura;Suiza;Total;5.673
Total nacional;Extremadura;Suiza;Enero;130
Total nacional;Extremadura;Suiza;Febrero;325
Total nacional;Extremadura;Suiza;Marzo;214
Total nacional;Extremadura;Suiza;Abril;766
Total nacional;Extremadura;Suiza;Mayo;975
Total nacional;Extremadura;Suiza;Junio;841
Total nacional;Extremadura;Suiza;Julio;334
Total nacional;Extremadura;Suiza;Agosto;331
Total nacional;Extremadura;Suiza;Septiembre;557
Total nacional;Extremadura;Suiza;Octubre;831
Total nacional;Extremadura;Suiza;Noviembre;225
Total nacional;Extremadura;Suiza;Diciembre;144
Total nacional;Extremadura;Resto de Europa sin U.E.;Total;4.274
Total nacional;Extremadura;Resto de Europa sin U.E.;Enero;197
Total nacional;Extremadura;Resto de Europa sin U.E.;Febrero;417
Total nacional;Extremadura;Resto de Europa sin U.E.;Marzo;336
Total nacional;Extremadura;Resto de Europa sin U.E.;Abril;237
Total nacional;Extremadura;Resto de Europa sin U.E.;Mayo;420
Total nacional;Extremadura;Resto de Europa sin U.E.;Junio;233
Total nacional;Extremadura;Resto de Europa sin U.E.;Julio;407
Total nacional;Extremadura;Resto de Europa sin U.E.;Agosto;339
Total nacional;Extremadura;Resto de Europa sin U.E.;Septiembre;430
Total nacional;Extremadura;Resto de Europa sin U.E.;Octubre;265
Total nacional;Extremadura;Resto de Europa sin U.E.;Noviembre;660
Total nacional;Extremadura;Resto de Europa sin U.E.;Diciembre;333
Total nacional;Extremadura;Japón;Total;2.216
Total nacional;Extremadura;Japón;Enero;91
Total nacional;Extremadura;Japón;Febrero;178
Total nacional;Extremadura;Japón;Marzo;..
Total nacional;Extremadura;Japón;Abril;256
Total nacional;Extremadura;Japón;Mayo;185
Total nacional;Extremadura;Japón;Junio;125
Total nacional;Extremadura;Japón;Julio;120
Total nacional;Extremadura;Japón;Agosto;176
Total nacional;Extremadura;Japón;Septiembre;159
Total nacional;Extremadura;Japón;Octubre;138
Total nacional;Extremadura;Japón;Noviembre;..
Total nacional;Extremadura;Japón;Diciembre;135
Total nacional;Extremadura;Estados Unidos;Total;11.219
Total nacional;Extremadura;Estados Unidos;Enero;477
Total nacional;Extremadura;Estados Unidos;Febrero;404
Total nacional;Extremadura;Estados Unidos;Marzo;731
Total nacional;Extremadura;Estados Unidos;Abril;985
Total nacional;Extremadura;Estados Unidos;Mayo;1.411
Total nacional;Extremadura;Estados Unidos;Junio;2.015
Total nacional;Extremadura;Estados Unidos;Julio;879
Total nacional;Extremadura;Estados Unidos;Agosto;674
Total nacional;Extremadura;Estados Unidos;Septiembre;1.093
Total nacional;Extremadura;Estados Unidos;Octubre;1.282
Total nacional;Extremadura;Estados Unidos;Noviembre;810
Total nacional;Extremadura;Estados Unidos;Diciembre;458
Total nacional;Extremadura;Resto de América;Total;23.349
Total nacional;Extremadura;Resto de América;Enero;1.418
Total nacional;Extremadura;Resto de América;Febrero;718
Total nacional;Extremadura;Resto de América;Marzo;1.413
Total nacional;Extremadura;Resto de América;Abril;1.936
Total nacional;Extremadura;Resto de América;Mayo;3.198
Total nacional;Extremadura;Resto de América;Junio;2.245
Total nacional;Extremadura;Resto de América;Julio;2.132
Total nacional;Extremadura;Resto de América;Agosto;1.456
Total nacional;Extremadura;Resto de América;Septiembre;3.085
Total nacional;Extremadura;Resto de América;Octubre;3.188
Total nacional;Extremadura;Resto de América;Noviembre;1.354
Total nacional;Extremadura;Resto de América;Diciembre;1.209
Total nacional;Extremadura;Países africanos;Total;4.429
Total nacional;Extremadura;Países africanos;Enero;192
Total nacional;Extremadura;Países africanos;Febrero;203
Total nacional;Extremadura;Países africanos;Marzo;203
Total nacional;Extremadura;Países africanos;Abril;102
Total nacional;Extremadura;Países africanos;Mayo;242
Total nacional;Extremadura;Países africanos;Junio;231
Total nacional;Extremadura;Países africanos;Julio;919
Total nacional;Extremadura;Países africanos;Agosto;1.083
Total nacional;Extremadura;Países africanos;Septiembre;598
Total nacional;Extremadura;Países africanos;Octubre;248
Total nacional;Extremadura;Países africanos;Noviembre;146
Total nacional;Extremadura;Países africanos;Diciembre;262
Total nacional;Galicia;Total;Total;8.807.925
Total nacional;Galicia;Total;Enero;282.884
Total nacional;Galicia;Total;Febrero;310.984
Total nacional;Galicia;Total;Marzo;410.421
Total nacional;Galicia;Total;Abril;694.042
Total nacional;Galicia;Total;Mayo;683.429
Total nacional;Galicia;Total;Junio;868.876
Total nacional;Galicia;Total;Julio;1.267.165
Total nacional;Galicia;Total;Agosto;1.615.964
Total nacional;Galicia;Total;Septiembre;1.014.086
Total nacional;Galicia;Total;Octubre;810.140
Total nacional;Galicia;Total;Noviembre;466.701
Total nacional;Galicia;Total;Diciembre;383.233
Total nacional;Galicia;Residentes en España;Total;6.703.143
Total nacional;Galicia;Residentes en España;Enero;233.001
Total nacional;Galicia;Residentes en España;Febrero;259.619
Total nacional;Galicia;Residentes en España;Marzo;336.761
Total nacional;Galicia;Residentes en España;Abril;533.094
Total nacional;Galicia;Residentes en España;Mayo;436.823
Total nacional;Galicia;Residentes en España;Junio;599.923
Total nacional;Galicia;Residentes en España;Julio;992.971
Total nacional;Galicia;Residentes en España;Agosto;1.310.118
Total nacional;Galicia;Residentes en España;Septiembre;706.877
Total nacional;Galicia;Residentes en España;Octubre;581.362
Total nacional;Galicia;Residentes en España;Noviembre;387.923
Total nacional;Galicia;Residentes en España;Diciembre;324.672
Total nacional;Galicia;No residentes en España;Total;2.104.782
Total nacional;Galicia;No residentes en España;Enero;49.883
Total nacional;Galicia;No residentes en España;Febrero;51.365
Total nacional;Galicia;No residentes en España;Marzo;73.660
Total nacional;Galicia;No residentes en España;Abril;160.948
Total nacional;Galicia;No residentes en España;Mayo;246.606
Total nacional;Galicia;No residentes en España;Junio;268.953
Total nacional;Galicia;No residentes en España;Julio;274.194
Total nacional;Galicia;No residentes en España;Agosto;305.846
Total nacional;Galicia;No residentes en España;Septiembre;307.209
Total nacional;Galicia;No residentes en España;Octubre;228.779
Total nacional;Galicia;No residentes en España;Noviembre;78.778
Total nacional;Galicia;No residentes en España;Diciembre;58.561
Total nacional;Galicia;Unión Europea (sin España);Total;1.384.900
Total nacional;Galicia;Unión Europea (sin España);Enero;28.963
Total nacional;Galicia;Unión Europea (sin España);Febrero;32.932
Total nacional;Galicia;Unión Europea (sin España);Marzo;44.314
Total nacional;Galicia;Unión Europea (sin España);Abril;113.821
Total nacional;Galicia;Unión Europea (sin España);Mayo;149.240
Total nacional;Galicia;Unión Europea (sin España);Junio;174.958
Total nacional;Galicia;Unión Europea (sin España);Julio;187.646
Total nacional;Galicia;Unión Europea (sin España);Agosto;236.506
Total nacional;Galicia;Unión Europea (sin España);Septiembre;200.833
Total nacional;Galicia;Unión Europea (sin España);Octubre;132.320
Total nacional;Galicia;Unión Europea (sin España);Noviembre;44.898
Total nacional;Galicia;Unión Europea (sin España);Diciembre;38.470
Total nacional;Galicia;Alemania;Total;211.740
Total nacional;Galicia;Alemania;Enero;2.489
Total nacional;Galicia;Alemania;Febrero;2.431
Total nacional;Galicia;Alemania;Marzo;6.273
Total nacional;Galicia;Alemania;Abril;18.361
Total nacional;Galicia;Alemania;Mayo;31.337
Total nacional;Galicia;Alemania;Junio;37.773
Total nacional;Galicia;Alemania;Julio;21.336
Total nacional;Galicia;Alemania;Agosto;23.861
Total nacional;Galicia;Alemania;Septiembre;38.204
Total nacional;Galicia;Alemania;Octubre;21.018
Total nacional;Galicia;Alemania;Noviembre;6.061
Total nacional;Galicia;Alemania;Diciembre;2.597
Total nacional;Galicia;Austria;Total;17.065
Total nacional;Galicia;Austria;Enero;141
Total nacional;Galicia;Austria;Febrero;179
Total nacional;Galicia;Austria;Marzo;546
Total nacional;Galicia;Austria;Abril;1.409
Total nacional;Galicia;Austria;Mayo;2.365
Total nacional;Galicia;Austria;Junio;2.677
Total nacional;Galicia;Austria;Julio;1.641
Total nacional;Galicia;Austria;Agosto;2.619
Total nacional;Galicia;Austria;Septiembre;2.861
Total nacional;Galicia;Austria;Octubre;1.766
Total nacional;Galicia;Austria;Noviembre;656
Total nacional;Galicia;Austria;Diciembre;207
Total nacional;Galicia;Bélgica;Total;27.968
Total nacional;Galicia;Bélgica;Enero;427
Total nacional;Galicia;Bélgica;Febrero;320
Total nacional;Galicia;Bélgica;Marzo;648
Total nacional;Galicia;Bélgica;Abril;2.374
Total nacional;Galicia;Bélgica;Mayo;2.631
Total nacional;Galicia;Bélgica;Junio;3.554
Total nacional;Galicia;Bélgica;Julio;4.731
Total nacional;Galicia;Bélgica;Agosto;3.849
Total nacional;Galicia;Bélgica;Septiembre;5.428
Total nacional;Galicia;Bélgica;Octubre;2.651
Total nacional;Galicia;Bélgica;Noviembre;689
Total nacional;Galicia;Bélgica;Diciembre;664
Total nacional;Galicia;Dinamarca;Total;20.014
Total nacional;Galicia;Dinamarca;Enero;197
Total nacional;Galicia;Dinamarca;Febrero;275
Total nacional;Galicia;Dinamarca;Marzo;328
Total nacional;Galicia;Dinamarca;Abril;1.505
Total nacional;Galicia;Dinamarca;Mayo;3.894
Total nacional;Galicia;Dinamarca;Junio;2.164
Total nacional;Galicia;Dinamarca;Julio;3.317
Total nacional;Galicia;Dinamarca;Agosto;1.787
Total nacional;Galicia;Dinamarca;Septiembre;3.825
Total nacional;Galicia;Dinamarca;Octubre;2.014
Total nacional;Galicia;Dinamarca;Noviembre;523
Total nacional;Galicia;Dinamarca;Diciembre;184
Total nacional;Galicia;Finlandia;Total;8.994
Total nacional;Galicia;Finlandia;Enero;80
Total nacional;Galicia;Finlandia;Febrero;192
Total nacional;Galicia;Finlandia;Marzo;264
Total nacional;Galicia;Finlandia;Abril;976
Total nacional;Galicia;Finlandia;Mayo;1.042
Total nacional;Galicia;Finlandia;Junio;758
Total nacional;Galicia;Finlandia;Julio;707
Total nacional;Galicia;Finlandia;Agosto;1.381
Total nacional;Galicia;Finlandia;Septiembre;2.123
Total nacional;Galicia;Finlandia;Octubre;804
Total nacional;Galicia;Finlandia;Noviembre;531
Total nacional;Galicia;Finlandia;Diciembre;136
Total nacional;Galicia;Francia;Total;146.152
Total nacional;Galicia;Francia;Enero;4.002
Total nacional;Galicia;Francia;Febrero;3.193
Total nacional;Galicia;Francia;Marzo;4.824
Total nacional;Galicia;Francia;Abril;9.174
Total nacional;Galicia;Francia;Mayo;18.148
Total nacional;Galicia;Francia;Junio;18.210
Total nacional;Galicia;Francia;Julio;19.476
Total nacional;Galicia;Francia;Agosto;24.735
Total nacional;Galicia;Francia;Septiembre;20.152
Total nacional;Galicia;Francia;Octubre;15.294
Total nacional;Galicia;Francia;Noviembre;5.524
Total nacional;Galicia;Francia;Diciembre;3.419
Total nacional;Galicia;Grecia;Total;5.923
Total nacional;Galicia;Grecia;Enero;127
Total nacional;Galicia;Grecia;Febrero;99
Total nacional;Galicia;Grecia;Marzo;224
Total nacional;Galicia;Grecia;Abril;362
Total nacional;Galicia;Grecia;Mayo;557
Total nacional;Galicia;Grecia;Junio;521
Total nacional;Galicia;Grecia;Julio;764
Total nacional;Galicia;Grecia;Agosto;1.270
Total nacional;Galicia;Grecia;Septiembre;772
Total nacional;Galicia;Grecia;Octubre;815
Total nacional;Galicia;Grecia;Noviembre;141
Total nacional;Galicia;Grecia;Diciembre;270
Total nacional;Galicia;Irlanda;Total;71.565
Total nacional;Galicia;Irlanda;Enero;451
Total nacional;Galicia;Irlanda;Febrero;665
Total nacional;Galicia;Irlanda;Marzo;1.183
Total nacional;Galicia;Irlanda;Abril;7.444
Total nacional;Galicia;Irlanda;Mayo;9.604
Total nacional;Galicia;Irlanda;Junio;9.819
Total nacional;Galicia;Irlanda;Julio;9.848
Total nacional;Galicia;Irlanda;Agosto;8.791
Total nacional;Galicia;Irlanda;Septiembre;14.176
Total nacional;Galicia;Irlanda;Octubre;7.732
Total nacional;Galicia;Irlanda;Noviembre;1.299
Total nacional;Galicia;Irlanda;Diciembre;553
Total nacional;Galicia;Italia;Total;219.868
Total nacional;Galicia;Italia;Enero;3.920
Total nacional;Galicia;Italia;Febrero;3.919
Total nacional;Galicia;Italia;Marzo;6.288
Total nacional;Galicia;Italia;Abril;11.782
Total nacional;Galicia;Italia;Mayo;20.741
Total nacional;Galicia;Italia;Junio;24.990
Total nacional;Galicia;Italia;Julio;33.064
Total nacional;Galicia;Italia;Agosto;55.774
Total nacional;Galicia;Italia;Septiembre;27.810
Total nacional;Galicia;Italia;Octubre;20.676
Total nacional;Galicia;Italia;Noviembre;6.726
Total nacional;Galicia;Italia;Diciembre;4.177
Total nacional;Galicia;Luxemburgo;Total;2.978
Total nacional;Galicia;Luxemburgo;Enero;..
Total nacional;Galicia;Luxemburgo;Febrero;..
Total nacional;Galicia;Luxemburgo;Marzo;77
Total nacional;Galicia;Luxemburgo;Abril;176
Total nacional;Galicia;Luxemburgo;Mayo;153
Total nacional;Galicia;Luxemburgo;Junio;533
Total nacional;Galicia;Luxemburgo;Julio;420
Total nacional;Galicia;Luxemburgo;Agosto;635
Total nacional;Galicia;Luxemburgo;Septiembre;496
Total nacional;Galicia;Luxemburgo;Octubre;342
Total nacional;Galicia;Luxemburgo;Noviembre;105
Total nacional;Galicia;Luxemburgo;Diciembre;38
Total nacional;Galicia;Países Bajos;Total;52.088
Total nacional;Galicia;Países Bajos;Enero;877
Total nacional;Galicia;Países Bajos;Febrero;636
Total nacional;Galicia;Países Bajos;Marzo;1.207
Total nacional;Galicia;Países Bajos;Abril;3.081
Total nacional;Galicia;Países Bajos;Mayo;7.043
Total nacional;Galicia;Países Bajos;Junio;8.113
Total nacional;Galicia;Países Bajos;Julio;9.047
Total nacional;Galicia;Países Bajos;Agosto;7.576
Total nacional;Galicia;Países Bajos;Septiembre;7.492
Total nacional;Galicia;Países Bajos;Octubre;5.314
Total nacional;Galicia;Países Bajos;Noviembre;1.066
Total nacional;Galicia;Países Bajos;Diciembre;637
Total nacional;Galicia;Polonia;Total;42.773
Total nacional;Galicia;Polonia;Enero;892
Total nacional;Galicia;Polonia;Febrero;1.025
Total nacional;Galicia;Polonia;Marzo;1.693
Total nacional;Galicia;Polonia;Abril;3.471
Total nacional;Galicia;Polonia;Mayo;3.674
Total nacional;Galicia;Polonia;Junio;5.727
Total nacional;Galicia;Polonia;Julio;6.681
Total nacional;Galicia;Polonia;Agosto;4.046
Total nacional;Galicia;Polonia;Septiembre;7.340
Total nacional;Galicia;Polonia;Octubre;6.243
Total nacional;Galicia;Polonia;Noviembre;1.419
Total nacional;Galicia;Polonia;Diciembre;561
Total nacional;Galicia;Portugal;Total;347.691
Total nacional;Galicia;Portugal;Enero;9.432
Total nacional;Galicia;Portugal;Febrero;14.926
Total nacional;Galicia;Portugal;Marzo;12.089
Total nacional;Galicia;Portugal;Abril;34.445
Total nacional;Galicia;Portugal;Mayo;17.735
Total nacional;Galicia;Portugal;Junio;34.220
Total nacional;Galicia;Portugal;Julio;51.253
Total nacional;Galicia;Portugal;Agosto;74.225
Total nacional;Galicia;Portugal;Septiembre;37.898
Total nacional;Galicia;Portugal;Octubre;26.975
Total nacional;Galicia;Portugal;Noviembre;13.981
Total nacional;Galicia;Portugal;Diciembre;20.511
Total nacional;Galicia;Reino Unido;Total;132.916
Total nacional;Galicia;Reino Unido;Enero;2.950
Total nacional;Galicia;Reino Unido;Febrero;2.529
Total nacional;Galicia;Reino Unido;Marzo;4.244
Total nacional;Galicia;Reino Unido;Abril;12.332
Total nacional;Galicia;Reino Unido;Mayo;19.552
Total nacional;Galicia;Reino Unido;Junio;18.575
Total nacional;Galicia;Reino Unido;Julio;15.806
Total nacional;Galicia;Reino Unido;Agosto;17.112
Total nacional;Galicia;Reino Unido;Septiembre;22.089
Total nacional;Galicia;Reino Unido;Octubre;12.131
Total nacional;Galicia;Reino Unido;Noviembre;3.062
Total nacional;Galicia;Reino Unido;Diciembre;2.535
Total nacional;Galicia;República Checa;Total;11.808
Total nacional;Galicia;República Checa;Enero;595
Total nacional;Galicia;República Checa;Febrero;342
Total nacional;Galicia;República Checa;Marzo;1.120
Total nacional;Galicia;República Checa;Abril;1.317
Total nacional;Galicia;República Checa;Mayo;1.638
Total nacional;Galicia;República Checa;Junio;913
Total nacional;Galicia;República Checa;Julio;997
Total nacional;Galicia;República Checa;Agosto;977
Total nacional;Galicia;República Checa;Septiembre;2.143
Total nacional;Galicia;República Checa;Octubre;1.205
Total nacional;Galicia;República Checa;Noviembre;250
Total nacional;Galicia;República Checa;Diciembre;312
Total nacional;Galicia;Suecia;Total;18.104
Total nacional;Galicia;Suecia;Enero;378
Total nacional;Galicia;Suecia;Febrero;210
Total nacional;Galicia;Suecia;Marzo;425
Total nacional;Galicia;Suecia;Abril;1.705
Total nacional;Galicia;Suecia;Mayo;3.213
Total nacional;Galicia;Suecia;Junio;2.062
Total nacional;Galicia;Suecia;Julio;3.243
Total nacional;Galicia;Suecia;Agosto;1.511
Total nacional;Galicia;Suecia;Septiembre;2.519
Total nacional;Galicia;Suecia;Octubre;1.958
Total nacional;Galicia;Suecia;Noviembre;466
Total nacional;Galicia;Suecia;Diciembre;414
Total nacional;Galicia;Noruega;Total;14.055
Total nacional;Galicia;Noruega;Enero;269
Total nacional;Galicia;Noruega;Febrero;275
Total nacional;Galicia;Noruega;Marzo;362
Total nacional;Galicia;Noruega;Abril;1.149
Total nacional;Galicia;Noruega;Mayo;1.180
Total nacional;Galicia;Noruega;Junio;2.093
Total nacional;Galicia;Noruega;Julio;1.641
Total nacional;Galicia;Noruega;Agosto;952
Total nacional;Galicia;Noruega;Septiembre;3.087
Total nacional;Galicia;Noruega;Octubre;2.425
Total nacional;Galicia;Noruega;Noviembre;247
Total nacional;Galicia;Noruega;Diciembre;374
Total nacional;Galicia;Rusia;Total;20.383
Total nacional;Galicia;Rusia;Enero;614
Total nacional;Galicia;Rusia;Febrero;390
Total nacional;Galicia;Rusia;Marzo;662
Total nacional;Galicia;Rusia;Abril;942
Total nacional;Galicia;Rusia;Mayo;1.767
Total nacional;Galicia;Rusia;Junio;2.136
Total nacional;Galicia;Rusia;Julio;2.834
Total nacional;Galicia;Rusia;Agosto;3.428
Total nacional;Galicia;Rusia;Septiembre;2.160
Total nacional;Galicia;Rusia;Octubre;3.502
Total nacional;Galicia;Rusia;Noviembre;1.212
Total nacional;Galicia;Rusia;Diciembre;736
Total nacional;Galicia;Suiza;Total;35.958
Total nacional;Galicia;Suiza;Enero;538
Total nacional;Galicia;Suiza;Febrero;574
Total nacional;Galicia;Suiza;Marzo;982
Total nacional;Galicia;Suiza;Abril;2.934
Total nacional;Galicia;Suiza;Mayo;4.400
Total nacional;Galicia;Suiza;Junio;3.801
Total nacional;Galicia;Suiza;Julio;6.227
Total nacional;Galicia;Suiza;Agosto;5.515
Total nacional;Galicia;Suiza;Septiembre;4.792
Total nacional;Galicia;Suiza;Octubre;4.312
Total nacional;Galicia;Suiza;Noviembre;913
Total nacional;Galicia;Suiza;Diciembre;969
Total nacional;Galicia;Resto de Europa sin U.E.;Total;34.249
Total nacional;Galicia;Resto de Europa sin U.E.;Enero;1.221
Total nacional;Galicia;Resto de Europa sin U.E.;Febrero;1.493
Total nacional;Galicia;Resto de Europa sin U.E.;Marzo;3.690
Total nacional;Galicia;Resto de Europa sin U.E.;Abril;2.345
Total nacional;Galicia;Resto de Europa sin U.E.;Mayo;3.446
Total nacional;Galicia;Resto de Europa sin U.E.;Junio;3.743
Total nacional;Galicia;Resto de Europa sin U.E.;Julio;3.834
Total nacional;Galicia;Resto de Europa sin U.E.;Agosto;4.013
Total nacional;Galicia;Resto de Europa sin U.E.;Septiembre;3.154
Total nacional;Galicia;Resto de Europa sin U.E.;Octubre;3.726
Total nacional;Galicia;Resto de Europa sin U.E.;Noviembre;1.754
Total nacional;Galicia;Resto de Europa sin U.E.;Diciembre;1.831
Total nacional;Galicia;Japón;Total;23.414
Total nacional;Galicia;Japón;Enero;954
Total nacional;Galicia;Japón;Febrero;779
Total nacional;Galicia;Japón;Marzo;1.092
Total nacional;Galicia;Japón;Abril;745
Total nacional;Galicia;Japón;Mayo;2.962
Total nacional;Galicia;Japón;Junio;2.423
Total nacional;Galicia;Japón;Julio;4.122
Total nacional;Galicia;Japón;Agosto;2.459
Total nacional;Galicia;Japón;Septiembre;2.422
Total nacional;Galicia;Japón;Octubre;2.615
Total nacional;Galicia;Japón;Noviembre;1.822
Total nacional;Galicia;Japón;Diciembre;1.019
Total nacional;Galicia;Estados Unidos;Total;183.680
Total nacional;Galicia;Estados Unidos;Enero;1.917
Total nacional;Galicia;Estados Unidos;Febrero;2.053
Total nacional;Galicia;Estados Unidos;Marzo;3.713
Total nacional;Galicia;Estados Unidos;Abril;10.608
Total nacional;Galicia;Estados Unidos;Mayo;25.534
Total nacional;Galicia;Estados Unidos;Junio;28.679
Total nacional;Galicia;Estados Unidos;Julio;21.358
Total nacional;Galicia;Estados Unidos;Agosto;17.373
Total nacional;Galicia;Estados Unidos;Septiembre;34.170
Total nacional;Galicia;Estados Unidos;Octubre;28.477
Total nacional;Galicia;Estados Unidos;Noviembre;6.645
Total nacional;Galicia;Estados Unidos;Diciembre;3.155
Total nacional;Galicia;Resto de América;Total;270.650
Total nacional;Galicia;Resto de América;Enero;10.711
Total nacional;Galicia;Resto de América;Febrero;8.652
Total nacional;Galicia;Resto de América;Marzo;12.639
Total nacional;Galicia;Resto de América;Abril;19.489
Total nacional;Galicia;Resto de América;Mayo;37.906
Total nacional;Galicia;Resto de América;Junio;33.373
Total nacional;Galicia;Resto de América;Julio;31.273
Total nacional;Galicia;Resto de América;Agosto;24.005
Total nacional;Galicia;Resto de América;Septiembre;36.230
Total nacional;Galicia;Resto de América;Octubre;33.593
Total nacional;Galicia;Resto de América;Noviembre;14.298
Total nacional;Galicia;Resto de América;Diciembre;8.482
Total nacional;Galicia;Países africanos;Total;14.681
Total nacional;Galicia;Países africanos;Enero;1.272
Total nacional;Galicia;Países africanos;Febrero;711
Total nacional;Galicia;Países africanos;Marzo;732
Total nacional;Galicia;Países africanos;Abril;1.150
Total nacional;Galicia;Países africanos;Mayo;1.386
Total nacional;Galicia;Países africanos;Junio;1.461
Total nacional;Galicia;Países africanos;Julio;1.421
Total nacional;Galicia;Países africanos;Agosto;1.254
Total nacional;Galicia;Países africanos;Septiembre;2.367
Total nacional;Galicia;Países africanos;Octubre;1.443
Total nacional;Galicia;Países africanos;Noviembre;956
Total nacional;Galicia;Países africanos;Diciembre;528
Total nacional;Madrid, Comunidad de;Total;Total;24.004.619
Total nacional;Madrid, Comunidad de;Total;Enero;1.691.367
Total nacional;Madrid, Comunidad de;Total;Febrero;1.692.260
Total nacional;Madrid, Comunidad de;Total;Marzo;1.894.658
Total nacional;Madrid, Comunidad de;Total;Abril;2.165.634
Total nacional;Madrid, Comunidad de;Total;Mayo;2.168.316
Total nacional;Madrid, Comunidad de;Total;Junio;2.162.892
Total nacional;Madrid, Comunidad de;Total;Julio;2.073.274
Total nacional;Madrid, Comunidad de;Total;Agosto;1.966.960
Total nacional;Madrid, Comunidad de;Total;Septiembre;2.125.666
Total nacional;Madrid, Comunidad de;Total;Octubre;2.184.448
Total nacional;Madrid, Comunidad de;Total;Noviembre;1.938.635
Total nacional;Madrid, Comunidad de;Total;Diciembre;1.940.509
Total nacional;Madrid, Comunidad de;Residentes en España;Total;10.841.520
Total nacional;Madrid, Comunidad de;Residentes en España;Enero;856.283
Total nacional;Madrid, Comunidad de;Residentes en España;Febrero;862.468
Total nacional;Madrid, Comunidad de;Residentes en España;Marzo;882.747
Total nacional;Madrid, Comunidad de;Residentes en España;Abril;943.240
Total nacional;Madrid, Comunidad de;Residentes en España;Mayo;920.437
Total nacional;Madrid, Comunidad de;Residentes en España;Junio;898.539
Total nacional;Madrid, Comunidad de;Residentes en España;Julio;846.413
Total nacional;Madrid, Comunidad de;Residentes en España;Agosto;842.081
Total nacional;Madrid, Comunidad de;Residentes en España;Septiembre;872.362
Total nacional;Madrid, Comunidad de;Residentes en España;Octubre;919.497
Total nacional;Madrid, Comunidad de;Residentes en España;Noviembre;932.832
Total nacional;Madrid, Comunidad de;Residentes en España;Diciembre;1.064.621
Total nacional;Madrid, Comunidad de;No residentes en España;Total;13.163.099
Total nacional;Madrid, Comunidad de;No residentes en España;Enero;835.084
Total nacional;Madrid, Comunidad de;No residentes en España;Febrero;829.793
Total nacional;Madrid, Comunidad de;No residentes en España;Marzo;1.011.910
Total nacional;Madrid, Comunidad de;No residentes en España;Abril;1.222.393
Total nacional;Madrid, Comunidad de;No residentes en España;Mayo;1.247.879
Total nacional;Madrid, Comunidad de;No residentes en España;Junio;1.264.354
Total nacional;Madrid, Comunidad de;No residentes en España;Julio;1.226.861
Total nacional;Madrid, Comunidad de;No residentes en España;Agosto;1.124.879
Total nacional;Madrid, Comunidad de;No residentes en España;Septiembre;1.253.304
Total nacional;Madrid, Comunidad de;No residentes en España;Octubre;1.264.950
Total nacional;Madrid, Comunidad de;No residentes en España;Noviembre;1.005.803
Total nacional;Madrid, Comunidad de;No residentes en España;Diciembre;875.888
Total nacional;Madrid, Comunidad de;Unión Europea (sin España);Total;5.305.291
Total nacional;Madrid, Comunidad de;Unión Europea (sin España);Enero;327.831
Total nacional;Madrid, Comunidad de;Unión Europea (sin España);Febrero;375.671
Total nacional;Madrid, Comunidad de;Unión Europea (sin España);Marzo;445.937
Total nacional;Madrid, Comunidad de;Unión Europea (sin España);Abril;520.207
Total nacional;Madrid, Comunidad de;Unión Europea (sin España);Mayo;506.005
Total nacional;Madrid, Comunidad de;Unión Europea (sin España);Junio;451.842
Total nacional;Madrid, Comunidad de;Unión Europea (sin España);Julio;458.357
Total nacional;Madrid, Comunidad de;Unión Europea (sin España);Agosto;447.532
Total nacional;Madrid, Comunidad de;Unión Europea (sin España);Septiembre;504.128
Total nacional;Madrid, Comunidad de;Unión Europea (sin España);Octubre;516.816
Total nacional;Madrid, Comunidad de;Unión Europea (sin España);Noviembre;422.348
Total nacional;Madrid, Comunidad de;Unión Europea (sin España);Diciembre;328.616
Total nacional;Madrid, Comunidad de;Alemania;Total;638.525
Total nacional;Madrid, Comunidad de;Alemania;Enero;31.975
Total nacional;Madrid, Comunidad de;Alemania;Febrero;37.740
Total nacional;Madrid, Comunidad de;Alemania;Marzo;55.039
Total nacional;Madrid, Comunidad de;Alemania;Abril;64.663
Total nacional;Madrid, Comunidad de;Alemania;Mayo;65.814
Total nacional;Madrid, Comunidad de;Alemania;Junio;64.140
Total nacional;Madrid, Comunidad de;Alemania;Julio;55.687
Total nacional;Madrid, Comunidad de;Alemania;Agosto;40.275
Total nacional;Madrid, Comunidad de;Alemania;Septiembre;64.054
Total nacional;Madrid, Comunidad de;Alemania;Octubre;71.941
Total nacional;Madrid, Comunidad de;Alemania;Noviembre;51.884
Total nacional;Madrid, Comunidad de;Alemania;Diciembre;35.314
Total nacional;Madrid, Comunidad de;Austria;Total;84.497
Total nacional;Madrid, Comunidad de;Austria;Enero;6.538
Total nacional;Madrid, Comunidad de;Austria;Febrero;4.458
Total nacional;Madrid, Comunidad de;Austria;Marzo;5.416
Total nacional;Madrid, Comunidad de;Austria;Abril;10.520
Total nacional;Madrid, Comunidad de;Austria;Mayo;10.063
Total nacional;Madrid, Comunidad de;Austria;Junio;7.175
Total nacional;Madrid, Comunidad de;Austria;Julio;6.913
Total nacional;Madrid, Comunidad de;Austria;Agosto;4.628
Total nacional;Madrid, Comunidad de;Austria;Septiembre;7.875
Total nacional;Madrid, Comunidad de;Austria;Octubre;8.605
Total nacional;Madrid, Comunidad de;Austria;Noviembre;6.891
Total nacional;Madrid, Comunidad de;Austria;Diciembre;5.414
Total nacional;Madrid, Comunidad de;Bélgica;Total;189.122
Total nacional;Madrid, Comunidad de;Bélgica;Enero;10.786
Total nacional;Madrid, Comunidad de;Bélgica;Febrero;12.894
Total nacional;Madrid, Comunidad de;Bélgica;Marzo;14.975
Total nacional;Madrid, Comunidad de;Bélgica;Abril;21.447
Total nacional;Madrid, Comunidad de;Bélgica;Mayo;17.567
Total nacional;Madrid, Comunidad de;Bélgica;Junio;13.369
Total nacional;Madrid, Comunidad de;Bélgica;Julio;17.681
Total nacional;Madrid, Comunidad de;Bélgica;Agosto;17.606
Total nacional;Madrid, Comunidad de;Bélgica;Septiembre;21.243
Total nacional;Madrid, Comunidad de;Bélgica;Octubre;18.068
Total nacional;Madrid, Comunidad de;Bélgica;Noviembre;14.153
Total nacional;Madrid, Comunidad de;Bélgica;Diciembre;9.334
Total nacional;Madrid, Comunidad de;Dinamarca;Total;109.436
Total nacional;Madrid, Comunidad de;Dinamarca;Enero;4.843
Total nacional;Madrid, Comunidad de;Dinamarca;Febrero;7.258
Total nacional;Madrid, Comunidad de;Dinamarca;Marzo;8.863
Total nacional;Madrid, Comunidad de;Dinamarca;Abril;15.502
Total nacional;Madrid, Comunidad de;Dinamarca;Mayo;11.935
Total nacional;Madrid, Comunidad de;Dinamarca;Junio;6.554
Total nacional;Madrid, Comunidad de;Dinamarca;Julio;11.087
Total nacional;Madrid, Comunidad de;Dinamarca;Agosto;5.450
Total nacional;Madrid, Comunidad de;Dinamarca;Septiembre;14.681
Total nacional;Madrid, Comunidad de;Dinamarca;Octubre;12.228
Total nacional;Madrid, Comunidad de;Dinamarca;Noviembre;6.646
Total nacional;Madrid, Comunidad de;Dinamarca;Diciembre;4.390
Total nacional;Madrid, Comunidad de;Finlandia;Total;81.048
Total nacional;Madrid, Comunidad de;Finlandia;Enero;3.475
Total nacional;Madrid, Comunidad de;Finlandia;Febrero;6.989
Total nacional;Madrid, Comunidad de;Finlandia;Marzo;7.205
Total nacional;Madrid, Comunidad de;Finlandia;Abril;8.514
Total nacional;Madrid, Comunidad de;Finlandia;Mayo;8.758
Total nacional;Madrid, Comunidad de;Finlandia;Junio;5.634
Total nacional;Madrid, Comunidad de;Finlandia;Julio;6.555
Total nacional;Madrid, Comunidad de;Finlandia;Agosto;4.600
Total nacional;Madrid, Comunidad de;Finlandia;Septiembre;9.115
Total nacional;Madrid, Comunidad de;Finlandia;Octubre;8.858
Total nacional;Madrid, Comunidad de;Finlandia;Noviembre;7.143
Total nacional;Madrid, Comunidad de;Finlandia;Diciembre;4.202
Total nacional;Madrid, Comunidad de;Francia;Total;813.520
Total nacional;Madrid, Comunidad de;Francia;Enero;52.952
Total nacional;Madrid, Comunidad de;Francia;Febrero;58.376
Total nacional;Madrid, Comunidad de;Francia;Marzo;70.234
Total nacional;Madrid, Comunidad de;Francia;Abril;77.042
Total nacional;Madrid, Comunidad de;Francia;Mayo;81.485
Total nacional;Madrid, Comunidad de;Francia;Junio;61.292
Total nacional;Madrid, Comunidad de;Francia;Julio;67.716
Total nacional;Madrid, Comunidad de;Francia;Agosto;76.618
Total nacional;Madrid, Comunidad de;Francia;Septiembre;70.897
Total nacional;Madrid, Comunidad de;Francia;Octubre;81.920
Total nacional;Madrid, Comunidad de;Francia;Noviembre;59.821
Total nacional;Madrid, Comunidad de;Francia;Diciembre;55.166
Total nacional;Madrid, Comunidad de;Grecia;Total;70.126
Total nacional;Madrid, Comunidad de;Grecia;Enero;4.663
Total nacional;Madrid, Comunidad de;Grecia;Febrero;3.158
Total nacional;Madrid, Comunidad de;Grecia;Marzo;5.137
Total nacional;Madrid, Comunidad de;Grecia;Abril;5.799
Total nacional;Madrid, Comunidad de;Grecia;Mayo;5.339
Total nacional;Madrid, Comunidad de;Grecia;Junio;7.608
Total nacional;Madrid, Comunidad de;Grecia;Julio;7.498
Total nacional;Madrid, Comunidad de;Grecia;Agosto;9.913
Total nacional;Madrid, Comunidad de;Grecia;Septiembre;4.831
Total nacional;Madrid, Comunidad de;Grecia;Octubre;4.405
Total nacional;Madrid, Comunidad de;Grecia;Noviembre;6.187
Total nacional;Madrid, Comunidad de;Grecia;Diciembre;5.588
Total nacional;Madrid, Comunidad de;Irlanda;Total;146.235
Total nacional;Madrid, Comunidad de;Irlanda;Enero;8.878
Total nacional;Madrid, Comunidad de;Irlanda;Febrero;13.606
Total nacional;Madrid, Comunidad de;Irlanda;Marzo;17.003
Total nacional;Madrid, Comunidad de;Irlanda;Abril;13.235
Total nacional;Madrid, Comunidad de;Irlanda;Mayo;11.617
Total nacional;Madrid, Comunidad de;Irlanda;Junio;13.996
Total nacional;Madrid, Comunidad de;Irlanda;Julio;12.139
Total nacional;Madrid, Comunidad de;Irlanda;Agosto;14.078
Total nacional;Madrid, Comunidad de;Irlanda;Septiembre;13.222
Total nacional;Madrid, Comunidad de;Irlanda;Octubre;11.135
Total nacional;Madrid, Comunidad de;Irlanda;Noviembre;11.938
Total nacional;Madrid, Comunidad de;Irlanda;Diciembre;5.386
Total nacional;Madrid, Comunidad de;Italia;Total;914.083
Total nacional;Madrid, Comunidad de;Italia;Enero;72.382
Total nacional;Madrid, Comunidad de;Italia;Febrero;74.312
Total nacional;Madrid, Comunidad de;Italia;Marzo;72.033
Total nacional;Madrid, Comunidad de;Italia;Abril;80.608
Total nacional;Madrid, Comunidad de;Italia;Mayo;82.914
Total nacional;Madrid, Comunidad de;Italia;Junio;72.147
Total nacional;Madrid, Comunidad de;Italia;Julio;67.603
Total nacional;Madrid, Comunidad de;Italia;Agosto;86.102
Total nacional;Madrid, Comunidad de;Italia;Septiembre;76.888
Total nacional;Madrid, Comunidad de;Italia;Octubre;81.073
Total nacional;Madrid, Comunidad de;Italia;Noviembre;77.873
Total nacional;Madrid, Comunidad de;Italia;Diciembre;70.147
Total nacional;Madrid, Comunidad de;Luxemburgo;Total;19.309
Total nacional;Madrid, Comunidad de;Luxemburgo;Enero;353
Total nacional;Madrid, Comunidad de;Luxemburgo;Febrero;446
Total nacional;Madrid, Comunidad de;Luxemburgo;Marzo;1.047
Total nacional;Madrid, Comunidad de;Luxemburgo;Abril;1.429
Total nacional;Madrid, Comunidad de;Luxemburgo;Mayo;1.190
Total nacional;Madrid, Comunidad de;Luxemburgo;Junio;983
Total nacional;Madrid, Comunidad de;Luxemburgo;Julio;8.631
Total nacional;Madrid, Comunidad de;Luxemburgo;Agosto;802
Total nacional;Madrid, Comunidad de;Luxemburgo;Septiembre;1.025
Total nacional;Madrid, Comunidad de;Luxemburgo;Octubre;1.597
Total nacional;Madrid, Comunidad de;Luxemburgo;Noviembre;646
Total nacional;Madrid, Comunidad de;Luxemburgo;Diciembre;1.160
Total nacional;Madrid, Comunidad de;Países Bajos;Total;275.443
Total nacional;Madrid, Comunidad de;Países Bajos;Enero;14.298
Total nacional;Madrid, Comunidad de;Países Bajos;Febrero;15.536
Total nacional;Madrid, Comunidad de;Países Bajos;Marzo;22.027
Total nacional;Madrid, Comunidad de;Países Bajos;Abril;22.613
Total nacional;Madrid, Comunidad de;Países Bajos;Mayo;27.397
Total nacional;Madrid, Comunidad de;Países Bajos;Junio;21.234
Total nacional;Madrid, Comunidad de;Países Bajos;Julio;22.787
Total nacional;Madrid, Comunidad de;Países Bajos;Agosto;24.899
Total nacional;Madrid, Comunidad de;Países Bajos;Septiembre;29.279
Total nacional;Madrid, Comunidad de;Países Bajos;Octubre;30.041
Total nacional;Madrid, Comunidad de;Países Bajos;Noviembre;28.571
Total nacional;Madrid, Comunidad de;Países Bajos;Diciembre;16.761
Total nacional;Madrid, Comunidad de;Polonia;Total;121.271
Total nacional;Madrid, Comunidad de;Polonia;Enero;6.420
Total nacional;Madrid, Comunidad de;Polonia;Febrero;7.812
Total nacional;Madrid, Comunidad de;Polonia;Marzo;10.384
Total nacional;Madrid, Comunidad de;Polonia;Abril;12.058
Total nacional;Madrid, Comunidad de;Polonia;Mayo;9.917
Total nacional;Madrid, Comunidad de;Polonia;Junio;12.200
Total nacional;Madrid, Comunidad de;Polonia;Julio;7.936
Total nacional;Madrid, Comunidad de;Polonia;Agosto;7.801
Total nacional;Madrid, Comunidad de;Polonia;Septiembre;13.538
Total nacional;Madrid, Comunidad de;Polonia;Octubre;14.061
Total nacional;Madrid, Comunidad de;Polonia;Noviembre;11.980
Total nacional;Madrid, Comunidad de;Polonia;Diciembre;7.162
Total nacional;Madrid, Comunidad de;Portugal;Total;450.923
Total nacional;Madrid, Comunidad de;Portugal;Enero;33.810
Total nacional;Madrid, Comunidad de;Portugal;Febrero;36.665
Total nacional;Madrid, Comunidad de;Portugal;Marzo;35.375
Total nacional;Madrid, Comunidad de;Portugal;Abril;49.178
Total nacional;Madrid, Comunidad de;Portugal;Mayo;37.142
Total nacional;Madrid, Comunidad de;Portugal;Junio;34.993
Total nacional;Madrid, Comunidad de;Portugal;Julio;39.060
Total nacional;Madrid, Comunidad de;Portugal;Agosto;43.884
Total nacional;Madrid, Comunidad de;Portugal;Septiembre;39.892
Total nacional;Madrid, Comunidad de;Portugal;Octubre;34.066
Total nacional;Madrid, Comunidad de;Portugal;Noviembre;31.467
Total nacional;Madrid, Comunidad de;Portugal;Diciembre;35.391
Total nacional;Madrid, Comunidad de;Reino Unido;Total;891.320
Total nacional;Madrid, Comunidad de;Reino Unido;Enero;48.059
Total nacional;Madrid, Comunidad de;Reino Unido;Febrero;62.326
Total nacional;Madrid, Comunidad de;Reino Unido;Marzo;78.509
Total nacional;Madrid, Comunidad de;Reino Unido;Abril;85.632
Total nacional;Madrid, Comunidad de;Reino Unido;Mayo;84.853
Total nacional;Madrid, Comunidad de;Reino Unido;Junio;87.126
Total nacional;Madrid, Comunidad de;Reino Unido;Julio;82.030
Total nacional;Madrid, Comunidad de;Reino Unido;Agosto;79.100
Total nacional;Madrid, Comunidad de;Reino Unido;Septiembre;88.033
Total nacional;Madrid, Comunidad de;Reino Unido;Octubre;89.623
Total nacional;Madrid, Comunidad de;Reino Unido;Noviembre;64.431
Total nacional;Madrid, Comunidad de;Reino Unido;Diciembre;41.599
Total nacional;Madrid, Comunidad de;República Checa;Total;30.246
Total nacional;Madrid, Comunidad de;República Checa;Enero;1.773
Total nacional;Madrid, Comunidad de;República Checa;Febrero;1.677
Total nacional;Madrid, Comunidad de;República Checa;Marzo;2.812
Total nacional;Madrid, Comunidad de;República Checa;Abril;3.471
Total nacional;Madrid, Comunidad de;República Checa;Mayo;3.260
Total nacional;Madrid, Comunidad de;República Checa;Junio;2.225
Total nacional;Madrid, Comunidad de;República Checa;Julio;3.412
Total nacional;Madrid, Comunidad de;República Checa;Agosto;1.127
Total nacional;Madrid, Comunidad de;República Checa;Septiembre;2.891
Total nacional;Madrid, Comunidad de;República Checa;Octubre;3.424
Total nacional;Madrid, Comunidad de;República Checa;Noviembre;2.541
Total nacional;Madrid, Comunidad de;República Checa;Diciembre;1.633
Total nacional;Madrid, Comunidad de;Suecia;Total;129.010
Total nacional;Madrid, Comunidad de;Suecia;Enero;6.434
Total nacional;Madrid, Comunidad de;Suecia;Febrero;7.538
Total nacional;Madrid, Comunidad de;Suecia;Marzo;9.609
Total nacional;Madrid, Comunidad de;Suecia;Abril;19.441
Total nacional;Madrid, Comunidad de;Suecia;Mayo;16.455
Total nacional;Madrid, Comunidad de;Suecia;Junio;11.669
Total nacional;Madrid, Comunidad de;Suecia;Julio;8.728
Total nacional;Madrid, Comunidad de;Suecia;Agosto;6.662
Total nacional;Madrid, Comunidad de;Suecia;Septiembre;10.140
Total nacional;Madrid, Comunidad de;Suecia;Octubre;15.590
Total nacional;Madrid, Comunidad de;Suecia;Noviembre;11.561
Total nacional;Madrid, Comunidad de;Suecia;Diciembre;5.184
Total nacional;Madrid, Comunidad de;Noruega;Total;66.423
Total nacional;Madrid, Comunidad de;Noruega;Enero;3.683
Total nacional;Madrid, Comunidad de;Noruega;Febrero;5.814
Total nacional;Madrid, Comunidad de;Noruega;Marzo;6.531
Total nacional;Madrid, Comunidad de;Noruega;Abril;7.911
Total nacional;Madrid, Comunidad de;Noruega;Mayo;6.416
Total nacional;Madrid, Comunidad de;Noruega;Junio;5.824
Total nacional;Madrid, Comunidad de;Noruega;Julio;5.803
Total nacional;Madrid, Comunidad de;Noruega;Agosto;3.825
Total nacional;Madrid, Comunidad de;Noruega;Septiembre;5.653
Total nacional;Madrid, Comunidad de;Noruega;Octubre;7.787
Total nacional;Madrid, Comunidad de;Noruega;Noviembre;4.690
Total nacional;Madrid, Comunidad de;Noruega;Diciembre;2.487
Total nacional;Madrid, Comunidad de;Rusia;Total;223.343
Total nacional;Madrid, Comunidad de;Rusia;Enero;23.040
Total nacional;Madrid, Comunidad de;Rusia;Febrero;13.010
Total nacional;Madrid, Comunidad de;Rusia;Marzo;19.198
Total nacional;Madrid, Comunidad de;Rusia;Abril;23.156
Total nacional;Madrid, Comunidad de;Rusia;Mayo;21.379
Total nacional;Madrid, Comunidad de;Rusia;Junio;20.683
Total nacional;Madrid, Comunidad de;Rusia;Julio;17.808
Total nacional;Madrid, Comunidad de;Rusia;Agosto;15.710
Total nacional;Madrid, Comunidad de;Rusia;Septiembre;21.100
Total nacional;Madrid, Comunidad de;Rusia;Octubre;18.368
Total nacional;Madrid, Comunidad de;Rusia;Noviembre;17.032
Total nacional;Madrid, Comunidad de;Rusia;Diciembre;12.860
Total nacional;Madrid, Comunidad de;Suiza;Total;176.006
Total nacional;Madrid, Comunidad de;Suiza;Enero;10.654
Total nacional;Madrid, Comunidad de;Suiza;Febrero;11.758
Total nacional;Madrid, Comunidad de;Suiza;Marzo;13.287
Total nacional;Madrid, Comunidad de;Suiza;Abril;19.804
Total nacional;Madrid, Comunidad de;Suiza;Mayo;18.424
Total nacional;Madrid, Comunidad de;Suiza;Junio;18.172
Total nacional;Madrid, Comunidad de;Suiza;Julio;11.834
Total nacional;Madrid, Comunidad de;Suiza;Agosto;10.290
Total nacional;Madrid, Comunidad de;Suiza;Septiembre;15.870
Total nacional;Madrid, Comunidad de;Suiza;Octubre;18.906
Total nacional;Madrid, Comunidad de;Suiza;Noviembre;15.652
Total nacional;Madrid, Comunidad de;Suiza;Diciembre;11.353
Total nacional;Madrid, Comunidad de;Resto de Europa sin U.E.;Total;332.728
Total nacional;Madrid, Comunidad de;Resto de Europa sin U.E.;Enero;19.795
Total nacional;Madrid, Comunidad de;Resto de Europa sin U.E.;Febrero;21.751
Total nacional;Madrid, Comunidad de;Resto de Europa sin U.E.;Marzo;23.098
Total nacional;Madrid, Comunidad de;Resto de Europa sin U.E.;Abril;35.674
Total nacional;Madrid, Comunidad de;Resto de Europa sin U.E.;Mayo;29.473
Total nacional;Madrid, Comunidad de;Resto de Europa sin U.E.;Junio;35.526
Total nacional;Madrid, Comunidad de;Resto de Europa sin U.E.;Julio;19.610
Total nacional;Madrid, Comunidad de;Resto de Europa sin U.E.;Agosto;25.091
Total nacional;Madrid, Comunidad de;Resto de Europa sin U.E.;Septiembre;26.333
Total nacional;Madrid, Comunidad de;Resto de Europa sin U.E.;Octubre;31.043
Total nacional;Madrid, Comunidad de;Resto de Europa sin U.E.;Noviembre;35.402
Total nacional;Madrid, Comunidad de;Resto de Europa sin U.E.;Diciembre;29.932
Total nacional;Madrid, Comunidad de;Japón;Total;223.160
Total nacional;Madrid, Comunidad de;Japón;Enero;19.212
Total nacional;Madrid, Comunidad de;Japón;Febrero;19.810
Total nacional;Madrid, Comunidad de;Japón;Marzo;23.391
Total nacional;Madrid, Comunidad de;Japón;Abril;16.908
Total nacional;Madrid, Comunidad de;Japón;Mayo;18.230
Total nacional;Madrid, Comunidad de;Japón;Junio;22.524
Total nacional;Madrid, Comunidad de;Japón;Julio;14.119
Total nacional;Madrid, Comunidad de;Japón;Agosto;17.658
Total nacional;Madrid, Comunidad de;Japón;Septiembre;22.644
Total nacional;Madrid, Comunidad de;Japón;Octubre;20.765
Total nacional;Madrid, Comunidad de;Japón;Noviembre;14.389
Total nacional;Madrid, Comunidad de;Japón;Diciembre;13.510
Total nacional;Madrid, Comunidad de;Estados Unidos;Total;1.520.617
Total nacional;Madrid, Comunidad de;Estados Unidos;Enero;64.537
Total nacional;Madrid, Comunidad de;Estados Unidos;Febrero;66.581
Total nacional;Madrid, Comunidad de;Estados Unidos;Marzo;121.548
Total nacional;Madrid, Comunidad de;Estados Unidos;Abril;139.370
Total nacional;Madrid, Comunidad de;Estados Unidos;Mayo;164.794
Total nacional;Madrid, Comunidad de;Estados Unidos;Junio;188.929
Total nacional;Madrid, Comunidad de;Estados Unidos;Julio;164.622
Total nacional;Madrid, Comunidad de;Estados Unidos;Agosto;116.692
Total nacional;Madrid, Comunidad de;Estados Unidos;Septiembre;158.848
Total nacional;Madrid, Comunidad de;Estados Unidos;Octubre;143.213
Total nacional;Madrid, Comunidad de;Estados Unidos;Noviembre;98.399
Total nacional;Madrid, Comunidad de;Estados Unidos;Diciembre;93.084
Total nacional;Madrid, Comunidad de;Resto de América;Total;2.909.839
Total nacional;Madrid, Comunidad de;Resto de América;Enero;190.279
Total nacional;Madrid, Comunidad de;Resto de América;Febrero;175.807
Total nacional;Madrid, Comunidad de;Resto de América;Marzo;179.621
Total nacional;Madrid, Comunidad de;Resto de América;Abril;240.057
Total nacional;Madrid, Comunidad de;Resto de América;Mayo;288.390
Total nacional;Madrid, Comunidad de;Resto de América;Junio;295.030
Total nacional;Madrid, Comunidad de;Resto de América;Julio;303.028
Total nacional;Madrid, Comunidad de;Resto de América;Agosto;251.273
Total nacional;Madrid, Comunidad de;Resto de América;Septiembre;283.978
Total nacional;Madrid, Comunidad de;Resto de América;Octubre;289.026
Total nacional;Madrid, Comunidad de;Resto de América;Noviembre;221.232
Total nacional;Madrid, Comunidad de;Resto de América;Diciembre;192.118
Total nacional;Madrid, Comunidad de;Países africanos;Total;374.869
Total nacional;Madrid, Comunidad de;Países africanos;Enero;24.947
Total nacional;Madrid, Comunidad de;Países africanos;Febrero;18.278
Total nacional;Madrid, Comunidad de;Países africanos;Marzo;17.604
Total nacional;Madrid, Comunidad de;Países africanos;Abril;25.388
Total nacional;Madrid, Comunidad de;Países africanos;Mayo;21.196
Total nacional;Madrid, Comunidad de;Países africanos;Junio;43.910
Total nacional;Madrid, Comunidad de;Países africanos;Julio;54.445
Total nacional;Madrid, Comunidad de;Países africanos;Agosto;53.568
Total nacional;Madrid, Comunidad de;Países africanos;Septiembre;32.807
Total nacional;Madrid, Comunidad de;Países africanos;Octubre;32.639
Total nacional;Madrid, Comunidad de;Países africanos;Noviembre;25.060
Total nacional;Madrid, Comunidad de;Países africanos;Diciembre;25.027
Total nacional;Murcia, Región de;Total;Total;3.143.255
Total nacional;Murcia, Región de;Total;Enero;138.672
Total nacional;Murcia, Región de;Total;Febrero;184.549
Total nacional;Murcia, Región de;Total;Marzo;238.393
Total nacional;Murcia, Región de;Total;Abril;297.073
Total nacional;Murcia, Región de;Total;Mayo;265.771
Total nacional;Murcia, Región de;Total;Junio;288.724
Total nacional;Murcia, Región de;Total;Julio;361.673
Total nacional;Murcia, Región de;Total;Agosto;424.028
Total nacional;Murcia, Región de;Total;Septiembre;329.855
Total nacional;Murcia, Región de;Total;Octubre;270.859
Total nacional;Murcia, Región de;Total;Noviembre;188.497
Total nacional;Murcia, Región de;Total;Diciembre;155.161
Total nacional;Murcia, Región de;Residentes en España;Total;2.333.113
Total nacional;Murcia, Región de;Residentes en España;Enero;93.191
Total nacional;Murcia, Región de;Residentes en España;Febrero;135.865
Total nacional;Murcia, Región de;Residentes en España;Marzo;178.776
Total nacional;Murcia, Región de;Residentes en España;Abril;232.679
Total nacional;Murcia, Región de;Residentes en España;Mayo;189.323
Total nacional;Murcia, Región de;Residentes en España;Junio;202.037
Total nacional;Murcia, Región de;Residentes en España;Julio;277.263
Total nacional;Murcia, Región de;Residentes en España;Agosto;332.420
Total nacional;Murcia, Región de;Residentes en España;Septiembre;220.827
Total nacional;Murcia, Región de;Residentes en España;Octubre;197.141
Total nacional;Murcia, Región de;Residentes en España;Noviembre;147.683
Total nacional;Murcia, Región de;Residentes en España;Diciembre;125.907
Total nacional;Murcia, Región de;No residentes en España;Total;810.142
Total nacional;Murcia, Región de;No residentes en España;Enero;45.481
Total nacional;Murcia, Región de;No residentes en España;Febrero;48.684
Total nacional;Murcia, Región de;No residentes en España;Marzo;59.617
Total nacional;Murcia, Región de;No residentes en España;Abril;64.393
Total nacional;Murcia, Región de;No residentes en España;Mayo;76.448
Total nacional;Murcia, Región de;No residentes en España;Junio;86.688
Total nacional;Murcia, Región de;No residentes en España;Julio;84.410
Total nacional;Murcia, Región de;No residentes en España;Agosto;91.608
Total nacional;Murcia, Región de;No residentes en España;Septiembre;109.028
Total nacional;Murcia, Región de;No residentes en España;Octubre;73.718
Total nacional;Murcia, Región de;No residentes en España;Noviembre;40.814
Total nacional;Murcia, Región de;No residentes en España;Diciembre;29.254
Total nacional;Murcia, Región de;Unión Europea (sin España);Total;623.890
Total nacional;Murcia, Región de;Unión Europea (sin España);Enero;30.497
Total nacional;Murcia, Región de;Unión Europea (sin España);Febrero;32.679
Total nacional;Murcia, Región de;Unión Europea (sin España);Marzo;40.794
Total nacional;Murcia, Región de;Unión Europea (sin España);Abril;50.284
Total nacional;Murcia, Región de;Unión Europea (sin España);Mayo;58.153
Total nacional;Murcia, Región de;Unión Europea (sin España);Junio;73.266
Total nacional;Murcia, Región de;Unión Europea (sin España);Julio;67.216
Total nacional;Murcia, Región de;Unión Europea (sin España);Agosto;72.422
Total nacional;Murcia, Región de;Unión Europea (sin España);Septiembre;91.873
Total nacional;Murcia, Región de;Unión Europea (sin España);Octubre;57.104
Total nacional;Murcia, Región de;Unión Europea (sin España);Noviembre;29.870
Total nacional;Murcia, Región de;Unión Europea (sin España);Diciembre;19.732
Total nacional;Murcia, Región de;Alemania;Total;49.769
Total nacional;Murcia, Región de;Alemania;Enero;6.434
Total nacional;Murcia, Región de;Alemania;Febrero;2.643
Total nacional;Murcia, Región de;Alemania;Marzo;5.139
Total nacional;Murcia, Región de;Alemania;Abril;5.959
Total nacional;Murcia, Región de;Alemania;Mayo;3.676
Total nacional;Murcia, Región de;Alemania;Junio;3.720
Total nacional;Murcia, Región de;Alemania;Julio;3.575
Total nacional;Murcia, Región de;Alemania;Agosto;3.407
Total nacional;Murcia, Región de;Alemania;Septiembre;5.518
Total nacional;Murcia, Región de;Alemania;Octubre;4.096
Total nacional;Murcia, Región de;Alemania;Noviembre;3.131
Total nacional;Murcia, Región de;Alemania;Diciembre;2.472
Total nacional;Murcia, Región de;Austria;Total;2.762
Total nacional;Murcia, Región de;Austria;Enero;155
Total nacional;Murcia, Región de;Austria;Febrero;109
Total nacional;Murcia, Región de;Austria;Marzo;216
Total nacional;Murcia, Región de;Austria;Abril;503
Total nacional;Murcia, Región de;Austria;Mayo;265
Total nacional;Murcia, Región de;Austria;Junio;161
Total nacional;Murcia, Región de;Austria;Julio;401
Total nacional;Murcia, Región de;Austria;Agosto;136
Total nacional;Murcia, Región de;Austria;Septiembre;178
Total nacional;Murcia, Región de;Austria;Octubre;292
Total nacional;Murcia, Región de;Austria;Noviembre;156
Total nacional;Murcia, Región de;Austria;Diciembre;189
Total nacional;Murcia, Región de;Bélgica;Total;21.977
Total nacional;Murcia, Región de;Bélgica;Enero;1.819
Total nacional;Murcia, Región de;Bélgica;Febrero;1.103
Total nacional;Murcia, Región de;Bélgica;Marzo;2.352
Total nacional;Murcia, Región de;Bélgica;Abril;1.672
Total nacional;Murcia, Región de;Bélgica;Mayo;1.637
Total nacional;Murcia, Región de;Bélgica;Junio;2.125
Total nacional;Murcia, Región de;Bélgica;Julio;2.328
Total nacional;Murcia, Región de;Bélgica;Agosto;1.557
Total nacional;Murcia, Región de;Bélgica;Septiembre;2.096
Total nacional;Murcia, Región de;Bélgica;Octubre;2.989
Total nacional;Murcia, Región de;Bélgica;Noviembre;1.518
Total nacional;Murcia, Región de;Bélgica;Diciembre;782
Total nacional;Murcia, Región de;Dinamarca;Total;9.648
Total nacional;Murcia, Región de;Dinamarca;Enero;321
Total nacional;Murcia, Región de;Dinamarca;Febrero;526
Total nacional;Murcia, Región de;Dinamarca;Marzo;1.695
Total nacional;Murcia, Región de;Dinamarca;Abril;327
Total nacional;Murcia, Región de;Dinamarca;Mayo;1.768
Total nacional;Murcia, Región de;Dinamarca;Junio;417
Total nacional;Murcia, Región de;Dinamarca;Julio;2.101
Total nacional;Murcia, Región de;Dinamarca;Agosto;508
Total nacional;Murcia, Región de;Dinamarca;Septiembre;704
Total nacional;Murcia, Región de;Dinamarca;Octubre;872
Total nacional;Murcia, Región de;Dinamarca;Noviembre;290
Total nacional;Murcia, Región de;Dinamarca;Diciembre;117
Total nacional;Murcia, Región de;Finlandia;Total;11.492
Total nacional;Murcia, Región de;Finlandia;Enero;969
Total nacional;Murcia, Región de;Finlandia;Febrero;773
Total nacional;Murcia, Región de;Finlandia;Marzo;1.927
Total nacional;Murcia, Región de;Finlandia;Abril;693
Total nacional;Murcia, Región de;Finlandia;Mayo;313
Total nacional;Murcia, Región de;Finlandia;Junio;290
Total nacional;Murcia, Región de;Finlandia;Julio;498
Total nacional;Murcia, Región de;Finlandia;Agosto;110
Total nacional;Murcia, Región de;Finlandia;Septiembre;371
Total nacional;Murcia, Región de;Finlandia;Octubre;2.832
Total nacional;Murcia, Región de;Finlandia;Noviembre;2.249
Total nacional;Murcia, Región de;Finlandia;Diciembre;469
Total nacional;Murcia, Región de;Francia;Total;59.631
Total nacional;Murcia, Región de;Francia;Enero;2.694
Total nacional;Murcia, Región de;Francia;Febrero;3.570
Total nacional;Murcia, Región de;Francia;Marzo;3.297
Total nacional;Murcia, Región de;Francia;Abril;5.133
Total nacional;Murcia, Región de;Francia;Mayo;4.874
Total nacional;Murcia, Región de;Francia;Junio;4.256
Total nacional;Murcia, Región de;Francia;Julio;7.921
Total nacional;Murcia, Región de;Francia;Agosto;12.158
Total nacional;Murcia, Región de;Francia;Septiembre;6.100
Total nacional;Murcia, Región de;Francia;Octubre;4.539
Total nacional;Murcia, Región de;Francia;Noviembre;3.054
Total nacional;Murcia, Región de;Francia;Diciembre;2.034
Total nacional;Murcia, Región de;Grecia;Total;1.532
Total nacional;Murcia, Región de;Grecia;Enero;62
Total nacional;Murcia, Región de;Grecia;Febrero;71
Total nacional;Murcia, Región de;Grecia;Marzo;118
Total nacional;Murcia, Región de;Grecia;Abril;220
Total nacional;Murcia, Región de;Grecia;Mayo;111
Total nacional;Murcia, Región de;Grecia;Junio;143
Total nacional;Murcia, Región de;Grecia;Julio;165
Total nacional;Murcia, Región de;Grecia;Agosto;99
Total nacional;Murcia, Región de;Grecia;Septiembre;86
Total nacional;Murcia, Región de;Grecia;Octubre;268
Total nacional;Murcia, Región de;Grecia;Noviembre;115
Total nacional;Murcia, Región de;Grecia;Diciembre;72
Total nacional;Murcia, Región de;Irlanda;Total;29.490
Total nacional;Murcia, Región de;Irlanda;Enero;846
Total nacional;Murcia, Región de;Irlanda;Febrero;2.041
Total nacional;Murcia, Región de;Irlanda;Marzo;1.324
Total nacional;Murcia, Región de;Irlanda;Abril;2.609
Total nacional;Murcia, Región de;Irlanda;Mayo;4.064
Total nacional;Murcia, Región de;Irlanda;Junio;4.289
Total nacional;Murcia, Región de;Irlanda;Julio;3.466
Total nacional;Murcia, Región de;Irlanda;Agosto;2.161
Total nacional;Murcia, Región de;Irlanda;Septiembre;3.943
Total nacional;Murcia, Región de;Irlanda;Octubre;3.297
Total nacional;Murcia, Región de;Irlanda;Noviembre;859
Total nacional;Murcia, Región de;Irlanda;Diciembre;590
Total nacional;Murcia, Región de;Italia;Total;35.605
Total nacional;Murcia, Región de;Italia;Enero;2.036
Total nacional;Murcia, Región de;Italia;Febrero;3.011
Total nacional;Murcia, Región de;Italia;Marzo;2.515
Total nacional;Murcia, Región de;Italia;Abril;2.962
Total nacional;Murcia, Región de;Italia;Mayo;2.711
Total nacional;Murcia, Región de;Italia;Junio;2.584
Total nacional;Murcia, Región de;Italia;Julio;3.666
Total nacional;Murcia, Región de;Italia;Agosto;5.803
Total nacional;Murcia, Región de;Italia;Septiembre;2.741
Total nacional;Murcia, Región de;Italia;Octubre;2.853
Total nacional;Murcia, Región de;Italia;Noviembre;2.331
Total nacional;Murcia, Región de;Italia;Diciembre;2.392
Total nacional;Murcia, Región de;Luxemburgo;Total;516
Total nacional;Murcia, Región de;Luxemburgo;Enero;47
Total nacional;Murcia, Región de;Luxemburgo;Febrero;..
Total nacional;Murcia, Región de;Luxemburgo;Marzo;..
Total nacional;Murcia, Región de;Luxemburgo;Abril;59
Total nacional;Murcia, Región de;Luxemburgo;Mayo;..
Total nacional;Murcia, Región de;Luxemburgo;Junio;114
Total nacional;Murcia, Región de;Luxemburgo;Julio;30
Total nacional;Murcia, Región de;Luxemburgo;Agosto;102
Total nacional;Murcia, Región de;Luxemburgo;Septiembre;..
Total nacional;Murcia, Región de;Luxemburgo;Octubre;..
Total nacional;Murcia, Región de;Luxemburgo;Noviembre;87
Total nacional;Murcia, Región de;Luxemburgo;Diciembre;27
Total nacional;Murcia, Región de;Países Bajos;Total;27.385
Total nacional;Murcia, Región de;Países Bajos;Enero;2.274
Total nacional;Murcia, Región de;Países Bajos;Febrero;1.994
Total nacional;Murcia, Región de;Países Bajos;Marzo;2.316
Total nacional;Murcia, Región de;Países Bajos;Abril;2.184
Total nacional;Murcia, Región de;Países Bajos;Mayo;2.383
Total nacional;Murcia, Región de;Países Bajos;Junio;2.366
Total nacional;Murcia, Región de;Países Bajos;Julio;2.465
Total nacional;Murcia, Región de;Países Bajos;Agosto;2.295
Total nacional;Murcia, Región de;Países Bajos;Septiembre;3.066
Total nacional;Murcia, Región de;Países Bajos;Octubre;3.137
Total nacional;Murcia, Región de;Países Bajos;Noviembre;1.673
Total nacional;Murcia, Región de;Países Bajos;Diciembre;1.231
Total nacional;Murcia, Región de;Polonia;Total;11.650
Total nacional;Murcia, Región de;Polonia;Enero;589
Total nacional;Murcia, Región de;Polonia;Febrero;1.260
Total nacional;Murcia, Región de;Polonia;Marzo;674
Total nacional;Murcia, Región de;Polonia;Abril;1.215
Total nacional;Murcia, Región de;Polonia;Mayo;1.731
Total nacional;Murcia, Región de;Polonia;Junio;1.008
Total nacional;Murcia, Región de;Polonia;Julio;1.293
Total nacional;Murcia, Región de;Polonia;Agosto;934
Total nacional;Murcia, Región de;Polonia;Septiembre;1.360
Total nacional;Murcia, Región de;Polonia;Octubre;550
Total nacional;Murcia, Región de;Polonia;Noviembre;809
Total nacional;Murcia, Región de;Polonia;Diciembre;227
Total nacional;Murcia, Región de;Portugal;Total;37.952
Total nacional;Murcia, Región de;Portugal;Enero;597
Total nacional;Murcia, Región de;Portugal;Febrero;1.775
Total nacional;Murcia, Región de;Portugal;Marzo;798
Total nacional;Murcia, Región de;Portugal;Abril;1.605
Total nacional;Murcia, Región de;Portugal;Mayo;2.453
Total nacional;Murcia, Región de;Portugal;Junio;6.152
Total nacional;Murcia, Región de;Portugal;Julio;4.955
Total nacional;Murcia, Región de;Portugal;Agosto;8.611
Total nacional;Murcia, Región de;Portugal;Septiembre;7.878
Total nacional;Murcia, Región de;Portugal;Octubre;1.218
Total nacional;Murcia, Región de;Portugal;Noviembre;1.162
Total nacional;Murcia, Región de;Portugal;Diciembre;749
Total nacional;Murcia, Región de;Reino Unido;Total;231.532
Total nacional;Murcia, Región de;Reino Unido;Enero;8.459
Total nacional;Murcia, Región de;Reino Unido;Febrero;8.920
Total nacional;Murcia, Región de;Reino Unido;Marzo;14.291
Total nacional;Murcia, Región de;Reino Unido;Abril;20.717
Total nacional;Murcia, Región de;Reino Unido;Mayo;21.923
Total nacional;Murcia, Región de;Reino Unido;Junio;29.171
Total nacional;Murcia, Región de;Reino Unido;Julio;28.622
Total nacional;Murcia, Región de;Reino Unido;Agosto;28.593
Total nacional;Murcia, Región de;Reino Unido;Septiembre;28.760
Total nacional;Murcia, Región de;Reino Unido;Octubre;25.956
Total nacional;Murcia, Región de;Reino Unido;Noviembre;9.070
Total nacional;Murcia, Región de;Reino Unido;Diciembre;7.049
Total nacional;Murcia, Región de;República Checa;Total;47.694
Total nacional;Murcia, Región de;República Checa;Enero;63
Total nacional;Murcia, Región de;República Checa;Febrero;967
Total nacional;Murcia, Región de;República Checa;Marzo;723
Total nacional;Murcia, Región de;República Checa;Abril;195
Total nacional;Murcia, Región de;República Checa;Mayo;4.962
Total nacional;Murcia, Región de;República Checa;Junio;11.756
Total nacional;Murcia, Región de;República Checa;Julio;1.634
Total nacional;Murcia, Región de;República Checa;Agosto;2.463
Total nacional;Murcia, Región de;República Checa;Septiembre;23.605
Total nacional;Murcia, Región de;República Checa;Octubre;1.115
Total nacional;Murcia, Región de;República Checa;Noviembre;100
Total nacional;Murcia, Región de;República Checa;Diciembre;111
Total nacional;Murcia, Región de;Suecia;Total;17.699
Total nacional;Murcia, Región de;Suecia;Enero;1.531
Total nacional;Murcia, Región de;Suecia;Febrero;1.760
Total nacional;Murcia, Región de;Suecia;Marzo;1.981
Total nacional;Murcia, Región de;Suecia;Abril;2.220
Total nacional;Murcia, Región de;Suecia;Mayo;1.375
Total nacional;Murcia, Región de;Suecia;Junio;760
Total nacional;Murcia, Región de;Suecia;Julio;1.088
Total nacional;Murcia, Región de;Suecia;Agosto;619
Total nacional;Murcia, Región de;Suecia;Septiembre;1.485
Total nacional;Murcia, Región de;Suecia;Octubre;2.088
Total nacional;Murcia, Región de;Suecia;Noviembre;2.398
Total nacional;Murcia, Región de;Suecia;Diciembre;392
Total nacional;Murcia, Región de;Noruega;Total;24.331
Total nacional;Murcia, Región de;Noruega;Enero;3.090
Total nacional;Murcia, Región de;Noruega;Febrero;3.467
Total nacional;Murcia, Región de;Noruega;Marzo;6.202
Total nacional;Murcia, Región de;Noruega;Abril;1.049
Total nacional;Murcia, Región de;Noruega;Mayo;3.930
Total nacional;Murcia, Región de;Noruega;Junio;411
Total nacional;Murcia, Región de;Noruega;Julio;1.821
Total nacional;Murcia, Región de;Noruega;Agosto;848
Total nacional;Murcia, Región de;Noruega;Septiembre;1.322
Total nacional;Murcia, Región de;Noruega;Octubre;982
Total nacional;Murcia, Región de;Noruega;Noviembre;679
Total nacional;Murcia, Región de;Noruega;Diciembre;533
Total nacional;Murcia, Región de;Rusia;Total;17.166
Total nacional;Murcia, Región de;Rusia;Enero;1.720
Total nacional;Murcia, Región de;Rusia;Febrero;849
Total nacional;Murcia, Región de;Rusia;Marzo;699
Total nacional;Murcia, Región de;Rusia;Abril;1.199
Total nacional;Murcia, Región de;Rusia;Mayo;1.383
Total nacional;Murcia, Región de;Rusia;Junio;2.329
Total nacional;Murcia, Región de;Rusia;Julio;1.499
Total nacional;Murcia, Región de;Rusia;Agosto;1.944
Total nacional;Murcia, Región de;Rusia;Septiembre;2.379
Total nacional;Murcia, Región de;Rusia;Octubre;1.833
Total nacional;Murcia, Región de;Rusia;Noviembre;687
Total nacional;Murcia, Región de;Rusia;Diciembre;646
Total nacional;Murcia, Región de;Suiza;Total;14.738
Total nacional;Murcia, Región de;Suiza;Enero;2.059
Total nacional;Murcia, Región de;Suiza;Febrero;1.467
Total nacional;Murcia, Región de;Suiza;Marzo;2.474
Total nacional;Murcia, Región de;Suiza;Abril;1.533
Total nacional;Murcia, Región de;Suiza;Mayo;1.053
Total nacional;Murcia, Región de;Suiza;Junio;557
Total nacional;Murcia, Región de;Suiza;Julio;1.258
Total nacional;Murcia, Región de;Suiza;Agosto;605
Total nacional;Murcia, Región de;Suiza;Septiembre;1.120
Total nacional;Murcia, Región de;Suiza;Octubre;1.307
Total nacional;Murcia, Región de;Suiza;Noviembre;519
Total nacional;Murcia, Región de;Suiza;Diciembre;785
Total nacional;Murcia, Región de;Resto de Europa sin U.E.;Total;20.286
Total nacional;Murcia, Región de;Resto de Europa sin U.E.;Enero;1.391
Total nacional;Murcia, Región de;Resto de Europa sin U.E.;Febrero;2.193
Total nacional;Murcia, Región de;Resto de Europa sin U.E.;Marzo;755
Total nacional;Murcia, Región de;Resto de Europa sin U.E.;Abril;2.091
Total nacional;Murcia, Región de;Resto de Europa sin U.E.;Mayo;1.943
Total nacional;Murcia, Región de;Resto de Europa sin U.E.;Junio;1.210
Total nacional;Murcia, Región de;Resto de Europa sin U.E.;Julio;2.190
Total nacional;Murcia, Región de;Resto de Europa sin U.E.;Agosto;1.762
Total nacional;Murcia, Región de;Resto de Europa sin U.E.;Septiembre;971
Total nacional;Murcia, Región de;Resto de Europa sin U.E.;Octubre;2.913
Total nacional;Murcia, Región de;Resto de Europa sin U.E.;Noviembre;1.362
Total nacional;Murcia, Región de;Resto de Europa sin U.E.;Diciembre;1.508
Total nacional;Murcia, Región de;Japón;Total;2.472
Total nacional;Murcia, Región de;Japón;Enero;174
Total nacional;Murcia, Región de;Japón;Febrero;424
Total nacional;Murcia, Región de;Japón;Marzo;137
Total nacional;Murcia, Región de;Japón;Abril;138
Total nacional;Murcia, Región de;Japón;Mayo;200
Total nacional;Murcia, Región de;Japón;Junio;270
Total nacional;Murcia, Región de;Japón;Julio;222
Total nacional;Murcia, Región de;Japón;Agosto;217
Total nacional;Murcia, Región de;Japón;Septiembre;180
Total nacional;Murcia, Región de;Japón;Octubre;239
Total nacional;Murcia, Región de;Japón;Noviembre;160
Total nacional;Murcia, Región de;Japón;Diciembre;111
Total nacional;Murcia, Región de;Estados Unidos;Total;13.697
Total nacional;Murcia, Región de;Estados Unidos;Enero;453
Total nacional;Murcia, Región de;Estados Unidos;Febrero;1.228
Total nacional;Murcia, Región de;Estados Unidos;Marzo;785
Total nacional;Murcia, Región de;Estados Unidos;Abril;855
Total nacional;Murcia, Región de;Estados Unidos;Mayo;2.088
Total nacional;Murcia, Región de;Estados Unidos;Junio;1.404
Total nacional;Murcia, Región de;Estados Unidos;Julio;1.472
Total nacional;Murcia, Región de;Estados Unidos;Agosto;778
Total nacional;Murcia, Región de;Estados Unidos;Septiembre;1.667
Total nacional;Murcia, Región de;Estados Unidos;Octubre;1.402
Total nacional;Murcia, Región de;Estados Unidos;Noviembre;864
Total nacional;Murcia, Región de;Estados Unidos;Diciembre;701
Total nacional;Murcia, Región de;Resto de América;Total;36.049
Total nacional;Murcia, Región de;Resto de América;Enero;1.519
Total nacional;Murcia, Región de;Resto de América;Febrero;2.032
Total nacional;Murcia, Región de;Resto de América;Marzo;3.499
Total nacional;Murcia, Región de;Resto de América;Abril;2.985
Total nacional;Murcia, Región de;Resto de América;Mayo;2.828
Total nacional;Murcia, Región de;Resto de América;Junio;3.538
Total nacional;Murcia, Región de;Resto de América;Julio;3.590
Total nacional;Murcia, Región de;Resto de América;Agosto;4.454
Total nacional;Murcia, Región de;Resto de América;Septiembre;3.633
Total nacional;Murcia, Región de;Resto de América;Octubre;3.495
Total nacional;Murcia, Región de;Resto de América;Noviembre;2.414
Total nacional;Murcia, Región de;Resto de América;Diciembre;2.063
Total nacional;Murcia, Región de;Países africanos;Total;22.434
Total nacional;Murcia, Región de;Países africanos;Enero;1.123
Total nacional;Murcia, Región de;Países africanos;Febrero;1.208
Total nacional;Murcia, Región de;Países africanos;Marzo;1.524
Total nacional;Murcia, Región de;Países africanos;Abril;1.185
Total nacional;Murcia, Región de;Países africanos;Mayo;1.580
Total nacional;Murcia, Región de;Países africanos;Junio;1.705
Total nacional;Murcia, Región de;Países africanos;Julio;2.666
Total nacional;Murcia, Región de;Países africanos;Agosto;4.401
Total nacional;Murcia, Región de;Países africanos;Septiembre;2.028
Total nacional;Murcia, Región de;Países africanos;Octubre;1.549
Total nacional;Murcia, Región de;Países africanos;Noviembre;2.124
Total nacional;Murcia, Región de;Países africanos;Diciembre;1.340
Total nacional;Navarra, Comunidad Foral de;Total;Total;1.901.684
Total nacional;Navarra, Comunidad Foral de;Total;Enero;73.414
Total nacional;Navarra, Comunidad Foral de;Total;Febrero;86.910
Total nacional;Navarra, Comunidad Foral de;Total;Marzo;126.996
Total nacional;Navarra, Comunidad Foral de;Total;Abril;182.847
Total nacional;Navarra, Comunidad Foral de;Total;Mayo;178.451
Total nacional;Navarra, Comunidad Foral de;Total;Junio;169.205
Total nacional;Navarra, Comunidad Foral de;Total;Julio;208.647
Total nacional;Navarra, Comunidad Foral de;Total;Agosto;256.052
Total nacional;Navarra, Comunidad Foral de;Total;Septiembre;201.781
Total nacional;Navarra, Comunidad Foral de;Total;Octubre;181.566
Total nacional;Navarra, Comunidad Foral de;Total;Noviembre;130.190
Total nacional;Navarra, Comunidad Foral de;Total;Diciembre;105.625
Total nacional;Navarra, Comunidad Foral de;Residentes en España;Total;1.451.085
Total nacional;Navarra, Comunidad Foral de;Residentes en España;Enero;58.978
Total nacional;Navarra, Comunidad Foral de;Residentes en España;Febrero;72.247
Total nacional;Navarra, Comunidad Foral de;Residentes en España;Marzo;106.848
Total nacional;Navarra, Comunidad Foral de;Residentes en España;Abril;147.053
Total nacional;Navarra, Comunidad Foral de;Residentes en España;Mayo;126.358
Total nacional;Navarra, Comunidad Foral de;Residentes en España;Junio;117.986
Total nacional;Navarra, Comunidad Foral de;Residentes en España;Julio;144.069
Total nacional;Navarra, Comunidad Foral de;Residentes en España;Agosto;193.463
Total nacional;Navarra, Comunidad Foral de;Residentes en España;Septiembre;142.324
Total nacional;Navarra, Comunidad Foral de;Residentes en España;Octubre;144.153
Total nacional;Navarra, Comunidad Foral de;Residentes en España;Noviembre;109.137
Total nacional;Navarra, Comunidad Foral de;Residentes en España;Diciembre;88.470
Total nacional;Navarra, Comunidad Foral de;No residentes en España;Total;450.598
Total nacional;Navarra, Comunidad Foral de;No residentes en España;Enero;14.436
Total nacional;Navarra, Comunidad Foral de;No residentes en España;Febrero;14.663
Total nacional;Navarra, Comunidad Foral de;No residentes en España;Marzo;20.148
Total nacional;Navarra, Comunidad Foral de;No residentes en España;Abril;35.794
Total nacional;Navarra, Comunidad Foral de;No residentes en España;Mayo;52.093
Total nacional;Navarra, Comunidad Foral de;No residentes en España;Junio;51.219
Total nacional;Navarra, Comunidad Foral de;No residentes en España;Julio;64.578
Total nacional;Navarra, Comunidad Foral de;No residentes en España;Agosto;62.589
Total nacional;Navarra, Comunidad Foral de;No residentes en España;Septiembre;59.457
Total nacional;Navarra, Comunidad Foral de;No residentes en España;Octubre;37.413
Total nacional;Navarra, Comunidad Foral de;No residentes en España;Noviembre;21.053
Total nacional;Navarra, Comunidad Foral de;No residentes en España;Diciembre;17.154
Total nacional;Navarra, Comunidad Foral de;Unión Europea (sin España);Total;311.398
Total nacional;Navarra, Comunidad Foral de;Unión Europea (sin España);Enero;10.145
Total nacional;Navarra, Comunidad Foral de;Unión Europea (sin España);Febrero;10.756
Total nacional;Navarra, Comunidad Foral de;Unión Europea (sin España);Marzo;12.979
Total nacional;Navarra, Comunidad Foral de;Unión Europea (sin España);Abril;25.008
Total nacional;Navarra, Comunidad Foral de;Unión Europea (sin España);Mayo;37.703
Total nacional;Navarra, Comunidad Foral de;Unión Europea (sin España);Junio;34.837
Total nacional;Navarra, Comunidad Foral de;Unión Europea (sin España);Julio;38.919
Total nacional;Navarra, Comunidad Foral de;Unión Europea (sin España);Agosto;47.470
Total nacional;Navarra, Comunidad Foral de;Unión Europea (sin España);Septiembre;39.006
Total nacional;Navarra, Comunidad Foral de;Unión Europea (sin España);Octubre;26.826
Total nacional;Navarra, Comunidad Foral de;Unión Europea (sin España);Noviembre;15.035
Total nacional;Navarra, Comunidad Foral de;Unión Europea (sin España);Diciembre;12.714
Total nacional;Navarra, Comunidad Foral de;Alemania;Total;46.343
Total nacional;Navarra, Comunidad Foral de;Alemania;Enero;1.594
Total nacional;Navarra, Comunidad Foral de;Alemania;Febrero;1.834
Total nacional;Navarra, Comunidad Foral de;Alemania;Marzo;2.720
Total nacional;Navarra, Comunidad Foral de;Alemania;Abril;3.955
Total nacional;Navarra, Comunidad Foral de;Alemania;Mayo;4.745
Total nacional;Navarra, Comunidad Foral de;Alemania;Junio;5.590
Total nacional;Navarra, Comunidad Foral de;Alemania;Julio;4.067
Total nacional;Navarra, Comunidad Foral de;Alemania;Agosto;5.652
Total nacional;Navarra, Comunidad Foral de;Alemania;Septiembre;6.480
Total nacional;Navarra, Comunidad Foral de;Alemania;Octubre;4.966
Total nacional;Navarra, Comunidad Foral de;Alemania;Noviembre;2.813
Total nacional;Navarra, Comunidad Foral de;Alemania;Diciembre;1.927
Total nacional;Navarra, Comunidad Foral de;Austria;Total;5.984
Total nacional;Navarra, Comunidad Foral de;Austria;Enero;123
Total nacional;Navarra, Comunidad Foral de;Austria;Febrero;200
Total nacional;Navarra, Comunidad Foral de;Austria;Marzo;424
Total nacional;Navarra, Comunidad Foral de;Austria;Abril;395
Total nacional;Navarra, Comunidad Foral de;Austria;Mayo;674
Total nacional;Navarra, Comunidad Foral de;Austria;Junio;882
Total nacional;Navarra, Comunidad Foral de;Austria;Julio;395
Total nacional;Navarra, Comunidad Foral de;Austria;Agosto;650
Total nacional;Navarra, Comunidad Foral de;Austria;Septiembre;1.052
Total nacional;Navarra, Comunidad Foral de;Austria;Octubre;813
Total nacional;Navarra, Comunidad Foral de;Austria;Noviembre;245
Total nacional;Navarra, Comunidad Foral de;Austria;Diciembre;131
Total nacional;Navarra, Comunidad Foral de;Bélgica;Total;8.951
Total nacional;Navarra, Comunidad Foral de;Bélgica;Enero;204
Total nacional;Navarra, Comunidad Foral de;Bélgica;Febrero;323
Total nacional;Navarra, Comunidad Foral de;Bélgica;Marzo;202
Total nacional;Navarra, Comunidad Foral de;Bélgica;Abril;426
Total nacional;Navarra, Comunidad Foral de;Bélgica;Mayo;867
Total nacional;Navarra, Comunidad Foral de;Bélgica;Junio;1.037
Total nacional;Navarra, Comunidad Foral de;Bélgica;Julio;2.240
Total nacional;Navarra, Comunidad Foral de;Bélgica;Agosto;1.509
Total nacional;Navarra, Comunidad Foral de;Bélgica;Septiembre;1.195
Total nacional;Navarra, Comunidad Foral de;Bélgica;Octubre;550
Total nacional;Navarra, Comunidad Foral de;Bélgica;Noviembre;219
Total nacional;Navarra, Comunidad Foral de;Bélgica;Diciembre;179
Total nacional;Navarra, Comunidad Foral de;Dinamarca;Total;4.718
Total nacional;Navarra, Comunidad Foral de;Dinamarca;Enero;54
Total nacional;Navarra, Comunidad Foral de;Dinamarca;Febrero;93
Total nacional;Navarra, Comunidad Foral de;Dinamarca;Marzo;183
Total nacional;Navarra, Comunidad Foral de;Dinamarca;Abril;498
Total nacional;Navarra, Comunidad Foral de;Dinamarca;Mayo;556
Total nacional;Navarra, Comunidad Foral de;Dinamarca;Junio;456
Total nacional;Navarra, Comunidad Foral de;Dinamarca;Julio;482
Total nacional;Navarra, Comunidad Foral de;Dinamarca;Agosto;643
Total nacional;Navarra, Comunidad Foral de;Dinamarca;Septiembre;703
Total nacional;Navarra, Comunidad Foral de;Dinamarca;Octubre;488
Total nacional;Navarra, Comunidad Foral de;Dinamarca;Noviembre;271
Total nacional;Navarra, Comunidad Foral de;Dinamarca;Diciembre;291
Total nacional;Navarra, Comunidad Foral de;Finlandia;Total;2.289
Total nacional;Navarra, Comunidad Foral de;Finlandia;Enero;82
Total nacional;Navarra, Comunidad Foral de;Finlandia;Febrero;164
Total nacional;Navarra, Comunidad Foral de;Finlandia;Marzo;245
Total nacional;Navarra, Comunidad Foral de;Finlandia;Abril;130
Total nacional;Navarra, Comunidad Foral de;Finlandia;Mayo;196
Total nacional;Navarra, Comunidad Foral de;Finlandia;Junio;179
Total nacional;Navarra, Comunidad Foral de;Finlandia;Julio;84
Total nacional;Navarra, Comunidad Foral de;Finlandia;Agosto;121
Total nacional;Navarra, Comunidad Foral de;Finlandia;Septiembre;218
Total nacional;Navarra, Comunidad Foral de;Finlandia;Octubre;726
Total nacional;Navarra, Comunidad Foral de;Finlandia;Noviembre;108
Total nacional;Navarra, Comunidad Foral de;Finlandia;Diciembre;36
Total nacional;Navarra, Comunidad Foral de;Francia;Total;112.671
Total nacional;Navarra, Comunidad Foral de;Francia;Enero;2.664
Total nacional;Navarra, Comunidad Foral de;Francia;Febrero;3.267
Total nacional;Navarra, Comunidad Foral de;Francia;Marzo;3.474
Total nacional;Navarra, Comunidad Foral de;Francia;Abril;10.035
Total nacional;Navarra, Comunidad Foral de;Francia;Mayo;15.385
Total nacional;Navarra, Comunidad Foral de;Francia;Junio;9.120
Total nacional;Navarra, Comunidad Foral de;Francia;Julio;14.430
Total nacional;Navarra, Comunidad Foral de;Francia;Agosto;20.730
Total nacional;Navarra, Comunidad Foral de;Francia;Septiembre;12.828
Total nacional;Navarra, Comunidad Foral de;Francia;Octubre;9.907
Total nacional;Navarra, Comunidad Foral de;Francia;Noviembre;5.091
Total nacional;Navarra, Comunidad Foral de;Francia;Diciembre;5.740
Total nacional;Navarra, Comunidad Foral de;Grecia;Total;694
Total nacional;Navarra, Comunidad Foral de;Grecia;Enero;..
Total nacional;Navarra, Comunidad Foral de;Grecia;Febrero;33
Total nacional;Navarra, Comunidad Foral de;Grecia;Marzo;41
Total nacional;Navarra, Comunidad Foral de;Grecia;Abril;69
Total nacional;Navarra, Comunidad Foral de;Grecia;Mayo;128
Total nacional;Navarra, Comunidad Foral de;Grecia;Junio;39
Total nacional;Navarra, Comunidad Foral de;Grecia;Julio;84
Total nacional;Navarra, Comunidad Foral de;Grecia;Agosto;29
Total nacional;Navarra, Comunidad Foral de;Grecia;Septiembre;102
Total nacional;Navarra, Comunidad Foral de;Grecia;Octubre;138
Total nacional;Navarra, Comunidad Foral de;Grecia;Noviembre;..
Total nacional;Navarra, Comunidad Foral de;Grecia;Diciembre;..
Total nacional;Navarra, Comunidad Foral de;Irlanda;Total;12.192
Total nacional;Navarra, Comunidad Foral de;Irlanda;Enero;160
Total nacional;Navarra, Comunidad Foral de;Irlanda;Febrero;126
Total nacional;Navarra, Comunidad Foral de;Irlanda;Marzo;274
Total nacional;Navarra, Comunidad Foral de;Irlanda;Abril;798
Total nacional;Navarra, Comunidad Foral de;Irlanda;Mayo;1.939
Total nacional;Navarra, Comunidad Foral de;Irlanda;Junio;2.920
Total nacional;Navarra, Comunidad Foral de;Irlanda;Julio;1.285
Total nacional;Navarra, Comunidad Foral de;Irlanda;Agosto;1.261
Total nacional;Navarra, Comunidad Foral de;Irlanda;Septiembre;2.114
Total nacional;Navarra, Comunidad Foral de;Irlanda;Octubre;803
Total nacional;Navarra, Comunidad Foral de;Irlanda;Noviembre;386
Total nacional;Navarra, Comunidad Foral de;Irlanda;Diciembre;125
Total nacional;Navarra, Comunidad Foral de;Italia;Total;29.223
Total nacional;Navarra, Comunidad Foral de;Italia;Enero;1.219
Total nacional;Navarra, Comunidad Foral de;Italia;Febrero;1.265
Total nacional;Navarra, Comunidad Foral de;Italia;Marzo;1.427
Total nacional;Navarra, Comunidad Foral de;Italia;Abril;2.496
Total nacional;Navarra, Comunidad Foral de;Italia;Mayo;3.083
Total nacional;Navarra, Comunidad Foral de;Italia;Junio;2.729
Total nacional;Navarra, Comunidad Foral de;Italia;Julio;3.724
Total nacional;Navarra, Comunidad Foral de;Italia;Agosto;6.200
Total nacional;Navarra, Comunidad Foral de;Italia;Septiembre;2.571
Total nacional;Navarra, Comunidad Foral de;Italia;Octubre;1.802
Total nacional;Navarra, Comunidad Foral de;Italia;Noviembre;1.431
Total nacional;Navarra, Comunidad Foral de;Italia;Diciembre;1.275
Total nacional;Navarra, Comunidad Foral de;Luxemburgo;Total;1.470
Total nacional;Navarra, Comunidad Foral de;Luxemburgo;Enero;50
Total nacional;Navarra, Comunidad Foral de;Luxemburgo;Febrero;104
Total nacional;Navarra, Comunidad Foral de;Luxemburgo;Marzo;83
Total nacional;Navarra, Comunidad Foral de;Luxemburgo;Abril;150
Total nacional;Navarra, Comunidad Foral de;Luxemburgo;Mayo;88
Total nacional;Navarra, Comunidad Foral de;Luxemburgo;Junio;102
Total nacional;Navarra, Comunidad Foral de;Luxemburgo;Julio;39
Total nacional;Navarra, Comunidad Foral de;Luxemburgo;Agosto;484
Total nacional;Navarra, Comunidad Foral de;Luxemburgo;Septiembre;165
Total nacional;Navarra, Comunidad Foral de;Luxemburgo;Octubre;102
Total nacional;Navarra, Comunidad Foral de;Luxemburgo;Noviembre;69
Total nacional;Navarra, Comunidad Foral de;Luxemburgo;Diciembre;34
Total nacional;Navarra, Comunidad Foral de;Países Bajos;Total;11.467
Total nacional;Navarra, Comunidad Foral de;Países Bajos;Enero;346
Total nacional;Navarra, Comunidad Foral de;Países Bajos;Febrero;392
Total nacional;Navarra, Comunidad Foral de;Países Bajos;Marzo;291
Total nacional;Navarra, Comunidad Foral de;Países Bajos;Abril;622
Total nacional;Navarra, Comunidad Foral de;Países Bajos;Mayo;1.383
Total nacional;Navarra, Comunidad Foral de;Países Bajos;Junio;1.710
Total nacional;Navarra, Comunidad Foral de;Países Bajos;Julio;2.046
Total nacional;Navarra, Comunidad Foral de;Países Bajos;Agosto;1.775
Total nacional;Navarra, Comunidad Foral de;Países Bajos;Septiembre;1.283
Total nacional;Navarra, Comunidad Foral de;Países Bajos;Octubre;721
Total nacional;Navarra, Comunidad Foral de;Países Bajos;Noviembre;725
Total nacional;Navarra, Comunidad Foral de;Países Bajos;Diciembre;176
Total nacional;Navarra, Comunidad Foral de;Polonia;Total;5.894
Total nacional;Navarra, Comunidad Foral de;Polonia;Enero;419
Total nacional;Navarra, Comunidad Foral de;Polonia;Febrero;567
Total nacional;Navarra, Comunidad Foral de;Polonia;Marzo;260
Total nacional;Navarra, Comunidad Foral de;Polonia;Abril;411
Total nacional;Navarra, Comunidad Foral de;Polonia;Mayo;482
Total nacional;Navarra, Comunidad Foral de;Polonia;Junio;953
Total nacional;Navarra, Comunidad Foral de;Polonia;Julio;871
Total nacional;Navarra, Comunidad Foral de;Polonia;Agosto;592
Total nacional;Navarra, Comunidad Foral de;Polonia;Septiembre;806
Total nacional;Navarra, Comunidad Foral de;Polonia;Octubre;216
Total nacional;Navarra, Comunidad Foral de;Polonia;Noviembre;235
Total nacional;Navarra, Comunidad Foral de;Polonia;Diciembre;83
Total nacional;Navarra, Comunidad Foral de;Portugal;Total;16.685
Total nacional;Navarra, Comunidad Foral de;Portugal;Enero;1.448
Total nacional;Navarra, Comunidad Foral de;Portugal;Febrero;712
Total nacional;Navarra, Comunidad Foral de;Portugal;Marzo;908
Total nacional;Navarra, Comunidad Foral de;Portugal;Abril;1.122
Total nacional;Navarra, Comunidad Foral de;Portugal;Mayo;2.797
Total nacional;Navarra, Comunidad Foral de;Portugal;Junio;1.567
Total nacional;Navarra, Comunidad Foral de;Portugal;Julio;1.482
Total nacional;Navarra, Comunidad Foral de;Portugal;Agosto;1.141
Total nacional;Navarra, Comunidad Foral de;Portugal;Septiembre;2.148
Total nacional;Navarra, Comunidad Foral de;Portugal;Octubre;1.386
Total nacional;Navarra, Comunidad Foral de;Portugal;Noviembre;1.209
Total nacional;Navarra, Comunidad Foral de;Portugal;Diciembre;766
Total nacional;Navarra, Comunidad Foral de;Reino Unido;Total;31.793
Total nacional;Navarra, Comunidad Foral de;Reino Unido;Enero;972
Total nacional;Navarra, Comunidad Foral de;Reino Unido;Febrero;802
Total nacional;Navarra, Comunidad Foral de;Reino Unido;Marzo;1.377
Total nacional;Navarra, Comunidad Foral de;Reino Unido;Abril;2.606
Total nacional;Navarra, Comunidad Foral de;Reino Unido;Mayo;3.588
Total nacional;Navarra, Comunidad Foral de;Reino Unido;Junio;4.786
Total nacional;Navarra, Comunidad Foral de;Reino Unido;Julio;4.168
Total nacional;Navarra, Comunidad Foral de;Reino Unido;Agosto;3.768
Total nacional;Navarra, Comunidad Foral de;Reino Unido;Septiembre;4.747
Total nacional;Navarra, Comunidad Foral de;Reino Unido;Octubre;2.901
Total nacional;Navarra, Comunidad Foral de;Reino Unido;Noviembre;1.174
Total nacional;Navarra, Comunidad Foral de;Reino Unido;Diciembre;904
Total nacional;Navarra, Comunidad Foral de;República Checa;Total;1.504
Total nacional;Navarra, Comunidad Foral de;República Checa;Enero;170
Total nacional;Navarra, Comunidad Foral de;República Checa;Febrero;91
Total nacional;Navarra, Comunidad Foral de;República Checa;Marzo;130
Total nacional;Navarra, Comunidad Foral de;República Checa;Abril;85
Total nacional;Navarra, Comunidad Foral de;República Checa;Mayo;136
Total nacional;Navarra, Comunidad Foral de;República Checa;Junio;65
Total nacional;Navarra, Comunidad Foral de;República Checa;Julio;132
Total nacional;Navarra, Comunidad Foral de;República Checa;Agosto;335
Total nacional;Navarra, Comunidad Foral de;República Checa;Septiembre;131
Total nacional;Navarra, Comunidad Foral de;República Checa;Octubre;138
Total nacional;Navarra, Comunidad Foral de;República Checa;Noviembre;60
Total nacional;Navarra, Comunidad Foral de;República Checa;Diciembre;31
Total nacional;Navarra, Comunidad Foral de;Suecia;Total;3.596
Total nacional;Navarra, Comunidad Foral de;Suecia;Enero;64
Total nacional;Navarra, Comunidad Foral de;Suecia;Febrero;127
Total nacional;Navarra, Comunidad Foral de;Suecia;Marzo;222
Total nacional;Navarra, Comunidad Foral de;Suecia;Abril;256
Total nacional;Navarra, Comunidad Foral de;Suecia;Mayo;389
Total nacional;Navarra, Comunidad Foral de;Suecia;Junio;329
Total nacional;Navarra, Comunidad Foral de;Suecia;Julio;879
Total nacional;Navarra, Comunidad Foral de;Suecia;Agosto;361
Total nacional;Navarra, Comunidad Foral de;Suecia;Septiembre;494
Total nacional;Navarra, Comunidad Foral de;Suecia;Octubre;252
Total nacional;Navarra, Comunidad Foral de;Suecia;Noviembre;125
Total nacional;Navarra, Comunidad Foral de;Suecia;Diciembre;98
Total nacional;Navarra, Comunidad Foral de;Noruega;Total;2.481
Total nacional;Navarra, Comunidad Foral de;Noruega;Enero;26
Total nacional;Navarra, Comunidad Foral de;Noruega;Febrero;..
Total nacional;Navarra, Comunidad Foral de;Noruega;Marzo;163
Total nacional;Navarra, Comunidad Foral de;Noruega;Abril;203
Total nacional;Navarra, Comunidad Foral de;Noruega;Mayo;177
Total nacional;Navarra, Comunidad Foral de;Noruega;Junio;344
Total nacional;Navarra, Comunidad Foral de;Noruega;Julio;478
Total nacional;Navarra, Comunidad Foral de;Noruega;Agosto;235
Total nacional;Navarra, Comunidad Foral de;Noruega;Septiembre;727
Total nacional;Navarra, Comunidad Foral de;Noruega;Octubre;99
Total nacional;Navarra, Comunidad Foral de;Noruega;Noviembre;..
Total nacional;Navarra, Comunidad Foral de;Noruega;Diciembre;..
Total nacional;Navarra, Comunidad Foral de;Rusia;Total;2.874
Total nacional;Navarra, Comunidad Foral de;Rusia;Enero;88
Total nacional;Navarra, Comunidad Foral de;Rusia;Febrero;135
Total nacional;Navarra, Comunidad Foral de;Rusia;Marzo;252
Total nacional;Navarra, Comunidad Foral de;Rusia;Abril;221
Total nacional;Navarra, Comunidad Foral de;Rusia;Mayo;172
Total nacional;Navarra, Comunidad Foral de;Rusia;Junio;461
Total nacional;Navarra, Comunidad Foral de;Rusia;Julio;492
Total nacional;Navarra, Comunidad Foral de;Rusia;Agosto;273
Total nacional;Navarra, Comunidad Foral de;Rusia;Septiembre;277
Total nacional;Navarra, Comunidad Foral de;Rusia;Octubre;124
Total nacional;Navarra, Comunidad Foral de;Rusia;Noviembre;181
Total nacional;Navarra, Comunidad Foral de;Rusia;Diciembre;198
Total nacional;Navarra, Comunidad Foral de;Suiza;Total;6.156
Total nacional;Navarra, Comunidad Foral de;Suiza;Enero;94
Total nacional;Navarra, Comunidad Foral de;Suiza;Febrero;141
Total nacional;Navarra, Comunidad Foral de;Suiza;Marzo;174
Total nacional;Navarra, Comunidad Foral de;Suiza;Abril;326
Total nacional;Navarra, Comunidad Foral de;Suiza;Mayo;683
Total nacional;Navarra, Comunidad Foral de;Suiza;Junio;1.294
Total nacional;Navarra, Comunidad Foral de;Suiza;Julio;1.012
Total nacional;Navarra, Comunidad Foral de;Suiza;Agosto;755
Total nacional;Navarra, Comunidad Foral de;Suiza;Septiembre;946
Total nacional;Navarra, Comunidad Foral de;Suiza;Octubre;424
Total nacional;Navarra, Comunidad Foral de;Suiza;Noviembre;173
Total nacional;Navarra, Comunidad Foral de;Suiza;Diciembre;133
Total nacional;Navarra, Comunidad Foral de;Resto de Europa sin U.E.;Total;8.199
Total nacional;Navarra, Comunidad Foral de;Resto de Europa sin U.E.;Enero;111
Total nacional;Navarra, Comunidad Foral de;Resto de Europa sin U.E.;Febrero;180
Total nacional;Navarra, Comunidad Foral de;Resto de Europa sin U.E.;Marzo;595
Total nacional;Navarra, Comunidad Foral de;Resto de Europa sin U.E.;Abril;628
Total nacional;Navarra, Comunidad Foral de;Resto de Europa sin U.E.;Mayo;838
Total nacional;Navarra, Comunidad Foral de;Resto de Europa sin U.E.;Junio;895
Total nacional;Navarra, Comunidad Foral de;Resto de Europa sin U.E.;Julio;968
Total nacional;Navarra, Comunidad Foral de;Resto de Europa sin U.E.;Agosto;1.194
Total nacional;Navarra, Comunidad Foral de;Resto de Europa sin U.E.;Septiembre;762
Total nacional;Navarra, Comunidad Foral de;Resto de Europa sin U.E.;Octubre;592
Total nacional;Navarra, Comunidad Foral de;Resto de Europa sin U.E.;Noviembre;877
Total nacional;Navarra, Comunidad Foral de;Resto de Europa sin U.E.;Diciembre;559
Total nacional;Navarra, Comunidad Foral de;Japón;Total;4.185
Total nacional;Navarra, Comunidad Foral de;Japón;Enero;328
Total nacional;Navarra, Comunidad Foral de;Japón;Febrero;279
Total nacional;Navarra, Comunidad Foral de;Japón;Marzo;161
Total nacional;Navarra, Comunidad Foral de;Japón;Abril;369
Total nacional;Navarra, Comunidad Foral de;Japón;Mayo;598
Total nacional;Navarra, Comunidad Foral de;Japón;Junio;476
Total nacional;Navarra, Comunidad Foral de;Japón;Julio;712
Total nacional;Navarra, Comunidad Foral de;Japón;Agosto;318
Total nacional;Navarra, Comunidad Foral de;Japón;Septiembre;341
Total nacional;Navarra, Comunidad Foral de;Japón;Octubre;251
Total nacional;Navarra, Comunidad Foral de;Japón;Noviembre;189
Total nacional;Navarra, Comunidad Foral de;Japón;Diciembre;162
Total nacional;Navarra, Comunidad Foral de;Estados Unidos;Total;40.791
Total nacional;Navarra, Comunidad Foral de;Estados Unidos;Enero;631
Total nacional;Navarra, Comunidad Foral de;Estados Unidos;Febrero;698
Total nacional;Navarra, Comunidad Foral de;Estados Unidos;Marzo;1.628
Total nacional;Navarra, Comunidad Foral de;Estados Unidos;Abril;3.157
Total nacional;Navarra, Comunidad Foral de;Estados Unidos;Mayo;4.797
Total nacional;Navarra, Comunidad Foral de;Estados Unidos;Junio;5.462
Total nacional;Navarra, Comunidad Foral de;Estados Unidos;Julio;11.073
Total nacional;Navarra, Comunidad Foral de;Estados Unidos;Agosto;2.809
Total nacional;Navarra, Comunidad Foral de;Estados Unidos;Septiembre;5.249
Total nacional;Navarra, Comunidad Foral de;Estados Unidos;Octubre;3.458
Total nacional;Navarra, Comunidad Foral de;Estados Unidos;Noviembre;1.119
Total nacional;Navarra, Comunidad Foral de;Estados Unidos;Diciembre;709
Total nacional;Navarra, Comunidad Foral de;Resto de América;Total;43.332
Total nacional;Navarra, Comunidad Foral de;Resto de América;Enero;1.785
Total nacional;Navarra, Comunidad Foral de;Resto de América;Febrero;1.553
Total nacional;Navarra, Comunidad Foral de;Resto de América;Marzo;2.788
Total nacional;Navarra, Comunidad Foral de;Resto de América;Abril;3.345
Total nacional;Navarra, Comunidad Foral de;Resto de América;Mayo;4.229
Total nacional;Navarra, Comunidad Foral de;Resto de América;Junio;4.456
Total nacional;Navarra, Comunidad Foral de;Resto de América;Julio;5.379
Total nacional;Navarra, Comunidad Foral de;Resto de América;Agosto;5.388
Total nacional;Navarra, Comunidad Foral de;Resto de América;Septiembre;7.661
Total nacional;Navarra, Comunidad Foral de;Resto de América;Octubre;3.283
Total nacional;Navarra, Comunidad Foral de;Resto de América;Noviembre;1.754
Total nacional;Navarra, Comunidad Foral de;Resto de América;Diciembre;1.710
Total nacional;Navarra, Comunidad Foral de;Países africanos;Total;6.036
Total nacional;Navarra, Comunidad Foral de;Países africanos;Enero;257
Total nacional;Navarra, Comunidad Foral de;Países africanos;Febrero;320
Total nacional;Navarra, Comunidad Foral de;Países africanos;Marzo;575
Total nacional;Navarra, Comunidad Foral de;Países africanos;Abril;365
Total nacional;Navarra, Comunidad Foral de;Países africanos;Mayo;705
Total nacional;Navarra, Comunidad Foral de;Países africanos;Junio;507
Total nacional;Navarra, Comunidad Foral de;Países africanos;Julio;984
Total nacional;Navarra, Comunidad Foral de;Países africanos;Agosto;690
Total nacional;Navarra, Comunidad Foral de;Países africanos;Septiembre;442
Total nacional;Navarra, Comunidad Foral de;Países africanos;Octubre;521
Total nacional;Navarra, Comunidad Foral de;Países africanos;Noviembre;494
Total nacional;Navarra, Comunidad Foral de;Países africanos;Diciembre;176
Total nacional;País Vasco;Total;Total;5.784.834
Total nacional;País Vasco;Total;Enero;293.388
Total nacional;País Vasco;Total;Febrero;316.588
Total nacional;País Vasco;Total;Marzo;366.566
Total nacional;País Vasco;Total;Abril;514.278
Total nacional;País Vasco;Total;Mayo;519.636
Total nacional;País Vasco;Total;Junio;524.718
Total nacional;País Vasco;Total;Julio;640.605
Total nacional;País Vasco;Total;Agosto;746.094
Total nacional;País Vasco;Total;Septiembre;569.815
Total nacional;País Vasco;Total;Octubre;538.019
Total nacional;País Vasco;Total;Noviembre;403.268
Total nacional;País Vasco;Total;Diciembre;351.860
Total nacional;País Vasco;Residentes en España;Total;3.474.984
Total nacional;País Vasco;Residentes en España;Enero;192.236
Total nacional;País Vasco;Residentes en España;Febrero;219.537
Total nacional;País Vasco;Residentes en España;Marzo;248.629
Total nacional;País Vasco;Residentes en España;Abril;328.760
Total nacional;País Vasco;Residentes en España;Mayo;284.186
Total nacional;País Vasco;Residentes en España;Junio;279.916
Total nacional;País Vasco;Residentes en España;Julio;342.598
Total nacional;País Vasco;Residentes en España;Agosto;430.218
Total nacional;País Vasco;Residentes en España;Septiembre;305.641
Total nacional;País Vasco;Residentes en España;Octubre;315.085
Total nacional;País Vasco;Residentes en España;Noviembre;274.755
Total nacional;País Vasco;Residentes en España;Diciembre;253.422
Total nacional;País Vasco;No residentes en España;Total;2.309.849
Total nacional;País Vasco;No residentes en España;Enero;101.152
Total nacional;País Vasco;No residentes en España;Febrero;97.051
Total nacional;País Vasco;No residentes en España;Marzo;117.937
Total nacional;País Vasco;No residentes en España;Abril;185.518
Total nacional;País Vasco;No residentes en España;Mayo;235.450
Total nacional;País Vasco;No residentes en España;Junio;244.802
Total nacional;País Vasco;No residentes en España;Julio;298.007
Total nacional;País Vasco;No residentes en España;Agosto;315.876
Total nacional;País Vasco;No residentes en España;Septiembre;264.174
Total nacional;País Vasco;No residentes en España;Octubre;222.933
Total nacional;País Vasco;No residentes en España;Noviembre;128.513
Total nacional;País Vasco;No residentes en España;Diciembre;98.437
Total nacional;País Vasco;Unión Europea (sin España);Total;1.438.233
Total nacional;País Vasco;Unión Europea (sin España);Enero;67.436
Total nacional;País Vasco;Unión Europea (sin España);Febrero;64.839
Total nacional;País Vasco;Unión Europea (sin España);Marzo;72.143
Total nacional;País Vasco;Unión Europea (sin España);Abril;115.461
Total nacional;País Vasco;Unión Europea (sin España);Mayo;138.991
Total nacional;País Vasco;Unión Europea (sin España);Junio;147.133
Total nacional;País Vasco;Unión Europea (sin España);Julio;177.903
Total nacional;País Vasco;Unión Europea (sin España);Agosto;222.802
Total nacional;País Vasco;Unión Europea (sin España);Septiembre;152.418
Total nacional;País Vasco;Unión Europea (sin España);Octubre;131.508
Total nacional;País Vasco;Unión Europea (sin España);Noviembre;83.077
Total nacional;País Vasco;Unión Europea (sin España);Diciembre;64.521
Total nacional;País Vasco;Alemania;Total;217.785
Total nacional;País Vasco;Alemania;Enero;14.563
Total nacional;País Vasco;Alemania;Febrero;11.874
Total nacional;País Vasco;Alemania;Marzo;10.159
Total nacional;País Vasco;Alemania;Abril;18.636
Total nacional;País Vasco;Alemania;Mayo;21.286
Total nacional;País Vasco;Alemania;Junio;25.324
Total nacional;País Vasco;Alemania;Julio;23.446
Total nacional;País Vasco;Alemania;Agosto;26.097
Total nacional;País Vasco;Alemania;Septiembre;25.342
Total nacional;País Vasco;Alemania;Octubre;21.108
Total nacional;País Vasco;Alemania;Noviembre;13.845
Total nacional;País Vasco;Alemania;Diciembre;6.106
Total nacional;País Vasco;Austria;Total;25.159
Total nacional;País Vasco;Austria;Enero;1.150
Total nacional;País Vasco;Austria;Febrero;467
Total nacional;País Vasco;Austria;Marzo;1.235
Total nacional;País Vasco;Austria;Abril;2.276
Total nacional;País Vasco;Austria;Mayo;3.559
Total nacional;País Vasco;Austria;Junio;3.602
Total nacional;País Vasco;Austria;Julio;2.655
Total nacional;País Vasco;Austria;Agosto;3.174
Total nacional;País Vasco;Austria;Septiembre;3.217
Total nacional;País Vasco;Austria;Octubre;1.777
Total nacional;País Vasco;Austria;Noviembre;1.291
Total nacional;País Vasco;Austria;Diciembre;756
Total nacional;País Vasco;Bélgica;Total;62.783
Total nacional;País Vasco;Bélgica;Enero;1.784
Total nacional;País Vasco;Bélgica;Febrero;1.728
Total nacional;País Vasco;Bélgica;Marzo;2.648
Total nacional;País Vasco;Bélgica;Abril;5.056
Total nacional;País Vasco;Bélgica;Mayo;5.834
Total nacional;País Vasco;Bélgica;Junio;6.822
Total nacional;País Vasco;Bélgica;Julio;13.715
Total nacional;País Vasco;Bélgica;Agosto;9.586
Total nacional;País Vasco;Bélgica;Septiembre;5.807
Total nacional;País Vasco;Bélgica;Octubre;4.820
Total nacional;País Vasco;Bélgica;Noviembre;2.928
Total nacional;País Vasco;Bélgica;Diciembre;2.054
Total nacional;País Vasco;Dinamarca;Total;16.986
Total nacional;País Vasco;Dinamarca;Enero;587
Total nacional;País Vasco;Dinamarca;Febrero;381
Total nacional;País Vasco;Dinamarca;Marzo;751
Total nacional;País Vasco;Dinamarca;Abril;1.238
Total nacional;País Vasco;Dinamarca;Mayo;1.334
Total nacional;País Vasco;Dinamarca;Junio;1.490
Total nacional;País Vasco;Dinamarca;Julio;4.516
Total nacional;País Vasco;Dinamarca;Agosto;1.493
Total nacional;País Vasco;Dinamarca;Septiembre;2.233
Total nacional;País Vasco;Dinamarca;Octubre;1.634
Total nacional;País Vasco;Dinamarca;Noviembre;723
Total nacional;País Vasco;Dinamarca;Diciembre;608
Total nacional;País Vasco;Finlandia;Total;16.120
Total nacional;País Vasco;Finlandia;Enero;571
Total nacional;País Vasco;Finlandia;Febrero;676
Total nacional;País Vasco;Finlandia;Marzo;1.386
Total nacional;País Vasco;Finlandia;Abril;1.216
Total nacional;País Vasco;Finlandia;Mayo;2.161
Total nacional;País Vasco;Finlandia;Junio;1.916
Total nacional;País Vasco;Finlandia;Julio;2.372
Total nacional;País Vasco;Finlandia;Agosto;732
Total nacional;País Vasco;Finlandia;Septiembre;1.797
Total nacional;País Vasco;Finlandia;Octubre;1.730
Total nacional;País Vasco;Finlandia;Noviembre;1.207
Total nacional;País Vasco;Finlandia;Diciembre;355
Total nacional;País Vasco;Francia;Total;401.188
Total nacional;País Vasco;Francia;Enero;17.880
Total nacional;País Vasco;Francia;Febrero;22.217
Total nacional;País Vasco;Francia;Marzo;19.856
Total nacional;País Vasco;Francia;Abril;35.058
Total nacional;País Vasco;Francia;Mayo;40.215
Total nacional;País Vasco;Francia;Junio;31.877
Total nacional;País Vasco;Francia;Julio;43.455
Total nacional;País Vasco;Francia;Agosto;70.428
Total nacional;País Vasco;Francia;Septiembre;30.982
Total nacional;País Vasco;Francia;Octubre;37.645
Total nacional;País Vasco;Francia;Noviembre;24.342
Total nacional;País Vasco;Francia;Diciembre;27.234
Total nacional;País Vasco;Grecia;Total;7.814
Total nacional;País Vasco;Grecia;Enero;461
Total nacional;País Vasco;Grecia;Febrero;496
Total nacional;País Vasco;Grecia;Marzo;390
Total nacional;País Vasco;Grecia;Abril;684
Total nacional;País Vasco;Grecia;Mayo;730
Total nacional;País Vasco;Grecia;Junio;590
Total nacional;País Vasco;Grecia;Julio;928
Total nacional;País Vasco;Grecia;Agosto;1.433
Total nacional;País Vasco;Grecia;Septiembre;451
Total nacional;País Vasco;Grecia;Octubre;994
Total nacional;País Vasco;Grecia;Noviembre;437
Total nacional;País Vasco;Grecia;Diciembre;221
Total nacional;País Vasco;Irlanda;Total;39.815
Total nacional;País Vasco;Irlanda;Enero;688
Total nacional;País Vasco;Irlanda;Febrero;644
Total nacional;País Vasco;Irlanda;Marzo;1.557
Total nacional;País Vasco;Irlanda;Abril;2.643
Total nacional;País Vasco;Irlanda;Mayo;3.991
Total nacional;País Vasco;Irlanda;Junio;5.803
Total nacional;País Vasco;Irlanda;Julio;6.313
Total nacional;País Vasco;Irlanda;Agosto;6.059
Total nacional;País Vasco;Irlanda;Septiembre;5.957
Total nacional;País Vasco;Irlanda;Octubre;3.483
Total nacional;País Vasco;Irlanda;Noviembre;1.830
Total nacional;País Vasco;Irlanda;Diciembre;848
Total nacional;País Vasco;Italia;Total;133.949
Total nacional;País Vasco;Italia;Enero;7.291
Total nacional;País Vasco;Italia;Febrero;4.977
Total nacional;País Vasco;Italia;Marzo;5.767
Total nacional;País Vasco;Italia;Abril;8.556
Total nacional;País Vasco;Italia;Mayo;10.479
Total nacional;País Vasco;Italia;Junio;11.703
Total nacional;País Vasco;Italia;Julio;15.020
Total nacional;País Vasco;Italia;Agosto;32.788
Total nacional;País Vasco;Italia;Septiembre;13.405
Total nacional;País Vasco;Italia;Octubre;11.032
Total nacional;País Vasco;Italia;Noviembre;6.796
Total nacional;País Vasco;Italia;Diciembre;6.134
Total nacional;País Vasco;Luxemburgo;Total;2.614
Total nacional;País Vasco;Luxemburgo;Enero;79
Total nacional;País Vasco;Luxemburgo;Febrero;75
Total nacional;País Vasco;Luxemburgo;Marzo;102
Total nacional;País Vasco;Luxemburgo;Abril;251
Total nacional;País Vasco;Luxemburgo;Mayo;100
Total nacional;País Vasco;Luxemburgo;Junio;143
Total nacional;País Vasco;Luxemburgo;Julio;294
Total nacional;País Vasco;Luxemburgo;Agosto;1.038
Total nacional;País Vasco;Luxemburgo;Septiembre;194
Total nacional;País Vasco;Luxemburgo;Octubre;140
Total nacional;País Vasco;Luxemburgo;Noviembre;105
Total nacional;País Vasco;Luxemburgo;Diciembre;93
Total nacional;País Vasco;Países Bajos;Total;92.637
Total nacional;País Vasco;Países Bajos;Enero;2.866
Total nacional;País Vasco;Países Bajos;Febrero;3.327
Total nacional;País Vasco;Países Bajos;Marzo;3.891
Total nacional;País Vasco;Países Bajos;Abril;7.263
Total nacional;País Vasco;Países Bajos;Mayo;9.434
Total nacional;País Vasco;Países Bajos;Junio;10.345
Total nacional;País Vasco;Países Bajos;Julio;12.694
Total nacional;País Vasco;Países Bajos;Agosto;17.892
Total nacional;País Vasco;Países Bajos;Septiembre;10.026
Total nacional;País Vasco;Países Bajos;Octubre;7.537
Total nacional;País Vasco;Países Bajos;Noviembre;4.287
Total nacional;País Vasco;Países Bajos;Diciembre;3.075
Total nacional;País Vasco;Polonia;Total;20.302
Total nacional;País Vasco;Polonia;Enero;1.841
Total nacional;País Vasco;Polonia;Febrero;812
Total nacional;País Vasco;Polonia;Marzo;1.180
Total nacional;País Vasco;Polonia;Abril;1.305
Total nacional;País Vasco;Polonia;Mayo;1.961
Total nacional;País Vasco;Polonia;Junio;1.603
Total nacional;País Vasco;Polonia;Julio;2.731
Total nacional;País Vasco;Polonia;Agosto;2.600
Total nacional;País Vasco;Polonia;Septiembre;1.920
Total nacional;País Vasco;Polonia;Octubre;2.045
Total nacional;País Vasco;Polonia;Noviembre;1.334
Total nacional;País Vasco;Polonia;Diciembre;969
Total nacional;País Vasco;Portugal;Total;76.326
Total nacional;País Vasco;Portugal;Enero;4.287
Total nacional;País Vasco;Portugal;Febrero;3.986
Total nacional;País Vasco;Portugal;Marzo;4.913
Total nacional;País Vasco;Portugal;Abril;5.548
Total nacional;País Vasco;Portugal;Mayo;5.603
Total nacional;País Vasco;Portugal;Junio;7.437
Total nacional;País Vasco;Portugal;Julio;8.804
Total nacional;País Vasco;Portugal;Agosto;11.840
Total nacional;País Vasco;Portugal;Septiembre;6.702
Total nacional;País Vasco;Portugal;Octubre;5.637
Total nacional;País Vasco;Portugal;Noviembre;6.116
Total nacional;País Vasco;Portugal;Diciembre;5.452
Total nacional;País Vasco;Reino Unido;Total;225.015
Total nacional;País Vasco;Reino Unido;Enero;7.357
Total nacional;País Vasco;Reino Unido;Febrero;7.400
Total nacional;País Vasco;Reino Unido;Marzo;12.977
Total nacional;País Vasco;Reino Unido;Abril;17.414
Total nacional;País Vasco;Reino Unido;Mayo;23.154
Total nacional;País Vasco;Reino Unido;Junio;27.919
Total nacional;País Vasco;Reino Unido;Julio;26.770
Total nacional;País Vasco;Reino Unido;Agosto;29.359
Total nacional;País Vasco;Reino Unido;Septiembre;32.294
Total nacional;País Vasco;Reino Unido;Octubre;22.349
Total nacional;País Vasco;Reino Unido;Noviembre;10.767
Total nacional;País Vasco;Reino Unido;Diciembre;7.255
Total nacional;País Vasco;República Checa;Total;8.664
Total nacional;País Vasco;República Checa;Enero;1.848
Total nacional;País Vasco;República Checa;Febrero;564
Total nacional;País Vasco;República Checa;Marzo;379
Total nacional;País Vasco;República Checa;Abril;435
Total nacional;País Vasco;República Checa;Mayo;649
Total nacional;País Vasco;República Checa;Junio;698
Total nacional;País Vasco;República Checa;Julio;911
Total nacional;País Vasco;República Checa;Agosto;699
Total nacional;País Vasco;República Checa;Septiembre;958
Total nacional;País Vasco;República Checa;Octubre;665
Total nacional;País Vasco;República Checa;Noviembre;620
Total nacional;País Vasco;República Checa;Diciembre;238
Total nacional;País Vasco;Suecia;Total;36.868
Total nacional;País Vasco;Suecia;Enero;1.022
Total nacional;País Vasco;Suecia;Febrero;797
Total nacional;País Vasco;Suecia;Marzo;1.649
Total nacional;País Vasco;Suecia;Abril;2.600
Total nacional;País Vasco;Suecia;Mayo;3.473
Total nacional;País Vasco;Suecia;Junio;3.775
Total nacional;País Vasco;Suecia;Julio;6.825
Total nacional;País Vasco;Suecia;Agosto;2.812
Total nacional;País Vasco;Suecia;Septiembre;5.979
Total nacional;País Vasco;Suecia;Octubre;4.719
Total nacional;País Vasco;Suecia;Noviembre;2.667
Total nacional;País Vasco;Suecia;Diciembre;549
Total nacional;País Vasco;Noruega;Total;25.726
Total nacional;País Vasco;Noruega;Enero;1.031
Total nacional;País Vasco;Noruega;Febrero;812
Total nacional;País Vasco;Noruega;Marzo;1.009
Total nacional;País Vasco;Noruega;Abril;1.928
Total nacional;País Vasco;Noruega;Mayo;2.271
Total nacional;País Vasco;Noruega;Junio;2.431
Total nacional;País Vasco;Noruega;Julio;5.942
Total nacional;País Vasco;Noruega;Agosto;2.729
Total nacional;País Vasco;Noruega;Septiembre;3.242
Total nacional;País Vasco;Noruega;Octubre;2.911
Total nacional;País Vasco;Noruega;Noviembre;1.049
Total nacional;País Vasco;Noruega;Diciembre;372
Total nacional;País Vasco;Rusia;Total;27.531
Total nacional;País Vasco;Rusia;Enero;1.479
Total nacional;País Vasco;Rusia;Febrero;1.257
Total nacional;País Vasco;Rusia;Marzo;1.279
Total nacional;País Vasco;Rusia;Abril;1.904
Total nacional;País Vasco;Rusia;Mayo;2.505
Total nacional;País Vasco;Rusia;Junio;2.381
Total nacional;País Vasco;Rusia;Julio;4.413
Total nacional;País Vasco;Rusia;Agosto;4.189
Total nacional;País Vasco;Rusia;Septiembre;2.149
Total nacional;País Vasco;Rusia;Octubre;2.192
Total nacional;País Vasco;Rusia;Noviembre;1.708
Total nacional;País Vasco;Rusia;Diciembre;2.076
Total nacional;País Vasco;Suiza;Total;42.735
Total nacional;País Vasco;Suiza;Enero;1.134
Total nacional;País Vasco;Suiza;Febrero;802
Total nacional;País Vasco;Suiza;Marzo;1.743
Total nacional;País Vasco;Suiza;Abril;4.332
Total nacional;País Vasco;Suiza;Mayo;5.118
Total nacional;País Vasco;Suiza;Junio;5.514
Total nacional;País Vasco;Suiza;Julio;6.592
Total nacional;País Vasco;Suiza;Agosto;4.775
Total nacional;País Vasco;Suiza;Septiembre;5.412
Total nacional;País Vasco;Suiza;Octubre;4.762
Total nacional;País Vasco;Suiza;Noviembre;1.506
Total nacional;País Vasco;Suiza;Diciembre;1.046
Total nacional;País Vasco;Resto de Europa sin U.E.;Total;41.280
Total nacional;País Vasco;Resto de Europa sin U.E.;Enero;2.742
Total nacional;País Vasco;Resto de Europa sin U.E.;Febrero;1.876
Total nacional;País Vasco;Resto de Europa sin U.E.;Marzo;2.660
Total nacional;País Vasco;Resto de Europa sin U.E.;Abril;3.343
Total nacional;País Vasco;Resto de Europa sin U.E.;Mayo;5.009
Total nacional;País Vasco;Resto de Europa sin U.E.;Junio;2.576
Total nacional;País Vasco;Resto de Europa sin U.E.;Julio;3.551
Total nacional;País Vasco;Resto de Europa sin U.E.;Agosto;4.230
Total nacional;País Vasco;Resto de Europa sin U.E.;Septiembre;5.444
Total nacional;País Vasco;Resto de Europa sin U.E.;Octubre;3.928
Total nacional;País Vasco;Resto de Europa sin U.E.;Noviembre;2.788
Total nacional;País Vasco;Resto de Europa sin U.E.;Diciembre;3.133
Total nacional;País Vasco;Japón;Total;44.321
Total nacional;País Vasco;Japón;Enero;2.232
Total nacional;País Vasco;Japón;Febrero;1.912
Total nacional;País Vasco;Japón;Marzo;3.806
Total nacional;País Vasco;Japón;Abril;3.081
Total nacional;País Vasco;Japón;Mayo;4.470
Total nacional;País Vasco;Japón;Junio;4.618
Total nacional;País Vasco;Japón;Julio;4.021
Total nacional;País Vasco;Japón;Agosto;4.711
Total nacional;País Vasco;Japón;Septiembre;5.451
Total nacional;País Vasco;Japón;Octubre;4.557
Total nacional;País Vasco;Japón;Noviembre;3.307
Total nacional;País Vasco;Japón;Diciembre;2.156
Total nacional;País Vasco;Estados Unidos;Total;216.984
Total nacional;País Vasco;Estados Unidos;Enero;4.402
Total nacional;País Vasco;Estados Unidos;Febrero;4.725
Total nacional;País Vasco;Estados Unidos;Marzo;8.526
Total nacional;País Vasco;Estados Unidos;Abril;14.958
Total nacional;País Vasco;Estados Unidos;Mayo;25.227
Total nacional;País Vasco;Estados Unidos;Junio;29.222
Total nacional;País Vasco;Estados Unidos;Julio;37.937
Total nacional;País Vasco;Estados Unidos;Agosto;22.278
Total nacional;País Vasco;Estados Unidos;Septiembre;30.348
Total nacional;País Vasco;Estados Unidos;Octubre;25.113
Total nacional;País Vasco;Estados Unidos;Noviembre;8.396
Total nacional;País Vasco;Estados Unidos;Diciembre;5.851
Total nacional;País Vasco;Resto de América;Total;245.585
Total nacional;País Vasco;Resto de América;Enero;10.824
Total nacional;País Vasco;Resto de América;Febrero;10.426
Total nacional;País Vasco;Resto de América;Marzo;13.073
Total nacional;País Vasco;Resto de América;Abril;18.936
Total nacional;País Vasco;Resto de América;Mayo;28.385
Total nacional;País Vasco;Resto de América;Junio;25.501
Total nacional;País Vasco;Resto de América;Julio;28.062
Total nacional;País Vasco;Resto de América;Agosto;24.502
Total nacional;País Vasco;Resto de América;Septiembre;33.507
Total nacional;País Vasco;Resto de América;Octubre;26.592
Total nacional;País Vasco;Resto de América;Noviembre;14.700
Total nacional;País Vasco;Resto de América;Diciembre;11.077
Total nacional;País Vasco;Países africanos;Total;23.987
Total nacional;País Vasco;Países africanos;Enero;1.558
Total nacional;País Vasco;Países africanos;Febrero;1.676
Total nacional;País Vasco;Países africanos;Marzo;2.083
Total nacional;País Vasco;Países africanos;Abril;1.954
Total nacional;País Vasco;Países africanos;Mayo;2.536
Total nacional;País Vasco;Países africanos;Junio;2.237
Total nacional;País Vasco;Países africanos;Julio;2.519
Total nacional;País Vasco;Países africanos;Agosto;1.689
Total nacional;País Vasco;Países africanos;Septiembre;2.695
Total nacional;País Vasco;Países africanos;Octubre;1.651
Total nacional;País Vasco;Países africanos;Noviembre;1.615
Total nacional;País Vasco;Países africanos;Diciembre;1.773
Total nacional;Rioja, La;Total;Total;1.041.714
Total nacional;Rioja, La;Total;Enero;47.018
Total nacional;Rioja, La;Total;Febrero;55.405
Total nacional;Rioja, La;Total;Marzo;71.512
Total nacional;Rioja, La;Total;Abril;98.061
Total nacional;Rioja, La;Total;Mayo;91.586
Total nacional;Rioja, La;Total;Junio;94.310
Total nacional;Rioja, La;Total;Julio;99.294
Total nacional;Rioja, La;Total;Agosto;131.789
Total nacional;Rioja, La;Total;Septiembre;114.190
Total nacional;Rioja, La;Total;Octubre;97.292
Total nacional;Rioja, La;Total;Noviembre;75.128
Total nacional;Rioja, La;Total;Diciembre;66.129
Total nacional;Rioja, La;Residentes en España;Total;854.565
Total nacional;Rioja, La;Residentes en España;Enero;41.016
Total nacional;Rioja, La;Residentes en España;Febrero;49.768
Total nacional;Rioja, La;Residentes en España;Marzo;63.254
Total nacional;Rioja, La;Residentes en España;Abril;81.589
Total nacional;Rioja, La;Residentes en España;Mayo;63.699
Total nacional;Rioja, La;Residentes en España;Junio;70.944
Total nacional;Rioja, La;Residentes en España;Julio;80.386
Total nacional;Rioja, La;Residentes en España;Agosto;113.515
Total nacional;Rioja, La;Residentes en España;Septiembre;83.380
Total nacional;Rioja, La;Residentes en España;Octubre;79.695
Total nacional;Rioja, La;Residentes en España;Noviembre;66.421
Total nacional;Rioja, La;Residentes en España;Diciembre;60.897
Total nacional;Rioja, La;No residentes en España;Total;187.149
Total nacional;Rioja, La;No residentes en España;Enero;6.001
Total nacional;Rioja, La;No residentes en España;Febrero;5.637
Total nacional;Rioja, La;No residentes en España;Marzo;8.257
Total nacional;Rioja, La;No residentes en España;Abril;16.471
Total nacional;Rioja, La;No residentes en España;Mayo;27.887
Total nacional;Rioja, La;No residentes en España;Junio;23.367
Total nacional;Rioja, La;No residentes en España;Julio;18.908
Total nacional;Rioja, La;No residentes en España;Agosto;18.274
Total nacional;Rioja, La;No residentes en España;Septiembre;30.810
Total nacional;Rioja, La;No residentes en España;Octubre;17.597
Total nacional;Rioja, La;No residentes en España;Noviembre;8.707
Total nacional;Rioja, La;No residentes en España;Diciembre;5.232
Total nacional;Rioja, La;Unión Europea (sin España);Total;120.916
Total nacional;Rioja, La;Unión Europea (sin España);Enero;4.171
Total nacional;Rioja, La;Unión Europea (sin España);Febrero;3.624
Total nacional;Rioja, La;Unión Europea (sin España);Marzo;5.083
Total nacional;Rioja, La;Unión Europea (sin España);Abril;11.349
Total nacional;Rioja, La;Unión Europea (sin España);Mayo;16.477
Total nacional;Rioja, La;Unión Europea (sin España);Junio;15.641
Total nacional;Rioja, La;Unión Europea (sin España);Julio;12.428
Total nacional;Rioja, La;Unión Europea (sin España);Agosto;13.097
Total nacional;Rioja, La;Unión Europea (sin España);Septiembre;19.648
Total nacional;Rioja, La;Unión Europea (sin España);Octubre;10.323
Total nacional;Rioja, La;Unión Europea (sin España);Noviembre;5.535
Total nacional;Rioja, La;Unión Europea (sin España);Diciembre;3.538
Total nacional;Rioja, La;Alemania;Total;18.355
Total nacional;Rioja, La;Alemania;Enero;389
Total nacional;Rioja, La;Alemania;Febrero;580
Total nacional;Rioja, La;Alemania;Marzo;742
Total nacional;Rioja, La;Alemania;Abril;1.505
Total nacional;Rioja, La;Alemania;Mayo;3.502
Total nacional;Rioja, La;Alemania;Junio;2.605
Total nacional;Rioja, La;Alemania;Julio;1.580
Total nacional;Rioja, La;Alemania;Agosto;1.988
Total nacional;Rioja, La;Alemania;Septiembre;3.149
Total nacional;Rioja, La;Alemania;Octubre;1.443
Total nacional;Rioja, La;Alemania;Noviembre;563
Total nacional;Rioja, La;Alemania;Diciembre;311
Total nacional;Rioja, La;Austria;Total;2.418
Total nacional;Rioja, La;Austria;Enero;..
Total nacional;Rioja, La;Austria;Febrero;..
Total nacional;Rioja, La;Austria;Marzo;44
Total nacional;Rioja, La;Austria;Abril;633
Total nacional;Rioja, La;Austria;Mayo;585
Total nacional;Rioja, La;Austria;Junio;348
Total nacional;Rioja, La;Austria;Julio;116
Total nacional;Rioja, La;Austria;Agosto;163
Total nacional;Rioja, La;Austria;Septiembre;237
Total nacional;Rioja, La;Austria;Octubre;147
Total nacional;Rioja, La;Austria;Noviembre;78
Total nacional;Rioja, La;Austria;Diciembre;52
Total nacional;Rioja, La;Bélgica;Total;5.605
Total nacional;Rioja, La;Bélgica;Enero;121
Total nacional;Rioja, La;Bélgica;Febrero;86
Total nacional;Rioja, La;Bélgica;Marzo;104
Total nacional;Rioja, La;Bélgica;Abril;822
Total nacional;Rioja, La;Bélgica;Mayo;756
Total nacional;Rioja, La;Bélgica;Junio;522
Total nacional;Rioja, La;Bélgica;Julio;1.043
Total nacional;Rioja, La;Bélgica;Agosto;809
Total nacional;Rioja, La;Bélgica;Septiembre;641
Total nacional;Rioja, La;Bélgica;Octubre;472
Total nacional;Rioja, La;Bélgica;Noviembre;180
Total nacional;Rioja, La;Bélgica;Diciembre;48
Total nacional;Rioja, La;Dinamarca;Total;1.329
Total nacional;Rioja, La;Dinamarca;Enero;28
Total nacional;Rioja, La;Dinamarca;Febrero;..
Total nacional;Rioja, La;Dinamarca;Marzo;..
Total nacional;Rioja, La;Dinamarca;Abril;151
Total nacional;Rioja, La;Dinamarca;Mayo;190
Total nacional;Rioja, La;Dinamarca;Junio;196
Total nacional;Rioja, La;Dinamarca;Julio;239
Total nacional;Rioja, La;Dinamarca;Agosto;83
Total nacional;Rioja, La;Dinamarca;Septiembre;310
Total nacional;Rioja, La;Dinamarca;Octubre;52
Total nacional;Rioja, La;Dinamarca;Noviembre;37
Total nacional;Rioja, La;Dinamarca;Diciembre;25
Total nacional;Rioja, La;Finlandia;Total;967
Total nacional;Rioja, La;Finlandia;Enero;70
Total nacional;Rioja, La;Finlandia;Febrero;..
Total nacional;Rioja, La;Finlandia;Marzo;36
Total nacional;Rioja, La;Finlandia;Abril;27
Total nacional;Rioja, La;Finlandia;Mayo;125
Total nacional;Rioja, La;Finlandia;Junio;103
Total nacional;Rioja, La;Finlandia;Julio;86
Total nacional;Rioja, La;Finlandia;Agosto;..
Total nacional;Rioja, La;Finlandia;Septiembre;102
Total nacional;Rioja, La;Finlandia;Octubre;265
Total nacional;Rioja, La;Finlandia;Noviembre;122
Total nacional;Rioja, La;Finlandia;Diciembre;20
Total nacional;Rioja, La;Francia;Total;29.505
Total nacional;Rioja, La;Francia;Enero;1.239
Total nacional;Rioja, La;Francia;Febrero;1.036
Total nacional;Rioja, La;Francia;Marzo;1.347
Total nacional;Rioja, La;Francia;Abril;3.101
Total nacional;Rioja, La;Francia;Mayo;3.233
Total nacional;Rioja, La;Francia;Junio;3.708
Total nacional;Rioja, La;Francia;Julio;2.452
Total nacional;Rioja, La;Francia;Agosto;3.476
Total nacional;Rioja, La;Francia;Septiembre;5.092
Total nacional;Rioja, La;Francia;Octubre;2.242
Total nacional;Rioja, La;Francia;Noviembre;1.223
Total nacional;Rioja, La;Francia;Diciembre;1.357
Total nacional;Rioja, La;Grecia;Total;394
Total nacional;Rioja, La;Grecia;Enero;..
Total nacional;Rioja, La;Grecia;Febrero;..
Total nacional;Rioja, La;Grecia;Marzo;..
Total nacional;Rioja, La;Grecia;Abril;87
Total nacional;Rioja, La;Grecia;Mayo;48
Total nacional;Rioja, La;Grecia;Junio;22
Total nacional;Rioja, La;Grecia;Julio;..
Total nacional;Rioja, La;Grecia;Agosto;27
Total nacional;Rioja, La;Grecia;Septiembre;36
Total nacional;Rioja, La;Grecia;Octubre;..
Total nacional;Rioja, La;Grecia;Noviembre;91
Total nacional;Rioja, La;Grecia;Diciembre;23
Total nacional;Rioja, La;Irlanda;Total;4.739
Total nacional;Rioja, La;Irlanda;Enero;41
Total nacional;Rioja, La;Irlanda;Febrero;61
Total nacional;Rioja, La;Irlanda;Marzo;117
Total nacional;Rioja, La;Irlanda;Abril;505
Total nacional;Rioja, La;Irlanda;Mayo;933
Total nacional;Rioja, La;Irlanda;Junio;755
Total nacional;Rioja, La;Irlanda;Julio;443
Total nacional;Rioja, La;Irlanda;Agosto;518
Total nacional;Rioja, La;Irlanda;Septiembre;862
Total nacional;Rioja, La;Irlanda;Octubre;349
Total nacional;Rioja, La;Irlanda;Noviembre;80
Total nacional;Rioja, La;Irlanda;Diciembre;77
Total nacional;Rioja, La;Italia;Total;10.106
Total nacional;Rioja, La;Italia;Enero;700
Total nacional;Rioja, La;Italia;Febrero;355
Total nacional;Rioja, La;Italia;Marzo;744
Total nacional;Rioja, La;Italia;Abril;686
Total nacional;Rioja, La;Italia;Mayo;1.215
Total nacional;Rioja, La;Italia;Junio;968
Total nacional;Rioja, La;Italia;Julio;1.147
Total nacional;Rioja, La;Italia;Agosto;1.562
Total nacional;Rioja, La;Italia;Septiembre;999
Total nacional;Rioja, La;Italia;Octubre;725
Total nacional;Rioja, La;Italia;Noviembre;521
Total nacional;Rioja, La;Italia;Diciembre;485
Total nacional;Rioja, La;Luxemburgo;Total;177
Total nacional;Rioja, La;Luxemburgo;Enero;..
Total nacional;Rioja, La;Luxemburgo;Febrero;63
Total nacional;Rioja, La;Luxemburgo;Marzo;..
Total nacional;Rioja, La;Luxemburgo;Abril;..
Total nacional;Rioja, La;Luxemburgo;Mayo;..
Total nacional;Rioja, La;Luxemburgo;Junio;..
Total nacional;Rioja, La;Luxemburgo;Julio;22
Total nacional;Rioja, La;Luxemburgo;Agosto;48
Total nacional;Rioja, La;Luxemburgo;Septiembre;..
Total nacional;Rioja, La;Luxemburgo;Octubre;..
Total nacional;Rioja, La;Luxemburgo;Noviembre;..
Total nacional;Rioja, La;Luxemburgo;Diciembre;..
Total nacional;Rioja, La;Países Bajos;Total;6.372
Total nacional;Rioja, La;Países Bajos;Enero;94
Total nacional;Rioja, La;Países Bajos;Febrero;130
Total nacional;Rioja, La;Países Bajos;Marzo;146
Total nacional;Rioja, La;Países Bajos;Abril;473
Total nacional;Rioja, La;Países Bajos;Mayo;650
Total nacional;Rioja, La;Países Bajos;Junio;1.203
Total nacional;Rioja, La;Países Bajos;Julio;1.016
Total nacional;Rioja, La;Países Bajos;Agosto;924
Total nacional;Rioja, La;Países Bajos;Septiembre;955
Total nacional;Rioja, La;Países Bajos;Octubre;275
Total nacional;Rioja, La;Países Bajos;Noviembre;433
Total nacional;Rioja, La;Países Bajos;Diciembre;71
Total nacional;Rioja, La;Polonia;Total;1.469
Total nacional;Rioja, La;Polonia;Enero;24
Total nacional;Rioja, La;Polonia;Febrero;53
Total nacional;Rioja, La;Polonia;Marzo;39
Total nacional;Rioja, La;Polonia;Abril;145
Total nacional;Rioja, La;Polonia;Mayo;63
Total nacional;Rioja, La;Polonia;Junio;100
Total nacional;Rioja, La;Polonia;Julio;282
Total nacional;Rioja, La;Polonia;Agosto;144
Total nacional;Rioja, La;Polonia;Septiembre;226
Total nacional;Rioja, La;Polonia;Octubre;158
Total nacional;Rioja, La;Polonia;Noviembre;175
Total nacional;Rioja, La;Polonia;Diciembre;59
Total nacional;Rioja, La;Portugal;Total;4.809
Total nacional;Rioja, La;Portugal;Enero;291
Total nacional;Rioja, La;Portugal;Febrero;217
Total nacional;Rioja, La;Portugal;Marzo;441
Total nacional;Rioja, La;Portugal;Abril;519
Total nacional;Rioja, La;Portugal;Mayo;424
Total nacional;Rioja, La;Portugal;Junio;426
Total nacional;Rioja, La;Portugal;Julio;578
Total nacional;Rioja, La;Portugal;Agosto;525
Total nacional;Rioja, La;Portugal;Septiembre;543
Total nacional;Rioja, La;Portugal;Octubre;285
Total nacional;Rioja, La;Portugal;Noviembre;275
Total nacional;Rioja, La;Portugal;Diciembre;284
Total nacional;Rioja, La;Reino Unido;Total;24.939
Total nacional;Rioja, La;Reino Unido;Enero;749
Total nacional;Rioja, La;Reino Unido;Febrero;564
Total nacional;Rioja, La;Reino Unido;Marzo;881
Total nacional;Rioja, La;Reino Unido;Abril;1.876
Total nacional;Rioja, La;Reino Unido;Mayo;4.129
Total nacional;Rioja, La;Reino Unido;Junio;3.334
Total nacional;Rioja, La;Reino Unido;Julio;2.458
Total nacional;Rioja, La;Reino Unido;Agosto;2.171
Total nacional;Rioja, La;Reino Unido;Septiembre;4.691
Total nacional;Rioja, La;Reino Unido;Octubre;2.523
Total nacional;Rioja, La;Reino Unido;Noviembre;1.098
Total nacional;Rioja, La;Reino Unido;Diciembre;464
Total nacional;Rioja, La;República Checa;Total;1.190
Total nacional;Rioja, La;República Checa;Enero;..
Total nacional;Rioja, La;República Checa;Febrero;40
Total nacional;Rioja, La;República Checa;Marzo;..
Total nacional;Rioja, La;República Checa;Abril;124
Total nacional;Rioja, La;República Checa;Mayo;33
Total nacional;Rioja, La;República Checa;Junio;87
Total nacional;Rioja, La;República Checa;Julio;80
Total nacional;Rioja, La;República Checa;Agosto;67
Total nacional;Rioja, La;República Checa;Septiembre;221
Total nacional;Rioja, La;República Checa;Octubre;374
Total nacional;Rioja, La;República Checa;Noviembre;124
Total nacional;Rioja, La;República Checa;Diciembre;..
Total nacional;Rioja, La;Suecia;Total;2.385
Total nacional;Rioja, La;Suecia;Enero;35
Total nacional;Rioja, La;Suecia;Febrero;..
Total nacional;Rioja, La;Suecia;Marzo;103
Total nacional;Rioja, La;Suecia;Abril;79
Total nacional;Rioja, La;Suecia;Mayo;140
Total nacional;Rioja, La;Suecia;Junio;295
Total nacional;Rioja, La;Suecia;Julio;260
Total nacional;Rioja, La;Suecia;Agosto;114
Total nacional;Rioja, La;Suecia;Septiembre;865
Total nacional;Rioja, La;Suecia;Octubre;389
Total nacional;Rioja, La;Suecia;Noviembre;62
Total nacional;Rioja, La;Suecia;Diciembre;..
Total nacional;Rioja, La;Noruega;Total;2.178
Total nacional;Rioja, La;Noruega;Enero;..
Total nacional;Rioja, La;Noruega;Febrero;..
Total nacional;Rioja, La;Noruega;Marzo;..
Total nacional;Rioja, La;Noruega;Abril;73
Total nacional;Rioja, La;Noruega;Mayo;373
Total nacional;Rioja, La;Noruega;Junio;184
Total nacional;Rioja, La;Noruega;Julio;262
Total nacional;Rioja, La;Noruega;Agosto;267
Total nacional;Rioja, La;Noruega;Septiembre;745
Total nacional;Rioja, La;Noruega;Octubre;161
Total nacional;Rioja, La;Noruega;Noviembre;69
Total nacional;Rioja, La;Noruega;Diciembre;..
Total nacional;Rioja, La;Rusia;Total;1.549
Total nacional;Rioja, La;Rusia;Enero;..
Total nacional;Rioja, La;Rusia;Febrero;92
Total nacional;Rioja, La;Rusia;Marzo;33
Total nacional;Rioja, La;Rusia;Abril;95
Total nacional;Rioja, La;Rusia;Mayo;255
Total nacional;Rioja, La;Rusia;Junio;251
Total nacional;Rioja, La;Rusia;Julio;228
Total nacional;Rioja, La;Rusia;Agosto;118
Total nacional;Rioja, La;Rusia;Septiembre;229
Total nacional;Rioja, La;Rusia;Octubre;106
Total nacional;Rioja, La;Rusia;Noviembre;121
Total nacional;Rioja, La;Rusia;Diciembre;..
Total nacional;Rioja, La;Suiza;Total;3.476
Total nacional;Rioja, La;Suiza;Enero;34
Total nacional;Rioja, La;Suiza;Febrero;41
Total nacional;Rioja, La;Suiza;Marzo;89
Total nacional;Rioja, La;Suiza;Abril;318
Total nacional;Rioja, La;Suiza;Mayo;756
Total nacional;Rioja, La;Suiza;Junio;496
Total nacional;Rioja, La;Suiza;Julio;289
Total nacional;Rioja, La;Suiza;Agosto;187
Total nacional;Rioja, La;Suiza;Septiembre;509
Total nacional;Rioja, La;Suiza;Octubre;405
Total nacional;Rioja, La;Suiza;Noviembre;284
Total nacional;Rioja, La;Suiza;Diciembre;67
Total nacional;Rioja, La;Resto de Europa sin U.E.;Total;2.926
Total nacional;Rioja, La;Resto de Europa sin U.E.;Enero;145
Total nacional;Rioja, La;Resto de Europa sin U.E.;Febrero;158
Total nacional;Rioja, La;Resto de Europa sin U.E.;Marzo;165
Total nacional;Rioja, La;Resto de Europa sin U.E.;Abril;127
Total nacional;Rioja, La;Resto de Europa sin U.E.;Mayo;540
Total nacional;Rioja, La;Resto de Europa sin U.E.;Junio;326
Total nacional;Rioja, La;Resto de Europa sin U.E.;Julio;248
Total nacional;Rioja, La;Resto de Europa sin U.E.;Agosto;354
Total nacional;Rioja, La;Resto de Europa sin U.E.;Septiembre;255
Total nacional;Rioja, La;Resto de Europa sin U.E.;Octubre;277
Total nacional;Rioja, La;Resto de Europa sin U.E.;Noviembre;204
Total nacional;Rioja, La;Resto de Europa sin U.E.;Diciembre;127
Total nacional;Rioja, La;Japón;Total;1.554
Total nacional;Rioja, La;Japón;Enero;32
Total nacional;Rioja, La;Japón;Febrero;113
Total nacional;Rioja, La;Japón;Marzo;51
Total nacional;Rioja, La;Japón;Abril;62
Total nacional;Rioja, La;Japón;Mayo;251
Total nacional;Rioja, La;Japón;Junio;91
Total nacional;Rioja, La;Japón;Julio;136
Total nacional;Rioja, La;Japón;Agosto;148
Total nacional;Rioja, La;Japón;Septiembre;364
Total nacional;Rioja, La;Japón;Octubre;206
Total nacional;Rioja, La;Japón;Noviembre;60
Total nacional;Rioja, La;Japón;Diciembre;39
Total nacional;Rioja, La;Estados Unidos;Total;20.111
Total nacional;Rioja, La;Estados Unidos;Enero;295
Total nacional;Rioja, La;Estados Unidos;Febrero;341
Total nacional;Rioja, La;Estados Unidos;Marzo;752
Total nacional;Rioja, La;Estados Unidos;Abril;1.678
Total nacional;Rioja, La;Estados Unidos;Mayo;4.056
Total nacional;Rioja, La;Estados Unidos;Junio;2.854
Total nacional;Rioja, La;Estados Unidos;Julio;2.028
Total nacional;Rioja, La;Estados Unidos;Agosto;1.133
Total nacional;Rioja, La;Estados Unidos;Septiembre;3.699
Total nacional;Rioja, La;Estados Unidos;Octubre;2.133
Total nacional;Rioja, La;Estados Unidos;Noviembre;796
Total nacional;Rioja, La;Estados Unidos;Diciembre;344
Total nacional;Rioja, La;Resto de América;Total;17.717
Total nacional;Rioja, La;Resto de América;Enero;680
Total nacional;Rioja, La;Resto de América;Febrero;430
Total nacional;Rioja, La;Resto de América;Marzo;1.113
Total nacional;Rioja, La;Resto de América;Abril;1.418
Total nacional;Rioja, La;Resto de América;Mayo;2.600
Total nacional;Rioja, La;Resto de América;Junio;1.664
Total nacional;Rioja, La;Resto de América;Julio;1.778
Total nacional;Rioja, La;Resto de América;Agosto;1.589
Total nacional;Rioja, La;Resto de América;Septiembre;3.024
Total nacional;Rioja, La;Resto de América;Octubre;2.081
Total nacional;Rioja, La;Resto de América;Noviembre;903
Total nacional;Rioja, La;Resto de América;Diciembre;438
Total nacional;Rioja, La;Países africanos;Total;4.722
Total nacional;Rioja, La;Países africanos;Enero;431
Total nacional;Rioja, La;Países africanos;Febrero;479
Total nacional;Rioja, La;Países africanos;Marzo;483
Total nacional;Rioja, La;Países africanos;Abril;434
Total nacional;Rioja, La;Países africanos;Mayo;616
Total nacional;Rioja, La;Países africanos;Junio;512
Total nacional;Rioja, La;Países africanos;Julio;521
Total nacional;Rioja, La;Países africanos;Agosto;320
Total nacional;Rioja, La;Países africanos;Septiembre;262
Total nacional;Rioja, La;Países africanos;Octubre;250
Total nacional;Rioja, La;Países africanos;Noviembre;205
Total nacional;Rioja, La;Países africanos;Diciembre;210
Total nacional;Ceuta;Total;Total;182.114
Total nacional;Ceuta;Total;Enero;14.734
Total nacional;Ceuta;Total;Febrero;12.946
Total nacional;Ceuta;Total;Marzo;16.645
Total nacional;Ceuta;Total;Abril;18.056
Total nacional;Ceuta;Total;Mayo;14.438
Total nacional;Ceuta;Total;Junio;13.010
Total nacional;Ceuta;Total;Julio;18.886
Total nacional;Ceuta;Total;Agosto;19.362
Total nacional;Ceuta;Total;Septiembre;15.026
Total nacional;Ceuta;Total;Octubre;11.571
Total nacional;Ceuta;Total;Noviembre;13.974
Total nacional;Ceuta;Total;Diciembre;13.466
Total nacional;Ceuta;Residentes en España;Total;123.562
Total nacional;Ceuta;Residentes en España;Enero;8.772
Total nacional;Ceuta;Residentes en España;Febrero;8.036
Total nacional;Ceuta;Residentes en España;Marzo;13.819
Total nacional;Ceuta;Residentes en España;Abril;13.302
Total nacional;Ceuta;Residentes en España;Mayo;10.561
Total nacional;Ceuta;Residentes en España;Junio;9.739
Total nacional;Ceuta;Residentes en España;Julio;13.015
Total nacional;Ceuta;Residentes en España;Agosto;10.376
Total nacional;Ceuta;Residentes en España;Septiembre;10.235
Total nacional;Ceuta;Residentes en España;Octubre;7.854
Total nacional;Ceuta;Residentes en España;Noviembre;9.041
Total nacional;Ceuta;Residentes en España;Diciembre;8.813
Total nacional;Ceuta;No residentes en España;Total;58.552
Total nacional;Ceuta;No residentes en España;Enero;5.962
Total nacional;Ceuta;No residentes en España;Febrero;4.910
Total nacional;Ceuta;No residentes en España;Marzo;2.826
Total nacional;Ceuta;No residentes en España;Abril;4.755
Total nacional;Ceuta;No residentes en España;Mayo;3.877
Total nacional;Ceuta;No residentes en España;Junio;3.272
Total nacional;Ceuta;No residentes en España;Julio;5.871
Total nacional;Ceuta;No residentes en España;Agosto;8.987
Total nacional;Ceuta;No residentes en España;Septiembre;4.791
Total nacional;Ceuta;No residentes en España;Octubre;3.717
Total nacional;Ceuta;No residentes en España;Noviembre;4.933
Total nacional;Ceuta;No residentes en España;Diciembre;4.653
Total nacional;Ceuta;Unión Europea (sin España);Total;13.656
Total nacional;Ceuta;Unión Europea (sin España);Enero;1.090
Total nacional;Ceuta;Unión Europea (sin España);Febrero;1.131
Total nacional;Ceuta;Unión Europea (sin España);Marzo;475
Total nacional;Ceuta;Unión Europea (sin España);Abril;889
Total nacional;Ceuta;Unión Europea (sin España);Mayo;703
Total nacional;Ceuta;Unión Europea (sin España);Junio;677
Total nacional;Ceuta;Unión Europea (sin España);Julio;1.539
Total nacional;Ceuta;Unión Europea (sin España);Agosto;2.667
Total nacional;Ceuta;Unión Europea (sin España);Septiembre;1.237
Total nacional;Ceuta;Unión Europea (sin España);Octubre;1.077
Total nacional;Ceuta;Unión Europea (sin España);Noviembre;1.130
Total nacional;Ceuta;Unión Europea (sin España);Diciembre;1.041
Total nacional;Ceuta;Alemania;Total;803
Total nacional;Ceuta;Alemania;Enero;157
Total nacional;Ceuta;Alemania;Febrero;130
Total nacional;Ceuta;Alemania;Marzo;23
Total nacional;Ceuta;Alemania;Abril;46
Total nacional;Ceuta;Alemania;Mayo;50
Total nacional;Ceuta;Alemania;Junio;39
Total nacional;Ceuta;Alemania;Julio;49
Total nacional;Ceuta;Alemania;Agosto;55
Total nacional;Ceuta;Alemania;Septiembre;22
Total nacional;Ceuta;Alemania;Octubre;33
Total nacional;Ceuta;Alemania;Noviembre;93
Total nacional;Ceuta;Alemania;Diciembre;108
Total nacional;Ceuta;Austria;Total;87
Total nacional;Ceuta;Austria;Enero;..
Total nacional;Ceuta;Austria;Febrero;..
Total nacional;Ceuta;Austria;Marzo;..
Total nacional;Ceuta;Austria;Abril;..
Total nacional;Ceuta;Austria;Mayo;..
Total nacional;Ceuta;Austria;Junio;..
Total nacional;Ceuta;Austria;Julio;..
Total nacional;Ceuta;Austria;Agosto;..
Total nacional;Ceuta;Austria;Septiembre;..
Total nacional;Ceuta;Austria;Octubre;..
Total nacional;Ceuta;Austria;Noviembre;..
Total nacional;Ceuta;Austria;Diciembre;..
Total nacional;Ceuta;Bélgica;Total;875
Total nacional;Ceuta;Bélgica;Enero;..
Total nacional;Ceuta;Bélgica;Febrero;96
Total nacional;Ceuta;Bélgica;Marzo;22
Total nacional;Ceuta;Bélgica;Abril;66
Total nacional;Ceuta;Bélgica;Mayo;67
Total nacional;Ceuta;Bélgica;Junio;49
Total nacional;Ceuta;Bélgica;Julio;148
Total nacional;Ceuta;Bélgica;Agosto;191
Total nacional;Ceuta;Bélgica;Septiembre;105
Total nacional;Ceuta;Bélgica;Octubre;52
Total nacional;Ceuta;Bélgica;Noviembre;..
Total nacional;Ceuta;Bélgica;Diciembre;41
Total nacional;Ceuta;Dinamarca;Total;134
Total nacional;Ceuta;Dinamarca;Enero;..
Total nacional;Ceuta;Dinamarca;Febrero;..
Total nacional;Ceuta;Dinamarca;Marzo;..
Total nacional;Ceuta;Dinamarca;Abril;..
Total nacional;Ceuta;Dinamarca;Mayo;..
Total nacional;Ceuta;Dinamarca;Junio;..
Total nacional;Ceuta;Dinamarca;Julio;..
Total nacional;Ceuta;Dinamarca;Agosto;..
Total nacional;Ceuta;Dinamarca;Septiembre;22
Total nacional;Ceuta;Dinamarca;Octubre;..
Total nacional;Ceuta;Dinamarca;Noviembre;..
Total nacional;Ceuta;Dinamarca;Diciembre;..
Total nacional;Ceuta;Finlandia;Total;..
Total nacional;Ceuta;Finlandia;Enero;..
Total nacional;Ceuta;Finlandia;Febrero;..
Total nacional;Ceuta;Finlandia;Marzo;..
Total nacional;Ceuta;Finlandia;Abril;..
Total nacional;Ceuta;Finlandia;Mayo;..
Total nacional;Ceuta;Finlandia;Junio;..
Total nacional;Ceuta;Finlandia;Julio;..
Total nacional;Ceuta;Finlandia;Agosto;..
Total nacional;Ceuta;Finlandia;Septiembre;..
Total nacional;Ceuta;Finlandia;Octubre;..
Total nacional;Ceuta;Finlandia;Noviembre;..
Total nacional;Ceuta;Finlandia;Diciembre;..
Total nacional;Ceuta;Francia;Total;7.270
Total nacional;Ceuta;Francia;Enero;669
Total nacional;Ceuta;Francia;Febrero;474
Total nacional;Ceuta;Francia;Marzo;256
Total nacional;Ceuta;Francia;Abril;531
Total nacional;Ceuta;Francia;Mayo;376
Total nacional;Ceuta;Francia;Junio;387
Total nacional;Ceuta;Francia;Julio;686
Total nacional;Ceuta;Francia;Agosto;1.238
Total nacional;Ceuta;Francia;Septiembre;603
Total nacional;Ceuta;Francia;Octubre;535
Total nacional;Ceuta;Francia;Noviembre;822
Total nacional;Ceuta;Francia;Diciembre;693
Total nacional;Ceuta;Grecia;Total;..
Total nacional;Ceuta;Grecia;Enero;..
Total nacional;Ceuta;Grecia;Febrero;..
Total nacional;Ceuta;Grecia;Marzo;..
Total nacional;Ceuta;Grecia;Abril;..
Total nacional;Ceuta;Grecia;Mayo;..
Total nacional;Ceuta;Grecia;Junio;..
Total nacional;Ceuta;Grecia;Julio;..
Total nacional;Ceuta;Grecia;Agosto;..
Total nacional;Ceuta;Grecia;Septiembre;..
Total nacional;Ceuta;Grecia;Octubre;..
Total nacional;Ceuta;Grecia;Noviembre;..
Total nacional;Ceuta;Grecia;Diciembre;..
Total nacional;Ceuta;Irlanda;Total;120
Total nacional;Ceuta;Irlanda;Enero;..
Total nacional;Ceuta;Irlanda;Febrero;..
Total nacional;Ceuta;Irlanda;Marzo;..
Total nacional;Ceuta;Irlanda;Abril;..
Total nacional;Ceuta;Irlanda;Mayo;..
Total nacional;Ceuta;Irlanda;Junio;..
Total nacional;Ceuta;Irlanda;Julio;..
Total nacional;Ceuta;Irlanda;Agosto;..
Total nacional;Ceuta;Irlanda;Septiembre;..
Total nacional;Ceuta;Irlanda;Octubre;56
Total nacional;Ceuta;Irlanda;Noviembre;..
Total nacional;Ceuta;Irlanda;Diciembre;..
Total nacional;Ceuta;Italia;Total;678
Total nacional;Ceuta;Italia;Enero;95
Total nacional;Ceuta;Italia;Febrero;..
Total nacional;Ceuta;Italia;Marzo;..
Total nacional;Ceuta;Italia;Abril;30
Total nacional;Ceuta;Italia;Mayo;42
Total nacional;Ceuta;Italia;Junio;33
Total nacional;Ceuta;Italia;Julio;98
Total nacional;Ceuta;Italia;Agosto;128
Total nacional;Ceuta;Italia;Septiembre;69
Total nacional;Ceuta;Italia;Octubre;59
Total nacional;Ceuta;Italia;Noviembre;..
Total nacional;Ceuta;Italia;Diciembre;..
Total nacional;Ceuta;Luxemburgo;Total;..
Total nacional;Ceuta;Luxemburgo;Enero;..
Total nacional;Ceuta;Luxemburgo;Febrero;..
Total nacional;Ceuta;Luxemburgo;Marzo;..
Total nacional;Ceuta;Luxemburgo;Abril;..
Total nacional;Ceuta;Luxemburgo;Mayo;..
Total nacional;Ceuta;Luxemburgo;Junio;..
Total nacional;Ceuta;Luxemburgo;Julio;..
Total nacional;Ceuta;Luxemburgo;Agosto;..
Total nacional;Ceuta;Luxemburgo;Septiembre;..
Total nacional;Ceuta;Luxemburgo;Octubre;..
Total nacional;Ceuta;Luxemburgo;Noviembre;..
Total nacional;Ceuta;Luxemburgo;Diciembre;..
Total nacional;Ceuta;Países Bajos;Total;480
Total nacional;Ceuta;Países Bajos;Enero;40
Total nacional;Ceuta;Países Bajos;Febrero;..
Total nacional;Ceuta;Países Bajos;Marzo;20
Total nacional;Ceuta;Países Bajos;Abril;30
Total nacional;Ceuta;Países Bajos;Mayo;38
Total nacional;Ceuta;Países Bajos;Junio;..
Total nacional;Ceuta;Países Bajos;Julio;79
Total nacional;Ceuta;Países Bajos;Agosto;100
Total nacional;Ceuta;Países Bajos;Septiembre;..
Total nacional;Ceuta;Países Bajos;Octubre;20
Total nacional;Ceuta;Países Bajos;Noviembre;37
Total nacional;Ceuta;Países Bajos;Diciembre;44
Total nacional;Ceuta;Polonia;Total;274
Total nacional;Ceuta;Polonia;Enero;..
Total nacional;Ceuta;Polonia;Febrero;..
Total nacional;Ceuta;Polonia;Marzo;..
Total nacional;Ceuta;Polonia;Abril;..
Total nacional;Ceuta;Polonia;Mayo;..
Total nacional;Ceuta;Polonia;Junio;..
Total nacional;Ceuta;Polonia;Julio;..
Total nacional;Ceuta;Polonia;Agosto;81
Total nacional;Ceuta;Polonia;Septiembre;..
Total nacional;Ceuta;Polonia;Octubre;..
Total nacional;Ceuta;Polonia;Noviembre;..
Total nacional;Ceuta;Polonia;Diciembre;..
Total nacional;Ceuta;Portugal;Total;969
Total nacional;Ceuta;Portugal;Enero;..
Total nacional;Ceuta;Portugal;Febrero;..
Total nacional;Ceuta;Portugal;Marzo;..
Total nacional;Ceuta;Portugal;Abril;56
Total nacional;Ceuta;Portugal;Mayo;..
Total nacional;Ceuta;Portugal;Junio;..
Total nacional;Ceuta;Portugal;Julio;..
Total nacional;Ceuta;Portugal;Agosto;485
Total nacional;Ceuta;Portugal;Septiembre;102
Total nacional;Ceuta;Portugal;Octubre;39
Total nacional;Ceuta;Portugal;Noviembre;20
Total nacional;Ceuta;Portugal;Diciembre;..
Total nacional;Ceuta;Reino Unido;Total;702
Total nacional;Ceuta;Reino Unido;Enero;28
Total nacional;Ceuta;Reino Unido;Febrero;..
Total nacional;Ceuta;Reino Unido;Marzo;75
Total nacional;Ceuta;Reino Unido;Abril;66
Total nacional;Ceuta;Reino Unido;Mayo;29
Total nacional;Ceuta;Reino Unido;Junio;73
Total nacional;Ceuta;Reino Unido;Julio;48
Total nacional;Ceuta;Reino Unido;Agosto;67
Total nacional;Ceuta;Reino Unido;Septiembre;54
Total nacional;Ceuta;Reino Unido;Octubre;..
Total nacional;Ceuta;Reino Unido;Noviembre;54
Total nacional;Ceuta;Reino Unido;Diciembre;42
Total nacional;Ceuta;República Checa;Total;..
Total nacional;Ceuta;República Checa;Enero;..
Total nacional;Ceuta;República Checa;Febrero;..
Total nacional;Ceuta;República Checa;Marzo;..
Total nacional;Ceuta;República Checa;Abril;..
Total nacional;Ceuta;República Checa;Mayo;..
Total nacional;Ceuta;República Checa;Junio;..
Total nacional;Ceuta;República Checa;Julio;..
Total nacional;Ceuta;República Checa;Agosto;..
Total nacional;Ceuta;República Checa;Septiembre;..
Total nacional;Ceuta;República Checa;Octubre;..
Total nacional;Ceuta;República Checa;Noviembre;..
Total nacional;Ceuta;República Checa;Diciembre;..
Total nacional;Ceuta;Suecia;Total;391
Total nacional;Ceuta;Suecia;Enero;..
Total nacional;Ceuta;Suecia;Febrero;..
Total nacional;Ceuta;Suecia;Marzo;..
Total nacional;Ceuta;Suecia;Abril;..
Total nacional;Ceuta;Suecia;Mayo;..
Total nacional;Ceuta;Suecia;Junio;..
Total nacional;Ceuta;Suecia;Julio;..
Total nacional;Ceuta;Suecia;Agosto;..
Total nacional;Ceuta;Suecia;Septiembre;74
Total nacional;Ceuta;Suecia;Octubre;..
Total nacional;Ceuta;Suecia;Noviembre;..
Total nacional;Ceuta;Suecia;Diciembre;..
Total nacional;Ceuta;Noruega;Total;57
Total nacional;Ceuta;Noruega;Enero;..
Total nacional;Ceuta;Noruega;Febrero;..
Total nacional;Ceuta;Noruega;Marzo;..
Total nacional;Ceuta;Noruega;Abril;..
Total nacional;Ceuta;Noruega;Mayo;..
Total nacional;Ceuta;Noruega;Junio;..
Total nacional;Ceuta;Noruega;Julio;..
Total nacional;Ceuta;Noruega;Agosto;..
Total nacional;Ceuta;Noruega;Septiembre;..
Total nacional;Ceuta;Noruega;Octubre;..
Total nacional;Ceuta;Noruega;Noviembre;..
Total nacional;Ceuta;Noruega;Diciembre;..
Total nacional;Ceuta;Rusia;Total;73
Total nacional;Ceuta;Rusia;Enero;..
Total nacional;Ceuta;Rusia;Febrero;..
Total nacional;Ceuta;Rusia;Marzo;..
Total nacional;Ceuta;Rusia;Abril;..
Total nacional;Ceuta;Rusia;Mayo;..
Total nacional;Ceuta;Rusia;Junio;..
Total nacional;Ceuta;Rusia;Julio;..
Total nacional;Ceuta;Rusia;Agosto;..
Total nacional;Ceuta;Rusia;Septiembre;..
Total nacional;Ceuta;Rusia;Octubre;..
Total nacional;Ceuta;Rusia;Noviembre;..
Total nacional;Ceuta;Rusia;Diciembre;28
Total nacional;Ceuta;Suiza;Total;145
Total nacional;Ceuta;Suiza;Enero;..
Total nacional;Ceuta;Suiza;Febrero;..
Total nacional;Ceuta;Suiza;Marzo;..
Total nacional;Ceuta;Suiza;Abril;..
Total nacional;Ceuta;Suiza;Mayo;..
Total nacional;Ceuta;Suiza;Junio;..
Total nacional;Ceuta;Suiza;Julio;..
Total nacional;Ceuta;Suiza;Agosto;..
Total nacional;Ceuta;Suiza;Septiembre;..
Total nacional;Ceuta;Suiza;Octubre;..
Total nacional;Ceuta;Suiza;Noviembre;..
Total nacional;Ceuta;Suiza;Diciembre;..
Total nacional;Ceuta;Resto de Europa sin U.E.;Total;205
Total nacional;Ceuta;Resto de Europa sin U.E.;Enero;..
Total nacional;Ceuta;Resto de Europa sin U.E.;Febrero;..
Total nacional;Ceuta;Resto de Europa sin U.E.;Marzo;..
Total nacional;Ceuta;Resto de Europa sin U.E.;Abril;..
Total nacional;Ceuta;Resto de Europa sin U.E.;Mayo;..
Total nacional;Ceuta;Resto de Europa sin U.E.;Junio;..
Total nacional;Ceuta;Resto de Europa sin U.E.;Julio;..
Total nacional;Ceuta;Resto de Europa sin U.E.;Agosto;..
Total nacional;Ceuta;Resto de Europa sin U.E.;Septiembre;146
Total nacional;Ceuta;Resto de Europa sin U.E.;Octubre;..
Total nacional;Ceuta;Resto de Europa sin U.E.;Noviembre;..
Total nacional;Ceuta;Resto de Europa sin U.E.;Diciembre;..
Total nacional;Ceuta;Japón;Total;166
Total nacional;Ceuta;Japón;Enero;..
Total nacional;Ceuta;Japón;Febrero;..
Total nacional;Ceuta;Japón;Marzo;..
Total nacional;Ceuta;Japón;Abril;..
Total nacional;Ceuta;Japón;Mayo;..
Total nacional;Ceuta;Japón;Junio;..
Total nacional;Ceuta;Japón;Julio;..
Total nacional;Ceuta;Japón;Agosto;..
Total nacional;Ceuta;Japón;Septiembre;..
Total nacional;Ceuta;Japón;Octubre;..
Total nacional;Ceuta;Japón;Noviembre;..
Total nacional;Ceuta;Japón;Diciembre;..
Total nacional;Ceuta;Estados Unidos;Total;398
Total nacional;Ceuta;Estados Unidos;Enero;22
Total nacional;Ceuta;Estados Unidos;Febrero;47
Total nacional;Ceuta;Estados Unidos;Marzo;24
Total nacional;Ceuta;Estados Unidos;Abril;32
Total nacional;Ceuta;Estados Unidos;Mayo;32
Total nacional;Ceuta;Estados Unidos;Junio;..
Total nacional;Ceuta;Estados Unidos;Julio;..
Total nacional;Ceuta;Estados Unidos;Agosto;38
Total nacional;Ceuta;Estados Unidos;Septiembre;35
Total nacional;Ceuta;Estados Unidos;Octubre;24
Total nacional;Ceuta;Estados Unidos;Noviembre;42
Total nacional;Ceuta;Estados Unidos;Diciembre;48
Total nacional;Ceuta;Resto de América;Total;1.431
Total nacional;Ceuta;Resto de América;Enero;366
Total nacional;Ceuta;Resto de América;Febrero;101
Total nacional;Ceuta;Resto de América;Marzo;..
Total nacional;Ceuta;Resto de América;Abril;..
Total nacional;Ceuta;Resto de América;Mayo;76
Total nacional;Ceuta;Resto de América;Junio;360
Total nacional;Ceuta;Resto de América;Julio;35
Total nacional;Ceuta;Resto de América;Agosto;134
Total nacional;Ceuta;Resto de América;Septiembre;86
Total nacional;Ceuta;Resto de América;Octubre;53
Total nacional;Ceuta;Resto de América;Noviembre;82
Total nacional;Ceuta;Resto de América;Diciembre;65
Total nacional;Ceuta;Países africanos;Total;40.641
Total nacional;Ceuta;Países africanos;Enero;4.405
Total nacional;Ceuta;Países africanos;Febrero;2.413
Total nacional;Ceuta;Países africanos;Marzo;2.246
Total nacional;Ceuta;Países africanos;Abril;3.715
Total nacional;Ceuta;Países africanos;Mayo;2.999
Total nacional;Ceuta;Países africanos;Junio;2.138
Total nacional;Ceuta;Países africanos;Julio;4.114
Total nacional;Ceuta;Países africanos;Agosto;6.033
Total nacional;Ceuta;Países africanos;Septiembre;3.234
Total nacional;Ceuta;Países africanos;Octubre;2.378
Total nacional;Ceuta;Países africanos;Noviembre;3.615
Total nacional;Ceuta;Países africanos;Diciembre;3.350
Total nacional;Melilla;Total;Total;154.713
Total nacional;Melilla;Total;Enero;11.581
Total nacional;Melilla;Total;Febrero;10.094
Total nacional;Melilla;Total;Marzo;11.602
Total nacional;Melilla;Total;Abril;12.637
Total nacional;Melilla;Total;Mayo;11.459
Total nacional;Melilla;Total;Junio;11.632
Total nacional;Melilla;Total;Julio;13.482
Total nacional;Melilla;Total;Agosto;15.626
Total nacional;Melilla;Total;Septiembre;14.957
Total nacional;Melilla;Total;Octubre;14.900
Total nacional;Melilla;Total;Noviembre;15.928
Total nacional;Melilla;Total;Diciembre;10.815
Total nacional;Melilla;Residentes en España;Total;124.485
Total nacional;Melilla;Residentes en España;Enero;9.048
Total nacional;Melilla;Residentes en España;Febrero;8.417
Total nacional;Melilla;Residentes en España;Marzo;9.647
Total nacional;Melilla;Residentes en España;Abril;10.386
Total nacional;Melilla;Residentes en España;Mayo;9.659
Total nacional;Melilla;Residentes en España;Junio;9.904
Total nacional;Melilla;Residentes en España;Julio;10.710
Total nacional;Melilla;Residentes en España;Agosto;11.225
Total nacional;Melilla;Residentes en España;Septiembre;11.517
Total nacional;Melilla;Residentes en España;Octubre;12.105
Total nacional;Melilla;Residentes en España;Noviembre;13.389
Total nacional;Melilla;Residentes en España;Diciembre;8.477
Total nacional;Melilla;No residentes en España;Total;30.228
Total nacional;Melilla;No residentes en España;Enero;2.534
Total nacional;Melilla;No residentes en España;Febrero;1.677
Total nacional;Melilla;No residentes en España;Marzo;1.955
Total nacional;Melilla;No residentes en España;Abril;2.251
Total nacional;Melilla;No residentes en España;Mayo;1.800
Total nacional;Melilla;No residentes en España;Junio;1.727
Total nacional;Melilla;No residentes en España;Julio;2.773
Total nacional;Melilla;No residentes en España;Agosto;4.401
Total nacional;Melilla;No residentes en España;Septiembre;3.440
Total nacional;Melilla;No residentes en España;Octubre;2.795
Total nacional;Melilla;No residentes en España;Noviembre;2.538
Total nacional;Melilla;No residentes en España;Diciembre;2.338
Total nacional;Melilla;Unión Europea (sin España);Total;11.003
Total nacional;Melilla;Unión Europea (sin España);Enero;677
Total nacional;Melilla;Unión Europea (sin España);Febrero;335
Total nacional;Melilla;Unión Europea (sin España);Marzo;766
Total nacional;Melilla;Unión Europea (sin España);Abril;866
Total nacional;Melilla;Unión Europea (sin España);Mayo;682
Total nacional;Melilla;Unión Europea (sin España);Junio;559
Total nacional;Melilla;Unión Europea (sin España);Julio;841
Total nacional;Melilla;Unión Europea (sin España);Agosto;1.799
Total nacional;Melilla;Unión Europea (sin España);Septiembre;1.651
Total nacional;Melilla;Unión Europea (sin España);Octubre;1.360
Total nacional;Melilla;Unión Europea (sin España);Noviembre;817
Total nacional;Melilla;Unión Europea (sin España);Diciembre;650
Total nacional;Melilla;Alemania;Total;1.565
Total nacional;Melilla;Alemania;Enero;79
Total nacional;Melilla;Alemania;Febrero;43
Total nacional;Melilla;Alemania;Marzo;186
Total nacional;Melilla;Alemania;Abril;109
Total nacional;Melilla;Alemania;Mayo;99
Total nacional;Melilla;Alemania;Junio;106
Total nacional;Melilla;Alemania;Julio;95
Total nacional;Melilla;Alemania;Agosto;231
Total nacional;Melilla;Alemania;Septiembre;194
Total nacional;Melilla;Alemania;Octubre;184
Total nacional;Melilla;Alemania;Noviembre;124
Total nacional;Melilla;Alemania;Diciembre;114
Total nacional;Melilla;Austria;Total;152
Total nacional;Melilla;Austria;Enero;..
Total nacional;Melilla;Austria;Febrero;..
Total nacional;Melilla;Austria;Marzo;..
Total nacional;Melilla;Austria;Abril;..
Total nacional;Melilla;Austria;Mayo;..
Total nacional;Melilla;Austria;Junio;..
Total nacional;Melilla;Austria;Julio;..
Total nacional;Melilla;Austria;Agosto;..
Total nacional;Melilla;Austria;Septiembre;..
Total nacional;Melilla;Austria;Octubre;..
Total nacional;Melilla;Austria;Noviembre;..
Total nacional;Melilla;Austria;Diciembre;..
Total nacional;Melilla;Bélgica;Total;1.494
Total nacional;Melilla;Bélgica;Enero;..
Total nacional;Melilla;Bélgica;Febrero;84
Total nacional;Melilla;Bélgica;Marzo;256
Total nacional;Melilla;Bélgica;Abril;70
Total nacional;Melilla;Bélgica;Mayo;60
Total nacional;Melilla;Bélgica;Junio;68
Total nacional;Melilla;Bélgica;Julio;129
Total nacional;Melilla;Bélgica;Agosto;249
Total nacional;Melilla;Bélgica;Septiembre;228
Total nacional;Melilla;Bélgica;Octubre;123
Total nacional;Melilla;Bélgica;Noviembre;..
Total nacional;Melilla;Bélgica;Diciembre;80
Total nacional;Melilla;Dinamarca;Total;373
Total nacional;Melilla;Dinamarca;Enero;..
Total nacional;Melilla;Dinamarca;Febrero;..
Total nacional;Melilla;Dinamarca;Marzo;..
Total nacional;Melilla;Dinamarca;Abril;..
Total nacional;Melilla;Dinamarca;Mayo;..
Total nacional;Melilla;Dinamarca;Junio;..
Total nacional;Melilla;Dinamarca;Julio;..
Total nacional;Melilla;Dinamarca;Agosto;..
Total nacional;Melilla;Dinamarca;Septiembre;212
Total nacional;Melilla;Dinamarca;Octubre;..
Total nacional;Melilla;Dinamarca;Noviembre;..
Total nacional;Melilla;Dinamarca;Diciembre;22
Total nacional;Melilla;Finlandia;Total;..
Total nacional;Melilla;Finlandia;Enero;..
Total nacional;Melilla;Finlandia;Febrero;..
Total nacional;Melilla;Finlandia;Marzo;..
Total nacional;Melilla;Finlandia;Abril;..
Total nacional;Melilla;Finlandia;Mayo;..
Total nacional;Melilla;Finlandia;Junio;..
Total nacional;Melilla;Finlandia;Julio;..
Total nacional;Melilla;Finlandia;Agosto;..
Total nacional;Melilla;Finlandia;Septiembre;..
Total nacional;Melilla;Finlandia;Octubre;..
Total nacional;Melilla;Finlandia;Noviembre;..
Total nacional;Melilla;Finlandia;Diciembre;..
Total nacional;Melilla;Francia;Total;2.759
Total nacional;Melilla;Francia;Enero;213
Total nacional;Melilla;Francia;Febrero;75
Total nacional;Melilla;Francia;Marzo;64
Total nacional;Melilla;Francia;Abril;240
Total nacional;Melilla;Francia;Mayo;149
Total nacional;Melilla;Francia;Junio;166
Total nacional;Melilla;Francia;Julio;241
Total nacional;Melilla;Francia;Agosto;615
Total nacional;Melilla;Francia;Septiembre;390
Total nacional;Melilla;Francia;Octubre;266
Total nacional;Melilla;Francia;Noviembre;141
Total nacional;Melilla;Francia;Diciembre;201
Total nacional;Melilla;Grecia;Total;..
Total nacional;Melilla;Grecia;Enero;..
Total nacional;Melilla;Grecia;Febrero;..
Total nacional;Melilla;Grecia;Marzo;..
Total nacional;Melilla;Grecia;Abril;..
Total nacional;Melilla;Grecia;Mayo;..
Total nacional;Melilla;Grecia;Junio;..
Total nacional;Melilla;Grecia;Julio;..
Total nacional;Melilla;Grecia;Agosto;..
Total nacional;Melilla;Grecia;Septiembre;..
Total nacional;Melilla;Grecia;Octubre;..
Total nacional;Melilla;Grecia;Noviembre;..
Total nacional;Melilla;Grecia;Diciembre;..
Total nacional;Melilla;Irlanda;Total;148
Total nacional;Melilla;Irlanda;Enero;..
Total nacional;Melilla;Irlanda;Febrero;..
Total nacional;Melilla;Irlanda;Marzo;..
Total nacional;Melilla;Irlanda;Abril;..
Total nacional;Melilla;Irlanda;Mayo;..
Total nacional;Melilla;Irlanda;Junio;..
Total nacional;Melilla;Irlanda;Julio;..
Total nacional;Melilla;Irlanda;Agosto;..
Total nacional;Melilla;Irlanda;Septiembre;..
Total nacional;Melilla;Irlanda;Octubre;27
Total nacional;Melilla;Irlanda;Noviembre;..
Total nacional;Melilla;Irlanda;Diciembre;..
Total nacional;Melilla;Italia;Total;517
Total nacional;Melilla;Italia;Enero;61
Total nacional;Melilla;Italia;Febrero;..
Total nacional;Melilla;Italia;Marzo;..
Total nacional;Melilla;Italia;Abril;68
Total nacional;Melilla;Italia;Mayo;84
Total nacional;Melilla;Italia;Junio;27
Total nacional;Melilla;Italia;Julio;30
Total nacional;Melilla;Italia;Agosto;70
Total nacional;Melilla;Italia;Septiembre;75
Total nacional;Melilla;Italia;Octubre;60
Total nacional;Melilla;Italia;Noviembre;..
Total nacional;Melilla;Italia;Diciembre;..
Total nacional;Melilla;Luxemburgo;Total;26
Total nacional;Melilla;Luxemburgo;Enero;..
Total nacional;Melilla;Luxemburgo;Febrero;..
Total nacional;Melilla;Luxemburgo;Marzo;..
Total nacional;Melilla;Luxemburgo;Abril;..
Total nacional;Melilla;Luxemburgo;Mayo;..
Total nacional;Melilla;Luxemburgo;Junio;..
Total nacional;Melilla;Luxemburgo;Julio;..
Total nacional;Melilla;Luxemburgo;Agosto;..
Total nacional;Melilla;Luxemburgo;Septiembre;..
Total nacional;Melilla;Luxemburgo;Octubre;..
Total nacional;Melilla;Luxemburgo;Noviembre;..
Total nacional;Melilla;Luxemburgo;Diciembre;..
Total nacional;Melilla;Países Bajos;Total;1.199
Total nacional;Melilla;Países Bajos;Enero;35
Total nacional;Melilla;Países Bajos;Febrero;..
Total nacional;Melilla;Países Bajos;Marzo;70
Total nacional;Melilla;Países Bajos;Abril;72
Total nacional;Melilla;Países Bajos;Mayo;92
Total nacional;Melilla;Países Bajos;Junio;..
Total nacional;Melilla;Países Bajos;Julio;135
Total nacional;Melilla;Países Bajos;Agosto;372
Total nacional;Melilla;Países Bajos;Septiembre;..
Total nacional;Melilla;Países Bajos;Octubre;118
Total nacional;Melilla;Países Bajos;Noviembre;51
Total nacional;Melilla;Países Bajos;Diciembre;74
Total nacional;Melilla;Polonia;Total;152
Total nacional;Melilla;Polonia;Enero;..
Total nacional;Melilla;Polonia;Febrero;..
Total nacional;Melilla;Polonia;Marzo;..
Total nacional;Melilla;Polonia;Abril;..
Total nacional;Melilla;Polonia;Mayo;..
Total nacional;Melilla;Polonia;Junio;..
Total nacional;Melilla;Polonia;Julio;..
Total nacional;Melilla;Polonia;Agosto;22
Total nacional;Melilla;Polonia;Septiembre;..
Total nacional;Melilla;Polonia;Octubre;..
Total nacional;Melilla;Polonia;Noviembre;..
Total nacional;Melilla;Polonia;Diciembre;..
Total nacional;Melilla;Portugal;Total;606
Total nacional;Melilla;Portugal;Enero;..
Total nacional;Melilla;Portugal;Febrero;..
Total nacional;Melilla;Portugal;Marzo;..
Total nacional;Melilla;Portugal;Abril;87
Total nacional;Melilla;Portugal;Mayo;..
Total nacional;Melilla;Portugal;Junio;..
Total nacional;Melilla;Portugal;Julio;..
Total nacional;Melilla;Portugal;Agosto;21
Total nacional;Melilla;Portugal;Septiembre;54
Total nacional;Melilla;Portugal;Octubre;190
Total nacional;Melilla;Portugal;Noviembre;160
Total nacional;Melilla;Portugal;Diciembre;..
Total nacional;Melilla;Reino Unido;Total;884
Total nacional;Melilla;Reino Unido;Enero;59
Total nacional;Melilla;Reino Unido;Febrero;..
Total nacional;Melilla;Reino Unido;Marzo;31
Total nacional;Melilla;Reino Unido;Abril;49
Total nacional;Melilla;Reino Unido;Mayo;53
Total nacional;Melilla;Reino Unido;Junio;66
Total nacional;Melilla;Reino Unido;Julio;131
Total nacional;Melilla;Reino Unido;Agosto;146
Total nacional;Melilla;Reino Unido;Septiembre;146
Total nacional;Melilla;Reino Unido;Octubre;..
Total nacional;Melilla;Reino Unido;Noviembre;27
Total nacional;Melilla;Reino Unido;Diciembre;78
Total nacional;Melilla;República Checa;Total;..
Total nacional;Melilla;República Checa;Enero;..
Total nacional;Melilla;República Checa;Febrero;..
Total nacional;Melilla;República Checa;Marzo;..
Total nacional;Melilla;República Checa;Abril;..
Total nacional;Melilla;República Checa;Mayo;..
Total nacional;Melilla;República Checa;Junio;..
Total nacional;Melilla;República Checa;Julio;..
Total nacional;Melilla;República Checa;Agosto;..
Total nacional;Melilla;República Checa;Septiembre;..
Total nacional;Melilla;República Checa;Octubre;..
Total nacional;Melilla;República Checa;Noviembre;..
Total nacional;Melilla;República Checa;Diciembre;..
Total nacional;Melilla;Suecia;Total;356
Total nacional;Melilla;Suecia;Enero;..
Total nacional;Melilla;Suecia;Febrero;29
Total nacional;Melilla;Suecia;Marzo;..
Total nacional;Melilla;Suecia;Abril;..
Total nacional;Melilla;Suecia;Mayo;..
Total nacional;Melilla;Suecia;Junio;..
Total nacional;Melilla;Suecia;Julio;..
Total nacional;Melilla;Suecia;Agosto;..
Total nacional;Melilla;Suecia;Septiembre;108
Total nacional;Melilla;Suecia;Octubre;..
Total nacional;Melilla;Suecia;Noviembre;..
Total nacional;Melilla;Suecia;Diciembre;..
Total nacional;Melilla;Noruega;Total;299
Total nacional;Melilla;Noruega;Enero;28
Total nacional;Melilla;Noruega;Febrero;..
Total nacional;Melilla;Noruega;Marzo;..
Total nacional;Melilla;Noruega;Abril;..
Total nacional;Melilla;Noruega;Mayo;..
Total nacional;Melilla;Noruega;Junio;..
Total nacional;Melilla;Noruega;Julio;..
Total nacional;Melilla;Noruega;Agosto;..
Total nacional;Melilla;Noruega;Septiembre;..
Total nacional;Melilla;Noruega;Octubre;..
Total nacional;Melilla;Noruega;Noviembre;45
Total nacional;Melilla;Noruega;Diciembre;..
Total nacional;Melilla;Rusia;Total;177
Total nacional;Melilla;Rusia;Enero;..
Total nacional;Melilla;Rusia;Febrero;..
Total nacional;Melilla;Rusia;Marzo;..
Total nacional;Melilla;Rusia;Abril;..
Total nacional;Melilla;Rusia;Mayo;..
Total nacional;Melilla;Rusia;Junio;..
Total nacional;Melilla;Rusia;Julio;..
Total nacional;Melilla;Rusia;Agosto;..
Total nacional;Melilla;Rusia;Septiembre;..
Total nacional;Melilla;Rusia;Octubre;..
Total nacional;Melilla;Rusia;Noviembre;..
Total nacional;Melilla;Rusia;Diciembre;..
Total nacional;Melilla;Suiza;Total;91
Total nacional;Melilla;Suiza;Enero;..
Total nacional;Melilla;Suiza;Febrero;..
Total nacional;Melilla;Suiza;Marzo;..
Total nacional;Melilla;Suiza;Abril;..
Total nacional;Melilla;Suiza;Mayo;..
Total nacional;Melilla;Suiza;Junio;..
Total nacional;Melilla;Suiza;Julio;..
Total nacional;Melilla;Suiza;Agosto;..
Total nacional;Melilla;Suiza;Septiembre;..
Total nacional;Melilla;Suiza;Octubre;..
Total nacional;Melilla;Suiza;Noviembre;..
Total nacional;Melilla;Suiza;Diciembre;..
Total nacional;Melilla;Resto de Europa sin U.E.;Total;245
Total nacional;Melilla;Resto de Europa sin U.E.;Enero;..
Total nacional;Melilla;Resto de Europa sin U.E.;Febrero;..
Total nacional;Melilla;Resto de Europa sin U.E.;Marzo;..
Total nacional;Melilla;Resto de Europa sin U.E.;Abril;..
Total nacional;Melilla;Resto de Europa sin U.E.;Mayo;..
Total nacional;Melilla;Resto de Europa sin U.E.;Junio;..
Total nacional;Melilla;Resto de Europa sin U.E.;Julio;..
Total nacional;Melilla;Resto de Europa sin U.E.;Agosto;..
Total nacional;Melilla;Resto de Europa sin U.E.;Septiembre;80
Total nacional;Melilla;Resto de Europa sin U.E.;Octubre;..
Total nacional;Melilla;Resto de Europa sin U.E.;Noviembre;..
Total nacional;Melilla;Resto de Europa sin U.E.;Diciembre;..
Total nacional;Melilla;Japón;Total;321
Total nacional;Melilla;Japón;Enero;..
Total nacional;Melilla;Japón;Febrero;..
Total nacional;Melilla;Japón;Marzo;..
Total nacional;Melilla;Japón;Abril;..
Total nacional;Melilla;Japón;Mayo;..
Total nacional;Melilla;Japón;Junio;..
Total nacional;Melilla;Japón;Julio;..
Total nacional;Melilla;Japón;Agosto;..
Total nacional;Melilla;Japón;Septiembre;..
Total nacional;Melilla;Japón;Octubre;..
Total nacional;Melilla;Japón;Noviembre;..
Total nacional;Melilla;Japón;Diciembre;..
Total nacional;Melilla;Estados Unidos;Total;828
Total nacional;Melilla;Estados Unidos;Enero;44
Total nacional;Melilla;Estados Unidos;Febrero;38
Total nacional;Melilla;Estados Unidos;Marzo;97
Total nacional;Melilla;Estados Unidos;Abril;121
Total nacional;Melilla;Estados Unidos;Mayo;56
Total nacional;Melilla;Estados Unidos;Junio;..
Total nacional;Melilla;Estados Unidos;Julio;..
Total nacional;Melilla;Estados Unidos;Agosto;181
Total nacional;Melilla;Estados Unidos;Septiembre;41
Total nacional;Melilla;Estados Unidos;Octubre;90
Total nacional;Melilla;Estados Unidos;Noviembre;56
Total nacional;Melilla;Estados Unidos;Diciembre;48
Total nacional;Melilla;Resto de América;Total;1.391
Total nacional;Melilla;Resto de América;Enero;135
Total nacional;Melilla;Resto de América;Febrero;71
Total nacional;Melilla;Resto de América;Marzo;..
Total nacional;Melilla;Resto de América;Abril;..
Total nacional;Melilla;Resto de América;Mayo;69
Total nacional;Melilla;Resto de América;Junio;111
Total nacional;Melilla;Resto de América;Julio;127
Total nacional;Melilla;Resto de América;Agosto;74
Total nacional;Melilla;Resto de América;Septiembre;96
Total nacional;Melilla;Resto de América;Octubre;140
Total nacional;Melilla;Resto de América;Noviembre;214
Total nacional;Melilla;Resto de América;Diciembre;118
Total nacional;Melilla;Países africanos;Total;14.978
Total nacional;Melilla;Países africanos;Enero;1.536
Total nacional;Melilla;Países africanos;Febrero;1.139
Total nacional;Melilla;Países africanos;Marzo;889
Total nacional;Melilla;Países africanos;Abril;1.081
Total nacional;Melilla;Países africanos;Mayo;890
Total nacional;Melilla;Países africanos;Junio;856
Total nacional;Melilla;Países africanos;Julio;1.562
Total nacional;Melilla;Países africanos;Agosto;2.124
Total nacional;Melilla;Países africanos;Septiembre;1.415
Total nacional;Melilla;Países africanos;Octubre;1.075
Total nacional;Melilla;Países africanos;Noviembre;1.040
Total nacional;Melilla;Países africanos;Diciembre;1.373
