Total Nacional;Comunidades y Ciudades Autónomas;País de residencia;Meses;Total
Total Nacional;01 Andalucía;Total;Total;20.291.494
Total Nacional;01 Andalucía;Total;Enero;1.041.007
Total Nacional;01 Andalucía;Total;Febrero;1.258.294
Total Nacional;01 Andalucía;Total;Marzo;1.595.826
Total Nacional;01 Andalucía;Total;Abril;1.853.668
Total Nacional;01 Andalucía;Total;Mayo;2.085.222
Total Nacional;01 Andalucía;Total;Junio;2.011.395
Total Nacional;01 Andalucía;Total;Julio;2.010.321
Total Nacional;01 Andalucía;Total;Agosto;2.208.915
Total Nacional;01 Andalucía;Total;Septiembre;2.013.198
Total Nacional;01 Andalucía;Total;Octubre;1.835.740
Total Nacional;01 Andalucía;Total;Noviembre;1.269.391
Total Nacional;01 Andalucía;Total;Diciembre;1.108.517
Total Nacional;01 Andalucía;Residentes en España;Total;10.620.544
Total Nacional;01 Andalucía;Residentes en España;Enero;569.160
Total Nacional;01 Andalucía;Residentes en España;Febrero;705.236
Total Nacional;01 Andalucía;Residentes en España;Marzo;860.283
Total Nacional;01 Andalucía;Residentes en España;Abril;874.510
Total Nacional;01 Andalucía;Residentes en España;Mayo;1.011.206
Total Nacional;01 Andalucía;Residentes en España;Junio;1.103.063
Total Nacional;01 Andalucía;Residentes en España;Julio;1.135.161
Total Nacional;01 Andalucía;Residentes en España;Agosto;1.260.924
Total Nacional;01 Andalucía;Residentes en España;Septiembre;987.854
Total Nacional;01 Andalucía;Residentes en España;Octubre;795.523
Total Nacional;01 Andalucía;Residentes en España;Noviembre;673.668
Total Nacional;01 Andalucía;Residentes en España;Diciembre;643.956
Total Nacional;01 Andalucía;No residentes en España;Total;9.670.950
Total Nacional;01 Andalucía;No residentes en España;Enero;471.847
Total Nacional;01 Andalucía;No residentes en España;Febrero;553.058
Total Nacional;01 Andalucía;No residentes en España;Marzo;735.543
Total Nacional;01 Andalucía;No residentes en España;Abril;979.158
Total Nacional;01 Andalucía;No residentes en España;Mayo;1.074.016
Total Nacional;01 Andalucía;No residentes en España;Junio;908.332
Total Nacional;01 Andalucía;No residentes en España;Julio;875.160
Total Nacional;01 Andalucía;No residentes en España;Agosto;947.991
Total Nacional;01 Andalucía;No residentes en España;Septiembre;1.025.343
Total Nacional;01 Andalucía;No residentes en España;Octubre;1.040.217
Total Nacional;01 Andalucía;No residentes en España;Noviembre;595.723
Total Nacional;01 Andalucía;No residentes en España;Diciembre;464.561
Total Nacional;01 Andalucía;Unión Europea 27 (sin España);Total;4.892.863
Total Nacional;01 Andalucía;Unión Europea 27 (sin España);Enero;224.092
Total Nacional;01 Andalucía;Unión Europea 27 (sin España);Febrero;270.480
Total Nacional;01 Andalucía;Unión Europea 27 (sin España);Marzo;373.865
Total Nacional;01 Andalucía;Unión Europea 27 (sin España);Abril;519.516
Total Nacional;01 Andalucía;Unión Europea 27 (sin España);Mayo;544.974
Total Nacional;01 Andalucía;Unión Europea 27 (sin España);Junio;441.843
Total Nacional;01 Andalucía;Unión Europea 27 (sin España);Julio;446.069
Total Nacional;01 Andalucía;Unión Europea 27 (sin España);Agosto;539.685
Total Nacional;01 Andalucía;Unión Europea 27 (sin España);Septiembre;519.133
Total Nacional;01 Andalucía;Unión Europea 27 (sin España);Octubre;517.574
Total Nacional;01 Andalucía;Unión Europea 27 (sin España);Noviembre;280.289
Total Nacional;01 Andalucía;Unión Europea 27 (sin España);Diciembre;215.342
Total Nacional;01 Andalucía;Alemania;Total;796.963
Total Nacional;01 Andalucía;Alemania;Enero;26.041
Total Nacional;01 Andalucía;Alemania;Febrero;38.004
Total Nacional;01 Andalucía;Alemania;Marzo;74.427
Total Nacional;01 Andalucía;Alemania;Abril;83.392
Total Nacional;01 Andalucía;Alemania;Mayo;110.740
Total Nacional;01 Andalucía;Alemania;Junio;74.090
Total Nacional;01 Andalucía;Alemania;Julio;52.629
Total Nacional;01 Andalucía;Alemania;Agosto;56.549
Total Nacional;01 Andalucía;Alemania;Septiembre;104.896
Total Nacional;01 Andalucía;Alemania;Octubre;106.705
Total Nacional;01 Andalucía;Alemania;Noviembre;42.014
Total Nacional;01 Andalucía;Alemania;Diciembre;27.476
Total Nacional;01 Andalucía;Austria;Total;81.919
Total Nacional;01 Andalucía;Austria;Enero;3.260
Total Nacional;01 Andalucía;Austria;Febrero;5.198
Total Nacional;01 Andalucía;Austria;Marzo;8.698
Total Nacional;01 Andalucía;Austria;Abril;10.769
Total Nacional;01 Andalucía;Austria;Mayo;9.350
Total Nacional;01 Andalucía;Austria;Junio;7.023
Total Nacional;01 Andalucía;Austria;Julio;5.273
Total Nacional;01 Andalucía;Austria;Agosto;5.128
Total Nacional;01 Andalucía;Austria;Septiembre;7.383
Total Nacional;01 Andalucía;Austria;Octubre;10.903
Total Nacional;01 Andalucía;Austria;Noviembre;5.159
Total Nacional;01 Andalucía;Austria;Diciembre;3.775
Total Nacional;01 Andalucía;Bélgica;Total;274.534
Total Nacional;01 Andalucía;Bélgica;Enero;11.522
Total Nacional;01 Andalucía;Bélgica;Febrero;15.868
Total Nacional;01 Andalucía;Bélgica;Marzo;19.293
Total Nacional;01 Andalucía;Bélgica;Abril;27.016
Total Nacional;01 Andalucía;Bélgica;Mayo;28.195
Total Nacional;01 Andalucía;Bélgica;Junio;22.240
Total Nacional;01 Andalucía;Bélgica;Julio;33.258
Total Nacional;01 Andalucía;Bélgica;Agosto;29.816
Total Nacional;01 Andalucía;Bélgica;Septiembre;28.689
Total Nacional;01 Andalucía;Bélgica;Octubre;27.235
Total Nacional;01 Andalucía;Bélgica;Noviembre;17.270
Total Nacional;01 Andalucía;Bélgica;Diciembre;14.132
Total Nacional;01 Andalucía;Dinamarca;Total;113.035
Total Nacional;01 Andalucía;Dinamarca;Enero;5.764
Total Nacional;01 Andalucía;Dinamarca;Febrero;8.277
Total Nacional;01 Andalucía;Dinamarca;Marzo;11.951
Total Nacional;01 Andalucía;Dinamarca;Abril;10.748
Total Nacional;01 Andalucía;Dinamarca;Mayo;10.113
Total Nacional;01 Andalucía;Dinamarca;Junio;6.978
Total Nacional;01 Andalucía;Dinamarca;Julio;15.150
Total Nacional;01 Andalucía;Dinamarca;Agosto;8.277
Total Nacional;01 Andalucía;Dinamarca;Septiembre;11.106
Total Nacional;01 Andalucía;Dinamarca;Octubre;12.250
Total Nacional;01 Andalucía;Dinamarca;Noviembre;8.436
Total Nacional;01 Andalucía;Dinamarca;Diciembre;3.983
Total Nacional;01 Andalucía;Finlandia;Total;87.399
Total Nacional;01 Andalucía;Finlandia;Enero;6.367
Total Nacional;01 Andalucía;Finlandia;Febrero;7.055
Total Nacional;01 Andalucía;Finlandia;Marzo;10.097
Total Nacional;01 Andalucía;Finlandia;Abril;9.452
Total Nacional;01 Andalucía;Finlandia;Mayo;7.249
Total Nacional;01 Andalucía;Finlandia;Junio;5.238
Total Nacional;01 Andalucía;Finlandia;Julio;4.968
Total Nacional;01 Andalucía;Finlandia;Agosto;3.476
Total Nacional;01 Andalucía;Finlandia;Septiembre;6.958
Total Nacional;01 Andalucía;Finlandia;Octubre;10.937
Total Nacional;01 Andalucía;Finlandia;Noviembre;10.031
Total Nacional;01 Andalucía;Finlandia;Diciembre;5.573
Total Nacional;01 Andalucía;Francia;Total;892.398
Total Nacional;01 Andalucía;Francia;Enero;33.353
Total Nacional;01 Andalucía;Francia;Febrero;48.798
Total Nacional;01 Andalucía;Francia;Marzo;58.756
Total Nacional;01 Andalucía;Francia;Abril;105.929
Total Nacional;01 Andalucía;Francia;Mayo;113.719
Total Nacional;01 Andalucía;Francia;Junio;69.146
Total Nacional;01 Andalucía;Francia;Julio;80.286
Total Nacional;01 Andalucía;Francia;Agosto;116.806
Total Nacional;01 Andalucía;Francia;Septiembre;86.377
Total Nacional;01 Andalucía;Francia;Octubre;99.857
Total Nacional;01 Andalucía;Francia;Noviembre;43.603
Total Nacional;01 Andalucía;Francia;Diciembre;35.767
Total Nacional;01 Andalucía;Grecia;Total;25.472
Total Nacional;01 Andalucía;Grecia;Enero;1.753
Total Nacional;01 Andalucía;Grecia;Febrero;1.124
Total Nacional;01 Andalucía;Grecia;Marzo;1.658
Total Nacional;01 Andalucía;Grecia;Abril;2.127
Total Nacional;01 Andalucía;Grecia;Mayo;3.236
Total Nacional;01 Andalucía;Grecia;Junio;2.577
Total Nacional;01 Andalucía;Grecia;Julio;2.283
Total Nacional;01 Andalucía;Grecia;Agosto;2.862
Total Nacional;01 Andalucía;Grecia;Septiembre;2.347
Total Nacional;01 Andalucía;Grecia;Octubre;2.110
Total Nacional;01 Andalucía;Grecia;Noviembre;2.023
Total Nacional;01 Andalucía;Grecia;Diciembre;1.374
Total Nacional;01 Andalucía;Irlanda;Total;326.146
Total Nacional;01 Andalucía;Irlanda;Enero;13.410
Total Nacional;01 Andalucía;Irlanda;Febrero;16.339
Total Nacional;01 Andalucía;Irlanda;Marzo;23.229
Total Nacional;01 Andalucía;Irlanda;Abril;35.062
Total Nacional;01 Andalucía;Irlanda;Mayo;40.223
Total Nacional;01 Andalucía;Irlanda;Junio;33.608
Total Nacional;01 Andalucía;Irlanda;Julio;31.271
Total Nacional;01 Andalucía;Irlanda;Agosto;31.104
Total Nacional;01 Andalucía;Irlanda;Septiembre;39.814
Total Nacional;01 Andalucía;Irlanda;Octubre;34.290
Total Nacional;01 Andalucía;Irlanda;Noviembre;15.973
Total Nacional;01 Andalucía;Irlanda;Diciembre;11.823
Total Nacional;01 Andalucía;Italia;Total;625.729
Total Nacional;01 Andalucía;Italia;Enero;40.301
Total Nacional;01 Andalucía;Italia;Febrero;31.243
Total Nacional;01 Andalucía;Italia;Marzo;45.572
Total Nacional;01 Andalucía;Italia;Abril;69.122
Total Nacional;01 Andalucía;Italia;Mayo;61.837
Total Nacional;01 Andalucía;Italia;Junio;53.622
Total Nacional;01 Andalucía;Italia;Julio;48.325
Total Nacional;01 Andalucía;Italia;Agosto;78.716
Total Nacional;01 Andalucía;Italia;Septiembre;53.671
Total Nacional;01 Andalucía;Italia;Octubre;63.090
Total Nacional;01 Andalucía;Italia;Noviembre;40.673
Total Nacional;01 Andalucía;Italia;Diciembre;39.557
Total Nacional;01 Andalucía;Luxemburgo;Total;18.546
Total Nacional;01 Andalucía;Luxemburgo;Enero;704
Total Nacional;01 Andalucía;Luxemburgo;Febrero;766
Total Nacional;01 Andalucía;Luxemburgo;Marzo;1.487
Total Nacional;01 Andalucía;Luxemburgo;Abril;2.148
Total Nacional;01 Andalucía;Luxemburgo;Mayo;2.005
Total Nacional;01 Andalucía;Luxemburgo;Junio;1.526
Total Nacional;01 Andalucía;Luxemburgo;Julio;1.319
Total Nacional;01 Andalucía;Luxemburgo;Agosto;2.403
Total Nacional;01 Andalucía;Luxemburgo;Septiembre;2.231
Total Nacional;01 Andalucía;Luxemburgo;Octubre;2.081
Total Nacional;01 Andalucía;Luxemburgo;Noviembre;914
Total Nacional;01 Andalucía;Luxemburgo;Diciembre;964
Total Nacional;01 Andalucía;Países Bajos;Total;476.125
Total Nacional;01 Andalucía;Países Bajos;Enero;26.784
Total Nacional;01 Andalucía;Países Bajos;Febrero;29.532
Total Nacional;01 Andalucía;Países Bajos;Marzo;35.373
Total Nacional;01 Andalucía;Países Bajos;Abril;47.688
Total Nacional;01 Andalucía;Países Bajos;Mayo;53.301
Total Nacional;01 Andalucía;Países Bajos;Junio;43.224
Total Nacional;01 Andalucía;Países Bajos;Julio;45.051
Total Nacional;01 Andalucía;Países Bajos;Agosto;49.561
Total Nacional;01 Andalucía;Países Bajos;Septiembre;50.085
Total Nacional;01 Andalucía;Países Bajos;Octubre;47.350
Total Nacional;01 Andalucía;Países Bajos;Noviembre;27.509
Total Nacional;01 Andalucía;Países Bajos;Diciembre;20.666
Total Nacional;01 Andalucía;Polonia;Total;220.431
Total Nacional;01 Andalucía;Polonia;Enero;11.341
Total Nacional;01 Andalucía;Polonia;Febrero;13.871
Total Nacional;01 Andalucía;Polonia;Marzo;17.524
Total Nacional;01 Andalucía;Polonia;Abril;19.362
Total Nacional;01 Andalucía;Polonia;Mayo;24.225
Total Nacional;01 Andalucía;Polonia;Junio;21.933
Total Nacional;01 Andalucía;Polonia;Julio;22.682
Total Nacional;01 Andalucía;Polonia;Agosto;21.705
Total Nacional;01 Andalucía;Polonia;Septiembre;24.649
Total Nacional;01 Andalucía;Polonia;Octubre;21.391
Total Nacional;01 Andalucía;Polonia;Noviembre;12.981
Total Nacional;01 Andalucía;Polonia;Diciembre;8.766
Total Nacional;01 Andalucía;Portugal;Total;443.699
Total Nacional;01 Andalucía;Portugal;Enero;15.570
Total Nacional;01 Andalucía;Portugal;Febrero;20.731
Total Nacional;01 Andalucía;Portugal;Marzo;20.883
Total Nacional;01 Andalucía;Portugal;Abril;41.287
Total Nacional;01 Andalucía;Portugal;Mayo;28.955
Total Nacional;01 Andalucía;Portugal;Junio;52.703
Total Nacional;01 Andalucía;Portugal;Julio;58.302
Total Nacional;01 Andalucía;Portugal;Agosto;95.398
Total Nacional;01 Andalucía;Portugal;Septiembre;52.001
Total Nacional;01 Andalucía;Portugal;Octubre;24.335
Total Nacional;01 Andalucía;Portugal;Noviembre;15.738
Total Nacional;01 Andalucía;Portugal;Diciembre;17.795
Total Nacional;01 Andalucía;República Checa;Total;67.991
Total Nacional;01 Andalucía;República Checa;Enero;2.639
Total Nacional;01 Andalucía;República Checa;Febrero;5.165
Total Nacional;01 Andalucía;República Checa;Marzo;5.766
Total Nacional;01 Andalucía;República Checa;Abril;6.859
Total Nacional;01 Andalucía;República Checa;Mayo;6.541
Total Nacional;01 Andalucía;República Checa;Junio;7.884
Total Nacional;01 Andalucía;República Checa;Julio;7.273
Total Nacional;01 Andalucía;República Checa;Agosto;6.305
Total Nacional;01 Andalucía;República Checa;Septiembre;7.109
Total Nacional;01 Andalucía;República Checa;Octubre;6.556
Total Nacional;01 Andalucía;República Checa;Noviembre;3.697
Total Nacional;01 Andalucía;República Checa;Diciembre;2.196
Total Nacional;01 Andalucía;Suecia;Total;148.529
Total Nacional;01 Andalucía;Suecia;Enero;9.887
Total Nacional;01 Andalucía;Suecia;Febrero;11.885
Total Nacional;01 Andalucía;Suecia;Marzo;15.150
Total Nacional;01 Andalucía;Suecia;Abril;15.526
Total Nacional;01 Andalucía;Suecia;Mayo;12.872
Total Nacional;01 Andalucía;Suecia;Junio;10.310
Total Nacional;01 Andalucía;Suecia;Julio;13.274
Total Nacional;01 Andalucía;Suecia;Agosto;8.318
Total Nacional;01 Andalucía;Suecia;Septiembre;13.178
Total Nacional;01 Andalucía;Suecia;Octubre;17.629
Total Nacional;01 Andalucía;Suecia;Noviembre;13.259
Total Nacional;01 Andalucía;Suecia;Diciembre;7.244
Total Nacional;01 Andalucía;Noruega;Total;77.873
Total Nacional;01 Andalucía;Noruega;Enero;4.293
Total Nacional;01 Andalucía;Noruega;Febrero;5.716
Total Nacional;01 Andalucía;Noruega;Marzo;7.663
Total Nacional;01 Andalucía;Noruega;Abril;8.192
Total Nacional;01 Andalucía;Noruega;Mayo;7.341
Total Nacional;01 Andalucía;Noruega;Junio;6.464
Total Nacional;01 Andalucía;Noruega;Julio;8.415
Total Nacional;01 Andalucía;Noruega;Agosto;4.529
Total Nacional;01 Andalucía;Noruega;Septiembre;7.818
Total Nacional;01 Andalucía;Noruega;Octubre;9.183
Total Nacional;01 Andalucía;Noruega;Noviembre;5.351
Total Nacional;01 Andalucía;Noruega;Diciembre;2.908
Total Nacional;01 Andalucía;Reino Unido;Total;1.541.264
Total Nacional;01 Andalucía;Reino Unido;Enero;55.381
Total Nacional;01 Andalucía;Reino Unido;Febrero;88.108
Total Nacional;01 Andalucía;Reino Unido;Marzo;118.941
Total Nacional;01 Andalucía;Reino Unido;Abril;152.197
Total Nacional;01 Andalucía;Reino Unido;Mayo;190.925
Total Nacional;01 Andalucía;Reino Unido;Junio;163.548
Total Nacional;01 Andalucía;Reino Unido;Julio;139.070
Total Nacional;01 Andalucía;Reino Unido;Agosto;141.978
Total Nacional;01 Andalucía;Reino Unido;Septiembre;188.034
Total Nacional;01 Andalucía;Reino Unido;Octubre;163.117
Total Nacional;01 Andalucía;Reino Unido;Noviembre;82.408
Total Nacional;01 Andalucía;Reino Unido;Diciembre;57.557
Total Nacional;01 Andalucía;Suiza;Total;165.875
Total Nacional;01 Andalucía;Suiza;Enero;5.856
Total Nacional;01 Andalucía;Suiza;Febrero;8.857
Total Nacional;01 Andalucía;Suiza;Marzo;14.462
Total Nacional;01 Andalucía;Suiza;Abril;22.653
Total Nacional;01 Andalucía;Suiza;Mayo;18.700
Total Nacional;01 Andalucía;Suiza;Junio;14.776
Total Nacional;01 Andalucía;Suiza;Julio;12.669
Total Nacional;01 Andalucía;Suiza;Agosto;9.385
Total Nacional;01 Andalucía;Suiza;Septiembre;18.146
Total Nacional;01 Andalucía;Suiza;Octubre;24.849
Total Nacional;01 Andalucía;Suiza;Noviembre;8.593
Total Nacional;01 Andalucía;Suiza;Diciembre;6.930
Total Nacional;01 Andalucía;Resto de Europa sin U.E.;Total;283.398
Total Nacional;01 Andalucía;Resto de Europa sin U.E.;Enero;16.111
Total Nacional;01 Andalucía;Resto de Europa sin U.E.;Febrero;15.394
Total Nacional;01 Andalucía;Resto de Europa sin U.E.;Marzo;19.367
Total Nacional;01 Andalucía;Resto de Europa sin U.E.;Abril;29.689
Total Nacional;01 Andalucía;Resto de Europa sin U.E.;Mayo;26.204
Total Nacional;01 Andalucía;Resto de Europa sin U.E.;Junio;24.319
Total Nacional;01 Andalucía;Resto de Europa sin U.E.;Julio;32.365
Total Nacional;01 Andalucía;Resto de Europa sin U.E.;Agosto;24.600
Total Nacional;01 Andalucía;Resto de Europa sin U.E.;Septiembre;27.159
Total Nacional;01 Andalucía;Resto de Europa sin U.E.;Octubre;30.684
Total Nacional;01 Andalucía;Resto de Europa sin U.E.;Noviembre;21.576
Total Nacional;01 Andalucía;Resto de Europa sin U.E.;Diciembre;15.930
Total Nacional;01 Andalucía;Japón;Total;85.224
Total Nacional;01 Andalucía;Japón;Enero;5.747
Total Nacional;01 Andalucía;Japón;Febrero;7.269
Total Nacional;01 Andalucía;Japón;Marzo;7.301
Total Nacional;01 Andalucía;Japón;Abril;8.142
Total Nacional;01 Andalucía;Japón;Mayo;7.906
Total Nacional;01 Andalucía;Japón;Junio;8.730
Total Nacional;01 Andalucía;Japón;Julio;4.718
Total Nacional;01 Andalucía;Japón;Agosto;6.788
Total Nacional;01 Andalucía;Japón;Septiembre;6.995
Total Nacional;01 Andalucía;Japón;Octubre;7.646
Total Nacional;01 Andalucía;Japón;Noviembre;7.585
Total Nacional;01 Andalucía;Japón;Diciembre;6.396
Total Nacional;01 Andalucía;República China;Total;266.898
Total Nacional;01 Andalucía;República China;Enero;12.365
Total Nacional;01 Andalucía;República China;Febrero;23.918
Total Nacional;01 Andalucía;República China;Marzo;17.731
Total Nacional;01 Andalucía;República China;Abril;21.862
Total Nacional;01 Andalucía;República China;Mayo;27.173
Total Nacional;01 Andalucía;República China;Junio;25.284
Total Nacional;01 Andalucía;República China;Julio;21.311
Total Nacional;01 Andalucía;República China;Agosto;17.495
Total Nacional;01 Andalucía;República China;Septiembre;25.183
Total Nacional;01 Andalucía;República China;Octubre;34.809
Total Nacional;01 Andalucía;República China;Noviembre;23.088
Total Nacional;01 Andalucía;República China;Diciembre;16.678
Total Nacional;01 Andalucía;Estados Unidos;Total;749.658
Total Nacional;01 Andalucía;Estados Unidos;Enero;31.470
Total Nacional;01 Andalucía;Estados Unidos;Febrero;33.403
Total Nacional;01 Andalucía;Estados Unidos;Marzo;63.986
Total Nacional;01 Andalucía;Estados Unidos;Abril;79.989
Total Nacional;01 Andalucía;Estados Unidos;Mayo;88.909
Total Nacional;01 Andalucía;Estados Unidos;Junio;82.143
Total Nacional;01 Andalucía;Estados Unidos;Julio;64.411
Total Nacional;01 Andalucía;Estados Unidos;Agosto;46.541
Total Nacional;01 Andalucía;Estados Unidos;Septiembre;74.214
Total Nacional;01 Andalucía;Estados Unidos;Octubre;89.371
Total Nacional;01 Andalucía;Estados Unidos;Noviembre;54.508
Total Nacional;01 Andalucía;Estados Unidos;Diciembre;40.712
Total Nacional;01 Andalucía;Resto de América;Total;669.025
Total Nacional;01 Andalucía;Resto de América;Enero;39.687
Total Nacional;01 Andalucía;Resto de América;Febrero;38.958
Total Nacional;01 Andalucía;Resto de América;Marzo;49.704
Total Nacional;01 Andalucía;Resto de América;Abril;58.265
Total Nacional;01 Andalucía;Resto de América;Mayo;75.031
Total Nacional;01 Andalucía;Resto de América;Junio;61.894
Total Nacional;01 Andalucía;Resto de América;Julio;57.521
Total Nacional;01 Andalucía;Resto de América;Agosto;54.392
Total Nacional;01 Andalucía;Resto de América;Septiembre;73.963
Total Nacional;01 Andalucía;Resto de América;Octubre;77.814
Total Nacional;01 Andalucía;Resto de América;Noviembre;44.710
Total Nacional;01 Andalucía;Resto de América;Diciembre;37.086
Total Nacional;01 Andalucía;Países africanos;Total;250.517
Total Nacional;01 Andalucía;Países africanos;Enero;19.680
Total Nacional;01 Andalucía;Países africanos;Febrero;14.064
Total Nacional;01 Andalucía;Países africanos;Marzo;9.587
Total Nacional;01 Andalucía;Países africanos;Abril;18.195
Total Nacional;01 Andalucía;Países africanos;Mayo;18.630
Total Nacional;01 Andalucía;Países africanos;Junio;19.583
Total Nacional;01 Andalucía;Países africanos;Julio;33.281
Total Nacional;01 Andalucía;Países africanos;Agosto;47.216
Total Nacional;01 Andalucía;Países africanos;Septiembre;21.356
Total Nacional;01 Andalucía;Países africanos;Octubre;16.459
Total Nacional;01 Andalucía;Países africanos;Noviembre;13.423
Total Nacional;01 Andalucía;Países africanos;Diciembre;19.041
Total Nacional;04 Balears, Illes;Total;Total;12.404.346
Total Nacional;04 Balears, Illes;Total;Enero;69.271
Total Nacional;04 Balears, Illes;Total;Febrero;148.843
Total Nacional;04 Balears, Illes;Total;Marzo;375.281
Total Nacional;04 Balears, Illes;Total;Abril;761.737
Total Nacional;04 Balears, Illes;Total;Mayo;1.747.086
Total Nacional;04 Balears, Illes;Total;Junio;1.859.985
Total Nacional;04 Balears, Illes;Total;Julio;2.022.788
Total Nacional;04 Balears, Illes;Total;Agosto;2.093.220
Total Nacional;04 Balears, Illes;Total;Septiembre;1.741.692
Total Nacional;04 Balears, Illes;Total;Octubre;1.360.646
Total Nacional;04 Balears, Illes;Total;Noviembre;121.271
Total Nacional;04 Balears, Illes;Total;Diciembre;102.526
Total Nacional;04 Balears, Illes;Residentes en España;Total;1.609.420
Total Nacional;04 Balears, Illes;Residentes en España;Enero;30.560
Total Nacional;04 Balears, Illes;Residentes en España;Febrero;57.019
Total Nacional;04 Balears, Illes;Residentes en España;Marzo;104.550
Total Nacional;04 Balears, Illes;Residentes en España;Abril;111.851
Total Nacional;04 Balears, Illes;Residentes en España;Mayo;189.989
Total Nacional;04 Balears, Illes;Residentes en España;Junio;241.084
Total Nacional;04 Balears, Illes;Residentes en España;Julio;213.425
Total Nacional;04 Balears, Illes;Residentes en España;Agosto;241.846
Total Nacional;04 Balears, Illes;Residentes en España;Septiembre;177.047
Total Nacional;04 Balears, Illes;Residentes en España;Octubre;162.615
Total Nacional;04 Balears, Illes;Residentes en España;Noviembre;39.934
Total Nacional;04 Balears, Illes;Residentes en España;Diciembre;39.500
Total Nacional;04 Balears, Illes;No residentes en España;Total;10.794.926
Total Nacional;04 Balears, Illes;No residentes en España;Enero;38.711
Total Nacional;04 Balears, Illes;No residentes en España;Febrero;91.824
Total Nacional;04 Balears, Illes;No residentes en España;Marzo;270.731
Total Nacional;04 Balears, Illes;No residentes en España;Abril;649.886
Total Nacional;04 Balears, Illes;No residentes en España;Mayo;1.557.097
Total Nacional;04 Balears, Illes;No residentes en España;Junio;1.618.901
Total Nacional;04 Balears, Illes;No residentes en España;Julio;1.809.362
Total Nacional;04 Balears, Illes;No residentes en España;Agosto;1.851.374
Total Nacional;04 Balears, Illes;No residentes en España;Septiembre;1.564.645
Total Nacional;04 Balears, Illes;No residentes en España;Octubre;1.198.031
Total Nacional;04 Balears, Illes;No residentes en España;Noviembre;81.337
Total Nacional;04 Balears, Illes;No residentes en España;Diciembre;63.026
Total Nacional;04 Balears, Illes;Unión Europea 27 (sin España);Total;6.667.198
Total Nacional;04 Balears, Illes;Unión Europea 27 (sin España);Enero;28.427
Total Nacional;04 Balears, Illes;Unión Europea 27 (sin España);Febrero;70.892
Total Nacional;04 Balears, Illes;Unión Europea 27 (sin España);Marzo;203.647
Total Nacional;04 Balears, Illes;Unión Europea 27 (sin España);Abril;461.859
Total Nacional;04 Balears, Illes;Unión Europea 27 (sin España);Mayo;950.135
Total Nacional;04 Balears, Illes;Unión Europea 27 (sin España);Junio;949.560
Total Nacional;04 Balears, Illes;Unión Europea 27 (sin España);Julio;1.065.034
Total Nacional;04 Balears, Illes;Unión Europea 27 (sin España);Agosto;1.131.160
Total Nacional;04 Balears, Illes;Unión Europea 27 (sin España);Septiembre;941.737
Total Nacional;04 Balears, Illes;Unión Europea 27 (sin España);Octubre;760.317
Total Nacional;04 Balears, Illes;Unión Europea 27 (sin España);Noviembre;59.635
Total Nacional;04 Balears, Illes;Unión Europea 27 (sin España);Diciembre;44.795
Total Nacional;04 Balears, Illes;Alemania;Total;3.285.031
Total Nacional;04 Balears, Illes;Alemania;Enero;18.454
Total Nacional;04 Balears, Illes;Alemania;Febrero;50.286
Total Nacional;04 Balears, Illes;Alemania;Marzo;144.897
Total Nacional;04 Balears, Illes;Alemania;Abril;254.102
Total Nacional;04 Balears, Illes;Alemania;Mayo;478.993
Total Nacional;04 Balears, Illes;Alemania;Junio;457.802
Total Nacional;04 Balears, Illes;Alemania;Julio;450.048
Total Nacional;04 Balears, Illes;Alemania;Agosto;460.578
Total Nacional;04 Balears, Illes;Alemania;Septiembre;466.880
Total Nacional;04 Balears, Illes;Alemania;Octubre;435.684
Total Nacional;04 Balears, Illes;Alemania;Noviembre;38.068
Total Nacional;04 Balears, Illes;Alemania;Diciembre;29.240
Total Nacional;04 Balears, Illes;Austria;Total;200.352
Total Nacional;04 Balears, Illes;Austria;Enero;797
Total Nacional;04 Balears, Illes;Austria;Febrero;2.664
Total Nacional;04 Balears, Illes;Austria;Marzo;7.862
Total Nacional;04 Balears, Illes;Austria;Abril;13.939
Total Nacional;04 Balears, Illes;Austria;Mayo;34.186
Total Nacional;04 Balears, Illes;Austria;Junio;25.993
Total Nacional;04 Balears, Illes;Austria;Julio;32.724
Total Nacional;04 Balears, Illes;Austria;Agosto;32.956
Total Nacional;04 Balears, Illes;Austria;Septiembre;25.499
Total Nacional;04 Balears, Illes;Austria;Octubre;19.773
Total Nacional;04 Balears, Illes;Austria;Noviembre;2.278
Total Nacional;04 Balears, Illes;Austria;Diciembre;1.683
Total Nacional;04 Balears, Illes;Bélgica;Total;161.562
Total Nacional;04 Balears, Illes;Bélgica;Enero;513
Total Nacional;04 Balears, Illes;Bélgica;Febrero;1.099
Total Nacional;04 Balears, Illes;Bélgica;Marzo;3.522
Total Nacional;04 Balears, Illes;Bélgica;Abril;12.067
Total Nacional;04 Balears, Illes;Bélgica;Mayo;24.230
Total Nacional;04 Balears, Illes;Bélgica;Junio;20.675
Total Nacional;04 Balears, Illes;Bélgica;Julio;31.584
Total Nacional;04 Balears, Illes;Bélgica;Agosto;26.283
Total Nacional;04 Balears, Illes;Bélgica;Septiembre;25.109
Total Nacional;04 Balears, Illes;Bélgica;Octubre;14.357
Total Nacional;04 Balears, Illes;Bélgica;Noviembre;1.189
Total Nacional;04 Balears, Illes;Bélgica;Diciembre;934
Total Nacional;04 Balears, Illes;Dinamarca;Total;126.562
Total Nacional;04 Balears, Illes;Dinamarca;Enero;372
Total Nacional;04 Balears, Illes;Dinamarca;Febrero;713
Total Nacional;04 Balears, Illes;Dinamarca;Marzo;2.951
Total Nacional;04 Balears, Illes;Dinamarca;Abril;8.967
Total Nacional;04 Balears, Illes;Dinamarca;Mayo;16.459
Total Nacional;04 Balears, Illes;Dinamarca;Junio;15.148
Total Nacional;04 Balears, Illes;Dinamarca;Julio;31.401
Total Nacional;04 Balears, Illes;Dinamarca;Agosto;16.772
Total Nacional;04 Balears, Illes;Dinamarca;Septiembre;19.309
Total Nacional;04 Balears, Illes;Dinamarca;Octubre;13.266
Total Nacional;04 Balears, Illes;Dinamarca;Noviembre;844
Total Nacional;04 Balears, Illes;Dinamarca;Diciembre;358
Total Nacional;04 Balears, Illes;Finlandia;Total;30.879
Total Nacional;04 Balears, Illes;Finlandia;Enero;96
Total Nacional;04 Balears, Illes;Finlandia;Febrero;238
Total Nacional;04 Balears, Illes;Finlandia;Marzo;1.710
Total Nacional;04 Balears, Illes;Finlandia;Abril;3.131
Total Nacional;04 Balears, Illes;Finlandia;Mayo;5.252
Total Nacional;04 Balears, Illes;Finlandia;Junio;4.137
Total Nacional;04 Balears, Illes;Finlandia;Julio;4.327
Total Nacional;04 Balears, Illes;Finlandia;Agosto;2.167
Total Nacional;04 Balears, Illes;Finlandia;Septiembre;3.837
Total Nacional;04 Balears, Illes;Finlandia;Octubre;5.205
Total Nacional;04 Balears, Illes;Finlandia;Noviembre;644
Total Nacional;04 Balears, Illes;Finlandia;Diciembre;135
Total Nacional;04 Balears, Illes;Francia;Total;764.052
Total Nacional;04 Balears, Illes;Francia;Enero;2.103
Total Nacional;04 Balears, Illes;Francia;Febrero;4.338
Total Nacional;04 Balears, Illes;Francia;Marzo;11.776
Total Nacional;04 Balears, Illes;Francia;Abril;56.240
Total Nacional;04 Balears, Illes;Francia;Mayo;121.380
Total Nacional;04 Balears, Illes;Francia;Junio;101.506
Total Nacional;04 Balears, Illes;Francia;Julio;122.361
Total Nacional;04 Balears, Illes;Francia;Agosto;153.695
Total Nacional;04 Balears, Illes;Francia;Septiembre;97.843
Total Nacional;04 Balears, Illes;Francia;Octubre;85.782
Total Nacional;04 Balears, Illes;Francia;Noviembre;3.780
Total Nacional;04 Balears, Illes;Francia;Diciembre;3.249
Total Nacional;04 Balears, Illes;Grecia;Total;11.654
Total Nacional;04 Balears, Illes;Grecia;Enero;83
Total Nacional;04 Balears, Illes;Grecia;Febrero;113
Total Nacional;04 Balears, Illes;Grecia;Marzo;367
Total Nacional;04 Balears, Illes;Grecia;Abril;613
Total Nacional;04 Balears, Illes;Grecia;Mayo;1.278
Total Nacional;04 Balears, Illes;Grecia;Junio;1.324
Total Nacional;04 Balears, Illes;Grecia;Julio;2.314
Total Nacional;04 Balears, Illes;Grecia;Agosto;2.799
Total Nacional;04 Balears, Illes;Grecia;Septiembre;1.669
Total Nacional;04 Balears, Illes;Grecia;Octubre;875
Total Nacional;04 Balears, Illes;Grecia;Noviembre;150
Total Nacional;04 Balears, Illes;Grecia;Diciembre;69
Total Nacional;04 Balears, Illes;Irlanda;Total;184.111
Total Nacional;04 Balears, Illes;Irlanda;Enero;390
Total Nacional;04 Balears, Illes;Irlanda;Febrero;534
Total Nacional;04 Balears, Illes;Irlanda;Marzo;2.348
Total Nacional;04 Balears, Illes;Irlanda;Abril;10.388
Total Nacional;04 Balears, Illes;Irlanda;Mayo;25.503
Total Nacional;04 Balears, Illes;Irlanda;Junio;32.844
Total Nacional;04 Balears, Illes;Irlanda;Julio;32.342
Total Nacional;04 Balears, Illes;Irlanda;Agosto;30.876
Total Nacional;04 Balears, Illes;Irlanda;Septiembre;28.532
Total Nacional;04 Balears, Illes;Irlanda;Octubre;19.470
Total Nacional;04 Balears, Illes;Irlanda;Noviembre;632
Total Nacional;04 Balears, Illes;Irlanda;Diciembre;252
Total Nacional;04 Balears, Illes;Italia;Total;517.952
Total Nacional;04 Balears, Illes;Italia;Enero;1.736
Total Nacional;04 Balears, Illes;Italia;Febrero;1.962
Total Nacional;04 Balears, Illes;Italia;Marzo;5.386
Total Nacional;04 Balears, Illes;Italia;Abril;19.223
Total Nacional;04 Balears, Illes;Italia;Mayo;51.456
Total Nacional;04 Balears, Illes;Italia;Junio;77.447
Total Nacional;04 Balears, Illes;Italia;Julio;110.171
Total Nacional;04 Balears, Illes;Italia;Agosto;142.649
Total Nacional;04 Balears, Illes;Italia;Septiembre;66.553
Total Nacional;04 Balears, Illes;Italia;Octubre;36.985
Total Nacional;04 Balears, Illes;Italia;Noviembre;2.057
Total Nacional;04 Balears, Illes;Italia;Diciembre;2.327
Total Nacional;04 Balears, Illes;Luxemburgo;Total;25.688
Total Nacional;04 Balears, Illes;Luxemburgo;Enero;87
Total Nacional;04 Balears, Illes;Luxemburgo;Febrero;508
Total Nacional;04 Balears, Illes;Luxemburgo;Marzo;751
Total Nacional;04 Balears, Illes;Luxemburgo;Abril;2.365
Total Nacional;04 Balears, Illes;Luxemburgo;Mayo;4.472
Total Nacional;04 Balears, Illes;Luxemburgo;Junio;2.295
Total Nacional;04 Balears, Illes;Luxemburgo;Julio;3.083
Total Nacional;04 Balears, Illes;Luxemburgo;Agosto;5.348
Total Nacional;04 Balears, Illes;Luxemburgo;Septiembre;3.734
Total Nacional;04 Balears, Illes;Luxemburgo;Octubre;2.167
Total Nacional;04 Balears, Illes;Luxemburgo;Noviembre;384
Total Nacional;04 Balears, Illes;Luxemburgo;Diciembre;495
Total Nacional;04 Balears, Illes;Países Bajos;Total;430.904
Total Nacional;04 Balears, Illes;Países Bajos;Enero;760
Total Nacional;04 Balears, Illes;Países Bajos;Febrero;2.688
Total Nacional;04 Balears, Illes;Países Bajos;Marzo;4.725
Total Nacional;04 Balears, Illes;Países Bajos;Abril;27.523
Total Nacional;04 Balears, Illes;Países Bajos;Mayo;67.009
Total Nacional;04 Balears, Illes;Países Bajos;Junio;63.998
Total Nacional;04 Balears, Illes;Países Bajos;Julio;78.272
Total Nacional;04 Balears, Illes;Países Bajos;Agosto;81.237
Total Nacional;04 Balears, Illes;Países Bajos;Septiembre;64.611
Total Nacional;04 Balears, Illes;Países Bajos;Octubre;36.358
Total Nacional;04 Balears, Illes;Países Bajos;Noviembre;2.199
Total Nacional;04 Balears, Illes;Países Bajos;Diciembre;1.525
Total Nacional;04 Balears, Illes;Polonia;Total;239.495
Total Nacional;04 Balears, Illes;Polonia;Enero;1.244
Total Nacional;04 Balears, Illes;Polonia;Febrero;1.727
Total Nacional;04 Balears, Illes;Polonia;Marzo;4.789
Total Nacional;04 Balears, Illes;Polonia;Abril;14.802
Total Nacional;04 Balears, Illes;Polonia;Mayo;33.166
Total Nacional;04 Balears, Illes;Polonia;Junio;34.646
Total Nacional;04 Balears, Illes;Polonia;Julio;37.445
Total Nacional;04 Balears, Illes;Polonia;Agosto;44.612
Total Nacional;04 Balears, Illes;Polonia;Septiembre;39.040
Total Nacional;04 Balears, Illes;Polonia;Octubre;25.239
Total Nacional;04 Balears, Illes;Polonia;Noviembre;1.601
Total Nacional;04 Balears, Illes;Polonia;Diciembre;1.183
Total Nacional;04 Balears, Illes;Portugal;Total;165.280
Total Nacional;04 Balears, Illes;Portugal;Enero;212
Total Nacional;04 Balears, Illes;Portugal;Febrero;523
Total Nacional;04 Balears, Illes;Portugal;Marzo;1.161
Total Nacional;04 Balears, Illes;Portugal;Abril;4.764
Total Nacional;04 Balears, Illes;Portugal;Mayo;17.439
Total Nacional;04 Balears, Illes;Portugal;Junio;27.365
Total Nacional;04 Balears, Illes;Portugal;Julio;31.779
Total Nacional;04 Balears, Illes;Portugal;Agosto;42.861
Total Nacional;04 Balears, Illes;Portugal;Septiembre;25.838
Total Nacional;04 Balears, Illes;Portugal;Octubre;12.540
Total Nacional;04 Balears, Illes;Portugal;Noviembre;470
Total Nacional;04 Balears, Illes;Portugal;Diciembre;327
Total Nacional;04 Balears, Illes;República Checa;Total;92.879
Total Nacional;04 Balears, Illes;República Checa;Enero;204
Total Nacional;04 Balears, Illes;República Checa;Febrero;766
Total Nacional;04 Balears, Illes;República Checa;Marzo;2.623
Total Nacional;04 Balears, Illes;República Checa;Abril;5.226
Total Nacional;04 Balears, Illes;República Checa;Mayo;8.419
Total Nacional;04 Balears, Illes;República Checa;Junio;16.688
Total Nacional;04 Balears, Illes;República Checa;Julio;16.942
Total Nacional;04 Balears, Illes;República Checa;Agosto;15.821
Total Nacional;04 Balears, Illes;República Checa;Septiembre;16.346
Total Nacional;04 Balears, Illes;República Checa;Octubre;8.140
Total Nacional;04 Balears, Illes;República Checa;Noviembre;1.104
Total Nacional;04 Balears, Illes;República Checa;Diciembre;600
Total Nacional;04 Balears, Illes;Suecia;Total;192.427
Total Nacional;04 Balears, Illes;Suecia;Enero;511
Total Nacional;04 Balears, Illes;Suecia;Febrero;1.083
Total Nacional;04 Balears, Illes;Suecia;Marzo;3.674
Total Nacional;04 Balears, Illes;Suecia;Abril;14.203
Total Nacional;04 Balears, Illes;Suecia;Mayo;31.936
Total Nacional;04 Balears, Illes;Suecia;Junio;30.566
Total Nacional;04 Balears, Illes;Suecia;Julio;36.297
Total Nacional;04 Balears, Illes;Suecia;Agosto;30.099
Total Nacional;04 Balears, Illes;Suecia;Septiembre;20.970
Total Nacional;04 Balears, Illes;Suecia;Octubre;19.444
Total Nacional;04 Balears, Illes;Suecia;Noviembre;2.485
Total Nacional;04 Balears, Illes;Suecia;Diciembre;1.159
Total Nacional;04 Balears, Illes;Noruega;Total;104.271
Total Nacional;04 Balears, Illes;Noruega;Enero;114
Total Nacional;04 Balears, Illes;Noruega;Febrero;287
Total Nacional;04 Balears, Illes;Noruega;Marzo;1.797
Total Nacional;04 Balears, Illes;Noruega;Abril;6.121
Total Nacional;04 Balears, Illes;Noruega;Mayo;13.727
Total Nacional;04 Balears, Illes;Noruega;Junio;17.303
Total Nacional;04 Balears, Illes;Noruega;Julio;23.110
Total Nacional;04 Balears, Illes;Noruega;Agosto;13.229
Total Nacional;04 Balears, Illes;Noruega;Septiembre;14.931
Total Nacional;04 Balears, Illes;Noruega;Octubre;12.838
Total Nacional;04 Balears, Illes;Noruega;Noviembre;590
Total Nacional;04 Balears, Illes;Noruega;Diciembre;223
Total Nacional;04 Balears, Illes;Reino Unido;Total;2.804.079
Total Nacional;04 Balears, Illes;Reino Unido;Enero;3.518
Total Nacional;04 Balears, Illes;Reino Unido;Febrero;9.081
Total Nacional;04 Balears, Illes;Reino Unido;Marzo;39.004
Total Nacional;04 Balears, Illes;Reino Unido;Abril;121.129
Total Nacional;04 Balears, Illes;Reino Unido;Mayo;454.211
Total Nacional;04 Balears, Illes;Reino Unido;Junio;464.238
Total Nacional;04 Balears, Illes;Reino Unido;Julio;477.437
Total Nacional;04 Balears, Illes;Reino Unido;Agosto;501.120
Total Nacional;04 Balears, Illes;Reino Unido;Septiembre;427.525
Total Nacional;04 Balears, Illes;Reino Unido;Octubre;293.959
Total Nacional;04 Balears, Illes;Reino Unido;Noviembre;6.681
Total Nacional;04 Balears, Illes;Reino Unido;Diciembre;6.176
Total Nacional;04 Balears, Illes;Suiza;Total;288.187
Total Nacional;04 Balears, Illes;Suiza;Enero;1.000
Total Nacional;04 Balears, Illes;Suiza;Febrero;2.803
Total Nacional;04 Balears, Illes;Suiza;Marzo;7.055
Total Nacional;04 Balears, Illes;Suiza;Abril;20.174
Total Nacional;04 Balears, Illes;Suiza;Mayo;36.028
Total Nacional;04 Balears, Illes;Suiza;Junio;37.431
Total Nacional;04 Balears, Illes;Suiza;Julio;58.067
Total Nacional;04 Balears, Illes;Suiza;Agosto;34.941
Total Nacional;04 Balears, Illes;Suiza;Septiembre;47.879
Total Nacional;04 Balears, Illes;Suiza;Octubre;37.760
Total Nacional;04 Balears, Illes;Suiza;Noviembre;2.589
Total Nacional;04 Balears, Illes;Suiza;Diciembre;2.459
Total Nacional;04 Balears, Illes;Resto de Europa sin U.E.;Total;188.351
Total Nacional;04 Balears, Illes;Resto de Europa sin U.E.;Enero;1.419
Total Nacional;04 Balears, Illes;Resto de Europa sin U.E.;Febrero;2.047
Total Nacional;04 Balears, Illes;Resto de Europa sin U.E.;Marzo;2.776
Total Nacional;04 Balears, Illes;Resto de Europa sin U.E.;Abril;7.074
Total Nacional;04 Balears, Illes;Resto de Europa sin U.E.;Mayo;20.221
Total Nacional;04 Balears, Illes;Resto de Europa sin U.E.;Junio;30.495
Total Nacional;04 Balears, Illes;Resto de Europa sin U.E.;Julio;40.952
Total Nacional;04 Balears, Illes;Resto de Europa sin U.E.;Agosto;34.527
Total Nacional;04 Balears, Illes;Resto de Europa sin U.E.;Septiembre;26.440
Total Nacional;04 Balears, Illes;Resto de Europa sin U.E.;Octubre;18.595
Total Nacional;04 Balears, Illes;Resto de Europa sin U.E.;Noviembre;1.744
Total Nacional;04 Balears, Illes;Resto de Europa sin U.E.;Diciembre;2.062
Total Nacional;04 Balears, Illes;Japón;Total;8.727
Total Nacional;04 Balears, Illes;Japón;Enero;54
Total Nacional;04 Balears, Illes;Japón;Febrero;107
Total Nacional;04 Balears, Illes;Japón;Marzo;666
Total Nacional;04 Balears, Illes;Japón;Abril;358
Total Nacional;04 Balears, Illes;Japón;Mayo;1.029
Total Nacional;04 Balears, Illes;Japón;Junio;1.157
Total Nacional;04 Balears, Illes;Japón;Julio;1.234
Total Nacional;04 Balears, Illes;Japón;Agosto;1.600
Total Nacional;04 Balears, Illes;Japón;Septiembre;1.038
Total Nacional;04 Balears, Illes;Japón;Octubre;1.112
Total Nacional;04 Balears, Illes;Japón;Noviembre;192
Total Nacional;04 Balears, Illes;Japón;Diciembre;181
Total Nacional;04 Balears, Illes;República China;Total;30.733
Total Nacional;04 Balears, Illes;República China;Enero;225
Total Nacional;04 Balears, Illes;República China;Febrero;498
Total Nacional;04 Balears, Illes;República China;Marzo;1.002
Total Nacional;04 Balears, Illes;República China;Abril;2.036
Total Nacional;04 Balears, Illes;República China;Mayo;3.734
Total Nacional;04 Balears, Illes;República China;Junio;4.631
Total Nacional;04 Balears, Illes;República China;Julio;4.910
Total Nacional;04 Balears, Illes;República China;Agosto;4.349
Total Nacional;04 Balears, Illes;República China;Septiembre;3.268
Total Nacional;04 Balears, Illes;República China;Octubre;4.898
Total Nacional;04 Balears, Illes;República China;Noviembre;525
Total Nacional;04 Balears, Illes;República China;Diciembre;656
Total Nacional;04 Balears, Illes;Estados Unidos;Total;249.611
Total Nacional;04 Balears, Illes;Estados Unidos;Enero;1.077
Total Nacional;04 Balears, Illes;Estados Unidos;Febrero;1.599
Total Nacional;04 Balears, Illes;Estados Unidos;Marzo;5.990
Total Nacional;04 Balears, Illes;Estados Unidos;Abril;13.264
Total Nacional;04 Balears, Illes;Estados Unidos;Mayo;30.425
Total Nacional;04 Balears, Illes;Estados Unidos;Junio;42.108
Total Nacional;04 Balears, Illes;Estados Unidos;Julio;45.224
Total Nacional;04 Balears, Illes;Estados Unidos;Agosto;43.981
Total Nacional;04 Balears, Illes;Estados Unidos;Septiembre;36.944
Total Nacional;04 Balears, Illes;Estados Unidos;Octubre;24.201
Total Nacional;04 Balears, Illes;Estados Unidos;Noviembre;2.797
Total Nacional;04 Balears, Illes;Estados Unidos;Diciembre;2.002
Total Nacional;04 Balears, Illes;Resto de América;Total;202.849
Total Nacional;04 Balears, Illes;Resto de América;Enero;1.408
Total Nacional;04 Balears, Illes;Resto de América;Febrero;1.494
Total Nacional;04 Balears, Illes;Resto de América;Marzo;4.060
Total Nacional;04 Balears, Illes;Resto de América;Abril;7.461
Total Nacional;04 Balears, Illes;Resto de América;Mayo;23.199
Total Nacional;04 Balears, Illes;Resto de América;Junio;31.635
Total Nacional;04 Balears, Illes;Resto de América;Julio;42.286
Total Nacional;04 Balears, Illes;Resto de América;Agosto;36.961
Total Nacional;04 Balears, Illes;Resto de América;Septiembre;30.625
Total Nacional;04 Balears, Illes;Resto de América;Octubre;19.203
Total Nacional;04 Balears, Illes;Resto de América;Noviembre;2.317
Total Nacional;04 Balears, Illes;Resto de América;Diciembre;2.199
Total Nacional;04 Balears, Illes;Países africanos;Total;41.610
Total Nacional;04 Balears, Illes;Países africanos;Enero;297
Total Nacional;04 Balears, Illes;Países africanos;Febrero;410
Total Nacional;04 Balears, Illes;Países africanos;Marzo;827
Total Nacional;04 Balears, Illes;Países africanos;Abril;1.265
Total Nacional;04 Balears, Illes;Países africanos;Mayo;4.576
Total Nacional;04 Balears, Illes;Países africanos;Junio;6.331
Total Nacional;04 Balears, Illes;Países africanos;Julio;7.931
Total Nacional;04 Balears, Illes;Países africanos;Agosto;10.412
Total Nacional;04 Balears, Illes;Países africanos;Septiembre;5.189
Total Nacional;04 Balears, Illes;Países africanos;Octubre;3.284
Total Nacional;04 Balears, Illes;Países africanos;Noviembre;672
Total Nacional;04 Balears, Illes;Países africanos;Diciembre;415
Total Nacional;09 Cataluña;Total;Total;21.595.874
Total Nacional;09 Cataluña;Total;Enero;1.008.841
Total Nacional;09 Cataluña;Total;Febrero;1.136.047
Total Nacional;09 Cataluña;Total;Marzo;1.517.111
Total Nacional;09 Cataluña;Total;Abril;1.710.107
Total Nacional;09 Cataluña;Total;Mayo;2.230.192
Total Nacional;09 Cataluña;Total;Junio;2.317.946
Total Nacional;09 Cataluña;Total;Julio;2.531.716
Total Nacional;09 Cataluña;Total;Agosto;2.645.423
Total Nacional;09 Cataluña;Total;Septiembre;2.149.212
Total Nacional;09 Cataluña;Total;Octubre;1.936.191
Total Nacional;09 Cataluña;Total;Noviembre;1.250.229
Total Nacional;09 Cataluña;Total;Diciembre;1.162.859
Total Nacional;09 Cataluña;Residentes en España;Total;7.633.663
Total Nacional;09 Cataluña;Residentes en España;Enero;413.495
Total Nacional;09 Cataluña;Residentes en España;Febrero;444.253
Total Nacional;09 Cataluña;Residentes en España;Marzo;618.318
Total Nacional;09 Cataluña;Residentes en España;Abril;550.948
Total Nacional;09 Cataluña;Residentes en España;Mayo;692.418
Total Nacional;09 Cataluña;Residentes en España;Junio;851.680
Total Nacional;09 Cataluña;Residentes en España;Julio;861.378
Total Nacional;09 Cataluña;Residentes en España;Agosto;899.260
Total Nacional;09 Cataluña;Residentes en España;Septiembre;691.162
Total Nacional;09 Cataluña;Residentes en España;Octubre;608.812
Total Nacional;09 Cataluña;Residentes en España;Noviembre;484.693
Total Nacional;09 Cataluña;Residentes en España;Diciembre;517.245
Total Nacional;09 Cataluña;No residentes en España;Total;13.962.211
Total Nacional;09 Cataluña;No residentes en España;Enero;595.346
Total Nacional;09 Cataluña;No residentes en España;Febrero;691.794
Total Nacional;09 Cataluña;No residentes en España;Marzo;898.793
Total Nacional;09 Cataluña;No residentes en España;Abril;1.159.158
Total Nacional;09 Cataluña;No residentes en España;Mayo;1.537.775
Total Nacional;09 Cataluña;No residentes en España;Junio;1.466.266
Total Nacional;09 Cataluña;No residentes en España;Julio;1.670.337
Total Nacional;09 Cataluña;No residentes en España;Agosto;1.746.163
Total Nacional;09 Cataluña;No residentes en España;Septiembre;1.458.050
Total Nacional;09 Cataluña;No residentes en España;Octubre;1.327.379
Total Nacional;09 Cataluña;No residentes en España;Noviembre;765.536
Total Nacional;09 Cataluña;No residentes en España;Diciembre;645.613
Total Nacional;09 Cataluña;Unión Europea 27 (sin España);Total;7.105.454
Total Nacional;09 Cataluña;Unión Europea 27 (sin España);Enero;289.721
Total Nacional;09 Cataluña;Unión Europea 27 (sin España);Febrero;342.005
Total Nacional;09 Cataluña;Unión Europea 27 (sin España);Marzo;455.563
Total Nacional;09 Cataluña;Unión Europea 27 (sin España);Abril;625.219
Total Nacional;09 Cataluña;Unión Europea 27 (sin España);Mayo;793.264
Total Nacional;09 Cataluña;Unión Europea 27 (sin España);Junio;674.106
Total Nacional;09 Cataluña;Unión Europea 27 (sin España);Julio;873.968
Total Nacional;09 Cataluña;Unión Europea 27 (sin España);Agosto;1.006.203
Total Nacional;09 Cataluña;Unión Europea 27 (sin España);Septiembre;708.853
Total Nacional;09 Cataluña;Unión Europea 27 (sin España);Octubre;668.661
Total Nacional;09 Cataluña;Unión Europea 27 (sin España);Noviembre;353.455
Total Nacional;09 Cataluña;Unión Europea 27 (sin España);Diciembre;314.436
Total Nacional;09 Cataluña;Alemania;Total;950.897
Total Nacional;09 Cataluña;Alemania;Enero;34.902
Total Nacional;09 Cataluña;Alemania;Febrero;41.207
Total Nacional;09 Cataluña;Alemania;Marzo;73.278
Total Nacional;09 Cataluña;Alemania;Abril;71.313
Total Nacional;09 Cataluña;Alemania;Mayo;101.864
Total Nacional;09 Cataluña;Alemania;Junio;96.557
Total Nacional;09 Cataluña;Alemania;Julio;135.262
Total Nacional;09 Cataluña;Alemania;Agosto;124.809
Total Nacional;09 Cataluña;Alemania;Septiembre;95.623
Total Nacional;09 Cataluña;Alemania;Octubre;93.684
Total Nacional;09 Cataluña;Alemania;Noviembre;45.671
Total Nacional;09 Cataluña;Alemania;Diciembre;36.727
Total Nacional;09 Cataluña;Austria;Total;105.102
Total Nacional;09 Cataluña;Austria;Enero;4.266
Total Nacional;09 Cataluña;Austria;Febrero;7.103
Total Nacional;09 Cataluña;Austria;Marzo;10.057
Total Nacional;09 Cataluña;Austria;Abril;8.670
Total Nacional;09 Cataluña;Austria;Mayo;11.607
Total Nacional;09 Cataluña;Austria;Junio;10.337
Total Nacional;09 Cataluña;Austria;Julio;10.110
Total Nacional;09 Cataluña;Austria;Agosto;11.129
Total Nacional;09 Cataluña;Austria;Septiembre;9.588
Total Nacional;09 Cataluña;Austria;Octubre;11.418
Total Nacional;09 Cataluña;Austria;Noviembre;6.447
Total Nacional;09 Cataluña;Austria;Diciembre;4.369
Total Nacional;09 Cataluña;Bélgica;Total;368.626
Total Nacional;09 Cataluña;Bélgica;Enero;10.331
Total Nacional;09 Cataluña;Bélgica;Febrero;13.614
Total Nacional;09 Cataluña;Bélgica;Marzo;22.312
Total Nacional;09 Cataluña;Bélgica;Abril;30.846
Total Nacional;09 Cataluña;Bélgica;Mayo;36.998
Total Nacional;09 Cataluña;Bélgica;Junio;34.263
Total Nacional;09 Cataluña;Bélgica;Julio;72.382
Total Nacional;09 Cataluña;Bélgica;Agosto;49.147
Total Nacional;09 Cataluña;Bélgica;Septiembre;42.207
Total Nacional;09 Cataluña;Bélgica;Octubre;31.426
Total Nacional;09 Cataluña;Bélgica;Noviembre;13.157
Total Nacional;09 Cataluña;Bélgica;Diciembre;11.943
Total Nacional;09 Cataluña;Dinamarca;Total;97.400
Total Nacional;09 Cataluña;Dinamarca;Enero;3.763
Total Nacional;09 Cataluña;Dinamarca;Febrero;4.842
Total Nacional;09 Cataluña;Dinamarca;Marzo;8.240
Total Nacional;09 Cataluña;Dinamarca;Abril;8.254
Total Nacional;09 Cataluña;Dinamarca;Mayo;10.116
Total Nacional;09 Cataluña;Dinamarca;Junio;9.189
Total Nacional;09 Cataluña;Dinamarca;Julio;15.736
Total Nacional;09 Cataluña;Dinamarca;Agosto;7.632
Total Nacional;09 Cataluña;Dinamarca;Septiembre;9.844
Total Nacional;09 Cataluña;Dinamarca;Octubre;10.107
Total Nacional;09 Cataluña;Dinamarca;Noviembre;6.111
Total Nacional;09 Cataluña;Dinamarca;Diciembre;3.566
Total Nacional;09 Cataluña;Finlandia;Total;60.687
Total Nacional;09 Cataluña;Finlandia;Enero;2.750
Total Nacional;09 Cataluña;Finlandia;Febrero;4.090
Total Nacional;09 Cataluña;Finlandia;Marzo;4.375
Total Nacional;09 Cataluña;Finlandia;Abril;5.726
Total Nacional;09 Cataluña;Finlandia;Mayo;6.796
Total Nacional;09 Cataluña;Finlandia;Junio;7.001
Total Nacional;09 Cataluña;Finlandia;Julio;6.328
Total Nacional;09 Cataluña;Finlandia;Agosto;3.032
Total Nacional;09 Cataluña;Finlandia;Septiembre;6.230
Total Nacional;09 Cataluña;Finlandia;Octubre;8.053
Total Nacional;09 Cataluña;Finlandia;Noviembre;4.422
Total Nacional;09 Cataluña;Finlandia;Diciembre;1.884
Total Nacional;09 Cataluña;Francia;Total;2.482.631
Total Nacional;09 Cataluña;Francia;Enero;91.328
Total Nacional;09 Cataluña;Francia;Febrero;108.761
Total Nacional;09 Cataluña;Francia;Marzo;120.566
Total Nacional;09 Cataluña;Francia;Abril;239.660
Total Nacional;09 Cataluña;Francia;Mayo;333.231
Total Nacional;09 Cataluña;Francia;Junio;200.249
Total Nacional;09 Cataluña;Francia;Julio;269.598
Total Nacional;09 Cataluña;Francia;Agosto;417.902
Total Nacional;09 Cataluña;Francia;Septiembre;230.690
Total Nacional;09 Cataluña;Francia;Octubre;252.267
Total Nacional;09 Cataluña;Francia;Noviembre;109.711
Total Nacional;09 Cataluña;Francia;Diciembre;108.667
Total Nacional;09 Cataluña;Grecia;Total;60.832
Total Nacional;09 Cataluña;Grecia;Enero;3.998
Total Nacional;09 Cataluña;Grecia;Febrero;5.306
Total Nacional;09 Cataluña;Grecia;Marzo;7.167
Total Nacional;09 Cataluña;Grecia;Abril;5.124
Total Nacional;09 Cataluña;Grecia;Mayo;5.553
Total Nacional;09 Cataluña;Grecia;Junio;5.478
Total Nacional;09 Cataluña;Grecia;Julio;5.154
Total Nacional;09 Cataluña;Grecia;Agosto;4.193
Total Nacional;09 Cataluña;Grecia;Septiembre;4.342
Total Nacional;09 Cataluña;Grecia;Octubre;4.708
Total Nacional;09 Cataluña;Grecia;Noviembre;5.374
Total Nacional;09 Cataluña;Grecia;Diciembre;4.435
Total Nacional;09 Cataluña;Irlanda;Total;275.902
Total Nacional;09 Cataluña;Irlanda;Enero;6.982
Total Nacional;09 Cataluña;Irlanda;Febrero;8.874
Total Nacional;09 Cataluña;Irlanda;Marzo;9.731
Total Nacional;09 Cataluña;Irlanda;Abril;22.973
Total Nacional;09 Cataluña;Irlanda;Mayo;37.167
Total Nacional;09 Cataluña;Irlanda;Junio;38.451
Total Nacional;09 Cataluña;Irlanda;Julio;36.035
Total Nacional;09 Cataluña;Irlanda;Agosto;34.657
Total Nacional;09 Cataluña;Irlanda;Septiembre;38.671
Total Nacional;09 Cataluña;Irlanda;Octubre;28.757
Total Nacional;09 Cataluña;Irlanda;Noviembre;8.302
Total Nacional;09 Cataluña;Irlanda;Diciembre;5.301
Total Nacional;09 Cataluña;Italia;Total;819.226
Total Nacional;09 Cataluña;Italia;Enero;49.979
Total Nacional;09 Cataluña;Italia;Febrero;52.955
Total Nacional;09 Cataluña;Italia;Marzo;81.002
Total Nacional;09 Cataluña;Italia;Abril;78.936
Total Nacional;09 Cataluña;Italia;Mayo;67.768
Total Nacional;09 Cataluña;Italia;Junio;65.509
Total Nacional;09 Cataluña;Italia;Julio;74.884
Total Nacional;09 Cataluña;Italia;Agosto;106.866
Total Nacional;09 Cataluña;Italia;Septiembre;68.039
Total Nacional;09 Cataluña;Italia;Octubre;59.791
Total Nacional;09 Cataluña;Italia;Noviembre;54.627
Total Nacional;09 Cataluña;Italia;Diciembre;58.869
Total Nacional;09 Cataluña;Luxemburgo;Total;16.647
Total Nacional;09 Cataluña;Luxemburgo;Enero;625
Total Nacional;09 Cataluña;Luxemburgo;Febrero;832
Total Nacional;09 Cataluña;Luxemburgo;Marzo;1.118
Total Nacional;09 Cataluña;Luxemburgo;Abril;1.057
Total Nacional;09 Cataluña;Luxemburgo;Mayo;1.733
Total Nacional;09 Cataluña;Luxemburgo;Junio;2.036
Total Nacional;09 Cataluña;Luxemburgo;Julio;1.651
Total Nacional;09 Cataluña;Luxemburgo;Agosto;2.854
Total Nacional;09 Cataluña;Luxemburgo;Septiembre;1.644
Total Nacional;09 Cataluña;Luxemburgo;Octubre;1.277
Total Nacional;09 Cataluña;Luxemburgo;Noviembre;1.117
Total Nacional;09 Cataluña;Luxemburgo;Diciembre;704
Total Nacional;09 Cataluña;Países Bajos;Total;552.849
Total Nacional;09 Cataluña;Países Bajos;Enero;20.965
Total Nacional;09 Cataluña;Países Bajos;Febrero;22.842
Total Nacional;09 Cataluña;Países Bajos;Marzo;25.357
Total Nacional;09 Cataluña;Países Bajos;Abril;39.377
Total Nacional;09 Cataluña;Países Bajos;Mayo;56.931
Total Nacional;09 Cataluña;Países Bajos;Junio;57.108
Total Nacional;09 Cataluña;Países Bajos;Julio;96.669
Total Nacional;09 Cataluña;Países Bajos;Agosto;81.329
Total Nacional;09 Cataluña;Países Bajos;Septiembre;56.925
Total Nacional;09 Cataluña;Países Bajos;Octubre;50.779
Total Nacional;09 Cataluña;Países Bajos;Noviembre;23.270
Total Nacional;09 Cataluña;Países Bajos;Diciembre;21.297
Total Nacional;09 Cataluña;Polonia;Total;329.922
Total Nacional;09 Cataluña;Polonia;Enero;13.906
Total Nacional;09 Cataluña;Polonia;Febrero;15.481
Total Nacional;09 Cataluña;Polonia;Marzo;18.512
Total Nacional;09 Cataluña;Polonia;Abril;26.115
Total Nacional;09 Cataluña;Polonia;Mayo;36.558
Total Nacional;09 Cataluña;Polonia;Junio;44.977
Total Nacional;09 Cataluña;Polonia;Julio;40.671
Total Nacional;09 Cataluña;Polonia;Agosto;36.307
Total Nacional;09 Cataluña;Polonia;Septiembre;40.955
Total Nacional;09 Cataluña;Polonia;Octubre;27.202
Total Nacional;09 Cataluña;Polonia;Noviembre;17.212
Total Nacional;09 Cataluña;Polonia;Diciembre;12.026
Total Nacional;09 Cataluña;Portugal;Total;265.479
Total Nacional;09 Cataluña;Portugal;Enero;12.829
Total Nacional;09 Cataluña;Portugal;Febrero;19.006
Total Nacional;09 Cataluña;Portugal;Marzo;20.401
Total Nacional;09 Cataluña;Portugal;Abril;23.535
Total Nacional;09 Cataluña;Portugal;Mayo;20.689
Total Nacional;09 Cataluña;Portugal;Junio;26.125
Total Nacional;09 Cataluña;Portugal;Julio;28.610
Total Nacional;09 Cataluña;Portugal;Agosto;37.352
Total Nacional;09 Cataluña;Portugal;Septiembre;25.527
Total Nacional;09 Cataluña;Portugal;Octubre;19.690
Total Nacional;09 Cataluña;Portugal;Noviembre;15.805
Total Nacional;09 Cataluña;Portugal;Diciembre;15.911
Total Nacional;09 Cataluña;República Checa;Total;81.513
Total Nacional;09 Cataluña;República Checa;Enero;3.166
Total Nacional;09 Cataluña;República Checa;Febrero;4.552
Total Nacional;09 Cataluña;República Checa;Marzo;5.902
Total Nacional;09 Cataluña;República Checa;Abril;6.622
Total Nacional;09 Cataluña;República Checa;Mayo;7.538
Total Nacional;09 Cataluña;República Checa;Junio;9.018
Total Nacional;09 Cataluña;República Checa;Julio;9.355
Total Nacional;09 Cataluña;República Checa;Agosto;7.700
Total Nacional;09 Cataluña;República Checa;Septiembre;10.284
Total Nacional;09 Cataluña;República Checa;Octubre;9.504
Total Nacional;09 Cataluña;República Checa;Noviembre;5.188
Total Nacional;09 Cataluña;República Checa;Diciembre;2.685
Total Nacional;09 Cataluña;Suecia;Total;129.081
Total Nacional;09 Cataluña;Suecia;Enero;5.562
Total Nacional;09 Cataluña;Suecia;Febrero;6.745
Total Nacional;09 Cataluña;Suecia;Marzo;9.836
Total Nacional;09 Cataluña;Suecia;Abril;12.882
Total Nacional;09 Cataluña;Suecia;Mayo;12.037
Total Nacional;09 Cataluña;Suecia;Junio;14.465
Total Nacional;09 Cataluña;Suecia;Julio;17.306
Total Nacional;09 Cataluña;Suecia;Agosto;10.391
Total Nacional;09 Cataluña;Suecia;Septiembre;13.337
Total Nacional;09 Cataluña;Suecia;Octubre;14.255
Total Nacional;09 Cataluña;Suecia;Noviembre;8.420
Total Nacional;09 Cataluña;Suecia;Diciembre;3.845
Total Nacional;09 Cataluña;Noruega;Total;88.410
Total Nacional;09 Cataluña;Noruega;Enero;2.829
Total Nacional;09 Cataluña;Noruega;Febrero;3.776
Total Nacional;09 Cataluña;Noruega;Marzo;6.636
Total Nacional;09 Cataluña;Noruega;Abril;9.429
Total Nacional;09 Cataluña;Noruega;Mayo;7.343
Total Nacional;09 Cataluña;Noruega;Junio;10.326
Total Nacional;09 Cataluña;Noruega;Julio;14.715
Total Nacional;09 Cataluña;Noruega;Agosto;5.054
Total Nacional;09 Cataluña;Noruega;Septiembre;10.075
Total Nacional;09 Cataluña;Noruega;Octubre;11.007
Total Nacional;09 Cataluña;Noruega;Noviembre;4.820
Total Nacional;09 Cataluña;Noruega;Diciembre;2.400
Total Nacional;09 Cataluña;Reino Unido;Total;1.458.526
Total Nacional;09 Cataluña;Reino Unido;Enero;43.067
Total Nacional;09 Cataluña;Reino Unido;Febrero;55.153
Total Nacional;09 Cataluña;Reino Unido;Marzo;73.490
Total Nacional;09 Cataluña;Reino Unido;Abril;99.302
Total Nacional;09 Cataluña;Reino Unido;Mayo;183.486
Total Nacional;09 Cataluña;Reino Unido;Junio;208.482
Total Nacional;09 Cataluña;Reino Unido;Julio;182.927
Total Nacional;09 Cataluña;Reino Unido;Agosto;202.516
Total Nacional;09 Cataluña;Reino Unido;Septiembre;181.125
Total Nacional;09 Cataluña;Reino Unido;Octubre;134.030
Total Nacional;09 Cataluña;Reino Unido;Noviembre;53.223
Total Nacional;09 Cataluña;Reino Unido;Diciembre;41.724
Total Nacional;09 Cataluña;Suiza;Total;244.336
Total Nacional;09 Cataluña;Suiza;Enero;9.386
Total Nacional;09 Cataluña;Suiza;Febrero;12.592
Total Nacional;09 Cataluña;Suiza;Marzo;15.256
Total Nacional;09 Cataluña;Suiza;Abril;21.727
Total Nacional;09 Cataluña;Suiza;Mayo;22.708
Total Nacional;09 Cataluña;Suiza;Junio;23.206
Total Nacional;09 Cataluña;Suiza;Julio;34.897
Total Nacional;09 Cataluña;Suiza;Agosto;23.885
Total Nacional;09 Cataluña;Suiza;Septiembre;28.076
Total Nacional;09 Cataluña;Suiza;Octubre;27.870
Total Nacional;09 Cataluña;Suiza;Noviembre;12.192
Total Nacional;09 Cataluña;Suiza;Diciembre;12.541
Total Nacional;09 Cataluña;Resto de Europa sin U.E.;Total;666.128
Total Nacional;09 Cataluña;Resto de Europa sin U.E.;Enero;33.119
Total Nacional;09 Cataluña;Resto de Europa sin U.E.;Febrero;38.175
Total Nacional;09 Cataluña;Resto de Europa sin U.E.;Marzo;48.109
Total Nacional;09 Cataluña;Resto de Europa sin U.E.;Abril;54.340
Total Nacional;09 Cataluña;Resto de Europa sin U.E.;Mayo;61.565
Total Nacional;09 Cataluña;Resto de Europa sin U.E.;Junio;71.781
Total Nacional;09 Cataluña;Resto de Europa sin U.E.;Julio;76.569
Total Nacional;09 Cataluña;Resto de Europa sin U.E.;Agosto;71.138
Total Nacional;09 Cataluña;Resto de Europa sin U.E.;Septiembre;81.393
Total Nacional;09 Cataluña;Resto de Europa sin U.E.;Octubre;62.117
Total Nacional;09 Cataluña;Resto de Europa sin U.E.;Noviembre;35.588
Total Nacional;09 Cataluña;Resto de Europa sin U.E.;Diciembre;32.235
Total Nacional;09 Cataluña;Japón;Total;144.182
Total Nacional;09 Cataluña;Japón;Enero;9.421
Total Nacional;09 Cataluña;Japón;Febrero;11.823
Total Nacional;09 Cataluña;Japón;Marzo;12.021
Total Nacional;09 Cataluña;Japón;Abril;10.969
Total Nacional;09 Cataluña;Japón;Mayo;11.766
Total Nacional;09 Cataluña;Japón;Junio;11.986
Total Nacional;09 Cataluña;Japón;Julio;10.019
Total Nacional;09 Cataluña;Japón;Agosto;12.755
Total Nacional;09 Cataluña;Japón;Septiembre;14.524
Total Nacional;09 Cataluña;Japón;Octubre;13.330
Total Nacional;09 Cataluña;Japón;Noviembre;11.611
Total Nacional;09 Cataluña;Japón;Diciembre;13.957
Total Nacional;09 Cataluña;República China;Total;324.159
Total Nacional;09 Cataluña;República China;Enero;16.853
Total Nacional;09 Cataluña;República China;Febrero;33.067
Total Nacional;09 Cataluña;República China;Marzo;22.858
Total Nacional;09 Cataluña;República China;Abril;28.400
Total Nacional;09 Cataluña;República China;Mayo;28.531
Total Nacional;09 Cataluña;República China;Junio;30.584
Total Nacional;09 Cataluña;República China;Julio;29.468
Total Nacional;09 Cataluña;República China;Agosto;27.517
Total Nacional;09 Cataluña;República China;Septiembre;28.972
Total Nacional;09 Cataluña;República China;Octubre;32.180
Total Nacional;09 Cataluña;República China;Noviembre;22.395
Total Nacional;09 Cataluña;República China;Diciembre;23.333
Total Nacional;09 Cataluña;Estados Unidos;Total;1.530.459
Total Nacional;09 Cataluña;Estados Unidos;Enero;49.502
Total Nacional;09 Cataluña;Estados Unidos;Febrero;53.983
Total Nacional;09 Cataluña;Estados Unidos;Marzo;105.879
Total Nacional;09 Cataluña;Estados Unidos;Abril;122.749
Total Nacional;09 Cataluña;Estados Unidos;Mayo;189.672
Total Nacional;09 Cataluña;Estados Unidos;Junio;208.009
Total Nacional;09 Cataluña;Estados Unidos;Julio;182.122
Total Nacional;09 Cataluña;Estados Unidos;Agosto;150.964
Total Nacional;09 Cataluña;Estados Unidos;Septiembre;159.030
Total Nacional;09 Cataluña;Estados Unidos;Octubre;151.137
Total Nacional;09 Cataluña;Estados Unidos;Noviembre;99.830
Total Nacional;09 Cataluña;Estados Unidos;Diciembre;57.582
Total Nacional;09 Cataluña;Resto de América;Total;1.054.062
Total Nacional;09 Cataluña;Resto de América;Enero;57.058
Total Nacional;09 Cataluña;Resto de América;Febrero;51.853
Total Nacional;09 Cataluña;Resto de América;Marzo;72.587
Total Nacional;09 Cataluña;Resto de América;Abril;77.503
Total Nacional;09 Cataluña;Resto de América;Mayo;109.813
Total Nacional;09 Cataluña;Resto de América;Junio;103.843
Total Nacional;09 Cataluña;Resto de América;Julio;123.634
Total Nacional;09 Cataluña;Resto de América;Agosto;110.187
Total Nacional;09 Cataluña;Resto de América;Septiembre;116.877
Total Nacional;09 Cataluña;Resto de América;Octubre;103.459
Total Nacional;09 Cataluña;Resto de América;Noviembre;71.986
Total Nacional;09 Cataluña;Resto de América;Diciembre;55.261
Total Nacional;09 Cataluña;Países africanos;Total;212.371
Total Nacional;09 Cataluña;Países africanos;Enero;14.457
Total Nacional;09 Cataluña;Países africanos;Febrero;13.944
Total Nacional;09 Cataluña;Países africanos;Marzo;10.684
Total Nacional;09 Cataluña;Países africanos;Abril;14.707
Total Nacional;09 Cataluña;Países africanos;Mayo;17.590
Total Nacional;09 Cataluña;Países africanos;Junio;18.270
Total Nacional;09 Cataluña;Países africanos;Julio;25.218
Total Nacional;09 Cataluña;Países africanos;Agosto;26.853
Total Nacional;09 Cataluña;Países africanos;Septiembre;19.395
Total Nacional;09 Cataluña;Países africanos;Octubre;17.923
Total Nacional;09 Cataluña;Países africanos;Noviembre;16.031
Total Nacional;09 Cataluña;Países africanos;Diciembre;17.300
Total Nacional;10 Comunitat Valenciana;Total;Total;9.724.124
Total Nacional;10 Comunitat Valenciana;Total;Enero;490.786
Total Nacional;10 Comunitat Valenciana;Total;Febrero;607.126
Total Nacional;10 Comunitat Valenciana;Total;Marzo;805.189
Total Nacional;10 Comunitat Valenciana;Total;Abril;815.492
Total Nacional;10 Comunitat Valenciana;Total;Mayo;937.531
Total Nacional;10 Comunitat Valenciana;Total;Junio;978.865
Total Nacional;10 Comunitat Valenciana;Total;Julio;1.052.470
Total Nacional;10 Comunitat Valenciana;Total;Agosto;1.151.290
Total Nacional;10 Comunitat Valenciana;Total;Septiembre;917.581
Total Nacional;10 Comunitat Valenciana;Total;Octubre;839.583
Total Nacional;10 Comunitat Valenciana;Total;Noviembre;586.649
Total Nacional;10 Comunitat Valenciana;Total;Diciembre;541.561
Total Nacional;10 Comunitat Valenciana;Residentes en España;Total;5.384.694
Total Nacional;10 Comunitat Valenciana;Residentes en España;Enero;271.620
Total Nacional;10 Comunitat Valenciana;Residentes en España;Febrero;348.916
Total Nacional;10 Comunitat Valenciana;Residentes en España;Marzo;461.706
Total Nacional;10 Comunitat Valenciana;Residentes en España;Abril;418.491
Total Nacional;10 Comunitat Valenciana;Residentes en España;Mayo;492.600
Total Nacional;10 Comunitat Valenciana;Residentes en España;Junio;571.156
Total Nacional;10 Comunitat Valenciana;Residentes en España;Julio;607.104
Total Nacional;10 Comunitat Valenciana;Residentes en España;Agosto;668.436
Total Nacional;10 Comunitat Valenciana;Residentes en España;Septiembre;477.553
Total Nacional;10 Comunitat Valenciana;Residentes en España;Octubre;410.411
Total Nacional;10 Comunitat Valenciana;Residentes en España;Noviembre;330.683
Total Nacional;10 Comunitat Valenciana;Residentes en España;Diciembre;326.018
Total Nacional;10 Comunitat Valenciana;No residentes en España;Total;4.339.430
Total Nacional;10 Comunitat Valenciana;No residentes en España;Enero;219.166
Total Nacional;10 Comunitat Valenciana;No residentes en España;Febrero;258.210
Total Nacional;10 Comunitat Valenciana;No residentes en España;Marzo;343.483
Total Nacional;10 Comunitat Valenciana;No residentes en España;Abril;397.001
Total Nacional;10 Comunitat Valenciana;No residentes en España;Mayo;444.932
Total Nacional;10 Comunitat Valenciana;No residentes en España;Junio;407.709
Total Nacional;10 Comunitat Valenciana;No residentes en España;Julio;445.366
Total Nacional;10 Comunitat Valenciana;No residentes en España;Agosto;482.853
Total Nacional;10 Comunitat Valenciana;No residentes en España;Septiembre;440.028
Total Nacional;10 Comunitat Valenciana;No residentes en España;Octubre;429.172
Total Nacional;10 Comunitat Valenciana;No residentes en España;Noviembre;255.966
Total Nacional;10 Comunitat Valenciana;No residentes en España;Diciembre;215.544
Total Nacional;10 Comunitat Valenciana;Unión Europea 27 (sin España);Total;2.017.877
Total Nacional;10 Comunitat Valenciana;Unión Europea 27 (sin España);Enero;108.468
Total Nacional;10 Comunitat Valenciana;Unión Europea 27 (sin España);Febrero;121.291
Total Nacional;10 Comunitat Valenciana;Unión Europea 27 (sin España);Marzo;152.933
Total Nacional;10 Comunitat Valenciana;Unión Europea 27 (sin España);Abril;185.995
Total Nacional;10 Comunitat Valenciana;Unión Europea 27 (sin España);Mayo;196.102
Total Nacional;10 Comunitat Valenciana;Unión Europea 27 (sin España);Junio;175.492
Total Nacional;10 Comunitat Valenciana;Unión Europea 27 (sin España);Julio;212.347
Total Nacional;10 Comunitat Valenciana;Unión Europea 27 (sin España);Agosto;266.276
Total Nacional;10 Comunitat Valenciana;Unión Europea 27 (sin España);Septiembre;198.906
Total Nacional;10 Comunitat Valenciana;Unión Europea 27 (sin España);Octubre;199.164
Total Nacional;10 Comunitat Valenciana;Unión Europea 27 (sin España);Noviembre;101.623
Total Nacional;10 Comunitat Valenciana;Unión Europea 27 (sin España);Diciembre;99.280
Total Nacional;10 Comunitat Valenciana;Alemania;Total;211.326
Total Nacional;10 Comunitat Valenciana;Alemania;Enero;11.730
Total Nacional;10 Comunitat Valenciana;Alemania;Febrero;13.749
Total Nacional;10 Comunitat Valenciana;Alemania;Marzo;21.528
Total Nacional;10 Comunitat Valenciana;Alemania;Abril;21.589
Total Nacional;10 Comunitat Valenciana;Alemania;Mayo;22.132
Total Nacional;10 Comunitat Valenciana;Alemania;Junio;16.420
Total Nacional;10 Comunitat Valenciana;Alemania;Julio;17.763
Total Nacional;10 Comunitat Valenciana;Alemania;Agosto;18.545
Total Nacional;10 Comunitat Valenciana;Alemania;Septiembre;21.616
Total Nacional;10 Comunitat Valenciana;Alemania;Octubre;25.524
Total Nacional;10 Comunitat Valenciana;Alemania;Noviembre;10.427
Total Nacional;10 Comunitat Valenciana;Alemania;Diciembre;10.303
Total Nacional;10 Comunitat Valenciana;Austria;Total;28.167
Total Nacional;10 Comunitat Valenciana;Austria;Enero;1.250
Total Nacional;10 Comunitat Valenciana;Austria;Febrero;1.598
Total Nacional;10 Comunitat Valenciana;Austria;Marzo;2.712
Total Nacional;10 Comunitat Valenciana;Austria;Abril;2.753
Total Nacional;10 Comunitat Valenciana;Austria;Mayo;3.467
Total Nacional;10 Comunitat Valenciana;Austria;Junio;2.448
Total Nacional;10 Comunitat Valenciana;Austria;Julio;2.450
Total Nacional;10 Comunitat Valenciana;Austria;Agosto;2.395
Total Nacional;10 Comunitat Valenciana;Austria;Septiembre;2.816
Total Nacional;10 Comunitat Valenciana;Austria;Octubre;2.877
Total Nacional;10 Comunitat Valenciana;Austria;Noviembre;1.214
Total Nacional;10 Comunitat Valenciana;Austria;Diciembre;2.186
Total Nacional;10 Comunitat Valenciana;Bélgica;Total;172.135
Total Nacional;10 Comunitat Valenciana;Bélgica;Enero;10.145
Total Nacional;10 Comunitat Valenciana;Bélgica;Febrero;11.795
Total Nacional;10 Comunitat Valenciana;Bélgica;Marzo;12.933
Total Nacional;10 Comunitat Valenciana;Bélgica;Abril;17.231
Total Nacional;10 Comunitat Valenciana;Bélgica;Mayo;15.729
Total Nacional;10 Comunitat Valenciana;Bélgica;Junio;13.190
Total Nacional;10 Comunitat Valenciana;Bélgica;Julio;17.651
Total Nacional;10 Comunitat Valenciana;Bélgica;Agosto;16.587
Total Nacional;10 Comunitat Valenciana;Bélgica;Septiembre;17.206
Total Nacional;10 Comunitat Valenciana;Bélgica;Octubre;18.363
Total Nacional;10 Comunitat Valenciana;Bélgica;Noviembre;11.832
Total Nacional;10 Comunitat Valenciana;Bélgica;Diciembre;9.475
Total Nacional;10 Comunitat Valenciana;Dinamarca;Total;29.545
Total Nacional;10 Comunitat Valenciana;Dinamarca;Enero;1.001
Total Nacional;10 Comunitat Valenciana;Dinamarca;Febrero;1.565
Total Nacional;10 Comunitat Valenciana;Dinamarca;Marzo;3.070
Total Nacional;10 Comunitat Valenciana;Dinamarca;Abril;2.273
Total Nacional;10 Comunitat Valenciana;Dinamarca;Mayo;2.990
Total Nacional;10 Comunitat Valenciana;Dinamarca;Junio;1.717
Total Nacional;10 Comunitat Valenciana;Dinamarca;Julio;3.903
Total Nacional;10 Comunitat Valenciana;Dinamarca;Agosto;2.029
Total Nacional;10 Comunitat Valenciana;Dinamarca;Septiembre;3.497
Total Nacional;10 Comunitat Valenciana;Dinamarca;Octubre;4.099
Total Nacional;10 Comunitat Valenciana;Dinamarca;Noviembre;1.693
Total Nacional;10 Comunitat Valenciana;Dinamarca;Diciembre;1.709
Total Nacional;10 Comunitat Valenciana;Finlandia;Total;26.525
Total Nacional;10 Comunitat Valenciana;Finlandia;Enero;1.012
Total Nacional;10 Comunitat Valenciana;Finlandia;Febrero;1.829
Total Nacional;10 Comunitat Valenciana;Finlandia;Marzo;3.126
Total Nacional;10 Comunitat Valenciana;Finlandia;Abril;2.813
Total Nacional;10 Comunitat Valenciana;Finlandia;Mayo;2.271
Total Nacional;10 Comunitat Valenciana;Finlandia;Junio;2.381
Total Nacional;10 Comunitat Valenciana;Finlandia;Julio;2.386
Total Nacional;10 Comunitat Valenciana;Finlandia;Agosto;1.013
Total Nacional;10 Comunitat Valenciana;Finlandia;Septiembre;2.380
Total Nacional;10 Comunitat Valenciana;Finlandia;Octubre;3.514
Total Nacional;10 Comunitat Valenciana;Finlandia;Noviembre;2.191
Total Nacional;10 Comunitat Valenciana;Finlandia;Diciembre;1.609
Total Nacional;10 Comunitat Valenciana;Francia;Total;343.778
Total Nacional;10 Comunitat Valenciana;Francia;Enero;14.365
Total Nacional;10 Comunitat Valenciana;Francia;Febrero;17.630
Total Nacional;10 Comunitat Valenciana;Francia;Marzo;20.251
Total Nacional;10 Comunitat Valenciana;Francia;Abril;29.385
Total Nacional;10 Comunitat Valenciana;Francia;Mayo;31.756
Total Nacional;10 Comunitat Valenciana;Francia;Junio;25.038
Total Nacional;10 Comunitat Valenciana;Francia;Julio;43.308
Total Nacional;10 Comunitat Valenciana;Francia;Agosto;65.349
Total Nacional;10 Comunitat Valenciana;Francia;Septiembre;32.924
Total Nacional;10 Comunitat Valenciana;Francia;Octubre;33.094
Total Nacional;10 Comunitat Valenciana;Francia;Noviembre;13.404
Total Nacional;10 Comunitat Valenciana;Francia;Diciembre;17.273
Total Nacional;10 Comunitat Valenciana;Grecia;Total;8.481
Total Nacional;10 Comunitat Valenciana;Grecia;Enero;748
Total Nacional;10 Comunitat Valenciana;Grecia;Febrero;861
Total Nacional;10 Comunitat Valenciana;Grecia;Marzo;902
Total Nacional;10 Comunitat Valenciana;Grecia;Abril;541
Total Nacional;10 Comunitat Valenciana;Grecia;Mayo;808
Total Nacional;10 Comunitat Valenciana;Grecia;Junio;933
Total Nacional;10 Comunitat Valenciana;Grecia;Julio;675
Total Nacional;10 Comunitat Valenciana;Grecia;Agosto;591
Total Nacional;10 Comunitat Valenciana;Grecia;Septiembre;793
Total Nacional;10 Comunitat Valenciana;Grecia;Octubre;599
Total Nacional;10 Comunitat Valenciana;Grecia;Noviembre;567
Total Nacional;10 Comunitat Valenciana;Grecia;Diciembre;462
Total Nacional;10 Comunitat Valenciana;Irlanda;Total;116.229
Total Nacional;10 Comunitat Valenciana;Irlanda;Enero;5.534
Total Nacional;10 Comunitat Valenciana;Irlanda;Febrero;5.760
Total Nacional;10 Comunitat Valenciana;Irlanda;Marzo;8.557
Total Nacional;10 Comunitat Valenciana;Irlanda;Abril;13.477
Total Nacional;10 Comunitat Valenciana;Irlanda;Mayo;14.832
Total Nacional;10 Comunitat Valenciana;Irlanda;Junio;12.428
Total Nacional;10 Comunitat Valenciana;Irlanda;Julio;9.979
Total Nacional;10 Comunitat Valenciana;Irlanda;Agosto;9.867
Total Nacional;10 Comunitat Valenciana;Irlanda;Septiembre;13.280
Total Nacional;10 Comunitat Valenciana;Irlanda;Octubre;11.947
Total Nacional;10 Comunitat Valenciana;Irlanda;Noviembre;6.402
Total Nacional;10 Comunitat Valenciana;Irlanda;Diciembre;4.166
Total Nacional;10 Comunitat Valenciana;Italia;Total;298.511
Total Nacional;10 Comunitat Valenciana;Italia;Enero;19.578
Total Nacional;10 Comunitat Valenciana;Italia;Febrero;19.712
Total Nacional;10 Comunitat Valenciana;Italia;Marzo;22.559
Total Nacional;10 Comunitat Valenciana;Italia;Abril;27.989
Total Nacional;10 Comunitat Valenciana;Italia;Mayo;27.010
Total Nacional;10 Comunitat Valenciana;Italia;Junio;25.956
Total Nacional;10 Comunitat Valenciana;Italia;Julio;28.495
Total Nacional;10 Comunitat Valenciana;Italia;Agosto;45.225
Total Nacional;10 Comunitat Valenciana;Italia;Septiembre;25.583
Total Nacional;10 Comunitat Valenciana;Italia;Octubre;25.829
Total Nacional;10 Comunitat Valenciana;Italia;Noviembre;13.571
Total Nacional;10 Comunitat Valenciana;Italia;Diciembre;17.005
Total Nacional;10 Comunitat Valenciana;Luxemburgo;Total;3.673
Total Nacional;10 Comunitat Valenciana;Luxemburgo;Enero;142
Total Nacional;10 Comunitat Valenciana;Luxemburgo;Febrero;245
Total Nacional;10 Comunitat Valenciana;Luxemburgo;Marzo;245
Total Nacional;10 Comunitat Valenciana;Luxemburgo;Abril;286
Total Nacional;10 Comunitat Valenciana;Luxemburgo;Mayo;297
Total Nacional;10 Comunitat Valenciana;Luxemburgo;Junio;331
Total Nacional;10 Comunitat Valenciana;Luxemburgo;Julio;342
Total Nacional;10 Comunitat Valenciana;Luxemburgo;Agosto;435
Total Nacional;10 Comunitat Valenciana;Luxemburgo;Septiembre;412
Total Nacional;10 Comunitat Valenciana;Luxemburgo;Octubre;405
Total Nacional;10 Comunitat Valenciana;Luxemburgo;Noviembre;199
Total Nacional;10 Comunitat Valenciana;Luxemburgo;Diciembre;334
Total Nacional;10 Comunitat Valenciana;Países Bajos;Total;265.876
Total Nacional;10 Comunitat Valenciana;Países Bajos;Enero;18.229
Total Nacional;10 Comunitat Valenciana;Países Bajos;Febrero;16.252
Total Nacional;10 Comunitat Valenciana;Países Bajos;Marzo;20.101
Total Nacional;10 Comunitat Valenciana;Países Bajos;Abril;24.545
Total Nacional;10 Comunitat Valenciana;Países Bajos;Mayo;27.544
Total Nacional;10 Comunitat Valenciana;Países Bajos;Junio;24.113
Total Nacional;10 Comunitat Valenciana;Países Bajos;Julio;24.974
Total Nacional;10 Comunitat Valenciana;Países Bajos;Agosto;27.350
Total Nacional;10 Comunitat Valenciana;Países Bajos;Septiembre;26.505
Total Nacional;10 Comunitat Valenciana;Países Bajos;Octubre;27.687
Total Nacional;10 Comunitat Valenciana;Países Bajos;Noviembre;15.976
Total Nacional;10 Comunitat Valenciana;Países Bajos;Diciembre;12.601
Total Nacional;10 Comunitat Valenciana;Polonia;Total;102.796
Total Nacional;10 Comunitat Valenciana;Polonia;Enero;8.482
Total Nacional;10 Comunitat Valenciana;Polonia;Febrero;9.402
Total Nacional;10 Comunitat Valenciana;Polonia;Marzo;9.974
Total Nacional;10 Comunitat Valenciana;Polonia;Abril;9.809
Total Nacional;10 Comunitat Valenciana;Polonia;Mayo;12.603
Total Nacional;10 Comunitat Valenciana;Polonia;Junio;7.452
Total Nacional;10 Comunitat Valenciana;Polonia;Julio;7.069
Total Nacional;10 Comunitat Valenciana;Polonia;Agosto;6.502
Total Nacional;10 Comunitat Valenciana;Polonia;Septiembre;7.740
Total Nacional;10 Comunitat Valenciana;Polonia;Octubre;10.512
Total Nacional;10 Comunitat Valenciana;Polonia;Noviembre;7.325
Total Nacional;10 Comunitat Valenciana;Polonia;Diciembre;5.928
Total Nacional;10 Comunitat Valenciana;Portugal;Total;142.013
Total Nacional;10 Comunitat Valenciana;Portugal;Enero;4.134
Total Nacional;10 Comunitat Valenciana;Portugal;Febrero;4.762
Total Nacional;10 Comunitat Valenciana;Portugal;Marzo;5.929
Total Nacional;10 Comunitat Valenciana;Portugal;Abril;9.191
Total Nacional;10 Comunitat Valenciana;Portugal;Mayo;7.746
Total Nacional;10 Comunitat Valenciana;Portugal;Junio;15.665
Total Nacional;10 Comunitat Valenciana;Portugal;Julio;21.134
Total Nacional;10 Comunitat Valenciana;Portugal;Agosto;39.477
Total Nacional;10 Comunitat Valenciana;Portugal;Septiembre;18.603
Total Nacional;10 Comunitat Valenciana;Portugal;Octubre;7.375
Total Nacional;10 Comunitat Valenciana;Portugal;Noviembre;3.858
Total Nacional;10 Comunitat Valenciana;Portugal;Diciembre;4.139
Total Nacional;10 Comunitat Valenciana;República Checa;Total;17.359
Total Nacional;10 Comunitat Valenciana;República Checa;Enero;787
Total Nacional;10 Comunitat Valenciana;República Checa;Febrero;1.580
Total Nacional;10 Comunitat Valenciana;República Checa;Marzo;1.231
Total Nacional;10 Comunitat Valenciana;República Checa;Abril;1.479
Total Nacional;10 Comunitat Valenciana;República Checa;Mayo;1.970
Total Nacional;10 Comunitat Valenciana;República Checa;Junio;1.674
Total Nacional;10 Comunitat Valenciana;República Checa;Julio;2.214
Total Nacional;10 Comunitat Valenciana;República Checa;Agosto;1.661
Total Nacional;10 Comunitat Valenciana;República Checa;Septiembre;1.637
Total Nacional;10 Comunitat Valenciana;República Checa;Octubre;1.813
Total Nacional;10 Comunitat Valenciana;República Checa;Noviembre;518
Total Nacional;10 Comunitat Valenciana;República Checa;Diciembre;796
Total Nacional;10 Comunitat Valenciana;Suecia;Total;60.029
Total Nacional;10 Comunitat Valenciana;Suecia;Enero;2.453
Total Nacional;10 Comunitat Valenciana;Suecia;Febrero;3.365
Total Nacional;10 Comunitat Valenciana;Suecia;Marzo;5.172
Total Nacional;10 Comunitat Valenciana;Suecia;Abril;5.896
Total Nacional;10 Comunitat Valenciana;Suecia;Mayo;5.577
Total Nacional;10 Comunitat Valenciana;Suecia;Junio;5.963
Total Nacional;10 Comunitat Valenciana;Suecia;Julio;6.938
Total Nacional;10 Comunitat Valenciana;Suecia;Agosto;4.283
Total Nacional;10 Comunitat Valenciana;Suecia;Septiembre;6.754
Total Nacional;10 Comunitat Valenciana;Suecia;Octubre;7.793
Total Nacional;10 Comunitat Valenciana;Suecia;Noviembre;3.558
Total Nacional;10 Comunitat Valenciana;Suecia;Diciembre;2.276
Total Nacional;10 Comunitat Valenciana;Noruega;Total;60.872
Total Nacional;10 Comunitat Valenciana;Noruega;Enero;2.945
Total Nacional;10 Comunitat Valenciana;Noruega;Febrero;4.044
Total Nacional;10 Comunitat Valenciana;Noruega;Marzo;5.865
Total Nacional;10 Comunitat Valenciana;Noruega;Abril;6.613
Total Nacional;10 Comunitat Valenciana;Noruega;Mayo;5.276
Total Nacional;10 Comunitat Valenciana;Noruega;Junio;4.402
Total Nacional;10 Comunitat Valenciana;Noruega;Julio;8.046
Total Nacional;10 Comunitat Valenciana;Noruega;Agosto;3.509
Total Nacional;10 Comunitat Valenciana;Noruega;Septiembre;5.405
Total Nacional;10 Comunitat Valenciana;Noruega;Octubre;8.795
Total Nacional;10 Comunitat Valenciana;Noruega;Noviembre;3.649
Total Nacional;10 Comunitat Valenciana;Noruega;Diciembre;2.322
Total Nacional;10 Comunitat Valenciana;Reino Unido;Total;1.267.105
Total Nacional;10 Comunitat Valenciana;Reino Unido;Enero;53.163
Total Nacional;10 Comunitat Valenciana;Reino Unido;Febrero;69.936
Total Nacional;10 Comunitat Valenciana;Reino Unido;Marzo;106.595
Total Nacional;10 Comunitat Valenciana;Reino Unido;Abril;122.381
Total Nacional;10 Comunitat Valenciana;Reino Unido;Mayo;144.616
Total Nacional;10 Comunitat Valenciana;Reino Unido;Junio;132.339
Total Nacional;10 Comunitat Valenciana;Reino Unido;Julio;119.652
Total Nacional;10 Comunitat Valenciana;Reino Unido;Agosto;106.364
Total Nacional;10 Comunitat Valenciana;Reino Unido;Septiembre;134.097
Total Nacional;10 Comunitat Valenciana;Reino Unido;Octubre;121.849
Total Nacional;10 Comunitat Valenciana;Reino Unido;Noviembre;95.142
Total Nacional;10 Comunitat Valenciana;Reino Unido;Diciembre;60.971
Total Nacional;10 Comunitat Valenciana;Suiza;Total;74.590
Total Nacional;10 Comunitat Valenciana;Suiza;Enero;2.641
Total Nacional;10 Comunitat Valenciana;Suiza;Febrero;4.477
Total Nacional;10 Comunitat Valenciana;Suiza;Marzo;6.571
Total Nacional;10 Comunitat Valenciana;Suiza;Abril;7.460
Total Nacional;10 Comunitat Valenciana;Suiza;Mayo;7.649
Total Nacional;10 Comunitat Valenciana;Suiza;Junio;6.775
Total Nacional;10 Comunitat Valenciana;Suiza;Julio;9.450
Total Nacional;10 Comunitat Valenciana;Suiza;Agosto;5.924
Total Nacional;10 Comunitat Valenciana;Suiza;Septiembre;7.860
Total Nacional;10 Comunitat Valenciana;Suiza;Octubre;9.225
Total Nacional;10 Comunitat Valenciana;Suiza;Noviembre;2.635
Total Nacional;10 Comunitat Valenciana;Suiza;Diciembre;3.923
Total Nacional;10 Comunitat Valenciana;Resto de Europa sin U.E.;Total;152.978
Total Nacional;10 Comunitat Valenciana;Resto de Europa sin U.E.;Enero;9.829
Total Nacional;10 Comunitat Valenciana;Resto de Europa sin U.E.;Febrero;9.785
Total Nacional;10 Comunitat Valenciana;Resto de Europa sin U.E.;Marzo;11.205
Total Nacional;10 Comunitat Valenciana;Resto de Europa sin U.E.;Abril;12.857
Total Nacional;10 Comunitat Valenciana;Resto de Europa sin U.E.;Mayo;15.162
Total Nacional;10 Comunitat Valenciana;Resto de Europa sin U.E.;Junio;13.591
Total Nacional;10 Comunitat Valenciana;Resto de Europa sin U.E.;Julio;15.867
Total Nacional;10 Comunitat Valenciana;Resto de Europa sin U.E.;Agosto;17.017
Total Nacional;10 Comunitat Valenciana;Resto de Europa sin U.E.;Septiembre;16.602
Total Nacional;10 Comunitat Valenciana;Resto de Europa sin U.E.;Octubre;14.631
Total Nacional;10 Comunitat Valenciana;Resto de Europa sin U.E.;Noviembre;8.746
Total Nacional;10 Comunitat Valenciana;Resto de Europa sin U.E.;Diciembre;7.688
Total Nacional;10 Comunitat Valenciana;Japón;Total;15.649
Total Nacional;10 Comunitat Valenciana;Japón;Enero;1.101
Total Nacional;10 Comunitat Valenciana;Japón;Febrero;1.217
Total Nacional;10 Comunitat Valenciana;Japón;Marzo;1.238
Total Nacional;10 Comunitat Valenciana;Japón;Abril;1.530
Total Nacional;10 Comunitat Valenciana;Japón;Mayo;2.013
Total Nacional;10 Comunitat Valenciana;Japón;Junio;1.210
Total Nacional;10 Comunitat Valenciana;Japón;Julio;1.490
Total Nacional;10 Comunitat Valenciana;Japón;Agosto;1.203
Total Nacional;10 Comunitat Valenciana;Japón;Septiembre;1.810
Total Nacional;10 Comunitat Valenciana;Japón;Octubre;1.128
Total Nacional;10 Comunitat Valenciana;Japón;Noviembre;1.004
Total Nacional;10 Comunitat Valenciana;Japón;Diciembre;706
Total Nacional;10 Comunitat Valenciana;República China;Total;70.571
Total Nacional;10 Comunitat Valenciana;República China;Enero;3.582
Total Nacional;10 Comunitat Valenciana;República China;Febrero;5.091
Total Nacional;10 Comunitat Valenciana;República China;Marzo;7.819
Total Nacional;10 Comunitat Valenciana;República China;Abril;7.237
Total Nacional;10 Comunitat Valenciana;República China;Mayo;7.798
Total Nacional;10 Comunitat Valenciana;República China;Junio;5.132
Total Nacional;10 Comunitat Valenciana;República China;Julio;4.787
Total Nacional;10 Comunitat Valenciana;República China;Agosto;5.367
Total Nacional;10 Comunitat Valenciana;República China;Septiembre;6.589
Total Nacional;10 Comunitat Valenciana;República China;Octubre;7.231
Total Nacional;10 Comunitat Valenciana;República China;Noviembre;5.494
Total Nacional;10 Comunitat Valenciana;República China;Diciembre;4.444
Total Nacional;10 Comunitat Valenciana;Estados Unidos;Total;160.415
Total Nacional;10 Comunitat Valenciana;Estados Unidos;Enero;7.054
Total Nacional;10 Comunitat Valenciana;Estados Unidos;Febrero;7.810
Total Nacional;10 Comunitat Valenciana;Estados Unidos;Marzo;14.363
Total Nacional;10 Comunitat Valenciana;Estados Unidos;Abril;13.819
Total Nacional;10 Comunitat Valenciana;Estados Unidos;Mayo;17.406
Total Nacional;10 Comunitat Valenciana;Estados Unidos;Junio;19.860
Total Nacional;10 Comunitat Valenciana;Estados Unidos;Julio;17.974
Total Nacional;10 Comunitat Valenciana;Estados Unidos;Agosto;14.221
Total Nacional;10 Comunitat Valenciana;Estados Unidos;Septiembre;16.390
Total Nacional;10 Comunitat Valenciana;Estados Unidos;Octubre;16.675
Total Nacional;10 Comunitat Valenciana;Estados Unidos;Noviembre;7.681
Total Nacional;10 Comunitat Valenciana;Estados Unidos;Diciembre;7.162
Total Nacional;10 Comunitat Valenciana;Resto de América;Total;247.403
Total Nacional;10 Comunitat Valenciana;Resto de América;Enero;13.688
Total Nacional;10 Comunitat Valenciana;Resto de América;Febrero;14.185
Total Nacional;10 Comunitat Valenciana;Resto de América;Marzo;17.662
Total Nacional;10 Comunitat Valenciana;Resto de América;Abril;18.223
Total Nacional;10 Comunitat Valenciana;Resto de América;Mayo;24.223
Total Nacional;10 Comunitat Valenciana;Resto de América;Junio;24.269
Total Nacional;10 Comunitat Valenciana;Resto de América;Julio;27.664
Total Nacional;10 Comunitat Valenciana;Resto de América;Agosto;31.371
Total Nacional;10 Comunitat Valenciana;Resto de América;Septiembre;26.895
Total Nacional;10 Comunitat Valenciana;Resto de América;Octubre;24.213
Total Nacional;10 Comunitat Valenciana;Resto de América;Noviembre;13.136
Total Nacional;10 Comunitat Valenciana;Resto de América;Diciembre;11.875
Total Nacional;10 Comunitat Valenciana;Países africanos;Total;106.629
Total Nacional;10 Comunitat Valenciana;Países africanos;Enero;6.446
Total Nacional;10 Comunitat Valenciana;Países africanos;Febrero;8.144
Total Nacional;10 Comunitat Valenciana;Países africanos;Marzo;5.169
Total Nacional;10 Comunitat Valenciana;Países africanos;Abril;6.040
Total Nacional;10 Comunitat Valenciana;Países africanos;Mayo;7.886
Total Nacional;10 Comunitat Valenciana;Países africanos;Junio;6.952
Total Nacional;10 Comunitat Valenciana;Países africanos;Julio;14.245
Total Nacional;10 Comunitat Valenciana;Países africanos;Agosto;17.873
Total Nacional;10 Comunitat Valenciana;Países africanos;Septiembre;8.923
Total Nacional;10 Comunitat Valenciana;Países africanos;Octubre;9.739
Total Nacional;10 Comunitat Valenciana;Países africanos;Noviembre;7.055
Total Nacional;10 Comunitat Valenciana;Países africanos;Diciembre;8.158
Total Nacional;13 Madrid, Comunidad de;Total;Total;13.291.332
Total Nacional;13 Madrid, Comunidad de;Total;Enero;895.214
Total Nacional;13 Madrid, Comunidad de;Total;Febrero;972.927
Total Nacional;13 Madrid, Comunidad de;Total;Marzo;1.094.034
Total Nacional;13 Madrid, Comunidad de;Total;Abril;1.126.754
Total Nacional;13 Madrid, Comunidad de;Total;Mayo;1.231.218
Total Nacional;13 Madrid, Comunidad de;Total;Junio;1.189.952
Total Nacional;13 Madrid, Comunidad de;Total;Julio;1.173.350
Total Nacional;13 Madrid, Comunidad de;Total;Agosto;1.025.471
Total Nacional;13 Madrid, Comunidad de;Total;Septiembre;1.170.483
Total Nacional;13 Madrid, Comunidad de;Total;Octubre;1.228.195
Total Nacional;13 Madrid, Comunidad de;Total;Noviembre;1.125.101
Total Nacional;13 Madrid, Comunidad de;Total;Diciembre;1.058.633
Total Nacional;13 Madrid, Comunidad de;Residentes en España;Total;6.655.039
Total Nacional;13 Madrid, Comunidad de;Residentes en España;Enero;490.157
Total Nacional;13 Madrid, Comunidad de;Residentes en España;Febrero;543.763
Total Nacional;13 Madrid, Comunidad de;Residentes en España;Marzo;578.912
Total Nacional;13 Madrid, Comunidad de;Residentes en España;Abril;517.185
Total Nacional;13 Madrid, Comunidad de;Residentes en España;Mayo;582.493
Total Nacional;13 Madrid, Comunidad de;Residentes en España;Junio;598.737
Total Nacional;13 Madrid, Comunidad de;Residentes en España;Julio;575.463
Total Nacional;13 Madrid, Comunidad de;Residentes en España;Agosto;469.667
Total Nacional;13 Madrid, Comunidad de;Residentes en España;Septiembre;536.583
Total Nacional;13 Madrid, Comunidad de;Residentes en España;Octubre;563.246
Total Nacional;13 Madrid, Comunidad de;Residentes en España;Noviembre;591.976
Total Nacional;13 Madrid, Comunidad de;Residentes en España;Diciembre;606.856
Total Nacional;13 Madrid, Comunidad de;No residentes en España;Total;6.636.293
Total Nacional;13 Madrid, Comunidad de;No residentes en España;Enero;405.057
Total Nacional;13 Madrid, Comunidad de;No residentes en España;Febrero;429.164
Total Nacional;13 Madrid, Comunidad de;No residentes en España;Marzo;515.122
Total Nacional;13 Madrid, Comunidad de;No residentes en España;Abril;609.568
Total Nacional;13 Madrid, Comunidad de;No residentes en España;Mayo;648.725
Total Nacional;13 Madrid, Comunidad de;No residentes en España;Junio;591.215
Total Nacional;13 Madrid, Comunidad de;No residentes en España;Julio;597.887
Total Nacional;13 Madrid, Comunidad de;No residentes en España;Agosto;555.803
Total Nacional;13 Madrid, Comunidad de;No residentes en España;Septiembre;633.900
Total Nacional;13 Madrid, Comunidad de;No residentes en España;Octubre;664.949
Total Nacional;13 Madrid, Comunidad de;No residentes en España;Noviembre;533.125
Total Nacional;13 Madrid, Comunidad de;No residentes en España;Diciembre;451.778
Total Nacional;13 Madrid, Comunidad de;Unión Europea 27 (sin España);Total;2.114.867
Total Nacional;13 Madrid, Comunidad de;Unión Europea 27 (sin España);Enero;130.732
Total Nacional;13 Madrid, Comunidad de;Unión Europea 27 (sin España);Febrero;157.500
Total Nacional;13 Madrid, Comunidad de;Unión Europea 27 (sin España);Marzo;176.260
Total Nacional;13 Madrid, Comunidad de;Unión Europea 27 (sin España);Abril;212.095
Total Nacional;13 Madrid, Comunidad de;Unión Europea 27 (sin España);Mayo;194.586
Total Nacional;13 Madrid, Comunidad de;Unión Europea 27 (sin España);Junio;167.335
Total Nacional;13 Madrid, Comunidad de;Unión Europea 27 (sin España);Julio;173.354
Total Nacional;13 Madrid, Comunidad de;Unión Europea 27 (sin España);Agosto;185.846
Total Nacional;13 Madrid, Comunidad de;Unión Europea 27 (sin España);Septiembre;179.170
Total Nacional;13 Madrid, Comunidad de;Unión Europea 27 (sin España);Octubre;213.080
Total Nacional;13 Madrid, Comunidad de;Unión Europea 27 (sin España);Noviembre;176.300
Total Nacional;13 Madrid, Comunidad de;Unión Europea 27 (sin España);Diciembre;148.611
Total Nacional;13 Madrid, Comunidad de;Alemania;Total;245.897
Total Nacional;13 Madrid, Comunidad de;Alemania;Enero;13.404
Total Nacional;13 Madrid, Comunidad de;Alemania;Febrero;17.732
Total Nacional;13 Madrid, Comunidad de;Alemania;Marzo;24.266
Total Nacional;13 Madrid, Comunidad de;Alemania;Abril;25.819
Total Nacional;13 Madrid, Comunidad de;Alemania;Mayo;27.159
Total Nacional;13 Madrid, Comunidad de;Alemania;Junio;20.415
Total Nacional;13 Madrid, Comunidad de;Alemania;Julio;19.818
Total Nacional;13 Madrid, Comunidad de;Alemania;Agosto;14.191
Total Nacional;13 Madrid, Comunidad de;Alemania;Septiembre;23.073
Total Nacional;13 Madrid, Comunidad de;Alemania;Octubre;26.643
Total Nacional;13 Madrid, Comunidad de;Alemania;Noviembre;18.655
Total Nacional;13 Madrid, Comunidad de;Alemania;Diciembre;14.721
Total Nacional;13 Madrid, Comunidad de;Austria;Total;38.218
Total Nacional;13 Madrid, Comunidad de;Austria;Enero;1.919
Total Nacional;13 Madrid, Comunidad de;Austria;Febrero;2.948
Total Nacional;13 Madrid, Comunidad de;Austria;Marzo;5.162
Total Nacional;13 Madrid, Comunidad de;Austria;Abril;4.001
Total Nacional;13 Madrid, Comunidad de;Austria;Mayo;4.088
Total Nacional;13 Madrid, Comunidad de;Austria;Junio;3.711
Total Nacional;13 Madrid, Comunidad de;Austria;Julio;2.214
Total Nacional;13 Madrid, Comunidad de;Austria;Agosto;2.054
Total Nacional;13 Madrid, Comunidad de;Austria;Septiembre;3.324
Total Nacional;13 Madrid, Comunidad de;Austria;Octubre;3.715
Total Nacional;13 Madrid, Comunidad de;Austria;Noviembre;3.185
Total Nacional;13 Madrid, Comunidad de;Austria;Diciembre;1.896
Total Nacional;13 Madrid, Comunidad de;Bélgica;Total;84.584
Total Nacional;13 Madrid, Comunidad de;Bélgica;Enero;4.310
Total Nacional;13 Madrid, Comunidad de;Bélgica;Febrero;5.680
Total Nacional;13 Madrid, Comunidad de;Bélgica;Marzo;6.484
Total Nacional;13 Madrid, Comunidad de;Bélgica;Abril;8.289
Total Nacional;13 Madrid, Comunidad de;Bélgica;Mayo;7.418
Total Nacional;13 Madrid, Comunidad de;Bélgica;Junio;6.217
Total Nacional;13 Madrid, Comunidad de;Bélgica;Julio;10.363
Total Nacional;13 Madrid, Comunidad de;Bélgica;Agosto;9.081
Total Nacional;13 Madrid, Comunidad de;Bélgica;Septiembre;7.069
Total Nacional;13 Madrid, Comunidad de;Bélgica;Octubre;8.096
Total Nacional;13 Madrid, Comunidad de;Bélgica;Noviembre;6.802
Total Nacional;13 Madrid, Comunidad de;Bélgica;Diciembre;4.776
Total Nacional;13 Madrid, Comunidad de;Dinamarca;Total;30.150
Total Nacional;13 Madrid, Comunidad de;Dinamarca;Enero;1.659
Total Nacional;13 Madrid, Comunidad de;Dinamarca;Febrero;1.854
Total Nacional;13 Madrid, Comunidad de;Dinamarca;Marzo;3.157
Total Nacional;13 Madrid, Comunidad de;Dinamarca;Abril;3.257
Total Nacional;13 Madrid, Comunidad de;Dinamarca;Mayo;2.884
Total Nacional;13 Madrid, Comunidad de;Dinamarca;Junio;2.611
Total Nacional;13 Madrid, Comunidad de;Dinamarca;Julio;2.647
Total Nacional;13 Madrid, Comunidad de;Dinamarca;Agosto;1.683
Total Nacional;13 Madrid, Comunidad de;Dinamarca;Septiembre;3.040
Total Nacional;13 Madrid, Comunidad de;Dinamarca;Octubre;3.208
Total Nacional;13 Madrid, Comunidad de;Dinamarca;Noviembre;2.493
Total Nacional;13 Madrid, Comunidad de;Dinamarca;Diciembre;1.657
Total Nacional;13 Madrid, Comunidad de;Finlandia;Total;25.792
Total Nacional;13 Madrid, Comunidad de;Finlandia;Enero;1.700
Total Nacional;13 Madrid, Comunidad de;Finlandia;Febrero;1.565
Total Nacional;13 Madrid, Comunidad de;Finlandia;Marzo;1.795
Total Nacional;13 Madrid, Comunidad de;Finlandia;Abril;2.574
Total Nacional;13 Madrid, Comunidad de;Finlandia;Mayo;2.929
Total Nacional;13 Madrid, Comunidad de;Finlandia;Junio;2.208
Total Nacional;13 Madrid, Comunidad de;Finlandia;Julio;1.421
Total Nacional;13 Madrid, Comunidad de;Finlandia;Agosto;1.073
Total Nacional;13 Madrid, Comunidad de;Finlandia;Septiembre;2.227
Total Nacional;13 Madrid, Comunidad de;Finlandia;Octubre;4.032
Total Nacional;13 Madrid, Comunidad de;Finlandia;Noviembre;2.018
Total Nacional;13 Madrid, Comunidad de;Finlandia;Diciembre;2.250
Total Nacional;13 Madrid, Comunidad de;Francia;Total;427.304
Total Nacional;13 Madrid, Comunidad de;Francia;Enero;24.889
Total Nacional;13 Madrid, Comunidad de;Francia;Febrero;30.397
Total Nacional;13 Madrid, Comunidad de;Francia;Marzo;30.400
Total Nacional;13 Madrid, Comunidad de;Francia;Abril;40.277
Total Nacional;13 Madrid, Comunidad de;Francia;Mayo;39.911
Total Nacional;13 Madrid, Comunidad de;Francia;Junio;33.085
Total Nacional;13 Madrid, Comunidad de;Francia;Julio;36.491
Total Nacional;13 Madrid, Comunidad de;Francia;Agosto;50.097
Total Nacional;13 Madrid, Comunidad de;Francia;Septiembre;33.647
Total Nacional;13 Madrid, Comunidad de;Francia;Octubre;45.177
Total Nacional;13 Madrid, Comunidad de;Francia;Noviembre;33.401
Total Nacional;13 Madrid, Comunidad de;Francia;Diciembre;29.532
Total Nacional;13 Madrid, Comunidad de;Grecia;Total;36.693
Total Nacional;13 Madrid, Comunidad de;Grecia;Enero;3.012
Total Nacional;13 Madrid, Comunidad de;Grecia;Febrero;4.146
Total Nacional;13 Madrid, Comunidad de;Grecia;Marzo;2.107
Total Nacional;13 Madrid, Comunidad de;Grecia;Abril;4.142
Total Nacional;13 Madrid, Comunidad de;Grecia;Mayo;2.407
Total Nacional;13 Madrid, Comunidad de;Grecia;Junio;3.013
Total Nacional;13 Madrid, Comunidad de;Grecia;Julio;2.137
Total Nacional;13 Madrid, Comunidad de;Grecia;Agosto;2.648
Total Nacional;13 Madrid, Comunidad de;Grecia;Septiembre;2.867
Total Nacional;13 Madrid, Comunidad de;Grecia;Octubre;3.333
Total Nacional;13 Madrid, Comunidad de;Grecia;Noviembre;3.392
Total Nacional;13 Madrid, Comunidad de;Grecia;Diciembre;3.490
Total Nacional;13 Madrid, Comunidad de;Irlanda;Total;62.708
Total Nacional;13 Madrid, Comunidad de;Irlanda;Enero;4.264
Total Nacional;13 Madrid, Comunidad de;Irlanda;Febrero;5.332
Total Nacional;13 Madrid, Comunidad de;Irlanda;Marzo;5.125
Total Nacional;13 Madrid, Comunidad de;Irlanda;Abril;6.866
Total Nacional;13 Madrid, Comunidad de;Irlanda;Mayo;6.028
Total Nacional;13 Madrid, Comunidad de;Irlanda;Junio;5.519
Total Nacional;13 Madrid, Comunidad de;Irlanda;Julio;4.885
Total Nacional;13 Madrid, Comunidad de;Irlanda;Agosto;3.747
Total Nacional;13 Madrid, Comunidad de;Irlanda;Septiembre;6.285
Total Nacional;13 Madrid, Comunidad de;Irlanda;Octubre;6.321
Total Nacional;13 Madrid, Comunidad de;Irlanda;Noviembre;5.254
Total Nacional;13 Madrid, Comunidad de;Irlanda;Diciembre;3.083
Total Nacional;13 Madrid, Comunidad de;Italia;Total;435.534
Total Nacional;13 Madrid, Comunidad de;Italia;Enero;31.113
Total Nacional;13 Madrid, Comunidad de;Italia;Febrero;33.044
Total Nacional;13 Madrid, Comunidad de;Italia;Marzo;38.833
Total Nacional;13 Madrid, Comunidad de;Italia;Abril;44.517
Total Nacional;13 Madrid, Comunidad de;Italia;Mayo;39.221
Total Nacional;13 Madrid, Comunidad de;Italia;Junio;33.077
Total Nacional;13 Madrid, Comunidad de;Italia;Julio;31.016
Total Nacional;13 Madrid, Comunidad de;Italia;Agosto;37.183
Total Nacional;13 Madrid, Comunidad de;Italia;Septiembre;34.459
Total Nacional;13 Madrid, Comunidad de;Italia;Octubre;39.511
Total Nacional;13 Madrid, Comunidad de;Italia;Noviembre;38.916
Total Nacional;13 Madrid, Comunidad de;Italia;Diciembre;34.645
Total Nacional;13 Madrid, Comunidad de;Luxemburgo;Total;7.956
Total Nacional;13 Madrid, Comunidad de;Luxemburgo;Enero;472
Total Nacional;13 Madrid, Comunidad de;Luxemburgo;Febrero;471
Total Nacional;13 Madrid, Comunidad de;Luxemburgo;Marzo;538
Total Nacional;13 Madrid, Comunidad de;Luxemburgo;Abril;1.067
Total Nacional;13 Madrid, Comunidad de;Luxemburgo;Mayo;758
Total Nacional;13 Madrid, Comunidad de;Luxemburgo;Junio;750
Total Nacional;13 Madrid, Comunidad de;Luxemburgo;Julio;542
Total Nacional;13 Madrid, Comunidad de;Luxemburgo;Agosto;477
Total Nacional;13 Madrid, Comunidad de;Luxemburgo;Septiembre;816
Total Nacional;13 Madrid, Comunidad de;Luxemburgo;Octubre;546
Total Nacional;13 Madrid, Comunidad de;Luxemburgo;Noviembre;904
Total Nacional;13 Madrid, Comunidad de;Luxemburgo;Diciembre;617
Total Nacional;13 Madrid, Comunidad de;Países Bajos;Total;117.623
Total Nacional;13 Madrid, Comunidad de;Países Bajos;Enero;6.355
Total Nacional;13 Madrid, Comunidad de;Países Bajos;Febrero;7.367
Total Nacional;13 Madrid, Comunidad de;Países Bajos;Marzo;8.409
Total Nacional;13 Madrid, Comunidad de;Países Bajos;Abril;11.064
Total Nacional;13 Madrid, Comunidad de;Países Bajos;Mayo;10.957
Total Nacional;13 Madrid, Comunidad de;Países Bajos;Junio;9.482
Total Nacional;13 Madrid, Comunidad de;Países Bajos;Julio;12.480
Total Nacional;13 Madrid, Comunidad de;Países Bajos;Agosto;10.973
Total Nacional;13 Madrid, Comunidad de;Países Bajos;Septiembre;10.348
Total Nacional;13 Madrid, Comunidad de;Países Bajos;Octubre;13.089
Total Nacional;13 Madrid, Comunidad de;Países Bajos;Noviembre;9.470
Total Nacional;13 Madrid, Comunidad de;Países Bajos;Diciembre;7.631
Total Nacional;13 Madrid, Comunidad de;Polonia;Total;71.710
Total Nacional;13 Madrid, Comunidad de;Polonia;Enero;4.770
Total Nacional;13 Madrid, Comunidad de;Polonia;Febrero;5.029
Total Nacional;13 Madrid, Comunidad de;Polonia;Marzo;5.419
Total Nacional;13 Madrid, Comunidad de;Polonia;Abril;8.061
Total Nacional;13 Madrid, Comunidad de;Polonia;Mayo;6.844
Total Nacional;13 Madrid, Comunidad de;Polonia;Junio;5.997
Total Nacional;13 Madrid, Comunidad de;Polonia;Julio;5.059
Total Nacional;13 Madrid, Comunidad de;Polonia;Agosto;5.064
Total Nacional;13 Madrid, Comunidad de;Polonia;Septiembre;6.795
Total Nacional;13 Madrid, Comunidad de;Polonia;Octubre;9.177
Total Nacional;13 Madrid, Comunidad de;Polonia;Noviembre;6.330
Total Nacional;13 Madrid, Comunidad de;Polonia;Diciembre;3.166
Total Nacional;13 Madrid, Comunidad de;Portugal;Total;291.909
Total Nacional;13 Madrid, Comunidad de;Portugal;Enero;18.342
Total Nacional;13 Madrid, Comunidad de;Portugal;Febrero;22.432
Total Nacional;13 Madrid, Comunidad de;Portugal;Marzo;24.104
Total Nacional;13 Madrid, Comunidad de;Portugal;Abril;26.483
Total Nacional;13 Madrid, Comunidad de;Portugal;Mayo;21.533
Total Nacional;13 Madrid, Comunidad de;Portugal;Junio;21.838
Total Nacional;13 Madrid, Comunidad de;Portugal;Julio;25.612
Total Nacional;13 Madrid, Comunidad de;Portugal;Agosto;33.484
Total Nacional;13 Madrid, Comunidad de;Portugal;Septiembre;25.393
Total Nacional;13 Madrid, Comunidad de;Portugal;Octubre;24.403
Total Nacional;13 Madrid, Comunidad de;Portugal;Noviembre;24.677
Total Nacional;13 Madrid, Comunidad de;Portugal;Diciembre;23.609
Total Nacional;13 Madrid, Comunidad de;República Checa;Total;22.173
Total Nacional;13 Madrid, Comunidad de;República Checa;Enero;1.291
Total Nacional;13 Madrid, Comunidad de;República Checa;Febrero;1.840
Total Nacional;13 Madrid, Comunidad de;República Checa;Marzo;1.909
Total Nacional;13 Madrid, Comunidad de;República Checa;Abril;2.705
Total Nacional;13 Madrid, Comunidad de;República Checa;Mayo;2.207
Total Nacional;13 Madrid, Comunidad de;República Checa;Junio;1.991
Total Nacional;13 Madrid, Comunidad de;República Checa;Julio;1.393
Total Nacional;13 Madrid, Comunidad de;República Checa;Agosto;1.220
Total Nacional;13 Madrid, Comunidad de;República Checa;Septiembre;1.965
Total Nacional;13 Madrid, Comunidad de;República Checa;Octubre;2.208
Total Nacional;13 Madrid, Comunidad de;República Checa;Noviembre;1.890
Total Nacional;13 Madrid, Comunidad de;República Checa;Diciembre;1.554
Total Nacional;13 Madrid, Comunidad de;Suecia;Total;42.158
Total Nacional;13 Madrid, Comunidad de;Suecia;Enero;2.576
Total Nacional;13 Madrid, Comunidad de;Suecia;Febrero;3.104
Total Nacional;13 Madrid, Comunidad de;Suecia;Marzo;3.682
Total Nacional;13 Madrid, Comunidad de;Suecia;Abril;5.740
Total Nacional;13 Madrid, Comunidad de;Suecia;Mayo;3.324
Total Nacional;13 Madrid, Comunidad de;Suecia;Junio;3.694
Total Nacional;13 Madrid, Comunidad de;Suecia;Julio;3.108
Total Nacional;13 Madrid, Comunidad de;Suecia;Agosto;1.888
Total Nacional;13 Madrid, Comunidad de;Suecia;Septiembre;3.729
Total Nacional;13 Madrid, Comunidad de;Suecia;Octubre;4.869
Total Nacional;13 Madrid, Comunidad de;Suecia;Noviembre;4.066
Total Nacional;13 Madrid, Comunidad de;Suecia;Diciembre;2.379
Total Nacional;13 Madrid, Comunidad de;Noruega;Total;23.990
Total Nacional;13 Madrid, Comunidad de;Noruega;Enero;901
Total Nacional;13 Madrid, Comunidad de;Noruega;Febrero;1.807
Total Nacional;13 Madrid, Comunidad de;Noruega;Marzo;1.848
Total Nacional;13 Madrid, Comunidad de;Noruega;Abril;2.782
Total Nacional;13 Madrid, Comunidad de;Noruega;Mayo;2.547
Total Nacional;13 Madrid, Comunidad de;Noruega;Junio;2.107
Total Nacional;13 Madrid, Comunidad de;Noruega;Julio;2.022
Total Nacional;13 Madrid, Comunidad de;Noruega;Agosto;1.316
Total Nacional;13 Madrid, Comunidad de;Noruega;Septiembre;2.567
Total Nacional;13 Madrid, Comunidad de;Noruega;Octubre;2.711
Total Nacional;13 Madrid, Comunidad de;Noruega;Noviembre;1.910
Total Nacional;13 Madrid, Comunidad de;Noruega;Diciembre;1.468
Total Nacional;13 Madrid, Comunidad de;Reino Unido;Total;326.817
Total Nacional;13 Madrid, Comunidad de;Reino Unido;Enero;18.090
Total Nacional;13 Madrid, Comunidad de;Reino Unido;Febrero;23.350
Total Nacional;13 Madrid, Comunidad de;Reino Unido;Marzo;27.625
Total Nacional;13 Madrid, Comunidad de;Reino Unido;Abril;30.750
Total Nacional;13 Madrid, Comunidad de;Reino Unido;Mayo;34.516
Total Nacional;13 Madrid, Comunidad de;Reino Unido;Junio;29.370
Total Nacional;13 Madrid, Comunidad de;Reino Unido;Julio;29.572
Total Nacional;13 Madrid, Comunidad de;Reino Unido;Agosto;22.542
Total Nacional;13 Madrid, Comunidad de;Reino Unido;Septiembre;34.788
Total Nacional;13 Madrid, Comunidad de;Reino Unido;Octubre;31.681
Total Nacional;13 Madrid, Comunidad de;Reino Unido;Noviembre;26.581
Total Nacional;13 Madrid, Comunidad de;Reino Unido;Diciembre;17.953
Total Nacional;13 Madrid, Comunidad de;Suiza;Total;80.645
Total Nacional;13 Madrid, Comunidad de;Suiza;Enero;4.540
Total Nacional;13 Madrid, Comunidad de;Suiza;Febrero;5.499
Total Nacional;13 Madrid, Comunidad de;Suiza;Marzo;7.771
Total Nacional;13 Madrid, Comunidad de;Suiza;Abril;8.925
Total Nacional;13 Madrid, Comunidad de;Suiza;Mayo;8.126
Total Nacional;13 Madrid, Comunidad de;Suiza;Junio;6.750
Total Nacional;13 Madrid, Comunidad de;Suiza;Julio;6.303
Total Nacional;13 Madrid, Comunidad de;Suiza;Agosto;3.991
Total Nacional;13 Madrid, Comunidad de;Suiza;Septiembre;7.197
Total Nacional;13 Madrid, Comunidad de;Suiza;Octubre;9.313
Total Nacional;13 Madrid, Comunidad de;Suiza;Noviembre;6.720
Total Nacional;13 Madrid, Comunidad de;Suiza;Diciembre;5.509
Total Nacional;13 Madrid, Comunidad de;Resto de Europa sin U.E.;Total;273.996
Total Nacional;13 Madrid, Comunidad de;Resto de Europa sin U.E.;Enero;20.269
Total Nacional;13 Madrid, Comunidad de;Resto de Europa sin U.E.;Febrero;18.561
Total Nacional;13 Madrid, Comunidad de;Resto de Europa sin U.E.;Marzo;21.821
Total Nacional;13 Madrid, Comunidad de;Resto de Europa sin U.E.;Abril;26.785
Total Nacional;13 Madrid, Comunidad de;Resto de Europa sin U.E.;Mayo;25.543
Total Nacional;13 Madrid, Comunidad de;Resto de Europa sin U.E.;Junio;25.684
Total Nacional;13 Madrid, Comunidad de;Resto de Europa sin U.E.;Julio;21.679
Total Nacional;13 Madrid, Comunidad de;Resto de Europa sin U.E.;Agosto;24.145
Total Nacional;13 Madrid, Comunidad de;Resto de Europa sin U.E.;Septiembre;22.623
Total Nacional;13 Madrid, Comunidad de;Resto de Europa sin U.E.;Octubre;23.488
Total Nacional;13 Madrid, Comunidad de;Resto de Europa sin U.E.;Noviembre;24.493
Total Nacional;13 Madrid, Comunidad de;Resto de Europa sin U.E.;Diciembre;18.905
Total Nacional;13 Madrid, Comunidad de;Japón;Total;77.300
Total Nacional;13 Madrid, Comunidad de;Japón;Enero;4.915
Total Nacional;13 Madrid, Comunidad de;Japón;Febrero;7.153
Total Nacional;13 Madrid, Comunidad de;Japón;Marzo;6.675
Total Nacional;13 Madrid, Comunidad de;Japón;Abril;6.651
Total Nacional;13 Madrid, Comunidad de;Japón;Mayo;6.801
Total Nacional;13 Madrid, Comunidad de;Japón;Junio;6.652
Total Nacional;13 Madrid, Comunidad de;Japón;Julio;4.761
Total Nacional;13 Madrid, Comunidad de;Japón;Agosto;5.208
Total Nacional;13 Madrid, Comunidad de;Japón;Septiembre;7.867
Total Nacional;13 Madrid, Comunidad de;Japón;Octubre;7.120
Total Nacional;13 Madrid, Comunidad de;Japón;Noviembre;6.517
Total Nacional;13 Madrid, Comunidad de;Japón;Diciembre;6.980
Total Nacional;13 Madrid, Comunidad de;República China;Total;271.413
Total Nacional;13 Madrid, Comunidad de;República China;Enero;14.471
Total Nacional;13 Madrid, Comunidad de;República China;Febrero;21.927
Total Nacional;13 Madrid, Comunidad de;República China;Marzo;16.827
Total Nacional;13 Madrid, Comunidad de;República China;Abril;23.208
Total Nacional;13 Madrid, Comunidad de;República China;Mayo;24.827
Total Nacional;13 Madrid, Comunidad de;República China;Junio;25.094
Total Nacional;13 Madrid, Comunidad de;República China;Julio;23.928
Total Nacional;13 Madrid, Comunidad de;República China;Agosto;19.660
Total Nacional;13 Madrid, Comunidad de;República China;Septiembre;26.887
Total Nacional;13 Madrid, Comunidad de;República China;Octubre;25.258
Total Nacional;13 Madrid, Comunidad de;República China;Noviembre;26.817
Total Nacional;13 Madrid, Comunidad de;República China;Diciembre;22.511
Total Nacional;13 Madrid, Comunidad de;Estados Unidos;Total;1.031.579
Total Nacional;13 Madrid, Comunidad de;Estados Unidos;Enero;46.578
Total Nacional;13 Madrid, Comunidad de;Estados Unidos;Febrero;50.580
Total Nacional;13 Madrid, Comunidad de;Estados Unidos;Marzo;83.935
Total Nacional;13 Madrid, Comunidad de;Estados Unidos;Abril;96.313
Total Nacional;13 Madrid, Comunidad de;Estados Unidos;Mayo;110.415
Total Nacional;13 Madrid, Comunidad de;Estados Unidos;Junio;116.718
Total Nacional;13 Madrid, Comunidad de;Estados Unidos;Julio;97.875
Total Nacional;13 Madrid, Comunidad de;Estados Unidos;Agosto;77.802
Total Nacional;13 Madrid, Comunidad de;Estados Unidos;Septiembre;101.853
Total Nacional;13 Madrid, Comunidad de;Estados Unidos;Octubre;105.408
Total Nacional;13 Madrid, Comunidad de;Estados Unidos;Noviembre;79.189
Total Nacional;13 Madrid, Comunidad de;Estados Unidos;Diciembre;64.912
Total Nacional;13 Madrid, Comunidad de;Resto de América;Total;1.645.067
Total Nacional;13 Madrid, Comunidad de;Resto de América;Enero;110.336
Total Nacional;13 Madrid, Comunidad de;Resto de América;Febrero;89.041
Total Nacional;13 Madrid, Comunidad de;Resto de América;Marzo;116.134
Total Nacional;13 Madrid, Comunidad de;Resto de América;Abril;126.119
Total Nacional;13 Madrid, Comunidad de;Resto de América;Mayo;163.147
Total Nacional;13 Madrid, Comunidad de;Resto de América;Junio;144.520
Total Nacional;13 Madrid, Comunidad de;Resto de América;Julio;170.676
Total Nacional;13 Madrid, Comunidad de;Resto de América;Agosto;149.835
Total Nacional;13 Madrid, Comunidad de;Resto de América;Septiembre;173.155
Total Nacional;13 Madrid, Comunidad de;Resto de América;Octubre;172.932
Total Nacional;13 Madrid, Comunidad de;Resto de América;Noviembre;121.294
Total Nacional;13 Madrid, Comunidad de;Resto de América;Diciembre;107.879
Total Nacional;13 Madrid, Comunidad de;Países africanos;Total;139.525
Total Nacional;13 Madrid, Comunidad de;Países africanos;Enero;11.122
Total Nacional;13 Madrid, Comunidad de;Países africanos;Febrero;10.643
Total Nacional;13 Madrid, Comunidad de;Países africanos;Marzo;8.390
Total Nacional;13 Madrid, Comunidad de;Países africanos;Abril;11.261
Total Nacional;13 Madrid, Comunidad de;Países africanos;Mayo;11.238
Total Nacional;13 Madrid, Comunidad de;Países africanos;Junio;9.428
Total Nacional;13 Madrid, Comunidad de;Países africanos;Julio;12.386
Total Nacional;13 Madrid, Comunidad de;Países africanos;Agosto;15.465
Total Nacional;13 Madrid, Comunidad de;Países africanos;Septiembre;13.681
Total Nacional;13 Madrid, Comunidad de;Países africanos;Octubre;13.131
Total Nacional;13 Madrid, Comunidad de;Países africanos;Noviembre;10.924
Total Nacional;13 Madrid, Comunidad de;Países africanos;Diciembre;11.855
