apartment_id,room_type,price,has_availability,availability_30,availability_60,availability_90,availability_365,review_scores_rating,number_of_reviews,reviews_per_month,city,insert_date,reviews 80+
11964,Private room,400.0,True,7,20,40,130,97,78,75,Malaga,2018-07-31,True
21853,Private room,170.0,True,0,0,0,162,92,33,52,Madrid,2020-01-10,True
32347,Entire home/apt,990.0,True,26,31,31,270,98,148,142,Sevilla,2019-07-29,True
35379,Private room,400.0,True,9,23,49,300,94,292,306,Barcelona,2020-01-10,True
35801,Private room,900.0,True,0,19,49,312,97,36,39,Girona,2019-02-19,True
48764,Entire home/apt,900.0,True,0,0,0,235,96,25,27,Girona,2019-02-19,True
58512,Entire home/apt,950.0,True,30,60,90,331,89,382,329,Barcelona,2020-10-12,True
71603,Entire home/apt,3900.0,False,28,55,85,360,94,33,42,Barcelona,2017-07-06,True
72150,Entire home/apt,790.0,True,29,59,89,179,91,108,91,Madrid,2020-11-06,True
73683,Entire home/apt,3000.0,True,8,12,23,296,92,120,14,Barcelona,2018-06-09,True
73692,Entire home/apt,1050.0,True,9,39,63,307,84,29,46,Barcelona,2017-10-07,True
79755,Entire home/apt,1100.0,True,9,10,10,10,98,189,234,Barcelona,2017-12-09,True
89756,Entire home/apt,2800.0,False,7,23,53,328,89,9,17,Barcelona,2017-04-08,True
89776,Entire home/apt,650.0,True,7,18,41,224,96,322,327,Barcelona,2019-12-10,True
89954,Entire home/apt,1030.0,True,27,48,49,61,97,181,202,Madrid,2018-11-07,True
96807,Private room,290.0,True,30,60,90,365,91,77,74,Madrid,2019-12-10,True
103386,Entire home/apt,840.0,True,17,38,64,229,93,13,13,Valencia,2019-10-31,True
107437,Entire home/apt,2200.0,True,12,41,59,250,93,34,38,Barcelona,2018-10-10,True
121210,Private room,510.0,True,13,38,68,68,89,154,184,Barcelona,2018-04-12,True
128463,Private room,300.0,True,3,16,28,264,97,184,235,Barcelona,2018-02-07,True
131987,Entire home/apt,690.0,True,30,60,90,163,98,235,235,Sevilla,2020-05-30,True
144471,Private room,470.0,True,22,52,82,357,87,32,42,Barcelona,2017-09-12,True
157327,Entire home/apt,5000.0,True,26,56,86,361,80,1,3,Girona,2018-08-30,True
158238,Entire home/apt,1200.0,True,24,54,84,359,89,97,116,Barcelona,2018-06-09,True
164621,Private room,330.0,True,10,39,69,344,95,44,45,Mallorca,2019-08-31,True
170750,Entire home/apt,900.0,True,11,11,11,17,90,189,218,Madrid,2018-12-10,True
176827,Private room,280.0,False,13,43,72,347,83,156,248,Madrid,2017-04-08,True
178456,Entire home/apt,900.0,True,30,60,90,365,88,33,37,Mallorca,2019-11-28,True
183346,Private room,300.0,True,0,0,0,137,83,12,24,Madrid,2018-01-17,True
186221,Private room,150.0,False,5,11,37,234,89,416,607,Barcelona,2017-04-08,True
193923,Private room,200.0,True,2,17,29,253,98,125,121,Barcelona,2020-02-16,True
206846,Entire home/apt,1280.0,True,5,7,25,205,92,77,81,Barcelona,2019-12-10,True
210156,Entire home/apt,580.0,True,26,44,49,102,97,90,97,Mallorca,2020-03-22,True
213296,Private room,250.0,False,8,14,25,224,89,168,292,Barcelona,2017-02-09,True
214970,Private room,330.0,True,1,1,1,1,93,144,139,Barcelona,2020-12-16,True
222753,Private room,310.0,True,30,60,90,365,86,172,156,Valencia,2020-11-10,True
255195,Entire home/apt,330.0,True,30,60,90,330,85,17,16,Barcelona,2020-11-06,True
265647,Entire home/apt,1750.0,True,17,41,71,333,95,8,13,Girona,2018-08-30,True
279439,Private room,250.0,True,1,4,13,13,91,102,134,Barcelona,2018-05-14,True
305213,Entire home/apt,1050.0,False,14,24,51,141,95,170,272,Barcelona,2017-08-06,True
314781,Private room,1000.0,False,30,60,90,365,93,13,31,Barcelona,2017-02-09,True
318826,Entire home/apt,900.0,True,23,53,83,358,98,11,13,Madrid,2019-02-06,True
323679,Entire home/apt,550.0,True,0,0,26,301,86,7,8,Girona,2019-06-30,True
326464,Private room,600.0,True,30,60,90,365,99,33,43,Barcelona,2021-02-09,True
330723,Private room,300.0,True,30,60,90,365,93,51,49,Barcelona,2021-02-09,True
336795,Private room,250.0,True,29,52,71,344,73,156,162,Madrid,2020-04-17,False
342557,Private room,700.0,True,30,60,90,365,97,55,64,Madrid,2020-11-06,True
343864,Entire home/apt,1390.0,True,0,5,35,307,94,7,13,Barcelona,2018-11-07,True
352772,Entire home/apt,850.0,True,0,0,0,219,94,103,126,Barcelona,2020-11-06,True
353713,Private room,370.0,True,4,11,11,11,95,247,518,Madrid,2018-08-14,True
354838,Entire home/apt,700.0,True,0,0,0,0,95,38,44,Madrid,2019-06-07,True
363601,Entire home/apt,600.0,True,0,0,0,134,84,26,26,Barcelona,2020-10-12,True
365911,Entire home/apt,1130.0,True,15,37,52,305,94,40,57,Barcelona,2018-05-14,True
374558,Entire home/apt,540.0,False,0,0,2,2,87,91,19,Madrid,2017-04-08,True
376232,Entire home/apt,800.0,False,4,15,29,278,97,8,14,Madrid,2017-04-08,True
377455,Entire home/apt,460.0,True,0,20,50,325,85,6,6,Valencia,2020-11-10,True
378998,Private room,200.0,False,0,0,0,0,,0,,Barcelona,2017-06-05,
384063,Entire home/apt,400.0,True,30,55,85,347,71,9,9,Barcelona,2021-02-09,False
384727,Private room,450.0,True,0,0,0,0,97,588,681,Sevilla,2019-06-29,True
398377,Private room,550.0,True,0,0,0,272,94,207,199,Girona,2020-11-28,True
402588,Entire home/apt,920.0,True,30,60,90,352,91,139,163,Madrid,2020-03-17,True
403446,Entire home/apt,700.0,True,17,35,60,296,98,199,211,Mallorca,2020-01-29,True
403669,Entire home/apt,1150.0,True,7,31,61,152,93,128,187,Sevilla,2018-09-22,True
417814,Private room,270.0,True,27,57,87,362,97,53,91,Barcelona,2020-06-13,True
417879,Entire home/apt,1290.0,True,30,49,79,294,97,45,56,Mallorca,2019-02-17,True
422454,Entire home/apt,600.0,True,14,25,43,103,93,53,76,Valencia,2019-03-31,True
424026,Entire home/apt,520.0,True,30,60,90,312,89,16,28,Girona,2019-02-19,True
425639,Entire home/apt,3980.0,True,20,50,80,300,94,20,18,Barcelona,2018-02-07,True
426401,Entire home/apt,550.0,True,29,59,61,273,92,71,76,Sevilla,2020-05-30,True
434195,Private room,360.0,True,26,56,86,361,92,168,647,Madrid,2018-01-17,True
435010,Private room,250.0,True,6,20,20,288,92,196,218,Madrid,2019-11-09,True
443909,Private room,600.0,False,10,28,51,152,92,150,279,Barcelona,2017-02-09,True
449218,Entire home/apt,450.0,True,10,29,29,119,97,286,279,Madrid,2020-10-17,True
459265,Entire home/apt,990.0,True,0,0,0,146,98,10,19,Menorca,2019-11-30,True
461943,Private room,490.0,False,19,49,79,79,100,1,10,Barcelona,2017-06-05,True
468202,Entire home/apt,590.0,True,12,32,32,200,92,256,279,Madrid,2019-12-10,True
468902,Entire home/apt,1200.0,True,0,0,0,73,91,16,26,Barcelona,2017-09-12,True
468912,Private room,350.0,True,24,42,54,317,94,18,218,Barcelona,2018-02-07,True
471669,Private room,800.0,True,25,55,81,338,89,58,82,Barcelona,2019-03-08,True
472062,Entire home/apt,1750.0,True,7,25,55,330,94,20,64,Barcelona,2018-08-14,True
478923,Entire home/apt,2080.0,True,25,41,71,324,96,11,12,Mallorca,2020-04-23,True
487818,Entire home/apt,2000.0,True,22,35,65,251,99,16,41,Mallorca,2018-11-20,True
494480,Entire home/apt,550.0,True,25,55,85,360,95,30,486,Menorca,2020-06-30,True
503253,Entire home/apt,2100.0,True,23,53,83,322,87,3,4,Mallorca,2019-01-28,True
504653,Private room,350.0,True,16,30,44,270,92,388,417,Barcelona,2020-02-16,True
507972,Entire home/apt,5000.0,True,28,58,88,363,94,36,71,Barcelona,2017-10-07,True
512737,Entire home/apt,1400.0,True,13,37,67,340,97,7,13,Barcelona,2018-01-17,True
514572,Entire home/apt,1400.0,False,10,17,24,243,96,15,82,Barcelona,2017-03-06,True
517407,Entire home/apt,2340.0,True,0,4,17,282,90,31,42,Barcelona,2018-07-10,True
519393,Private room,280.0,True,0,0,0,0,86,372,443,Sevilla,2019-06-29,True
519631,Entire home/apt,1980.0,True,2,4,9,242,96,285,479,Barcelona,2018-05-14,True
526513,Entire home/apt,360.0,True,7,30,53,143,95,513,491,Madrid,2021-01-12,True
533450,Private room,240.0,True,22,52,82,172,90,389,431,Madrid,2019-12-10,True
538938,Private room,600.0,True,15,36,63,295,94,179,223,Mallorca,2019-02-17,True
542639,Entire home/apt,390.0,True,0,0,0,270,89,53,62,Mallorca,2019-09-28,True
544995,Entire home/apt,1990.0,False,30,56,86,259,94,21,39,Barcelona,2017-01-04,True
551339,Entire home/apt,1800.0,True,2,21,51,322,,0,,Barcelona,2017-09-12,
551378,Entire home/apt,810.0,True,16,16,16,25,85,190,182,Barcelona,2021-02-09,True
558778,Entire home/apt,1220.0,True,30,60,90,363,89,14,33,Valencia,2021-01-19,True
565758,Entire home/apt,900.0,False,5,9,10,262,97,55,97,Barcelona,2017-06-05,True
566869,Entire home/apt,550.0,True,14,44,74,299,94,242,309,Barcelona,2018-12-10,True
568432,Private room,460.0,False,3,7,12,191,97,128,366,Barcelona,2017-02-09,True
576046,Private room,350.0,True,0,5,35,153,90,40,116,Barcelona,2019-06-07,True
576550,Entire home/apt,3300.0,True,11,33,48,179,85,21,35,Barcelona,2018-04-12,True
582364,Entire home/apt,1750.0,True,3,3,5,202,97,286,344,Barcelona,2019-05-14,True
584209,Private room,450.0,True,10,40,70,345,98,89,144,Barcelona,2017-09-12,True
584735,Entire home/apt,790.0,True,0,0,0,0,95,178,193,Mallorca,2020-03-22,True
587203,Private room,350.0,True,0,11,19,281,95,89,145,Barcelona,2018-05-14,True
590032,Private room,410.0,False,5,15,45,320,87,27,53,Barcelona,2017-07-06,True
590710,Private room,300.0,True,29,59,89,179,96,52,63,Madrid,2019-07-10,True
590991,Private room,800.0,True,30,60,90,365,100,1,2,Barcelona,2018-04-12,True
595055,Private room,240.0,True,0,16,16,152,94,17,21,Madrid,2019-05-14,True
600590,Private room,330.0,True,25,55,85,88,95,256,29,Barcelona,2019-11-09,True
602284,Entire home/apt,1200.0,True,3,12,35,301,99,17,25,Barcelona,2018-09-11,True
605186,Entire home/apt,1200.0,True,29,59,89,364,93,3,7,Barcelona,2020-02-16,True
609522,Entire home/apt,490.0,True,0,0,0,0,83,194,189,Sevilla,2021-01-31,True
610246,Entire home/apt,1400.0,False,9,32,62,337,98,48,82,Barcelona,2017-08-06,True
616027,Private room,230.0,True,0,0,0,0,97,74,10,Madrid,2018-11-07,True
625566,Entire home/apt,600.0,True,0,0,0,0,93,25,37,Madrid,2019-02-06,True
626625,Entire home/apt,1200.0,True,15,35,48,300,60,1,10,Mallorca,2018-09-18,False
629087,Entire home/apt,630.0,False,1,13,23,280,90,66,196,Mallorca,2017-03-15,True
630599,Entire home/apt,600.0,True,0,29,59,149,97,72,105,Girona,2020-12-31,True
631196,Private room,370.0,True,24,54,84,359,97,31,56,Barcelona,2017-09-12,True
633762,Entire home/apt,580.0,True,1,14,24,82,97,118,147,Valencia,2020-01-31,True
634786,Private room,1000.0,True,17,47,77,352,80,1,6,Barcelona,2019-09-17,True
636974,Private room,180.0,True,8,20,50,325,91,118,149,Mallorca,2019-02-17,True
638009,Private room,300.0,True,28,47,77,336,97,90,93,Barcelona,2020-11-06,True
640268,Private room,380.0,True,8,38,68,343,100,4,6,Barcelona,2018-07-10,True
649342,Private room,500.0,True,24,51,81,356,92,30,59,Madrid,2018-08-14,True
656520,Entire home/apt,650.0,True,2,10,38,313,93,24,28,Madrid,2019-11-09,True
657565,Entire home/apt,800.0,True,7,16,26,273,,0,,Sevilla,2018-07-31,
657794,Entire home/apt,620.0,True,0,24,39,196,90,156,176,Valencia,2019-12-31,True
661655,Entire home/apt,1300.0,True,16,22,36,260,90,36,43,Sevilla,2019-12-31,True
670956,Private room,400.0,True,0,0,0,0,93,88,164,Barcelona,2019-02-06,True
671241,Entire home/apt,850.0,True,7,25,44,171,93,28,3,Girona,2020-05-28,True
675175,Private room,250.0,True,27,57,87,87,,0,,Barcelona,2019-05-14,
679547,Private room,210.0,True,0,0,0,0,96,130,181,Barcelona,2018-10-10,True
679664,Private room,550.0,True,30,60,90,365,95,8,17,Barcelona,2018-04-12,True
681925,Entire home/apt,800.0,True,3,3,11,224,97,507,624,Valencia,2019-05-31,True
684564,Entire home/apt,820.0,True,27,53,71,219,94,126,19,Madrid,2019-03-08,True
684613,Private room,240.0,True,2,16,35,303,92,67,81,Barcelona,2019-10-16,True
685152,Entire home/apt,1240.0,True,29,59,89,353,85,77,131,Madrid,2021-01-12,True
688462,Private room,160.0,True,5,18,18,18,93,65,94,Barcelona,2018-05-14,True
688795,Entire home/apt,750.0,True,11,38,68,343,94,99,125,Madrid,2019-06-07,True
691152,Entire home/apt,1350.0,True,0,0,0,232,85,19,93,Barcelona,2018-01-17,True
694867,Entire home/apt,750.0,True,15,34,55,145,93,125,236,Madrid,2019-02-06,True
702998,Entire home/apt,410.0,True,2,8,18,24,91,87,538,Sevilla,2019-02-18,True
711976,Entire home/apt,1150.0,True,0,0,0,129,93,66,79,Mallorca,2020-01-29,True
714696,Entire home/apt,350.0,True,0,0,0,0,96,16,25,Sevilla,2018-08-27,True
715036,Entire home/apt,1410.0,True,22,52,82,262,90,222,267,Barcelona,2019-12-10,True
717300,Entire home/apt,950.0,False,13,40,53,132,100,1,11,Mallorca,2017-03-15,True
717710,Entire home/apt,650.0,False,0,0,14,254,90,30,63,Barcelona,2017-04-08,True
718469,Entire home/apt,570.0,True,0,0,28,297,98,344,379,Barcelona,2020-10-12,True
723935,Entire home/apt,2200.0,True,13,32,62,314,91,9,56,Girona,2019-08-31,True
724177,Entire home/apt,650.0,True,19,46,74,165,84,187,267,Sevilla,2018-07-31,True
725659,Entire home/apt,750.0,True,0,2,8,277,94,105,167,Barcelona,2018-05-14,True
725695,Entire home/apt,1850.0,True,30,60,83,298,93,30,46,Menorca,2020-01-31,True
727788,Entire home/apt,4700.0,True,11,36,59,212,98,72,94,Mallorca,2019-09-28,True
735157,Entire home/apt,500.0,True,25,55,85,360,72,5,1,Malaga,2019-03-31,False
737169,Entire home/apt,1300.0,False,29,59,89,356,,0,,Mallorca,2017-03-15,
738837,Entire home/apt,480.0,True,1,12,27,27,92,79,145,Madrid,2018-04-12,True
739253,Private room,550.0,True,13,22,31,306,98,74,117,Malaga,2019-05-30,True
746847,Entire home/apt,1000.0,True,5,23,53,96,95,20,28,Mallorca,2018-08-21,True
749397,Entire home/apt,550.0,True,0,0,0,260,92,10,14,Sevilla,2019-01-29,True
751527,Entire home/apt,1900.0,False,17,25,36,250,100,44,93,Madrid,2017-03-06,True
753119,Entire home/apt,750.0,True,0,17,17,193,96,21,22,Malaga,2021-01-31,True
754512,Entire home/apt,690.0,True,1,1,1,1,99,135,137,Sevilla,2020-12-31,True
754678,Entire home/apt,1350.0,True,12,18,33,284,95,170,28,Madrid,2018-01-17,True
756707,Entire home/apt,850.0,True,0,4,5,232,97,163,234,Madrid,2018-08-14,True
756944,Private room,750.0,True,27,52,80,350,86,13,21,Girona,2018-08-30,True
757149,Entire home/apt,1000.0,False,1,1,5,244,94,39,72,Barcelona,2017-08-06,True
759016,Private room,1070.0,True,0,0,25,300,92,28,48,Barcelona,2017-09-12,True
759035,Private room,780.0,True,27,57,87,362,86,13,21,Barcelona,2017-11-13,True
759577,Private room,490.0,True,29,45,71,343,100,2,3,Madrid,2018-08-14,True
761744,Entire home/apt,1180.0,True,30,55,78,244,85,96,109,Sevilla,2020-05-30,True
762701,Entire home/apt,900.0,True,20,40,53,101,93,38,47,Madrid,2019-08-12,True
763176,Private room,240.0,True,0,0,2,2,98,435,536,Barcelona,2019-07-10,True
767234,Entire home/apt,850.0,True,5,35,49,210,99,27,5,Mallorca,2018-10-17,True
767631,Entire home/apt,500.0,False,0,0,0,0,83,20,45,Barcelona,2017-04-08,True
770453,Entire home/apt,1430.0,False,4,7,11,231,91,118,224,Barcelona,2017-07-06,True
773886,Entire home/apt,750.0,True,10,15,40,162,95,243,367,Barcelona,2018-06-09,True
774356,Private room,190.0,True,0,0,0,1,,0,,Madrid,2019-03-08,
776038,Entire home/apt,1460.0,True,13,37,67,112,94,127,18,Barcelona,2018-09-11,True
776174,Entire home/apt,650.0,False,6,17,43,165,94,178,344,Barcelona,2017-04-08,True
777527,Entire home/apt,980.0,True,7,16,46,302,80,3,5,Barcelona,2017-09-12,True
779960,Entire home/apt,560.0,True,20,50,80,159,96,161,196,Madrid,2021-01-12,True
783360,Entire home/apt,850.0,True,13,31,61,306,92,122,17,Malaga,2018-11-27,True
790404,Entire home/apt,600.0,True,7,37,67,342,84,117,181,Barcelona,2018-09-11,True
790649,Entire home/apt,1100.0,True,0,0,0,262,93,57,133,Mallorca,2020-12-19,True
791717,Entire home/apt,1200.0,True,0,0,0,71,89,29,38,Barcelona,2019-08-12,True
810373,Entire home/apt,1000.0,True,30,60,90,269,91,65,9,Girona,2020-01-31,True
814174,Entire home/apt,320.0,True,27,57,87,177,96,84,145,Valencia,2020-12-21,True
814226,Entire home/apt,1200.0,True,6,15,24,229,90,2,3,Barcelona,2018-10-10,True
824609,Entire home/apt,1500.0,True,2,2,2,253,100,1,3,Barcelona,2018-02-07,True
829660,Entire home/apt,1190.0,True,0,0,0,194,93,270,279,Barcelona,2020-12-16,True
842078,Entire home/apt,660.0,True,27,57,87,362,91,31,33,Madrid,2020-11-06,True
842286,Entire home/apt,750.0,True,28,43,71,346,91,30,66,Madrid,2018-11-07,True
842566,Private room,250.0,True,6,13,25,300,94,11,16,Madrid,2018-11-07,True
847195,Entire home/apt,900.0,False,2,14,22,297,85,35,65,Barcelona,2017-07-06,True
847735,Entire home/apt,1100.0,True,26,56,86,345,89,45,76,Barcelona,2018-01-17,True
848081,Private room,750.0,True,30,60,90,365,93,165,299,Barcelona,2017-11-13,True
848480,Entire home/apt,1550.0,True,1,1,1,1,94,50,61,Madrid,2020-01-10,True
850228,Private room,570.0,False,2,7,17,253,92,199,409,Barcelona,2017-05-07,True
853804,Entire home/apt,950.0,True,0,0,20,110,98,49,79,Madrid,2019-10-16,True
862752,Private room,290.0,True,10,40,70,70,99,110,199,Madrid,2018-09-11,True
865367,Entire home/apt,1250.0,False,0,7,17,256,86,17,38,Barcelona,2017-05-07,True
865387,Entire home/apt,310.0,True,0,0,0,0,92,39,118,Madrid,2020-01-10,True
868198,Entire home/apt,1190.0,True,29,59,89,352,90,94,99,Barcelona,2020-12-16,True
868776,Entire home/apt,600.0,True,7,30,60,335,88,234,27,Madrid,2020-05-14,True
872116,Entire home/apt,890.0,True,13,29,49,298,96,22,31,Madrid,2019-05-14,True
873131,Entire home/apt,1000.0,True,0,0,15,188,90,7,9,Mallorca,2021-01-16,True
876501,Entire home/apt,900.0,False,12,16,27,283,89,66,135,Madrid,2017-03-06,True
877183,Entire home/apt,660.0,True,14,44,74,349,80,40,63,Menorca,2018-08-29,True
879442,Entire home/apt,550.0,True,26,52,80,328,92,204,252,Sevilla,2019-12-31,True
886289,Entire home/apt,1130.0,True,29,59,89,290,99,55,69,Sevilla,2020-11-30,True
886569,Entire home/apt,1040.0,True,11,40,44,199,95,4,5,Mallorca,2020-06-25,True
888635,Entire home/apt,1850.0,False,0,0,0,0,,0,,Barcelona,2017-01-04,
893052,Entire home/apt,1000.0,True,8,22,52,227,90,75,126,Barcelona,2018-04-12,True
893177,Entire home/apt,750.0,True,0,2,2,2,,0,,Madrid,2019-05-14,
896209,Entire home/apt,600.0,True,30,57,73,332,92,50,57,Madrid,2020-05-14,True
896291,Private room,190.0,True,0,0,8,283,100,6,9,Madrid,2018-10-10,True
898135,Entire home/apt,850.0,True,5,23,46,270,90,2,5,Sevilla,2018-09-22,True
899254,Entire home/apt,690.0,True,29,59,81,356,82,27,35,Valencia,2019-12-31,True
900003,Entire home/apt,600.0,True,12,37,57,327,92,284,487,Barcelona,2017-12-09,True
903380,Entire home/apt,720.0,True,12,35,62,95,97,131,176,Sevilla,2019-11-29,True
903513,Entire home/apt,950.0,True,27,55,85,360,93,3,4,Sevilla,2020-06-29,True
903712,Private room,660.0,True,29,46,76,151,96,115,13,Barcelona,2020-06-13,True
904862,Entire home/apt,800.0,True,2,15,26,301,91,109,172,Barcelona,2018-07-10,True
904946,Entire home/apt,1200.0,True,21,51,81,356,88,6,9,Sevilla,2018-07-31,True
913536,Private room,350.0,True,0,0,0,0,97,13,31,Madrid,2018-12-10,True
913541,Entire home/apt,660.0,True,8,10,25,275,94,98,157,Girona,2018-04-21,True
923140,Entire home/apt,1300.0,True,0,18,48,323,99,121,161,Madrid,2019-11-09,True
924449,Entire home/apt,1800.0,True,21,51,81,231,95,33,47,Barcelona,2019-03-08,True
924771,Entire home/apt,800.0,True,13,28,30,183,98,53,77,Madrid,2018-11-07,True
927430,Entire home/apt,1200.0,True,24,44,67,342,88,6,7,Sevilla,2020-01-30,True
928401,Entire home/apt,1600.0,True,29,59,81,356,89,15,21,Mallorca,2020-03-22,True
931437,Entire home/apt,1850.0,True,26,56,82,357,95,133,229,Barcelona,2017-12-09,True
933625,Entire home/apt,750.0,False,0,6,9,71,87,137,28,Barcelona,2017-04-08,True
935081,Entire home/apt,680.0,True,0,0,0,0,87,228,263,Mallorca,2020-05-28,True
935836,Entire home/apt,700.0,True,20,27,37,291,100,2,3,Sevilla,2020-03-23,True
936781,Entire home/apt,900.0,False,25,51,81,333,96,77,175,Barcelona,2017-01-04,True
936871,Entire home/apt,750.0,True,26,56,86,361,100,2,27,Sevilla,2019-11-29,True
939437,Entire home/apt,700.0,True,3,24,42,317,100,1,28,Sevilla,2019-01-29,True
942693,Entire home/apt,550.0,True,28,50,80,163,85,284,329,Sevilla,2020-04-30,True
943200,Private room,350.0,False,27,57,87,362,91,17,36,Madrid,2017-04-08,True
947269,Entire home/apt,1510.0,True,3,5,17,236,90,126,197,Barcelona,2018-06-09,True
951364,Entire home/apt,900.0,True,17,47,77,344,88,5,9,Barcelona,2018-05-14,True
952327,Entire home/apt,2500.0,True,20,50,80,240,100,1,6,Girona,2018-12-22,True
954437,Entire home/apt,2600.0,True,30,60,90,365,93,3,12,Mallorca,2020-10-21,True
954903,Entire home/apt,2420.0,True,28,39,55,330,,0,,Menorca,2019-05-30,
956256,Entire home/apt,800.0,True,3,23,47,302,95,114,219,Barcelona,2017-10-07,True
958020,Entire home/apt,590.0,True,27,44,50,270,97,281,331,Madrid,2020-03-17,True
959089,Entire home/apt,2600.0,True,26,53,83,324,99,277,309,Barcelona,2020-09-12,True
959840,Private room,650.0,True,4,16,28,245,92,578,71,Barcelona,2019-12-10,True
961665,Entire home/apt,610.0,True,1,1,1,1,97,127,143,Mallorca,2020-08-28,True
963533,Entire home/apt,2300.0,True,6,17,35,285,91,110,158,Barcelona,2019-03-08,True
965621,Entire home/apt,1190.0,True,0,0,0,153,100,2,3,Girona,2019-11-30,True
967804,Entire home/apt,700.0,True,23,53,83,358,93,18,48,Girona,2019-08-31,True
968469,Entire home/apt,1750.0,True,0,0,0,216,93,12,25,Barcelona,2017-09-12,True
972024,Entire home/apt,3200.0,True,29,48,72,329,88,24,34,Barcelona,2020-01-10,True
975297,Private room,800.0,True,23,53,83,284,89,22,101,Barcelona,2018-02-07,True
977261,Private room,210.0,True,7,14,44,44,93,3,4,Madrid,2019-03-08,True
977631,Entire home/apt,600.0,False,4,16,46,164,92,141,287,Barcelona,2017-05-07,True
980773,Private room,390.0,True,0,0,0,0,,0,,Barcelona,2017-11-13,
983548,Entire home/apt,1100.0,True,0,1,11,110,95,455,592,Valencia,2019-07-01,True
986639,Entire home/apt,1800.0,True,30,60,78,316,93,140,148,Barcelona,2021-02-09,True
986692,Entire home/apt,600.0,True,0,0,0,0,91,127,141,Barcelona,2020-08-24,True
987773,Private room,360.0,True,9,28,40,169,90,277,346,Barcelona,2019-11-09,True
990086,Entire home/apt,1000.0,True,0,0,0,27,94,61,78,Mallorca,2020-01-29,True
993553,Entire home/apt,900.0,True,3,8,16,255,,0,,Mallorca,2019-05-27,
999573,Entire home/apt,660.0,False,2,3,3,217,80,72,14,Barcelona,2017-07-06,True
1000382,Private room,320.0,True,4,16,30,304,95,193,261,Girona,2019-05-29,True
1005240,Entire home/apt,690.0,True,19,33,53,320,92,141,198,Madrid,2019-03-08,True
1005502,Entire home/apt,2000.0,True,0,12,16,33,86,8,13,Barcelona,2018-07-10,True
1005819,Private room,500.0,True,27,57,87,362,93,3,5,Barcelona,2018-08-14,True
1007939,Entire home/apt,790.0,True,26,46,76,283,91,179,318,Barcelona,2018-01-17,True
1010493,Entire home/apt,2280.0,True,30,40,44,268,95,8,17,Mallorca,2020-04-23,True
1011127,Entire home/apt,1550.0,True,28,51,81,225,89,28,41,Mallorca,2020-02-29,True
1015826,Entire home/apt,1220.0,True,30,60,90,122,87,8,13,Girona,2019-08-31,True
1020452,Entire home/apt,600.0,True,1,5,35,108,95,133,238,Barcelona,2017-12-09,True
1022983,Entire home/apt,600.0,True,0,0,0,0,91,21,29,Girona,2019-06-30,True
1027365,Private room,200.0,True,0,0,0,0,88,350,436,Malaga,2019-11-30,True
1038867,Entire home/apt,650.0,True,9,21,21,218,90,395,562,Madrid,2019-01-14,True
1038904,Private room,500.0,True,17,47,77,352,86,355,379,Barcelona,2020-12-16,True
1044902,Private room,850.0,True,0,0,0,0,,0,,Madrid,2018-08-14,
1045513,Private room,450.0,True,18,20,46,321,99,45,61,Girona,2019-06-30,True
1051645,Entire home/apt,4800.0,True,30,60,90,365,88,16,22,Mallorca,2019-05-27,True
1060042,Private room,350.0,True,0,0,0,223,93,141,149,Barcelona,2021-02-09,True
1065016,Entire home/apt,1250.0,True,8,29,53,179,96,5,6,Menorca,2020-03-26,True
1065863,Private room,300.0,True,0,11,37,122,95,93,116,Mallorca,2020-02-29,True
1066993,Entire home/apt,440.0,True,30,60,90,334,81,346,392,Madrid,2020-08-25,True
1067941,Entire home/apt,900.0,True,26,56,86,177,90,29,52,Madrid,2018-07-10,True
1068801,Entire home/apt,490.0,True,29,59,70,252,89,9,16,Girona,2019-03-30,True
1068919,Entire home/apt,4000.0,True,17,37,51,323,81,17,43,Barcelona,2019-04-10,True
1069174,Entire home/apt,750.0,True,17,47,77,352,91,201,252,Madrid,2019-12-10,True
1069572,Entire home/apt,770.0,True,30,52,82,349,96,26,7,Barcelona,2018-01-17,True
1073748,Entire home/apt,1300.0,True,0,0,0,131,100,92,101,Barcelona,2020-11-06,True
1075276,Entire home/apt,800.0,True,29,33,46,321,96,11,19,Sevilla,2019-02-18,True
1078049,Entire home/apt,1500.0,True,1,8,15,248,87,48,67,Barcelona,2019-04-10,True
1087155,Entire home/apt,500.0,True,9,29,47,317,88,331,432,Sevilla,2019-10-30,True
1090988,Private room,300.0,True,17,47,77,266,97,138,166,Madrid,2020-03-17,True
1092321,Entire home/apt,950.0,False,11,20,31,255,85,87,195,Barcelona,2017-03-06,True
1094052,Entire home/apt,970.0,True,29,59,89,179,98,19,3,Menorca,2018-10-25,True
1094228,Entire home/apt,1200.0,True,27,57,87,158,99,16,24,Menorca,2018-12-22,True
1095953,Entire home/apt,1000.0,True,23,53,83,358,,0,,Girona,2020-10-28,
1097454,Entire home/apt,590.0,True,0,9,39,129,88,9,18,Girona,2019-10-30,True
1097523,Entire home/apt,600.0,True,21,51,81,354,85,305,406,Barcelona,2019-11-09,True
1098894,Entire home/apt,3600.0,True,14,23,42,278,98,73,129,Barcelona,2018-01-17,True
1102069,Private room,500.0,False,18,39,69,108,85,66,159,Barcelona,2017-02-09,True
1102856,Entire home/apt,820.0,True,0,0,0,0,95,374,408,Barcelona,2020-12-16,True
1103288,Entire home/apt,850.0,True,0,0,0,0,90,2,9,Barcelona,2018-05-14,True
1106731,Private room,430.0,True,2,2,2,79,72,19,41,Barcelona,2019-07-10,False
1111412,Entire home/apt,820.0,False,7,10,27,107,89,24,59,Barcelona,2017-07-06,True
1114170,Private room,170.0,True,0,1,1,192,94,65,92,Barcelona,2019-04-10,True
1118161,Private room,400.0,False,25,55,85,330,91,19,88,Barcelona,2017-03-06,True
1119707,Entire home/apt,2500.0,True,16,24,41,304,94,42,66,Mallorca,2020-06-25,True
1120751,Entire home/apt,1010.0,True,15,45,61,128,87,3,4,Girona,2019-04-29,True
1121590,Entire home/apt,500.0,True,0,0,0,223,90,3,5,Madrid,2018-10-10,True
1123440,Entire home/apt,470.0,True,28,56,78,271,95,352,426,Sevilla,2020-04-30,True
1125952,Entire home/apt,1130.0,False,16,30,40,201,90,2,11,Mallorca,2017-03-15,True
1137823,Entire home/apt,790.0,True,4,14,29,107,99,146,224,Madrid,2018-12-10,True
1139810,Private room,390.0,True,29,45,45,45,96,108,122,Barcelona,2020-10-12,True
1143827,Entire home/apt,4000.0,True,28,58,88,273,99,26,48,Mallorca,2020-10-21,True
1144751,Private room,360.0,True,30,58,86,357,94,300,378,Sevilla,2020-06-29,True
1145799,Entire home/apt,650.0,True,23,25,52,327,89,37,43,Girona,2020-06-29,True
1146290,Entire home/apt,950.0,True,19,31,61,326,95,202,234,Mallorca,2020-06-25,True
1146914,Entire home/apt,2450.0,True,12,27,33,218,100,3,17,Mallorca,2019-03-25,True
1147333,Entire home/apt,1800.0,True,30,60,90,365,86,55,73,Barcelona,2020-05-11,True
1152737,Entire home/apt,1220.0,True,9,24,29,180,100,3,5,Mallorca,2019-08-31,True
1156223,Entire home/apt,1450.0,False,1,13,32,165,95,45,88,Barcelona,2017-08-06,True
1159566,Entire home/apt,750.0,True,0,0,0,121,91,193,247,Girona,2020-05-28,True
1160633,Entire home/apt,600.0,True,0,19,49,317,90,26,28,Girona,2021-02-27,True
1169088,Entire home/apt,850.0,True,30,60,90,365,85,47,134,Barcelona,2020-06-13,True
1169229,Private room,1000.0,True,23,53,83,174,60,4,5,Barcelona,2020-06-13,False
1174149,Entire home/apt,700.0,True,28,58,83,358,94,10,14,Valencia,2019-12-31,True
1182242,Entire home/apt,1600.0,True,0,0,8,68,97,144,157,Madrid,2020-12-17,True
1184401,Entire home/apt,2270.0,True,15,19,19,136,,0,,Mallorca,2019-09-28,
1193162,Entire home/apt,800.0,False,1,11,35,195,85,126,25,Barcelona,2017-08-06,True
1194696,Private room,260.0,False,1,14,44,134,95,31,68,Barcelona,2017-04-08,True
1195793,Entire home/apt,480.0,True,23,44,74,345,93,162,243,Malaga,2018-11-27,True
1196332,Entire home/apt,850.0,True,11,18,23,102,71,27,52,Barcelona,2019-07-10,False
1196447,Entire home/apt,1090.0,True,15,31,58,238,87,15,36,Barcelona,2019-03-08,True
1197169,Entire home/apt,3490.0,True,14,18,28,234,93,139,201,Barcelona,2019-03-08,True
1198074,Entire home/apt,2000.0,False,16,19,29,152,95,4,39,Barcelona,2017-01-04,True
1199380,Entire home/apt,1690.0,True,11,35,65,340,92,212,275,Barcelona,2019-10-16,True
1199594,Entire home/apt,1100.0,True,3,12,18,167,94,409,523,Barcelona,2019-12-10,True
1204161,Private room,200.0,False,17,47,77,352,96,36,83,Barcelona,2017-01-04,True
1204581,Private room,400.0,True,30,60,90,90,77,6,8,Barcelona,2020-11-06,False
1206034,Private room,600.0,False,0,6,29,304,96,111,219,Barcelona,2017-08-06,True
1211082,Entire home/apt,750.0,True,3,3,3,219,,0,,Barcelona,2017-12-09,
1212211,Private room,800.0,True,27,57,87,362,92,5,7,Barcelona,2019-12-10,True
1213201,Entire home/apt,3500.0,True,3,4,18,271,91,66,91,Barcelona,2019-06-07,True
1215049,Entire home/apt,590.0,False,4,14,28,211,89,77,246,Barcelona,2017-02-09,True
1215918,Entire home/apt,550.0,True,4,22,45,315,87,56,95,Barcelona,2018-07-10,True
1223803,Entire home/apt,900.0,True,0,0,15,290,99,16,31,Madrid,2018-01-17,True
1224896,Entire home/apt,1140.0,False,6,6,8,207,96,93,199,Barcelona,2017-05-07,True
1229186,Entire home/apt,940.0,True,30,60,90,316,85,16,24,Girona,2019-02-19,True
1231323,Entire home/apt,900.0,True,10,31,61,336,87,101,139,Mallorca,2019-08-31,True
1235805,Entire home/apt,900.0,True,5,13,28,294,92,429,515,Barcelona,2020-04-16,True
1241225,Entire home/apt,3000.0,False,5,7,8,232,88,50,106,Barcelona,2017-05-07,True
1243138,Entire home/apt,450.0,True,29,55,73,262,94,163,208,Girona,2020-02-29,True
1245436,Entire home/apt,650.0,True,18,48,50,190,92,29,55,Girona,2019-08-31,True
1247304,Private room,250.0,True,0,0,0,0,98,33,99,Girona,2019-02-19,True
1250133,Entire home/apt,900.0,False,0,19,22,243,89,29,65,Mallorca,2017-03-15,True
1254955,Entire home/apt,650.0,True,1,1,1,258,91,46,63,Madrid,2019-09-19,True
1255665,Entire home/apt,1460.0,True,12,24,32,286,72,10,27,Barcelona,2017-09-12,False
1255912,Entire home/apt,600.0,True,0,28,58,58,92,20,31,Valencia,2019-10-31,True
1257705,Private room,350.0,False,7,22,35,307,92,106,229,Barcelona,2017-06-05,True
1263442,Entire home/apt,900.0,False,0,0,0,120,85,46,10,Barcelona,2017-06-05,True
1264178,Private room,500.0,False,14,44,72,308,95,53,173,Madrid,2017-04-08,True
1273077,Private room,450.0,True,0,0,1,260,97,42,62,Barcelona,2019-05-14,True
1276537,Entire home/apt,300.0,True,4,21,51,196,94,64,11,Mallorca,2018-04-18,True
1285388,Entire home/apt,2500.0,True,7,29,57,332,96,36,62,Mallorca,2018-08-21,True
1285739,Entire home/apt,1100.0,True,3,4,11,118,84,11,23,Barcelona,2018-06-09,True
1287567,Entire home/apt,880.0,True,7,23,42,42,98,58,97,Madrid,2018-10-10,True
1294249,Entire home/apt,780.0,True,27,57,87,362,94,56,63,Valencia,2020-11-10,True
1294911,Entire home/apt,850.0,True,0,0,20,49,98,41,57,Girona,2020-03-26,True
1296977,Entire home/apt,890.0,False,2,4,9,135,88,71,154,Barcelona,2017-06-05,True
1302878,Entire home/apt,500.0,True,0,0,8,212,93,9,19,Girona,2018-04-21,True
1303927,Entire home/apt,1400.0,True,30,60,90,347,97,7,8,Mallorca,2021-01-16,True
1304845,Private room,400.0,False,25,55,85,360,99,25,56,Barcelona,2017-04-08,True
1305640,Entire home/apt,1000.0,True,13,39,67,316,91,100,158,Barcelona,2018-10-10,True
1311003,Private room,700.0,False,26,56,86,361,92,5,21,Barcelona,2017-05-07,True
1313371,Entire home/apt,500.0,True,25,48,77,324,95,104,154,Sevilla,2019-10-30,True
1314537,Private room,300.0,True,17,47,77,345,97,44,186,Barcelona,2017-12-09,True
1314735,Entire home/apt,650.0,True,21,37,67,265,91,59,102,Sevilla,2018-11-22,True
1318990,Entire home/apt,2500.0,True,9,9,9,110,55,4,8,Madrid,2018-04-12,False
1332929,Entire home/apt,630.0,True,1,3,6,9,94,326,467,Barcelona,2019-04-10,True
1337590,Private room,300.0,False,0,0,12,122,64,5,22,Mallorca,2017-03-15,False
1342549,Entire home/apt,960.0,True,0,0,0,146,98,460,505,Barcelona,2021-01-12,True
1346199,Entire home/apt,1500.0,False,30,60,90,365,,0,,Barcelona,2017-01-04,
1351010,Private room,270.0,True,28,58,88,363,88,19,44,Barcelona,2018-11-07,True
1351195,Entire home/apt,5000.0,True,0,0,0,0,92,30,43,Girona,2020-05-28,True
1361784,Private room,300.0,False,6,6,6,6,96,19,44,Barcelona,2017-03-06,True
1362147,Entire home/apt,1800.0,False,0,0,0,245,85,8,18,Barcelona,2017-05-07,True
1363752,Private room,450.0,False,30,60,90,180,86,45,102,Barcelona,2017-03-06,True
1373074,Private room,1350.0,True,0,23,53,196,95,13,2,Mallorca,2019-03-25,True
1374753,Entire home/apt,2250.0,True,0,0,0,0,98,46,63,Barcelona,2019-08-12,True
1387193,Private room,320.0,True,2,17,47,79,91,51,82,Barcelona,2018-09-11,True
1395084,Private room,300.0,True,0,1,31,306,96,11,24,Madrid,2019-01-14,True
1397560,Entire home/apt,1100.0,True,0,0,0,0,94,10,2,Barcelona,2020-08-24,True
1397748,Entire home/apt,1900.0,True,30,60,90,316,98,272,297,Barcelona,2021-02-09,True
1398273,Private room,600.0,True,0,0,0,0,,0,,Madrid,2021-01-12,
1402772,Entire home/apt,690.0,True,13,29,55,131,87,157,185,Barcelona,2020-08-24,True
1404935,Private room,570.0,False,17,27,42,254,97,64,148,Barcelona,2017-03-06,True
1406158,Entire home/apt,3200.0,True,8,23,42,275,,0,,Barcelona,2018-04-12,
1410802,Entire home/apt,2000.0,True,24,54,84,334,84,53,62,Barcelona,2020-08-24,True
1413577,Private room,480.0,True,7,26,39,39,95,90,145,Barcelona,2019-07-10,True
1417890,Private room,500.0,False,17,33,60,335,91,74,214,Barcelona,2017-03-06,True
1418423,Entire home/apt,500.0,False,6,24,36,70,96,42,103,Barcelona,2017-01-04,True
1420428,Private room,760.0,True,4,18,33,278,97,84,173,Barcelona,2017-09-12,True
1426125,Private room,240.0,True,7,7,7,7,89,71,116,Barcelona,2019-05-14,True
1426674,Entire home/apt,1200.0,True,4,24,47,101,96,148,252,Barcelona,2018-07-10,True
1431437,Private room,600.0,True,0,7,37,312,95,19,62,Barcelona,2018-02-07,True
1437974,Private room,250.0,True,0,0,0,0,75,4,6,Valencia,2019-10-31,False
1440247,Entire home/apt,1750.0,True,30,60,90,365,93,12,24,Barcelona,2017-10-07,True
1444019,Entire home/apt,1460.0,True,11,35,62,337,100,1,2,Barcelona,2017-10-07,True
1457218,Entire home/apt,1290.0,True,22,52,77,261,93,222,39,Barcelona,2019-01-14,True
1463763,Entire home/apt,2500.0,True,19,46,62,285,95,33,59,Madrid,2020-03-17,True
1467406,Private room,350.0,True,0,0,0,0,97,62,144,Malaga,2020-02-29,True
1473278,Entire home/apt,1400.0,True,0,0,0,0,93,30,35,Madrid,2020-12-17,True
1473598,Entire home/apt,4090.0,True,23,45,57,213,60,1,3,Mallorca,2020-09-19,False
1480728,Entire home/apt,690.0,True,6,22,52,123,91,55,106,Barcelona,2018-09-11,True
1482060,Entire home/apt,1300.0,True,1,19,49,317,92,438,598,Barcelona,2019-09-17,True
1492419,Entire home/apt,1100.0,False,12,18,24,293,85,54,148,Barcelona,2017-05-07,True
1496065,Entire home/apt,410.0,True,0,0,0,0,96,192,307,Malaga,2020-11-30,True
1498723,Entire home/apt,1900.0,True,0,0,0,175,92,14,21,Menorca,2019-01-30,True
1501980,Entire home/apt,1200.0,True,0,0,0,0,95,5,6,Mallorca,2020-12-19,True
1503616,Entire home/apt,380.0,True,0,0,0,0,80,1,1,Barcelona,2020-12-16,True
1507069,Private room,400.0,True,27,57,87,87,86,72,96,Barcelona,2019-10-16,True
1510808,Private room,700.0,True,30,60,90,365,80,13,18,Mallorca,2019-08-31,True
1514062,Entire home/apt,1130.0,False,23,32,43,43,91,14,6,Madrid,2017-03-06,True
1523802,Entire home/apt,2100.0,True,11,23,45,320,88,17,6,Barcelona,2017-12-09,True
1527831,Entire home/apt,1600.0,True,8,29,43,206,97,40,71,Barcelona,2019-10-16,True
1529472,Entire home/apt,980.0,True,5,35,65,65,,0,,Barcelona,2019-03-08,
1530586,Entire home/apt,750.0,True,0,0,2,181,95,309,539,Barcelona,2018-06-09,True
1534545,Private room,250.0,True,5,35,65,340,95,27,46,Girona,2018-07-31,True
1540924,Private room,500.0,True,0,1,2,194,99,40,10,Barcelona,2019-08-12,True
1545642,Entire home/apt,1190.0,True,0,0,0,177,90,2,3,Mallorca,2020-10-21,True
1546734,Private room,450.0,True,0,13,43,318,86,9,17,Madrid,2018-08-14,True
1565292,Private room,710.0,False,10,28,58,58,95,153,321,Barcelona,2017-08-06,True
1574730,Entire home/apt,470.0,True,1,1,1,1,91,104,133,Mallorca,2021-01-16,True
1577728,Private room,300.0,True,5,17,41,164,98,252,341,Barcelona,2019-11-09,True
1580437,Entire home/apt,950.0,True,1,2,8,87,95,67,17,Barcelona,2018-04-12,True
1584877,Entire home/apt,740.0,True,30,60,90,352,88,38,55,Menorca,2021-02-27,True
1586889,Private room,640.0,False,4,9,15,229,80,124,328,Barcelona,2017-03-06,True
1603887,Private room,360.0,True,0,0,0,272,90,43,59,Barcelona,2019-11-09,True
1613328,Entire home/apt,1460.0,True,22,52,82,349,80,3,7,Barcelona,2018-06-09,True
1614109,Entire home/apt,880.0,True,3,12,24,263,94,33,76,Barcelona,2019-04-10,True
1615517,Entire home/apt,790.0,True,30,60,90,365,95,4,6,Girona,2019-12-31,True
1616281,Entire home/apt,990.0,True,0,11,11,236,91,47,84,Barcelona,2018-05-14,True
1617393,Entire home/apt,1350.0,False,0,2,32,307,60,2,9,Madrid,2017-04-08,False
1622564,Entire home/apt,900.0,True,25,40,62,225,91,35,62,Madrid,2018-08-14,True
1624014,Entire home/apt,1600.0,True,16,46,76,334,91,141,198,Barcelona,2020-02-16,True
1636054,Entire home/apt,850.0,True,19,45,75,75,92,33,54,Malaga,2019-12-31,True
1639471,Private room,480.0,True,8,17,47,310,89,194,263,Madrid,2019-10-16,True
1639547,Entire home/apt,700.0,True,0,0,0,239,95,24,28,Madrid,2020-10-17,True
1645680,Private room,890.0,True,30,60,90,365,94,87,128,Mallorca,2019-11-28,True
1660109,Entire home/apt,1390.0,True,28,52,56,301,97,29,48,Girona,2019-04-29,True
1670427,Entire home/apt,650.0,True,27,57,87,362,94,503,588,Barcelona,2020-10-12,True
1672204,Entire home/apt,900.0,True,28,50,60,210,90,83,113,Barcelona,2020-05-11,True
1678293,Private room,320.0,True,0,0,9,284,84,66,115,Madrid,2018-09-11,True
1691141,Entire home/apt,600.0,True,0,29,59,334,84,15,25,Barcelona,2018-11-07,True
1692008,Entire home/apt,1120.0,True,6,32,62,337,91,163,295,Barcelona,2018-07-10,True
1699028,Private room,390.0,True,0,0,0,0,97,76,266,Barcelona,2019-12-10,True
1706758,Entire home/apt,850.0,True,7,16,33,267,93,53,82,Sevilla,2019-08-31,True
1718630,Private room,300.0,False,30,60,90,365,,0,,Mallorca,2017-03-15,
1718650,Entire home/apt,920.0,True,0,0,0,89,89,47,55,Valencia,2020-11-10,True
1719170,Entire home/apt,1040.0,True,6,7,16,276,86,102,205,Barcelona,2018-04-12,True
1728329,Entire home/apt,600.0,True,21,28,39,237,95,414,535,Barcelona,2020-03-16,True
1750838,Entire home/apt,370.0,True,7,37,61,336,96,105,212,Madrid,2018-05-14,True
1753979,Entire home/apt,660.0,True,0,10,40,126,98,409,514,Madrid,2020-07-17,True
1755419,Entire home/apt,990.0,True,0,0,0,273,,0,,Girona,2019-09-30,
1756975,Entire home/apt,800.0,False,4,10,31,38,97,38,97,Barcelona,2017-01-04,True
1768203,Entire home/apt,550.0,False,5,9,9,9,96,86,213,Madrid,2017-04-08,True
1783966,Entire home/apt,2800.0,True,16,16,16,205,,0,,Mallorca,2018-10-17,
1799258,Entire home/apt,1010.0,True,20,50,80,171,97,7,12,Girona,2019-03-30,True
1803679,Entire home/apt,2200.0,True,28,45,56,218,93,3,4,Mallorca,2020-04-23,True
1808014,Entire home/apt,800.0,True,11,24,46,316,93,11,21,Sevilla,2019-03-28,True
1820061,Entire home/apt,640.0,True,28,58,86,355,85,4,7,Malaga,2019-02-24,True
1821582,Entire home/apt,2600.0,True,20,50,76,324,92,20,34,Girona,2018-10-20,True
1825432,Entire home/apt,1500.0,True,18,31,61,273,89,31,64,Malaga,2017-11-25,True
1825621,Entire home/apt,1450.0,True,8,12,15,259,94,7,2,Barcelona,2018-06-09,True
1826031,Entire home/apt,850.0,True,3,9,20,178,96,132,194,Madrid,2019-07-10,True
1830917,Hotel room,1690.0,True,10,34,64,339,95,87,125,Barcelona,2019-09-17,True
1846844,Entire home/apt,600.0,True,4,14,44,312,91,215,362,Sevilla,2018-09-22,True
1859046,Private room,360.0,True,5,35,65,340,95,73,9,Madrid,2020-11-06,True
1860688,Entire home/apt,820.0,True,0,0,0,0,97,93,121,Mallorca,2020-06-25,True
1866813,Entire home/apt,1250.0,True,27,57,87,229,80,1,2,Barcelona,2020-06-13,True
1870994,Entire home/apt,560.0,True,1,3,9,12,92,307,581,Madrid,2018-04-12,True
1871218,Entire home/apt,410.0,True,23,53,67,314,89,525,698,Sevilla,2020-01-30,True
1880328,Private room,270.0,True,0,13,43,318,,0,,Barcelona,2019-05-14,
1882695,Entire home/apt,780.0,True,25,37,62,328,94,117,162,Sevilla,2020-03-23,True
1891083,Entire home/apt,1000.0,True,29,43,56,175,98,404,521,Barcelona,2020-04-16,True
1895368,Entire home/apt,2770.0,True,22,38,56,303,100,3,4,Mallorca,2020-05-28,True
1908257,Entire home/apt,1350.0,True,0,0,0,77,94,110,144,Barcelona,2020-10-12,True
1916455,Entire home/apt,3210.0,True,0,0,0,0,96,189,223,Barcelona,2020-12-16,True
1916806,Entire home/apt,1450.0,True,21,42,64,322,82,19,3,Barcelona,2019-01-14,True
1921506,Entire home/apt,430.0,True,21,38,57,308,78,9,18,Girona,2018-04-21,False
1928731,Entire home/apt,1000.0,True,0,0,23,203,96,147,168,Madrid,2021-02-09,True
1929405,Entire home/apt,1500.0,True,30,49,65,319,100,1,2,Mallorca,2020-05-28,True
1934314,Private room,390.0,True,8,8,29,304,99,39,7,Sevilla,2018-08-27,True
1935527,Entire home/apt,2050.0,True,29,59,89,290,100,1,5,Menorca,2020-01-31,True
1942585,Entire home/apt,1200.0,False,25,40,65,340,92,13,4,Madrid,2017-03-06,True
1957157,Entire home/apt,1840.0,True,9,39,69,326,97,223,362,Barcelona,2019-12-10,True
1957286,Private room,180.0,True,1,1,1,1,94,7,13,Madrid,2021-02-09,True
1957841,Entire home/apt,890.0,True,7,18,19,139,87,3,6,Mallorca,2019-05-27,True
1958839,Entire home/apt,1600.0,True,22,38,65,248,,0,,Barcelona,2019-01-14,
1959017,Entire home/apt,830.0,True,0,7,8,120,100,10,16,Mallorca,2019-05-27,True
1967758,Entire home/apt,2000.0,False,3,12,21,59,75,5,227,Barcelona,2017-06-05,False
1967889,Entire home/apt,1500.0,True,16,39,62,62,93,22,257,Madrid,2019-01-14,True
1972420,Entire home/apt,650.0,True,2,4,10,226,94,127,193,Mallorca,2019-05-27,True
1982900,Entire home/apt,1500.0,True,30,60,90,365,95,41,83,Barcelona,2018-01-17,True
1990801,Entire home/apt,1100.0,True,5,16,35,310,94,346,526,Madrid,2019-05-14,True
1996279,Entire home/apt,630.0,True,29,58,88,359,94,28,35,Sevilla,2020-10-29,True
1997113,Entire home/apt,400.0,True,8,22,52,317,92,156,276,Sevilla,2018-08-27,True
2005987,Entire home/apt,1250.0,True,29,59,89,209,87,9,18,Mallorca,2020-05-28,True
2011730,Entire home/apt,650.0,True,10,31,54,252,99,33,53,Mallorca,2019-09-28,True
2016382,Entire home/apt,860.0,True,17,43,61,296,94,26,53,Girona,2018-10-20,True
2020743,Entire home/apt,990.0,True,29,59,89,364,93,197,236,Barcelona,2020-11-06,True
2024297,Entire home/apt,990.0,True,1,1,15,35,100,1,53,Menorca,2019-06-30,True
2024643,Entire home/apt,850.0,True,0,0,0,0,82,12,16,Madrid,2020-12-17,True
2045092,Entire home/apt,600.0,True,13,43,73,348,94,122,21,Madrid,2018-10-10,True
2046026,Entire home/apt,1000.0,True,0,0,0,69,93,175,231,Barcelona,2020-09-12,True
2048862,Entire home/apt,1200.0,False,6,10,18,213,85,24,7,Barcelona,2017-04-08,True
2050662,Entire home/apt,770.0,True,12,33,63,297,90,139,243,Barcelona,2018-11-07,True
2061434,Private room,500.0,True,30,60,90,365,,0,,Barcelona,2018-04-12,
2065666,Entire home/apt,1760.0,True,9,16,29,115,93,10,17,Girona,2019-06-30,True
2078332,Entire home/apt,530.0,True,12,22,48,313,94,133,227,Barcelona,2018-11-07,True
2085786,Entire home/apt,680.0,True,10,36,66,341,80,86,126,Madrid,2019-09-19,True
2091802,Private room,340.0,True,0,0,0,36,95,4,15,Madrid,2018-12-10,True
2104807,Entire home/apt,1500.0,True,11,28,55,330,71,7,13,Barcelona,2019-08-12,False
2107982,Entire home/apt,620.0,True,3,15,28,297,97,254,361,Barcelona,2019-10-16,True
2111519,Entire home/apt,550.0,True,21,33,34,267,87,165,269,Malaga,2019-03-31,True
2114493,Entire home/apt,1990.0,True,6,15,30,271,96,203,295,Madrid,2019-09-19,True
2131496,Entire home/apt,1300.0,True,7,15,20,287,93,299,492,Barcelona,2019-03-08,True
2134241,Entire home/apt,1400.0,True,5,8,20,286,85,51,114,Barcelona,2018-06-09,True
2136172,Entire home/apt,1250.0,True,7,7,7,7,80,35,54,Madrid,2019-05-14,True
2137019,Entire home/apt,1600.0,True,16,28,56,226,86,35,56,Girona,2019-06-30,True
2138071,Entire home/apt,4500.0,True,2,12,32,223,91,55,98,Barcelona,2019-01-14,True
2138517,Entire home/apt,1050.0,True,30,56,85,251,,0,,Malaga,2020-01-31,
2141878,Entire home/apt,2500.0,True,0,0,0,0,95,4,5,Girona,2020-05-28,True
2146533,Entire home/apt,3200.0,False,2,4,5,238,90,43,11,Barcelona,2017-06-05,True
2152440,Entire home/apt,1250.0,True,15,41,59,167,98,299,394,Barcelona,2020-04-16,True
2167544,Entire home/apt,1190.0,False,2,4,5,185,97,88,24,Barcelona,2017-03-06,True
2170203,Entire home/apt,770.0,True,5,19,38,309,92,18,11,Barcelona,2017-10-07,True
2171702,Entire home/apt,1050.0,False,8,20,35,121,83,39,99,Barcelona,2017-07-06,True
2177176,Entire home/apt,1150.0,True,11,12,18,124,98,374,523,Barcelona,2020-01-10,True
2179527,Entire home/apt,600.0,True,9,24,37,120,91,143,262,Madrid,2019-11-09,True
2202510,Entire home/apt,1850.0,True,5,7,11,89,98,282,425,Barcelona,2019-07-10,True
2204820,Entire home/apt,1750.0,True,30,60,90,365,,0,,Barcelona,2020-09-12,
2207960,Private room,580.0,True,30,60,90,365,92,113,175,Madrid,2021-01-12,True
2222131,Entire home/apt,900.0,True,27,57,87,362,80,2,11,Girona,2019-02-19,True
2248442,Private room,1090.0,True,1,4,31,262,97,13,24,Mallorca,2018-07-29,True
2248576,Entire home/apt,1650.0,False,3,4,6,73,98,80,214,Barcelona,2017-05-07,True
2252574,Private room,250.0,True,4,21,40,48,96,347,626,Barcelona,2018-09-11,True
2258125,Entire home/apt,600.0,True,0,0,0,44,91,115,137,Barcelona,2021-01-12,True
2258509,Entire home/apt,1300.0,True,26,56,86,319,91,20,3,Mallorca,2019-11-28,True
2300229,Entire home/apt,750.0,True,20,40,63,326,94,109,203,Sevilla,2018-08-27,True
2306988,Entire home/apt,3500.0,True,15,30,45,275,97,8,12,Barcelona,2019-09-17,True
2307843,Entire home/apt,2290.0,True,8,11,30,202,95,24,49,Barcelona,2018-05-14,True
2325719,Entire home/apt,1900.0,True,15,30,30,153,,0,,Mallorca,2018-10-17,
2328455,Entire home/apt,4160.0,True,17,43,68,303,100,5,14,Girona,2018-10-20,True
2329373,Entire home/apt,300.0,True,0,0,0,0,,0,,Mallorca,2020-11-08,
2329405,Entire home/apt,1580.0,True,8,33,46,240,92,55,118,Barcelona,2017-12-09,True
2331285,Entire home/apt,790.0,True,2,14,19,269,96,266,501,Barcelona,2018-10-10,True
2341293,Entire home/apt,1350.0,False,0,0,0,0,80,1,4,Barcelona,2017-08-06,True
2343701,Entire home/apt,760.0,True,23,35,54,206,91,245,334,Mallorca,2020-03-22,True
2344485,Private room,330.0,True,11,23,42,132,98,13,88,Barcelona,2018-05-14,True
2349535,Entire home/apt,990.0,True,0,0,0,0,88,10,17,Barcelona,2019-03-08,True
2360266,Entire home/apt,960.0,True,0,13,33,108,89,76,187,Barcelona,2017-09-12,True
2364653,Private room,240.0,True,1,12,20,107,97,226,442,Barcelona,2018-05-14,True
2368293,Entire home/apt,1270.0,True,0,0,0,0,,2,9,Girona,2019-02-19,
2376077,Entire home/apt,2500.0,True,28,58,88,314,90,8,16,Menorca,2019-11-30,True
2391248,Entire home/apt,1070.0,True,19,22,52,327,88,5,11,Girona,2019-06-30,True
2391858,Entire home/apt,750.0,True,30,60,72,330,89,105,146,Barcelona,2020-05-11,True
2392355,Entire home/apt,510.0,True,0,0,0,230,76,10,18,Girona,2018-12-22,False
2393145,Private room,400.0,False,9,14,37,312,92,49,127,Barcelona,2017-08-06,True
2401712,Private room,220.0,False,19,47,65,340,87,109,296,Barcelona,2017-03-06,True
2408869,Entire home/apt,650.0,True,12,26,48,230,90,99,177,Barcelona,2019-03-08,True
2411106,Hotel room,1190.0,True,5,5,5,259,91,63,93,Barcelona,2019-09-17,True
2411322,Entire home/apt,5000.0,False,12,24,54,94,93,6,18,Madrid,2017-04-08,True
2424236,Entire home/apt,800.0,True,13,36,51,295,91,151,263,Sevilla,2018-12-21,True
2428246,Entire home/apt,1550.0,True,30,60,90,365,97,280,359,Barcelona,2020-09-12,True
2435008,Entire home/apt,620.0,True,29,59,89,179,92,17,26,Girona,2019-10-30,True
2436237,Entire home/apt,1000.0,True,0,0,0,16,87,139,183,Barcelona,2020-06-13,True
2438814,Entire home/apt,600.0,False,7,26,30,287,95,158,464,Barcelona,2017-02-09,True
2439919,Entire home/apt,600.0,True,1,16,37,292,92,225,516,Barcelona,2017-10-07,True
2447128,Entire home/apt,1150.0,True,13,41,62,152,93,6,15,Girona,2018-07-31,True
2450287,Entire home/apt,550.0,True,29,46,70,222,99,68,98,Mallorca,2020-05-28,True
2451747,Entire home/apt,950.0,True,29,56,76,316,91,40,56,Girona,2020-04-30,True
2454465,Entire home/apt,340.0,True,6,36,66,160,93,64,95,Sevilla,2019-11-29,True
2472349,Entire home/apt,1650.0,True,0,0,0,0,82,127,178,Barcelona,2020-05-11,True
2476666,Entire home/apt,1290.0,True,11,29,59,304,88,53,144,Barcelona,2018-02-07,True
2482182,Private room,780.0,True,14,32,32,162,94,143,237,Barcelona,2019-04-10,True
2484622,Entire home/apt,640.0,True,29,59,89,89,99,148,187,Madrid,2020-09-13,True
2495345,Private room,350.0,True,19,43,43,43,90,74,168,Barcelona,2017-12-09,True
2495446,Private room,270.0,True,10,19,49,49,95,118,208,Barcelona,2018-12-10,True
2500683,Entire home/apt,840.0,True,0,7,37,312,,0,,Madrid,2019-11-09,
2500759,Entire home/apt,1130.0,False,7,11,15,202,90,8,24,Barcelona,2017-04-08,True
2506463,Entire home/apt,1250.0,True,28,58,88,363,96,40,51,Mallorca,2020-09-19,True
2507802,Entire home/apt,1250.0,True,25,52,82,318,96,70,106,Barcelona,2019-11-09,True
2510624,Entire home/apt,1400.0,False,30,46,62,215,100,1,3,Mallorca,2017-03-15,True
2511423,Entire home/apt,1400.0,True,28,58,88,363,100,1,7,Girona,2020-10-28,True
2514285,Entire home/apt,720.0,True,30,60,90,344,92,21,31,Mallorca,2019-12-31,True
2517647,Entire home/apt,1090.0,True,0,0,0,146,86,57,103,Mallorca,2018-11-20,True
2534835,Entire home/apt,700.0,False,0,0,0,179,97,151,388,Barcelona,2017-07-06,True
2535466,Entire home/apt,750.0,True,30,52,62,293,94,35,49,Valencia,2020-05-31,True
2536121,Entire home/apt,1200.0,False,8,12,17,188,94,57,159,Barcelona,2017-03-06,True
2536957,Entire home/apt,900.0,True,18,20,35,310,89,48,64,Mallorca,2020-06-25,True
2542510,Entire home/apt,1620.0,True,20,33,63,338,94,56,252,Barcelona,2018-05-14,True
2544674,Entire home/apt,2000.0,True,0,0,9,100,94,81,116,Sevilla,2019-12-31,True
2544934,Entire home/apt,900.0,True,7,22,38,161,90,4,19,Mallorca,2018-04-18,True
2569061,Entire home/apt,850.0,True,13,20,24,179,98,189,308,Sevilla,2019-05-29,True
2569716,Entire home/apt,1400.0,True,0,0,5,280,100,5,8,Girona,2019-06-30,True
2581295,Entire home/apt,2500.0,False,30,55,72,276,97,24,73,Mallorca,2017-03-15,True
2593291,Entire home/apt,1400.0,True,0,0,30,296,96,107,136,Mallorca,2020-12-19,True
2593504,Entire home/apt,2030.0,True,22,45,75,165,86,73,114,Barcelona,2019-08-12,True
2597901,Private room,490.0,True,0,21,51,111,60,2,6,Barcelona,2019-09-17,False
2603748,Entire home/apt,640.0,True,13,36,66,109,80,3,6,Mallorca,2018-08-21,True
2616644,Entire home/apt,1670.0,True,15,44,70,260,100,4,1,Mallorca,2018-12-18,True
2624310,Entire home/apt,1070.0,True,20,50,80,353,95,174,211,Barcelona,2021-02-09,True
2632012,Private room,230.0,True,0,0,0,143,78,12,26,Madrid,2018-05-14,False
2658193,Private room,150.0,True,15,45,75,350,98,8,11,Barcelona,2020-06-13,True
2669792,Private room,400.0,True,30,60,90,365,100,44,56,Mallorca,2020-11-08,True
2673648,Entire home/apt,650.0,True,15,15,15,116,95,31,6,Madrid,2018-08-14,True
2685835,Entire home/apt,860.0,True,26,56,86,361,96,5,8,Girona,2020-10-28,True
2687897,Entire home/apt,1450.0,True,18,40,46,286,98,16,47,Mallorca,2019-05-27,True
2690646,Private room,390.0,True,24,30,41,290,87,19,59,Valencia,2020-01-31,True
2706984,Entire home/apt,940.0,True,0,0,0,0,91,19,24,Girona,2020-12-31,True
2707482,Entire home/apt,1500.0,True,13,37,67,68,94,162,231,Sevilla,2020-01-30,True
2711470,Entire home/apt,770.0,True,6,33,52,327,89,7,13,Madrid,2018-09-11,True
2724292,Entire home/apt,4290.0,True,1,1,1,1,,0,,Mallorca,2020-12-19,
2729680,Entire home/apt,1100.0,False,8,18,28,273,92,50,138,Barcelona,2017-04-08,True
2732268,Private room,500.0,True,30,60,90,365,91,7,12,Malaga,2019-05-30,True
2743351,Private room,510.0,True,22,52,82,342,91,132,201,Barcelona,2019-09-17,True
2743922,Entire home/apt,3000.0,True,0,0,8,269,80,6,8,Barcelona,2020-07-17,True
2744936,Entire home/apt,4900.0,True,0,0,0,211,99,21,29,Menorca,2020-06-30,True
2745344,Entire home/apt,810.0,True,4,34,64,333,94,20,4,Mallorca,2018-09-18,True
2745968,Entire home/apt,890.0,True,28,51,81,81,93,20,55,Barcelona,2018-01-17,True
2753314,Entire home/apt,1500.0,True,0,0,0,0,96,156,192,Barcelona,2020-12-16,True
2758891,Entire home/apt,1300.0,True,12,42,72,148,97,284,428,Barcelona,2019-10-16,True
2760739,Entire home/apt,400.0,True,0,0,4,189,98,166,378,Malaga,2017-11-25,True
2761639,Entire home/apt,620.0,True,18,43,73,73,94,147,266,Barcelona,2018-11-07,True
2762205,Entire home/apt,1400.0,True,2,2,12,159,98,116,241,Barcelona,2018-05-14,True
2767047,Entire home/apt,2900.0,False,30,60,90,365,,0,,Mallorca,2017-03-15,
2767121,Entire home/apt,2990.0,True,30,60,90,365,,0,,Mallorca,2019-09-28,
2776403,Entire home/apt,890.0,True,23,53,83,352,91,33,47,Mallorca,2020-06-25,True
2776901,Entire home/apt,2890.0,True,29,59,89,355,97,68,86,Barcelona,2020-10-12,True
2779847,Entire home/apt,700.0,True,0,5,35,310,80,1,2,Madrid,2018-11-07,True
2782292,Entire home/apt,690.0,True,12,39,65,65,97,114,209,Barcelona,2018-11-07,True
2784566,Entire home/apt,800.0,True,0,19,49,324,100,3,7,Girona,2018-12-22,True
2790757,Entire home/apt,1180.0,True,3,26,56,236,96,106,172,Girona,2019-07-29,True
2797209,Private room,700.0,True,0,0,0,0,97,227,316,Barcelona,2020-04-16,True
2806795,Entire home/apt,1500.0,True,1,25,55,326,95,182,342,Barcelona,2018-09-11,True
2806885,Entire home/apt,3750.0,True,30,60,68,254,99,14,3,Mallorca,2019-02-17,True
2819800,Private room,1400.0,True,30,60,90,365,,0,,Girona,2019-12-31,
2824586,Entire home/apt,1250.0,True,0,0,19,176,97,14,22,Mallorca,2019-12-31,True
2826116,Entire home/apt,970.0,True,0,0,0,240,96,17,33,Mallorca,2019-10-28,True
2827817,Hotel room,180.0,True,25,55,82,357,88,125,178,Sevilla,2020-01-30,True
2836294,Entire home/apt,500.0,False,0,3,33,280,88,66,198,Mallorca,2017-03-15,True
2836811,Entire home/apt,1800.0,True,30,60,90,341,98,26,61,Mallorca,2020-01-29,True
2840800,Entire home/apt,650.0,False,7,22,52,317,60,5,36,Barcelona,2017-01-04,False
2841708,Private room,700.0,True,0,0,0,155,96,16,42,Barcelona,2017-10-07,True
2849153,Entire home/apt,950.0,True,0,0,0,0,100,4,13,Girona,2018-11-26,True
2855311,Entire home/apt,550.0,True,0,0,0,0,97,112,165,Valencia,2019-11-30,True
2870693,Entire home/apt,2010.0,True,0,0,0,1,98,104,423,Barcelona,2017-09-12,True
2872568,Entire home/apt,430.0,True,21,49,71,270,95,68,118,Mallorca,2019-11-28,True
2873100,Entire home/apt,490.0,True,5,14,42,314,84,247,792,Madrid,2018-05-14,True
2885115,Private room,440.0,True,6,6,6,6,85,34,6,Sevilla,2018-12-21,True
2906165,Entire home/apt,650.0,True,3,21,51,72,93,166,259,Madrid,2019-08-12,True
2926875,Entire home/apt,850.0,True,30,60,90,128,93,108,145,Mallorca,2020-06-25,True
2930904,Private room,210.0,True,20,43,73,348,99,16,31,Sevilla,2019-02-18,True
2934212,Entire home/apt,700.0,True,0,0,0,0,88,35,61,Barcelona,2019-05-14,True
2945083,Entire home/apt,550.0,True,0,0,0,200,92,37,64,Valencia,2019-02-28,True
2965156,Entire home/apt,1790.0,True,0,0,0,0,95,4,11,Girona,2019-08-31,True
2967668,Entire home/apt,1050.0,True,13,43,73,348,97,41,97,Barcelona,2017-12-09,True
2974139,Entire home/apt,950.0,True,5,12,16,222,91,28,55,Barcelona,2018-07-10,True
2980991,Entire home/apt,800.0,True,29,59,89,197,91,7,15,Barcelona,2020-07-17,True
2981928,Private room,700.0,True,29,59,89,364,90,3,9,Barcelona,2018-01-17,True
2982263,Entire home/apt,2450.0,True,14,18,18,197,80,2,5,Mallorca,2019-09-28,True
2992207,Entire home/apt,2600.0,True,0,0,0,0,,0,,Sevilla,2019-04-27,
2994325,Entire home/apt,4250.0,True,26,55,85,360,100,5,1,Mallorca,2018-09-18,True
3003926,Entire home/apt,360.0,True,3,12,30,296,95,92,154,Malaga,2019-05-30,True
3005705,Entire home/apt,750.0,True,0,0,0,0,98,24,37,Girona,2019-11-30,True
3007161,Entire home/apt,1300.0,True,0,4,15,165,94,77,159,Barcelona,2018-06-09,True
3008207,Entire home/apt,1240.0,True,10,23,53,328,100,2,4,Mallorca,2020-08-28,True
3012071,Entire home/apt,600.0,True,0,0,0,0,97,33,77,Barcelona,2018-02-07,True
3012570,Entire home/apt,650.0,True,3,24,49,317,87,3,6,Madrid,2018-04-12,True
3016138,Private room,1050.0,True,30,60,86,355,92,23,45,Girona,2018-09-28,True
3020779,Entire home/apt,3680.0,True,17,42,72,331,93,17,41,Mallorca,2018-08-21,True
3023748,Entire home/apt,510.0,True,1,3,25,236,91,32,101,Malaga,2017-11-25,True
3044112,Entire home/apt,1650.0,True,30,60,90,365,60,3,6,Barcelona,2018-09-11,False
3047685,Entire home/apt,1850.0,True,0,0,20,120,97,1,1,Mallorca,2020-02-29,True
3056878,Entire home/apt,1590.0,True,7,36,36,184,94,27,53,Mallorca,2018-09-18,True
3058631,Entire home/apt,720.0,True,0,0,17,17,95,523,698,Madrid,2020-07-17,True
3058834,Private room,260.0,True,0,0,0,227,92,73,129,Madrid,2019-01-14,True
3059546,Entire home/apt,1100.0,True,0,0,0,275,98,66,88,Mallorca,2020-09-19,True
3063249,Private room,1500.0,True,30,60,90,365,100,1,2,Barcelona,2020-04-16,True
3068843,Private room,200.0,True,4,24,46,311,93,118,261,Sevilla,2018-12-21,True
3073348,Entire home/apt,520.0,True,26,48,78,325,20,1,2,Girona,2018-11-26,False
3078803,Entire home/apt,1250.0,False,27,47,65,330,93,19,57,Barcelona,2017-03-06,True
3080652,Private room,400.0,True,0,0,0,0,,0,,Malaga,2018-04-22,
3085914,Entire home/apt,600.0,True,23,53,75,350,91,15,28,Girona,2018-11-26,True
3097328,Entire home/apt,600.0,True,16,36,58,322,93,126,247,Madrid,2018-09-11,True
3097333,Entire home/apt,1520.0,True,7,18,44,244,92,40,117,Barcelona,2019-02-06,True
3097665,Entire home/apt,700.0,True,0,1,25,25,90,49,122,Barcelona,2020-10-12,True
3099873,Entire home/apt,750.0,True,25,52,82,338,89,15,31,Girona,2018-08-30,True
3107364,Entire home/apt,1190.0,True,29,59,81,349,90,26,39,Mallorca,2019-12-31,True
3110029,Entire home/apt,1900.0,True,8,14,44,232,95,11,28,Barcelona,2019-05-14,True
3111682,Entire home/apt,700.0,True,30,60,67,310,97,31,54,Mallorca,2019-04-24,True
3120157,Entire home/apt,1790.0,True,9,22,24,276,100,1,4,Mallorca,2019-05-27,True
3121700,Entire home/apt,1710.0,True,25,48,73,292,96,9,34,Sevilla,2018-11-22,True
3124534,Entire home/apt,1500.0,True,30,60,90,310,95,4,6,Girona,2020-02-29,True
3124611,Entire home/apt,740.0,True,13,29,59,165,80,2,4,Girona,2020-06-29,True
3124618,Entire home/apt,740.0,True,0,3,33,271,95,4,9,Girona,2019-02-19,True
3141128,Entire home/apt,700.0,True,28,58,88,363,93,6,21,Girona,2018-12-22,True
3142039,Entire home/apt,1200.0,True,26,55,71,346,95,4,1,Malaga,2019-10-31,True
3143400,Private room,350.0,True,0,0,0,0,97,509,773,Madrid,2020-10-17,True
3154045,Entire home/apt,1500.0,True,14,22,43,297,96,43,97,Madrid,2018-01-17,True
3158706,Entire home/apt,1200.0,True,30,57,87,291,92,315,412,Barcelona,2020-09-12,True
3160768,Private room,140.0,True,25,55,85,328,92,308,379,Malaga,2021-02-27,True
3162501,Entire home/apt,800.0,True,9,14,30,190,92,29,43,Barcelona,2020-02-16,True
3163230,Entire home/apt,600.0,True,1,31,61,336,86,39,49,Barcelona,2021-01-12,True
3166047,Entire home/apt,730.0,True,13,43,73,181,96,203,277,Madrid,2020-06-13,True
3166655,Entire home/apt,870.0,True,4,26,56,286,92,26,59,Madrid,2018-05-14,True
3184899,Private room,300.0,True,30,52,82,357,91,270,399,Barcelona,2020-01-10,True
3191774,Entire home/apt,1860.0,True,23,36,51,319,93,259,382,Barcelona,2020-01-10,True
3213245,Entire home/apt,1340.0,True,30,60,90,349,93,12,15,Girona,2020-12-31,True
3215070,Entire home/apt,950.0,False,0,0,0,0,80,28,77,Barcelona,2017-06-05,True
3223060,Entire home/apt,680.0,False,10,21,34,288,88,18,56,Mallorca,2017-03-15,True
3227641,Entire home/apt,3000.0,True,29,59,86,334,100,1,13,Mallorca,2019-02-17,True
3233342,Private room,350.0,True,13,42,42,271,95,240,346,Sevilla,2020-04-30,True
3238474,Private room,150.0,True,30,60,90,365,75,11,23,Barcelona,2020-07-17,False
3239311,Entire home/apt,1000.0,False,8,34,64,339,87,3,24,Barcelona,2017-08-06,True
3240744,Private room,440.0,True,22,52,82,357,87,187,342,Barcelona,2018-12-10,True
3244300,Private room,180.0,True,18,18,18,243,91,61,173,Madrid,2018-08-14,True
3248217,Entire home/apt,850.0,True,28,58,88,363,93,18,48,Mallorca,2020-08-28,True
3250010,Entire home/apt,940.0,True,19,47,67,67,98,54,86,Girona,2019-09-30,True
3255204,Entire home/apt,390.0,True,23,53,83,173,98,18,28,Barcelona,2020-07-17,True
3265618,Entire home/apt,1000.0,True,30,60,90,365,100,1,23,Mallorca,2020-12-19,True
3269446,Private room,250.0,True,0,0,0,0,100,1,3,Barcelona,2020-05-11,True
3275784,Entire home/apt,1500.0,True,0,0,0,214,95,8,1,Mallorca,2021-01-16,True
3279230,Entire home/apt,2850.0,True,0,0,16,149,100,1,5,Mallorca,2021-01-16,True
3281769,Entire home/apt,1250.0,True,24,51,59,91,94,128,17,Barcelona,2020-08-24,True
3283389,Entire home/apt,1150.0,True,23,53,83,358,100,2,72,Girona,2019-10-30,True
3291065,Private room,250.0,True,29,59,89,179,94,203,411,Barcelona,2020-06-13,True
3295510,Entire home/apt,300.0,True,1,1,1,57,94,17,45,Malaga,2018-08-29,True
3297333,Private room,280.0,True,2,24,54,329,97,33,71,Madrid,2018-05-14,True
3305391,Private room,700.0,True,22,48,78,353,96,178,247,Girona,2020-06-29,True
3306010,Entire home/apt,870.0,True,4,9,9,28,67,3,6,Mallorca,2019-05-27,False
3306780,Private room,350.0,False,1,1,3,260,88,168,458,Barcelona,2017-07-06,True
3331046,Entire home/apt,600.0,False,1,8,12,215,88,77,23,Barcelona,2017-04-08,True
3331198,Entire home/apt,1790.0,True,30,45,53,139,96,16,36,Mallorca,2018-04-18,True
3337390,Entire home/apt,1000.0,False,7,27,27,27,,0,,Barcelona,2017-07-06,
3349247,Entire home/apt,800.0,True,23,53,83,337,94,29,58,Girona,2019-08-31,True
3352293,Private room,300.0,True,0,0,0,0,93,24,59,Barcelona,2017-11-13,True
3355955,Private room,390.0,True,0,0,0,0,96,195,256,Madrid,2020-10-17,True
3357564,Entire home/apt,1650.0,True,29,54,80,355,80,2,8,Barcelona,2018-01-17,True
3358639,Private room,200.0,True,0,0,9,232,95,330,488,Madrid,2020-01-10,True
3360717,Entire home/apt,760.0,True,8,24,37,280,97,36,79,Girona,2018-04-21,True
3365438,Entire home/apt,1650.0,True,25,55,85,360,90,2,6,Barcelona,2019-02-06,True
3366794,Entire home/apt,600.0,True,8,21,51,326,87,23,44,Mallorca,2019-08-31,True
3367356,Entire home/apt,2990.0,True,24,42,68,319,94,137,198,Barcelona,2020-03-16,True
3375441,Entire home/apt,2840.0,True,22,47,77,346,87,3,8,Mallorca,2018-09-18,True
3380578,Entire home/apt,3950.0,True,20,38,59,325,100,2,4,Girona,2019-08-31,True
3381765,Entire home/apt,800.0,True,8,8,12,12,96,15,39,Madrid,2018-08-14,True
3382429,Private room,230.0,True,29,59,89,364,87,35,187,Barcelona,2021-01-12,True
3392606,Private room,590.0,True,0,1,4,258,95,71,123,Barcelona,2019-05-14,True
3393502,Entire home/apt,700.0,True,10,40,60,330,96,47,98,Barcelona,2018-12-10,True
3396940,Entire home/apt,550.0,True,0,0,3,157,94,45,72,Malaga,2019-09-01,True
3437355,Entire home/apt,900.0,False,10,10,10,10,87,9,46,Barcelona,2017-02-09,True
3445805,Entire home/apt,690.0,True,29,59,89,364,97,6,14,Madrid,2019-01-14,True
3448147,Private room,250.0,True,19,49,72,347,93,151,276,Sevilla,2019-09-30,True
3453772,Private room,250.0,True,0,3,4,252,94,38,73,Barcelona,2018-11-07,True
3454239,Entire home/apt,740.0,True,29,47,47,50,97,12,49,Barcelona,2020-10-12,True
3454527,Entire home/apt,800.0,True,2,32,62,305,92,48,61,Girona,2021-01-31,True
3461009,Shared room,590.0,True,5,21,44,49,,0,,Mallorca,2020-05-28,
3472196,Entire home/apt,1100.0,True,0,12,42,127,78,13,28,Barcelona,2018-07-10,False
3473811,Entire home/apt,3000.0,True,10,10,34,309,83,6,1,Mallorca,2019-08-31,True
3474270,Entire home/apt,1980.0,True,19,36,66,89,96,15,78,Barcelona,2019-12-10,True
3478893,Entire home/apt,750.0,True,0,0,0,74,90,187,357,Madrid,2019-01-14,True
3486515,Entire home/apt,800.0,True,20,50,73,312,84,38,69,Girona,2019-02-19,True
3486890,Private room,500.0,False,4,6,34,309,84,5,14,Barcelona,2017-07-06,True
3496538,Private room,190.0,False,3,14,44,319,96,20,76,Barcelona,2017-05-07,True
3502046,Entire home/apt,790.0,False,11,15,37,312,78,9,529,Barcelona,2017-06-05,False
3504143,Entire home/apt,550.0,True,27,57,77,316,82,28,61,Girona,2018-04-21,True
3505101,Private room,400.0,False,29,59,89,364,,0,,Barcelona,2017-03-06,
3507362,Entire home/apt,900.0,True,26,29,32,140,93,14,33,Barcelona,2020-03-16,True
3507552,Private room,370.0,True,30,57,81,341,94,163,281,Barcelona,2020-03-16,True
3515468,Private room,260.0,True,0,0,0,256,94,41,96,Madrid,2019-02-06,True
3517921,Entire home/apt,690.0,True,0,0,0,0,95,125,179,Madrid,2020-05-14,True
3519688,Entire home/apt,800.0,True,0,0,0,0,80,2,20,Madrid,2018-05-14,True
3524968,Private room,390.0,True,16,46,76,76,96,21,74,Barcelona,2019-09-17,True
3525932,Entire home/apt,500.0,True,1,17,40,162,91,10,41,Girona,2019-05-29,True
3535864,Entire home/apt,1100.0,True,17,47,77,352,94,421,607,Barcelona,2020-05-11,True
3546336,Private room,1900.0,True,0,0,0,0,98,9,13,Barcelona,2020-06-13,True
3556913,Entire home/apt,1370.0,True,27,57,87,317,69,7,13,Barcelona,2020-06-13,False
3559666,Entire home/apt,1050.0,True,3,15,25,100,97,226,338,Barcelona,2020-03-16,True
3562298,Entire home/apt,500.0,False,3,7,12,275,86,117,328,Barcelona,2017-07-06,True
3566697,Entire home/apt,540.0,True,1,4,34,280,91,20,35,Girona,2019-12-31,True
3576884,Entire home/apt,1000.0,True,20,50,80,171,89,29,59,Girona,2018-08-30,True
3578960,Entire home/apt,950.0,True,1,1,1,1,92,12,16,Girona,2020-11-28,True
3583512,Entire home/apt,550.0,True,17,47,77,164,87,170,291,Barcelona,2019-05-14,True
3584830,Entire home/apt,1090.0,True,4,10,18,258,98,230,408,Madrid,2019-04-11,True
3588117,Private room,250.0,True,2,20,50,315,84,250,447,Madrid,2019-09-19,True
3589257,Private room,650.0,True,29,59,89,364,95,25,34,Barcelona,2020-11-06,True
3591001,Entire home/apt,1600.0,True,30,60,84,359,96,26,37,Girona,2020-04-30,True
3592556,Private room,450.0,True,0,0,0,0,90,3,4,Madrid,2020-03-17,True
3593609,Private room,340.0,True,17,41,41,41,91,81,197,Barcelona,2017-12-09,True
3598284,Entire home/apt,920.0,True,0,13,40,315,90,2,16,Girona,2018-07-31,True
3599402,Private room,200.0,True,0,0,0,0,100,6,14,Madrid,2019-11-09,True
3626464,Hotel room,400.0,True,29,59,89,186,85,90,133,Malaga,2020-05-31,True
3631912,Entire home/apt,1990.0,True,30,56,86,347,93,14,27,Mallorca,2018-11-20,True
3634997,Entire home/apt,1190.0,True,5,18,33,239,77,69,109,Barcelona,2019-10-16,False
3641337,Private room,400.0,True,24,54,81,352,94,200,384,Barcelona,2018-12-10,True
3643732,Entire home/apt,4700.0,True,30,60,87,308,91,50,77,Mallorca,2020-02-29,True
3653355,Entire home/apt,300.0,True,29,59,89,364,85,263,35,Madrid,2020-11-06,True
3658759,Private room,750.0,True,28,58,88,363,,0,,Valencia,2020-10-24,
3683800,Entire home/apt,650.0,True,27,57,87,338,90,2,15,Girona,2018-09-28,True
3685880,Private room,350.0,False,0,0,0,0,89,27,76,Barcelona,2017-07-06,True
3691083,Private room,450.0,True,0,0,0,0,100,1,2,Barcelona,2018-11-07,True
3691270,Entire home/apt,1150.0,True,20,50,72,219,100,1,2,Mallorca,2019-01-28,True
3691867,Entire home/apt,1000.0,True,16,34,45,320,96,225,537,Madrid,2018-01-17,True
3692920,Entire home/apt,850.0,True,29,59,89,364,70,2,5,Girona,2018-09-28,False
3696539,Entire home/apt,1100.0,True,16,20,22,216,98,54,86,Mallorca,2020-02-29,True
3699971,Private room,300.0,True,0,0,0,0,88,5,63,Barcelona,2018-04-12,True
3701970,Entire home/apt,610.0,True,25,55,85,360,85,25,51,Menorca,2018-08-29,True
3706498,Entire home/apt,2750.0,True,3,3,29,290,93,16,4,Menorca,2018-09-28,True
3735449,Entire home/apt,1270.0,False,9,9,10,281,91,7,21,Barcelona,2017-05-07,True
3739160,Private room,150.0,True,0,0,1,1,97,12,43,Sevilla,2019-07-29,True
3757544,Entire home/apt,1100.0,False,10,28,40,97,96,38,12,Mallorca,2017-03-15,True
3760411,Private room,1050.0,True,10,14,14,48,91,15,27,Mallorca,2019-09-28,True
3764223,Private room,500.0,True,28,50,80,130,100,48,191,Malaga,2018-04-22,True
3764496,Entire home/apt,700.0,True,0,0,0,0,87,15,23,Madrid,2020-02-18,True
3770072,Entire home/apt,1000.0,True,0,18,32,283,96,129,203,Barcelona,2019-11-09,True
3771149,Private room,390.0,False,2,27,53,305,94,51,228,Barcelona,2017-01-04,True
3773519,Entire home/apt,1300.0,True,0,21,51,326,92,53,96,Valencia,2019-02-28,True
3776198,Private room,290.0,True,24,50,51,315,97,43,131,Barcelona,2017-11-13,True
3776211,Entire home/apt,400.0,False,0,0,0,0,90,2,6,Barcelona,2017-07-06,True
3776686,Entire home/apt,2050.0,True,29,49,72,325,93,175,254,Barcelona,2020-04-16,True
3780718,Entire home/apt,1090.0,True,30,60,90,181,88,15,35,Menorca,2019-12-31,True
3783948,Private room,260.0,False,29,59,86,361,99,31,103,Madrid,2017-03-06,True
3789390,Private room,200.0,True,1,30,60,62,100,4,1,Valencia,2019-03-31,True
3789444,Private room,450.0,False,0,0,0,0,,0,,Barcelona,2017-05-07,
3797696,Entire home/apt,2500.0,True,14,36,58,174,92,28,77,Barcelona,2018-02-07,True
3798387,Entire home/apt,1500.0,False,3,18,48,323,88,117,326,Barcelona,2017-08-06,True
3800639,Entire home/apt,290.0,True,2,7,13,247,91,117,199,Valencia,2019-07-01,True
3802228,Entire home/apt,1600.0,True,30,60,90,365,92,20,49,Girona,2018-11-26,True
3806708,Private room,1100.0,True,10,40,70,337,96,9,32,Mallorca,2018-09-18,True
3809219,Entire home/apt,950.0,True,12,42,67,290,98,62,309,Mallorca,2018-12-18,True
3810717,Entire home/apt,1100.0,False,0,0,0,0,97,6,33,Barcelona,2017-01-04,True
3816076,Private room,260.0,True,30,60,90,90,92,55,83,Madrid,2020-05-14,True
3826233,Entire home/apt,750.0,True,0,0,0,0,,0,,Barcelona,2017-10-07,
3826309,Entire home/apt,1080.0,True,30,60,72,267,96,38,62,Mallorca,2020-09-19,True
3827423,Private room,200.0,True,4,4,4,264,97,23,39,Madrid,2019-09-19,True
3845305,Private room,650.0,True,0,0,0,0,,0,,Barcelona,2017-10-07,
3846956,Private room,400.0,True,30,60,90,365,89,46,66,Barcelona,2021-01-12,True
3847290,Private room,890.0,False,30,57,87,357,100,1,2,Barcelona,2017-01-04,True
3853696,Private room,300.0,True,0,0,0,0,,0,,Malaga,2018-09-29,
3855575,Entire home/apt,1500.0,True,9,39,66,331,99,315,459,Barcelona,2020-05-11,True
3871145,Entire home/apt,1800.0,True,5,17,30,221,98,40,75,Barcelona,2019-10-16,True
3879404,Entire home/apt,1250.0,False,13,30,37,295,86,10,32,Barcelona,2017-05-07,True
3880175,Entire home/apt,800.0,True,29,59,89,333,93,38,75,Girona,2019-02-19,True
3880319,Entire home/apt,550.0,False,12,21,34,286,93,39,125,Madrid,2017-04-08,True
3888649,Private room,400.0,True,0,0,0,0,,0,,Menorca,2019-05-30,
3896109,Private room,290.0,True,13,34,62,246,89,179,325,Barcelona,2019-03-08,True
3903082,Entire home/apt,1200.0,False,13,39,69,344,94,14,55,Barcelona,2017-04-08,True
3907905,Private room,490.0,False,30,60,90,365,53,6,31,Barcelona,2017-03-06,False
3911744,Entire home/apt,800.0,True,8,27,57,332,79,32,72,Barcelona,2018-05-14,False
3916107,Private room,250.0,True,0,0,0,0,,0,,Barcelona,2018-02-07,
3919665,Entire home/apt,2000.0,True,28,58,88,363,100,12,3,Mallorca,2018-11-20,True
3922394,Entire home/apt,490.0,False,0,0,0,0,90,50,168,Barcelona,2017-02-09,True
3923206,Entire home/apt,1860.0,False,12,29,38,238,100,3,17,Mallorca,2017-03-15,True
3927638,Entire home/apt,500.0,True,1,28,51,320,85,65,174,Barcelona,2017-10-07,True
3933737,Entire home/apt,1450.0,True,3,24,29,77,80,1,2,Mallorca,2020-03-22,True
3938824,Entire home/apt,690.0,True,11,29,38,46,89,57,87,Madrid,2020-01-10,True
3942375,Entire home/apt,1550.0,True,3,7,12,270,97,67,147,Barcelona,2018-07-10,True
3942411,Private room,380.0,True,0,0,0,0,91,86,226,Barcelona,2017-11-13,True
3942917,Private room,880.0,True,25,55,85,358,98,88,176,Mallorca,2018-10-17,True
3943443,Private room,350.0,True,0,0,0,0,95,4,8,Barcelona,2018-08-14,True
3948967,Entire home/apt,1140.0,False,6,9,18,253,93,103,446,Barcelona,2017-03-06,True
3950979,Entire home/apt,820.0,False,20,39,46,261,94,7,29,Madrid,2017-03-06,True
3970654,Private room,550.0,False,21,51,81,150,92,93,306,Barcelona,2017-03-06,True
3992145,Entire home/apt,1300.0,True,29,59,89,364,100,2,5,Malaga,2017-11-25,True
3992649,Entire home/apt,1000.0,True,0,15,45,320,100,2,9,Barcelona,2020-07-17,True
4000081,Private room,150.0,True,0,0,0,0,100,2,88,Madrid,2019-03-08,True
4015522,Entire home/apt,800.0,True,30,60,90,365,90,29,92,Girona,2019-03-30,True
4026797,Entire home/apt,650.0,True,30,60,90,181,73,3,23,Girona,2019-08-31,False
4028518,Entire home/apt,950.0,True,29,36,46,204,99,475,712,Barcelona,2020-03-16,True
4029838,Entire home/apt,900.0,True,2,14,30,264,96,126,35,Barcelona,2017-10-07,True
4032873,Entire home/apt,600.0,True,30,60,90,365,97,6,12,Mallorca,2019-01-28,True
4042494,Private room,450.0,False,0,0,0,0,91,17,55,Barcelona,2017-05-07,True
4065756,Private room,500.0,False,1,20,28,269,82,21,66,Barcelona,2017-06-05,True
4066844,Entire home/apt,900.0,True,4,34,64,155,93,152,323,Malaga,2018-09-29,True
4068098,Entire home/apt,1800.0,True,12,21,48,323,93,48,125,Barcelona,2018-06-09,True
4075560,Private room,490.0,False,0,0,0,219,86,9,41,Madrid,2017-04-08,True
4079428,Entire home/apt,1300.0,True,2,10,10,173,95,8,23,Mallorca,2018-09-18,True
4079653,Entire home/apt,490.0,True,29,59,89,179,90,76,161,Malaga,2021-02-27,True
4082346,Private room,300.0,True,30,60,90,365,82,80,122,Sevilla,2020-06-29,True
4087574,Entire home/apt,750.0,False,12,35,61,333,100,6,2,Madrid,2017-04-08,True
4090679,Entire home/apt,600.0,True,26,56,86,361,88,37,91,Mallorca,2019-01-28,True
4097748,Entire home/apt,1200.0,True,17,41,61,317,86,10,2,Valencia,2019-10-31,True
4123060,Entire home/apt,780.0,True,30,60,85,322,92,23,10,Barcelona,2020-08-24,True
4146455,Entire home/apt,1000.0,True,29,45,67,242,93,23,33,Mallorca,2020-06-25,True
4149400,Entire home/apt,1350.0,True,1,1,23,290,98,76,116,Mallorca,2020-09-19,True
4150857,Private room,770.0,True,26,56,86,86,,0,,Barcelona,2019-02-06,
4161286,Private room,200.0,True,0,0,16,31,,0,,Madrid,2020-04-17,
4166058,Entire home/apt,300.0,True,24,54,74,86,85,102,269,Barcelona,2017-11-13,True
4178114,Entire home/apt,1510.0,True,0,16,46,314,100,6,1,Mallorca,2019-07-25,True
4186859,Entire home/apt,900.0,True,0,0,0,207,93,86,15,Valencia,2020-10-24,True
4187115,Entire home/apt,1700.0,True,8,8,35,295,95,23,39,Mallorca,2020-06-25,True
4187665,Private room,250.0,True,0,0,0,0,89,65,9,Mallorca,2020-09-19,True
4192924,Entire home/apt,910.0,True,0,0,0,63,,0,,Girona,2020-12-31,
4202082,Private room,330.0,True,30,60,90,365,86,10,31,Madrid,2018-01-17,True
4209027,Private room,290.0,True,0,17,47,47,80,98,294,Barcelona,2018-01-17,True
4210151,Private room,350.0,True,30,60,90,365,91,16,46,Barcelona,2017-12-09,True
4256038,Entire home/apt,850.0,True,16,37,67,311,89,103,255,Barcelona,2018-02-07,True
4256300,Entire home/apt,500.0,True,4,22,50,316,94,127,278,Malaga,2018-07-31,True
4299561,Entire home/apt,450.0,True,19,29,56,178,91,137,367,Barcelona,2017-11-13,True
4309709,Entire home/apt,1000.0,False,1,27,45,53,97,47,172,Madrid,2017-03-06,True
4322074,Entire home/apt,950.0,True,0,0,0,0,95,5,11,Girona,2018-10-20,True
4323108,Entire home/apt,650.0,False,6,21,41,312,92,90,309,Mallorca,2017-03-15,True
4327985,Entire home/apt,990.0,True,30,60,90,330,98,46,97,Valencia,2019-02-28,True
4332917,Private room,430.0,True,9,18,48,281,97,218,369,Barcelona,2019-11-09,True
4340187,Entire home/apt,630.0,True,0,0,0,125,96,20,32,Madrid,2020-02-18,True
4344370,Hotel room,1850.0,True,6,28,49,154,98,19,3,Barcelona,2020-03-16,True
4344409,Entire home/apt,1750.0,True,6,20,50,325,100,4,14,Barcelona,2017-09-12,True
4351098,Private room,280.0,True,2,2,28,303,87,47,93,Sevilla,2019-06-29,True
4377210,Entire home/apt,900.0,True,29,55,79,282,100,2,7,Girona,2019-11-30,True
4377983,Entire home/apt,1250.0,True,1,5,20,283,93,39,10,Mallorca,2018-08-21,True
4380982,Entire home/apt,970.0,True,27,57,87,357,93,226,332,Barcelona,2020-09-12,True
4390409,Entire home/apt,1300.0,True,14,35,38,126,90,2,4,Mallorca,2020-01-29,True
4399271,Entire home/apt,2400.0,False,7,19,36,127,95,20,137,Barcelona,2017-07-06,True
4401797,Entire home/apt,790.0,False,9,24,44,319,,0,,Barcelona,2017-06-05,
4408617,Entire home/apt,810.0,True,16,31,38,260,89,124,197,Madrid,2020-01-10,True
4415780,Private room,250.0,False,0,0,0,0,88,5,6,Barcelona,2017-05-07,True
4425955,Entire home/apt,900.0,True,0,0,0,0,97,28,42,Mallorca,2021-01-16,True
4437209,Entire home/apt,1500.0,True,0,0,0,16,98,23,56,Madrid,2018-07-10,True
4440010,Shared room,200.0,True,24,54,84,359,91,11,119,Madrid,2019-04-11,True
4444415,Entire home/apt,1500.0,False,2,6,19,236,91,114,384,Barcelona,2017-05-07,True
4456730,Private room,280.0,True,0,0,0,0,94,58,95,Barcelona,2020-07-17,True
4466701,Entire home/apt,850.0,True,0,0,0,0,,0,,Madrid,2020-06-13,
4473361,Entire home/apt,900.0,True,9,27,37,37,100,27,62,Madrid,2018-10-10,True
4474561,Entire home/apt,1000.0,False,14,39,69,344,79,82,259,Barcelona,2017-08-06,False
4478098,Private room,290.0,True,12,36,61,328,83,242,706,Barcelona,2018-02-07,True
4478206,Entire home/apt,350.0,True,29,59,89,364,93,71,103,Malaga,2020-11-30,True
4497952,Entire home/apt,680.0,True,11,33,54,201,94,281,467,Sevilla,2019-10-30,True
4508556,Entire home/apt,1800.0,True,2,10,24,179,90,113,236,Barcelona,2019-04-10,True
4509281,Entire home/apt,1650.0,False,25,53,83,358,80,1,19,Barcelona,2017-06-05,True
4516377,Entire home/apt,920.0,True,16,44,66,333,87,12,18,Valencia,2020-08-30,True
4518901,Entire home/apt,550.0,True,6,30,51,215,93,59,346,Madrid,2018-09-11,True
4524409,Private room,420.0,True,0,0,10,10,85,73,237,Barcelona,2017-11-13,True
4525021,Entire home/apt,2650.0,False,0,0,0,0,100,1,5,Barcelona,2017-03-06,True
4541878,Private room,1010.0,True,27,57,87,362,98,25,43,Sevilla,2020-03-23,True
4543135,Entire home/apt,1000.0,True,1,22,52,327,95,8,55,Barcelona,2017-10-07,True
4543700,Entire home/apt,1600.0,True,25,53,83,358,100,1,94,Mallorca,2018-09-18,True
4577798,Private room,300.0,True,28,58,88,363,91,36,107,Barcelona,2018-02-07,True
4577996,Entire home/apt,5000.0,True,0,6,35,244,93,4,14,Girona,2019-07-29,True
4578116,Entire home/apt,490.0,True,27,57,68,68,96,206,286,Sevilla,2020-10-29,True
4588053,Private room,390.0,False,0,0,0,0,,0,,Barcelona,2017-06-05,
4603821,Private room,600.0,True,26,56,86,107,98,21,62,Barcelona,2018-02-07,True
4619484,Entire home/apt,750.0,True,15,31,53,318,90,4,7,Valencia,2019-11-30,True
4629577,Entire home/apt,700.0,True,26,54,84,302,97,7,15,Girona,2019-12-31,True
4634674,Entire home/apt,650.0,True,14,29,52,142,96,231,406,Madrid,2019-08-12,True
4638054,Private room,700.0,True,0,0,0,228,96,140,199,Barcelona,2020-10-12,True
4640626,Entire home/apt,450.0,True,7,27,49,291,92,92,159,Girona,2019-09-30,True
4643651,Entire home/apt,610.0,True,21,44,69,69,92,91,179,Mallorca,2019-02-17,True
4648324,Entire home/apt,1680.0,False,29,59,89,364,100,1,16,Barcelona,2017-02-09,True
4656142,Private room,300.0,False,19,45,75,75,92,85,311,Madrid,2017-03-06,True
4657305,Entire home/apt,500.0,True,28,58,88,363,80,2,5,Malaga,2018-10-25,True
4661632,Entire home/apt,700.0,True,0,2,11,35,96,85,164,Mallorca,2019-07-25,True
4688048,Private room,350.0,True,1,1,1,1,86,108,201,Barcelona,2019-06-07,True
4690195,Entire home/apt,1680.0,False,30,60,90,362,100,1,7,Barcelona,2017-01-04,True
4704835,Private room,250.0,False,0,11,41,41,100,15,63,Madrid,2017-04-08,True
4712168,Entire home/apt,1250.0,True,8,30,60,316,75,12,3,Barcelona,2018-09-11,False
4716699,Entire home/apt,610.0,True,0,0,0,0,70,3,5,Madrid,2020-08-25,False
4723835,Private room,200.0,True,3,9,23,59,90,225,429,Barcelona,2019-04-10,True
4727529,Private room,800.0,True,3,3,3,258,94,35,56,Sevilla,2020-03-23,True
4742605,Entire home/apt,2000.0,True,0,8,10,164,92,31,63,Barcelona,2019-03-08,True
4754971,Private room,300.0,True,0,0,0,0,,0,,Madrid,2021-02-09,
4766850,Private room,300.0,True,0,0,0,0,80,1,8,Barcelona,2019-10-16,True
4798571,Entire home/apt,1460.0,True,4,6,35,184,83,8,15,Madrid,2019-06-07,True
4799313,Entire home/apt,1000.0,True,3,20,46,321,,0,,Girona,2018-07-31,
4799940,Entire home/apt,470.0,True,30,60,90,365,95,27,47,Madrid,2020-06-13,True
4800764,Entire home/apt,1650.0,True,25,55,85,360,92,25,61,Sevilla,2018-08-27,True
4806720,Entire home/apt,900.0,False,26,48,63,315,80,2,9,Barcelona,2017-01-04,True
4807291,Entire home/apt,1250.0,True,1,2,10,268,,0,,Girona,2019-06-30,
4808681,Entire home/apt,870.0,False,0,0,0,0,96,5,16,Barcelona,2017-08-06,True
4810134,Private room,240.0,True,5,16,34,235,95,62,113,Barcelona,2019-07-10,True
4835410,Entire home/apt,1110.0,True,0,1,6,26,,0,,Mallorca,2019-04-24,
4836253,Entire home/apt,1500.0,True,0,0,0,225,98,24,58,Mallorca,2018-11-20,True
4838412,Entire home/apt,1200.0,True,0,0,0,217,100,29,55,Mallorca,2019-11-28,True
4845328,Private room,550.0,True,17,42,72,72,71,9,85,Barcelona,2019-05-14,False
4845783,Entire home/apt,250.0,True,19,21,21,21,97,49,99,Girona,2019-03-30,True
4847335,Entire home/apt,1900.0,True,0,0,0,0,,2,5,Mallorca,2018-07-29,
4851657,Entire home/apt,450.0,True,29,59,89,89,94,93,183,Valencia,2020-09-28,True
4853973,Entire home/apt,900.0,False,22,52,78,343,82,58,251,Barcelona,2017-02-09,True
4854155,Entire home/apt,1310.0,True,9,9,9,249,,0,,Mallorca,2018-07-29,
4862193,Private room,450.0,False,0,0,0,0,100,2,1,Barcelona,2017-04-08,True
4865762,Entire home/apt,3000.0,True,5,5,7,251,99,36,73,Mallorca,2019-05-27,True
4867204,Entire home/apt,1000.0,True,14,44,74,349,91,15,46,Barcelona,2017-09-12,True
4871618,Entire home/apt,700.0,True,30,60,90,362,96,187,328,Girona,2019-08-31,True
4877066,Entire home/apt,1210.0,True,2,2,2,177,96,11,21,Mallorca,2019-10-28,True
4918963,Entire home/apt,2490.0,True,0,0,0,238,100,2,4,Mallorca,2019-11-28,True
4926975,Entire home/apt,640.0,True,26,56,83,248,77,6,17,Barcelona,2018-10-10,False
4927074,Entire home/apt,1100.0,True,0,0,0,0,92,67,129,Girona,2019-07-29,True
4927700,Private room,140.0,True,16,46,76,76,94,48,134,Madrid,2018-04-12,True
4929107,Entire home/apt,1170.0,True,30,60,90,337,97,28,63,Menorca,2019-11-30,True
4930235,Entire home/apt,1200.0,True,26,52,82,353,84,26,59,Barcelona,2018-11-07,True
4934110,Entire home/apt,570.0,True,0,0,1,135,96,41,83,Mallorca,2019-10-28,True
4960267,Entire home/apt,3500.0,True,29,59,89,364,100,1,3,Mallorca,2018-09-18,True
4964191,Private room,990.0,True,28,58,88,163,92,33,67,Barcelona,2020-03-16,True
4969560,Entire home/apt,1000.0,True,0,0,0,0,,0,,Madrid,2018-09-11,
4970465,Entire home/apt,650.0,False,1,7,37,301,,0,,Barcelona,2017-07-06,
4970715,Entire home/apt,770.0,True,10,27,57,316,87,3,15,Barcelona,2018-01-17,True
4994458,Entire home/apt,2110.0,True,1,1,1,1,85,12,18,Menorca,2020-12-30,True
5008911,Entire home/apt,1060.0,True,10,15,45,257,100,22,51,Malaga,2018-10-25,True
5009532,Entire home/apt,2430.0,True,12,32,39,211,98,25,77,Mallorca,2019-03-25,True
5013240,Entire home/apt,1970.0,True,29,59,89,364,97,7,13,Mallorca,2020-09-19,True
5020100,Entire home/apt,570.0,True,28,58,69,69,86,16,25,Girona,2020-10-28,True
5026605,Entire home/apt,1800.0,True,3,3,23,276,,0,,Mallorca,2020-06-25,
5032172,Entire home/apt,340.0,True,1,20,50,208,70,4,1,Malaga,2018-07-31,False
5036733,Private room,230.0,True,9,39,69,344,88,68,155,Malaga,2018-08-29,True
5043462,Entire home/apt,2500.0,True,30,60,90,335,95,24,33,Girona,2021-01-31,True
5043875,Private room,400.0,True,30,60,90,365,,0,,Madrid,2018-09-11,
5049684,Entire home/apt,690.0,False,5,8,14,205,95,116,475,Barcelona,2017-02-09,True
5063884,Entire home/apt,690.0,True,0,14,44,319,89,7,2,Madrid,2018-05-14,True
5064630,Entire home/apt,960.0,True,15,15,15,258,100,3,6,Girona,2019-08-31,True
5064651,Private room,350.0,False,0,0,0,0,100,9,38,Barcelona,2017-03-06,True
5068436,Private room,300.0,True,28,58,88,178,88,48,113,Barcelona,2018-11-07,True
5068957,Private room,350.0,True,0,0,0,16,95,49,174,Barcelona,2020-12-16,True
5073874,Private room,250.0,True,12,42,72,72,91,31,76,Madrid,2019-01-14,True
5076064,Private room,320.0,True,10,17,47,322,97,61,111,Madrid,2019-12-10,True
5080749,Entire home/apt,1910.0,True,28,58,88,238,90,2,1,Barcelona,2020-07-17,True
5087833,Private room,400.0,True,0,0,0,0,77,8,17,Barcelona,2019-02-06,False
5093340,Private room,300.0,True,27,31,61,282,91,7,38,Barcelona,2018-01-17,True
5097642,Entire home/apt,3000.0,True,30,60,90,365,,0,,Madrid,2018-07-10,
5101904,Entire home/apt,1740.0,True,16,37,63,310,95,114,327,Barcelona,2018-02-07,True
5109208,Private room,3000.0,True,16,40,70,328,90,14,36,Girona,2018-07-31,True
5112614,Entire home/apt,1440.0,True,0,0,15,290,92,20,3,Girona,2020-10-28,True
5121791,Private room,750.0,True,0,0,0,0,,0,,Barcelona,2020-08-24,
5123133,Entire home/apt,550.0,True,0,0,0,254,93,11,28,Madrid,2018-04-12,True
5129075,Entire home/apt,400.0,True,28,58,79,338,93,24,39,Malaga,2020-04-30,True
5131206,Entire home/apt,950.0,True,3,3,3,37,93,111,26,Barcelona,2018-09-11,True
5138812,Entire home/apt,1150.0,True,0,1,31,249,96,5,11,Menorca,2019-12-31,True
5141070,Entire home/apt,1550.0,True,10,24,54,80,92,10,23,Barcelona,2018-09-11,True
5144502,Entire home/apt,1250.0,True,0,0,0,9,80,1,3,Valencia,2019-07-01,True
5146545,Entire home/apt,800.0,True,5,6,6,229,100,5,179,Madrid,2018-04-12,True
5155124,Entire home/apt,1250.0,True,7,7,23,220,99,63,17,Madrid,2018-04-12,True
5158395,Entire home/apt,2450.0,True,0,8,38,313,98,16,24,Girona,2021-01-31,True
5169919,Entire home/apt,1500.0,True,7,11,28,256,100,3,8,Mallorca,2018-08-21,True
5181073,Entire home/apt,890.0,True,9,36,66,315,98,39,72,Mallorca,2020-09-19,True
5187796,Shared room,120.0,True,30,57,78,353,88,36,94,Barcelona,2018-06-09,True
5187953,Entire home/apt,2240.0,True,29,59,89,330,91,17,45,Girona,2018-09-28,True
5188478,Entire home/apt,2000.0,True,30,54,67,103,90,7,15,Menorca,2019-05-01,True
5192467,Entire home/apt,950.0,True,29,59,89,179,100,3,5,Madrid,2020-07-17,True
5198621,Entire home/apt,1000.0,True,12,42,72,347,,0,,Girona,2019-07-29,
5210987,Private room,300.0,True,0,0,22,297,,0,,Madrid,2020-03-17,
5215028,Entire home/apt,750.0,True,0,0,0,66,77,20,39,Barcelona,2019-06-07,False
5215853,Entire home/apt,950.0,True,0,0,0,237,96,30,84,Madrid,2018-01-17,True
5218192,Private room,300.0,True,12,38,68,68,93,16,56,Barcelona,2017-09-12,True
5224249,Entire home/apt,700.0,True,2,16,36,64,75,16,27,Menorca,2020-05-31,False
5228021,Entire home/apt,1700.0,True,26,34,54,315,98,269,43,Barcelona,2020-05-11,True
5232972,Entire home/apt,610.0,True,6,35,65,340,100,6,119,Girona,2018-08-30,True
5237965,Entire home/apt,1800.0,True,18,20,48,323,97,7,32,Girona,2020-06-29,True
5240114,Private room,250.0,False,17,37,59,59,96,28,119,Barcelona,2017-02-09,True
5241415,Entire home/apt,950.0,True,0,0,0,190,100,15,66,Madrid,2019-07-10,True
5244452,Entire home/apt,530.0,True,25,53,79,350,91,189,34,Malaga,2019-10-31,True
5247783,Entire home/apt,940.0,True,0,13,43,296,94,72,107,Barcelona,2021-01-12,True
5259603,Private room,800.0,True,0,0,0,0,95,47,8,Barcelona,2019-12-10,True
5261063,Entire home/apt,400.0,True,25,55,85,179,82,53,128,Madrid,2018-07-10,True
5264948,Entire home/apt,390.0,True,8,23,40,70,90,311,696,Madrid,2018-11-07,True
5276540,Private room,280.0,True,0,0,0,0,95,19,43,Barcelona,2019-11-09,True
5278909,Entire home/apt,590.0,True,30,60,90,365,91,35,49,Madrid,2021-01-12,True
5279761,Entire home/apt,540.0,True,19,49,79,119,91,81,193,Girona,2018-08-30,True
5284848,Entire home/apt,1460.0,True,24,54,84,218,99,73,155,Mallorca,2019-12-31,True
5285496,Private room,440.0,True,0,0,7,7,99,30,84,Barcelona,2018-02-07,True
5301455,Entire home/apt,490.0,True,3,6,17,230,95,284,574,Madrid,2019-04-11,True
5308735,Private room,410.0,True,14,32,37,242,73,3,8,Madrid,2018-01-17,False
5310554,Entire home/apt,3350.0,True,17,17,17,221,89,9,32,Mallorca,2018-10-17,True
5312035,Entire home/apt,840.0,True,0,28,53,147,95,41,77,Barcelona,2020-04-16,True
5313039,Entire home/apt,500.0,True,4,28,55,330,93,101,169,Madrid,2020-02-18,True
5313215,Entire home/apt,4280.0,True,26,56,86,361,,0,,Mallorca,2020-09-19,
5327097,Entire home/apt,3200.0,False,9,25,33,124,93,29,11,Barcelona,2017-05-07,True
5327846,Entire home/apt,900.0,True,12,42,72,347,98,10,29,Madrid,2018-07-10,True
5335779,Entire home/apt,2250.0,True,0,0,0,0,100,2,5,Barcelona,2018-05-14,True
5337674,Entire home/apt,990.0,True,14,29,53,295,96,204,385,Barcelona,2019-08-12,True
5340961,Entire home/apt,1300.0,True,13,29,47,57,100,1,3,Mallorca,2019-07-25,True
5344630,Entire home/apt,1090.0,True,19,31,43,126,96,227,425,Madrid,2019-08-12,True
5351752,Entire home/apt,390.0,True,3,9,17,209,93,399,845,Malaga,2019-01-30,True
5352903,Private room,440.0,True,0,0,0,200,96,28,328,Barcelona,2018-01-17,True
5356758,Private room,530.0,True,3,3,3,3,,0,,Barcelona,2017-10-07,
5370582,Entire home/apt,700.0,False,12,15,17,235,87,67,28,Barcelona,2017-02-09,True
5371933,Entire home/apt,4800.0,True,4,29,59,123,99,15,3,Girona,2019-07-29,True
5388904,Private room,1000.0,True,0,0,0,0,80,1,1,Barcelona,2021-01-12,True
5393782,Private room,350.0,True,15,42,68,340,100,16,71,Malaga,2018-04-22,True
5397890,Entire home/apt,400.0,True,20,43,73,73,94,94,167,Malaga,2019-10-31,True
5398314,Entire home/apt,1290.0,True,14,36,58,313,96,129,237,Barcelona,2020-02-16,True
5399089,Private room,200.0,True,2,2,2,2,90,4,9,Sevilla,2020-04-30,True
5404095,Private room,600.0,False,8,26,40,309,95,122,515,Barcelona,2017-02-09,True
5407955,Private room,430.0,False,1,18,20,22,95,66,253,Barcelona,2017-05-07,True
5408781,Entire home/apt,350.0,True,30,60,90,349,,0,,Girona,2020-03-26,
5417854,Entire home/apt,750.0,True,0,0,0,0,97,25,58,Mallorca,2019-03-25,True
5437526,Private room,250.0,True,27,28,58,333,95,11,24,Madrid,2019-08-12,True
5442567,Entire home/apt,1060.0,True,0,0,0,0,100,4,9,Girona,2019-02-19,True
5442955,Entire home/apt,440.0,True,28,50,80,122,87,105,237,Mallorca,2018-11-20,True
5448590,Entire home/apt,1850.0,True,30,60,90,365,88,34,52,Mallorca,2020-09-19,True
5453120,Private room,1500.0,True,29,59,89,364,80,2,4,Barcelona,2020-01-10,True
5454114,Entire home/apt,2300.0,True,25,50,73,296,86,23,42,Valencia,2019-12-31,True
5468360,Entire home/apt,530.0,True,28,58,88,329,91,47,87,Girona,2019-10-30,True
5485338,Entire home/apt,250.0,False,0,0,0,0,91,41,142,Barcelona,2017-08-06,True
5486086,Entire home/apt,700.0,True,5,25,52,57,87,44,89,Madrid,2019-04-11,True
5486531,Entire home/apt,2530.0,True,29,29,29,29,80,1,7,Girona,2018-09-28,True
5506779,Private room,150.0,True,10,10,10,130,97,76,151,Valencia,2019-05-01,True
5507860,Entire home/apt,660.0,True,15,15,32,183,98,47,74,Valencia,2020-05-31,True
5520794,Entire home/apt,550.0,True,0,0,0,0,,0,,Barcelona,2017-12-09,
5523982,Entire home/apt,1850.0,True,0,0,0,0,97,6,13,Mallorca,2020-02-29,True
5527362,Entire home/apt,850.0,False,7,15,32,241,92,5,35,Mallorca,2017-03-15,True
5529487,Private room,350.0,True,0,0,0,272,92,10,35,Barcelona,2017-10-07,True
5542982,Entire home/apt,350.0,True,24,48,78,353,,1,37,Madrid,2019-04-11,
5545556,Entire home/apt,950.0,True,24,54,84,84,93,9,29,Sevilla,2018-04-21,True
5546662,Entire home/apt,1100.0,True,29,59,89,272,86,18,28,Mallorca,2020-10-21,True
5551464,Entire home/apt,1950.0,True,30,60,90,365,95,48,67,Girona,2021-02-27,True
5551872,Entire home/apt,3750.0,True,0,0,0,61,100,1,15,Mallorca,2019-02-17,True
5568602,Private room,200.0,False,0,0,8,273,95,72,282,Barcelona,2017-05-07,True
5578177,Entire home/apt,900.0,True,0,0,0,237,98,76,144,Valencia,2019-09-01,True
5579874,Entire home/apt,800.0,True,0,0,0,0,90,9,14,Mallorca,2020-08-28,True
5586372,Private room,290.0,True,9,28,58,58,95,100,31,Barcelona,2017-12-09,True
5597576,Entire home/apt,450.0,True,2,32,52,327,98,146,465,Girona,2018-07-31,True
5601684,Entire home/apt,1200.0,True,0,0,0,0,100,11,21,Girona,2020-10-28,True
5610477,Entire home/apt,800.0,True,26,44,53,328,88,24,41,Menorca,2020-05-31,True
5611639,Entire home/apt,620.0,True,12,12,12,225,93,29,83,Madrid,2018-08-14,True
5623585,Entire home/apt,1100.0,True,4,15,40,45,93,9,37,Mallorca,2018-07-29,True
5636225,Entire home/apt,720.0,True,5,26,56,250,97,111,218,Sevilla,2019-05-29,True
5645802,Entire home/apt,1250.0,False,10,27,27,159,,0,,Barcelona,2017-05-07,
5649274,Private room,250.0,True,24,54,84,359,91,21,59,Girona,2018-10-20,True
5654704,Entire home/apt,410.0,True,4,34,64,339,87,161,224,Madrid,2021-02-09,True
5655098,Private room,790.0,True,8,33,61,330,81,94,223,Barcelona,2018-09-11,True
5657279,Entire home/apt,810.0,True,7,19,34,277,95,36,97,Mallorca,2018-04-18,True
5658492,Entire home/apt,500.0,True,20,44,70,337,91,88,158,Malaga,2019-10-31,True
5663835,Entire home/apt,2250.0,True,25,49,79,351,90,4,9,Madrid,2019-05-14,True
5667039,Entire home/apt,800.0,True,0,0,29,304,100,23,41,Mallorca,2019-12-31,True
5668662,Entire home/apt,600.0,True,0,0,6,281,96,110,231,Madrid,2019-03-08,True
5675916,Private room,580.0,True,14,28,55,326,88,60,127,Barcelona,2019-04-10,True
5677523,Entire home/apt,1450.0,True,11,39,66,211,95,133,239,Madrid,2019-10-16,True
5678550,Entire home/apt,500.0,True,23,53,83,211,98,22,5,Mallorca,2019-03-25,True
5683218,Entire home/apt,1050.0,True,30,44,62,210,98,166,271,Barcelona,2020-04-16,True
5689004,Entire home/apt,600.0,False,7,25,48,105,93,35,125,Barcelona,2017-08-06,True
5689424,Entire home/apt,590.0,True,0,0,0,273,88,48,67,Sevilla,2021-02-27,True
5693344,Entire home/apt,600.0,True,7,7,7,7,95,81,143,Malaga,2019-11-30,True
5695543,Private room,220.0,True,0,5,15,273,92,63,12,Malaga,2019-07-30,True
5695702,Entire home/apt,1890.0,True,1,2,2,43,100,7,2,Mallorca,2019-08-31,True
5702125,Entire home/apt,990.0,True,30,60,90,91,97,34,52,Madrid,2020-11-06,True
5705940,Entire home/apt,520.0,True,16,23,44,130,94,364,602,Sevilla,2020-03-23,True
5710984,Entire home/apt,640.0,True,8,37,57,322,92,5,9,Mallorca,2019-10-28,True
5717122,Entire home/apt,670.0,True,30,60,90,358,92,36,53,Girona,2021-02-27,True
5722694,Private room,280.0,True,0,0,16,291,84,51,138,Madrid,2018-05-14,True
5724813,Entire home/apt,1350.0,True,10,30,54,322,90,27,84,Barcelona,2018-01-17,True
5725371,Entire home/apt,730.0,True,0,0,0,270,94,17,42,Madrid,2018-09-11,True
5726048,Entire home/apt,800.0,False,9,13,24,257,77,18,8,Barcelona,2017-02-09,False
5732628,Entire home/apt,690.0,True,29,59,89,226,96,319,507,Sevilla,2020-05-30,True
5740305,Entire home/apt,500.0,True,10,39,69,341,91,60,13,Madrid,2019-01-14,True
5747822,Entire home/apt,650.0,True,28,41,51,326,88,8,23,Girona,2019-05-29,True
5754609,Hotel room,1200.0,True,21,40,62,294,60,2,4,Sevilla,2020-02-29,False
5760626,Entire home/apt,850.0,True,0,1,1,1,86,14,23,Madrid,2020-05-14,True
5780857,Private room,270.0,True,15,19,42,317,84,72,175,Barcelona,2018-08-14,True
5782306,Entire home/apt,440.0,True,22,52,82,146,99,444,644,Sevilla,2020-11-30,True
5789320,Entire home/apt,500.0,True,23,53,69,269,95,4,9,Mallorca,2019-03-25,True
5792576,Entire home/apt,690.0,True,18,45,75,217,96,144,339,Barcelona,2018-10-10,True
5792851,Entire home/apt,800.0,True,10,19,32,205,94,148,303,Barcelona,2019-04-10,True
5794235,Entire home/apt,500.0,True,0,0,0,259,96,138,202,Valencia,2021-02-20,True
5795378,Private room,290.0,True,30,60,90,361,87,199,288,Barcelona,2020-12-16,True
5808218,Entire home/apt,430.0,True,0,21,47,227,93,117,165,Sevilla,2021-01-31,True
5809291,Entire home/apt,2000.0,True,17,40,65,224,99,128,224,Mallorca,2019-12-31,True
5822353,Private room,320.0,False,5,5,5,277,93,42,172,Madrid,2017-04-08,True
5833631,Entire home/apt,1250.0,True,5,5,5,5,80,115,498,Barcelona,2017-10-07,True
5834041,Entire home/apt,800.0,True,17,47,77,167,94,40,77,Girona,2019-08-31,True
5834191,Entire home/apt,1290.0,True,30,60,90,180,60,2,3,Girona,2020-12-31,False
5834787,Private room,360.0,True,29,56,86,176,94,138,299,Barcelona,2019-01-14,True
5835250,Entire home/apt,800.0,True,27,54,77,327,95,73,122,Malaga,2020-04-30,True
5836908,Entire home/apt,1640.0,True,0,0,17,107,70,2,7,Girona,2018-10-20,False
5837003,Entire home/apt,1120.0,True,5,26,52,150,93,214,389,Barcelona,2019-10-16,True
5837152,Entire home/apt,950.0,True,0,12,33,273,100,10,34,Barcelona,2017-10-07,True
5842289,Private room,180.0,True,0,0,0,0,90,222,487,Barcelona,2019-03-08,True
5843257,Private room,500.0,True,30,60,90,365,89,18,61,Barcelona,2018-07-10,True
5854424,Private room,570.0,False,21,51,81,81,70,3,43,Barcelona,2017-07-06,False
5897260,Entire home/apt,850.0,True,11,41,71,346,87,15,45,Madrid,2018-04-12,True
5907982,Entire home/apt,890.0,True,10,22,45,311,92,84,286,Barcelona,2018-12-10,True
5916897,Private room,400.0,True,18,30,30,30,96,132,241,Barcelona,2019-11-09,True
5935568,Private room,450.0,True,0,0,0,0,,0,,Madrid,2018-11-07,
5937087,Private room,350.0,True,0,0,25,295,96,90,257,Girona,2018-04-21,True
5958368,Entire home/apt,950.0,True,18,26,31,36,86,35,131,Barcelona,2018-01-17,True
5963397,Entire home/apt,1200.0,True,30,53,70,317,83,8,24,Menorca,2018-04-21,True
5976186,Entire home/apt,1100.0,True,30,52,82,357,97,31,89,Madrid,2018-11-07,True
5977453,Entire home/apt,1100.0,True,17,42,72,341,96,52,131,Sevilla,2018-12-21,True
5986682,Entire home/apt,1000.0,True,28,58,88,363,93,16,41,Girona,2018-09-28,True
5994463,Entire home/apt,600.0,False,4,20,50,109,95,12,53,Madrid,2017-03-06,True
5994871,Entire home/apt,680.0,True,0,0,0,0,,0,,Madrid,2019-03-08,
5996208,Entire home/apt,240.0,True,30,60,90,332,85,162,269,Barcelona,2020-05-11,True
5997351,Entire home/apt,950.0,True,10,25,33,78,90,178,303,Barcelona,2020-02-16,True
5999753,Private room,350.0,False,0,0,0,221,93,29,135,Barcelona,2017-02-09,True
6000623,Entire home/apt,1450.0,True,0,0,0,167,97,26,77,Girona,2018-04-21,True
6000811,Entire home/apt,890.0,False,5,8,15,237,93,81,334,Barcelona,2017-05-07,True
6011968,Private room,1150.0,True,0,0,0,0,100,2,6,Girona,2020-05-28,True
6012959,Entire home/apt,700.0,True,0,0,0,86,87,3,1,Girona,2020-01-31,True
6028994,Entire home/apt,690.0,True,0,0,0,259,74,7,13,Valencia,2020-02-29,False
6034484,Entire home/apt,1330.0,True,30,47,53,259,94,65,112,Mallorca,2020-04-23,True
6037548,Private room,350.0,True,8,20,39,254,98,186,42,Sevilla,2018-12-21,True
6043569,Private room,200.0,True,0,0,0,0,,0,,Madrid,2019-03-08,
6058351,Entire home/apt,1400.0,False,30,48,67,341,90,43,189,Barcelona,2017-03-06,True
6060569,Entire home/apt,800.0,True,23,53,83,246,100,61,106,Mallorca,2021-02-11,True
6073393,Entire home/apt,750.0,True,0,0,0,83,91,27,59,Mallorca,2019-03-25,True
6083021,Private room,250.0,True,0,0,0,0,,0,,Barcelona,2018-10-10,
6103525,Entire home/apt,300.0,True,0,0,0,0,100,1,4,Barcelona,2017-11-13,True
6109659,Private room,300.0,True,0,0,0,219,96,17,35,Barcelona,2019-06-07,True
6139692,Private room,900.0,True,30,60,90,365,95,31,102,Barcelona,2017-12-09,True
6160263,Private room,180.0,True,11,41,71,346,86,44,65,Madrid,2021-01-12,True
6160553,Private room,250.0,True,10,29,48,299,97,85,232,Barcelona,2018-08-14,True
6166523,Private room,200.0,True,0,0,0,0,,0,,Barcelona,2018-11-07,
6175934,Private room,300.0,True,0,0,0,0,,0,,Madrid,2019-01-14,
6176958,Entire home/apt,1800.0,True,15,38,64,270,97,42,9,Barcelona,2019-03-08,True
6178385,Entire home/apt,600.0,True,0,12,42,317,95,5,11,Barcelona,2019-05-14,True
6179834,Private room,750.0,True,28,58,88,363,91,11,3,Girona,2018-07-31,True
6183651,Private room,380.0,True,12,32,54,54,97,175,311,Barcelona,2020-01-10,True
6184041,Entire home/apt,900.0,True,0,14,29,29,80,3,6,Girona,2019-07-29,True
6188369,Entire home/apt,700.0,False,0,0,0,0,100,3,13,Madrid,2017-04-08,True
6190322,Entire home/apt,470.0,True,5,15,33,293,96,156,309,Malaga,2019-07-30,True
6190687,Entire home/apt,1700.0,True,14,42,42,42,,0,,Girona,2018-08-30,
6191684,Entire home/apt,1870.0,True,18,42,72,305,100,2,7,Girona,2020-11-28,True
6199834,Entire home/apt,800.0,False,7,23,46,315,98,76,338,Madrid,2017-03-06,True
6225869,Private room,400.0,True,5,7,28,37,96,40,8,Menorca,2019-06-30,True
6229018,Entire home/apt,1480.0,True,25,25,25,25,99,145,235,Girona,2020-05-28,True
6230556,Private room,650.0,True,0,0,15,15,95,13,34,Barcelona,2018-07-10,True
6231153,Entire home/apt,490.0,True,30,60,90,342,93,44,68,Mallorca,2020-11-08,True
6232324,Entire home/apt,1000.0,True,27,57,87,362,65,5,2,Girona,2018-07-31,False
6235783,Entire home/apt,910.0,True,20,38,67,305,86,73,22,Barcelona,2018-02-07,True
6241802,Entire home/apt,600.0,False,28,52,74,310,87,19,95,Mallorca,2017-03-15,True
6246095,Private room,330.0,True,0,0,0,89,94,140,239,Girona,2020-02-29,True
6257970,Private room,700.0,True,0,0,0,0,,1,2,Barcelona,2020-01-10,
6263965,Entire home/apt,1500.0,True,30,60,90,365,97,162,259,Madrid,2020-08-25,True
6269523,Private room,430.0,True,1,4,12,22,86,27,74,Barcelona,2018-06-09,True
6270800,Private room,450.0,False,30,60,90,365,93,4,19,Barcelona,2017-02-09,True
6282421,Entire home/apt,1000.0,True,3,13,43,318,91,94,241,Mallorca,2018-08-21,True
6283743,Private room,310.0,True,1,10,26,296,92,240,574,Madrid,2018-10-10,True
6289283,Private room,250.0,True,26,48,78,95,93,461,78,Barcelona,2020-03-16,True
6300011,Entire home/apt,1200.0,True,0,0,0,151,90,20,36,Girona,2020-02-29,True
6307542,Entire home/apt,400.0,True,0,0,29,304,88,40,58,Madrid,2021-01-12,True
6309051,Entire home/apt,750.0,True,29,59,89,364,95,20,5,Girona,2018-08-30,True
6320391,Entire home/apt,1100.0,True,0,26,56,320,82,12,21,Girona,2020-03-26,True
6321358,Private room,320.0,True,27,57,87,353,92,64,11,Barcelona,2020-05-11,True
6324338,Entire home/apt,1200.0,True,14,19,29,300,96,41,87,Mallorca,2019-06-27,True
6338576,Entire home/apt,1200.0,True,19,39,64,278,87,3,9,Malaga,2019-01-30,True
6340399,Private room,600.0,True,18,18,18,182,87,12,43,Barcelona,2017-09-12,True
6344056,Entire home/apt,390.0,False,3,28,54,316,90,38,193,Barcelona,2017-01-04,True
6351314,Entire home/apt,690.0,True,22,52,82,337,80,1,2,Girona,2018-12-22,True
6376011,Entire home/apt,600.0,False,0,0,0,246,,0,,Madrid,2017-03-06,
6378705,Entire home/apt,950.0,True,29,59,89,329,88,20,47,Menorca,2019-01-30,True
6382107,Entire home/apt,600.0,True,9,9,9,9,95,42,111,Madrid,2019-09-19,True
6383286,Entire home/apt,990.0,True,0,0,19,251,99,17,51,Mallorca,2018-04-18,True
6386597,Private room,1500.0,False,30,60,90,365,,0,,Barcelona,2017-01-04,
6389503,Entire home/apt,1500.0,True,0,10,11,119,100,8,18,Mallorca,2019-03-25,True
6397577,Entire home/apt,520.0,True,8,26,56,331,93,6,38,Madrid,2018-05-14,True
6399512,Entire home/apt,1070.0,True,7,15,38,112,95,25,54,Barcelona,2019-05-14,True
6410739,Entire home/apt,800.0,True,0,0,0,0,100,2,3,Madrid,2020-06-13,True
6415505,Entire home/apt,500.0,True,0,0,0,0,,0,,Madrid,2018-09-11,
6418185,Entire home/apt,1690.0,False,16,16,16,83,,0,,Mallorca,2017-03-15,
6420062,Entire home/apt,550.0,True,28,58,88,361,81,19,39,Madrid,2019-07-10,True
6432674,Entire home/apt,740.0,True,27,40,40,40,96,10,24,Girona,2019-11-30,True
6441145,Private room,500.0,True,0,0,0,99,98,17,36,Barcelona,2019-04-10,True
6441651,Entire home/apt,900.0,True,7,21,22,176,93,11,19,Girona,2020-05-28,True
6442604,Entire home/apt,3000.0,False,12,12,12,75,80,1,23,Barcelona,2017-05-07,True
6442730,Entire home/apt,380.0,True,1,5,27,34,84,377,716,Madrid,2019-09-19,True
6449464,Entire home/apt,2000.0,True,21,51,81,303,,0,,Girona,2018-08-30,
6453834,Entire home/apt,860.0,True,0,0,0,18,94,23,59,Girona,2019-02-19,True
6458138,Entire home/apt,2500.0,True,24,54,80,347,95,42,95,Malaga,2019-02-24,True
6459117,Entire home/apt,1100.0,True,1,1,1,218,98,28,69,Mallorca,2018-12-18,True
6465424,Private room,230.0,False,30,60,90,180,,0,,Barcelona,2017-01-04,
6465590,Entire home/apt,950.0,True,0,0,0,31,94,13,24,Girona,2019-12-31,True
6483225,Private room,480.0,False,20,31,51,323,99,27,125,Barcelona,2017-03-06,True
6484533,Private room,200.0,True,28,58,88,204,99,38,149,Barcelona,2018-02-07,True
6489124,Entire home/apt,660.0,True,2,9,29,115,95,194,403,Madrid,2019-05-14,True
6491673,Private room,450.0,True,0,0,0,0,88,116,247,Barcelona,2019-04-10,True
6505353,Entire home/apt,3000.0,True,27,57,87,177,100,1,67,Menorca,2018-08-29,True
6519766,Entire home/apt,2000.0,True,18,46,76,241,92,50,121,Menorca,2018-12-22,True
6521856,Entire home/apt,590.0,True,8,34,61,233,90,55,134,Barcelona,2019-09-17,True
6524457,Private room,650.0,True,27,57,87,177,93,3,6,Girona,2019-11-30,True
6525899,Entire home/apt,950.0,True,24,30,41,283,80,2,6,Menorca,2018-04-21,True
6525929,Entire home/apt,2500.0,True,29,59,89,170,90,4,8,Menorca,2019-11-30,True
6534648,Private room,450.0,True,16,46,76,76,96,46,137,Barcelona,2019-02-06,True
6537889,Private room,320.0,True,11,39,69,344,95,80,251,Madrid,2018-01-17,True
6540304,Private room,190.0,True,0,0,0,173,89,122,311,Mallorca,2018-08-21,True
6542779,Entire home/apt,1000.0,True,1,1,1,138,98,69,114,Madrid,2020-05-14,True
6543446,Private room,400.0,True,26,56,86,361,94,7,12,Madrid,2020-02-18,True
6547870,Entire home/apt,750.0,False,30,45,47,238,86,25,165,Barcelona,2017-01-04,True
6550734,Private room,180.0,True,0,0,0,0,93,69,158,Barcelona,2019-01-14,True
6554542,Entire home/apt,750.0,True,12,17,32,307,93,3,6,Mallorca,2019-06-27,True
6557505,Entire home/apt,600.0,True,0,0,0,0,85,4,12,Malaga,2018-04-22,True
6572653,Entire home/apt,1750.0,True,0,0,0,0,80,1,3,Girona,2020-04-30,True
6573592,Private room,280.0,True,0,3,9,204,90,101,33,Barcelona,2018-04-12,True
6578646,Entire home/apt,800.0,False,4,4,4,4,82,33,126,Barcelona,2017-08-06,True
6580618,Entire home/apt,1300.0,True,23,53,83,358,93,3,8,Girona,2019-11-30,True
6582485,Entire home/apt,3750.0,True,30,39,40,289,96,11,24,Girona,2019-04-29,True
6584564,Private room,470.0,True,30,60,90,90,85,76,117,Barcelona,2020-12-16,True
6584759,Entire home/apt,2580.0,True,0,0,0,20,,0,,Madrid,2018-07-10,
6596938,Entire home/apt,950.0,True,0,0,0,0,,0,,Madrid,2018-05-14,
6602355,Entire home/apt,490.0,True,30,60,90,180,88,32,6,Girona,2019-11-30,True
6604255,Entire home/apt,800.0,True,3,3,3,123,100,8,3,Girona,2020-10-28,True
6604413,Entire home/apt,580.0,True,9,26,56,82,85,55,116,Madrid,2019-06-07,True
6617380,Private room,450.0,True,3,3,21,296,97,112,325,Madrid,2018-07-10,True
6623294,Entire home/apt,600.0,True,1,10,32,263,92,65,129,Girona,2019-07-29,True
6639917,Entire home/apt,620.0,True,29,59,89,320,98,42,6,Girona,2021-02-27,True
6642024,Entire home/apt,2390.0,True,23,53,83,174,100,2,3,Menorca,2020-11-30,True
6653030,Private room,3200.0,True,30,60,90,365,,0,,Barcelona,2020-09-12,
6653123,Entire home/apt,1250.0,False,2,13,13,266,98,22,113,Barcelona,2017-03-06,True
6656626,Entire home/apt,650.0,True,13,26,32,303,99,270,47,Valencia,2020-02-29,True
6664306,Private room,420.0,True,0,0,0,166,96,5,11,Barcelona,2020-03-16,True
6666446,Entire home/apt,1500.0,True,0,0,0,61,91,22,43,Valencia,2019-09-01,True
6667181,Entire home/apt,4000.0,False,26,56,86,361,50,4,18,Barcelona,2017-08-06,False
6668318,Entire home/apt,300.0,True,0,0,0,16,100,1,13,Girona,2019-03-30,True
6669701,Private room,170.0,True,0,0,0,0,,1,2,Madrid,2018-11-07,
6671489,Entire home/apt,1400.0,True,26,56,86,345,95,11,18,Sevilla,2020-10-29,True
6679735,Entire home/apt,3550.0,True,0,0,0,173,90,2,4,Mallorca,2020-10-21,True
6697001,Entire home/apt,1050.0,True,5,20,50,73,90,52,194,Barcelona,2017-09-12,True
6707323,Entire home/apt,3500.0,True,30,60,90,295,97,15,22,Mallorca,2021-02-11,True
6719318,Entire home/apt,740.0,True,0,6,36,311,93,4,22,Mallorca,2020-11-08,True
6723465,Entire home/apt,1520.0,True,0,0,2,2,91,77,121,Barcelona,2020-10-12,True
6724149,Entire home/apt,400.0,True,0,0,0,219,100,5,11,Madrid,2019-03-08,True
6724183,Entire home/apt,650.0,True,13,33,63,89,86,38,86,Barcelona,2019-02-06,True
6725113,Entire home/apt,980.0,True,16,46,76,335,89,102,154,Barcelona,2020-12-16,True
6732914,Private room,500.0,True,0,0,0,0,100,1,2,Barcelona,2020-06-13,True
6734047,Shared room,250.0,True,30,60,90,365,95,4,7,Valencia,2020-12-21,True
6738969,Entire home/apt,990.0,True,0,0,0,29,90,9,15,Girona,2020-06-29,True
6739889,Entire home/apt,1200.0,True,0,0,0,126,100,2,12,Mallorca,2019-01-28,True
6740162,Private room,350.0,True,2,5,6,6,92,46,131,Barcelona,2018-05-14,True
6740609,Private room,130.0,True,0,1,1,1,96,163,263,Barcelona,2020-07-17,True
6745665,Entire home/apt,450.0,True,28,58,88,109,93,6,1,Barcelona,2020-09-12,True
6747678,Private room,300.0,True,0,0,0,0,86,35,125,Barcelona,2017-10-07,True
6756567,Private room,350.0,True,8,38,68,343,85,49,96,Malaga,2019-10-31,True
6757485,Private room,450.0,False,11,36,61,336,97,8,207,Barcelona,2017-06-05,True
6762393,Entire home/apt,280.0,True,9,38,68,125,92,6,9,Malaga,2020-10-30,True
6762427,Private room,850.0,True,28,58,88,363,,0,,Barcelona,2017-12-09,
6763388,Private room,600.0,True,0,0,0,0,94,62,19,Barcelona,2018-04-12,True
6763803,Private room,350.0,True,30,58,88,178,92,55,155,Barcelona,2018-05-14,True
6773769,Private room,500.0,False,0,0,0,0,,0,,Barcelona,2017-03-06,
6775934,Private room,700.0,True,30,60,90,365,,0,,Barcelona,2019-05-14,
6777378,Entire home/apt,1100.0,True,0,0,0,0,93,94,207,Girona,2020-02-29,True
6780620,Entire home/apt,2750.0,True,0,0,0,268,91,9,16,Mallorca,2020-01-29,True
6780716,Private room,600.0,True,28,58,88,178,88,21,63,Barcelona,2019-02-06,True
6791765,Private room,420.0,True,0,0,0,60,98,36,8,Madrid,2019-03-08,True
6795814,Private room,400.0,True,0,0,0,90,94,58,191,Girona,2018-09-28,True
6797552,Private room,190.0,True,8,32,32,101,87,145,315,Madrid,2019-04-11,True
6803624,Entire home/apt,1100.0,True,2,8,31,245,97,20,55,Mallorca,2018-07-29,True
6814503,Entire home/apt,1060.0,False,0,0,0,152,89,11,55,Barcelona,2017-02-09,True
6820509,Private room,280.0,False,16,46,76,351,90,37,185,Barcelona,2017-02-09,True
6826738,Entire home/apt,800.0,True,30,60,87,362,85,4,1,Girona,2018-11-26,True
6829579,Private room,150.0,True,0,0,0,0,100,3,11,Barcelona,2017-09-12,True
6843532,Entire home/apt,2580.0,False,15,22,38,255,88,6,43,Barcelona,2017-08-06,True
6843619,Entire home/apt,990.0,True,30,60,90,365,94,16,29,Girona,2020-01-31,True
6843697,Entire home/apt,2540.0,False,0,8,22,249,64,5,28,Barcelona,2017-03-06,False
6844528,Entire home/apt,980.0,False,20,43,73,348,60,5,32,Barcelona,2017-06-05,False
6846453,Private room,390.0,True,30,60,90,365,94,70,193,Barcelona,2018-07-10,True
6851621,Entire home/apt,500.0,True,0,0,0,0,,0,,Madrid,2019-09-19,
6857331,Entire home/apt,860.0,True,7,37,67,342,96,67,248,Barcelona,2017-10-07,True
6858341,Entire home/apt,1200.0,True,0,0,0,0,89,11,29,Barcelona,2019-09-17,True
6867200,Private room,900.0,True,0,0,0,0,,0,,Barcelona,2020-05-11,
6869498,Private room,700.0,True,30,60,90,365,87,37,82,Barcelona,2019-03-08,True
6873130,Entire home/apt,870.0,True,0,0,0,7,100,1,12,Girona,2020-04-30,True
6875270,Private room,200.0,True,0,0,0,0,,0,,Madrid,2019-07-10,
6877137,Entire home/apt,880.0,False,5,35,65,340,100,6,31,Barcelona,2017-07-06,True
6877620,Entire home/apt,500.0,True,29,35,58,149,95,154,252,Valencia,2020-06-30,True
6890369,Entire home/apt,960.0,True,0,0,0,0,93,9,27,Barcelona,2018-04-12,True
6890860,Entire home/apt,1800.0,True,0,0,0,0,,0,,Madrid,2018-07-10,
6894467,Entire home/apt,2930.0,True,30,60,84,359,90,2,9,Mallorca,2019-05-27,True
6899113,Private room,200.0,True,0,0,0,0,,0,,Madrid,2019-12-10,
6902570,Private room,150.0,True,13,43,63,63,83,51,15,Barcelona,2018-04-12,True
6906944,Private room,250.0,True,30,60,90,365,,0,,Barcelona,2018-09-11,
6910639,Entire home/apt,1500.0,True,27,47,71,338,90,66,231,Malaga,2017-11-25,True
6914078,Entire home/apt,1500.0,False,28,58,73,271,100,2,1,Mallorca,2017-03-15,True
6921005,Private room,250.0,True,0,0,0,259,92,19,31,Madrid,2020-07-17,True
6928805,Private room,800.0,True,30,60,90,365,98,21,103,Barcelona,2018-11-07,True
6936123,Entire home/apt,2600.0,True,23,28,28,237,95,4,12,Mallorca,2018-04-18,True
6936346,Entire home/apt,780.0,True,28,58,59,116,,0,,Girona,2020-02-29,
6945630,Entire home/apt,390.0,True,0,0,0,0,83,6,21,Malaga,2017-11-25,True
6948407,Private room,350.0,True,29,59,89,179,94,44,161,Barcelona,2017-11-13,True
6957564,Private room,380.0,True,1,1,19,19,99,16,43,Girona,2020-06-29,True
6961891,Entire home/apt,950.0,False,0,0,0,0,80,3,42,Barcelona,2017-02-09,True
6962517,Entire home/apt,780.0,True,30,60,90,365,91,102,154,Mallorca,2021-01-16,True
6980777,Entire home/apt,590.0,True,0,0,7,7,98,103,259,Madrid,2018-10-10,True
6982716,Private room,290.0,True,0,0,0,37,,0,,Madrid,2020-07-17,
6985350,Entire home/apt,900.0,True,29,52,76,152,98,51,132,Girona,2018-11-26,True
6986979,Private room,220.0,True,0,15,45,320,87,20,4,Barcelona,2019-09-17,True
7003233,Entire home/apt,1200.0,False,28,58,88,88,84,22,125,Barcelona,2017-01-04,True
7008175,Private room,500.0,True,22,45,70,333,95,244,441,Barcelona,2020-06-13,True
7018330,Private room,990.0,False,30,60,90,358,100,4,23,Mallorca,2017-03-15,True
7019190,Entire home/apt,2040.0,True,0,0,22,290,100,1,6,Menorca,2018-10-25,True
7029540,Private room,270.0,True,30,50,50,272,94,19,79,Madrid,2018-09-11,True
7030624,Entire home/apt,1140.0,False,4,7,27,40,87,15,65,Barcelona,2017-06-05,True
7032941,Entire home/apt,1800.0,True,0,0,0,82,96,15,29,Mallorca,2019-10-28,True
7034555,Private room,580.0,True,25,53,83,358,95,110,284,Barcelona,2018-09-11,True
7047052,Private room,950.0,True,30,60,90,90,92,176,432,Barcelona,2018-11-07,True
7049609,Private room,250.0,True,0,0,0,0,,0,,Madrid,2019-06-07,
7050214,Private room,230.0,True,0,16,46,321,97,22,46,Madrid,2020-12-17,True
7061325,Entire home/apt,400.0,True,1,8,31,279,94,291,742,Sevilla,2018-09-22,True
7064358,Private room,600.0,True,0,0,0,0,,0,,Barcelona,2018-05-14,
7065656,Private room,190.0,True,8,13,28,296,90,229,487,Madrid,2019-05-14,True
7068050,Private room,280.0,True,7,9,39,40,93,43,138,Sevilla,2018-10-18,True
7070725,Private room,210.0,True,0,0,0,0,83,6,11,Madrid,2020-02-18,True
7071532,Entire home/apt,1050.0,True,30,60,90,350,93,93,228,Girona,2018-11-26,True
7096025,Entire home/apt,810.0,True,30,60,90,349,93,153,269,Valencia,2020-05-31,True
7097089,Entire home/apt,1000.0,True,5,16,25,277,92,189,412,Madrid,2019-04-11,True
7100270,Entire home/apt,1040.0,True,16,46,76,351,88,5,1,Mallorca,2019-09-28,True
7105608,Entire home/apt,1100.0,True,17,23,31,272,69,21,63,Barcelona,2018-05-14,False
7106676,Entire home/apt,570.0,True,13,31,56,326,87,193,446,Madrid,2019-02-06,True
7108900,Private room,390.0,True,30,60,90,365,94,154,232,Barcelona,2021-01-12,True
7113910,Private room,400.0,True,0,0,0,0,80,1,4,Barcelona,2017-10-07,True
7118391,Entire home/apt,3550.0,False,0,0,0,0,,0,,Barcelona,2017-01-04,
7120267,Private room,410.0,True,20,42,72,347,96,42,11,Barcelona,2018-11-07,True
7123943,Entire home/apt,3850.0,True,29,50,74,324,97,18,32,Girona,2020-04-30,True
7125407,Entire home/apt,1400.0,True,27,57,81,141,97,14,31,Girona,2019-05-29,True
7127848,Entire home/apt,400.0,True,0,0,0,0,,0,,Madrid,2018-09-11,
7131427,Private room,350.0,True,0,0,16,16,,0,,Madrid,2018-01-17,
7137121,Entire home/apt,1600.0,True,13,23,42,178,80,7,2,Barcelona,2019-05-14,True
7137292,Entire home/apt,1250.0,True,8,14,39,295,93,88,196,Barcelona,2019-04-10,True
7138487,Entire home/apt,1990.0,True,2,29,59,255,,0,,Mallorca,2018-09-18,
7148125,Private room,900.0,True,0,0,13,288,93,4,8,Madrid,2019-10-16,True
7152599,Entire home/apt,1050.0,True,0,2,8,8,87,13,37,Barcelona,2018-06-09,True
7154312,Entire home/apt,900.0,True,2,3,3,3,91,35,94,Menorca,2018-07-31,True
7155428,Entire home/apt,700.0,False,18,36,61,336,90,64,312,Madrid,2017-04-08,True
7160334,Entire home/apt,1600.0,False,7,11,17,249,79,47,235,Barcelona,2017-03-06,False
7164589,Private room,300.0,True,0,0,0,0,,0,,Madrid,2020-10-17,
7166650,Entire home/apt,1200.0,True,0,0,0,227,90,50,135,Madrid,2019-01-14,True
7169803,Entire home/apt,1000.0,True,4,4,4,4,100,2,5,Madrid,2018-08-14,True
7173003,Private room,150.0,True,30,54,81,356,80,59,193,Barcelona,2018-01-17,True
7174517,Private room,220.0,True,0,0,0,0,93,3,7,Madrid,2019-05-14,True
7177169,Entire home/apt,750.0,True,6,6,6,6,88,260,416,Madrid,2020-08-25,True
7178644,Private room,400.0,False,0,0,0,0,87,3,13,Barcelona,2017-07-06,True
7185267,Entire home/apt,320.0,True,0,0,0,205,80,2,5,Malaga,2018-09-29,True
7195684,Private room,300.0,True,0,0,0,0,100,3,6,Madrid,2019-07-10,True
7200772,Entire home/apt,700.0,True,30,60,90,365,80,8,3,Mallorca,2018-09-18,True
7200873,Entire home/apt,900.0,True,14,41,71,251,91,62,201,Madrid,2018-04-12,True
7204039,Entire home/apt,810.0,True,0,0,25,49,91,88,273,Madrid,2018-05-14,True
7220512,Private room,300.0,True,1,1,1,1,91,85,129,Barcelona,2020-12-16,True
7233689,Entire home/apt,680.0,True,29,59,89,364,90,3,5,Valencia,2020-08-30,True
7235801,Entire home/apt,910.0,True,3,29,59,320,93,43,69,Girona,2020-11-28,True
7238494,Entire home/apt,860.0,True,21,45,67,342,100,2,22,Mallorca,2018-04-18,True
7262344,Entire home/apt,1100.0,True,21,27,27,27,94,51,111,Madrid,2019-07-10,True
7262469,Private room,380.0,False,0,0,0,0,20,1,5,Barcelona,2017-04-08,False
7267861,Private room,5000.0,True,30,60,90,365,82,15,3,Barcelona,2020-08-24,True
7269512,Private room,450.0,False,11,41,71,346,91,11,57,Barcelona,2017-08-06,True
7269518,Private room,250.0,True,29,59,89,364,90,35,107,Barcelona,2018-11-07,True
7283797,Private room,300.0,False,3,5,9,213,82,89,403,Barcelona,2017-05-07,True
7289359,Private room,400.0,True,30,60,90,365,81,16,42,Barcelona,2018-09-11,True
7297898,Entire home/apt,2990.0,True,20,38,68,343,90,39,108,Mallorca,2018-08-21,True
7298598,Entire home/apt,900.0,True,0,0,0,261,98,38,87,Girona,2019-02-19,True
7302792,Entire home/apt,900.0,True,29,59,89,314,100,8,3,Girona,2018-10-20,True
7304217,Private room,390.0,False,7,37,62,62,100,1,5,Barcelona,2017-04-08,True
7316832,Entire home/apt,700.0,False,0,0,0,0,87,3,16,Barcelona,2017-02-09,True
7320001,Entire home/apt,500.0,True,1,3,10,214,98,58,137,Malaga,2019-02-24,True
7321726,Entire home/apt,550.0,True,12,21,33,262,88,50,115,Malaga,2019-02-24,True
7324276,Entire home/apt,770.0,True,6,29,43,187,92,13,27,Mallorca,2019-08-31,True
7333404,Entire home/apt,3500.0,True,0,2,2,2,84,12,23,Barcelona,2021-02-09,True
7334845,Private room,450.0,True,1,7,25,284,88,81,17,Mallorca,2019-06-27,True
7337595,Entire home/apt,950.0,False,24,51,71,326,94,55,293,Barcelona,2017-02-09,True
7338332,Entire home/apt,690.0,True,0,0,0,0,87,13,39,Barcelona,2018-04-12,True
7341153,Entire home/apt,720.0,True,23,53,83,358,97,12,24,Mallorca,2020-05-28,True
7352636,Entire home/apt,2000.0,True,30,60,90,365,86,7,11,Girona,2020-10-28,True
7355769,Private room,300.0,True,30,60,90,365,,0,,Barcelona,2018-10-10,
7356458,Private room,480.0,True,29,59,89,89,87,25,48,Barcelona,2019-12-10,True
7362133,Entire home/apt,2000.0,True,0,0,0,0,,0,,Girona,2019-03-30,
7362688,Entire home/apt,1350.0,True,30,60,90,365,60,2,9,Madrid,2020-09-13,False
7374096,Entire home/apt,1950.0,True,30,60,71,342,,0,,Girona,2019-05-29,
7375206,Private room,980.0,True,29,59,89,364,92,10,33,Girona,2019-02-19,True
7386172,Entire home/apt,2000.0,True,12,16,16,142,100,3,11,Mallorca,2019-09-28,True
7395565,Private room,250.0,True,23,53,77,317,86,14,39,Girona,2018-09-28,True
7396461,Private room,750.0,True,0,0,22,297,100,1,3,Girona,2019-07-29,True
7412177,Entire home/apt,800.0,False,0,0,0,0,100,3,15,Barcelona,2017-04-08,True
7414674,Private room,250.0,True,30,60,90,365,91,70,117,Malaga,2020-06-30,True
7432394,Private room,200.0,True,0,0,0,0,,0,,Madrid,2020-07-17,
7432987,Entire home/apt,1270.0,True,30,60,90,365,95,221,329,Madrid,2021-02-09,True
7434098,Entire home/apt,590.0,False,10,28,53,328,94,21,103,Madrid,2017-04-08,True
7436836,Entire home/apt,2500.0,True,19,49,79,354,100,2,6,Mallorca,2018-12-18,True
7437270,Private room,280.0,True,30,60,90,365,84,9,14,Barcelona,2020-09-12,True
7444465,Entire home/apt,460.0,True,0,0,13,288,94,57,119,Malaga,2019-06-30,True
7445971,Entire home/apt,5000.0,True,29,59,89,364,98,21,36,Madrid,2020-07-17,True
7448056,Private room,550.0,True,21,51,81,261,98,120,237,Barcelona,2019-10-16,True
7448196,Entire home/apt,700.0,True,0,4,18,130,100,3,13,Mallorca,2018-07-29,True
7448657,Entire home/apt,850.0,True,0,0,0,0,96,25,55,Valencia,2019-11-30,True
7451944,Entire home/apt,500.0,True,0,0,0,255,90,4,15,Barcelona,2017-10-07,True
7453345,Entire home/apt,1250.0,True,0,0,0,0,80,1,4,Barcelona,2017-10-07,True
7458322,Private room,900.0,True,0,0,0,0,95,43,99,Menorca,2019-02-24,True
7466870,Entire home/apt,550.0,True,18,18,18,167,100,2,24,Barcelona,2018-05-14,True
7488688,Entire home/apt,1600.0,True,0,10,30,251,97,7,23,Mallorca,2018-12-18,True
7489589,Private room,300.0,True,17,34,34,255,88,17,52,Barcelona,2018-04-12,True
7496805,Entire home/apt,1100.0,True,0,0,0,0,96,5,2,Barcelona,2017-09-12,True
7505970,Entire home/apt,1070.0,False,15,36,61,331,,0,,Madrid,2017-03-06,
7507208,Entire home/apt,400.0,True,0,25,26,26,87,66,118,Malaga,2020-05-31,True
7512059,Entire home/apt,1100.0,True,0,0,0,0,,0,,Madrid,2018-09-11,
7513927,Private room,410.0,True,1,1,1,1,94,124,431,Barcelona,2017-12-09,True
7522177,Private room,400.0,True,0,0,0,248,87,20,78,Barcelona,2017-09-12,True
7542869,Private room,600.0,True,0,0,0,0,100,4,16,Barcelona,2017-10-07,True
7551015,Entire home/apt,450.0,True,29,59,89,179,,0,,Girona,2018-11-26,
7562216,Entire home/apt,650.0,True,15,39,67,332,94,201,491,Madrid,2019-01-14,True
7574200,Private room,600.0,True,29,59,89,364,,0,,Barcelona,2018-10-10,
7576999,Private room,300.0,True,0,0,0,0,,0,,Barcelona,2020-09-12,
7578060,Private room,350.0,True,0,0,0,0,,0,,Madrid,2018-07-10,
7579001,Entire home/apt,1600.0,True,0,28,58,318,90,6,11,Girona,2020-02-29,True
7585653,Entire home/apt,3750.0,True,30,45,75,350,93,11,25,Mallorca,2019-05-27,True
7587716,Entire home/apt,1000.0,False,30,60,73,73,,0,,Barcelona,2017-02-09,
7588305,Entire home/apt,1000.0,False,12,35,61,325,,0,,Barcelona,2017-04-08,
7593131,Private room,250.0,True,19,41,60,269,,0,,Madrid,2018-07-10,
7599041,Private room,250.0,True,13,28,50,50,96,346,702,Malaga,2019-09-01,True
7599140,Entire home/apt,1500.0,True,21,51,81,356,,0,,Malaga,2020-06-30,
7606874,Entire home/apt,1000.0,False,9,23,53,328,70,2,1,Barcelona,2017-05-07,False
7608106,Entire home/apt,1880.0,True,1,8,28,36,100,1,3,Mallorca,2019-07-25,True
7610387,Entire home/apt,390.0,True,28,58,88,88,97,176,306,Sevilla,2020-05-30,True
7612210,Private room,300.0,True,0,0,0,0,,0,,Barcelona,2019-05-14,
7613318,Private room,330.0,True,15,35,65,84,85,133,345,Barcelona,2018-11-07,True
7624681,Private room,250.0,False,9,29,54,272,82,45,185,Barcelona,2017-08-06,True
7624956,Private room,150.0,True,0,0,0,0,93,9,16,Madrid,2020-05-14,True
7628374,Entire home/apt,1800.0,True,29,59,89,364,,0,,Barcelona,2019-12-10,
7628496,Entire home/apt,2430.0,True,29,56,86,358,,0,,Barcelona,2018-11-07,
7633010,Private room,390.0,False,28,58,88,179,100,2,19,Barcelona,2017-05-07,True
7634833,Private room,400.0,True,0,0,0,0,98,17,31,Barcelona,2020-02-16,True
7644233,Entire home/apt,3830.0,True,22,52,82,348,,1,2,Mallorca,2019-10-28,
7645328,Entire home/apt,2000.0,True,28,58,88,297,96,27,56,Girona,2019-10-30,True
7646595,Private room,540.0,True,30,60,90,365,93,74,28,Barcelona,2017-10-07,True
7646660,Entire home/apt,1250.0,True,14,29,53,222,93,61,174,Sevilla,2018-08-27,True
7650492,Entire home/apt,1000.0,True,0,0,0,0,100,5,15,Madrid,2018-05-14,True
7655260,Private room,300.0,True,29,54,84,359,89,121,205,Barcelona,2020-06-13,True
7673763,Entire home/apt,450.0,True,1,31,54,152,96,104,212,Valencia,2019-09-01,True
7683900,Entire home/apt,900.0,True,29,59,89,173,83,157,259,Barcelona,2020-08-24,True
7690343,Entire home/apt,5000.0,True,18,42,72,162,100,4,15,Girona,2018-08-30,True
7694865,Entire home/apt,650.0,True,0,0,0,0,70,3,5,Madrid,2020-06-13,False
7696397,Entire home/apt,2000.0,False,0,0,0,0,100,6,29,Barcelona,2017-05-07,True
7710206,Entire home/apt,1200.0,True,0,0,0,0,,0,,Madrid,2018-04-12,
7718951,Entire home/apt,600.0,True,26,47,69,333,98,193,363,Malaga,2020-10-30,True
7725978,Entire home/apt,600.0,False,11,41,71,346,91,56,258,Barcelona,2017-06-05,True
7727522,Private room,300.0,True,0,0,0,0,87,13,21,Madrid,2020-10-17,True
7732757,Entire home/apt,1500.0,True,13,33,50,279,98,124,296,Madrid,2019-01-14,True
7736462,Private room,350.0,True,0,0,0,0,,0,,Barcelona,2020-03-16,
7736738,Entire home/apt,1000.0,False,30,60,82,357,100,8,56,Madrid,2017-03-06,True
7745506,Entire home/apt,790.0,True,30,54,84,356,100,1,2,Valencia,2020-10-24,True
7746584,Entire home/apt,1950.0,True,27,57,87,267,99,64,119,Girona,2020-12-31,True
7755595,Private room,500.0,True,0,0,0,0,96,17,27,Barcelona,2020-10-12,True
7757714,Private room,250.0,False,0,0,0,216,60,3,13,Barcelona,2017-08-06,False
7767099,Entire home/apt,1800.0,True,20,50,80,355,,0,,Mallorca,2018-07-29,
7770648,Entire home/apt,900.0,True,2,16,33,266,88,112,387,Madrid,2018-01-17,True
7777582,Entire home/apt,690.0,True,20,28,34,34,93,110,208,Valencia,2020-05-31,True
7777757,Private room,300.0,True,0,16,46,321,94,69,137,Barcelona,2019-10-16,True
7783540,Entire home/apt,490.0,False,30,60,90,365,83,42,235,Madrid,2017-03-06,True
7805411,Private room,490.0,True,6,6,6,6,91,93,34,Barcelona,2017-11-13,True
7813061,Entire home/apt,1350.0,False,0,0,28,233,85,4,52,Mallorca,2017-03-15,True
7817899,Private room,240.0,True,7,28,49,49,90,224,417,Barcelona,2020-01-10,True
7819262,Private room,290.0,True,0,0,0,0,,0,,Madrid,2020-05-14,
7849235,Private room,1000.0,True,0,0,0,0,60,1,3,Barcelona,2018-08-14,False
7851117,Entire home/apt,1000.0,True,28,50,80,347,91,120,197,Barcelona,2020-08-24,True
7878984,Entire home/apt,620.0,True,26,56,78,271,100,4,12,Girona,2019-03-30,True
7879795,Private room,320.0,True,1,8,25,48,90,167,41,Barcelona,2019-12-10,True
7880349,Entire home/apt,500.0,True,29,57,70,263,94,45,106,Girona,2019-02-19,True
7885189,Entire home/apt,800.0,True,0,9,39,114,90,43,132,Girona,2018-04-21,True
7887621,Entire home/apt,850.0,True,26,56,59,301,87,11,35,Malaga,2019-03-31,True
7897182,Entire home/apt,850.0,True,8,11,11,269,94,33,89,Sevilla,2019-04-27,True
7899727,Entire home/apt,800.0,True,1,7,13,250,94,94,401,Barcelona,2018-04-12,True
7899729,Entire home/apt,580.0,True,0,0,0,0,80,2,4,Madrid,2019-12-10,True
7907083,Entire home/apt,1040.0,True,9,9,9,236,96,35,54,Madrid,2021-01-12,True
7907846,Entire home/apt,1000.0,True,0,0,0,0,78,8,19,Barcelona,2019-01-14,False
7908089,Entire home/apt,1500.0,True,23,53,83,358,96,41,105,Mallorca,2019-09-28,True
7914789,Entire home/apt,800.0,True,16,46,76,166,94,21,4,Mallorca,2019-11-28,True
7928220,Entire home/apt,950.0,True,0,0,0,0,,0,,Mallorca,2020-05-28,
7933821,Entire home/apt,450.0,True,30,31,31,203,91,49,86,Valencia,2020-04-28,True
7938522,Entire home/apt,2500.0,True,10,24,41,312,92,40,87,Mallorca,2019-07-25,True
7944610,Entire home/apt,3500.0,False,10,28,52,313,86,42,194,Barcelona,2017-08-06,True
7968113,Private room,380.0,True,29,59,89,364,96,85,25,Madrid,2018-08-14,True
7968185,Shared room,250.0,True,30,60,90,365,90,6,25,Barcelona,2018-02-07,True
7968876,Entire home/apt,570.0,True,0,6,16,268,98,64,166,Sevilla,2018-11-22,True
7968938,Private room,490.0,True,11,32,62,82,97,130,298,Barcelona,2019-05-14,True
7978189,Entire home/apt,1500.0,True,27,57,87,362,100,4,12,Barcelona,2019-12-10,True
7980877,Private room,330.0,True,0,9,39,314,93,3,14,Barcelona,2018-04-12,True
7992378,Entire home/apt,950.0,True,30,60,90,365,80,1,10,Barcelona,2017-10-07,True
7998100,Entire home/apt,630.0,True,1,31,61,204,88,31,81,Barcelona,2018-12-10,True
8011473,Entire home/apt,700.0,True,29,59,89,364,,0,,Madrid,2018-08-14,
8011996,Entire home/apt,1000.0,True,30,60,90,206,,1,21,Barcelona,2018-04-12,
8012945,Entire home/apt,2800.0,True,28,58,77,332,90,4,11,Girona,2019-04-29,True
8021499,Entire home/apt,900.0,True,0,0,0,0,100,2,6,Valencia,2020-08-30,True
8023971,Private room,300.0,True,0,0,0,245,85,5,2,Barcelona,2017-10-07,True
8024531,Entire home/apt,1390.0,True,19,35,65,325,88,189,526,Sevilla,2018-08-27,True
8025186,Entire home/apt,850.0,True,0,0,0,152,80,2,6,Barcelona,2018-09-11,True
8031140,Entire home/apt,570.0,True,25,55,68,119,91,88,155,Madrid,2020-07-17,True
8038456,Entire home/apt,730.0,True,27,57,87,87,80,4,8,Valencia,2019-11-30,True
8045300,Entire home/apt,1800.0,True,0,0,0,0,,0,,Mallorca,2018-08-21,
8065307,Entire home/apt,400.0,True,24,54,84,138,96,182,328,Sevilla,2020-10-29,True
8069248,Private room,240.0,True,9,39,69,69,84,101,284,Barcelona,2018-09-11,True
8074942,Entire home/apt,4000.0,True,11,37,54,301,95,21,136,Barcelona,2017-12-09,True
8075920,Entire home/apt,1200.0,True,0,0,0,0,92,12,31,Madrid,2019-03-08,True
8099214,Entire home/apt,1000.0,False,12,21,51,312,93,42,225,Barcelona,2017-04-08,True
8099448,Private room,250.0,True,29,59,89,364,100,4,17,Barcelona,2018-02-07,True
8105067,Private room,270.0,True,24,51,81,356,92,134,265,Madrid,2019-11-09,True
8109509,Entire home/apt,530.0,True,0,0,0,0,90,2,7,Barcelona,2018-01-17,True
8142940,Entire home/apt,2250.0,True,0,0,9,284,98,10,28,Girona,2019-05-29,True
8158709,Entire home/apt,390.0,True,28,58,65,65,95,122,203,Madrid,2020-08-25,True
8181779,Entire home/apt,1100.0,True,11,41,71,161,90,12,39,Barcelona,2019-02-06,True
8187321,Entire home/apt,710.0,False,2,10,40,315,87,60,265,Barcelona,2017-08-06,True
8201621,Entire home/apt,520.0,False,0,0,0,0,90,2,11,Madrid,2017-03-06,True
8207999,Private room,490.0,True,0,0,0,0,90,2,6,Barcelona,2018-09-11,True
8215329,Entire home/apt,1450.0,True,7,37,67,342,97,13,3,Girona,2019-07-29,True
8215716,Entire home/apt,950.0,True,30,60,90,365,80,1,9,Barcelona,2020-05-11,True
8215879,Entire home/apt,950.0,True,3,10,23,278,80,2,9,Barcelona,2018-04-12,True
8216543,Entire home/apt,1200.0,False,0,2,22,285,85,5,27,Barcelona,2017-07-06,True
8257847,Entire home/apt,990.0,False,6,36,66,68,86,33,148,Barcelona,2017-08-06,True
8260073,Entire home/apt,1750.0,True,0,0,0,154,98,28,5,Girona,2020-05-28,True
8271873,Private room,190.0,True,0,0,0,189,98,301,48,Barcelona,2020-11-06,True
8287073,Entire home/apt,1200.0,False,0,0,0,0,93,7,43,Barcelona,2017-02-09,True
8290927,Private room,400.0,True,0,0,0,0,,0,,Barcelona,2017-10-07,
8299987,Entire home/apt,1390.0,False,4,7,18,280,94,10,226,Barcelona,2017-08-06,True
8303125,Hotel room,1860.0,True,0,0,2,229,90,4,6,Madrid,2021-01-12,True
8316352,Private room,550.0,True,4,9,9,16,97,21,49,Madrid,2019-04-11,True
8317251,Entire home/apt,2000.0,True,30,60,90,365,,0,,Mallorca,2020-11-08,
8338269,Entire home/apt,990.0,True,4,7,7,165,98,50,14,Menorca,2018-09-28,True
8345529,Private room,400.0,False,6,22,46,130,95,4,69,Barcelona,2017-04-08,True
8352016,Entire home/apt,750.0,True,0,0,1,244,99,203,312,Girona,2021-01-31,True
8352449,Entire home/apt,490.0,True,25,50,80,80,89,58,164,Sevilla,2018-08-27,True
8370275,Private room,300.0,True,24,54,84,359,92,24,71,Madrid,2018-07-10,True
8380683,Private room,240.0,True,16,46,76,351,97,220,533,Valencia,2019-03-31,True
8382715,Private room,100.0,True,0,0,0,1,90,418,656,Malaga,2020-12-30,True
8402787,Entire home/apt,990.0,True,5,26,42,310,92,210,458,Madrid,2019-07-10,True
8405250,Private room,1260.0,True,12,26,39,299,78,16,34,Madrid,2019-07-10,False
8405901,Entire home/apt,1000.0,True,13,43,73,348,100,2,6,Barcelona,2019-05-14,True
8414213,Entire home/apt,2620.0,True,4,14,29,296,100,1,5,Sevilla,2018-12-21,True
8418514,Private room,500.0,True,13,43,73,348,98,170,261,Madrid,2021-02-09,True
8432486,Private room,290.0,False,30,60,90,358,89,45,28,Barcelona,2017-02-09,True
8442992,Entire home/apt,690.0,True,5,35,50,50,97,41,118,Girona,2018-07-31,True
8452768,Entire home/apt,1100.0,True,20,50,62,65,91,30,81,Sevilla,2018-10-18,True
8455978,Entire home/apt,810.0,True,0,16,28,103,97,44,83,Madrid,2020-03-17,True
8482861,Private room,200.0,True,0,0,0,246,81,16,5,Madrid,2018-05-14,True
8491814,Entire home/apt,800.0,True,8,36,66,341,93,90,181,Girona,2020-01-31,True
8517585,Entire home/apt,690.0,True,3,4,32,37,98,87,212,Madrid,2019-03-08,True
8521963,Private room,120.0,True,0,0,0,228,96,5,11,Barcelona,2019-09-17,True
8528333,Entire home/apt,550.0,True,2,5,14,219,92,205,476,Madrid,2019-04-11,True
8544919,Private room,530.0,True,15,45,75,350,97,80,128,Mallorca,2021-02-11,True
8548754,Entire home/apt,1290.0,True,26,53,83,338,95,12,45,Girona,2018-11-26,True
8551651,Private room,450.0,True,0,0,8,283,94,11,27,Madrid,2019-02-06,True
8553863,Entire home/apt,910.0,True,0,8,38,291,90,12,28,Barcelona,2019-04-10,True
8560924,Private room,500.0,True,30,60,90,365,,0,,Barcelona,2017-09-12,
8577709,Entire home/apt,800.0,False,5,14,23,277,86,41,25,Barcelona,2017-03-06,True
8579303,Private room,500.0,True,1,1,1,10,86,149,608,Barcelona,2017-10-07,True
8598604,Entire home/apt,1020.0,True,30,60,90,365,,0,,Mallorca,2019-10-28,
8605416,Entire home/apt,2390.0,True,30,60,90,365,100,1,3,Mallorca,2021-01-16,True
8606569,Private room,260.0,True,28,58,88,88,100,5,9,Valencia,2020-09-28,True
8620038,Private room,350.0,True,1,1,1,1,95,21,55,Barcelona,2020-06-13,True
8625967,Private room,350.0,True,0,0,0,0,81,41,63,Barcelona,2021-02-09,True
8649608,Private room,250.0,True,15,45,75,350,99,14,72,Madrid,2018-05-14,True
8659814,Entire home/apt,1150.0,True,30,60,90,365,93,19,74,Barcelona,2017-11-13,True
8659944,Private room,290.0,True,9,31,55,326,97,111,398,Madrid,2018-01-17,True
8665229,Private room,330.0,True,4,4,4,4,74,41,169,Barcelona,2017-10-07,False
8678755,Entire home/apt,460.0,True,14,31,58,317,91,40,111,Sevilla,2018-09-22,True
8679279,Entire home/apt,900.0,True,29,59,89,89,95,36,109,Girona,2019-08-31,True
8682598,Private room,290.0,True,17,47,77,345,98,45,163,Sevilla,2019-04-27,True
8687968,Entire home/apt,1300.0,True,30,53,81,258,,0,,Barcelona,2018-06-09,
8697956,Private room,320.0,True,8,36,66,341,82,9,136,Madrid,2019-04-11,True
8699662,Private room,590.0,True,0,0,0,0,80,1,2,Mallorca,2019-02-17,True
8708285,Entire home/apt,950.0,False,7,37,67,342,90,7,37,Barcelona,2017-05-07,True
8713265,Private room,200.0,True,18,45,73,348,78,117,26,Barcelona,2019-09-17,False
8728121,Entire home/apt,900.0,False,0,0,0,0,100,1,6,Madrid,2017-04-08,True
8732880,Private room,400.0,True,0,0,0,0,95,11,4,Madrid,2018-01-17,True
8747669,Entire home/apt,730.0,True,30,57,87,362,,0,,Barcelona,2018-04-12,
8749646,Private room,620.0,True,5,5,5,5,84,9,37,Barcelona,2017-11-13,True
8753004,Private room,200.0,True,0,0,0,0,80,2,7,Madrid,2018-01-17,True
8755195,Entire home/apt,800.0,True,3,20,36,179,92,53,148,Madrid,2018-10-10,True
8785365,Entire home/apt,640.0,True,0,0,10,184,80,1,3,Mallorca,2019-06-27,True
8796971,Private room,180.0,True,30,60,90,365,40,2,3,Madrid,2020-08-25,False
8842446,Entire home/apt,350.0,False,0,1,5,261,91,35,167,Barcelona,2017-07-06,True
8858054,Entire home/apt,500.0,True,0,0,0,0,97,37,6,Madrid,2020-12-17,True
8874708,Private room,590.0,True,0,0,0,0,80,1,2,Barcelona,2019-12-10,True
8878941,Private room,620.0,True,30,60,90,365,60,1,75,Madrid,2018-01-17,False
8893111,Entire home/apt,1950.0,True,0,0,0,120,79,15,28,Valencia,2020-05-31,False
8893392,Entire home/apt,700.0,True,0,4,9,9,84,212,376,Madrid,2020-06-13,True
8923152,Private room,550.0,False,16,46,76,76,93,36,267,Barcelona,2017-07-06,True
8931118,Entire home/apt,2470.0,False,11,40,70,345,95,49,327,Barcelona,2017-02-09,True
8933347,Entire home/apt,1000.0,True,8,34,58,324,81,29,83,Barcelona,2018-10-10,True
8933966,Entire home/apt,1200.0,True,21,21,21,225,95,56,102,Mallorca,2020-11-08,True
8938744,Private room,260.0,True,0,0,0,0,,0,,Barcelona,2019-06-07,
8938905,Private room,420.0,True,5,35,65,340,87,53,201,Mallorca,2018-09-18,True
8949091,Entire home/apt,1900.0,True,22,35,45,268,100,1,1,Mallorca,2018-04-18,True
8953520,Private room,250.0,True,0,14,44,319,90,43,77,Barcelona,2020-12-16,True
8978429,Shared room,100.0,False,24,54,84,359,95,8,47,Barcelona,2017-06-05,True
8979120,Private room,440.0,True,0,0,0,0,96,26,53,Madrid,2020-11-06,True
8979204,Private room,350.0,True,0,0,0,0,100,7,31,Barcelona,2017-10-07,True
8981681,Hotel room,1800.0,True,17,27,35,197,100,8,15,Sevilla,2020-02-29,True
9012509,Private room,120.0,True,0,0,0,0,100,1,3,Barcelona,2018-11-07,True
9020920,Entire home/apt,1000.0,True,5,32,62,330,69,7,33,Barcelona,2018-01-17,False
9021581,Entire home/apt,1100.0,True,27,57,87,177,90,23,67,Girona,2018-10-20,True
9022672,Private room,240.0,True,8,33,56,327,95,163,547,Madrid,2018-04-12,True
9040814,Private room,450.0,False,2,4,13,274,92,38,463,Barcelona,2017-04-08,True
9071819,Private room,170.0,True,6,19,39,241,94,342,759,Malaga,2019-10-31,True
9103409,Entire home/apt,900.0,True,6,18,37,277,95,152,373,Valencia,2019-02-28,True
9106139,Entire home/apt,250.0,True,1,1,1,1,84,34,61,Girona,2020-12-31,True
9109924,Entire home/apt,450.0,True,0,0,0,0,95,4,18,Madrid,2018-01-17,True
9122183,Private room,200.0,True,0,5,17,228,100,154,347,Sevilla,2019-07-29,True
9122315,Entire home/apt,1380.0,True,6,29,59,258,100,2,13,Mallorca,2018-09-18,True
9124283,Entire home/apt,590.0,True,26,52,82,357,90,29,93,Girona,2018-11-26,True
9124729,Entire home/apt,1450.0,True,22,49,79,345,94,225,446,Sevilla,2019-12-31,True
9124815,Entire home/apt,690.0,True,9,31,61,336,91,27,9,Girona,2018-07-31,True
9126438,Entire home/apt,2000.0,True,28,46,59,130,75,4,12,Girona,2020-04-30,False
9127476,Entire home/apt,750.0,True,10,15,26,106,94,75,23,Madrid,2018-10-10,True
9128910,Entire home/apt,520.0,True,29,55,82,349,95,452,832,Madrid,2020-05-14,True
9136431,Entire home/apt,840.0,True,0,0,0,70,87,125,206,Valencia,2020-11-10,True
9150241,Private room,500.0,False,18,40,70,345,94,23,177,Barcelona,2017-04-08,True
9154907,Private room,220.0,True,0,0,0,0,,0,,Barcelona,2017-12-09,
9161264,Entire home/apt,1080.0,True,2,19,49,232,,0,,Barcelona,2019-06-07,
9169934,Private room,450.0,True,23,53,83,173,94,27,6,Barcelona,2019-11-09,True
9224274,Entire home/apt,1850.0,False,30,60,90,365,60,4,53,Barcelona,2017-02-09,False
9224648,Entire home/apt,850.0,False,14,26,53,320,94,54,332,Madrid,2017-03-06,True
9225333,Entire home/apt,1190.0,True,0,21,44,231,100,2,7,Girona,2019-02-19,True
9250389,Entire home/apt,990.0,True,0,0,0,227,96,120,236,Barcelona,2020-10-12,True
9256471,Private room,180.0,True,30,60,90,344,96,5,43,Valencia,2020-05-31,True
9257391,Private room,200.0,True,0,0,0,0,,0,,Girona,2019-06-30,
9273634,Private room,360.0,False,30,60,90,361,73,15,122,Barcelona,2017-01-04,False
9273891,Entire home/apt,670.0,True,12,25,39,238,84,11,3,Mallorca,2018-11-20,True
9278829,Entire home/apt,690.0,True,26,53,81,124,91,102,349,Sevilla,2018-04-21,True
9288970,Entire home/apt,750.0,True,17,40,70,345,96,5,16,Mallorca,2018-08-21,True
9298157,Entire home/apt,670.0,True,16,41,71,108,92,50,206,Malaga,2017-11-25,True
9306092,Entire home/apt,710.0,True,14,30,60,335,95,62,24,Madrid,2018-04-12,True
9308102,Entire home/apt,950.0,True,7,26,34,303,97,69,154,Madrid,2019-10-16,True
9311615,Entire home/apt,560.0,True,0,0,0,0,,0,,Madrid,2020-08-25,
9312047,Entire home/apt,2600.0,True,29,59,89,294,98,10,22,Mallorca,2020-01-29,True
9320429,Entire home/apt,1750.0,True,0,0,0,0,,0,,Mallorca,2018-09-18,
9324193,Entire home/apt,800.0,True,18,48,78,353,83,6,16,Girona,2019-08-31,True
9324575,Entire home/apt,350.0,True,0,0,0,159,78,21,72,Madrid,2018-07-10,False
9358770,Private room,490.0,True,5,9,33,308,97,31,65,Barcelona,2020-01-10,True
9359210,Private room,290.0,True,0,0,0,0,,0,,Madrid,2019-12-10,
9367812,Private room,300.0,True,23,53,83,174,94,145,233,Madrid,2021-02-09,True
9377811,Entire home/apt,1100.0,True,16,35,38,290,86,8,6,Barcelona,2018-05-14,True
9380158,Entire home/apt,950.0,False,4,11,21,252,100,9,92,Barcelona,2017-04-08,True
9385154,Entire home/apt,640.0,True,4,12,34,306,97,299,619,Madrid,2019-11-09,True
9385786,Entire home/apt,1500.0,True,30,31,31,31,100,1,3,Girona,2019-08-31,True
9398921,Entire home/apt,690.0,True,3,11,19,116,91,102,481,Barcelona,2017-09-12,True
9419502,Entire home/apt,800.0,True,0,0,0,0,80,1,4,Barcelona,2018-08-14,True
9419850,Entire home/apt,1350.0,True,30,60,90,332,97,7,13,Mallorca,2021-02-11,True
9421482,Entire home/apt,990.0,True,17,41,69,340,87,14,38,Barcelona,2019-03-08,True
9421526,Entire home/apt,700.0,True,9,12,12,107,94,93,317,Madrid,2018-04-12,True
9422043,Entire home/apt,1290.0,True,23,46,75,183,94,14,44,Barcelona,2019-01-14,True
9446046,Entire home/apt,600.0,True,3,14,29,301,89,151,358,Malaga,2019-06-30,True
9454217,Private room,350.0,False,15,45,75,75,96,14,83,Madrid,2017-04-08,True
9469358,Private room,1300.0,True,30,58,74,275,98,8,18,Barcelona,2020-03-16,True
9469885,Entire home/apt,440.0,True,0,0,0,0,87,169,356,Valencia,2019-11-30,True
9475572,Private room,250.0,True,21,51,81,356,92,10,52,Barcelona,2018-01-17,True
9483720,Entire home/apt,4200.0,True,9,25,41,302,91,35,82,Barcelona,2019-08-12,True
9485319,Entire home/apt,550.0,True,0,17,47,322,96,65,248,Madrid,2018-01-17,True
9487962,Entire home/apt,3110.0,True,15,25,39,295,94,18,66,Barcelona,2018-05-14,True
9501190,Entire home/apt,1640.0,True,30,60,90,310,86,7,43,Mallorca,2019-12-31,True
9501577,Private room,290.0,True,23,53,83,358,,0,,Barcelona,2018-08-14,
9507426,Private room,320.0,True,0,0,7,282,93,24,84,Barcelona,2018-10-10,True
9538667,Entire home/apt,2000.0,True,0,0,0,0,95,110,281,Barcelona,2019-05-14,True
9539049,Private room,180.0,True,0,0,0,0,,1,2,Madrid,2019-09-19,
9553410,Entire home/apt,1770.0,True,0,0,1,117,,0,,Mallorca,2019-01-28,
9557814,Private room,220.0,False,15,20,50,292,98,13,95,Barcelona,2017-02-09,True
9590507,Private room,390.0,True,16,36,66,66,85,68,203,Mallorca,2018-11-20,True
9600495,Entire home/apt,800.0,True,24,50,77,333,99,72,137,Malaga,2020-03-26,True
9600924,Entire home/apt,590.0,True,11,25,38,304,97,102,284,Madrid,2018-12-10,True
9602130,Private room,400.0,True,29,59,89,364,98,9,28,Sevilla,2018-07-31,True
9602745,Entire home/apt,630.0,True,0,0,0,0,78,58,142,Madrid,2019-05-14,False
9606267,Private room,110.0,True,13,43,73,348,91,257,423,Valencia,2020-12-21,True
9608116,Private room,360.0,True,13,18,18,53,94,33,111,Barcelona,2018-11-07,True
9609003,Entire home/apt,600.0,True,0,0,0,0,96,55,88,Madrid,2021-01-12,True
9619438,Entire home/apt,1320.0,True,28,29,29,288,100,1,4,Mallorca,2018-10-17,True
9623767,Entire home/apt,500.0,True,25,55,85,354,96,72,127,Madrid,2020-08-25,True
9629805,Entire home/apt,900.0,True,28,58,88,360,96,298,598,Girona,2019-12-31,True
9638801,Entire home/apt,850.0,True,0,0,0,197,89,20,58,Malaga,2019-05-01,True
9639522,Private room,690.0,True,6,8,17,136,97,155,45,Barcelona,2019-03-08,True
9639977,Entire home/apt,1200.0,True,6,18,25,264,99,29,101,Madrid,2018-04-12,True
9649549,Entire home/apt,480.0,True,0,0,0,0,96,61,165,Madrid,2019-03-08,True
9657097,Entire home/apt,1550.0,True,0,18,21,194,,0,,Mallorca,2021-02-11,
9659396,Entire home/apt,2080.0,True,4,23,46,321,,0,,Mallorca,2018-07-29,
9664064,Private room,360.0,True,29,47,67,156,96,318,611,Madrid,2020-03-17,True
9665896,Private room,270.0,True,0,0,0,0,100,1,7,Barcelona,2017-12-09,True
9675384,Entire home/apt,1270.0,True,3,3,3,3,89,79,176,Barcelona,2019-10-16,True
9676463,Private room,700.0,True,0,0,0,0,,0,,Madrid,2018-05-14,
9688685,Entire home/apt,700.0,False,0,0,0,0,80,1,8,Barcelona,2017-02-09,True
9688838,Entire home/apt,290.0,True,0,14,44,319,93,6,12,Barcelona,2020-12-16,True
9701470,Entire home/apt,1170.0,False,2,28,58,333,,0,,Barcelona,2017-01-04,
9708841,Private room,150.0,True,0,0,0,0,,0,,Barcelona,2020-12-16,
9722582,Entire home/apt,650.0,True,1,12,26,26,89,87,203,Barcelona,2019-10-16,True
9745553,Entire home/apt,1890.0,True,30,60,90,365,96,58,99,Madrid,2021-01-12,True
9746164,Entire home/apt,270.0,True,29,59,89,364,95,87,148,Madrid,2020-12-17,True
9755908,Private room,600.0,False,0,0,0,0,,0,,Barcelona,2017-07-06,
9767425,Entire home/apt,1470.0,True,0,13,43,120,87,3,8,Girona,2019-07-29,True
9767886,Entire home/apt,2920.0,True,29,59,89,354,98,10,24,Mallorca,2020-02-29,True
9769026,Entire home/apt,750.0,True,7,37,67,102,93,3,7,Girona,2019-07-29,True
9769983,Entire home/apt,500.0,True,30,34,34,184,95,4,16,Menorca,2018-09-28,True
9784279,Entire home/apt,3520.0,True,11,24,39,206,,0,,Sevilla,2019-06-29,
9796203,Entire home/apt,650.0,True,21,48,66,321,87,89,232,Sevilla,2019-01-29,True
9805465,Entire home/apt,410.0,True,4,10,29,192,92,100,25,Sevilla,2019-03-28,True
9839053,Entire home/apt,290.0,True,30,60,90,365,84,222,412,Madrid,2020-05-14,True
9853291,Entire home/apt,1500.0,True,0,0,0,100,87,10,25,Barcelona,2019-04-10,True
9876822,Entire home/apt,850.0,False,0,4,7,74,100,7,56,Madrid,2017-04-08,True
9882952,Private room,300.0,True,29,59,89,364,93,3,5,Barcelona,2020-08-24,True
9891769,Entire home/apt,750.0,True,6,21,34,169,97,72,195,Valencia,2019-03-31,True
9892051,Private room,400.0,True,9,11,11,11,94,46,111,Mallorca,2019-05-27,True
9897617,Entire home/apt,570.0,True,0,0,0,44,94,139,242,Barcelona,2020-09-12,True
9898670,Entire home/apt,1000.0,False,1,1,6,252,87,67,381,Barcelona,2017-07-06,True
9899127,Entire home/apt,1800.0,True,0,17,47,178,87,6,19,Mallorca,2019-02-17,True
9914165,Entire home/apt,2430.0,True,4,13,31,261,97,38,128,Barcelona,2019-11-09,True
9914784,Entire home/apt,1600.0,True,27,57,87,362,90,81,263,Madrid,2018-07-10,True
9921111,Entire home/apt,900.0,True,30,60,62,62,100,2,7,Girona,2019-10-30,True
9922861,Private room,250.0,True,8,13,25,290,100,5,17,Barcelona,2018-06-09,True
9931276,Private room,840.0,True,29,45,51,99,99,141,31,Barcelona,2020-04-16,True
9937559,Entire home/apt,990.0,False,0,1,7,170,95,101,541,Barcelona,2017-08-06,True
9940226,Entire home/apt,1900.0,True,9,18,34,294,94,146,458,Madrid,2018-08-14,True
9941704,Private room,350.0,True,0,15,45,135,60,1,4,Barcelona,2018-05-14,False
9949200,Entire home/apt,2500.0,False,30,60,78,243,93,3,28,Mallorca,2017-03-15,True
9951270,Entire home/apt,1670.0,True,13,43,73,87,,0,,Mallorca,2019-07-25,
9976010,Private room,450.0,True,0,0,0,0,96,16,33,Barcelona,2019-12-10,True
9982070,Entire home/apt,1340.0,True,10,18,18,18,,0,,Mallorca,2020-09-19,
9982451,Private room,200.0,False,1,1,5,280,88,8,57,Madrid,2017-04-08,True
9986381,Entire home/apt,1290.0,True,4,10,16,251,94,110,276,Barcelona,2019-04-10,True
9991303,Entire home/apt,2500.0,True,29,48,48,48,92,10,48,Barcelona,2017-11-13,True
10003583,Entire home/apt,980.0,True,0,0,0,0,100,1,3,Mallorca,2018-11-20,True
10005342,Entire home/apt,300.0,True,0,0,7,282,78,69,17,Barcelona,2019-05-14,False
10007695,Private room,350.0,False,0,0,0,245,,0,,Barcelona,2017-05-07,
10008836,Entire home/apt,950.0,True,11,38,68,283,86,13,43,Girona,2018-09-28,True
10016232,Entire home/apt,600.0,True,0,0,0,0,87,15,42,Madrid,2019-01-14,True
10030761,Entire home/apt,3500.0,True,0,0,0,167,,0,,Mallorca,2021-01-16,
10048434,Entire home/apt,1560.0,True,0,0,0,0,,0,,Barcelona,2017-12-09,
10049186,Private room,300.0,True,29,59,89,89,95,29,56,Barcelona,2020-08-24,True
10051885,Entire home/apt,500.0,True,0,0,0,0,82,82,171,Barcelona,2019-12-10,True
10052073,Entire home/apt,1200.0,True,20,50,80,170,99,53,162,Madrid,2018-11-07,True
10052599,Entire home/apt,900.0,True,27,54,84,255,87,15,33,Barcelona,2020-03-16,True
10064526,Entire home/apt,760.0,True,26,56,86,176,96,178,314,Valencia,2020-08-30,True
10065456,Entire home/apt,600.0,True,2,7,22,297,100,22,86,Mallorca,2018-07-29,True
10073858,Shared room,250.0,False,30,60,90,365,100,4,33,Madrid,2017-04-08,True
10081378,Private room,260.0,True,0,0,0,0,95,9,17,Madrid,2021-01-12,True
10086645,Entire home/apt,1000.0,False,0,0,0,0,80,2,13,Barcelona,2017-04-08,True
10088939,Entire home/apt,1600.0,True,0,5,8,16,100,45,94,Mallorca,2020-06-25,True
10100174,Private room,300.0,False,5,29,58,333,91,67,434,Barcelona,2017-04-08,True
10147107,Entire home/apt,1720.0,True,0,10,20,23,94,19,74,Malaga,2018-07-31,True
10160540,Private room,400.0,False,0,12,25,69,96,22,23,Barcelona,2017-05-07,True
10163333,Entire home/apt,750.0,True,7,19,49,324,95,8,2,Barcelona,2019-09-17,True
10167887,Entire home/apt,1500.0,True,5,35,65,340,92,68,184,Barcelona,2019-01-14,True
10186267,Private room,300.0,True,0,0,0,0,70,2,5,Barcelona,2019-04-10,False
10197198,Entire home/apt,1160.0,True,0,0,0,122,94,82,141,Sevilla,2020-12-31,True
10203684,Entire home/apt,390.0,True,8,33,56,152,93,110,312,Malaga,2018-11-27,True
10205793,Entire home/apt,1500.0,True,0,0,0,62,90,33,15,Barcelona,2018-01-17,True
10288055,Private room,280.0,True,18,26,26,249,98,183,938,Madrid,2018-04-12,True
10294590,Entire home/apt,2800.0,True,30,60,90,365,,0,,Mallorca,2019-03-25,
10329314,Entire home/apt,600.0,True,30,60,90,344,85,16,55,Mallorca,2018-11-20,True
10330171,Entire home/apt,1100.0,True,0,19,21,70,96,5,74,Madrid,2019-11-09,True
10330404,Entire home/apt,3500.0,True,28,58,88,307,100,2,27,Girona,2019-02-19,True
10332631,Entire home/apt,3000.0,True,28,58,88,363,93,30,58,Mallorca,2020-08-28,True
10337538,Entire home/apt,440.0,True,0,0,0,234,95,398,64,Valencia,2021-02-20,True
10373116,Private room,450.0,True,7,29,56,326,91,79,395,Barcelona,2017-10-07,True
10374268,Shared room,1000.0,True,30,60,90,365,85,18,47,Madrid,2019-04-11,True
10400966,Entire home/apt,900.0,True,26,56,86,356,98,46,159,Madrid,2018-07-10,True
10419642,Entire home/apt,4890.0,True,27,57,79,334,100,1,12,Girona,2018-04-21,True
10420923,Entire home/apt,900.0,True,17,19,19,94,97,19,54,Mallorca,2019-05-27,True
10442879,Entire home/apt,800.0,False,15,45,75,75,98,24,161,Madrid,2017-04-08,True
10442982,Private room,2000.0,True,30,60,90,365,,0,,Madrid,2019-03-08,
10444307,Private room,300.0,True,0,0,0,0,96,5,28,Barcelona,2018-01-17,True
10445067,Entire home/apt,600.0,True,10,40,63,332,92,74,214,Madrid,2018-12-10,True
10485211,Entire home/apt,2300.0,True,29,50,74,131,99,27,54,Girona,2020-03-26,True
10490005,Private room,270.0,True,1,1,1,227,97,13,22,Madrid,2021-01-12,True
10504333,Entire home/apt,1160.0,True,4,33,55,154,89,7,21,Mallorca,2019-02-17,True
10505309,Entire home/apt,600.0,True,13,17,17,196,97,84,206,Mallorca,2019-09-28,True
10507322,Entire home/apt,1350.0,True,0,0,0,10,100,2,13,Madrid,2018-10-10,True
10509993,Entire home/apt,5000.0,True,29,59,89,364,100,1,4,Mallorca,2020-05-28,True
10516225,Entire home/apt,800.0,True,0,0,0,129,96,29,67,Mallorca,2020-01-29,True
10519952,Private room,320.0,True,18,18,18,18,97,33,169,Barcelona,2017-11-13,True
10533081,Entire home/apt,1400.0,False,3,3,3,109,96,18,116,Barcelona,2017-08-06,True
10534488,Entire home/apt,390.0,True,7,26,45,278,89,86,234,Valencia,2019-03-31,True
10539411,Entire home/apt,4000.0,True,16,46,49,49,89,25,78,Girona,2018-10-20,True
10539504,Private room,400.0,True,0,0,0,0,95,12,28,Madrid,2019-11-09,True
10548137,Hotel room,1170.0,True,24,54,84,271,90,8,19,Girona,2019-12-31,True
10553326,Private room,200.0,True,23,49,79,351,94,104,448,Barcelona,2018-01-17,True
10559621,Private room,650.0,True,24,54,84,359,90,54,274,Barcelona,2017-10-07,True
10563232,Private room,360.0,True,0,0,0,0,98,32,92,Madrid,2019-01-14,True
10581101,Entire home/apt,1900.0,True,6,24,49,95,90,103,251,Barcelona,2019-08-12,True
10604387,Private room,550.0,True,29,59,89,362,95,8,35,Sevilla,2018-08-27,True
10605673,Entire home/apt,710.0,False,13,43,73,214,,0,,Mallorca,2017-03-15,
10625566,Private room,500.0,True,16,46,76,351,95,16,44,Barcelona,2019-05-14,True
10646217,Entire home/apt,1500.0,True,10,28,49,213,80,1,5,Madrid,2018-04-12,True
10646732,Entire home/apt,500.0,True,3,33,58,278,88,61,297,Barcelona,2017-10-07,True
10654166,Entire home/apt,500.0,True,0,0,0,0,95,65,138,Girona,2020-02-29,True
10654700,Entire home/apt,1550.0,True,30,56,86,293,100,9,2,Mallorca,2020-04-23,True
10663752,Entire home/apt,980.0,True,23,53,83,142,96,282,492,Barcelona,2020-11-06,True
10665533,Entire home/apt,750.0,True,7,20,26,102,90,4,12,Mallorca,2019-04-24,True
10672160,Entire home/apt,1020.0,False,1,2,18,293,84,38,216,Barcelona,2017-07-06,True
10699176,Private room,390.0,True,29,59,89,89,100,59,104,Madrid,2020-09-13,True
10700849,Private room,520.0,True,1,1,1,223,97,36,174,Barcelona,2017-12-09,True
10705908,Private room,350.0,True,30,60,90,90,,1,3,Valencia,2019-09-01,
10713417,Private room,370.0,True,0,0,7,282,96,68,214,Barcelona,2018-10-10,True
10717396,Entire home/apt,590.0,True,1,24,54,54,95,113,246,Madrid,2019-11-09,True
10737049,Entire home/apt,490.0,True,22,42,67,156,98,102,366,Madrid,2018-05-14,True
10737502,Entire home/apt,700.0,True,15,40,70,278,89,75,258,Barcelona,2018-11-07,True
10737758,Entire home/apt,3000.0,True,7,19,39,208,92,152,363,Barcelona,2019-09-17,True
10740142,Entire home/apt,1000.0,True,0,0,0,0,,0,,Valencia,2019-10-31,
10749658,Private room,490.0,True,5,35,65,340,95,4,15,Madrid,2018-04-12,True
10757653,Entire home/apt,1900.0,True,28,58,88,363,94,7,26,Girona,2018-08-30,True
10763645,Entire home/apt,1950.0,True,4,20,25,254,90,24,92,Barcelona,2018-04-12,True
10767858,Entire home/apt,900.0,True,0,0,0,0,96,36,76,Girona,2020-05-28,True
10777795,Entire home/apt,1250.0,True,0,0,0,93,97,48,116,Menorca,2019-11-30,True
10779272,Entire home/apt,700.0,True,30,57,87,312,80,4,9,Malaga,2020-04-30,True
10783613,Entire home/apt,600.0,True,2,2,8,250,92,51,148,Malaga,2018-12-22,True
10784895,Private room,370.0,True,3,3,3,3,96,24,109,Barcelona,2017-12-09,True
10789641,Entire home/apt,350.0,True,0,0,0,0,87,108,284,Madrid,2019-05-14,True
10795353,Entire home/apt,900.0,True,17,47,77,77,95,97,219,Madrid,2020-01-10,True
10804895,Entire home/apt,900.0,True,0,0,12,12,92,42,108,Malaga,2019-05-30,True
10805041,Entire home/apt,620.0,True,4,6,25,298,91,40,115,Sevilla,2019-01-29,True
10806296,Entire home/apt,1650.0,True,26,54,84,359,97,26,58,Sevilla,2020-02-29,True
10807501,Entire home/apt,1200.0,False,23,50,76,349,95,15,121,Madrid,2017-03-06,True
10818188,Entire home/apt,1350.0,True,0,0,0,49,100,6,2,Girona,2018-12-22,True
10878653,Private room,700.0,False,30,60,90,90,100,2,15,Barcelona,2017-04-08,True
10902660,Private room,170.0,True,7,17,47,137,98,30,116,Madrid,2018-04-12,True
10914921,Entire home/apt,2000.0,True,29,52,77,306,87,3,7,Menorca,2020-03-26,True
10926925,Entire home/apt,700.0,True,15,45,75,350,78,9,21,Madrid,2020-03-17,False
10932537,Entire home/apt,1500.0,True,17,32,39,248,92,6,17,Girona,2019-05-29,True
10932904,Entire home/apt,720.0,True,27,30,37,38,87,3,13,Girona,2018-09-28,True
10933943,Entire home/apt,850.0,True,2,5,23,258,99,142,475,Mallorca,2018-07-29,True
10933970,Entire home/apt,500.0,True,13,13,13,13,80,1,11,Barcelona,2017-12-09,True
10939061,Private room,180.0,False,9,22,52,327,86,31,314,Madrid,2017-04-08,True
10943554,Entire home/apt,1990.0,True,5,7,37,273,98,11,28,Mallorca,2019-12-31,True
10977024,Private room,3500.0,True,28,58,88,363,,0,,Mallorca,2018-10-17,
10977189,Entire home/apt,980.0,True,5,21,51,326,96,143,303,Sevilla,2019-12-31,True
10979216,Private room,190.0,True,30,60,90,365,94,31,161,Barcelona,2017-12-09,True
10983900,Entire home/apt,1150.0,True,29,59,89,331,99,53,97,Mallorca,2021-01-16,True
10984825,Entire home/apt,400.0,True,30,60,90,90,88,149,247,Girona,2021-01-31,True
10987290,Entire home/apt,510.0,True,6,14,28,115,95,139,495,Sevilla,2018-07-31,True
11002274,Entire home/apt,990.0,False,22,32,57,319,87,11,105,Barcelona,2017-01-04,True
11005774,Entire home/apt,900.0,True,14,44,74,349,98,16,42,Mallorca,2019-09-28,True
11032300,Private room,350.0,False,25,46,66,340,94,13,94,Barcelona,2017-04-08,True
11049959,Entire home/apt,350.0,True,0,0,0,0,93,8,15,Madrid,2020-07-17,True
11050306,Entire home/apt,3000.0,True,29,59,89,364,,0,,Barcelona,2019-03-08,
11051116,Entire home/apt,1170.0,True,4,5,11,273,98,36,9,Mallorca,2019-06-27,True
11055393,Private room,200.0,True,0,0,0,0,,0,,Barcelona,2019-08-12,
11074413,Entire home/apt,2570.0,True,20,26,26,26,60,1,9,Mallorca,2020-09-19,False
11083903,Private room,150.0,True,0,0,0,0,,0,,Madrid,2019-03-08,
11102825,Entire home/apt,1500.0,True,23,39,39,112,94,7,22,Menorca,2019-01-30,True
11114286,Entire home/apt,600.0,True,3,27,57,120,98,107,244,Sevilla,2019-09-30,True
11117507,Entire home/apt,990.0,True,0,0,0,0,67,3,14,Barcelona,2017-11-13,False
11120533,Entire home/apt,600.0,True,15,38,66,290,85,137,515,Sevilla,2018-04-21,True
11128052,Entire home/apt,2900.0,True,28,53,69,320,100,22,62,Girona,2019-04-29,True
11128281,Entire home/apt,680.0,True,0,0,0,0,98,112,475,Madrid,2018-01-17,True
11130249,Entire home/apt,990.0,False,0,0,0,0,67,6,9,Barcelona,2017-01-04,False
11135042,Private room,390.0,True,6,21,41,205,91,114,313,Madrid,2019-03-08,True
11140090,Private room,600.0,False,2,2,2,2,90,6,43,Barcelona,2017-04-08,True
11155742,Entire home/apt,1000.0,True,8,38,56,56,94,101,33,Barcelona,2018-10-10,True
11155957,Entire home/apt,600.0,False,9,13,18,194,97,31,23,Madrid,2017-04-08,True
11157403,Private room,750.0,True,0,0,0,0,,0,,Madrid,2020-04-17,
11159274,Entire home/apt,900.0,True,9,22,46,72,91,9,52,Barcelona,2017-09-12,True
11162926,Entire home/apt,3860.0,True,2,2,2,139,100,1,7,Mallorca,2019-04-24,True
11163417,Entire home/apt,660.0,True,0,0,0,9,98,22,55,Menorca,2019-09-30,True
11179999,Private room,400.0,False,27,57,83,357,92,11,99,Barcelona,2017-03-06,True
11180610,Entire home/apt,710.0,True,23,26,42,42,98,50,125,Madrid,2019-08-12,True
11180810,Entire home/apt,2200.0,True,16,22,31,230,99,38,79,Sevilla,2020-02-29,True
11183000,Entire home/apt,3230.0,True,28,58,88,312,90,38,68,Malaga,2020-10-30,True
11185169,Entire home/apt,550.0,True,24,49,77,210,98,182,45,Sevilla,2020-03-23,True
11197075,Entire home/apt,4250.0,True,0,0,0,207,80,2,5,Mallorca,2019-11-28,True
11198148,Private room,400.0,False,20,50,80,355,,0,,Barcelona,2017-01-04,
11215157,Entire home/apt,1100.0,True,0,0,0,245,98,10,31,Mallorca,2018-12-18,True
11220830,Private room,550.0,True,1,1,1,123,91,135,248,Barcelona,2020-08-24,True
11224372,Private room,590.0,True,24,50,79,147,90,74,165,Sevilla,2019-11-29,True
11231484,Entire home/apt,2500.0,True,23,53,83,358,83,13,42,Barcelona,2018-09-11,True
11246722,Entire home/apt,410.0,True,29,59,89,157,85,173,352,Malaga,2020-03-26,True
11248917,Private room,500.0,False,28,58,88,363,,0,,Barcelona,2017-04-08,
11253321,Private room,400.0,True,4,12,22,287,88,74,177,Sevilla,2019-07-29,True
11255910,Entire home/apt,890.0,True,2,15,26,273,97,147,581,Madrid,2018-04-12,True
11257496,Entire home/apt,600.0,True,29,59,89,364,91,7,15,Malaga,2019-12-31,True
11259015,Entire home/apt,3150.0,True,23,53,83,358,100,5,19,Malaga,2018-10-25,True
11272211,Entire home/apt,1100.0,True,30,60,90,365,,0,,Madrid,2021-02-09,
11272667,Entire home/apt,690.0,True,22,42,60,308,92,72,304,Barcelona,2018-02-07,True
11274752,Private room,750.0,True,0,0,0,0,100,15,31,Barcelona,2020-02-16,True
11278771,Private room,700.0,True,1,11,24,235,99,209,541,Sevilla,2019-05-29,True
11289818,Entire home/apt,3500.0,True,0,0,0,134,100,25,63,Mallorca,2019-10-28,True
11292645,Private room,300.0,True,14,36,50,130,99,19,7,Barcelona,2018-05-14,True
11294046,Entire home/apt,520.0,True,0,0,0,0,93,9,15,Sevilla,2020-12-31,True
11319343,Private room,1500.0,False,0,9,11,11,,0,,Barcelona,2017-06-05,
11329594,Private room,600.0,True,15,42,72,72,99,126,311,Sevilla,2019-06-29,True
11329943,Private room,390.0,True,10,28,56,223,95,153,466,Madrid,2018-11-07,True
11355613,Entire home/apt,1430.0,True,27,57,72,130,,0,,Girona,2019-04-29,
11357060,Entire home/apt,2700.0,True,15,31,43,131,97,7,16,Mallorca,2020-04-23,True
11357206,Entire home/apt,1860.0,True,0,0,0,0,100,1,3,Malaga,2020-10-30,True
11366342,Private room,180.0,False,0,0,0,0,90,2,35,Barcelona,2017-02-09,True
11371858,Entire home/apt,800.0,True,22,39,55,330,95,17,59,Malaga,2018-10-25,True
11372548,Private room,320.0,True,0,0,0,0,94,56,161,Madrid,2019-01-14,True
11373621,Private room,400.0,True,29,59,89,364,93,11,2,Valencia,2020-12-21,True
11382291,Private room,300.0,False,0,6,36,311,93,9,98,Barcelona,2017-01-04,True
11385718,Entire home/apt,800.0,True,0,0,0,0,,0,,Barcelona,2018-04-12,
11388701,Entire home/apt,1180.0,True,30,60,90,365,100,2,7,Girona,2019-12-31,True
11391517,Entire home/apt,600.0,True,4,11,24,199,98,299,692,Madrid,2019-10-16,True
11392193,Private room,130.0,True,13,39,69,146,86,94,326,Barcelona,2018-08-14,True
11395302,Entire home/apt,330.0,True,5,20,21,262,100,2,36,Barcelona,2018-01-17,True
11396341,Private room,1000.0,True,0,0,0,16,80,2,11,Barcelona,2018-01-17,True
11397725,Private room,200.0,True,27,57,87,87,,0,,Barcelona,2018-04-12,
11404229,Entire home/apt,950.0,False,9,14,18,260,,0,,Barcelona,2017-05-07,
11411444,Entire home/apt,750.0,False,29,59,89,364,83,13,147,Barcelona,2017-01-04,True
11416382,Private room,550.0,True,8,29,43,43,93,106,342,Barcelona,2018-10-10,True
11416659,Entire home/apt,750.0,True,0,10,40,40,95,49,82,Valencia,2021-02-20,True
11423836,Entire home/apt,1160.0,True,3,12,21,288,98,102,269,Madrid,2019-05-14,True
11431221,Private room,750.0,False,30,60,90,365,,0,,Barcelona,2017-03-06,
11431731,Entire home/apt,710.0,True,24,54,84,236,90,8,169,Madrid,2019-01-14,True
11432210,Entire home/apt,1140.0,True,7,15,32,251,96,59,142,Madrid,2020-01-10,True
11435000,Entire home/apt,940.0,True,23,43,59,240,97,7,21,Girona,2019-04-29,True
11438763,Entire home/apt,710.0,True,29,56,86,253,80,3,8,Madrid,2019-12-10,True
11459265,Private room,300.0,True,0,11,11,11,88,39,192,Barcelona,2017-11-13,True
11486871,Private room,550.0,True,28,58,88,363,80,2,13,Barcelona,2017-09-12,True
11495378,Private room,600.0,True,0,0,0,0,83,10,2,Barcelona,2020-06-13,True
11516651,Entire home/apt,5000.0,True,29,33,60,335,92,5,19,Girona,2019-06-30,True
11519240,Private room,290.0,True,30,60,90,90,99,77,136,Valencia,2020-11-10,True
11520183,Entire home/apt,1900.0,True,30,60,90,267,99,133,267,Madrid,2020-05-14,True
11524534,Entire home/apt,1100.0,True,0,0,10,62,90,12,49,Barcelona,2018-04-12,True
11524615,Private room,400.0,True,27,57,87,362,98,161,298,Barcelona,2020-09-12,True
11529850,Entire home/apt,1750.0,True,20,50,80,295,94,14,107,Girona,2018-09-28,True
11535966,Entire home/apt,600.0,True,30,50,63,317,96,173,352,Valencia,2020-05-31,True
11545511,Private room,480.0,False,5,9,39,314,97,12,84,Barcelona,2017-06-05,True
11545918,Entire home/apt,1900.0,True,30,60,90,334,88,8,15,Girona,2020-12-31,True
11548686,Private room,300.0,False,23,48,78,109,87,64,37,Barcelona,2017-08-06,True
11558645,Entire home/apt,2000.0,True,0,0,0,0,100,2,1,Girona,2020-03-26,True
11561737,Private room,150.0,True,0,0,0,0,,0,,Madrid,2020-10-17,
11562597,Entire home/apt,600.0,True,26,56,86,224,72,26,52,Barcelona,2020-04-16,False
11563254,Entire home/apt,600.0,False,4,10,25,297,71,24,143,Barcelona,2017-08-06,False
11564669,Private room,300.0,True,3,25,55,330,100,16,38,Madrid,2019-12-10,True
11565250,Entire home/apt,750.0,True,0,0,0,183,95,82,151,Valencia,2020-08-30,True
11566229,Entire home/apt,1350.0,False,16,41,58,303,93,47,401,Madrid,2017-03-06,True
11568230,Entire home/apt,550.0,True,0,0,0,45,93,7,15,Barcelona,2020-02-16,True
11568875,Private room,580.0,False,30,60,90,365,88,11,83,Barcelona,2017-05-07,True
11569228,Private room,350.0,True,0,0,0,0,100,4,8,Barcelona,2020-07-17,True
11570056,Entire home/apt,2000.0,True,28,58,88,363,100,4,7,Barcelona,2021-01-12,True
11570926,Entire home/apt,440.0,True,11,19,35,72,88,84,257,Sevilla,2018-11-22,True
11578660,Private room,390.0,True,0,0,0,0,100,1,12,Malaga,2018-04-22,True
11585976,Entire home/apt,3000.0,True,27,35,44,78,100,70,246,Sevilla,2018-07-31,True
11587155,Entire home/apt,550.0,False,9,9,37,127,84,5,79,Madrid,2017-03-06,True
11598588,Entire home/apt,600.0,False,11,25,43,245,96,21,168,Madrid,2017-04-08,True
11603689,Entire home/apt,600.0,True,30,60,90,90,91,16,37,Girona,2019-12-31,True
11603936,Entire home/apt,1200.0,False,6,19,47,317,95,22,14,Barcelona,2017-08-06,True
11607312,Private room,300.0,False,4,8,14,90,94,31,221,Barcelona,2017-06-05,True
11613819,Entire home/apt,2200.0,True,0,0,19,109,100,16,52,Mallorca,2019-02-17,True
11617403,Private room,1000.0,True,0,0,0,0,,0,,Girona,2018-04-21,
11620856,Private room,380.0,True,11,24,46,226,98,108,245,Barcelona,2019-11-09,True
11622901,Hotel room,730.0,True,0,0,0,0,60,1,8,Girona,2019-08-31,False
11631870,Entire home/apt,700.0,True,23,23,23,149,98,58,122,Malaga,2020-02-29,True
11635771,Entire home/apt,1300.0,True,30,48,68,343,99,112,386,Madrid,2018-08-14,True
11644226,Private room,490.0,True,1,18,39,300,95,377,85,Sevilla,2019-10-30,True
11654423,Entire home/apt,900.0,True,24,52,82,357,80,8,18,Valencia,2019-10-31,True
11658556,Entire home/apt,980.0,False,9,24,35,270,88,56,506,Barcelona,2017-02-09,True
11658641,Entire home/apt,2500.0,True,0,0,0,7,96,29,53,Mallorca,2020-11-08,True
11662416,Entire home/apt,680.0,True,0,0,0,161,86,49,165,Sevilla,2018-09-22,True
11664174,Private room,550.0,True,0,0,0,0,100,2,4,Barcelona,2020-11-06,True
11669635,Entire home/apt,930.0,True,29,59,89,89,94,167,286,Sevilla,2020-12-31,True
11670392,Entire home/apt,1000.0,True,0,0,0,0,,0,,Barcelona,2017-11-13,
11673914,Entire home/apt,1700.0,True,23,31,46,176,98,11,23,Mallorca,2020-06-25,True
11686391,Private room,350.0,True,29,59,89,364,50,2,4,Madrid,2020-05-14,False
11687495,Entire home/apt,500.0,True,0,0,0,0,,0,,Madrid,2019-06-07,
11691751,Entire home/apt,900.0,True,29,59,89,364,96,35,83,Girona,2019-09-30,True
11705677,Entire home/apt,950.0,False,0,0,0,216,97,14,137,Barcelona,2017-04-08,True
11713036,Entire home/apt,650.0,True,0,0,0,179,96,39,82,Girona,2020-06-29,True
11715525,Entire home/apt,510.0,True,14,31,61,151,92,93,172,Valencia,2020-08-30,True
11719508,Private room,350.0,True,5,15,29,276,96,179,547,Barcelona,2018-12-10,True
11736309,Entire home/apt,2600.0,True,29,59,89,364,,0,,Girona,2019-07-29,
11749547,Entire home/apt,2200.0,True,8,27,57,332,100,7,27,Mallorca,2019-09-28,True
11753309,Private room,300.0,True,29,58,84,359,86,46,105,Madrid,2020-04-17,True
11767366,Private room,480.0,True,0,0,0,0,91,35,99,Barcelona,2019-03-08,True
11780353,Entire home/apt,1480.0,True,30,60,90,91,97,23,88,Menorca,2018-09-28,True
11799070,Entire home/apt,850.0,True,8,15,28,249,98,19,78,Malaga,2019-05-01,True
11807327,Entire home/apt,1700.0,True,20,47,72,308,93,34,203,Barcelona,2018-02-07,True
11811815,Entire home/apt,650.0,True,4,23,46,321,91,131,472,Madrid,2018-07-10,True
11816669,Entire home/apt,500.0,True,0,0,0,0,100,6,2,Sevilla,2018-08-27,True
11816740,Private room,900.0,True,30,60,90,365,90,2,11,Girona,2018-04-21,True
11821663,Private room,350.0,False,23,53,83,358,100,6,71,Madrid,2017-04-08,True
11821878,Private room,250.0,True,0,0,0,0,,0,,Barcelona,2019-07-10,
11822136,Entire home/apt,500.0,True,0,0,0,0,80,4,16,Madrid,2019-12-10,True
11832604,Private room,190.0,True,22,46,76,351,96,11,39,Madrid,2018-07-10,True
11832784,Private room,230.0,True,7,25,55,323,94,118,388,Sevilla,2018-09-22,True
11836391,Entire home/apt,370.0,True,1,1,1,1,77,7,29,Malaga,2019-09-01,False
11838750,Entire home/apt,550.0,False,0,0,0,158,80,2,16,Barcelona,2017-04-08,True
11840499,Private room,750.0,True,19,49,79,79,97,12,41,Malaga,2018-08-29,True
11842081,Shared room,200.0,True,0,0,0,0,94,44,134,Madrid,2018-12-10,True
11843115,Private room,960.0,True,0,0,0,254,98,10,25,Madrid,2019-08-12,True
11847427,Private room,5000.0,True,15,44,74,137,88,15,37,Sevilla,2019-12-31,True
11857115,Entire home/apt,980.0,True,17,47,77,172,93,65,219,Madrid,2018-10-10,True
11879723,Private room,320.0,True,0,0,0,0,100,3,7,Barcelona,2019-09-17,True
11882022,Entire home/apt,1200.0,True,0,0,0,0,,0,,Malaga,2018-05-27,
11882029,Entire home/apt,2300.0,True,30,60,90,231,100,1,6,Barcelona,2018-10-10,True
11890982,Entire home/apt,600.0,True,5,5,8,283,97,24,66,Madrid,2019-04-11,True
11897324,Entire home/apt,2700.0,True,19,48,63,315,100,5,23,Barcelona,2018-04-12,True
11900050,Entire home/apt,2000.0,True,29,59,89,340,97,26,93,Mallorca,2018-10-17,True
11901013,Entire home/apt,1200.0,True,0,10,34,174,80,1,3,Mallorca,2019-02-17,True
11901471,Entire home/apt,2400.0,True,27,57,87,87,,0,,Malaga,2019-03-31,
11909819,Private room,300.0,True,10,40,70,345,92,43,242,Barcelona,2017-09-12,True
11925686,Entire home/apt,500.0,True,25,46,69,344,79,22,57,Girona,2019-05-29,False
11933593,Private room,350.0,True,18,42,72,72,96,78,287,Madrid,2018-07-10,True
11938204,Entire home/apt,1990.0,True,30,60,89,343,86,10,41,Girona,2018-04-21,True
11948114,Private room,600.0,True,0,0,14,265,97,50,273,Barcelona,2017-10-07,True
11955191,Private room,320.0,True,9,31,50,275,,0,,Barcelona,2018-05-14,
11955696,Private room,400.0,True,0,0,0,0,,0,,Barcelona,2017-11-13,
11955719,Entire home/apt,1100.0,True,29,59,89,364,95,8,21,Girona,2019-08-31,True
11956034,Entire home/apt,1650.0,True,27,44,74,338,93,6,11,Sevilla,2021-02-27,True
11956508,Private room,1000.0,True,30,60,90,365,,0,,Madrid,2020-01-10,
11960656,Private room,370.0,True,0,0,0,0,,0,,Madrid,2020-10-17,
11968269,Private room,300.0,False,23,53,83,358,91,7,57,Barcelona,2017-05-07,True
11982369,Entire home/apt,600.0,False,30,60,86,284,91,9,93,Mallorca,2017-03-15,True
11989301,Entire home/apt,650.0,True,7,11,30,271,100,178,394,Valencia,2019-12-31,True
11997812,Entire home/apt,5000.0,False,17,24,37,192,88,5,64,Barcelona,2017-03-06,True
12013971,Entire home/apt,1100.0,True,11,25,49,308,,0,,Barcelona,2017-09-12,
12015070,Entire home/apt,1100.0,False,8,18,31,293,,0,,Barcelona,2017-03-06,
12032919,Shared room,700.0,False,30,60,90,365,80,6,47,Barcelona,2017-06-05,True
12034780,Private room,400.0,True,30,60,90,365,96,83,22,Mallorca,2020-11-08,True
12036000,Entire home/apt,1200.0,True,0,0,0,0,96,98,224,Girona,2019-11-30,True
12040346,Entire home/apt,1450.0,True,30,60,90,365,73,8,36,Barcelona,2018-07-10,False
12045434,Entire home/apt,1550.0,True,28,58,88,363,80,5,3,Barcelona,2017-10-07,True
12054575,Entire home/apt,1480.0,True,0,7,23,192,98,32,117,Malaga,2018-08-29,True
12059392,Entire home/apt,540.0,True,28,58,88,178,95,29,56,Girona,2020-10-28,True
12060275,Entire home/apt,1390.0,True,2,20,50,325,89,21,89,Barcelona,2018-08-14,True
12068435,Entire home/apt,1200.0,False,10,40,70,345,98,9,76,Madrid,2017-04-08,True
12075555,Entire home/apt,1390.0,True,29,59,89,364,83,7,39,Barcelona,2017-12-09,True
12077799,Private room,400.0,True,30,60,90,365,88,41,77,Barcelona,2020-10-12,True
12082434,Entire home/apt,650.0,True,7,31,61,333,98,64,22,Malaga,2018-08-29,True
12086335,Private room,350.0,False,0,0,6,281,,0,,Madrid,2017-04-08,
12090952,Private room,700.0,False,5,35,65,65,100,1,32,Barcelona,2017-06-05,True
12091396,Private room,250.0,True,13,43,73,97,82,88,504,Barcelona,2017-09-12,True
12095223,Entire home/apt,1730.0,True,29,59,89,353,98,9,58,Mallorca,2018-10-17,True
12098438,Private room,300.0,False,0,0,0,0,,0,,Barcelona,2017-07-06,
12100656,Entire home/apt,900.0,True,0,0,0,0,89,21,61,Menorca,2019-05-01,True
12102154,Private room,350.0,True,0,15,44,108,76,9,34,Malaga,2018-07-31,False
12105628,Private room,210.0,True,6,30,32,32,89,36,236,Mallorca,2018-09-18,True
12112405,Entire home/apt,600.0,True,0,0,0,269,89,7,22,Menorca,2019-01-30,True
12123407,Entire home/apt,1140.0,True,28,58,88,319,100,12,22,Mallorca,2021-02-11,True
12125552,Entire home/apt,1990.0,True,19,49,79,303,95,54,157,Barcelona,2019-03-08,True
12127413,Entire home/apt,1500.0,True,17,37,61,336,92,18,75,Madrid,2018-05-14,True
12132014,Entire home/apt,800.0,True,0,0,0,172,96,16,4,Menorca,2019-10-31,True
12140492,Private room,590.0,True,29,59,89,364,89,40,129,Mallorca,2018-11-20,True
12140710,Entire home/apt,2500.0,True,0,0,0,137,100,10,23,Mallorca,2019-12-31,True
12144391,Entire home/apt,1650.0,True,0,0,0,146,96,129,225,Girona,2020-12-31,True
12145784,Entire home/apt,1430.0,True,18,48,78,243,93,8,46,Mallorca,2018-12-18,True
12165986,Entire home/apt,1650.0,True,27,51,81,340,90,3,11,Girona,2018-11-26,True
12167208,Entire home/apt,4330.0,True,28,58,88,211,97,48,92,Mallorca,2020-12-19,True
12183630,Entire home/apt,750.0,True,0,14,44,319,,0,,Mallorca,2019-07-25,
12189216,Private room,250.0,True,29,59,89,364,94,37,111,Valencia,2019-05-31,True
12192325,Private room,210.0,True,20,50,80,355,100,5,17,Madrid,2018-12-10,True
12197695,Private room,400.0,True,2,4,8,233,97,75,238,Barcelona,2018-12-10,True
12202980,Private room,450.0,True,0,0,0,0,,0,,Barcelona,2019-08-12,
12226249,Entire home/apt,950.0,True,0,0,0,0,97,14,26,Madrid,2020-11-06,True
12229807,Private room,420.0,True,0,0,0,0,98,13,37,Madrid,2019-03-08,True
12237040,Entire home/apt,790.0,True,8,23,53,227,87,3,52,Mallorca,2018-09-18,True
12238236,Entire home/apt,5000.0,True,27,57,87,362,100,1,3,Mallorca,2019-04-24,True
12249095,Private room,100.0,False,0,0,0,126,83,33,268,Barcelona,2017-05-07,True
12257443,Entire home/apt,1200.0,True,0,30,44,44,,0,,Girona,2018-07-31,
12259520,Private room,200.0,True,0,0,0,0,92,11,21,Barcelona,2020-07-17,True
12259657,Entire home/apt,400.0,True,13,43,73,348,80,9,34,Girona,2018-07-31,True
12264427,Entire home/apt,600.0,False,30,60,90,365,84,5,57,Mallorca,2017-03-15,True
12265320,Private room,650.0,False,30,60,90,365,99,22,272,Barcelona,2017-01-04,True
12292259,Entire home/apt,400.0,True,9,25,54,54,91,221,835,Madrid,2018-11-07,True
12298662,Entire home/apt,1400.0,True,8,15,32,259,87,3,9,Barcelona,2019-03-08,True
12303494,Entire home/apt,3870.0,True,0,11,41,316,100,1,3,Madrid,2019-03-08,True
12304310,Private room,700.0,True,14,14,24,114,88,67,362,Barcelona,2017-11-13,True
12318076,Hotel room,1600.0,True,0,0,0,14,90,2,4,Mallorca,2020-12-19,True
12318706,Entire home/apt,680.0,True,30,60,90,365,87,27,49,Girona,2020-10-28,True
12331497,Shared room,1400.0,True,30,54,74,74,,0,,Barcelona,2017-11-13,
12331759,Entire home/apt,910.0,True,8,26,40,263,98,69,237,Malaga,2018-10-25,True
12337420,Private room,250.0,True,0,24,54,54,95,6,36,Barcelona,2017-10-07,True
12337767,Private room,390.0,True,0,0,0,0,80,1,2,Barcelona,2020-07-17,True
12339346,Entire home/apt,390.0,False,8,16,27,296,77,21,199,Barcelona,2017-03-06,False
12339653,Private room,180.0,False,0,0,0,0,100,1,13,Madrid,2017-04-08,True
12355377,Private room,200.0,True,0,16,46,321,99,34,111,Sevilla,2018-10-18,True
12356011,Entire home/apt,1400.0,True,28,58,88,347,97,32,57,Mallorca,2020-12-19,True
12356351,Entire home/apt,3020.0,True,1,22,52,55,87,9,39,Menorca,2018-07-31,True
12357602,Private room,200.0,True,0,0,0,0,96,17,52,Madrid,2019-01-14,True
12365164,Private room,450.0,True,29,59,89,364,88,5,16,Madrid,2019-02-06,True
12370029,Private room,400.0,False,29,59,89,364,,0,,Barcelona,2017-07-06,
12381763,Entire home/apt,900.0,True,0,2,32,307,85,12,24,Madrid,2020-11-06,True
12382863,Private room,500.0,False,0,0,10,285,87,20,221,Barcelona,2017-02-09,True
12400956,Entire home/apt,730.0,True,8,30,30,30,90,45,152,Madrid,2018-10-10,True
12403422,Private room,200.0,True,25,55,85,360,94,60,125,Madrid,2020-08-25,True
12404275,Entire home/apt,3500.0,True,8,8,26,301,99,25,68,Girona,2019-06-30,True
12405589,Entire home/apt,900.0,True,0,0,0,211,79,14,45,Mallorca,2019-02-17,False
12416706,Private room,170.0,True,0,0,0,0,93,80,18,Madrid,2019-12-10,True
12420090,Entire home/apt,950.0,True,30,56,83,188,98,48,101,Girona,2020-03-26,True
12439589,Entire home/apt,500.0,True,27,48,78,305,93,33,115,Girona,2018-11-26,True
12446779,Entire home/apt,2950.0,True,0,0,0,98,96,32,58,Mallorca,2021-02-11,True
12462474,Entire home/apt,760.0,True,16,16,16,102,80,4,15,Girona,2018-09-28,True
12463651,Entire home/apt,700.0,True,30,60,90,94,90,2,71,Girona,2018-09-28,True
12464184,Private room,500.0,True,3,33,63,338,97,7,22,Barcelona,2018-12-10,True
12467956,Entire home/apt,860.0,True,29,59,89,310,80,2,12,Mallorca,2018-11-20,True
12467964,Entire home/apt,550.0,True,30,60,90,353,,0,,Girona,2019-11-30,
12471041,Private room,400.0,True,19,49,76,351,89,21,94,Barcelona,2018-08-14,True
12500460,Entire home/apt,390.0,True,1,7,11,286,96,27,75,Menorca,2019-06-30,True
12500680,Entire home/apt,690.0,True,10,17,39,117,100,49,201,Sevilla,2018-11-22,True
12505966,Private room,100.0,True,0,0,0,188,100,2,9,Madrid,2019-03-08,True
12510136,Private room,320.0,True,12,39,66,66,94,128,377,Barcelona,2019-02-06,True
12510206,Entire home/apt,1950.0,True,6,18,37,276,98,87,361,Madrid,2018-05-14,True
12510355,Entire home/apt,700.0,False,16,28,39,286,87,32,324,Madrid,2017-03-06,True
12514998,Private room,310.0,True,0,11,11,229,95,126,346,Sevilla,2019-04-27,True
12528188,Entire home/apt,660.0,True,0,0,0,147,93,14,83,Malaga,2017-11-25,True
12529740,Entire home/apt,690.0,True,0,0,0,0,92,5,12,Malaga,2020-11-30,True
12542324,Entire home/apt,800.0,True,3,27,57,332,,1,3,Barcelona,2019-05-14,
12552995,Entire home/apt,950.0,True,0,0,0,101,97,23,108,Mallorca,2018-04-18,True
12554244,Private room,400.0,False,26,56,86,361,,0,,Barcelona,2017-08-06,
12579717,Entire home/apt,1350.0,True,22,46,69,219,96,48,116,Mallorca,2019-11-28,True
12588488,Private room,320.0,False,22,52,82,357,93,15,135,Madrid,2017-04-08,True
12607558,Entire home/apt,650.0,True,22,44,62,272,99,21,63,Mallorca,2019-01-28,True
12611415,Private room,450.0,True,1,4,9,10,96,48,184,Barcelona,2018-07-10,True
12617010,Private room,340.0,True,17,36,36,256,91,174,447,Madrid,2019-07-10,True
12621485,Private room,260.0,True,9,39,68,343,89,133,497,Madrid,2018-07-10,True
12640364,Entire home/apt,1150.0,True,0,8,23,268,98,37,8,Sevilla,2020-02-29,True
12660364,Entire home/apt,840.0,True,26,26,55,235,98,112,216,Mallorca,2020-09-19,True
12668305,Entire home/apt,4000.0,True,30,60,90,365,90,8,19,Girona,2019-11-30,True
12675186,Entire home/apt,1400.0,True,0,16,46,321,88,9,17,Girona,2020-11-28,True
12694109,Entire home/apt,900.0,True,16,33,61,336,99,18,35,Mallorca,2020-08-28,True
12715200,Entire home/apt,700.0,True,14,27,53,205,97,129,283,Mallorca,2020-02-29,True
12718539,Entire home/apt,800.0,True,0,0,0,0,100,4,9,Barcelona,2020-11-06,True
12720502,Private room,250.0,False,12,42,72,347,96,24,198,Barcelona,2017-05-07,True
12733122,Entire home/apt,1300.0,True,23,53,83,358,80,4,9,Valencia,2019-12-31,True
12736977,Entire home/apt,780.0,True,13,43,73,301,100,1,4,Girona,2018-07-31,True
12744761,Entire home/apt,5000.0,False,6,21,44,205,,0,,Barcelona,2017-04-08,
12745820,Entire home/apt,400.0,True,0,21,37,256,85,19,6,Girona,2019-02-19,True
12756722,Entire home/apt,530.0,True,29,47,47,317,100,1,5,Girona,2019-05-29,True
12756734,Entire home/apt,880.0,True,30,60,90,365,100,2,5,Girona,2020-12-31,True
12761851,Private room,500.0,False,0,0,0,0,92,10,7,Barcelona,2017-08-06,True
12770315,Private room,290.0,True,30,60,90,365,96,78,148,Madrid,2020-08-25,True
12775662,Private room,250.0,False,29,59,89,364,87,11,117,Barcelona,2017-02-09,True
12782353,Entire home/apt,1250.0,True,9,17,33,306,98,120,526,Sevilla,2018-04-21,True
12805760,Entire home/apt,1030.0,True,0,0,0,110,95,9,16,Mallorca,2021-02-11,True
12806328,Private room,400.0,False,8,38,68,343,95,21,191,Barcelona,2017-04-08,True
12819460,Private room,370.0,True,30,60,86,342,95,163,303,Barcelona,2020-10-12,True
12820722,Entire home/apt,1000.0,True,0,0,0,0,97,35,62,Mallorca,2021-01-16,True
12822901,Private room,330.0,True,0,16,31,31,93,37,95,Barcelona,2019-09-17,True
12825535,Private room,220.0,False,26,56,86,361,,0,,Madrid,2017-04-08,
12826642,Entire home/apt,650.0,True,0,0,0,0,94,21,67,Malaga,2018-12-22,True
12827617,Entire home/apt,1100.0,False,23,23,23,23,93,9,78,Barcelona,2017-07-06,True
12839887,Entire home/apt,1270.0,True,30,60,90,365,87,22,39,Girona,2020-11-28,True
12842645,Entire home/apt,3500.0,True,27,57,84,338,74,12,44,Girona,2019-03-30,False
12843812,Entire home/apt,660.0,True,10,21,40,315,93,71,265,Madrid,2018-08-14,True
12844359,Entire home/apt,460.0,True,0,28,58,327,83,47,82,Girona,2021-01-31,True
12847340,Entire home/apt,1200.0,True,24,54,84,359,97,7,18,Malaga,2019-10-31,True
12858530,Entire home/apt,570.0,True,20,39,69,337,91,15,49,Girona,2018-11-26,True
12866195,Private room,400.0,True,0,16,39,314,96,47,124,Mallorca,2019-07-25,True
12868441,Private room,270.0,False,8,22,45,129,86,24,338,Barcelona,2017-03-06,True
12869712,Entire home/apt,890.0,True,2,4,8,239,99,59,256,Madrid,2018-04-12,True
12872395,Private room,280.0,False,0,0,0,0,86,10,98,Barcelona,2017-04-08,True
12878760,Private room,300.0,True,29,59,89,364,100,8,14,Madrid,2021-02-09,True
12887516,Entire home/apt,980.0,True,29,59,89,364,80,1,4,Girona,2018-09-28,True
12889872,Entire home/apt,1700.0,True,0,0,0,0,100,10,35,Menorca,2018-10-25,True
12894714,Entire home/apt,1220.0,True,0,13,43,311,90,65,118,Barcelona,2021-01-12,True
12895521,Entire home/apt,460.0,True,0,0,0,0,96,11,31,Barcelona,2019-07-10,True
12898480,Entire home/apt,1450.0,True,11,41,71,297,99,43,83,Mallorca,2020-09-19,True
12900103,Entire home/apt,210.0,True,9,39,69,298,97,50,94,Malaga,2020-11-30,True
12902044,Entire home/apt,320.0,True,25,55,85,360,67,7,16,Valencia,2020-02-29,False
12904164,Entire home/apt,250.0,True,0,0,0,0,,0,,Madrid,2019-08-12,
12908658,Entire home/apt,530.0,True,29,59,89,89,,0,,Sevilla,2020-12-31,
12909846,Private room,370.0,True,30,60,90,365,93,100,206,Madrid,2020-05-14,True
12910968,Private room,230.0,True,23,53,83,358,88,108,356,Madrid,2018-11-07,True
12913113,Entire home/apt,1200.0,True,7,20,30,223,95,95,326,Barcelona,2018-10-10,True
12923727,Entire home/apt,1500.0,True,29,59,89,179,98,11,63,Mallorca,2020-11-08,True
12925884,Private room,550.0,True,0,0,0,220,92,33,195,Barcelona,2017-10-07,True
12926721,Entire home/apt,1290.0,True,9,9,9,221,,3,11,Girona,2019-05-29,
12937951,Entire home/apt,2590.0,True,30,60,84,266,100,1,2,Mallorca,2020-01-29,True
12938496,Hotel room,1500.0,True,28,58,59,319,,0,,Barcelona,2020-02-16,
12938638,Entire home/apt,1240.0,True,30,60,90,332,83,19,35,Valencia,2020-11-10,True
12940998,Entire home/apt,1270.0,True,0,0,0,66,,0,,Mallorca,2018-08-21,
12943964,Entire home/apt,500.0,True,0,0,0,142,80,1,4,Barcelona,2020-02-16,True
12949225,Entire home/apt,1800.0,True,27,39,61,268,95,4,6,Barcelona,2018-01-17,True
12952162,Entire home/apt,1190.0,True,0,0,0,73,94,22,4,Mallorca,2021-02-11,True
12954683,Entire home/apt,800.0,True,10,40,67,67,95,17,48,Valencia,2019-07-01,True
12963198,Entire home/apt,600.0,True,25,55,85,85,90,26,64,Girona,2019-10-30,True
12970898,Entire home/apt,6071.0,True,0,0,3,3,93,38,122,Valencia,2020-09-28,True
12975744,Entire home/apt,620.0,True,16,32,52,323,94,49,126,Girona,2019-07-29,True
12979463,Entire home/apt,800.0,True,23,53,83,83,81,14,34,Girona,2019-11-30,True
12982089,Entire home/apt,1350.0,True,0,0,0,128,100,4,14,Girona,2019-12-31,True
12982507,Private room,360.0,False,7,37,67,102,,0,,Madrid,2017-04-08,
12983168,Entire home/apt,1000.0,True,0,30,60,335,96,9,24,Valencia,2019-09-01,True
12984693,Entire home/apt,780.0,True,0,0,0,0,80,1,3,Girona,2019-08-31,True
12984954,Private room,390.0,True,30,60,90,365,80,1,2,Madrid,2021-01-12,True
12989326,Entire home/apt,2500.0,True,28,58,88,363,,0,,Mallorca,2018-11-20,
12994549,Private room,340.0,True,25,55,85,85,88,47,177,Barcelona,2018-09-11,True
12995378,Entire home/apt,1200.0,True,29,59,89,364,63,6,24,Girona,2018-08-30,False
12995580,Entire home/apt,740.0,True,6,11,11,11,96,11,33,Mallorca,2019-03-25,True
12997109,Entire home/apt,880.0,True,30,60,90,365,89,32,56,Menorca,2021-02-27,True
12997259,Entire home/apt,1200.0,False,4,14,38,38,80,2,2,Barcelona,2017-04-08,True
13002991,Entire home/apt,670.0,True,17,47,73,73,93,63,31,Madrid,2018-01-17,True
13004917,Private room,280.0,True,0,0,0,0,96,41,75,Valencia,2020-12-21,True
13009024,Private room,190.0,True,30,43,43,304,80,11,25,Madrid,2020-07-17,True
13009234,Private room,180.0,True,27,57,87,362,100,1,5,Madrid,2018-01-17,True
13011987,Entire home/apt,650.0,False,0,0,0,20,,0,,Barcelona,2017-01-04,
13012818,Private room,200.0,True,0,0,0,0,,0,,Madrid,2019-12-10,
13013764,Private room,800.0,True,0,0,0,0,100,1,4,Barcelona,2018-05-14,True
13014825,Entire home/apt,500.0,True,30,60,90,357,100,1,10,Girona,2018-09-28,True
13017446,Private room,500.0,True,6,36,66,66,93,106,625,Barcelona,2017-10-07,True
13021342,Entire home/apt,4540.0,True,29,59,82,357,,1,3,Menorca,2019-05-30,
13026543,Private room,250.0,True,3,31,61,336,98,26,99,Barcelona,2018-07-10,True
13028502,Private room,500.0,False,0,0,0,0,,0,,Barcelona,2017-04-08,
13034256,Entire home/apt,1200.0,True,11,25,43,43,95,123,51,Madrid,2018-05-14,True
13039587,Private room,400.0,True,0,0,0,0,,0,,Madrid,2018-10-10,
13040669,Entire home/apt,680.0,True,24,54,84,84,98,40,112,Malaga,2019-05-01,True
13042848,Entire home/apt,900.0,False,6,6,11,64,,0,,Madrid,2017-04-08,
13049329,Private room,400.0,True,30,60,90,365,80,1,24,Barcelona,2017-11-13,True
13049748,Entire home/apt,1150.0,True,8,12,12,59,84,9,26,Girona,2019-05-29,True
13050229,Entire home/apt,1230.0,True,9,39,69,189,,0,,Girona,2019-03-30,
13051270,Entire home/apt,1200.0,True,17,37,56,199,96,27,113,Madrid,2018-05-14,True
13051982,Private room,320.0,True,15,45,75,253,86,110,247,Mallorca,2020-02-29,True
13056645,Entire home/apt,850.0,True,28,42,44,306,94,25,51,Girona,2020-05-28,True
13060086,Private room,160.0,True,14,32,54,312,96,76,397,Barcelona,2018-01-17,True
13063233,Private room,340.0,True,29,59,89,179,82,90,157,Barcelona,2021-02-09,True
13068790,Entire home/apt,510.0,True,10,40,70,70,82,13,56,Malaga,2018-04-22,True
13070874,Entire home/apt,1120.0,True,6,16,28,258,,0,,Girona,2019-05-29,
13072799,Entire home/apt,1610.0,True,28,58,88,342,95,12,74,Mallorca,2019-10-28,True
13074464,Entire home/apt,580.0,True,28,58,80,347,70,2,4,Girona,2020-04-30,False
13075457,Entire home/apt,990.0,False,6,11,18,283,99,35,50,Madrid,2017-04-08,True
13076205,Entire home/apt,1860.0,True,0,0,0,0,,2,4,Mallorca,2020-09-19,
13087391,Entire home/apt,590.0,True,16,16,46,321,94,91,325,Madrid,2018-09-11,True
13089392,Private room,450.0,True,22,49,79,79,97,76,274,Girona,2018-09-28,True
13090344,Entire home/apt,1000.0,True,0,28,58,158,95,33,74,Girona,2020-02-29,True
13091384,Entire home/apt,1950.0,True,24,54,84,359,100,15,53,Girona,2018-12-22,True
13102780,Private room,360.0,False,28,58,88,88,,0,,Mallorca,2017-03-15,
13103811,Entire home/apt,880.0,True,0,0,0,112,96,5,25,Mallorca,2018-12-18,True
13106905,Entire home/apt,400.0,True,30,60,90,365,89,33,11,Menorca,2018-11-27,True
13108088,Private room,550.0,True,30,60,90,365,78,21,49,Girona,2019-11-30,False
13108673,Entire home/apt,1290.0,False,11,18,38,240,100,4,47,Mallorca,2017-03-15,True
13120331,Entire home/apt,1500.0,False,13,43,73,100,90,10,89,Barcelona,2017-05-07,True
13122955,Entire home/apt,1600.0,True,23,53,83,358,80,1,5,Girona,2018-04-21,True
13124100,Entire home/apt,850.0,True,0,0,11,39,93,39,107,Valencia,2019-05-31,True
13126110,Private room,350.0,True,6,32,62,337,92,31,78,Barcelona,2019-09-17,True
13131828,Entire home/apt,450.0,True,5,7,20,255,90,33,96,Mallorca,2019-05-27,True
13134327,Entire home/apt,1630.0,True,27,45,75,259,91,163,37,Barcelona,2020-03-16,True
13134393,Entire home/apt,1370.0,True,26,45,58,285,93,12,33,Mallorca,2019-10-28,True
13137768,Entire home/apt,2190.0,True,15,19,19,64,99,29,62,Mallorca,2020-05-28,True
13151652,Entire home/apt,1200.0,True,0,0,0,161,,0,,Girona,2018-12-22,
13157971,Entire home/apt,500.0,True,5,11,27,100,94,76,431,Barcelona,2018-01-17,True
13165886,Entire home/apt,1000.0,True,0,0,0,0,87,8,26,Girona,2019-02-19,True
13166575,Entire home/apt,2500.0,False,7,30,56,331,88,5,51,Barcelona,2017-05-07,True
13170116,Entire home/apt,2000.0,True,20,48,58,333,100,2,4,Girona,2020-05-28,True
13171084,Entire home/apt,400.0,True,30,60,90,290,97,58,112,Mallorca,2021-01-16,True
13177163,Entire home/apt,310.0,True,25,55,72,320,91,68,154,Mallorca,2020-01-29,True
13178927,Private room,400.0,False,12,16,46,321,89,15,12,Barcelona,2017-06-05,True
13180369,Private room,250.0,True,0,0,0,0,,0,,Madrid,2019-12-10,
13184258,Entire home/apt,860.0,True,4,13,18,144,90,66,459,Barcelona,2018-01-17,True
13184686,Private room,210.0,True,0,0,0,257,84,49,263,Barcelona,2017-12-09,True
13185354,Private room,690.0,True,0,0,0,0,80,1,2,Barcelona,2019-09-17,True
13185664,Entire home/apt,1500.0,True,0,0,0,0,90,2,9,Menorca,2018-04-21,True
13186975,Private room,550.0,True,24,51,81,356,97,49,281,Barcelona,2017-11-13,True
13189515,Entire home/apt,3000.0,True,0,0,22,297,,0,,Malaga,2017-11-25,
13195060,Entire home/apt,1380.0,True,0,0,24,243,,1,4,Menorca,2018-08-29,
13196950,Entire home/apt,2000.0,True,28,58,81,283,80,1,2,Mallorca,2020-03-22,True
13201344,Entire home/apt,450.0,True,0,0,0,0,93,31,55,Girona,2021-02-27,True
13202055,Private room,700.0,False,1,12,17,252,93,35,334,Barcelona,2017-04-08,True
13214194,Private room,320.0,False,29,59,89,364,100,2,41,Barcelona,2017-01-04,True
13214391,Entire home/apt,510.0,True,9,17,27,89,99,187,42,Sevilla,2020-01-30,True
13214848,Entire home/apt,1250.0,True,1,23,53,328,93,3,8,Mallorca,2019-07-25,True
13218847,Entire home/apt,670.0,True,1,4,11,179,94,62,179,Mallorca,2019-04-24,True
13219895,Private room,240.0,False,24,24,24,296,80,3,22,Barcelona,2017-07-06,True
13222926,Private room,300.0,False,30,60,90,365,75,5,67,Barcelona,2017-01-04,False
13230236,Entire home/apt,1000.0,True,0,5,35,35,97,7,28,Madrid,2018-11-07,True
13233495,Entire home/apt,1500.0,True,28,28,28,120,,0,,Girona,2019-08-31,
13243891,Private room,320.0,True,25,55,85,360,99,19,66,Barcelona,2018-10-10,True
13246596,Entire home/apt,540.0,True,4,14,18,283,93,76,212,Girona,2019-05-29,True
13249894,Entire home/apt,1150.0,True,27,57,83,311,99,30,67,Girona,2020-03-26,True
13250267,Private room,170.0,True,0,0,0,0,87,3,19,Barcelona,2017-09-12,True
13253925,Entire home/apt,450.0,True,4,19,48,289,88,37,105,Malaga,2019-05-01,True
13256597,Entire home/apt,1370.0,True,20,39,66,66,94,25,135,Madrid,2018-05-14,True
13257273,Entire home/apt,600.0,True,6,36,66,85,92,13,53,Barcelona,2018-08-14,True
13258053,Entire home/apt,2800.0,True,0,0,0,0,100,4,8,Mallorca,2020-06-25,True
13260550,Private room,400.0,True,30,60,90,365,,0,,Valencia,2020-05-31,
13260979,Private room,190.0,False,4,4,4,102,94,31,302,Barcelona,2017-04-08,True
13269213,Private room,300.0,True,0,4,14,44,95,191,85,Barcelona,2018-04-12,True
13269846,Entire home/apt,990.0,True,10,35,65,84,99,16,55,Madrid,2019-09-19,True
13271063,Entire home/apt,1000.0,True,7,22,29,289,84,67,27,Barcelona,2018-07-10,True
13277158,Entire home/apt,650.0,False,9,18,38,307,85,15,165,Barcelona,2017-03-06,True
13277929,Private room,270.0,False,0,0,0,0,90,4,29,Barcelona,2017-08-06,True
13278583,Entire home/apt,450.0,True,13,43,73,348,100,1,3,Madrid,2019-01-14,True
13289432,Private room,500.0,True,0,0,0,7,99,94,185,Barcelona,2020-09-12,True
13292464,Entire home/apt,2220.0,True,21,49,77,352,95,5,25,Madrid,2018-05-14,True
13297262,Entire home/apt,600.0,True,28,58,88,178,97,40,102,Girona,2019-09-30,True
13303264,Entire home/apt,700.0,True,0,0,0,0,85,18,44,Menorca,2019-11-30,True
13305377,Entire home/apt,1200.0,True,29,55,80,207,85,66,144,Barcelona,2020-04-16,True
13305502,Entire home/apt,690.0,True,5,17,36,245,99,37,163,Malaga,2018-04-22,True
13311191,Entire home/apt,1600.0,True,0,0,0,221,99,17,33,Mallorca,2020-11-08,True
13311614,Private room,350.0,False,0,0,0,0,,0,,Barcelona,2017-01-04,
13315485,Entire home/apt,590.0,True,7,34,64,64,96,80,295,Madrid,2018-09-11,True
13316411,Entire home/apt,1150.0,True,30,60,90,321,96,57,194,Mallorca,2018-12-18,True
13319354,Entire home/apt,700.0,True,17,34,57,147,89,8,25,Malaga,2019-01-30,True
13320718,Private room,600.0,False,0,0,0,0,,1,7,Barcelona,2017-08-06,
13321671,Entire home/apt,450.0,True,0,11,41,158,100,4,8,Barcelona,2020-11-06,True
13323154,Entire home/apt,1500.0,True,9,22,32,153,,0,,Madrid,2018-04-12,
13327229,Private room,250.0,False,20,39,61,61,100,1,67,Barcelona,2017-06-05,True
13330029,Entire home/apt,1100.0,True,0,0,0,0,,0,,Barcelona,2018-01-17,
13331352,Private room,350.0,False,13,40,40,40,91,40,309,Barcelona,2017-07-06,True
13333004,Entire home/apt,900.0,True,27,57,87,360,97,35,64,Girona,2020-12-31,True
13340206,Entire home/apt,910.0,True,0,0,0,0,94,50,99,Madrid,2020-08-25,True
13341336,Entire home/apt,1950.0,True,6,21,42,102,90,6,29,Mallorca,2018-04-18,True
13342687,Entire home/apt,470.0,True,0,0,0,0,100,2,1,Girona,2018-04-21,True
13342720,Entire home/apt,550.0,True,23,53,83,358,,0,,Girona,2020-11-28,
13344391,Private room,120.0,True,0,0,0,0,,1,2,Madrid,2019-11-09,
13346835,Entire home/apt,2110.0,True,29,59,89,364,90,2,5,Girona,2019-07-29,True
13351781,Entire home/apt,1780.0,True,0,28,58,333,90,8,28,Madrid,2019-02-06,True
13354338,Private room,200.0,False,0,0,0,0,,0,,Barcelona,2017-07-06,
13358899,Private room,550.0,True,0,0,0,130,98,27,85,Menorca,2019-02-24,True
13359409,Private room,550.0,True,7,35,49,139,96,89,322,Barcelona,2018-10-10,True
13361113,Entire home/apt,890.0,True,21,51,81,356,93,19,55,Madrid,2019-07-10,True
13367596,Entire home/apt,350.0,True,0,0,0,0,,0,,Madrid,2020-03-17,
13384721,Entire home/apt,710.0,True,19,40,70,70,93,88,225,Madrid,2019-09-19,True
13385644,Private room,450.0,True,2,23,53,328,85,117,432,Madrid,2018-09-11,True
13386294,Entire home/apt,880.0,True,19,42,59,251,100,1,4,Mallorca,2019-03-25,True
13401995,Entire home/apt,350.0,True,30,58,88,134,86,44,84,Malaga,2020-10-30,True
13402260,Private room,500.0,True,0,0,0,0,94,20,124,Barcelona,2017-10-07,True
13402487,Entire home/apt,1130.0,True,0,0,0,1,,0,,Girona,2018-09-28,
13406253,Entire home/apt,1020.0,True,26,56,80,307,95,13,4,Girona,2019-03-30,True
13406888,Private room,270.0,True,1,21,35,235,97,142,316,Madrid,2020-02-18,True
13407285,Entire home/apt,520.0,True,0,0,0,57,90,4,14,Girona,2018-12-22,True
13408642,Private room,220.0,True,0,0,0,134,100,9,39,Madrid,2018-05-14,True
13427874,Private room,2460.0,True,29,59,89,89,100,4,11,Madrid,2019-10-16,True
13431802,Entire home/apt,850.0,True,16,26,49,291,88,5,11,Mallorca,2020-05-28,True
13439317,Entire home/apt,1350.0,True,10,40,70,345,100,3,12,Barcelona,2019-06-07,True
13440607,Entire home/apt,790.0,True,0,26,56,331,100,2,8,Mallorca,2018-07-29,True
13441952,Entire home/apt,3300.0,True,3,19,35,245,100,1,8,Mallorca,2018-07-29,True
13442909,Private room,700.0,False,0,11,41,131,98,45,328,Barcelona,2017-08-06,True
13448590,Entire home/apt,1050.0,True,16,46,76,351,72,28,158,Barcelona,2017-12-09,False
13449246,Entire home/apt,1200.0,True,16,39,69,344,93,8,22,Mallorca,2019-07-25,True
13454957,Entire home/apt,4150.0,True,0,0,16,215,94,15,46,Menorca,2019-12-31,True
13455836,Entire home/apt,2000.0,True,24,37,67,158,100,2,6,Girona,2020-06-29,True
13459484,Private room,150.0,True,0,0,0,0,,0,,Madrid,2018-01-17,
13483371,Private room,300.0,True,0,0,0,0,96,103,189,Madrid,2020-12-17,True
13490930,Entire home/apt,1500.0,True,30,60,90,365,,1,4,Mallorca,2019-09-28,
13492896,Entire home/apt,2000.0,True,24,54,65,336,100,28,61,Mallorca,2020-04-23,True
13493949,Private room,550.0,True,0,0,0,0,95,4,23,Barcelona,2018-01-17,True
13494006,Entire home/apt,1000.0,True,1,1,28,157,98,13,44,Mallorca,2019-01-28,True
13499497,Private room,660.0,True,0,0,0,0,90,5,1,Madrid,2020-09-13,True
13502256,Entire home/apt,450.0,True,29,59,83,357,93,22,5,Mallorca,2020-02-29,True
13507538,Entire home/apt,1040.0,True,15,45,75,229,83,7,13,Girona,2020-12-31,True
13510273,Entire home/apt,800.0,False,0,0,0,0,,0,,Madrid,2017-04-08,
13517322,Private room,1500.0,True,0,0,0,0,80,1,4,Barcelona,2019-04-10,True
13525030,Private room,260.0,True,28,58,88,363,95,323,614,Madrid,2020-10-17,True
13525106,Private room,700.0,True,15,22,45,316,80,1,13,Barcelona,2018-01-17,True
13525600,Entire home/apt,2500.0,True,25,55,85,316,90,2,11,Mallorca,2018-10-17,True
13534487,Private room,300.0,True,1,1,1,1,98,40,135,Madrid,2018-12-10,True
13536092,Entire home/apt,520.0,True,0,0,0,0,74,10,26,Madrid,2019-10-16,False
13539028,Entire home/apt,600.0,True,0,30,60,335,93,43,91,Sevilla,2020-04-30,True
13542991,Entire home/apt,1230.0,True,13,13,13,168,90,41,153,Girona,2018-09-28,True
13543156,Entire home/apt,1150.0,True,29,59,89,364,94,31,58,Madrid,2020-11-06,True
13546130,Private room,180.0,True,21,51,81,337,94,78,408,Madrid,2018-01-17,True
13553344,Entire home/apt,2100.0,True,27,45,72,332,98,118,232,Madrid,2020-09-13,True
13556865,Entire home/apt,1650.0,True,7,7,7,150,100,2,13,Mallorca,2018-10-17,True
13558064,Private room,330.0,True,0,0,0,0,93,3,28,Malaga,2018-04-22,True
13558073,Private room,500.0,False,25,55,85,360,90,4,51,Barcelona,2017-02-09,True
13558152,Entire home/apt,550.0,True,0,29,59,239,94,14,47,Madrid,2018-12-10,True
13559207,Entire home/apt,800.0,True,18,27,42,42,93,15,69,Barcelona,2018-08-14,True
13559786,Private room,360.0,True,0,0,0,202,96,15,76,Barcelona,2018-02-07,True
13560860,Entire home/apt,600.0,True,0,3,7,97,98,55,191,Girona,2018-12-22,True
13567392,Private room,500.0,False,5,5,5,204,89,11,18,Barcelona,2017-01-04,True
13568825,Entire home/apt,800.0,True,15,45,75,119,90,57,125,Valencia,2020-03-26,True
13569570,Private room,200.0,True,0,0,0,130,82,10,25,Madrid,2019-11-09,True
13571420,Entire home/apt,1070.0,True,17,41,71,172,92,11,9,Barcelona,2017-11-13,True
13575342,Private room,410.0,True,17,26,26,26,96,60,316,Madrid,2018-01-17,True
13576820,Entire home/apt,5000.0,True,20,20,20,113,,0,,Girona,2019-08-31,
13578240,Private room,160.0,True,0,0,0,14,60,3,1,Barcelona,2019-01-14,False
13581714,Entire home/apt,1200.0,True,0,0,0,209,,1,6,Girona,2019-07-29,
13585564,Entire home/apt,1900.0,True,23,50,54,329,91,9,19,Girona,2020-05-28,True
13588678,Entire home/apt,700.0,True,16,36,66,329,98,8,19,Malaga,2020-01-31,True
13596486,Entire home/apt,350.0,False,0,0,0,0,88,5,65,Barcelona,2017-02-09,True
13608118,Entire home/apt,490.0,True,3,12,33,110,97,299,76,Madrid,2019-09-19,True
13608528,Entire home/apt,2500.0,True,29,59,89,364,85,8,19,Menorca,2020-01-31,True
13609079,Entire home/apt,990.0,True,23,53,76,325,94,42,89,Girona,2020-04-30,True
13609470,Entire home/apt,1800.0,True,27,57,87,177,100,2,7,Mallorca,2020-11-08,True
13610855,Entire home/apt,1000.0,True,9,18,18,69,96,21,61,Mallorca,2019-05-27,True
13617801,Entire home/apt,790.0,True,0,0,0,180,96,55,114,Girona,2020-06-29,True
13619890,Private room,200.0,True,30,60,90,90,94,46,88,Barcelona,2020-10-12,True
13622174,Private room,340.0,True,0,0,0,0,96,18,47,Barcelona,2019-09-17,True
13629014,Private room,240.0,True,1,1,1,1,75,9,61,Barcelona,2017-09-12,False
13632109,Private room,290.0,True,8,24,47,299,94,113,531,Madrid,2018-04-12,True
13632193,Entire home/apt,1050.0,False,0,0,20,226,97,14,223,Madrid,2017-03-06,True
13632619,Private room,530.0,False,21,51,81,356,89,14,14,Barcelona,2017-05-07,True
13633305,Entire home/apt,1210.0,False,29,59,89,116,96,5,64,Barcelona,2017-03-06,True
13646170,Entire home/apt,520.0,True,30,53,83,337,94,80,193,Malaga,2020-04-30,True
13646947,Private room,280.0,True,0,0,0,0,99,26,107,Barcelona,2018-07-10,True
13647725,Entire home/apt,510.0,True,11,23,53,328,97,13,43,Barcelona,2019-01-14,True
13648073,Entire home/apt,1700.0,True,9,14,29,177,95,21,61,Mallorca,2019-03-25,True
13653047,Entire home/apt,800.0,True,27,55,81,356,98,20,139,Madrid,2020-07-17,True
13656676,Entire home/apt,1000.0,True,30,60,90,334,87,14,43,Girona,2019-03-30,True
13662267,Entire home/apt,680.0,True,4,9,22,242,88,5,16,Malaga,2018-11-27,True
13662272,Entire home/apt,550.0,True,0,0,0,0,93,4,7,Malaga,2020-11-30,True
13664325,Entire home/apt,1050.0,True,29,59,77,227,100,1,4,Girona,2019-04-29,True
13664652,Entire home/apt,1700.0,True,29,59,89,364,92,34,82,Mallorca,2019-12-31,True
13666853,Private room,400.0,True,0,0,0,0,93,10,3,Barcelona,2019-04-10,True
13669701,Entire home/apt,790.0,True,0,0,0,0,93,9,22,Mallorca,2019-11-28,True
13670828,Entire home/apt,1000.0,True,29,59,89,364,87,17,59,Menorca,2018-11-27,True
13672166,Entire home/apt,600.0,True,3,3,3,3,100,3,11,Madrid,2019-08-12,True
13674761,Private room,350.0,True,0,0,0,0,80,3,6,Madrid,2021-01-12,True
13681214,Private room,150.0,False,0,0,0,0,,0,,Madrid,2017-04-08,
13683044,Entire home/apt,1000.0,True,22,22,22,145,96,5,2,Girona,2019-05-29,True
13683978,Entire home/apt,900.0,True,30,60,90,365,82,10,18,Malaga,2021-01-31,True
13684408,Entire home/apt,630.0,True,0,19,49,129,100,1,12,Girona,2018-04-21,True
13684556,Entire home/apt,1000.0,True,29,59,72,72,100,1,25,Girona,2018-10-20,True
13686874,Entire home/apt,1440.0,True,29,41,54,55,88,18,51,Girona,2019-05-29,True
13692743,Entire home/apt,1000.0,True,29,59,82,347,100,12,4,Mallorca,2019-10-28,True
13694436,Private room,300.0,True,30,36,66,341,90,41,78,Malaga,2020-11-30,True
13697145,Private room,620.0,True,0,1,4,229,96,14,477,Barcelona,2018-05-14,True
13697917,Entire home/apt,750.0,True,0,0,20,281,98,43,101,Mallorca,2020-01-29,True
13704020,Private room,350.0,True,1,11,26,242,82,91,272,Barcelona,2019-04-10,True
13707226,Private room,600.0,False,30,60,90,180,94,13,25,Barcelona,2017-01-04,True
13707983,Private room,700.0,False,9,9,9,258,100,2,35,Barcelona,2017-02-09,True
13709585,Private room,400.0,True,30,60,90,365,92,32,166,Barcelona,2018-02-07,True
13710807,Private room,350.0,True,9,18,48,323,95,52,129,Barcelona,2019-11-09,True
13712781,Entire home/apt,600.0,True,13,32,33,294,91,37,104,Valencia,2019-05-31,True
13717362,Private room,250.0,False,30,60,90,365,100,1,11,Madrid,2017-04-08,True
13719380,Private room,550.0,True,28,58,88,88,100,3,127,Barcelona,2019-11-09,True
13720635,Entire home/apt,600.0,False,3,5,9,9,88,11,128,Barcelona,2017-04-08,True
13732070,Private room,250.0,True,0,0,0,0,100,1,6,Madrid,2018-10-10,True
13735092,Entire home/apt,1350.0,True,9,31,34,214,100,20,87,Valencia,2019-05-31,True
13744939,Private room,170.0,True,0,0,0,0,97,6,18,Madrid,2019-04-11,True
13744974,Private room,250.0,True,0,0,0,0,,0,,Madrid,2020-05-14,
13746010,Entire home/apt,970.0,True,21,49,65,273,93,6,32,Mallorca,2020-01-29,True
13747419,Entire home/apt,1330.0,True,27,57,87,362,98,11,2,Mallorca,2020-12-19,True
13755382,Private room,3950.0,True,29,59,89,364,,0,,Madrid,2020-11-06,
13757110,Entire home/apt,760.0,True,0,0,0,0,94,13,25,Girona,2020-11-28,True
13759714,Entire home/apt,1040.0,True,14,23,29,76,60,1,9,Mallorca,2018-04-18,False
13759724,Entire home/apt,1760.0,True,30,53,80,322,,0,,Mallorca,2020-02-29,
13759735,Entire home/apt,800.0,True,28,58,75,317,87,3,11,Mallorca,2019-01-28,True
13759758,Entire home/apt,1170.0,True,28,58,88,295,94,14,5,Mallorca,2018-11-20,True
13759790,Entire home/apt,1710.0,True,0,0,0,143,100,2,4,Mallorca,2020-11-08,True
13760675,Entire home/apt,1800.0,True,0,0,0,146,100,7,99,Mallorca,2019-11-28,True
13760705,Entire home/apt,4660.0,True,5,13,24,285,100,1,10,Mallorca,2019-06-27,True
13760709,Entire home/apt,1500.0,True,29,59,83,311,80,2,1,Mallorca,2020-02-29,True
13760759,Entire home/apt,3330.0,True,1,3,10,215,90,2,12,Mallorca,2019-07-25,True
13760790,Entire home/apt,1700.0,True,4,30,35,121,100,1,5,Mallorca,2020-03-22,True
13763386,Entire home/apt,1300.0,True,6,9,37,212,100,8,25,Mallorca,2019-06-27,True
13763656,Entire home/apt,480.0,True,20,27,27,27,80,2,7,Girona,2019-11-30,True
13766096,Private room,400.0,True,3,8,25,291,91,50,361,Barcelona,2017-09-12,True
13768289,Private room,260.0,True,0,0,0,0,90,31,146,Barcelona,2018-04-12,True
13772492,Private room,550.0,True,29,59,89,89,100,7,143,Girona,2020-11-28,True
13778954,Private room,220.0,True,0,0,0,0,89,12,41,Madrid,2019-03-08,True
13779765,Entire home/apt,700.0,True,15,45,75,336,95,101,522,Girona,2018-10-20,True
13783193,Entire home/apt,650.0,True,0,0,28,303,81,20,52,Girona,2019-10-30,True
13790837,Private room,410.0,False,11,27,34,34,98,40,50,Barcelona,2017-03-06,True
13792342,Entire home/apt,2850.0,True,23,39,41,276,,0,,Mallorca,2019-04-24,
13792394,Entire home/apt,1380.0,True,0,6,36,262,100,2,4,Mallorca,2020-11-08,True
13792441,Entire home/apt,2210.0,False,21,24,38,174,,0,,Mallorca,2017-03-15,
13792565,Entire home/apt,2410.0,True,1,8,29,291,100,1,3,Mallorca,2019-05-27,True
13792567,Entire home/apt,2160.0,True,16,46,61,237,80,1,19,Mallorca,2019-01-28,True
13792644,Entire home/apt,3020.0,True,15,15,19,235,,0,,Mallorca,2018-04-18,
13796258,Entire home/apt,690.0,True,0,0,0,0,50,2,5,Girona,2019-09-30,False
13799511,Entire home/apt,1800.0,False,10,23,42,272,95,35,443,Madrid,2017-03-06,True
13799739,Private room,1100.0,True,28,58,88,88,,0,,Barcelona,2017-09-12,
13806026,Private room,450.0,True,29,45,75,159,91,53,131,Barcelona,2019-11-09,True
13807367,Entire home/apt,1000.0,True,23,53,83,358,,0,,Valencia,2020-08-30,
13810790,Private room,300.0,True,0,0,0,0,,0,,Madrid,2019-01-14,
13814652,Private room,290.0,False,0,0,0,0,92,5,62,Madrid,2017-03-06,True
13818564,Private room,250.0,True,1,1,1,73,96,28,109,Madrid,2018-09-11,True
13820948,Entire home/apt,380.0,True,0,0,5,280,100,3,1,Barcelona,2020-01-10,True
13823071,Entire home/apt,1500.0,True,2,14,44,261,100,9,26,Mallorca,2019-08-31,True
13823710,Private room,200.0,True,2,5,12,12,91,77,343,Barcelona,2018-05-14,True
13824037,Entire home/apt,4990.0,True,12,27,37,246,98,11,38,Barcelona,2019-02-06,True
13827516,Private room,150.0,True,2,26,51,103,91,205,507,Madrid,2020-01-10,True
13835912,Entire home/apt,870.0,True,14,15,28,213,100,2,6,Mallorca,2019-03-25,True
13837599,Private room,300.0,True,3,3,3,48,87,30,194,Barcelona,2018-06-09,True
13837974,Entire home/apt,900.0,True,0,0,2,194,94,86,50,Madrid,2018-04-12,True
13839311,Entire home/apt,1850.0,True,10,25,35,248,96,5,49,Mallorca,2018-04-18,True
13839516,Entire home/apt,740.0,True,27,57,87,362,100,1,3,Barcelona,2019-09-17,True
13840082,Private room,320.0,False,29,59,89,364,87,6,9,Barcelona,2017-03-06,True
13840373,Entire home/apt,600.0,True,24,47,77,335,96,198,47,Valencia,2019-12-31,True
13841270,Private room,890.0,True,15,45,72,302,100,3,14,Girona,2019-03-30,True
13843488,Entire home/apt,950.0,True,17,45,45,300,94,38,113,Girona,2019-05-29,True
13851443,Entire home/apt,2990.0,False,28,58,88,363,70,5,65,Barcelona,2017-05-07,False
13852472,Private room,600.0,True,28,58,88,179,100,1,4,Madrid,2020-05-14,True
13862548,Entire home/apt,950.0,True,30,52,68,244,98,8,37,Mallorca,2020-02-29,True
13875398,Private room,200.0,True,6,11,36,311,78,12,54,Barcelona,2018-05-14,False
13875931,Entire home/apt,500.0,True,29,59,89,89,85,25,52,Valencia,2020-06-30,True
13877909,Private room,370.0,False,28,58,88,88,100,12,229,Barcelona,2017-01-04,True
13878584,Entire home/apt,870.0,True,28,58,88,363,95,4,111,Girona,2018-10-20,True
13880623,Entire home/apt,350.0,True,0,0,0,0,93,52,177,Girona,2018-12-22,True
13881242,Entire home/apt,850.0,True,0,20,50,106,92,20,59,Valencia,2019-05-01,True
13888077,Entire home/apt,590.0,True,0,0,0,0,80,1,2,Girona,2020-03-26,True
13889075,Entire home/apt,1430.0,True,28,58,88,349,,0,,Mallorca,2019-01-28,
13889077,Entire home/apt,1550.0,True,11,13,17,228,,0,,Mallorca,2018-04-18,
13889081,Entire home/apt,1250.0,True,28,56,86,270,85,4,1,Mallorca,2020-01-29,True
13889082,Entire home/apt,880.0,True,2,22,26,26,,0,,Mallorca,2018-07-29,
13889130,Entire home/apt,1630.0,True,0,29,59,75,,0,,Mallorca,2018-09-18,
13889150,Entire home/apt,1560.0,True,12,12,15,267,,1,8,Mallorca,2019-05-27,
13889172,Entire home/apt,1310.0,True,0,7,37,312,,0,,Mallorca,2020-11-08,
13889176,Entire home/apt,1040.0,True,20,50,72,197,,0,,Mallorca,2020-03-22,
13889228,Entire home/apt,1700.0,True,28,58,88,346,80,1,3,Mallorca,2019-09-28,True
13889239,Entire home/apt,1790.0,True,12,42,72,213,,0,,Mallorca,2018-10-17,
13889923,Entire home/apt,1500.0,True,20,23,53,328,80,1,9,Mallorca,2020-06-25,True
13889988,Entire home/apt,2210.0,True,28,58,88,274,,0,,Mallorca,2018-12-18,
13890000,Entire home/apt,1640.0,True,28,58,88,306,100,2,5,Mallorca,2019-12-31,True
13892114,Entire home/apt,820.0,True,0,0,0,225,100,4,7,Barcelona,2021-02-09,True
13898645,Entire home/apt,810.0,True,25,29,29,240,96,21,54,Mallorca,2019-09-28,True
13905674,Private room,200.0,True,20,50,77,167,87,67,323,Madrid,2018-04-12,True
13911372,Private room,700.0,False,0,0,0,0,100,1,11,Barcelona,2017-05-07,True
13919116,Entire home/apt,900.0,True,0,0,0,0,99,84,242,Valencia,2019-05-31,True
13927392,Entire home/apt,2250.0,True,14,20,36,139,95,80,356,Madrid,2018-07-10,True
13930165,Entire home/apt,700.0,True,29,59,67,273,98,79,173,Mallorca,2020-04-23,True
13931820,Private room,130.0,True,0,0,0,0,,0,,Madrid,2018-05-14,
13932435,Private room,300.0,True,0,0,0,0,99,20,43,Madrid,2020-06-13,True
13934525,Private room,1140.0,True,0,0,0,0,100,1,2,Madrid,2020-11-06,True
13935070,Entire home/apt,1300.0,True,30,60,90,358,96,14,49,Girona,2018-11-26,True
13937619,Entire home/apt,270.0,True,1,1,1,123,90,105,423,Girona,2018-07-31,True
13938008,Private room,250.0,True,0,0,0,0,94,32,7,Madrid,2020-04-17,True
13939823,Entire home/apt,1400.0,True,0,27,57,241,80,2,6,Girona,2020-03-26,True
13945319,Private room,370.0,True,0,1,18,290,100,5,24,Barcelona,2018-04-12,True
13949075,Entire home/apt,790.0,True,14,44,66,327,98,39,137,Madrid,2019-01-14,True
13949490,Private room,1300.0,True,0,0,0,0,,0,,Barcelona,2018-04-12,
13950398,Entire home/apt,900.0,True,25,32,33,146,93,131,298,Madrid,2020-03-17,True
13953033,Entire home/apt,900.0,False,0,17,36,303,85,39,544,Barcelona,2017-02-09,True
13957668,Entire home/apt,1080.0,True,29,59,89,149,96,32,61,Sevilla,2020-12-31,True
13958403,Private room,170.0,False,13,43,73,348,53,3,31,Barcelona,2017-05-07,False
13966451,Private room,400.0,True,30,60,90,90,99,42,86,Madrid,2020-07-17,True
13966456,Shared room,430.0,True,0,0,0,0,87,3,23,Barcelona,2017-09-12,True
13971169,Entire home/apt,1000.0,True,23,53,83,358,89,104,194,Valencia,2020-12-21,True
13971841,Entire home/apt,1500.0,False,29,59,77,272,,0,,Mallorca,2017-03-15,
13973253,Private room,180.0,False,29,59,84,172,75,10,127,Barcelona,2017-03-06,False
13978167,Private room,400.0,True,30,60,90,365,99,19,42,Madrid,2020-11-06,True
13978622,Private room,600.0,True,29,59,89,364,,2,5,Barcelona,2020-01-10,
13982517,Private room,230.0,False,6,18,30,296,91,63,516,Barcelona,2017-08-06,True
13982721,Private room,230.0,True,0,0,0,0,,0,,Barcelona,2019-04-10,
13983890,Private room,320.0,True,0,0,0,0,,0,,Barcelona,2019-05-14,
13988785,Entire home/apt,3500.0,True,0,0,0,69,79,18,8,Barcelona,2019-11-09,False
14001383,Entire home/apt,1500.0,True,29,59,89,89,,0,,Malaga,2018-07-31,
14003023,Private room,370.0,True,0,0,0,0,93,26,99,Barcelona,2018-09-11,True
14005224,Entire home/apt,900.0,True,7,13,33,308,89,76,281,Barcelona,2018-11-07,True
14009016,Entire home/apt,2200.0,True,28,47,74,162,92,168,378,Sevilla,2020-03-23,True
14019469,Private room,1100.0,False,0,0,1,253,,0,,Barcelona,2017-06-05,
14021882,Entire home/apt,2000.0,True,14,18,18,183,92,5,33,Mallorca,2019-09-28,True
14023464,Private room,590.0,True,14,24,54,144,91,16,98,Barcelona,2017-12-09,True
14024134,Entire home/apt,440.0,True,12,38,68,69,84,30,201,Barcelona,2017-11-13,True
14031950,Entire home/apt,3000.0,True,23,53,78,324,80,3,7,Mallorca,2020-04-23,True
14032032,Private room,850.0,True,20,50,80,351,,0,,Menorca,2018-12-22,
14035271,Private room,300.0,True,29,48,78,353,98,33,122,Barcelona,2018-11-07,True
14035983,Entire home/apt,1200.0,True,29,59,89,172,97,39,71,Girona,2021-01-31,True
14039869,Entire home/apt,600.0,True,6,22,41,296,93,95,422,Madrid,2018-08-14,True
14040381,Entire home/apt,490.0,True,16,39,60,60,100,2,16,Barcelona,2017-12-09,True
14040825,Private room,700.0,True,30,60,90,365,100,7,22,Barcelona,2020-05-11,True
14052769,Entire home/apt,1500.0,False,0,0,0,0,,0,,Barcelona,2017-04-08,
14053504,Private room,220.0,True,0,0,15,15,90,2,8,Madrid,2018-07-10,True
14062759,Entire home/apt,600.0,True,21,22,28,136,99,52,179,Sevilla,2019-01-29,True
14068570,Entire home/apt,1950.0,True,13,43,55,110,95,58,19,Madrid,2019-02-06,True
14073395,Entire home/apt,670.0,False,16,27,47,247,76,11,156,Barcelona,2017-03-06,False
14074210,Private room,300.0,False,0,19,49,49,100,4,35,Barcelona,2017-07-06,True
14078662,Entire home/apt,1300.0,True,0,0,0,267,50,2,8,Madrid,2018-09-11,False
14080358,Entire home/apt,700.0,False,23,53,83,358,100,5,74,Madrid,2017-04-08,True
14081585,Private room,200.0,True,29,59,89,364,89,14,27,Valencia,2020-10-24,True
14081740,Entire home/apt,670.0,True,2,2,2,2,80,4,7,Valencia,2019-03-31,True
14081795,Entire home/apt,1010.0,True,0,0,0,0,100,2,3,Valencia,2020-12-21,True
14081835,Entire home/apt,550.0,True,7,18,37,195,90,10,29,Valencia,2019-03-31,True
14082532,Entire home/apt,590.0,True,17,47,50,143,80,4,7,Valencia,2020-06-30,True
14091198,Private room,310.0,True,17,46,76,351,86,36,155,Barcelona,2018-07-10,True
14097428,Private room,300.0,True,0,0,0,61,89,257,572,Valencia,2020-03-26,True
14104438,Entire home/apt,2500.0,True,0,2,19,74,100,5,24,Girona,2019-03-30,True
14107150,Entire home/apt,740.0,True,0,0,0,0,100,1,5,Barcelona,2019-12-10,True
14112575,Entire home/apt,480.0,True,19,34,53,299,93,169,418,Valencia,2020-06-30,True
14115141,Private room,600.0,False,1,31,61,61,100,1,10,Barcelona,2017-08-06,True
14115964,Entire home/apt,1350.0,True,11,18,27,82,100,7,22,Mallorca,2019-03-25,True
14118725,Entire home/apt,890.0,True,28,58,88,88,,0,,Madrid,2018-09-11,
14119865,Entire home/apt,550.0,True,29,59,89,269,83,7,14,Barcelona,2020-09-12,True
14122354,Entire home/apt,700.0,True,0,0,0,0,99,30,54,Mallorca,2021-02-11,True
14125592,Entire home/apt,600.0,True,3,33,63,153,93,151,373,Madrid,2019-12-10,True
14129647,Entire home/apt,800.0,True,0,0,0,0,,0,,Girona,2019-04-29,
14130801,Entire home/apt,1100.0,True,0,0,0,0,83,8,46,Barcelona,2018-01-17,True
14131236,Entire home/apt,900.0,True,10,14,35,310,72,33,147,Barcelona,2018-06-09,False
14133214,Entire home/apt,700.0,True,0,0,14,289,94,18,38,Girona,2020-06-29,True
14135821,Entire home/apt,2000.0,True,20,49,79,354,,0,,Madrid,2018-11-07,
14136180,Entire home/apt,500.0,False,15,39,64,208,91,20,243,Madrid,2017-04-08,True
14137949,Entire home/apt,1690.0,True,0,0,1,132,100,1,11,Girona,2019-04-29,True
14139837,Private room,290.0,True,3,33,63,153,93,54,169,Valencia,2019-03-31,True
14145947,Entire home/apt,800.0,True,0,0,26,26,81,16,54,Mallorca,2019-11-28,True
14147022,Private room,370.0,True,30,60,90,90,96,23,43,Barcelona,2020-12-16,True
14148420,Private room,550.0,False,12,31,60,333,87,60,776,Mallorca,2017-03-15,True
14155985,Entire home/apt,800.0,True,21,39,39,265,93,3,8,Girona,2019-07-29,True
14158219,Entire home/apt,790.0,True,19,49,79,354,90,2,16,Mallorca,2018-08-21,True
14160614,Shared room,250.0,False,23,53,83,358,,0,,Barcelona,2017-04-08,
14160854,Entire home/apt,540.0,True,30,60,90,90,90,211,407,Malaga,2020-10-30,True
14161505,Private room,3300.0,True,30,60,90,365,,0,,Madrid,2018-09-11,
14162757,Private room,200.0,True,0,0,0,0,100,1,4,Barcelona,2019-01-14,True
14171398,Entire home/apt,1650.0,True,20,50,54,202,100,5,31,Mallorca,2020-08-28,True
14177631,Entire home/apt,1590.0,True,0,0,13,132,90,2,14,Menorca,2018-12-22,True
14181577,Entire home/apt,2200.0,True,0,0,0,0,100,1,2,Mallorca,2019-11-28,True
14193050,Entire home/apt,870.0,True,3,6,7,44,,0,,Mallorca,2019-05-27,
14193052,Entire home/apt,930.0,True,6,12,15,83,100,1,5,Mallorca,2019-06-27,True
14193078,Entire home/apt,1380.0,True,4,4,4,172,,0,,Mallorca,2019-10-28,
14193136,Entire home/apt,980.0,True,0,9,21,117,,0,,Mallorca,2019-02-17,
14193156,Entire home/apt,2000.0,True,0,1,10,97,,0,,Mallorca,2019-04-24,
14193194,Entire home/apt,1610.0,True,16,46,76,344,,0,,Mallorca,2018-12-18,
14193209,Entire home/apt,1080.0,True,10,15,15,15,,0,,Mallorca,2019-09-28,
14193221,Entire home/apt,990.0,True,0,8,35,77,,0,,Mallorca,2019-04-24,
14198448,Entire home/apt,600.0,True,0,0,0,0,98,186,42,Valencia,2020-03-26,True
14201106,Entire home/apt,2100.0,True,8,18,44,319,93,24,53,Mallorca,2020-06-25,True
14201798,Entire home/apt,950.0,True,0,0,0,0,100,1,3,Girona,2018-12-22,True
14209175,Entire home/apt,1140.0,True,1,3,15,134,100,2,16,Mallorca,2019-06-27,True
14214962,Entire home/apt,1720.0,True,8,33,50,79,,0,,Girona,2018-04-21,
14214969,Entire home/apt,2030.0,True,1,31,31,31,,0,,Girona,2018-07-31,
14214987,Entire home/apt,950.0,True,21,51,81,115,87,3,13,Girona,2018-08-30,True
14215215,Private room,250.0,True,26,53,83,174,95,31,198,Barcelona,2017-11-13,True
14216400,Entire home/apt,2200.0,True,2,22,48,317,98,25,105,Girona,2018-07-31,True
14216516,Private room,260.0,False,10,40,70,230,95,12,116,Barcelona,2017-06-05,True
14216618,Private room,700.0,True,30,60,90,365,96,151,285,Barcelona,2020-12-16,True
14217504,Private room,250.0,True,0,10,40,40,100,2,18,Barcelona,2017-09-12,True
14224910,Entire home/apt,410.0,True,13,32,42,216,99,40,243,Madrid,2018-11-07,True
14227923,Entire home/apt,1000.0,True,30,60,90,365,100,1,2,Girona,2020-06-29,True
14228441,Entire home/apt,1950.0,True,1,1,1,217,94,39,137,Madrid,2019-01-14,True
14232719,Entire home/apt,1430.0,True,15,16,29,127,,0,,Mallorca,2019-06-27,
14234152,Private room,500.0,False,0,0,0,66,,0,,Barcelona,2017-04-08,
14235627,Entire home/apt,2810.0,True,3,3,3,212,,0,,Mallorca,2019-10-28,
14243565,Entire home/apt,4000.0,True,29,59,89,364,,0,,Mallorca,2020-12-19,
14245237,Entire home/apt,2000.0,True,0,0,0,0,80,2,4,Madrid,2020-07-17,True
14245384,Entire home/apt,2000.0,True,13,42,71,346,80,3,8,Madrid,2019-12-10,True
14245709,Entire home/apt,2000.0,True,21,50,80,166,80,2,11,Madrid,2018-07-10,True
14247535,Entire home/apt,2100.0,True,28,52,82,350,100,4,11,Girona,2019-08-31,True
14248640,Private room,220.0,False,5,8,38,313,93,9,9,Barcelona,2017-06-05,True
14249095,Private room,180.0,True,0,0,0,0,87,11,46,Barcelona,2018-08-14,True
14258334,Entire home/apt,690.0,True,25,49,72,340,92,58,16,Sevilla,2019-08-31,True
14263672,Entire home/apt,600.0,False,29,55,85,360,91,13,255,Barcelona,2017-01-04,True
14271969,Entire home/apt,750.0,True,8,38,68,240,95,29,56,Malaga,2020-11-30,True
14276011,Private room,340.0,True,20,50,80,80,99,24,99,Madrid,2018-09-11,True
14276058,Private room,710.0,True,6,15,45,45,89,155,448,Barcelona,2019-06-07,True
14287583,Private room,240.0,True,1,1,1,1,91,14,26,Barcelona,2021-01-12,True
14288527,Entire home/apt,670.0,True,19,49,79,160,97,237,443,Malaga,2020-12-30,True
14293369,Entire home/apt,1400.0,True,1,9,39,314,100,3,9,Mallorca,2019-06-27,True
14302642,Private room,230.0,True,30,60,81,81,93,32,91,Barcelona,2020-06-13,True
14305002,Entire home/apt,600.0,True,0,0,0,0,,0,,Madrid,2018-08-14,
14309144,Private room,500.0,True,0,28,58,333,,1,3,Malaga,2019-06-30,
14325567,Entire home/apt,800.0,True,0,0,0,0,95,20,58,Girona,2019-05-29,True
14326808,Entire home/apt,1150.0,True,15,28,54,309,100,1,6,Sevilla,2019-12-31,True
14331451,Entire home/apt,850.0,True,0,0,0,89,73,3,5,Girona,2021-02-27,False
14333551,Private room,300.0,True,6,36,66,341,100,8,3,Madrid,2018-11-07,True
14348631,Private room,350.0,True,30,60,90,365,87,201,44,Madrid,2020-05-14,True
14352270,Shared room,350.0,True,0,0,0,0,,0,,Barcelona,2018-12-10,
14365234,Private room,310.0,True,0,0,0,253,,0,,Barcelona,2019-04-10,
14365279,Entire home/apt,1050.0,False,6,6,12,216,100,5,63,Barcelona,2017-05-07,True
14365626,Private room,200.0,True,0,0,0,0,60,2,7,Valencia,2020-01-31,False
14366477,Entire home/apt,1770.0,True,23,53,57,207,90,2,4,Mallorca,2020-08-28,True
14368132,Private room,250.0,True,0,5,35,284,100,18,74,Madrid,2018-09-11,True
14372147,Private room,250.0,True,0,0,0,0,100,4,27,Madrid,2018-01-17,True
14377832,Entire home/apt,630.0,True,0,0,0,0,95,8,31,Madrid,2019-02-06,True
14378795,Private room,450.0,True,3,25,40,299,86,142,376,Barcelona,2019-09-17,True
14392407,Entire home/apt,600.0,True,0,0,0,0,90,2,15,Barcelona,2017-10-07,True
14402621,Private room,850.0,False,2,12,35,35,98,29,24,Barcelona,2017-08-06,True
14405216,Entire home/apt,550.0,True,0,0,0,271,95,60,117,Malaga,2020-10-30,True
14408217,Entire home/apt,4350.0,True,25,39,43,165,100,6,16,Mallorca,2020-01-29,True
14409727,Private room,320.0,True,30,55,85,176,93,14,93,Barcelona,2017-11-13,True
14417927,Entire home/apt,500.0,False,29,57,80,322,88,5,72,Mallorca,2017-03-15,True
14418359,Entire home/apt,500.0,True,0,0,0,107,96,29,144,Mallorca,2018-04-18,True
14421923,Private room,230.0,True,0,0,0,0,94,65,152,Madrid,2020-11-06,True
14423854,Entire home/apt,500.0,True,9,9,9,232,77,27,113,Madrid,2018-12-10,False
14433252,Private room,5000.0,True,10,34,57,199,80,1,26,Sevilla,2019-04-27,True
14436579,Private room,400.0,True,3,16,43,44,92,59,328,Barcelona,2018-02-07,True
14443970,Private room,370.0,True,0,0,0,0,82,10,5,Barcelona,2018-04-12,True
14444683,Entire home/apt,450.0,True,7,37,67,342,90,2,9,Barcelona,2019-02-06,True
14446714,Entire home/apt,650.0,True,0,0,0,36,95,12,3,Mallorca,2020-11-08,True
14459149,Entire home/apt,400.0,True,1,4,12,144,97,67,33,Madrid,2018-05-14,True
14459234,Hotel room,500.0,True,0,8,33,299,96,38,9,Girona,2020-01-31,True
14460617,Private room,150.0,True,0,0,24,299,98,35,83,Malaga,2020-01-31,True
14466402,Private room,350.0,False,0,0,0,248,100,5,87,Madrid,2017-03-06,True
14484042,Private room,3500.0,True,29,59,89,364,100,1,5,Barcelona,2018-05-14,True
14485011,Entire home/apt,600.0,True,8,22,22,48,93,78,252,Valencia,2019-02-28,True
14487200,Private room,500.0,False,21,51,79,309,97,20,19,Barcelona,2017-07-06,True
14497988,Private room,210.0,True,5,11,23,96,96,100,31,Barcelona,2019-05-14,True
14515452,Entire home/apt,1950.0,True,30,60,90,305,99,65,125,Mallorca,2020-12-19,True
14516410,Entire home/apt,850.0,True,29,59,89,364,,0,,Madrid,2019-12-10,
14520174,Entire home/apt,1100.0,True,2,15,45,225,98,10,32,Girona,2019-07-29,True
14521034,Entire home/apt,800.0,True,0,0,0,0,,0,,Madrid,2020-09-13,
14521196,Entire home/apt,800.0,True,24,54,84,359,95,12,68,Barcelona,2018-02-07,True
14559351,Entire home/apt,1300.0,True,0,0,0,0,,0,,Girona,2018-10-20,
14561846,Private room,300.0,True,13,33,63,153,91,41,173,Malaga,2018-07-31,True
14563088,Private room,320.0,True,22,49,79,253,94,69,332,Barcelona,2018-06-09,True
14567046,Entire home/apt,890.0,True,0,0,0,0,,0,,Madrid,2019-06-07,
14568981,Entire home/apt,440.0,True,6,30,60,150,89,14,59,Sevilla,2018-08-27,True
14569945,Entire home/apt,1030.0,True,8,10,26,195,98,92,284,Madrid,2019-05-14,True
14571645,Private room,500.0,True,10,10,10,10,96,39,252,Barcelona,2017-12-09,True
14573570,Private room,240.0,True,4,4,4,137,99,26,79,Barcelona,2019-05-14,True
14574259,Entire home/apt,1200.0,True,0,0,0,0,100,6,26,Madrid,2018-07-10,True
14579567,Entire home/apt,790.0,True,7,18,46,318,97,85,409,Madrid,2018-05-14,True
14582385,Entire home/apt,570.0,True,2,23,45,135,99,247,488,Madrid,2020-10-17,True
14583572,Entire home/apt,2950.0,True,28,58,88,363,100,3,12,Girona,2018-08-30,True
14585558,Private room,270.0,True,30,60,90,365,97,68,146,Barcelona,2020-06-13,True
14587542,Entire home/apt,2510.0,True,29,59,89,354,,0,,Mallorca,2019-12-31,
14592598,Private room,450.0,True,26,56,86,361,98,20,147,Barcelona,2017-10-07,True
14593145,Private room,750.0,True,30,60,90,365,93,4,16,Barcelona,2018-11-07,True
14594377,Entire home/apt,870.0,True,27,43,59,303,97,7,2,Malaga,2020-05-31,True
14601604,Entire home/apt,920.0,True,0,0,0,0,85,5,47,Mallorca,2018-04-18,True
14606893,Entire home/apt,670.0,True,0,3,20,295,99,21,98,Madrid,2018-11-07,True
14607740,Entire home/apt,800.0,True,0,1,18,18,98,38,31,Barcelona,2017-09-12,True
14608291,Entire home/apt,1150.0,True,8,19,34,105,99,231,545,Madrid,2020-02-18,True
14612268,Private room,340.0,False,8,38,68,68,91,22,199,Barcelona,2017-08-06,True
14620999,Entire home/apt,2000.0,False,4,9,34,309,90,4,66,Madrid,2017-04-08,True
14626938,Entire home/apt,1000.0,True,15,42,61,61,80,4,35,Madrid,2018-08-14,True
14627849,Entire home/apt,1270.0,True,29,59,89,158,93,85,209,Madrid,2020-04-17,True
14631204,Entire home/apt,850.0,True,2,10,40,47,94,40,323,Barcelona,2017-09-12,True
14640104,Entire home/apt,1490.0,True,5,29,30,30,90,14,49,Mallorca,2019-08-31,True
14642417,Entire home/apt,2140.0,True,29,51,74,138,83,8,23,Mallorca,2020-03-22,True
14644797,Entire home/apt,1570.0,True,5,8,16,79,,0,,Girona,2020-06-29,
14662418,Private room,250.0,True,0,0,0,0,80,5,11,Barcelona,2020-07-17,True
14668651,Entire home/apt,700.0,True,5,11,41,316,94,54,249,Madrid,2018-09-11,True
14669223,Entire home/apt,350.0,True,23,53,83,358,97,8,16,Barcelona,2020-11-06,True
14671298,Private room,1500.0,True,0,0,0,0,,0,,Barcelona,2019-04-10,
14677653,Entire home/apt,2950.0,True,10,22,34,178,100,3,22,Mallorca,2018-08-21,True
14680620,Entire home/apt,1060.0,True,14,16,16,226,90,18,5,Mallorca,2019-09-28,True
14682290,Private room,300.0,True,8,25,55,330,91,35,118,Barcelona,2019-04-10,True
14684040,Private room,530.0,True,15,40,53,53,99,124,319,Barcelona,2019-12-10,True
14703600,Entire home/apt,710.0,True,5,23,48,217,100,1,4,Mallorca,2019-03-25,True
14712529,Entire home/apt,770.0,True,6,12,28,142,99,149,47,Madrid,2019-05-14,True
14719647,Entire home/apt,1590.0,True,10,28,50,217,93,55,356,Barcelona,2018-01-17,True
14734390,Entire home/apt,1200.0,True,10,40,70,160,100,1,4,Barcelona,2018-09-11,True
14735765,Entire home/apt,400.0,True,2,7,9,206,92,108,652,Madrid,2018-01-17,True
14750346,Private room,230.0,True,0,0,0,0,96,16,52,Madrid,2019-03-08,True
14766072,Entire home/apt,400.0,True,0,0,0,247,100,11,27,Barcelona,2020-08-24,True
14767959,Entire home/apt,2300.0,True,4,4,4,7,100,2,6,Mallorca,2019-10-28,True
14772349,Entire home/apt,1020.0,True,0,0,26,116,86,117,222,Madrid,2021-01-12,True
14773056,Entire home/apt,1000.0,True,25,51,77,352,88,34,118,Madrid,2019-03-08,True
14778581,Entire home/apt,500.0,True,0,0,0,158,84,5,12,Barcelona,2020-03-16,True
14782589,Entire home/apt,1040.0,True,12,18,27,112,98,76,236,Sevilla,2019-04-27,True
14792937,Entire home/apt,1000.0,True,0,0,0,162,,0,,Barcelona,2021-02-09,
14813508,Entire home/apt,790.0,True,9,30,60,307,97,30,95,Mallorca,2019-09-28,True
14831213,Entire home/apt,1100.0,True,7,36,63,324,90,64,191,Barcelona,2019-10-16,True
14839843,Private room,300.0,True,3,15,35,215,94,50,225,Barcelona,2018-07-10,True
14852941,Entire home/apt,480.0,True,20,20,20,138,88,92,259,Madrid,2019-08-12,True
14854074,Entire home/apt,900.0,True,10,38,46,121,96,54,28,Madrid,2018-04-12,True
14854217,Entire home/apt,1400.0,True,0,24,54,234,94,10,45,Madrid,2018-08-14,True
14864640,Entire home/apt,470.0,True,10,36,63,94,92,190,514,Malaga,2019-09-30,True
14868987,Entire home/apt,3500.0,True,0,0,0,0,97,50,306,Sevilla,2019-08-31,True
14869404,Private room,290.0,False,1,5,11,50,97,15,222,Barcelona,2017-04-08,True
14870222,Private room,490.0,True,0,0,0,128,98,24,117,Barcelona,2018-06-09,True
14889273,Private room,690.0,True,4,23,53,328,95,85,245,Mallorca,2019-07-25,True
14894906,Private room,280.0,True,0,0,0,0,89,30,152,Barcelona,2018-05-14,True
14896116,Private room,370.0,True,0,0,0,0,70,2,7,Barcelona,2019-10-16,False
14896686,Private room,550.0,False,10,21,36,289,84,5,366,Barcelona,2017-04-08,True
14907916,Entire home/apt,570.0,True,17,43,65,320,92,25,62,Girona,2019-12-31,True
14910368,Entire home/apt,950.0,True,30,60,90,334,85,19,51,Girona,2019-09-30,True
14911737,Private room,200.0,True,5,21,46,136,92,100,265,Madrid,2019-10-16,True
14912116,Private room,520.0,True,0,0,0,0,96,89,167,Barcelona,2021-02-09,True
14913422,Entire home/apt,1200.0,False,16,39,67,337,97,7,10,Madrid,2017-04-08,True
14922043,Entire home/apt,1200.0,True,16,31,52,140,80,2,17,Malaga,2019-03-31,True
14922099,Private room,990.0,False,29,59,89,364,,0,,Barcelona,2017-06-05,
14923468,Entire home/apt,2960.0,True,0,23,48,306,94,22,82,Barcelona,2018-12-10,True
14929819,Private room,270.0,True,0,0,0,272,95,130,568,Malaga,2018-07-31,True
14933489,Entire home/apt,400.0,True,4,22,52,142,96,67,344,Sevilla,2018-04-21,True
14940272,Entire home/apt,740.0,True,0,0,23,45,100,9,22,Valencia,2020-11-10,True
14961326,Entire home/apt,940.0,True,0,12,19,239,,0,,Malaga,2019-06-30,
14961344,Entire home/apt,690.0,True,11,26,47,145,100,4,25,Malaga,2018-05-27,True
14962042,Private room,320.0,True,13,41,71,159,99,16,91,Malaga,2018-12-22,True
14962133,Entire home/apt,900.0,True,25,55,85,347,87,41,289,Barcelona,2017-11-13,True
14963633,Private room,350.0,True,19,49,73,348,97,53,223,Girona,2018-08-30,True
14964612,Private room,300.0,True,29,59,89,179,97,7,48,Barcelona,2017-12-09,True
14965707,Private room,300.0,True,0,0,0,0,100,1,2,Barcelona,2020-01-10,True
14972406,Private room,370.0,True,13,43,73,163,90,123,328,Barcelona,2019-10-16,True
14981606,Entire home/apt,1550.0,True,30,45,71,307,95,68,257,Barcelona,2020-04-16,True
14992442,Entire home/apt,680.0,True,26,50,68,306,96,129,286,Valencia,2020-05-31,True
14996558,Entire home/apt,1500.0,True,0,0,0,85,92,10,57,Girona,2018-11-26,True
14997405,Entire home/apt,1100.0,True,0,0,0,174,99,53,104,Madrid,2020-12-17,True
14999488,Private room,250.0,False,4,18,48,104,90,2,65,Barcelona,2017-01-04,True
14999976,Entire home/apt,5000.0,True,23,40,40,239,,2,1,Mallorca,2018-09-18,
15003987,Private room,550.0,True,23,36,41,315,96,23,10,Menorca,2019-05-30,True
15006369,Entire home/apt,910.0,True,7,10,14,34,99,178,373,Madrid,2020-08-25,True
15012271,Private room,200.0,True,0,17,47,322,90,2,13,Barcelona,2018-01-17,True
15012285,Entire home/apt,640.0,True,27,49,79,249,99,29,56,Valencia,2021-02-20,True
15012312,Entire home/apt,650.0,True,17,25,25,25,95,30,151,Madrid,2018-05-14,True
15014198,Entire home/apt,650.0,True,6,21,38,115,97,196,613,Madrid,2019-05-14,True
15019573,Entire home/apt,750.0,True,29,59,89,340,94,19,45,Girona,2020-03-26,True
15030768,Entire home/apt,650.0,True,0,0,0,16,89,36,225,Madrid,2018-01-17,True
15030779,Entire home/apt,600.0,True,3,3,3,3,93,84,422,Madrid,2018-05-14,True
15031239,Entire home/apt,550.0,True,30,60,90,365,100,2,7,Mallorca,2019-10-28,True
15031780,Entire home/apt,670.0,True,30,60,90,362,80,2,6,Malaga,2020-10-30,True
15032997,Entire home/apt,1290.0,True,20,44,51,326,90,4,19,Mallorca,2019-05-27,True
15034204,Entire home/apt,650.0,True,0,0,0,132,97,82,249,Madrid,2019-06-07,True
15034907,Entire home/apt,1600.0,True,1,6,11,286,92,5,38,Mallorca,2019-06-27,True
15036949,Entire home/apt,1000.0,True,15,45,72,73,96,5,29,Malaga,2018-12-22,True
15044451,Private room,450.0,True,18,40,70,345,98,84,282,Madrid,2019-03-08,True
15045517,Private room,650.0,True,11,41,71,244,60,1,7,Barcelona,2021-02-09,False
15047445,Entire home/apt,400.0,True,3,20,48,240,89,102,468,Malaga,2018-07-31,True
15047966,Private room,350.0,True,0,0,0,0,100,1,17,Barcelona,2017-10-07,True
15048152,Entire home/apt,1000.0,True,17,24,24,28,100,8,73,Madrid,2018-07-10,True
15052231,Entire home/apt,450.0,True,12,30,49,49,92,140,36,Madrid,2019-12-10,True
15053593,Entire home/apt,1000.0,False,18,40,66,66,98,18,292,Madrid,2017-04-08,True
15053800,Private room,350.0,True,3,3,3,3,92,17,55,Barcelona,2019-04-10,True
15055155,Entire home/apt,550.0,True,1,17,47,47,95,69,181,Madrid,2019-11-09,True
15066661,Entire home/apt,4000.0,True,13,14,40,315,80,34,103,Barcelona,2019-12-10,True
15068266,Entire home/apt,750.0,False,24,38,63,204,87,4,73,Madrid,2017-03-06,True
15070085,Private room,300.0,True,30,60,90,180,94,52,155,Valencia,2019-07-01,True
15070118,Entire home/apt,2200.0,False,24,48,78,346,96,12,222,Madrid,2017-03-06,True
15071197,Entire home/apt,490.0,True,15,41,42,310,90,49,156,Malaga,2019-05-01,True
15078222,Entire home/apt,2100.0,True,28,58,88,363,90,6,15,Girona,2020-10-28,True
15081686,Entire home/apt,1140.0,True,15,45,63,299,,0,,Girona,2020-03-26,
15081693,Entire home/apt,1700.0,True,16,25,52,54,,0,,Girona,2019-06-30,
15082579,Entire home/apt,1500.0,False,4,23,46,166,85,8,97,Barcelona,2017-06-05,True
15091443,Shared room,700.0,True,21,29,59,281,83,6,21,Madrid,2019-04-11,True
15110544,Entire home/apt,650.0,True,0,21,51,195,93,10,49,Mallorca,2018-12-18,True
15123163,Entire home/apt,1620.0,True,0,0,0,202,97,13,3,Mallorca,2020-11-08,True
15125165,Entire home/apt,1540.0,True,0,0,0,1,,0,,Girona,2020-01-31,
15125219,Entire home/apt,1390.0,True,17,47,77,262,100,3,9,Girona,2019-08-31,True
15125277,Entire home/apt,720.0,True,0,0,22,297,,0,,Girona,2018-12-22,
15125280,Entire home/apt,1020.0,True,29,50,71,222,,0,,Girona,2020-05-28,
15125294,Entire home/apt,780.0,True,0,0,0,0,,0,,Girona,2020-03-26,
15125300,Entire home/apt,1020.0,True,15,45,57,185,80,1,5,Girona,2020-03-26,True
15125331,Entire home/apt,2000.0,True,29,59,89,364,,0,,Girona,2019-10-30,
15138252,Entire home/apt,2970.0,True,0,0,0,0,96,5,26,Mallorca,2020-11-08,True
15140894,Entire home/apt,900.0,True,27,57,87,351,96,10,49,Girona,2019-03-30,True
15142018,Entire home/apt,3100.0,True,12,22,41,73,98,28,74,Madrid,2020-02-18,True
15154624,Entire home/apt,1320.0,True,0,0,0,0,100,2,12,Mallorca,2019-12-31,True
15155730,Entire home/apt,980.0,False,9,34,57,243,,0,,Mallorca,2017-03-15,
15156675,Private room,290.0,True,0,0,0,0,93,6,2,Madrid,2019-03-08,True
15157817,Entire home/apt,1450.0,True,17,33,63,245,84,50,166,Sevilla,2019-06-29,True
15162404,Private room,320.0,True,30,60,90,365,95,4,33,Sevilla,2018-04-21,True
15163885,Hotel room,400.0,True,0,0,0,0,93,60,148,Madrid,2020-03-17,True
15164356,Entire home/apt,500.0,True,3,7,18,71,91,112,503,Sevilla,2018-07-31,True
15168761,Entire home/apt,500.0,True,9,33,63,208,96,146,473,Madrid,2019-04-11,True
15172492,Entire home/apt,400.0,True,0,0,0,119,87,3,27,Madrid,2020-05-14,True
15174318,Entire home/apt,1080.0,True,30,57,81,356,91,67,137,Madrid,2020-10-17,True
15179060,Entire home/apt,630.0,True,0,24,40,295,77,6,19,Barcelona,2019-05-14,False
15179188,Private room,500.0,True,0,0,0,0,92,36,76,Madrid,2021-01-12,True
15189300,Entire home/apt,1000.0,True,14,25,26,267,100,6,63,Girona,2018-04-21,True
15192087,Entire home/apt,1170.0,True,21,30,37,289,97,120,272,Mallorca,2020-05-28,True
15197781,Entire home/apt,2000.0,True,30,57,87,287,90,7,18,Madrid,2020-03-17,True
15199757,Entire home/apt,1650.0,True,0,0,18,49,100,1,38,Mallorca,2019-06-27,True
15203351,Entire home/apt,650.0,True,0,0,7,7,98,36,98,Madrid,2019-10-16,True
15206279,Private room,320.0,True,14,42,56,331,98,33,88,Madrid,2019-11-09,True
15206536,Entire home/apt,1000.0,True,29,59,89,364,92,5,11,Madrid,2020-08-25,True
15215147,Entire home/apt,3990.0,True,30,60,90,351,,0,,Mallorca,2019-11-28,
15225108,Private room,350.0,True,24,54,62,62,100,1,10,Barcelona,2018-05-14,True
15226260,Entire home/apt,3400.0,True,0,5,7,127,,0,,Mallorca,2019-08-31,
15227148,Private room,250.0,True,11,23,23,89,97,18,92,Barcelona,2018-05-14,True
15228632,Entire home/apt,670.0,True,16,30,46,76,,0,,Mallorca,2020-06-25,
15228637,Entire home/apt,680.0,True,25,32,32,50,,0,,Mallorca,2020-06-25,
15228643,Entire home/apt,680.0,True,2,4,25,240,90,2,8,Mallorca,2019-07-25,True
15228656,Entire home/apt,750.0,True,0,0,13,217,100,2,5,Mallorca,2021-02-11,True
15228673,Entire home/apt,840.0,True,29,59,68,144,80,4,11,Mallorca,2020-04-23,True
15228688,Entire home/apt,1150.0,True,0,0,6,95,,0,,Mallorca,2018-07-29,
15234209,Private room,200.0,True,2,17,32,303,99,31,371,Barcelona,2017-10-07,True
15245145,Private room,220.0,True,0,0,15,290,92,5,32,Madrid,2018-01-17,True
15245258,Entire home/apt,1200.0,False,0,0,0,0,87,3,59,Barcelona,2017-06-05,True
15248430,Private room,350.0,True,0,0,0,0,97,88,239,Barcelona,2019-10-16,True
15248525,Entire home/apt,750.0,True,30,60,90,271,96,35,66,Girona,2021-02-27,True
15253506,Entire home/apt,3150.0,False,11,36,65,338,,0,,Barcelona,2017-01-04,
15254167,Private room,320.0,False,26,56,86,361,80,9,284,Barcelona,2017-01-04,True
15259141,Entire home/apt,1990.0,True,28,30,34,85,,0,,Mallorca,2018-04-18,
15265238,Private room,990.0,True,0,0,0,109,,0,,Barcelona,2019-01-14,
15277194,Entire home/apt,2300.0,False,23,53,72,295,,0,,Mallorca,2017-03-15,
15279710,Private room,200.0,True,16,34,62,337,88,255,619,Sevilla,2020-02-29,True
15280322,Entire home/apt,1030.0,True,11,30,53,307,87,14,45,Valencia,2019-09-01,True
15291323,Entire home/apt,450.0,True,3,19,45,315,93,14,34,Madrid,2020-02-18,True
15293984,Entire home/apt,1090.0,True,28,58,88,323,,0,,Mallorca,2018-11-20,
15295749,Entire home/apt,730.0,True,0,7,27,182,93,32,102,Sevilla,2019-07-29,True
15299905,Entire home/apt,2210.0,True,17,47,77,317,98,35,89,Mallorca,2020-01-29,True
15300143,Entire home/apt,1290.0,True,30,60,90,365,99,39,87,Mallorca,2021-02-11,True
15305990,Entire home/apt,1260.0,False,30,60,90,348,,0,,Mallorca,2017-03-15,
15306390,Private room,200.0,True,0,0,0,166,90,4,16,Barcelona,2019-01-14,True
15308709,Entire home/apt,420.0,True,20,50,80,355,89,37,173,Madrid,2018-07-10,True
15313617,Private room,220.0,True,0,0,0,0,88,96,219,Sevilla,2020-05-30,True
15316088,Private room,240.0,True,0,0,0,0,,0,,Madrid,2019-09-19,
15318828,Entire home/apt,370.0,True,30,60,90,305,89,48,153,Malaga,2020-10-30,True
15320242,Private room,200.0,True,0,23,53,143,93,16,64,Madrid,2018-11-07,True
15325670,Private room,390.0,True,13,35,65,340,96,45,152,Barcelona,2019-08-12,True
15348862,Entire home/apt,1690.0,True,23,53,83,84,89,13,8,Barcelona,2018-02-07,True
15349533,Entire home/apt,2210.0,True,28,58,88,325,100,3,19,Girona,2018-10-20,True
15353038,Entire home/apt,800.0,True,0,0,0,0,92,98,268,Madrid,2019-10-16,True
15353324,Entire home/apt,1990.0,False,4,10,23,71,,0,,Barcelona,2017-08-06,
15357450,Entire home/apt,4000.0,True,4,12,17,274,100,1,1,Barcelona,2019-07-10,True
15360160,Entire home/apt,600.0,True,29,59,89,179,90,33,87,Sevilla,2019-11-29,True
15364728,Entire home/apt,500.0,True,1,2,32,66,88,8,42,Girona,2018-07-31,True
15372652,Entire home/apt,570.0,True,0,0,0,0,,0,,Madrid,2018-12-10,
15376167,Entire home/apt,1000.0,False,0,0,3,212,96,15,249,Barcelona,2017-04-08,True
15380630,Private room,500.0,True,30,60,90,365,85,13,29,Valencia,2020-11-10,True
15402634,Private room,380.0,True,13,43,73,73,93,65,17,Madrid,2019-12-10,True
15402794,Private room,150.0,True,8,25,50,297,92,85,254,Valencia,2019-07-31,True
15421787,Private room,800.0,True,30,60,90,365,,0,,Girona,2019-08-31,
15430554,Entire home/apt,2180.0,True,14,14,14,22,,0,,Mallorca,2018-10-17,
15431978,Private room,310.0,True,29,59,89,364,97,58,118,Madrid,2020-11-06,True
15433602,Entire home/apt,800.0,True,22,47,58,59,97,27,147,Sevilla,2018-10-18,True
15435548,Private room,500.0,True,6,29,59,59,97,29,141,Barcelona,2018-09-11,True
15442110,Entire home/apt,790.0,False,0,2,31,31,97,7,148,Madrid,2017-03-06,True
15442250,Entire home/apt,950.0,True,22,52,65,65,92,34,68,Madrid,2021-02-09,True
15442299,Entire home/apt,600.0,True,25,46,74,343,99,103,403,Sevilla,2018-11-22,True
15445327,Entire home/apt,700.0,True,3,7,8,141,98,64,197,Mallorca,2019-06-27,True
15445749,Entire home/apt,790.0,True,23,53,83,173,99,32,78,Madrid,2020-03-17,True
15446759,Entire home/apt,1150.0,True,18,34,46,46,95,4,23,Girona,2018-10-20,True
15458594,Private room,250.0,False,9,39,69,69,94,13,154,Barcelona,2017-07-06,True
15467299,Private room,250.0,True,30,46,46,46,97,84,206,Barcelona,2020-03-16,True
15472647,Private room,800.0,False,7,28,50,286,90,3,6,Barcelona,2017-06-05,True
15476243,Entire home/apt,490.0,True,0,0,0,0,,0,,Mallorca,2020-09-19,
15479793,Entire home/apt,850.0,True,30,46,66,336,97,188,45,Sevilla,2020-03-23,True
15483258,Entire home/apt,690.0,True,2,13,37,284,93,74,326,Madrid,2018-09-11,True
15483686,Entire home/apt,520.0,False,30,60,90,180,,0,,Madrid,2017-04-08,
15487828,Private room,450.0,True,1,3,3,3,96,6,36,Barcelona,2019-03-08,True
15488434,Entire home/apt,2320.0,True,0,13,43,122,73,3,17,Mallorca,2021-02-11,False
15488638,Entire home/apt,620.0,True,16,42,71,301,92,133,343,Barcelona,2020-02-16,True
15489253,Private room,370.0,False,1,1,1,270,96,10,172,Barcelona,2017-04-08,True
15491386,Entire home/apt,1050.0,True,15,41,56,273,83,8,5,Barcelona,2019-02-06,True
15491387,Private room,300.0,False,21,46,70,95,100,3,134,Barcelona,2017-01-04,True
15492619,Entire home/apt,1350.0,True,8,25,49,169,,0,,Sevilla,2019-05-29,
15503909,Entire home/apt,3980.0,True,0,8,38,225,100,1,6,Mallorca,2020-01-29,True
15504370,Entire home/apt,3240.0,True,0,0,0,122,,0,,Mallorca,2018-11-20,
15505839,Entire home/apt,1950.0,True,27,57,87,362,96,73,193,Malaga,2019-11-30,True
15507285,Private room,590.0,True,5,31,61,68,95,64,168,Barcelona,2019-12-10,True
15510022,Private room,250.0,True,0,12,15,32,97,49,272,Madrid,2018-05-14,True
15514191,Entire home/apt,950.0,True,0,0,0,0,99,21,41,Malaga,2021-01-31,True
15530332,Entire home/apt,1500.0,False,5,19,19,78,90,3,36,Barcelona,2017-07-06,True
15541284,Entire home/apt,1200.0,True,26,56,86,354,97,70,161,Madrid,2020-05-14,True
15550816,Private room,230.0,True,24,54,84,359,89,45,331,Barcelona,2017-12-09,True
15555722,Entire home/apt,1080.0,True,2,32,62,337,,0,,Mallorca,2018-09-18,
15556604,Entire home/apt,1370.0,True,0,0,0,1,80,3,1,Mallorca,2020-01-29,True
15561769,Private room,230.0,True,9,39,67,152,100,9,37,Barcelona,2018-12-10,True
15563894,Private room,290.0,True,10,32,49,139,95,84,267,Mallorca,2019-05-27,True
15575144,Private room,500.0,False,29,59,89,364,,0,,Barcelona,2017-03-06,
15579708,Entire home/apt,2500.0,True,11,41,71,346,93,3,1,Girona,2019-07-29,True
15580648,Entire home/apt,1790.0,True,4,13,39,171,97,12,58,Mallorca,2018-07-29,True
15591972,Entire home/apt,3200.0,True,30,60,69,252,90,2,6,Menorca,2020-05-31,True
15593416,Private room,470.0,True,0,7,37,218,95,13,153,Barcelona,2017-11-13,True
15597738,Entire home/apt,760.0,True,1,8,16,207,98,223,716,Madrid,2019-05-14,True
15606679,Entire home/apt,1000.0,True,23,53,82,357,95,11,27,Menorca,2020-12-30,True
15628078,Entire home/apt,1400.0,True,10,29,46,126,100,1,37,Barcelona,2018-08-14,True
15636856,Private room,290.0,False,19,41,71,161,96,44,592,Barcelona,2017-07-06,True
15654614,Entire home/apt,4280.0,True,22,52,64,64,,0,,Mallorca,2018-10-17,
15654963,Entire home/apt,790.0,False,29,59,89,364,,0,,Madrid,2017-04-08,
15656695,Private room,350.0,False,19,49,79,79,80,2,61,Barcelona,2017-02-09,True
15657388,Shared room,150.0,True,0,12,42,42,,0,,Madrid,2018-05-14,
15658785,Entire home/apt,460.0,True,13,32,57,59,98,60,259,Sevilla,2018-11-22,True
15659961,Private room,200.0,True,0,0,17,288,97,35,106,Sevilla,2020-01-30,True
15667563,Private room,220.0,True,27,54,84,175,92,53,269,Madrid,2018-08-14,True
15672559,Entire home/apt,640.0,True,30,55,85,175,97,151,37,Malaga,2020-03-26,True
15695052,Private room,350.0,False,29,59,89,364,,2,82,Barcelona,2017-01-04,
15696421,Entire home/apt,1470.0,True,0,21,44,319,,0,,Mallorca,2018-08-21,
15700116,Entire home/apt,1400.0,True,14,28,33,42,93,105,249,Barcelona,2020-04-16,True
15700160,Entire home/apt,1000.0,False,0,0,0,7,,0,,Barcelona,2017-02-09,
15700181,Entire home/apt,1500.0,True,26,51,77,167,93,8,28,Madrid,2019-03-08,True
15705280,Entire home/apt,730.0,True,16,38,53,305,93,53,285,Madrid,2018-05-14,True
15711623,Entire home/apt,1700.0,True,12,38,68,337,93,11,123,Barcelona,2017-11-13,True
15712249,Entire home/apt,3500.0,True,6,17,29,304,83,15,105,Barcelona,2019-07-10,True
15713525,Private room,250.0,False,0,5,35,35,,1,52,Barcelona,2017-01-04,
15713797,Private room,710.0,True,30,60,90,90,97,7,17,Madrid,2021-02-09,True
15716926,Entire home/apt,3380.0,True,1,1,1,1,,0,,Mallorca,2020-08-28,
15723172,Entire home/apt,500.0,True,22,49,79,354,94,29,124,Girona,2018-09-28,True
15724662,Private room,170.0,True,0,0,0,0,98,9,71,Madrid,2018-01-17,True
15740114,Private room,320.0,False,22,52,82,357,80,2,71,Barcelona,2017-02-09,True
15742124,Entire home/apt,1000.0,True,30,60,90,154,93,75,226,Madrid,2019-08-12,True
15749505,Private room,300.0,True,0,0,20,200,95,44,206,Barcelona,2018-09-11,True
15754749,Entire home/apt,980.0,True,13,43,61,221,,0,,Mallorca,2018-10-17,
15766975,Entire home/apt,2890.0,True,28,58,88,313,91,7,34,Girona,2019-02-19,True
15767841,Private room,750.0,True,29,59,89,95,100,2,46,Barcelona,2018-11-07,True
15769906,Entire home/apt,1050.0,True,7,23,41,97,99,50,285,Sevilla,2018-07-31,True
15787767,Entire home/apt,590.0,True,23,49,79,294,91,32,115,Malaga,2019-02-24,True
15794719,Private room,600.0,True,30,60,90,365,100,3,27,Barcelona,2017-10-07,True
15800162,Entire home/apt,840.0,True,0,0,0,0,70,4,6,Malaga,2020-10-30,False
15800164,Entire home/apt,800.0,True,25,55,85,353,90,4,8,Malaga,2019-09-30,True
15800166,Entire home/apt,700.0,True,23,38,60,335,,0,,Malaga,2018-07-31,
15800174,Entire home/apt,620.0,True,0,0,0,0,90,6,16,Malaga,2020-01-31,True
15800817,Private room,400.0,True,2,9,34,124,96,156,429,Barcelona,2019-11-09,True
15801786,Entire home/apt,1280.0,True,24,51,81,356,95,4,24,Madrid,2018-05-14,True
15803693,Entire home/apt,650.0,True,28,58,88,178,85,16,47,Valencia,2019-09-01,True
15803769,Entire home/apt,1000.0,True,19,45,65,335,89,10,23,Malaga,2020-05-31,True
15811975,Private room,200.0,True,19,46,76,347,91,96,369,Barcelona,2019-01-14,True
15812034,Entire home/apt,440.0,True,29,59,89,364,100,3,1,Barcelona,2020-06-13,True
15812097,Hotel room,510.0,True,13,37,58,333,85,101,285,Madrid,2019-10-16,True
15812679,Private room,310.0,True,12,30,60,150,97,33,225,Barcelona,2018-05-14,True
15812828,Shared room,150.0,False,30,60,90,365,100,1,25,Madrid,2017-03-06,True
15823039,Entire home/apt,800.0,True,13,30,48,275,98,24,105,Madrid,2019-01-14,True
15824837,Entire home/apt,550.0,True,13,18,48,212,,0,,Girona,2020-01-31,
15834862,Entire home/apt,400.0,True,12,42,72,325,86,18,39,Girona,2021-01-31,True
15836966,Entire home/apt,500.0,True,4,10,19,76,95,137,65,Valencia,2019-03-31,True
15837237,Entire home/apt,3050.0,True,28,40,40,182,,0,,Mallorca,2020-09-19,
15837673,Private room,200.0,False,30,60,90,179,95,4,12,Barcelona,2017-03-06,True
15844162,Entire home/apt,1000.0,True,18,43,62,256,99,75,313,Madrid,2019-02-06,True
15848190,Entire home/apt,1600.0,True,28,58,88,190,99,141,347,Sevilla,2020-06-29,True
15849642,Private room,370.0,False,6,26,26,257,93,3,55,Barcelona,2017-05-07,True
15854767,Hotel room,1050.0,True,0,0,0,0,98,23,71,Mallorca,2019-12-31,True
15863563,Entire home/apt,1600.0,True,30,60,90,180,96,34,91,Girona,2020-01-31,True
15868228,Entire home/apt,750.0,True,0,0,0,0,90,151,352,Madrid,2020-06-13,True
15871248,Private room,240.0,False,0,24,54,55,87,3,141,Barcelona,2017-02-09,True
15882675,Entire home/apt,1200.0,True,10,40,44,97,87,3,8,Girona,2020-03-26,True
15882711,Entire home/apt,4990.0,True,0,0,0,35,,0,,Girona,2019-03-30,
15882726,Entire home/apt,4390.0,True,0,0,0,28,,0,,Girona,2019-12-31,
15882755,Entire home/apt,600.0,True,28,58,88,342,67,3,7,Girona,2018-12-22,False
15883288,Entire home/apt,1760.0,True,6,22,37,167,90,21,44,Mallorca,2020-04-23,True
15885378,Entire home/apt,650.0,True,0,0,0,0,80,4,1,Girona,2019-05-29,True
15895265,Entire home/apt,800.0,True,27,47,71,86,93,19,53,Valencia,2019-10-31,True
15895803,Private room,380.0,True,9,13,18,192,96,62,193,Madrid,2019-07-10,True
15896099,Entire home/apt,600.0,False,0,4,34,34,,0,,Madrid,2017-03-06,
15907271,Entire home/apt,370.0,True,0,0,0,163,70,2,24,Barcelona,2020-11-06,False
15907725,Entire home/apt,920.0,True,2,3,12,27,100,2,9,Mallorca,2019-07-25,True
15908359,Private room,450.0,True,0,0,0,0,94,28,89,Girona,2019-06-30,True
15909622,Entire home/apt,1600.0,False,6,25,32,167,,0,,Barcelona,2017-02-09,
15909986,Entire home/apt,400.0,True,30,44,56,286,92,253,588,Sevilla,2020-05-30,True
15922099,Private room,990.0,True,11,41,71,161,94,248,703,Barcelona,2019-10-16,True
15923937,Entire home/apt,1000.0,True,0,0,0,0,80,1,5,Sevilla,2018-07-31,True
15929441,Entire home/apt,470.0,True,0,0,0,0,94,74,435,Madrid,2018-04-12,True
15935137,Entire home/apt,850.0,True,17,41,58,197,98,16,182,Barcelona,2018-02-07,True
15946934,Entire home/apt,690.0,True,29,59,89,359,92,23,105,Girona,2019-03-30,True
15950513,Entire home/apt,500.0,True,4,11,16,273,93,90,406,Malaga,2018-09-29,True
15953046,Entire home/apt,1520.0,True,0,0,0,0,93,9,18,Mallorca,2020-10-21,True
15959552,Entire home/apt,970.0,True,30,60,90,90,98,25,88,Mallorca,2019-10-28,True
15959711,Entire home/apt,850.0,True,0,0,0,0,80,1,6,Madrid,2018-09-11,True
15962897,Entire home/apt,1100.0,True,24,47,77,352,,0,,Girona,2018-09-28,
15968763,Entire home/apt,1700.0,True,0,0,0,0,90,5,16,Madrid,2019-08-12,True
15977015,Entire home/apt,3490.0,False,0,0,0,29,,0,,Barcelona,2017-03-06,
15984990,Entire home/apt,1800.0,True,29,59,89,179,98,80,16,Madrid,2021-01-12,True
15985820,Entire home/apt,700.0,True,29,59,89,89,97,143,338,Madrid,2020-05-14,True
15999012,Private room,400.0,True,29,59,89,89,96,11,26,Madrid,2020-06-13,True
16001069,Entire home/apt,700.0,True,2,2,2,171,100,3,25,Mallorca,2018-04-18,True
16001177,Entire home/apt,600.0,True,6,9,19,237,91,138,493,Madrid,2019-03-08,True
16011916,Entire home/apt,1150.0,True,16,44,66,156,97,70,307,Madrid,2018-10-10,True
16027015,Entire home/apt,890.0,True,30,45,45,45,85,64,148,Madrid,2020-07-17,True
16034438,Entire home/apt,500.0,True,0,0,0,0,100,8,42,Madrid,2018-07-10,True
16036000,Private room,180.0,True,5,22,43,283,85,203,789,Madrid,2019-01-14,True
16040928,Entire home/apt,700.0,True,18,48,73,73,98,71,522,Madrid,2018-01-17,True
16044746,Private room,120.0,True,0,22,52,315,85,30,203,Malaga,2018-04-22,True
16059695,Private room,250.0,True,17,32,32,32,94,92,471,Madrid,2018-07-10,True
16060354,Entire home/apt,600.0,True,16,41,62,157,93,20,71,Girona,2019-03-30,True
16060437,Entire home/apt,1200.0,True,7,23,53,55,93,3,25,Malaga,2018-07-31,True
16064480,Entire home/apt,850.0,True,23,53,78,353,94,68,329,Sevilla,2018-08-27,True
16066235,Entire home/apt,690.0,True,0,9,9,126,98,68,16,Menorca,2020-05-31,True
16068474,Entire home/apt,990.0,True,20,48,74,163,92,46,134,Malaga,2019-09-30,True
16074375,Entire home/apt,840.0,True,0,0,0,104,97,271,542,Madrid,2021-01-12,True
16075284,Entire home/apt,3500.0,True,0,0,21,182,100,4,61,Mallorca,2019-01-28,True
16075606,Entire home/apt,490.0,True,24,54,84,359,,0,,Madrid,2018-07-10,
16075619,Entire home/apt,680.0,True,15,45,75,335,87,3,8,Madrid,2020-03-17,True
16075655,Entire home/apt,1300.0,True,28,58,88,278,,0,,Menorca,2020-04-30,
16077061,Entire home/apt,1590.0,True,21,51,81,353,99,34,374,Barcelona,2017-12-09,True
16078112,Entire home/apt,990.0,True,15,39,62,327,97,41,295,Madrid,2018-01-17,True
16091088,Entire home/apt,2400.0,True,0,0,0,239,100,3,78,Girona,2018-11-26,True
16097749,Private room,480.0,True,1,11,11,11,99,24,179,Barcelona,2018-02-07,True
16105036,Entire home/apt,1090.0,True,0,0,0,0,100,1,6,Madrid,2020-04-17,True
16105228,Entire home/apt,1280.0,False,16,42,68,320,,0,,Mallorca,2017-03-15,
16106373,Private room,500.0,True,29,59,89,179,,0,,Barcelona,2017-09-12,
16109137,Private room,250.0,True,25,55,85,85,88,152,436,Barcelona,2019-10-16,True
16110216,Entire home/apt,1330.0,True,0,0,0,28,100,5,16,Girona,2020-01-31,True
16112487,Private room,350.0,True,26,56,86,86,88,88,23,Malaga,2020-02-29,True
16116126,Entire home/apt,990.0,True,8,17,45,144,87,3,11,Barcelona,2019-06-07,True
16116131,Entire home/apt,1100.0,True,22,49,77,145,89,55,14,Barcelona,2020-07-17,True
16117783,Entire home/apt,650.0,True,3,14,35,105,94,14,52,Mallorca,2019-07-25,True
16119549,Private room,390.0,False,3,13,22,91,98,28,469,Barcelona,2017-06-05,True
16119804,Private room,490.0,True,30,60,90,90,97,130,26,Barcelona,2021-01-12,True
16122151,Entire home/apt,1550.0,True,7,25,48,96,97,39,249,Madrid,2018-04-12,True
16127736,Entire home/apt,940.0,True,7,12,12,154,89,18,36,Mallorca,2018-09-18,True
16128493,Entire home/apt,1220.0,True,5,11,24,90,,0,,Mallorca,2018-07-29,
16132612,Private room,400.0,True,21,51,81,356,88,45,329,Madrid,2018-01-17,True
16134982,Entire home/apt,790.0,True,19,25,42,317,97,72,22,Madrid,2019-08-12,True
16140518,Entire home/apt,450.0,True,3,15,40,313,95,105,482,Malaga,2018-09-29,True
16146904,Entire home/apt,520.0,True,12,12,12,250,96,109,24,Madrid,2020-08-25,True
16151975,Entire home/apt,1500.0,True,0,0,0,0,98,13,47,Madrid,2019-04-11,True
16152053,Entire home/apt,1350.0,True,27,57,81,356,95,4,1,Mallorca,2021-02-11,True
16157618,Private room,300.0,True,2,28,45,284,94,40,451,Barcelona,2017-10-07,True
16162015,Entire home/apt,400.0,True,13,43,71,340,91,134,339,Malaga,2020-03-26,True
16166606,Entire home/apt,900.0,False,0,0,0,0,,0,,Barcelona,2017-01-04,
16169111,Private room,550.0,True,0,0,0,162,85,16,46,Barcelona,2020-01-10,True
16169145,Private room,390.0,True,7,11,11,11,99,41,19,Barcelona,2018-10-10,True
16172109,Entire home/apt,1200.0,True,10,22,33,69,99,293,811,Sevilla,2019-11-29,True
16174382,Private room,400.0,True,0,0,0,0,80,1,6,Madrid,2018-11-07,True
16175481,Entire home/apt,710.0,True,30,43,55,305,95,33,9,Menorca,2020-04-30,True
16175763,Entire home/apt,2500.0,True,30,60,90,180,87,6,37,Girona,2018-11-26,True
16188387,Entire home/apt,1820.0,True,25,39,51,147,100,10,3,Mallorca,2020-03-22,True
16195361,Entire home/apt,420.0,True,8,38,68,332,92,83,254,Mallorca,2019-09-28,True
16197554,Entire home/apt,600.0,True,23,36,36,36,78,19,58,Girona,2019-08-31,False
16198382,Entire home/apt,1080.0,True,26,56,74,195,96,5,12,Mallorca,2020-03-22,True
16198827,Shared room,600.0,True,29,59,89,364,,0,,Madrid,2018-09-11,
16204424,Entire home/apt,1210.0,True,0,0,0,0,94,25,8,Madrid,2019-07-10,True
16205517,Shared room,470.0,True,0,1,16,291,,1,5,Mallorca,2018-12-18,
16209983,Entire home/apt,1350.0,True,5,29,53,317,100,2,22,Barcelona,2017-10-07,True
16218327,Private room,280.0,False,19,47,77,167,80,1,48,Barcelona,2017-03-06,True
16219907,Entire home/apt,800.0,False,20,20,22,23,100,2,15,Barcelona,2017-02-09,True
16223030,Shared room,550.0,False,10,14,14,75,100,1,6,Madrid,2017-03-06,True
16223789,Entire home/apt,800.0,True,28,41,71,346,99,21,69,Girona,2019-06-30,True
16226623,Entire home/apt,1000.0,True,20,34,34,34,92,84,361,Madrid,2018-11-07,True
16227372,Entire home/apt,470.0,True,20,50,80,86,91,77,38,Sevilla,2018-08-27,True
16234816,Entire home/apt,600.0,False,4,16,30,57,60,1,24,Barcelona,2017-05-07,False
16235230,Entire home/apt,1000.0,True,28,58,88,88,,0,,Barcelona,2018-02-07,
16249248,Entire home/apt,2070.0,True,0,5,28,262,,0,,Mallorca,2018-08-21,
16251546,Entire home/apt,1490.0,True,17,46,50,234,96,20,5,Sevilla,2020-06-29,True
16253836,Entire home/apt,2400.0,True,0,0,27,178,97,13,59,Mallorca,2019-01-28,True
16255146,Private room,130.0,True,0,24,39,296,100,7,17,Barcelona,2020-07-17,True
16257364,Private room,380.0,True,21,51,81,192,93,82,472,Barcelona,2018-05-14,True
16257567,Entire home/apt,550.0,True,0,0,0,0,95,21,47,Menorca,2021-01-31,True
16260857,Private room,600.0,True,0,0,7,282,,0,,Madrid,2018-10-10,
16262996,Private room,350.0,False,27,54,84,85,,0,,Barcelona,2017-01-04,
16264662,Entire home/apt,600.0,False,0,0,0,36,,0,,Barcelona,2017-02-09,
16270398,Private room,150.0,True,0,0,0,0,,0,,Barcelona,2017-12-09,
16270556,Entire home/apt,500.0,True,19,43,71,173,100,1,5,Sevilla,2018-11-22,True
16272738,Private room,760.0,False,27,55,85,360,100,1,10,Barcelona,2017-01-04,True
16277379,Entire home/apt,650.0,True,0,0,0,0,91,9,75,Girona,2018-04-21,True
16278781,Entire home/apt,4000.0,True,23,44,74,330,98,50,473,Barcelona,2017-11-13,True
16280942,Shared room,350.0,True,28,58,88,88,,0,,Barcelona,2018-04-12,
16281857,Entire home/apt,1300.0,True,27,49,79,282,,1,12,Girona,2019-02-19,
16281922,Entire home/apt,3870.0,True,29,59,89,364,,0,,Madrid,2018-05-14,
16287474,Entire home/apt,650.0,True,22,35,59,133,88,45,17,Madrid,2019-03-08,True
16292600,Entire home/apt,1950.0,True,18,34,47,299,100,104,274,Barcelona,2020-02-16,True
16293013,Private room,300.0,False,1,4,7,263,91,13,247,Barcelona,2017-06-05,True
16293345,Entire home/apt,1250.0,True,8,13,15,81,100,6,15,Mallorca,2020-06-25,True
16293407,Entire home/apt,1040.0,True,30,60,90,300,96,24,104,Girona,2018-11-26,True
16295854,Entire home/apt,400.0,True,27,57,67,67,94,245,619,Sevilla,2020-03-23,True
16305644,Private room,140.0,True,0,0,0,0,96,5,13,Madrid,2020-01-10,True
16306813,Private room,230.0,True,9,39,69,344,,0,,Barcelona,2019-11-09,
16307967,Private room,520.0,True,30,60,90,365,,0,,Barcelona,2017-10-07,
16308005,Private room,160.0,True,0,0,0,98,,0,,Barcelona,2020-11-06,
16309168,Private room,310.0,True,16,16,16,16,95,34,191,Madrid,2018-08-14,True
16309972,Entire home/apt,3120.0,True,17,30,59,294,92,5,48,Mallorca,2018-04-18,True
16317623,Private room,550.0,False,30,60,90,180,,0,,Barcelona,2017-04-08,
16319498,Entire home/apt,900.0,True,7,29,59,327,92,49,255,Girona,2018-08-30,True
16327359,Entire home/apt,1570.0,True,3,4,4,150,97,6,22,Mallorca,2019-09-28,True
16327406,Entire home/apt,2060.0,True,0,0,0,216,100,3,19,Mallorca,2018-12-18,True
16341822,Entire home/apt,550.0,True,27,57,87,362,100,1,5,Girona,2018-11-26,True
16342252,Private room,800.0,True,19,39,64,339,,0,,Madrid,2018-07-10,
16342266,Entire home/apt,1000.0,True,1,15,30,50,96,138,405,Madrid,2019-10-16,True
16358569,Entire home/apt,580.0,False,29,59,89,364,87,3,141,Madrid,2017-03-06,True
16359822,Private room,230.0,True,22,52,82,172,95,101,24,Barcelona,2020-11-06,True
16370266,Entire home/apt,2650.0,True,30,60,90,306,90,2,6,Mallorca,2021-01-16,True
16371639,Entire home/apt,1150.0,True,19,42,63,210,85,19,59,Girona,2019-08-31,True
16372552,Private room,300.0,False,4,23,53,82,91,14,365,Barcelona,2017-06-05,True
16373692,Entire home/apt,3300.0,True,9,28,28,79,100,1,8,Girona,2018-04-21,True
16374861,Private room,290.0,True,19,30,51,306,91,98,70,Barcelona,2018-02-07,True
16375266,Entire home/apt,490.0,True,19,49,77,352,81,90,264,Madrid,2019-10-16,True
16376940,Entire home/apt,1200.0,True,30,60,90,365,84,5,17,Mallorca,2019-11-28,True
16377991,Private room,650.0,True,0,0,0,0,80,1,5,Barcelona,2018-08-14,True
16378030,Entire home/apt,1170.0,True,0,1,1,190,,0,,Girona,2018-10-20,
16378122,Entire home/apt,1740.0,True,0,0,0,165,,0,,Girona,2019-09-30,
16378218,Entire home/apt,940.0,True,18,18,18,152,,0,,Girona,2018-09-28,
16378837,Entire home/apt,1910.0,True,8,8,9,240,,0,,Mallorca,2019-05-27,
16378846,Entire home/apt,2190.0,True,5,26,42,130,100,9,41,Mallorca,2019-02-17,True
16378854,Entire home/apt,2400.0,True,0,23,53,324,95,4,23,Mallorca,2019-08-31,True
16378860,Entire home/apt,940.0,True,3,10,25,300,93,3,17,Mallorca,2019-05-27,True
16379479,Entire home/apt,1130.0,True,4,4,4,108,,0,,Girona,2018-08-30,
16379648,Entire home/apt,1280.0,True,0,0,0,116,,0,,Girona,2019-02-19,
16379658,Entire home/apt,3020.0,True,0,0,0,169,,0,,Girona,2019-11-30,
16379671,Entire home/apt,2960.0,True,27,38,55,114,100,1,1,Girona,2020-05-28,True
16379772,Entire home/apt,2030.0,True,26,35,35,184,100,1,3,Girona,2019-08-31,True
16382690,Entire home/apt,2070.0,True,0,0,0,140,,0,,Girona,2018-10-20,
16384978,Entire home/apt,680.0,True,5,13,33,83,88,25,191,Barcelona,2018-08-14,True
16385521,Entire home/apt,1050.0,True,14,44,74,349,95,67,348,Girona,2018-07-31,True
16385573,Private room,610.0,True,0,11,41,41,,0,,Barcelona,2019-03-08,
16386018,Entire home/apt,550.0,True,23,44,74,349,94,32,145,Madrid,2018-11-07,True
16386147,Entire home/apt,470.0,True,0,0,23,165,90,3,13,Girona,2019-02-19,True
16386156,Entire home/apt,1330.0,True,0,0,6,155,,0,,Girona,2020-01-31,
16386158,Entire home/apt,410.0,True,27,50,59,131,,0,,Girona,2019-04-29,
16387159,Entire home/apt,730.0,True,0,23,53,328,,0,,Barcelona,2019-02-06,
16388095,Private room,290.0,False,18,48,78,168,80,1,46,Barcelona,2017-03-06,True
16389496,Entire home/apt,1200.0,False,0,1,25,25,,0,,Barcelona,2017-06-05,
16393729,Entire home/apt,400.0,True,0,0,0,54,79,292,642,Madrid,2020-09-13,False
16398488,Entire home/apt,690.0,True,3,3,3,3,93,14,42,Girona,2019-09-30,True
16402214,Entire home/apt,700.0,True,5,8,15,182,98,42,183,Sevilla,2018-11-22,True
16409948,Entire home/apt,1800.0,True,16,42,72,342,91,100,292,Malaga,2019-10-31,True
16410095,Entire home/apt,800.0,True,17,17,17,17,96,15,104,Girona,2018-07-31,True
16411691,Entire home/apt,990.0,True,28,45,68,196,95,4,11,Mallorca,2020-04-23,True
16419818,Entire home/apt,700.0,True,24,54,84,339,97,38,189,Madrid,2018-12-10,True
16424380,Entire home/apt,1200.0,True,17,36,66,335,93,12,83,Mallorca,2019-08-31,True
16425293,Entire home/apt,350.0,True,16,46,72,72,100,2,1,Barcelona,2018-11-07,True
16433232,Entire home/apt,650.0,True,10,26,53,295,94,9,36,Sevilla,2019-03-28,True
16449303,Entire home/apt,1000.0,True,5,5,5,39,98,9,37,Madrid,2019-06-07,True
16449615,Entire home/apt,520.0,True,28,30,30,33,91,23,48,Sevilla,2020-11-30,True
16457960,Entire home/apt,490.0,True,0,0,29,161,95,5,17,Girona,2019-07-29,True
16471188,Entire home/apt,750.0,False,0,7,15,160,100,1,79,Barcelona,2017-04-08,True
16476561,Entire home/apt,740.0,True,0,0,0,0,95,54,292,Sevilla,2018-08-27,True
16478119,Private room,400.0,True,2,32,62,337,86,22,93,Barcelona,2018-12-10,True
16478602,Entire home/apt,540.0,True,5,8,12,29,95,98,256,Sevilla,2020-02-29,True
16483920,Entire home/apt,950.0,True,3,17,42,310,90,29,339,Barcelona,2017-09-12,True
16486504,Entire home/apt,1500.0,True,12,20,45,315,100,1,8,Barcelona,2019-07-10,True
16486879,Entire home/apt,1500.0,True,11,36,66,336,,0,,Barcelona,2019-07-10,
16501647,Entire home/apt,600.0,True,10,24,42,254,100,1,4,Valencia,2019-05-31,True
16504514,Entire home/apt,700.0,True,30,60,90,365,90,78,172,Mallorca,2020-09-19,True
16517267,Private room,330.0,True,0,0,0,226,80,17,42,Madrid,2020-05-14,True
16517420,Entire home/apt,840.0,True,0,0,7,282,100,2,11,Madrid,2018-10-10,True
16517564,Private room,3640.0,True,30,60,90,180,80,1,3,Barcelona,2020-09-12,True
16523911,Private room,1720.0,True,0,0,0,0,100,1,15,Barcelona,2017-09-12,True
16525141,Private room,260.0,True,4,34,49,49,90,10,33,Madrid,2019-07-10,True
16531978,Entire home/apt,1430.0,True,30,60,90,365,80,3,8,Girona,2020-10-28,True
16534850,Private room,320.0,True,6,26,56,319,88,5,32,Barcelona,2018-04-12,True
16537660,Entire home/apt,750.0,True,15,21,32,233,100,5,28,Mallorca,2019-03-25,True
16539985,Entire home/apt,1150.0,True,27,57,87,362,100,3,2,Girona,2019-10-30,True
16543166,Entire home/apt,780.0,True,16,41,67,342,98,74,422,Madrid,2018-07-10,True
16553196,Entire home/apt,810.0,True,29,40,40,40,90,2,107,Girona,2019-08-31,True
16553213,Entire home/apt,1250.0,True,0,0,0,0,80,1,3,Girona,2020-01-31,True
16580978,Entire home/apt,4450.0,True,27,57,76,301,100,6,31,Mallorca,2019-03-25,True
16585730,Private room,280.0,True,0,0,0,0,,0,,Madrid,2019-07-10,
16585792,Entire home/apt,1600.0,True,0,0,0,0,88,17,64,Girona,2019-03-30,True
16591958,Entire home/apt,520.0,True,0,0,0,133,80,1,7,Barcelona,2019-05-14,True
16592467,Entire home/apt,700.0,True,30,57,87,362,95,24,61,Madrid,2020-04-17,True
16592689,Entire home/apt,990.0,True,2,19,43,318,80,3,2,Mallorca,2018-07-29,True
16593615,Private room,700.0,True,29,59,89,89,96,61,198,Mallorca,2020-01-29,True
16597911,Private room,300.0,True,0,0,0,9,92,10,35,Madrid,2020-01-10,True
16599421,Entire home/apt,660.0,True,3,33,63,203,80,4,25,Mallorca,2018-12-18,True
16605017,Entire home/apt,490.0,True,14,21,21,21,87,6,17,Girona,2020-03-26,True
16608404,Entire home/apt,1700.0,True,29,59,89,364,100,3,11,Girona,2020-04-30,True
16612772,Entire home/apt,650.0,True,23,51,71,189,95,38,179,Girona,2019-02-19,True
16623742,Private room,210.0,True,17,28,58,319,90,21,208,Barcelona,2017-11-13,True
16624083,Entire home/apt,4500.0,True,29,59,89,179,60,1,7,Mallorca,2019-09-28,False
16642497,Private room,210.0,False,0,4,34,309,,0,,Barcelona,2017-03-06,
16648902,Entire home/apt,520.0,True,30,54,77,107,81,15,31,Girona,2019-04-29,True
16668351,Private room,350.0,True,13,29,53,328,89,185,799,Malaga,2019-05-30,True
16672021,Entire home/apt,1100.0,False,3,4,8,267,100,1,26,Barcelona,2017-07-06,True
16682187,Entire home/apt,800.0,True,4,11,25,281,97,42,153,Mallorca,2019-07-25,True
16682425,Entire home/apt,2370.0,True,1,1,17,20,95,8,23,Girona,2020-06-29,True
16682746,Entire home/apt,3180.0,True,0,0,21,217,100,4,9,Mallorca,2021-01-16,True
16685111,Entire home/apt,670.0,True,23,32,61,336,93,6,18,Girona,2020-06-29,True
16685927,Entire home/apt,980.0,True,29,51,79,351,88,34,14,Barcelona,2019-01-14,True
16687083,Entire home/apt,960.0,True,13,16,37,77,98,59,238,Malaga,2019-03-31,True
16688770,Private room,220.0,True,10,40,70,330,85,17,37,Barcelona,2020-11-06,True
16690587,Private room,630.0,True,28,58,88,88,100,23,49,Barcelona,2021-02-09,True
16697355,Private room,800.0,True,30,57,86,361,,0,,Barcelona,2017-10-07,
16697440,Entire home/apt,280.0,True,0,1,22,112,91,92,204,Malaga,2020-10-30,True
16700580,Entire home/apt,500.0,True,2,13,24,292,97,14,7,Madrid,2018-09-11,True
16700592,Entire home/apt,610.0,True,5,19,49,287,97,7,41,Malaga,2018-08-29,True
16701270,Entire home/apt,550.0,True,15,33,59,312,91,14,79,Malaga,2020-02-29,True
16702659,Entire home/apt,750.0,True,30,60,90,91,92,55,131,Madrid,2020-07-17,True
16704193,Entire home/apt,1400.0,True,30,60,87,358,98,142,353,Barcelona,2020-05-11,True
16718567,Entire home/apt,650.0,True,0,0,0,118,95,14,64,Girona,2018-11-26,True
16718731,Entire home/apt,1750.0,True,20,41,68,339,100,3,11,Girona,2019-09-30,True
16719324,Entire home/apt,1740.0,True,13,30,60,106,93,95,485,Madrid,2018-09-11,True
16721576,Private room,140.0,True,0,5,35,127,89,23,119,Madrid,2018-11-07,True
16732821,Entire home/apt,3870.0,True,24,39,57,169,93,85,224,Barcelona,2020-03-16,True
16733143,Private room,420.0,True,0,11,41,132,89,28,35,Barcelona,2017-11-13,True
16734934,Entire home/apt,800.0,True,0,0,0,0,100,9,28,Madrid,2019-12-10,True
16736243,Private room,650.0,True,15,45,75,350,100,2,25,Barcelona,2018-04-12,True
16737061,Private room,500.0,False,4,31,32,306,98,13,394,Barcelona,2017-06-05,True
16740624,Private room,350.0,False,24,54,84,84,93,7,269,Madrid,2017-04-08,True
16743154,Hotel room,1580.0,True,30,60,90,365,100,1,2,Mallorca,2021-01-16,True
16744055,Entire home/apt,1750.0,True,12,42,72,248,99,14,66,Mallorca,2019-03-25,True
16745070,Entire home/apt,490.0,True,28,58,88,363,82,10,21,Girona,2021-02-27,True
16748294,Private room,650.0,True,28,58,88,179,99,31,7,Barcelona,2020-10-12,True
16749058,Entire home/apt,1740.0,True,30,60,90,365,95,111,239,Barcelona,2020-11-06,True
16750931,Private room,550.0,True,22,30,30,30,96,41,378,Barcelona,2018-01-17,True
16762460,Private room,300.0,True,0,0,10,10,95,231,469,Barcelona,2021-02-09,True
16762820,Entire home/apt,850.0,True,18,39,66,97,87,3,13,Girona,2019-03-30,True
16772799,Entire home/apt,390.0,True,0,0,0,0,85,108,235,Barcelona,2020-11-06,True
16777078,Entire home/apt,1900.0,True,29,59,73,317,100,1,1,Menorca,2018-04-21,True
16777722,Entire home/apt,900.0,True,9,39,69,344,91,44,146,Girona,2019-07-29,True
16780502,Entire home/apt,1500.0,True,29,56,86,357,83,6,18,Valencia,2019-12-31,True
16789407,Private room,200.0,True,0,0,0,0,98,19,4,Barcelona,2020-12-16,True
16794153,Private room,1000.0,True,30,60,90,180,80,1,6,Barcelona,2018-08-14,True
16800800,Entire home/apt,4500.0,True,14,23,27,112,96,10,3,Mallorca,2020-02-29,True
16802462,Entire home/apt,380.0,True,0,0,15,290,80,5,3,Barcelona,2018-10-10,True
16802536,Entire home/apt,290.0,True,3,8,10,260,96,155,517,Valencia,2019-07-31,True
16805125,Private room,700.0,True,0,0,0,0,73,3,9,Barcelona,2019-12-10,False
16806770,Entire home/apt,1200.0,True,3,6,9,182,,0,,Barcelona,2018-10-10,
16812225,Private room,300.0,True,15,45,75,75,80,2,5,Barcelona,2020-02-16,True
16812583,Private room,250.0,True,30,60,90,90,83,7,32,Barcelona,2018-11-07,True
16819376,Entire home/apt,1090.0,False,0,0,4,4,90,10,303,Barcelona,2017-06-05,True
16819622,Private room,330.0,True,26,56,86,361,,0,,Barcelona,2017-10-07,
16842452,Entire home/apt,850.0,True,0,0,0,43,93,3,7,Mallorca,2021-02-11,True
16852329,Private room,500.0,True,25,34,40,40,97,18,219,Barcelona,2017-11-13,True
16852622,Entire home/apt,1750.0,True,29,59,89,338,100,2,11,Mallorca,2019-02-17,True
16856445,Entire home/apt,990.0,True,0,13,43,52,90,159,347,Madrid,2020-10-17,True
16864960,Entire home/apt,2500.0,True,30,41,64,339,99,36,9,Mallorca,2020-05-28,True
16865230,Entire home/apt,740.0,True,6,15,30,282,100,11,59,Madrid,2018-11-07,True
16866028,Entire home/apt,1580.0,False,9,18,46,46,89,18,474,Barcelona,2017-06-05,True
16867177,Entire home/apt,700.0,True,29,59,89,349,,1,5,Girona,2020-04-30,
16868660,Private room,190.0,True,0,0,0,0,60,1,4,Madrid,2018-12-10,False
16869002,Entire home/apt,1930.0,True,13,29,50,311,91,21,89,Barcelona,2019-02-06,True
16869344,Private room,850.0,True,17,45,74,74,,0,,Valencia,2019-11-30,
16872328,Entire home/apt,1200.0,True,20,46,71,72,97,77,269,Madrid,2019-06-07,True
16875193,Entire home/apt,850.0,True,3,27,57,332,98,23,74,Madrid,2019-09-19,True
16875716,Entire home/apt,2300.0,True,29,59,89,351,92,15,56,Menorca,2019-09-01,True
16876467,Entire home/apt,4500.0,True,0,9,23,179,100,18,59,Girona,2019-10-30,True
16882733,Entire home/apt,490.0,False,4,5,8,210,86,10,769,Barcelona,2017-03-06,True
16891365,Entire home/apt,500.0,True,9,9,39,239,100,6,19,Barcelona,2019-09-17,True
16891845,Private room,250.0,True,23,51,77,352,95,30,253,Barcelona,2018-02-07,True
16894142,Entire home/apt,3500.0,True,30,60,90,365,68,5,12,Mallorca,2020-09-19,False
16907802,Entire home/apt,800.0,True,21,29,41,278,95,8,65,Mallorca,2018-04-18,True
16908827,Entire home/apt,370.0,False,3,14,30,31,85,11,60,Madrid,2017-04-08,True
16909943,Entire home/apt,800.0,True,8,15,34,289,98,32,179,Sevilla,2018-07-31,True
16919949,Private room,340.0,True,0,0,0,0,,0,,Barcelona,2019-10-16,
16922240,Entire home/apt,1200.0,True,19,36,62,267,94,106,275,Sevilla,2020-04-30,True
16923644,Private room,290.0,True,9,39,69,122,97,24,107,Barcelona,2018-12-10,True
16928256,Entire home/apt,650.0,True,27,57,87,362,96,5,12,Barcelona,2020-09-12,True
16930276,Private room,800.0,True,0,0,0,0,100,4,12,Sevilla,2019-11-29,True
16939915,Private room,650.0,True,29,59,89,89,96,9,46,Barcelona,2018-10-10,True
16940499,Entire home/apt,340.0,True,11,34,64,74,66,22,116,Girona,2018-09-28,False
16943785,Private room,350.0,True,15,45,75,350,96,27,68,Madrid,2020-06-13,True
16957961,Entire home/apt,730.0,True,9,39,69,127,,0,,Girona,2018-04-21,
16958003,Entire home/apt,2180.0,True,3,32,62,337,,0,,Girona,2019-10-30,
16958009,Entire home/apt,2310.0,True,0,0,0,0,80,1,63,Girona,2018-10-20,True
16958014,Entire home/apt,1110.0,True,0,0,15,84,,0,,Girona,2019-02-19,
16958016,Entire home/apt,1380.0,True,5,5,5,174,70,2,41,Girona,2018-09-28,False
16958043,Entire home/apt,940.0,True,19,20,20,20,,0,,Girona,2018-09-28,
16958105,Entire home/apt,1830.0,True,0,0,0,140,90,2,11,Girona,2019-10-30,True
16958734,Entire home/apt,1180.0,True,18,18,18,187,,0,,Girona,2018-09-28,
16960221,Entire home/apt,560.0,True,30,60,90,180,96,50,114,Valencia,2020-10-24,True
16960789,Private room,300.0,False,30,60,90,365,,0,,Barcelona,2017-03-06,
16970123,Entire home/apt,800.0,True,5,29,57,332,,0,,Girona,2018-07-31,
16986755,Private room,350.0,False,24,54,81,172,,0,,Barcelona,2017-05-07,
16991632,Entire home/apt,560.0,True,1,29,53,326,90,115,244,Sevilla,2020-12-31,True
16993980,Entire home/apt,2000.0,True,7,12,23,173,96,172,561,Madrid,2019-08-12,True
16995657,Private room,460.0,True,0,0,0,0,100,5,11,Barcelona,2020-10-12,True
17004170,Entire home/apt,1590.0,True,1,31,61,217,100,2,16,Mallorca,2018-07-29,True
17004187,Entire home/apt,1800.0,True,0,9,27,32,100,1,6,Mallorca,2018-07-29,True
17004198,Entire home/apt,1170.0,True,29,59,89,308,85,8,19,Mallorca,2021-01-16,True
17004203,Entire home/apt,2120.0,True,26,45,67,306,93,3,14,Mallorca,2019-04-24,True
17010950,Entire home/apt,1650.0,True,27,57,87,362,100,3,18,Girona,2018-11-26,True
17012028,Entire home/apt,800.0,True,0,0,0,38,100,14,51,Madrid,2019-08-12,True
17017717,Entire home/apt,1530.0,True,0,0,0,94,97,36,9,Valencia,2020-06-30,True
17019239,Entire home/apt,3190.0,True,0,0,0,0,100,17,41,Malaga,2020-12-30,True
17019876,Private room,550.0,True,2,10,26,46,91,66,279,Barcelona,2019-04-10,True
17020252,Entire home/apt,3000.0,False,4,11,41,42,,0,,Barcelona,2017-02-09,
17020361,Entire home/apt,1200.0,True,0,0,0,0,91,62,264,Madrid,2019-03-08,True
17026688,Entire home/apt,790.0,True,22,52,79,354,95,62,547,Madrid,2018-01-17,True
17027460,Entire home/apt,1500.0,True,30,60,90,313,95,4,24,Menorca,2019-11-30,True
17029088,Private room,350.0,True,0,0,0,1,89,110,291,Barcelona,2020-03-16,True
17030232,Entire home/apt,1100.0,True,30,58,81,348,94,134,35,Madrid,2020-04-17,True
17034411,Entire home/apt,480.0,True,0,0,27,186,83,14,57,Girona,2019-03-30,True
17039209,Entire home/apt,750.0,True,10,10,10,10,93,64,195,Barcelona,2018-11-07,True
17041460,Entire home/apt,750.0,True,6,20,33,306,97,100,569,Sevilla,2018-07-31,True
17042853,Private room,550.0,True,30,60,90,129,98,28,66,Barcelona,2020-08-24,True
17044186,Entire home/apt,450.0,True,21,37,66,341,88,148,693,Madrid,2018-11-07,True
17044810,Entire home/apt,720.0,True,5,10,16,187,85,8,34,Malaga,2019-01-30,True
17044953,Entire home/apt,750.0,False,5,16,43,311,,0,,Barcelona,2017-04-08,
17046209,Private room,200.0,True,17,31,34,276,97,66,205,Valencia,2019-09-30,True
17050677,Entire home/apt,440.0,True,0,0,9,72,96,55,259,Malaga,2018-11-27,True
17052654,Entire home/apt,1600.0,False,27,57,87,362,,0,,Barcelona,2017-05-07,
17070772,Entire home/apt,1300.0,True,17,38,55,314,98,130,369,Barcelona,2020-01-10,True
17071189,Entire home/apt,1440.0,True,30,60,90,180,93,8,47,Mallorca,2018-11-20,True
17071473,Private room,300.0,False,0,0,0,0,,0,,Barcelona,2017-05-07,
17072183,Entire home/apt,430.0,True,9,36,63,334,90,64,218,Madrid,2019-07-10,True
17081279,Entire home/apt,470.0,False,14,42,72,344,,0,,Barcelona,2017-02-09,
17082141,Entire home/apt,820.0,True,0,26,56,231,90,18,5,Girona,2020-03-26,True
17085278,Entire home/apt,1760.0,True,1,1,1,236,94,16,4,Mallorca,2020-08-28,True
17100681,Private room,150.0,False,0,0,0,0,,0,,Barcelona,2017-02-09,
17101095,Entire home/apt,960.0,True,0,0,0,0,97,135,287,Barcelona,2021-01-12,True
17102876,Private room,250.0,True,0,0,0,0,92,81,216,Barcelona,2020-03-16,True
17115488,Entire home/apt,950.0,True,28,58,88,363,90,8,19,Girona,2020-12-31,True
17117682,Private room,660.0,True,25,52,82,357,80,4,19,Girona,2018-11-26,True
17121543,Private room,960.0,True,5,8,12,255,93,71,462,Barcelona,2018-06-09,True
17121956,Entire home/apt,750.0,True,1,6,7,7,98,51,151,Madrid,2020-01-10,True
17122195,Private room,400.0,True,0,7,14,174,97,60,184,Sevilla,2019-10-30,True
17128640,Entire home/apt,3800.0,True,29,59,89,364,,0,,Mallorca,2019-05-27,
17132303,Private room,160.0,True,1,5,35,125,98,10,102,Madrid,2018-01-17,True
17137241,Entire home/apt,600.0,True,0,15,15,101,99,21,128,Menorca,2018-08-29,True
17137501,Entire home/apt,2500.0,False,23,53,83,84,,0,,Barcelona,2017-02-09,
17148426,Private room,350.0,False,22,44,70,329,,1,75,Barcelona,2017-04-08,
17149038,Entire home/apt,1200.0,True,0,0,0,180,,0,,Sevilla,2018-07-31,
17150114,Entire home/apt,500.0,True,23,53,77,349,98,36,194,Girona,2018-10-20,True
17152296,Entire home/apt,550.0,True,28,58,88,178,98,272,58,Madrid,2020-12-17,True
17152449,Private room,200.0,True,0,0,0,0,93,5,15,Madrid,2019-11-09,True
17154449,Entire home/apt,1700.0,True,13,40,70,336,90,5,106,Barcelona,2017-09-12,True
17166233,Entire home/apt,1200.0,True,0,19,35,55,,0,,Girona,2020-05-28,
17174195,Entire home/apt,650.0,True,24,54,73,335,90,25,84,Girona,2020-03-26,True
17176553,Entire home/apt,550.0,True,2,19,37,285,96,51,202,Madrid,2019-05-14,True
17181453,Entire home/apt,1200.0,True,30,60,90,365,70,2,15,Madrid,2018-08-14,False
17186218,Entire home/apt,700.0,True,3,24,54,268,100,1,4,Girona,2020-06-29,True
17186654,Private room,300.0,False,19,49,79,354,93,15,326,Barcelona,2017-07-06,True
17187522,Entire home/apt,750.0,True,29,59,89,364,92,18,58,Girona,2019-10-30,True
17207047,Entire home/apt,840.0,True,7,30,54,169,96,78,326,Madrid,2019-02-06,True
17209930,Private room,250.0,True,26,56,86,361,87,28,185,Barcelona,2018-05-14,True
17210787,Private room,130.0,True,0,0,0,139,,0,,Madrid,2020-03-17,
17210887,Entire home/apt,1200.0,True,5,5,29,214,100,1,3,Mallorca,2020-06-25,True
17211188,Entire home/apt,1000.0,True,9,26,49,131,100,8,68,Barcelona,2018-04-12,True
17215884,Entire home/apt,600.0,True,26,26,26,63,100,14,34,Girona,2020-10-28,True
17216114,Entire home/apt,900.0,True,10,40,70,345,94,7,25,Girona,2019-07-29,True
17217455,Entire home/apt,2900.0,True,3,10,28,97,97,13,54,Madrid,2019-03-08,True
17218380,Entire home/apt,1430.0,True,27,43,56,56,84,5,29,Girona,2018-10-20,True
17218653,Private room,500.0,False,0,0,6,6,90,4,122,Barcelona,2017-06-05,True
17220124,Entire home/apt,1300.0,True,23,53,83,358,95,4,28,Girona,2018-08-30,True
17220445,Entire home/apt,1700.0,False,19,32,48,309,100,1,10,Madrid,2017-03-06,True
17227280,Private room,210.0,True,0,0,0,0,94,167,361,Barcelona,2020-12-16,True
17229168,Entire home/apt,2200.0,True,23,53,83,358,93,3,24,Valencia,2020-04-28,True
17229820,Private room,400.0,True,11,11,15,290,80,18,289,Barcelona,2017-10-07,True
17233378,Entire home/apt,3000.0,True,30,60,85,339,,0,,Girona,2018-04-21,
17235015,Entire home/apt,550.0,True,30,60,90,365,88,15,36,Girona,2020-10-28,True
17235126,Private room,380.0,True,0,0,0,0,80,5,13,Madrid,2020-04-17,True
17243123,Entire home/apt,2000.0,True,27,54,61,262,99,27,79,Mallorca,2020-04-23,True
17243915,Entire home/apt,3850.0,True,26,44,57,121,99,126,342,Madrid,2020-03-17,True
17245845,Entire home/apt,1240.0,False,30,57,87,361,,0,,Madrid,2017-03-06,
17249166,Entire home/apt,450.0,True,0,0,0,62,90,4,9,Girona,2021-02-27,True
17252208,Entire home/apt,3300.0,True,0,0,20,190,100,1,6,Mallorca,2021-01-16,True
17253251,Entire home/apt,800.0,False,0,0,0,0,,0,,Barcelona,2017-03-06,
17253398,Entire home/apt,690.0,True,28,58,88,298,88,16,8,Menorca,2019-01-30,True
17259098,Private room,190.0,False,29,59,89,364,100,1,10,Madrid,2017-03-06,True
17260689,Entire home/apt,1650.0,True,0,0,0,162,,0,,Mallorca,2019-12-31,
17260809,Private room,180.0,True,0,0,0,0,93,14,32,Barcelona,2020-09-12,True
17261361,Entire home/apt,940.0,True,4,5,5,11,95,89,485,Madrid,2018-10-10,True
17262735,Entire home/apt,680.0,True,3,23,50,312,98,201,649,Madrid,2019-09-19,True
17262816,Entire home/apt,590.0,True,30,60,90,194,96,209,547,Madrid,2020-04-17,True
17265057,Entire home/apt,1620.0,True,0,5,5,191,100,3,13,Mallorca,2019-05-27,True
17265710,Entire home/apt,600.0,True,29,59,89,179,96,153,315,Valencia,2021-02-20,True
17270978,Private room,350.0,True,0,0,0,0,100,1,3,Barcelona,2020-02-16,True
17275390,Entire home/apt,2200.0,True,0,0,0,10,,0,,Menorca,2020-02-29,
17276008,Entire home/apt,1350.0,True,18,38,59,291,93,3,9,Sevilla,2019-11-29,True
17279931,Private room,1850.0,False,0,0,19,19,,0,,Barcelona,2017-03-06,
17281949,Entire home/apt,2220.0,True,10,39,69,245,95,71,227,Malaga,2019-09-30,True
17283206,Entire home/apt,600.0,True,2,6,16,230,93,109,419,Madrid,2019-04-11,True
17290335,Entire home/apt,670.0,True,0,24,54,287,93,3,16,Sevilla,2020-05-30,True
17290371,Entire home/apt,800.0,True,30,60,90,295,97,7,25,Sevilla,2021-02-27,True
17290470,Entire home/apt,850.0,True,4,23,53,269,80,1,9,Sevilla,2018-08-27,True
17290698,Entire home/apt,2000.0,True,6,24,43,140,,0,,Sevilla,2019-05-29,
17290980,Private room,400.0,True,19,41,61,61,100,47,199,Madrid,2019-02-06,True
17296867,Entire home/apt,650.0,True,3,3,20,295,80,1,16,Barcelona,2018-08-14,True
17299186,Private room,330.0,True,16,16,16,234,68,25,359,Barcelona,2017-10-07,False
17300927,Private room,380.0,True,3,3,3,3,93,92,32,Barcelona,2019-07-10,True
17301253,Entire home/apt,2500.0,True,26,53,83,347,89,20,175,Barcelona,2018-02-07,True
17302337,Entire home/apt,600.0,False,25,49,70,323,,0,,Madrid,2017-03-06,
17305707,Private room,250.0,True,0,0,0,0,,0,,Mallorca,2019-09-28,
17314117,Entire home/apt,1400.0,False,13,43,73,139,,0,,Mallorca,2017-03-15,
17314782,Entire home/apt,600.0,True,8,12,17,146,95,110,409,Barcelona,2019-05-14,True
17315757,Entire home/apt,550.0,True,0,0,0,0,100,1,6,Mallorca,2018-11-20,True
17317755,Entire home/apt,1200.0,True,23,53,83,173,100,2,19,Mallorca,2019-05-27,True
17323567,Entire home/apt,1050.0,True,29,59,89,334,100,11,33,Mallorca,2020-03-22,True
17326005,Private room,800.0,True,30,58,58,58,98,42,128,Barcelona,2019-11-09,True
17336519,Entire home/apt,2400.0,True,26,56,66,299,90,2,2,Girona,2018-04-21,True
17337052,Entire home/apt,850.0,True,0,0,0,0,97,15,68,Madrid,2018-12-10,True
17339781,Entire home/apt,850.0,True,4,12,18,180,99,114,407,Mallorca,2019-06-27,True
17340053,Entire home/apt,3000.0,True,30,60,90,365,70,2,11,Girona,2019-12-31,False
17341376,Entire home/apt,550.0,True,0,6,17,292,92,130,331,Malaga,2020-06-30,True
17344825,Entire home/apt,420.0,True,7,37,67,67,95,103,229,Barcelona,2020-11-06,True
17350033,Entire home/apt,1200.0,True,0,0,0,205,85,8,4,Mallorca,2018-11-20,True
17351328,Private room,400.0,False,24,54,84,190,,0,,Barcelona,2017-03-06,
17351552,Entire home/apt,2750.0,True,0,0,0,0,100,10,54,Mallorca,2019-02-17,True
17351876,Entire home/apt,720.0,False,10,36,66,341,,0,,Barcelona,2017-08-06,
17351979,Entire home/apt,650.0,True,25,37,58,124,97,128,334,Valencia,2020-04-28,True
17355463,Entire home/apt,550.0,True,11,41,71,134,,0,,Girona,2018-07-31,
17355483,Entire home/apt,770.0,False,1,3,7,263,,0,,Barcelona,2017-04-08,
17361082,Entire home/apt,450.0,True,30,60,90,365,90,2,19,Barcelona,2019-02-06,True
17362109,Entire home/apt,1220.0,True,19,35,46,131,60,1,12,Mallorca,2020-04-23,False
17374642,Entire home/apt,1550.0,True,30,60,90,300,93,3,7,Girona,2021-01-31,True
17374651,Entire home/apt,1290.0,True,21,21,21,21,,0,,Girona,2020-11-28,
17374654,Entire home/apt,780.0,True,0,0,0,65,,0,,Girona,2018-12-22,
17374656,Entire home/apt,820.0,True,30,60,83,83,100,1,10,Girona,2019-09-30,True
17374662,Entire home/apt,890.0,True,0,0,0,0,,0,,Girona,2018-11-26,
17374675,Entire home/apt,900.0,True,0,0,0,39,,0,,Girona,2019-04-29,
17378294,Entire home/apt,780.0,True,0,0,0,0,97,187,405,Madrid,2020-12-17,True
17384199,Entire home/apt,2750.0,True,24,31,32,254,98,19,78,Girona,2019-04-29,True
17384311,Entire home/apt,900.0,True,30,60,90,334,100,85,196,Mallorca,2020-10-21,True
17391816,Entire home/apt,1100.0,True,21,51,79,185,99,37,98,Malaga,2020-04-30,True
17398411,Entire home/apt,490.0,True,23,50,79,79,83,228,526,Madrid,2020-10-17,True
17400426,Entire home/apt,1550.0,True,30,57,82,353,100,3,11,Barcelona,2020-04-16,True
17401447,Private room,450.0,True,16,38,56,134,98,260,911,Sevilla,2019-06-29,True
17401856,Hotel room,760.0,True,27,53,73,334,92,5,13,Valencia,2020-10-24,True
17403686,Private room,1210.0,True,0,0,0,0,100,2,8,Barcelona,2020-04-16,True
17404486,Entire home/apt,550.0,True,16,46,76,351,95,50,294,Girona,2018-09-28,True
17404547,Entire home/apt,3160.0,True,7,7,7,7,83,7,17,Mallorca,2020-10-21,True
17405032,Private room,400.0,True,0,0,0,0,,0,,Barcelona,2017-11-13,
17405712,Entire home/apt,350.0,True,15,34,64,214,89,61,177,Valencia,2020-02-29,True
17416161,Entire home/apt,2210.0,True,0,0,0,46,100,1,6,Menorca,2019-02-24,True
17418353,Entire home/apt,1100.0,True,0,15,43,43,92,166,426,Madrid,2020-05-14,True
17424838,Entire home/apt,600.0,True,23,53,83,83,,0,,Girona,2020-02-29,
17433553,Entire home/apt,1100.0,True,0,0,0,273,,0,,Girona,2019-12-31,
17435283,Private room,200.0,True,8,38,68,86,97,95,351,Valencia,2019-05-31,True
17441146,Entire home/apt,1000.0,True,3,24,54,315,87,65,444,Barcelona,2018-05-14,True
17445731,Private room,500.0,True,30,60,89,364,99,29,108,Barcelona,2020-05-11,True
17450124,Entire home/apt,3940.0,False,22,52,78,264,94,12,379,Barcelona,2017-06-05,True
17454279,Entire home/apt,650.0,True,5,16,26,95,97,108,47,Madrid,2019-02-06,True
17457199,Entire home/apt,600.0,True,24,54,84,255,90,2,17,Malaga,2018-10-25,True
17459613,Private room,350.0,False,11,29,47,47,,0,,Madrid,2017-04-08,
17461592,Private room,1500.0,False,0,0,0,154,,0,,Barcelona,2017-05-07,
17464617,Entire home/apt,1880.0,True,18,30,34,84,100,1,12,Mallorca,2019-04-24,True
17469259,Entire home/apt,600.0,True,0,0,0,0,92,76,311,Madrid,2019-03-08,True
17471152,Entire home/apt,910.0,False,14,34,47,320,,0,,Barcelona,2017-05-07,
17471259,Entire home/apt,650.0,True,3,8,21,204,89,22,114,Barcelona,2019-05-14,True
17472243,Entire home/apt,1200.0,True,23,43,64,139,100,4,14,Girona,2019-10-30,True
17472277,Entire home/apt,2320.0,True,30,60,90,350,98,154,353,Barcelona,2021-01-12,True
17478187,Private room,230.0,True,29,59,89,179,86,9,23,Madrid,2020-07-17,True
17480495,Private room,300.0,True,29,59,89,179,92,41,92,Barcelona,2020-12-16,True
17488720,Entire home/apt,730.0,True,0,0,0,0,99,20,42,Madrid,2021-02-09,True
17492434,Entire home/apt,1100.0,True,7,29,59,223,100,2,14,Mallorca,2019-09-28,True
17493843,Private room,420.0,True,14,44,74,74,98,8,358,Barcelona,2019-07-10,True
17496271,Entire home/apt,2040.0,True,0,14,42,83,,0,,Mallorca,2019-04-24,
17504665,Entire home/apt,470.0,True,30,31,59,212,92,26,94,Menorca,2019-10-31,True
17505545,Private room,700.0,True,14,29,29,29,97,19,195,Barcelona,2018-01-17,True
17511243,Entire home/apt,650.0,True,11,32,46,273,,0,,Valencia,2020-01-31,
17517955,Private room,250.0,True,0,0,0,167,100,10,45,Madrid,2019-01-14,True
17520408,Private room,550.0,False,30,60,90,365,,0,,Madrid,2017-04-08,
17521048,Entire home/apt,2180.0,True,29,54,67,222,100,2,38,Mallorca,2019-01-28,True
17521185,Entire home/apt,3500.0,True,15,45,75,350,100,1,9,Girona,2018-07-31,True
17521644,Private room,380.0,True,20,50,80,355,89,17,283,Barcelona,2017-09-12,True
17524704,Entire home/apt,1990.0,True,8,35,36,36,80,1,4,Girona,2019-07-29,True
17526431,Entire home/apt,3500.0,True,0,20,50,325,100,3,12,Menorca,2019-07-30,True
17535113,Entire home/apt,2400.0,True,30,60,90,333,97,15,76,Mallorca,2018-12-18,True
17535381,Entire home/apt,4000.0,True,20,44,60,294,100,1,5,Girona,2019-03-30,True
17541411,Entire home/apt,590.0,True,0,0,0,0,88,8,39,Girona,2018-12-22,True
17541412,Entire home/apt,900.0,True,14,26,48,144,91,22,58,Girona,2020-06-29,True
17543020,Entire home/apt,890.0,True,22,37,67,296,93,3,17,Girona,2018-11-26,True
17543722,Entire home/apt,410.0,True,5,32,58,182,96,43,139,Valencia,2019-09-30,True
17550017,Entire home/apt,1000.0,True,5,6,10,147,95,61,238,Malaga,2019-05-01,True
17562247,Entire home/apt,840.0,True,10,20,50,50,96,128,457,Malaga,2019-06-30,True
17567283,Entire home/apt,1720.0,True,0,0,17,292,98,42,156,Mallorca,2019-06-27,True
17569617,Entire home/apt,650.0,True,10,26,35,35,93,75,349,Malaga,2018-12-22,True
17571687,Entire home/apt,500.0,True,25,55,78,253,99,34,86,Madrid,2020-06-13,True
17573054,Private room,370.0,True,0,0,0,0,97,55,247,Barcelona,2019-01-14,True
17579529,Entire home/apt,600.0,True,0,0,0,261,92,11,37,Madrid,2019-09-19,True
17579672,Entire home/apt,700.0,True,30,53,83,358,96,12,65,Girona,2018-10-20,True
17582676,Entire home/apt,550.0,True,7,26,52,290,80,2,162,Malaga,2019-09-30,True
17584343,Private room,350.0,True,6,34,61,336,98,50,332,Girona,2018-07-31,True
17584820,Entire home/apt,900.0,True,5,12,36,308,80,1,44,Barcelona,2017-09-12,True
17584853,Entire home/apt,890.0,True,5,19,44,267,89,15,47,Barcelona,2020-02-16,True
17587177,Private room,500.0,False,12,38,62,337,,0,,Barcelona,2017-05-07,
17587681,Entire home/apt,650.0,True,16,32,49,49,99,160,45,Madrid,2020-02-18,True
17591337,Entire home/apt,1140.0,True,0,9,32,156,93,3,22,Mallorca,2020-06-25,True
17596395,Entire home/apt,1450.0,False,3,9,27,299,100,4,103,Barcelona,2017-08-06,True
17598748,Entire home/apt,2150.0,True,6,12,12,12,100,4,15,Mallorca,2020-09-19,True
17604685,Entire home/apt,500.0,True,25,30,30,268,86,95,546,Sevilla,2018-08-27,True
17604838,Entire home/apt,590.0,True,3,4,4,75,98,68,287,Valencia,2019-02-28,True
17614795,Entire home/apt,610.0,True,3,33,63,64,87,40,19,Madrid,2019-01-14,True
17617990,Entire home/apt,670.0,True,0,0,9,12,80,2,1,Valencia,2019-09-30,True
17618539,Entire home/apt,600.0,True,23,51,81,356,93,24,132,Girona,2018-09-28,True
17620092,Entire home/apt,810.0,True,19,19,28,49,100,3,11,Madrid,2019-08-12,True
17620096,Entire home/apt,810.0,True,16,32,48,314,95,8,44,Madrid,2019-08-12,True
17620102,Entire home/apt,1080.0,True,17,34,58,154,80,3,12,Madrid,2019-05-14,True
17620135,Entire home/apt,2750.0,True,0,0,0,0,95,8,26,Mallorca,2020-01-29,True
17630084,Private room,260.0,True,0,22,52,52,87,57,13,Valencia,2020-10-24,True
17630099,Entire home/apt,2320.0,True,0,0,0,0,,0,,Madrid,2019-06-07,
17635016,Entire home/apt,2000.0,True,29,31,31,31,100,1,18,Girona,2019-09-30,True
17635260,Entire home/apt,450.0,True,0,0,0,125,90,2,28,Girona,2019-02-19,True
17635408,Entire home/apt,1000.0,True,0,0,0,0,,0,,Girona,2019-10-30,
17635438,Entire home/apt,940.0,True,30,60,90,344,100,1,15,Girona,2018-11-26,True
17635672,Entire home/apt,580.0,True,0,0,0,0,,1,3,Girona,2020-05-28,
17635765,Entire home/apt,340.0,True,23,53,83,173,95,41,173,Valencia,2019-02-28,True
17637901,Private room,280.0,True,11,18,25,261,93,99,358,Madrid,2019-07-10,True
17644197,Entire home/apt,1720.0,True,28,40,40,196,96,5,12,Mallorca,2020-09-19,True
17644948,Entire home/apt,990.0,True,6,6,6,174,92,37,207,Mallorca,2018-10-17,True
17646515,Entire home/apt,750.0,True,25,35,43,318,90,21,129,Barcelona,2018-08-14,True
17646642,Entire home/apt,520.0,True,0,0,0,91,83,6,2,Girona,2021-01-31,True
17646651,Entire home/apt,540.0,True,0,0,0,140,80,1,24,Girona,2018-12-22,True
17648141,Private room,250.0,True,1,31,61,62,95,43,121,Valencia,2020-05-31,True
17649686,Entire home/apt,710.0,True,7,7,7,7,20,1,7,Girona,2018-10-20,False
17650090,Entire home/apt,570.0,True,30,36,36,36,100,1,32,Girona,2018-11-26,True
17650100,Entire home/apt,930.0,True,10,10,10,10,,0,,Girona,2018-12-22,
17650205,Entire home/apt,1290.0,True,0,0,0,0,100,1,5,Girona,2020-05-28,True
17650221,Entire home/apt,520.0,True,28,28,28,28,87,4,23,Girona,2018-09-28,True
17650263,Entire home/apt,800.0,True,0,0,0,0,90,4,13,Girona,2020-02-29,True
17650720,Entire home/apt,650.0,True,0,2,23,26,96,75,272,Malaga,2019-06-30,True
17651610,Entire home/apt,800.0,True,30,60,90,361,98,85,20,Girona,2020-10-28,True
17651750,Entire home/apt,790.0,True,2,11,28,171,98,218,709,Sevilla,2019-09-30,True
17655798,Private room,450.0,False,0,29,59,90,,0,,Barcelona,2017-06-05,
17660750,Entire home/apt,1250.0,True,0,6,36,126,90,2,5,Girona,2021-02-27,True
17666963,Entire home/apt,1700.0,True,0,0,0,0,,0,,Girona,2019-12-31,
17667517,Entire home/apt,430.0,True,1,4,12,234,92,71,246,Valencia,2019-07-31,True
17672694,Entire home/apt,800.0,True,13,40,70,156,92,66,235,Barcelona,2019-07-10,True
17681359,Entire home/apt,680.0,True,0,0,0,182,96,12,43,Girona,2019-10-30,True
17689692,Entire home/apt,700.0,True,17,17,17,242,90,5,29,Madrid,2018-08-14,True
17689857,Private room,400.0,True,0,0,0,0,80,1,3,Barcelona,2020-04-16,True
17689973,Private room,400.0,True,7,18,48,323,100,2,29,Barcelona,2017-11-13,True
17690702,Entire home/apt,990.0,True,0,11,41,131,100,9,75,Madrid,2018-04-12,True
17691214,Entire home/apt,630.0,True,0,0,0,0,91,9,24,Sevilla,2020-05-30,True
17692661,Entire home/apt,1200.0,True,18,37,67,342,96,10,57,Madrid,2018-11-07,True
17696080,Private room,420.0,True,8,17,17,17,99,40,259,Barcelona,2018-07-10,True
17697680,Entire home/apt,3500.0,True,27,57,87,177,,0,,Menorca,2019-09-30,
17700550,Private room,360.0,True,19,42,72,347,89,22,28,Barcelona,2017-12-09,True
17707999,Entire home/apt,670.0,True,0,14,28,172,96,5,32,Mallorca,2018-08-21,True
17708878,Entire home/apt,790.0,True,14,18,22,64,,0,,Mallorca,2019-05-27,
17709864,Private room,230.0,False,13,37,67,341,95,4,40,Madrid,2017-04-08,True
17709960,Entire home/apt,800.0,False,3,11,24,24,80,2,20,Barcelona,2017-06-05,True
17714089,Entire home/apt,1600.0,True,22,49,79,350,75,4,26,Girona,2019-09-30,False
17715487,Entire home/apt,1660.0,True,0,0,0,48,100,1,19,Mallorca,2019-02-17,True
17716207,Private room,350.0,False,3,15,45,136,87,8,511,Barcelona,2017-05-07,True
17725903,Entire home/apt,1290.0,True,8,8,15,105,90,6,24,Mallorca,2020-06-25,True
17726300,Entire home/apt,1750.0,True,0,0,8,249,94,10,22,Mallorca,2021-02-11,True
17726447,Entire home/apt,300.0,True,25,52,82,357,87,104,35,Girona,2019-08-31,True
17729038,Private room,230.0,True,13,43,73,73,99,139,623,Madrid,2019-01-14,True
17730772,Entire home/apt,900.0,True,26,41,68,343,95,34,149,Madrid,2019-03-08,True
17731181,Entire home/apt,1250.0,True,0,0,0,57,,1,5,Girona,2018-12-22,
17731189,Entire home/apt,1070.0,True,30,48,68,138,90,4,12,Girona,2020-04-30,True
17731206,Entire home/apt,2050.0,True,0,0,0,28,,0,,Girona,2019-12-31,
17732078,Entire home/apt,790.0,True,15,38,68,75,94,13,382,Barcelona,2017-09-12,True
17733106,Entire home/apt,320.0,True,10,36,58,263,93,51,214,Malaga,2019-03-31,True
17733173,Private room,380.0,True,25,27,29,29,100,3,17,Girona,2018-08-30,True
17741453,Entire home/apt,570.0,True,0,0,5,280,85,4,11,Barcelona,2020-07-17,True
17742243,Entire home/apt,2850.0,True,27,50,54,208,100,35,88,Mallorca,2020-08-28,True
17743043,Entire home/apt,750.0,True,29,59,89,179,95,5,29,Sevilla,2018-08-27,True
17748481,Private room,400.0,True,0,4,34,124,91,60,773,Barcelona,2017-11-13,True
17750191,Entire home/apt,1250.0,True,30,60,90,365,,1,1,Girona,2018-10-20,
17750775,Private room,590.0,False,24,45,75,350,,0,,Barcelona,2017-04-08,
17755018,Entire home/apt,1800.0,True,0,0,0,0,86,10,23,Barcelona,2020-12-16,True
17755675,Entire home/apt,5000.0,True,3,33,61,330,87,15,72,Barcelona,2019-04-10,True
17756450,Private room,180.0,False,0,3,28,118,100,1,10,Barcelona,2017-04-08,True
17756753,Entire home/apt,1950.0,True,2,2,2,156,100,1,28,Mallorca,2019-10-28,True
17756780,Entire home/apt,3750.0,True,0,0,0,31,100,1,2,Menorca,2021-01-31,True
17757558,Entire home/apt,2000.0,True,0,0,0,84,100,1,6,Girona,2019-11-30,True
17757695,Entire home/apt,5000.0,True,27,57,87,362,81,18,93,Barcelona,2019-04-10,True
17758622,Entire home/apt,2030.0,True,0,9,22,134,96,5,15,Mallorca,2020-02-29,True
17758707,Private room,350.0,True,0,0,13,103,98,12,38,Barcelona,2019-10-16,True
17759717,Private room,450.0,True,30,60,90,365,94,17,77,Madrid,2019-01-14,True
17760633,Entire home/apt,1650.0,True,7,16,27,101,93,3,27,Barcelona,2019-06-07,True
17764253,Entire home/apt,1150.0,True,16,21,39,307,100,12,76,Girona,2018-07-31,True
17764953,Entire home/apt,800.0,True,22,40,66,324,98,25,64,Girona,2020-06-29,True
17770213,Private room,300.0,True,21,47,77,77,97,37,145,Sevilla,2019-05-29,True
17773935,Private room,300.0,True,0,0,0,0,89,60,241,Barcelona,2019-04-10,True
17778087,Entire home/apt,520.0,True,15,32,60,330,89,119,303,Malaga,2020-06-30,True
17785758,Entire home/apt,950.0,True,0,16,46,321,97,7,43,Girona,2018-07-31,True
17797538,Entire home/apt,290.0,True,26,36,62,331,87,79,221,Madrid,2020-03-17,True
17798209,Private room,400.0,True,30,60,90,365,,1,6,Barcelona,2021-02-09,
17799818,Entire home/apt,600.0,True,26,56,86,102,96,112,278,Madrid,2020-07-17,True
17800164,Entire home/apt,500.0,True,4,4,4,49,83,64,365,Sevilla,2018-09-22,True
17800984,Private room,330.0,True,20,42,72,72,78,37,201,Barcelona,2018-10-10,False
17803475,Private room,310.0,True,17,47,77,344,88,83,421,Barcelona,2018-11-07,True
17804478,Entire home/apt,570.0,True,22,22,22,101,80,1,10,Barcelona,2019-06-07,True
17804488,Entire home/apt,2190.0,True,0,0,0,0,95,5,7,Girona,2020-10-28,True
17804504,Entire home/apt,2020.0,True,0,0,0,108,90,6,33,Girona,2018-11-26,True
17804540,Entire home/apt,1400.0,True,1,1,1,1,98,59,166,Malaga,2020-05-31,True
17804969,Entire home/apt,810.0,True,29,59,89,107,96,66,154,Girona,2020-11-28,True
17805549,Entire home/apt,2500.0,True,0,26,56,323,100,1,6,Barcelona,2018-09-11,True
17806078,Private room,60.0,True,0,0,0,0,,0,,Barcelona,2020-04-16,
17806705,Entire home/apt,2500.0,True,28,58,88,363,80,2,1,Girona,2019-03-30,True
17806923,Entire home/apt,1060.0,True,0,0,0,122,,0,,Girona,2018-10-20,
17806932,Entire home/apt,1820.0,True,30,60,90,248,,0,,Girona,2020-03-26,
17817020,Private room,450.0,True,0,0,0,0,86,20,13,Barcelona,2019-06-07,True
17819565,Entire home/apt,800.0,True,26,40,56,326,84,106,378,Madrid,2019-08-12,True
17820821,Entire home/apt,540.0,True,7,21,46,176,95,200,706,Malaga,2019-07-30,True
17820967,Private room,290.0,False,10,27,51,168,,0,,Barcelona,2017-04-08,
17820980,Entire home/apt,2420.0,True,14,40,61,233,70,4,15,Barcelona,2019-10-16,False
17821081,Entire home/apt,920.0,True,1,16,37,298,60,1,6,Valencia,2019-12-31,False
17825682,Private room,650.0,True,5,10,28,269,94,124,503,Barcelona,2019-04-10,True
17828146,Entire home/apt,1360.0,False,10,23,44,315,,0,,Barcelona,2017-07-06,
17834220,Entire home/apt,770.0,True,1,29,48,294,97,86,425,Madrid,2018-12-10,True
17834473,Private room,400.0,True,29,59,89,89,82,10,37,Sevilla,2019-07-29,True
17835432,Entire home/apt,3500.0,True,0,0,0,23,90,21,68,Barcelona,2019-12-10,True
17840271,Entire home/apt,1250.0,True,13,36,63,296,,0,,Barcelona,2018-04-12,
17852724,Entire home/apt,500.0,True,0,0,6,243,97,82,313,Mallorca,2019-05-27,True
17854156,Private room,220.0,True,0,0,0,0,94,80,349,Mallorca,2019-02-17,True
17856140,Entire home/apt,1000.0,True,25,48,78,277,91,36,117,Mallorca,2019-12-31,True
17856790,Entire home/apt,4150.0,True,0,25,55,239,80,1,5,Mallorca,2021-02-11,True
17861371,Entire home/apt,1360.0,True,10,24,50,132,96,5,16,Menorca,2020-03-26,True
17862347,Private room,300.0,True,29,59,89,179,98,32,119,Sevilla,2019-06-29,True
17863260,Entire home/apt,600.0,True,0,11,11,11,100,2,48,Barcelona,2018-01-17,True
17864283,Private room,250.0,True,19,49,79,169,80,95,315,Mallorca,2019-09-28,True
17868734,Entire home/apt,720.0,True,9,20,32,241,97,38,201,Malaga,2018-10-25,True
17871092,Entire home/apt,1000.0,True,0,0,0,240,100,1,4,Girona,2020-10-28,True
17871183,Private room,250.0,True,0,0,0,233,93,6,65,Madrid,2018-01-17,True
17874090,Entire home/apt,510.0,True,19,49,62,62,99,21,112,Girona,2018-10-20,True
17876028,Private room,410.0,True,24,54,84,84,100,14,102,Madrid,2018-05-14,True
17877338,Entire home/apt,1600.0,True,12,17,32,32,80,3,5,Barcelona,2017-10-07,True
17886112,Entire home/apt,1200.0,True,9,36,66,338,93,43,451,Madrid,2018-01-17,True
17892735,Entire home/apt,500.0,True,22,45,53,53,,0,,Girona,2018-08-30,
17899789,Entire home/apt,1020.0,True,0,8,8,178,100,2,14,Mallorca,2018-09-18,True
17902622,Entire home/apt,1150.0,True,6,9,32,56,99,87,409,Barcelona,2019-05-14,True
17903360,Entire home/apt,790.0,True,30,60,82,204,98,79,208,Girona,2020-06-29,True
17903578,Private room,550.0,False,5,17,17,82,80,3,94,Barcelona,2017-08-06,True
17904051,Entire home/apt,900.0,True,8,13,19,88,92,125,363,Sevilla,2020-02-29,True
17904839,Private room,230.0,True,14,44,74,275,,0,,Madrid,2018-08-14,
17904890,Private room,600.0,True,0,9,33,124,93,6,16,Malaga,2020-04-30,True
17907348,Entire home/apt,490.0,True,19,42,67,342,89,233,684,Sevilla,2020-02-29,True
17912068,Entire home/apt,2480.0,True,7,7,7,14,90,2,8,Mallorca,2019-03-25,True
17916039,Entire home/apt,890.0,True,0,0,0,226,100,5,22,Barcelona,2019-05-14,True
17917894,Entire home/apt,690.0,True,30,60,87,267,95,11,51,Sevilla,2019-01-29,True
17918232,Entire home/apt,1200.0,True,0,0,0,54,,0,,Mallorca,2020-08-28,
17918794,Entire home/apt,910.0,True,0,13,16,23,40,1,5,Girona,2019-05-29,False
17918830,Entire home/apt,1000.0,True,0,0,0,0,,0,,Girona,2018-12-22,
17920004,Entire home/apt,1800.0,True,23,45,73,179,97,12,75,Sevilla,2019-06-29,True
17930771,Entire home/apt,1000.0,True,28,57,78,345,98,109,238,Madrid,2021-01-12,True
17931716,Entire home/apt,3620.0,True,0,0,0,0,,0,,Girona,2020-12-31,
17932388,Entire home/apt,1200.0,True,18,38,61,315,96,32,95,Madrid,2020-01-10,True
17933700,Entire home/apt,630.0,True,0,4,20,104,95,11,44,Menorca,2019-06-30,True
17933924,Entire home/apt,2200.0,True,28,42,42,187,,0,,Mallorca,2018-09-18,
17937263,Entire home/apt,2250.0,True,0,2,14,46,100,3,13,Mallorca,2019-06-27,True
17947473,Entire home/apt,730.0,True,9,25,51,326,96,59,435,Madrid,2018-05-14,True
17954850,Entire home/apt,1160.0,True,0,0,0,26,,0,,Girona,2019-02-19,
17958359,Private room,100.0,True,20,50,80,355,77,71,181,Valencia,2020-06-30,False
17960977,Entire home/apt,500.0,True,0,14,44,44,96,9,3,Madrid,2019-10-16,True
17962512,Entire home/apt,3320.0,True,27,57,87,333,,0,,Mallorca,2019-12-31,
17963002,Entire home/apt,3080.0,True,0,0,0,81,100,1,14,Girona,2020-01-31,True
17965412,Entire home/apt,390.0,True,1,11,24,30,94,153,586,Madrid,2019-06-07,True
17967087,Entire home/apt,890.0,True,0,0,0,0,92,5,39,Mallorca,2019-07-25,True
17968088,Entire home/apt,860.0,True,21,50,60,311,98,26,61,Mallorca,2020-11-08,True
17968171,Entire home/apt,510.0,True,0,0,0,0,93,68,157,Madrid,2021-01-12,True
17968608,Entire home/apt,1640.0,True,4,4,4,215,96,9,3,Girona,2020-10-28,True
17968855,Entire home/apt,590.0,True,2,25,55,131,91,52,125,Mallorca,2020-09-19,True
17970654,Hotel room,1150.0,True,6,15,26,26,94,65,217,Valencia,2019-09-30,True
17974912,Private room,380.0,True,2,17,41,273,95,21,71,Barcelona,2019-09-17,True
17975991,Entire home/apt,950.0,True,23,49,71,119,100,10,42,Malaga,2019-05-01,True
17986253,Entire home/apt,900.0,True,30,60,90,365,,0,,Girona,2018-08-30,
17989447,Entire home/apt,1500.0,True,23,53,83,358,95,77,203,Barcelona,2020-10-12,True
17997165,Entire home/apt,1450.0,True,10,31,46,257,,0,,Mallorca,2018-07-29,
18004272,Entire home/apt,1350.0,True,0,0,0,0,89,14,69,Sevilla,2018-12-21,True
18012071,Private room,750.0,True,0,0,0,0,98,10,57,Barcelona,2018-10-10,True
18019982,Entire home/apt,680.0,True,2,8,12,18,99,44,263,Malaga,2018-08-29,True
18023186,Entire home/apt,600.0,True,0,0,0,80,96,58,176,Malaga,2019-12-31,True
18027290,Entire home/apt,650.0,True,0,0,0,0,100,9,22,Madrid,2020-08-25,True
18028137,Private room,350.0,True,0,17,47,191,93,47,137,Madrid,2020-02-18,True
18030645,Entire home/apt,1750.0,True,11,21,43,254,93,17,8,Barcelona,2019-01-14,True
18030678,Entire home/apt,1250.0,False,6,6,6,6,,0,,Madrid,2017-04-08,
18031122,Entire home/apt,1000.0,True,30,60,90,365,85,4,1,Malaga,2020-05-31,True
18033542,Entire home/apt,1500.0,True,8,25,55,134,90,39,149,Madrid,2019-06-07,True
18034963,Entire home/apt,1300.0,True,21,48,76,327,100,1,17,Mallorca,2019-10-28,True
18039874,Entire home/apt,3690.0,True,1,6,36,214,93,3,13,Barcelona,2019-06-07,True
18040203,Entire home/apt,490.0,True,4,19,49,139,90,39,306,Malaga,2018-04-22,True
18045176,Entire home/apt,1640.0,True,27,57,87,87,100,3,7,Madrid,2020-10-17,True
18045510,Entire home/apt,590.0,True,0,0,0,19,97,37,229,Sevilla,2018-08-27,True
18048634,Private room,150.0,False,2,2,4,94,,0,,Barcelona,2017-06-05,
18048868,Entire home/apt,2400.0,True,0,9,27,235,,0,,Mallorca,2018-07-29,
18052103,Entire home/apt,1030.0,True,8,27,57,182,93,58,194,Mallorca,2018-11-20,True
18052304,Entire home/apt,600.0,True,27,43,45,269,98,38,108,Mallorca,2020-04-23,True
18056093,Private room,450.0,False,0,0,15,15,100,2,20,Barcelona,2017-05-07,True
18065585,Entire home/apt,2230.0,True,13,25,32,79,,0,,Mallorca,2018-08-21,
18066751,Entire home/apt,1250.0,True,6,14,32,307,100,2,15,Mallorca,2018-07-29,True
18069377,Entire home/apt,660.0,True,0,0,28,77,,0,,Girona,2020-03-26,
18070508,Entire home/apt,1800.0,True,20,37,59,317,99,27,71,Malaga,2020-05-31,True
18071557,Entire home/apt,590.0,True,18,48,78,168,98,62,146,Valencia,2020-09-28,True
18074835,Private room,250.0,True,30,47,69,344,89,13,58,Barcelona,2019-03-08,True
18075602,Entire home/apt,900.0,True,8,26,45,289,92,12,41,Sevilla,2019-09-30,True
18075959,Entire home/apt,560.0,True,29,59,87,211,95,229,599,Sevilla,2020-05-30,True
18080535,Entire home/apt,1350.0,True,0,0,0,179,99,28,82,Girona,2020-03-26,True
18082152,Entire home/apt,670.0,True,29,59,89,359,92,6,13,Malaga,2021-01-31,True
18085183,Entire home/apt,480.0,True,19,49,79,259,90,39,101,Girona,2020-05-28,True
18086264,Entire home/apt,2500.0,True,23,53,83,358,,0,,Girona,2019-10-30,
18086541,Private room,300.0,True,27,57,87,362,,0,,Madrid,2018-01-17,
18098223,Entire home/apt,2040.0,True,0,0,0,140,70,2,7,Mallorca,2020-12-19,False
18102242,Entire home/apt,500.0,True,0,28,58,333,77,6,36,Malaga,2018-08-29,False
18103679,Entire home/apt,1950.0,True,0,0,0,234,97,7,23,Mallorca,2019-12-31,True
18109707,Private room,350.0,True,27,57,87,114,92,29,494,Barcelona,2017-10-07,True
18115263,Private room,180.0,True,4,14,37,37,98,79,419,Madrid,2018-11-07,True
18120561,Entire home/apt,950.0,True,30,60,90,365,97,6,2,Girona,2019-12-31,True
18132807,Private room,520.0,True,29,59,89,364,94,13,82,Sevilla,2018-07-31,True
18133683,Entire home/apt,3000.0,True,9,16,25,92,96,197,574,Madrid,2020-02-18,True
18134587,Entire home/apt,1180.0,True,28,58,88,360,95,8,46,Girona,2018-12-22,True
18138319,Entire home/apt,950.0,True,16,40,60,223,94,142,438,Madrid,2019-12-10,True
18139318,Private room,2460.0,True,30,60,90,365,,0,,Madrid,2021-02-09,
18146952,Private room,630.0,True,0,0,0,0,,0,,Barcelona,2017-12-09,
18148887,Private room,600.0,True,29,59,89,89,95,4,23,Barcelona,2018-09-11,True
18152139,Entire home/apt,1200.0,True,29,59,89,364,100,8,17,Madrid,2021-01-12,True
18156896,Entire home/apt,1200.0,True,29,57,85,149,93,9,37,Girona,2019-04-29,True
18157839,Private room,160.0,True,18,48,78,168,94,52,226,Madrid,2019-03-08,True
18167380,Private room,350.0,True,0,0,0,0,93,6,5,Mallorca,2018-04-18,True
18167887,Entire home/apt,790.0,True,2,2,2,2,96,51,117,Girona,2020-11-28,True
18168939,Entire home/apt,630.0,True,0,0,0,177,,0,,Girona,2020-12-31,
18170275,Entire home/apt,3500.0,True,12,40,55,87,100,1,34,Madrid,2019-09-19,True
18171621,Private room,450.0,True,29,59,89,89,100,2,24,Barcelona,2018-12-10,True
18173202,Entire home/apt,3600.0,True,10,40,70,345,,0,,Mallorca,2018-08-21,
18174301,Entire home/apt,1020.0,True,0,13,22,297,100,3,25,Mallorca,2018-07-29,True
18177673,Entire home/apt,400.0,True,0,0,0,0,97,105,302,Malaga,2020-02-29,True
18178306,Entire home/apt,1000.0,True,30,60,90,180,,1,35,Girona,2018-08-30,
18182224,Entire home/apt,700.0,True,0,0,0,0,93,12,43,Girona,2019-10-30,True
18182791,Entire home/apt,460.0,True,0,5,17,76,87,97,39,Malaga,2019-05-01,True
18184333,Entire home/apt,1240.0,True,23,45,68,129,98,8,25,Mallorca,2020-04-23,True
18186105,Private room,370.0,True,0,0,10,285,,0,,Madrid,2018-04-12,
18186630,Entire home/apt,500.0,True,7,16,37,127,98,82,346,Madrid,2019-04-11,True
18187535,Shared room,170.0,True,0,0,0,0,87,3,8,Madrid,2020-04-17,True
18190503,Private room,290.0,True,0,24,54,144,92,23,133,Girona,2018-11-26,True
18190996,Entire home/apt,400.0,True,7,25,52,304,95,89,267,Barcelona,2020-01-10,True
18192785,Entire home/apt,870.0,True,30,60,90,365,,0,,Barcelona,2018-09-11,
18197251,Entire home/apt,590.0,True,0,0,0,198,100,2,3,Barcelona,2019-01-14,True
18201293,Entire home/apt,480.0,True,1,1,1,1,98,153,41,Madrid,2020-05-14,True
18203623,Entire home/apt,1990.0,True,0,0,0,0,84,5,13,Sevilla,2020-11-30,True
18203955,Entire home/apt,780.0,True,0,0,0,0,100,2,6,Girona,2020-01-31,True
18205627,Entire home/apt,650.0,True,0,27,57,237,96,14,104,Girona,2018-08-30,True
18210988,Entire home/apt,1300.0,True,11,41,71,164,65,4,17,Mallorca,2019-05-27,False
18213113,Entire home/apt,1160.0,True,30,60,90,365,100,2,5,Girona,2020-06-29,True
18217558,Entire home/apt,1450.0,True,18,37,58,275,100,3,14,Mallorca,2019-02-17,True
18217921,Private room,450.0,True,0,0,0,0,80,2,5,Barcelona,2020-11-06,True
18218367,Entire home/apt,570.0,True,27,50,80,120,100,1,6,Girona,2018-08-30,True
18222184,Entire home/apt,900.0,True,0,14,44,319,89,56,127,Madrid,2020-12-17,True
18226961,Entire home/apt,1290.0,True,0,0,27,207,,0,,Madrid,2019-05-14,
18235509,Private room,1500.0,True,29,59,89,179,,0,,Madrid,2019-11-09,
18236041,Entire home/apt,1850.0,True,30,60,90,90,,0,,Girona,2019-03-30,
18236230,Entire home/apt,1450.0,True,23,51,81,91,90,2,12,Girona,2018-12-22,True
18245843,Private room,610.0,True,6,24,54,306,97,101,613,Barcelona,2018-09-11,True
18246902,Private room,210.0,True,9,13,13,253,99,21,184,Madrid,2018-05-14,True
18247891,Entire home/apt,440.0,True,22,52,82,346,93,12,134,Madrid,2018-01-17,True
18253375,Entire home/apt,2330.0,True,14,27,47,126,96,36,304,Madrid,2018-04-12,True
18259042,Private room,180.0,True,29,59,89,179,98,10,65,Madrid,2018-09-11,True
18259383,Entire home/apt,990.0,True,0,0,0,193,96,9,3,Mallorca,2019-12-31,True
18263766,Entire home/apt,1050.0,True,29,59,89,144,94,47,101,Girona,2021-02-27,True
18266276,Entire home/apt,2200.0,True,29,59,89,179,,0,,Menorca,2019-01-30,
18266318,Entire home/apt,700.0,True,5,28,58,148,99,28,166,Madrid,2018-09-11,True
18269343,Entire home/apt,1500.0,True,29,59,83,340,93,3,29,Malaga,2018-04-22,True
18269799,Private room,360.0,True,8,35,65,340,81,17,108,Barcelona,2018-08-14,True
18278124,Private room,180.0,True,0,0,0,0,83,24,189,Barcelona,2018-05-14,True
18278565,Entire home/apt,310.0,True,23,53,57,57,90,142,33,Madrid,2020-11-06,True
18280608,Private room,350.0,True,0,0,0,270,,0,,Madrid,2018-04-12,
18284178,Entire home/apt,700.0,True,29,59,89,179,80,1,6,Girona,2018-12-22,True
18286122,Entire home/apt,1290.0,True,4,15,31,155,96,5,16,Malaga,2019-03-31,True
18287421,Private room,90.0,True,0,0,0,223,67,7,21,Madrid,2020-01-10,False
18300576,Entire home/apt,950.0,True,0,0,0,190,94,21,73,Mallorca,2019-11-28,True
18301195,Private room,200.0,True,0,0,0,0,,0,,Madrid,2018-09-11,
18302148,Private room,400.0,True,6,6,6,6,90,14,294,Barcelona,2017-10-07,True
18305112,Private room,300.0,True,17,47,75,350,97,34,149,Madrid,2019-03-08,True
18305719,Private room,530.0,True,4,23,45,145,96,65,29,Barcelona,2019-06-07,True
18308245,Private room,250.0,True,12,36,62,242,79,117,412,Malaga,2019-09-01,False
18309297,Private room,350.0,False,0,4,34,309,40,1,31,Barcelona,2017-08-06,False
18309933,Entire home/apt,810.0,True,0,0,0,0,90,107,255,Barcelona,2020-11-06,True
18311097,Entire home/apt,800.0,True,12,40,70,345,96,10,69,Madrid,2018-07-10,True
18311428,Entire home/apt,4200.0,True,23,53,83,322,,0,,Girona,2018-11-26,
18318538,Entire home/apt,1250.0,True,0,0,20,295,90,2,8,Girona,2019-07-29,True
18318557,Entire home/apt,480.0,True,0,0,0,0,90,34,155,Madrid,2019-03-08,True
18320177,Entire home/apt,1350.0,True,0,5,15,15,72,5,24,Barcelona,2019-08-12,False
18325119,Private room,750.0,False,0,16,24,94,,0,,Barcelona,2017-05-07,
18326493,Entire home/apt,970.0,True,3,6,11,194,94,82,342,Madrid,2019-04-11,True
18327434,Entire home/apt,950.0,True,30,60,83,346,93,8,28,Malaga,2020-05-31,True
18329601,Private room,350.0,True,0,0,6,186,100,1,75,Barcelona,2017-12-09,True
18338221,Entire home/apt,1500.0,True,30,60,90,365,90,23,352,Barcelona,2017-11-13,True
18341676,Private room,250.0,True,1,1,1,131,,0,,Barcelona,2019-05-14,
18342754,Entire home/apt,3000.0,True,30,60,90,360,93,18,59,Mallorca,2019-11-28,True
18342761,Entire home/apt,1250.0,True,0,21,51,319,100,52,175,Mallorca,2019-11-28,True
18344059,Private room,260.0,True,0,0,0,0,,0,,Madrid,2019-02-06,
18351752,Private room,80.0,True,0,0,0,0,100,2,11,Madrid,2018-12-10,True
18352966,Private room,700.0,True,30,60,90,180,100,5,31,Barcelona,2018-11-07,True
18353291,Entire home/apt,2900.0,True,30,60,90,180,,0,,Mallorca,2019-10-28,
18353682,Private room,500.0,True,0,0,0,0,100,4,1,Barcelona,2020-09-12,True
18353952,Private room,290.0,True,0,1,9,9,98,40,315,Barcelona,2018-05-14,True
18354637,Entire home/apt,650.0,True,10,23,32,274,95,78,339,Malaga,2019-05-01,True
18355078,Entire home/apt,400.0,True,18,26,56,56,93,22,98,Valencia,2019-02-28,True
18360138,Entire home/apt,940.0,True,0,19,49,282,88,18,55,Madrid,2020-01-10,True
18378619,Entire home/apt,1000.0,True,15,31,61,151,,0,,Girona,2018-07-31,
18380424,Entire home/apt,770.0,True,0,0,0,0,100,2,13,Girona,2019-11-30,True
18380455,Entire home/apt,740.0,True,0,0,0,0,,0,,Girona,2019-07-29,
18380758,Entire home/apt,700.0,True,0,0,0,128,96,22,87,Girona,2019-05-29,True
18382530,Private room,410.0,True,4,17,33,123,96,39,362,Barcelona,2018-04-12,True
18405311,Private room,300.0,True,0,0,5,76,,0,,Madrid,2019-03-08,
18410444,Entire home/apt,490.0,True,15,43,71,346,78,51,312,Madrid,2018-09-11,False
18412722,Entire home/apt,600.0,True,16,32,62,152,97,74,291,Madrid,2019-06-07,True
18418957,Private room,1500.0,True,29,59,89,364,,0,,Mallorca,2018-04-18,
18420101,Private room,250.0,True,13,38,68,343,90,28,124,Barcelona,2019-06-07,True
18423241,Entire home/apt,500.0,True,18,40,70,81,98,12,64,Mallorca,2018-11-20,True
18426853,Private room,480.0,True,0,0,0,0,92,24,179,Barcelona,2018-06-09,True
18429381,Private room,210.0,True,10,26,54,54,96,85,466,Barcelona,2018-11-07,True
18439708,Entire home/apt,4000.0,True,6,8,25,294,78,18,58,Barcelona,2019-12-10,False
18441997,Private room,190.0,True,9,39,69,97,80,68,218,Barcelona,2019-12-10,True
18442312,Entire home/apt,740.0,True,3,19,28,151,84,5,21,Mallorca,2019-07-25,True
18442906,Entire home/apt,4000.0,True,11,28,34,295,91,37,123,Barcelona,2019-11-09,True
18444251,Private room,700.0,True,29,59,89,364,,0,,Malaga,2018-09-29,
18445621,Entire home/apt,800.0,True,0,0,0,0,95,13,75,Barcelona,2018-10-10,True
18447026,Entire home/apt,600.0,True,23,53,83,358,95,15,92,Malaga,2018-09-29,True
18452162,Entire home/apt,1770.0,True,15,45,75,317,80,1,10,Mallorca,2020-08-28,True
18454432,Entire home/apt,4900.0,True,13,34,64,339,88,26,117,Barcelona,2019-04-10,True
18455442,Private room,250.0,True,0,0,0,129,97,8,23,Barcelona,2020-04-16,True
18456461,Entire home/apt,1000.0,True,9,32,55,281,100,1,10,Madrid,2020-02-18,True
18457389,Private room,310.0,True,0,0,0,0,,0,,Barcelona,2019-11-09,
18457852,Entire home/apt,1100.0,True,29,33,33,33,100,2,14,Girona,2020-10-28,True
18458845,Entire home/apt,600.0,True,13,43,73,348,80,1,8,Girona,2018-08-30,True
18460134,Private room,2450.0,True,30,60,90,365,,0,,Mallorca,2020-12-19,
18462635,Private room,130.0,True,24,54,84,84,80,72,238,Barcelona,2019-11-09,True
18466836,Entire home/apt,530.0,True,0,0,0,0,60,1,7,Girona,2020-06-29,False
18466911,Entire home/apt,1430.0,True,0,0,0,0,60,1,49,Girona,2019-10-30,False
18466932,Entire home/apt,2240.0,True,30,36,53,328,80,4,3,Girona,2018-10-20,True
18466939,Entire home/apt,590.0,True,0,0,7,37,60,1,13,Girona,2020-04-30,False
18470166,Entire home/apt,900.0,True,15,38,68,218,100,35,78,Madrid,2021-02-09,True
18470200,Private room,500.0,True,0,7,37,127,100,1,3,Barcelona,2019-11-09,True
18481549,Entire home/apt,3300.0,True,12,33,61,318,,0,,Barcelona,2017-10-07,
18482107,Entire home/apt,1180.0,True,22,52,79,310,98,50,151,Girona,2020-01-31,True
18487269,Entire home/apt,720.0,True,29,59,89,364,100,3,21,Girona,2018-08-30,True
18487880,Private room,1500.0,True,6,26,56,156,,0,,Sevilla,2018-09-22,
18488264,Private room,550.0,True,7,29,59,334,98,36,251,Barcelona,2018-07-10,True
18494410,Entire home/apt,1220.0,True,12,20,27,172,97,151,491,Sevilla,2020-03-23,True
18499053,Private room,690.0,True,0,6,21,21,,0,,Barcelona,2018-02-07,
18499289,Private room,450.0,True,24,38,59,318,94,59,183,Barcelona,2020-01-10,True
18499980,Entire home/apt,1140.0,True,0,0,0,0,100,4,9,Girona,2021-02-27,True
18502042,Entire home/apt,750.0,True,0,0,0,0,100,6,28,Mallorca,2019-04-24,True
18505909,Entire home/apt,460.0,True,27,52,55,311,100,3,9,Mallorca,2020-04-23,True
18513889,Entire home/apt,710.0,True,8,34,34,104,95,25,313,Madrid,2018-01-17,True
18520217,Entire home/apt,950.0,True,0,27,57,287,97,6,26,Girona,2020-03-26,True
18521609,Private room,200.0,True,0,0,0,134,99,127,364,Barcelona,2020-06-13,True
18523965,Entire home/apt,3000.0,True,30,60,90,180,100,2,17,Menorca,2018-12-22,True
18532247,Entire home/apt,1300.0,True,17,29,45,45,81,85,262,Barcelona,2020-01-10,True
18534416,Private room,550.0,True,0,0,0,0,100,1,3,Barcelona,2020-03-16,True
18534571,Entire home/apt,1090.0,True,0,0,0,0,,1,1,Girona,2018-09-28,
18534584,Entire home/apt,680.0,True,0,7,7,7,,0,,Girona,2019-07-29,
18534587,Entire home/apt,420.0,True,0,0,0,0,,0,,Girona,2018-09-28,
18534591,Entire home/apt,410.0,True,0,0,0,15,,0,,Girona,2018-04-21,
18534598,Entire home/apt,750.0,True,28,44,51,51,80,1,4,Girona,2020-06-29,True
18536379,Entire home/apt,950.0,True,0,0,0,0,,0,,Girona,2020-03-26,
18536399,Entire home/apt,660.0,True,0,7,30,147,,0,,Girona,2019-02-19,
18536402,Entire home/apt,870.0,True,0,0,27,147,100,1,6,Girona,2020-01-31,True
18536413,Entire home/apt,1660.0,True,0,4,34,274,60,1,3,Girona,2020-02-29,False
18536423,Entire home/apt,350.0,True,0,6,35,310,20,1,8,Girona,2019-07-29,False
18536434,Entire home/apt,590.0,True,17,17,17,186,,0,,Girona,2018-09-28,
18536506,Entire home/apt,1020.0,True,12,33,33,33,,0,,Girona,2019-05-29,
18536816,Entire home/apt,1030.0,True,7,25,37,80,,0,,Mallorca,2019-03-25,
18537016,Entire home/apt,990.0,True,10,15,36,295,100,1,6,Mallorca,2020-06-25,True
18537359,Entire home/apt,930.0,True,0,0,0,0,100,1,12,Mallorca,2019-03-25,True
18537746,Entire home/apt,860.0,True,29,59,89,357,,0,,Mallorca,2018-09-18,
18539046,Entire home/apt,4000.0,True,3,3,6,6,100,8,22,Mallorca,2020-06-25,True
18540745,Private room,490.0,True,15,45,72,102,98,94,45,Barcelona,2019-02-06,True
18544317,Entire home/apt,700.0,True,0,0,0,0,100,5,12,Girona,2021-02-27,True
18545211,Entire home/apt,3020.0,True,4,29,59,149,80,1,4,Girona,2019-07-29,True
18556473,Private room,600.0,True,0,0,0,0,96,11,37,Barcelona,2019-10-16,True
18556985,Entire home/apt,1800.0,True,12,34,61,333,95,61,322,Madrid,2018-12-10,True
18557617,Entire home/apt,570.0,True,27,50,71,332,100,2,1,Girona,2019-04-29,True
18558025,Private room,300.0,True,8,38,68,343,95,8,55,Madrid,2018-12-10,True
18559913,Entire home/apt,1590.0,False,4,18,46,314,100,3,13,Barcelona,2017-08-06,True
18560382,Entire home/apt,1490.0,True,4,18,41,308,93,30,243,Barcelona,2018-07-10,True
18561457,Private room,400.0,True,0,0,0,0,100,1,6,Madrid,2018-12-10,True
18562101,Entire home/apt,1510.0,True,0,0,0,57,87,3,66,Girona,2019-10-30,True
18562759,Private room,700.0,False,27,57,87,362,,0,,Barcelona,2017-07-06,
18566314,Entire home/apt,600.0,True,13,43,73,163,94,51,25,Madrid,2019-01-14,True
18571670,Entire home/apt,1600.0,True,10,21,46,270,96,5,36,Mallorca,2018-08-21,True
18572531,Entire home/apt,1300.0,True,0,0,0,0,,0,,Girona,2020-01-31,
18572739,Entire home/apt,600.0,True,17,34,64,336,80,1,14,Malaga,2019-03-31,True
18573644,Entire home/apt,750.0,True,22,51,81,171,88,20,114,Madrid,2018-11-07,True
18573933,Entire home/apt,1020.0,True,0,0,27,161,75,4,22,Mallorca,2019-01-28,False
18580058,Private room,480.0,True,0,0,0,0,97,6,86,Barcelona,2017-12-09,True
18589571,Hotel room,100.0,True,0,0,0,0,80,3,1,Girona,2019-12-31,True
18590075,Private room,440.0,True,0,0,0,197,87,23,69,Barcelona,2020-02-16,True
18590353,Entire home/apt,2750.0,True,28,55,85,314,98,13,71,Girona,2018-11-26,True
18611022,Entire home/apt,1000.0,True,0,17,35,117,100,12,61,Mallorca,2019-02-17,True
18612011,Entire home/apt,3600.0,True,30,60,90,365,93,3,23,Mallorca,2018-08-21,True
18612212,Private room,380.0,False,19,49,79,79,,0,,Barcelona,2017-07-06,
18613128,Entire home/apt,550.0,True,30,60,83,329,80,5,16,Mallorca,2020-01-29,True
18614849,Entire home/apt,1200.0,True,13,27,49,266,,0,,Mallorca,2018-04-18,
18622003,Entire home/apt,850.0,False,3,17,43,43,100,6,316,Barcelona,2017-08-06,True
18623240,Entire home/apt,850.0,True,27,57,87,87,100,6,18,Girona,2020-01-31,True
18625063,Entire home/apt,2080.0,True,12,20,44,252,99,45,221,Sevilla,2019-01-29,True
18627240,Entire home/apt,750.0,True,6,18,23,234,98,9,93,Mallorca,2018-04-18,True
18631940,Private room,700.0,True,0,19,49,49,99,34,142,Madrid,2019-05-14,True
18633274,Entire home/apt,1650.0,True,2,14,22,103,100,1,17,Mallorca,2019-03-25,True
18633600,Entire home/apt,800.0,True,20,20,20,20,85,11,54,Madrid,2019-08-12,True
18647730,Entire home/apt,900.0,True,0,0,0,0,73,3,17,Barcelona,2018-12-10,False
18647747,Private room,750.0,True,0,0,0,26,95,27,83,Madrid,2020-01-10,True
18651116,Entire home/apt,1750.0,True,10,10,10,193,,0,,Girona,2018-10-20,
18659756,Entire home/apt,600.0,True,10,22,44,162,90,8,24,Valencia,2020-02-29,True
18659766,Entire home/apt,800.0,True,0,0,0,0,100,2,19,Valencia,2019-02-28,True
18659803,Entire home/apt,720.0,True,15,32,62,337,100,1,18,Valencia,2019-05-01,True
18662404,Entire home/apt,600.0,True,14,16,27,230,93,3,14,Valencia,2019-11-30,True
18663087,Entire home/apt,760.0,True,3,16,32,180,99,99,577,Madrid,2018-10-10,True
18666666,Private room,300.0,True,0,0,0,14,94,29,77,Madrid,2020-07-17,True
18667621,Entire home/apt,1300.0,True,30,55,81,340,86,8,36,Girona,2019-04-29,True
18670982,Entire home/apt,800.0,True,20,35,65,340,100,3,9,Girona,2020-06-29,True
18677205,Entire home/apt,450.0,True,18,48,78,266,100,2,19,Mallorca,2019-02-17,True
18679105,Private room,650.0,True,30,60,90,90,83,6,136,Barcelona,2017-10-07,True
18680575,Entire home/apt,1000.0,True,3,3,5,5,99,137,339,Valencia,2020-09-28,True
18682379,Entire home/apt,2750.0,True,0,8,8,14,100,8,44,Barcelona,2019-01-14,True
18684897,Entire home/apt,790.0,True,9,39,69,137,94,83,412,Sevilla,2019-01-29,True
18688887,Entire home/apt,560.0,True,18,21,43,149,96,105,337,Valencia,2019-12-31,True
18696113,Entire home/apt,650.0,True,25,55,66,307,84,27,88,Girona,2019-11-30,True
18698731,Private room,450.0,True,0,10,40,40,85,17,418,Barcelona,2017-09-12,True
18700323,Entire home/apt,950.0,True,26,34,54,314,96,25,92,Madrid,2019-08-12,True
18709873,Entire home/apt,690.0,True,1,20,45,320,,0,,Barcelona,2017-10-07,
18715709,Private room,250.0,True,0,0,0,0,100,1,6,Madrid,2018-12-10,True
18716352,Entire home/apt,2500.0,False,2,12,27,277,,0,,Barcelona,2017-08-06,
18723929,Private room,650.0,True,1,1,1,1,95,13,59,Madrid,2020-02-18,True
18726004,Private room,270.0,True,0,0,0,0,,0,,Mallorca,2019-09-28,
18730934,Entire home/apt,1880.0,True,6,32,62,337,98,24,95,Girona,2019-07-29,True
18741251,Entire home/apt,690.0,True,0,0,0,0,98,18,9,Madrid,2019-01-14,True
18741742,Entire home/apt,1420.0,True,0,0,0,0,90,2,12,Girona,2018-11-26,True
18743915,Entire home/apt,650.0,True,29,53,83,238,83,8,23,Girona,2020-01-31,True
18743941,Private room,150.0,True,0,0,0,0,93,44,11,Valencia,2020-12-21,True
18745255,Entire home/apt,1030.0,True,3,9,26,301,92,19,74,Girona,2019-06-30,True
18745295,Entire home/apt,690.0,True,19,45,75,251,90,23,79,Girona,2019-11-30,True
18748099,Entire home/apt,890.0,True,11,22,27,151,72,15,158,Barcelona,2018-05-14,False
18748100,Entire home/apt,550.0,True,5,20,44,180,76,30,12,Barcelona,2019-08-12,False
18750489,Private room,350.0,True,0,0,0,0,100,1,36,Barcelona,2017-11-13,True
18750878,Entire home/apt,1780.0,True,0,0,0,0,80,1,28,Girona,2018-11-26,True
18751940,Entire home/apt,650.0,True,9,21,40,270,99,15,52,Valencia,2019-11-30,True
18752257,Entire home/apt,1320.0,True,0,27,55,327,88,97,555,Barcelona,2018-12-10,True
18760787,Entire home/apt,470.0,True,20,50,80,355,93,18,124,Girona,2018-09-28,True
18761553,Entire home/apt,600.0,True,17,47,71,346,80,1,8,Madrid,2018-04-12,True
18761664,Entire home/apt,800.0,True,19,37,64,337,94,13,4,Madrid,2019-03-08,True
18761723,Entire home/apt,480.0,True,23,52,82,282,96,6,14,Madrid,2020-03-17,True
18761834,Entire home/apt,1140.0,True,28,58,88,363,85,4,13,Madrid,2019-11-09,True
18762580,Entire home/apt,500.0,True,3,11,18,283,93,102,399,Barcelona,2019-07-10,True
18762844,Private room,400.0,True,0,0,0,76,89,19,54,Barcelona,2020-04-16,True
18762938,Entire home/apt,1040.0,True,0,0,21,211,84,5,16,Madrid,2020-03-17,True
18762972,Entire home/apt,1000.0,True,8,22,48,186,93,12,27,Madrid,2019-05-14,True
18762983,Entire home/apt,1000.0,True,7,31,58,201,88,11,25,Madrid,2019-05-14,True
18762988,Entire home/apt,570.0,True,5,22,40,312,84,5,16,Madrid,2019-06-07,True
18763095,Entire home/apt,930.0,True,0,0,0,231,90,4,9,Madrid,2019-02-06,True
18763097,Entire home/apt,970.0,True,0,0,24,222,77,7,12,Madrid,2020-03-17,False
18764232,Entire home/apt,800.0,True,7,37,59,334,87,3,26,Madrid,2018-05-14,True
18764319,Private room,250.0,True,21,51,81,356,91,7,53,Malaga,2018-07-31,True
18765571,Private room,450.0,True,21,51,81,356,98,38,16,Madrid,2019-06-07,True
18765719,Entire home/apt,600.0,True,0,0,0,0,92,55,151,Madrid,2020-06-13,True
18765725,Entire home/apt,250.0,True,0,0,0,0,80,9,3,Madrid,2019-11-09,True
18767468,Entire home/apt,400.0,True,0,26,56,165,84,5,16,Girona,2020-02-29,True
18770632,Entire home/apt,730.0,True,0,0,0,0,95,3,13,Madrid,2019-06-07,True
18772416,Entire home/apt,1500.0,True,30,60,90,365,100,5,37,Menorca,2018-07-31,True
18783251,Entire home/apt,650.0,True,3,3,32,145,80,9,31,Madrid,2019-12-10,True
18783300,Entire home/apt,500.0,True,18,48,78,114,88,5,12,Girona,2018-08-30,True
18783317,Entire home/apt,660.0,True,8,38,68,235,80,1,3,Girona,2020-01-31,True
18785943,Entire home/apt,490.0,True,5,29,35,202,84,5,29,Malaga,2018-11-27,True
18788785,Entire home/apt,1040.0,True,1,1,1,1,100,3,1,Girona,2019-11-30,True
18790669,Entire home/apt,1500.0,True,27,57,87,362,,0,,Madrid,2020-07-17,
18800296,Entire home/apt,600.0,True,6,13,38,313,90,22,87,Mallorca,2019-06-27,True
18801691,Entire home/apt,400.0,True,30,60,90,365,100,3,9,Barcelona,2021-01-12,True
18802616,Entire home/apt,850.0,True,14,30,60,143,97,71,401,Madrid,2018-11-07,True
18803663,Entire home/apt,5000.0,True,28,44,45,306,100,1,3,Mallorca,2020-05-28,True
18807238,Entire home/apt,510.0,True,1,1,1,1,,0,,Sevilla,2018-04-21,
18808377,Entire home/apt,1180.0,True,0,29,59,334,90,2,15,Girona,2018-07-31,True
18809312,Private room,400.0,False,5,5,24,24,100,2,97,Barcelona,2017-08-06,True
18814449,Private room,480.0,True,0,0,0,0,88,16,188,Barcelona,2018-02-07,True
18816023,Entire home/apt,770.0,True,18,48,78,353,93,20,128,Girona,2018-09-28,True
18817414,Entire home/apt,4990.0,True,22,49,67,266,93,3,14,Mallorca,2020-01-29,True
18819488,Entire home/apt,2000.0,True,13,22,40,212,97,24,45,Barcelona,2019-11-09,True
18819497,Entire home/apt,1500.0,False,6,19,32,279,98,24,214,Barcelona,2017-08-06,True
18825554,Entire home/apt,500.0,True,2,7,8,230,95,5,31,Madrid,2018-09-11,True
18826217,Entire home/apt,750.0,True,16,36,60,306,98,18,87,Malaga,2019-02-24,True
18834053,Entire home/apt,1000.0,True,17,40,61,280,95,4,45,Girona,2018-04-21,True
18836790,Private room,750.0,True,17,17,17,54,100,3,54,Barcelona,2017-11-13,True
18836909,Private room,300.0,True,0,0,0,0,,0,,Madrid,2019-04-11,
18837930,Entire home/apt,2000.0,True,30,53,83,173,93,36,206,Mallorca,2018-11-20,True
18838035,Entire home/apt,1000.0,True,0,10,22,91,99,17,73,Mallorca,2019-07-25,True
18843730,Entire home/apt,800.0,True,24,49,73,150,98,13,139,Girona,2018-04-21,True
18846673,Entire home/apt,520.0,True,20,36,61,220,,0,,Girona,2019-03-30,
18847621,Private room,380.0,True,26,47,47,47,99,172,439,Madrid,2020-08-25,True
18851297,Private room,350.0,True,0,0,11,11,73,5,26,Madrid,2019-12-10,False
18854626,Private room,690.0,True,24,51,81,81,99,47,235,Madrid,2019-04-11,True
18860031,Entire home/apt,600.0,True,13,17,34,197,92,5,18,Barcelona,2020-02-16,True
18860645,Private room,390.0,True,30,53,83,83,92,120,344,Barcelona,2020-05-11,True
18862624,Private room,400.0,True,0,0,0,0,93,4,1,Madrid,2020-10-17,True
18863402,Entire home/apt,400.0,True,0,0,0,107,90,2,1,Madrid,2019-01-14,True
18867346,Private room,1100.0,True,23,53,83,173,,0,,Barcelona,2018-06-09,
18870263,Entire home/apt,1000.0,True,0,9,10,10,84,6,36,Madrid,2018-11-07,True
18872466,Entire home/apt,330.0,True,21,32,46,319,85,11,48,Menorca,2019-05-30,True
18873804,Private room,400.0,True,0,0,0,0,83,33,75,Valencia,2021-02-20,True
18874540,Private room,130.0,True,29,59,89,364,67,3,9,Barcelona,2020-07-17,False
18880774,Entire home/apt,600.0,True,29,59,89,364,,0,,Barcelona,2020-05-11,
18881347,Entire home/apt,1150.0,True,20,48,78,353,98,8,76,Madrid,2018-05-14,True
18885098,Private room,500.0,False,5,19,49,49,100,1,10,Barcelona,2017-07-06,True
18885751,Entire home/apt,1600.0,True,0,28,58,320,94,37,83,Girona,2021-02-27,True
18887582,Entire home/apt,600.0,True,22,52,82,357,83,10,39,Mallorca,2019-09-28,True
18895271,Private room,380.0,True,0,0,0,0,90,2,59,Barcelona,2017-10-07,True
18896177,Entire home/apt,500.0,True,5,26,56,65,100,1,7,Girona,2019-07-29,True
18909851,Entire home/apt,1280.0,True,13,29,31,51,,0,,Mallorca,2019-01-28,
18910158,Entire home/apt,1050.0,True,20,41,54,61,,0,,Sevilla,2019-07-29,
18912311,Private room,600.0,False,7,37,67,67,,0,,Barcelona,2017-07-06,
18918137,Entire home/apt,3390.0,False,23,35,61,324,100,2,38,Barcelona,2017-08-06,True
18918157,Entire home/apt,1080.0,True,30,60,90,343,,0,,Barcelona,2017-11-13,
18918158,Entire home/apt,4000.0,False,15,28,35,281,,0,,Barcelona,2017-06-05,
18918159,Entire home/apt,1800.0,True,30,54,80,345,87,15,27,Barcelona,2020-05-11,True
18918166,Entire home/apt,3630.0,True,0,29,53,295,92,5,14,Barcelona,2018-07-10,True
18918171,Entire home/apt,1220.0,True,15,42,72,343,91,9,55,Barcelona,2019-08-12,True
18918176,Entire home/apt,1920.0,True,9,33,61,330,,2,5,Barcelona,2019-02-06,
18918672,Private room,250.0,False,30,60,90,365,,0,,Barcelona,2017-06-05,
18920549,Private room,560.0,True,29,59,89,126,100,7,18,Madrid,2020-08-25,True
18922029,Entire home/apt,2650.0,True,29,59,75,331,,0,,Menorca,2018-04-21,
18926200,Entire home/apt,1300.0,True,0,0,0,0,90,4,13,Mallorca,2020-12-19,True
18928250,Entire home/apt,1280.0,True,0,0,0,219,100,6,29,Girona,2019-03-30,True
18928665,Entire home/apt,3360.0,True,0,18,41,111,80,2,6,Girona,2020-03-26,True
18937523,Entire home/apt,550.0,False,4,14,32,122,60,1,10,Barcelona,2017-07-06,False
18942350,Entire home/apt,800.0,True,26,50,72,233,77,7,14,Malaga,2020-03-26,False
18942359,Entire home/apt,1370.0,True,16,43,71,213,96,16,142,Barcelona,2018-05-14,True
18943543,Private room,810.0,True,0,0,0,0,75,4,9,Barcelona,2021-02-09,False
18944066,Entire home/apt,470.0,True,29,59,89,89,84,5,3,Girona,2019-02-19,True
18945183,Private room,540.0,True,13,30,31,31,98,30,292,Barcelona,2018-04-12,True
18946067,Entire home/apt,390.0,True,11,41,71,199,90,77,46,Sevilla,2018-10-18,True
18951018,Entire home/apt,1340.0,True,3,3,3,3,60,1,6,Girona,2020-10-28,False
18951421,Entire home/apt,600.0,True,29,59,86,175,84,39,118,Mallorca,2020-03-22,True
18953676,Entire home/apt,600.0,True,28,58,88,89,70,2,43,Malaga,2017-11-25,False
18954287,Entire home/apt,900.0,True,0,2,8,243,96,31,157,Malaga,2019-01-30,True
18955227,Entire home/apt,2100.0,True,0,0,0,175,,0,,Mallorca,2018-12-18,
18959776,Entire home/apt,1000.0,True,17,47,77,352,98,28,153,Mallorca,2018-12-18,True
18965133,Private room,400.0,True,1,1,1,1,87,3,21,Barcelona,2020-10-12,True
18965187,Entire home/apt,900.0,True,7,22,52,104,96,15,108,Malaga,2018-07-31,True
18965530,Private room,250.0,False,30,56,86,361,60,1,10,Barcelona,2017-06-05,False
18970138,Private room,900.0,True,0,0,0,0,,0,,Barcelona,2018-02-07,
18971689,Private room,300.0,True,25,25,25,25,,0,,Barcelona,2017-10-07,
18971987,Entire home/apt,850.0,True,7,37,67,342,85,11,183,Barcelona,2017-12-09,True
18973435,Entire home/apt,400.0,True,0,0,0,9,97,14,43,Madrid,2020-03-17,True
18981124,Entire home/apt,1000.0,True,0,0,0,0,,0,,Girona,2020-01-31,
18986700,Entire home/apt,1280.0,True,9,13,13,192,,0,,Mallorca,2019-09-28,
18987197,Entire home/apt,3000.0,True,4,29,59,310,,0,,Mallorca,2019-08-31,
18991156,Private room,140.0,True,7,37,67,146,97,32,81,Barcelona,2020-09-12,True
18992195,Entire home/apt,3610.0,True,6,12,42,317,,0,,Madrid,2019-06-07,
18993315,Entire home/apt,430.0,True,5,18,21,271,97,7,57,Madrid,2018-07-10,True
18993343,Entire home/apt,1420.0,True,21,38,59,149,87,6,24,Mallorca,2020-04-23,True
18996048,Entire home/apt,900.0,True,23,53,83,358,,0,,Madrid,2020-06-13,
18998016,Private room,590.0,False,5,21,21,90,93,6,34,Barcelona,2017-08-06,True
19003871,Entire home/apt,1250.0,True,29,59,89,226,80,1,11,Barcelona,2018-05-14,True
19007180,Entire home/apt,650.0,True,23,53,83,358,,0,,Girona,2019-10-30,
19007931,Entire home/apt,1600.0,True,28,58,88,331,97,15,76,Mallorca,2019-02-17,True
19008702,Private room,400.0,True,24,54,84,84,98,11,105,Madrid,2018-04-12,True
19009751,Entire home/apt,4420.0,True,30,60,90,304,100,3,1,Girona,2019-12-31,True
19014018,Private room,650.0,True,7,7,7,7,93,52,198,Barcelona,2019-08-12,True
19016323,Entire home/apt,1610.0,True,14,27,36,128,72,5,39,Barcelona,2019-03-08,False
19016933,Entire home/apt,600.0,True,0,0,0,0,100,3,14,Madrid,2019-04-11,True
19016947,Private room,450.0,False,18,48,78,168,100,5,50,Barcelona,2017-08-06,True
19023309,Entire home/apt,1150.0,True,16,44,74,274,,0,,Mallorca,2019-09-28,
19023715,Entire home/apt,670.0,True,0,0,0,213,60,1,6,Girona,2019-12-31,False
19024768,Entire home/apt,730.0,True,0,0,4,240,,0,,Girona,2020-12-31,
19024784,Entire home/apt,920.0,True,28,58,88,215,,0,,Girona,2019-03-30,
19024787,Entire home/apt,730.0,True,0,30,60,228,,0,,Girona,2021-02-27,
19024793,Entire home/apt,720.0,True,0,0,0,0,60,1,4,Girona,2020-06-29,False
19024797,Entire home/apt,970.0,True,19,19,19,261,80,1,3,Girona,2020-11-28,True
19024811,Entire home/apt,790.0,True,0,6,36,91,,0,,Girona,2019-07-29,
19024815,Entire home/apt,830.0,True,28,58,77,345,,0,,Girona,2018-10-20,
19024816,Entire home/apt,640.0,True,0,0,29,167,,0,,Girona,2021-02-27,
19024830,Entire home/apt,1210.0,True,0,0,0,62,,0,,Girona,2018-12-22,
19025123,Entire home/apt,4000.0,True,1,31,61,336,100,1,8,Girona,2018-07-31,True
19025511,Entire home/apt,2000.0,False,16,46,76,104,,0,,Barcelona,2017-06-05,
19025718,Entire home/apt,790.0,True,20,39,69,344,,0,,Girona,2019-11-30,
19025731,Entire home/apt,750.0,True,0,0,30,249,,0,,Girona,2020-01-31,
19025742,Entire home/apt,710.0,True,24,24,24,251,,0,,Girona,2018-11-26,
19025768,Entire home/apt,700.0,True,29,50,50,263,,0,,Girona,2019-10-30,
19025779,Entire home/apt,550.0,True,14,16,16,16,,0,,Girona,2018-08-30,
19027592,Entire home/apt,1080.0,True,3,23,53,208,100,5,39,Mallorca,2018-07-29,True
19028601,Private room,250.0,True,0,0,0,0,100,6,31,Barcelona,2019-02-06,True
19029954,Entire home/apt,1300.0,True,30,60,90,272,,0,,Menorca,2019-02-24,
19030467,Private room,410.0,True,0,0,14,289,91,58,292,Barcelona,2019-01-14,True
19031506,Entire home/apt,1700.0,False,15,17,31,31,,0,,Barcelona,2017-06-05,
19033087,Entire home/apt,310.0,True,19,35,58,240,97,40,128,Girona,2020-01-31,True
19033335,Entire home/apt,1080.0,True,24,54,84,359,100,3,34,Barcelona,2020-08-24,True
19034083,Private room,1500.0,True,28,58,88,363,,0,,Barcelona,2019-11-09,
19035097,Entire home/apt,700.0,True,0,0,17,17,100,2,16,Madrid,2018-07-10,True
19036745,Entire home/apt,850.0,True,0,0,0,0,100,3,13,Madrid,2019-06-07,True
19043049,Entire home/apt,750.0,True,0,0,0,0,93,4,34,Madrid,2018-05-14,True
19045378,Private room,530.0,True,30,60,90,90,,0,,Barcelona,2018-12-10,
19046005,Entire home/apt,4000.0,True,0,28,44,245,100,7,35,Mallorca,2020-02-29,True
19046146,Entire home/apt,550.0,True,6,21,48,323,89,145,614,Madrid,2019-05-14,True
19046214,Private room,150.0,True,29,59,89,197,91,104,308,Barcelona,2020-04-16,True
19048974,Private room,800.0,False,13,40,42,42,,0,,Barcelona,2017-07-06,
19049962,Entire home/apt,800.0,True,19,49,79,354,90,13,52,Mallorca,2019-07-25,True
19052185,Private room,1200.0,True,0,0,0,0,,0,,Madrid,2018-05-14,
19053950,Private room,250.0,True,25,55,85,360,80,1,10,Barcelona,2017-11-13,True
19061824,Entire home/apt,1260.0,True,21,29,29,250,,0,,Mallorca,2018-04-18,
19061986,Entire home/apt,2000.0,True,12,27,27,182,97,9,19,Mallorca,2020-03-22,True
19062027,Entire home/apt,1940.0,True,23,53,73,187,100,1,17,Mallorca,2019-03-25,True
19062117,Entire home/apt,1460.0,True,0,11,28,142,,0,,Mallorca,2019-02-17,
19062529,Entire home/apt,3660.0,True,0,0,0,145,60,1,17,Mallorca,2021-01-16,False
19062540,Entire home/apt,3160.0,True,29,59,89,217,100,1,21,Mallorca,2019-12-31,True
19064416,Entire home/apt,2310.0,True,19,29,37,222,,0,,Mallorca,2019-05-27,
19064643,Entire home/apt,600.0,True,8,27,57,332,,0,,Madrid,2018-01-17,
19066211,Entire home/apt,850.0,True,30,60,90,270,97,7,2,Valencia,2020-06-30,True
19069024,Entire home/apt,1250.0,True,28,58,88,178,100,1,7,Girona,2018-09-28,True
19069803,Private room,200.0,True,26,56,86,86,96,10,244,Barcelona,2017-10-07,True
19080736,Entire home/apt,470.0,True,3,9,14,209,93,54,255,Valencia,2019-03-31,True
19083329,Entire home/apt,2000.0,True,30,60,90,365,95,4,14,Mallorca,2019-11-28,True
19083566,Entire home/apt,1290.0,True,0,22,41,274,90,43,133,Mallorca,2020-02-29,True
19090168,Private room,550.0,True,16,16,16,16,86,22,85,Madrid,2019-08-12,True
19100186,Private room,600.0,True,30,60,90,90,,0,,Madrid,2018-01-17,
19109336,Entire home/apt,600.0,True,0,0,0,0,95,247,693,Madrid,2020-05-14,True
19109480,Entire home/apt,4000.0,True,0,0,0,0,,0,,Madrid,2020-03-17,
19110573,Entire home/apt,3450.0,True,30,60,90,365,100,2,8,Mallorca,2020-10-21,True
19111232,Entire home/apt,1650.0,True,2,4,14,240,,0,,Mallorca,2018-07-29,
19111395,Entire home/apt,830.0,True,0,2,29,61,92,27,137,Sevilla,2019-04-27,True
19112401,Entire home/apt,800.0,True,1,1,5,5,86,20,149,Girona,2018-07-31,True
19115782,Private room,600.0,True,12,17,47,53,92,21,163,Barcelona,2018-07-10,True
19118780,Private room,390.0,True,19,41,71,71,91,15,79,Barcelona,2019-03-08,True
19118872,Private room,420.0,True,2,3,10,254,98,106,502,Barcelona,2019-03-08,True
19127026,Entire home/apt,630.0,True,0,0,0,0,100,4,17,Girona,2019-05-29,True
19127901,Entire home/apt,2000.0,True,0,0,0,0,100,2,16,Malaga,2018-07-31,True
19129261,Entire home/apt,570.0,True,9,25,50,325,100,4,25,Madrid,2019-03-08,True
19133192,Entire home/apt,2200.0,True,28,58,88,179,,0,,Mallorca,2018-04-18,
19134244,Entire home/apt,1400.0,True,29,59,89,319,93,4,12,Girona,2020-02-29,True
19135262,Private room,600.0,True,28,58,88,88,100,2,5,Madrid,2020-10-17,True
19138115,Private room,300.0,True,0,0,0,0,90,2,54,Barcelona,2017-10-07,True
19150818,Private room,400.0,True,29,59,89,361,100,2,7,Malaga,2020-01-31,True
19153481,Entire home/apt,1820.0,True,19,49,79,315,100,9,66,Menorca,2018-08-29,True
19154451,Entire home/apt,700.0,True,27,57,87,214,,3,45,Girona,2018-11-26,
19155983,Entire home/apt,850.0,True,1,1,1,1,78,8,24,Girona,2020-05-28,False
19158294,Entire home/apt,810.0,True,0,0,0,0,98,11,28,Valencia,2020-09-28,True
19161213,Entire home/apt,1280.0,True,5,10,15,133,92,37,155,Barcelona,2019-06-07,True
19167031,Entire home/apt,950.0,False,3,8,16,105,,0,,Barcelona,2017-07-06,
19168750,Entire home/apt,760.0,True,1,1,1,1,,0,,Girona,2020-05-28,
19168784,Entire home/apt,840.0,True,30,60,90,365,,0,,Girona,2019-10-30,
19168791,Entire home/apt,770.0,True,30,60,90,365,,0,,Girona,2018-10-20,
19168837,Entire home/apt,760.0,True,30,60,90,365,,0,,Girona,2019-12-31,
19168863,Entire home/apt,630.0,True,30,60,90,365,60,1,7,Girona,2018-09-28,False
19168868,Entire home/apt,620.0,True,30,60,90,365,80,1,4,Girona,2020-06-29,True
19168962,Entire home/apt,610.0,True,14,36,48,310,100,1,11,Girona,2019-05-29,True
19168981,Entire home/apt,600.0,True,30,60,90,365,,0,,Girona,2019-09-30,
19169266,Entire home/apt,5000.0,True,0,0,0,0,,0,,Mallorca,2020-04-23,
19171919,Entire home/apt,1030.0,True,0,0,0,119,,0,,Girona,2019-03-30,
19172034,Entire home/apt,5000.0,True,10,40,70,341,,0,,Barcelona,2018-04-12,
19172642,Entire home/apt,1000.0,True,7,37,64,333,88,13,429,Barcelona,2017-10-07,True
19172681,Entire home/apt,300.0,True,12,30,30,30,96,36,247,Mallorca,2018-09-18,True
19173447,Entire home/apt,2100.0,True,25,55,85,360,100,3,2,Mallorca,2018-10-17,True
19174776,Private room,930.0,True,29,59,89,179,96,5,14,Barcelona,2020-06-13,True
19175782,Entire home/apt,450.0,True,30,60,90,93,,0,,Girona,2018-08-30,
19176012,Private room,250.0,True,26,56,86,133,96,88,339,Madrid,2019-08-12,True
19176730,Entire home/apt,5043.0,True,7,7,7,7,92,35,94,Valencia,2020-08-30,True
19185015,Entire home/apt,640.0,True,0,27,31,32,,0,,Girona,2019-07-29,
19189101,Entire home/apt,1380.0,True,0,0,0,0,98,182,44,Sevilla,2020-11-30,True
19190552,Entire home/apt,650.0,True,22,47,68,343,80,2,9,Madrid,2019-05-14,True
19193802,Entire home/apt,2200.0,True,8,10,16,231,100,54,262,Barcelona,2019-05-14,True
19196593,Entire home/apt,500.0,True,0,0,0,213,93,42,98,Malaga,2020-12-30,True
19200418,Entire home/apt,930.0,True,28,58,88,88,81,38,111,Barcelona,2020-04-16,True
19201959,Entire home/apt,500.0,True,8,21,43,248,89,7,3,Barcelona,2019-05-14,True
19202541,Private room,300.0,True,0,0,0,0,85,6,265,Barcelona,2017-09-12,True
19205415,Private room,200.0,True,0,0,0,0,82,14,37,Madrid,2020-07-17,True
19205565,Entire home/apt,1500.0,True,16,46,51,51,100,10,38,Mallorca,2019-09-28,True
19205820,Entire home/apt,1000.0,True,0,0,0,0,100,2,21,Barcelona,2018-04-12,True
19205969,Entire home/apt,1550.0,True,0,0,0,0,97,14,78,Mallorca,2019-01-28,True
19206726,Entire home/apt,730.0,True,0,20,50,56,,0,,Girona,2019-07-29,
19207960,Entire home/apt,1100.0,True,16,46,76,339,80,6,43,Mallorca,2018-09-18,True
19219220,Entire home/apt,2110.0,True,10,30,52,212,91,45,288,Sevilla,2018-10-18,True
19224699,Entire home/apt,1000.0,True,0,7,37,312,93,58,262,Madrid,2019-04-11,True
19231052,Entire home/apt,3000.0,True,23,53,83,358,,0,,Girona,2020-04-30,
19234117,Private room,1500.0,True,0,0,0,0,,0,,Mallorca,2020-08-28,
19236052,Entire home/apt,1160.0,True,0,0,26,224,100,1,3,Girona,2021-02-27,True
19236056,Entire home/apt,990.0,True,0,0,0,0,80,4,18,Girona,2020-03-26,True
19236063,Entire home/apt,1180.0,True,1,1,1,1,93,3,11,Girona,2020-11-28,True
19236073,Entire home/apt,1520.0,True,0,0,2,173,93,3,33,Girona,2018-12-22,True
19236201,Entire home/apt,900.0,True,29,59,89,364,,0,,Madrid,2018-01-17,
19236776,Entire home/apt,900.0,True,1,5,9,124,94,42,12,Mallorca,2020-05-28,True
19239394,Entire home/apt,750.0,True,3,16,38,54,100,28,207,Mallorca,2018-07-29,True
19239896,Entire home/apt,2000.0,True,15,45,75,173,94,35,259,Barcelona,2018-08-14,True
19247457,Entire home/apt,990.0,True,0,14,44,319,,0,,Madrid,2020-05-14,
19247705,Entire home/apt,560.0,True,0,20,50,116,,0,,Girona,2019-07-29,
19247709,Entire home/apt,890.0,True,28,58,88,92,20,1,16,Girona,2018-09-28,False
19247725,Entire home/apt,850.0,True,0,26,56,123,,0,,Girona,2018-04-21,
19253529,Entire home/apt,1800.0,True,16,41,68,160,100,14,69,Sevilla,2019-05-29,True
19260745,Entire home/apt,890.0,True,15,40,67,319,100,2,7,Sevilla,2019-10-30,True
19260750,Entire home/apt,970.0,True,10,37,61,291,88,5,22,Sevilla,2019-06-29,True
19268594,Entire home/apt,3000.0,True,29,59,89,90,,0,,Madrid,2020-06-13,
19270009,Private room,390.0,True,0,0,0,165,93,8,81,Barcelona,2018-05-14,True
19270083,Private room,590.0,True,0,0,0,0,99,44,114,Madrid,2021-02-09,True
19278598,Entire home/apt,880.0,True,29,59,89,123,97,66,178,Valencia,2020-08-30,True
19278876,Entire home/apt,850.0,True,28,56,86,361,96,68,23,Malaga,2019-12-31,True
19280128,Entire home/apt,5000.0,True,30,60,90,90,90,2,1,Malaga,2019-03-31,True
19280664,Entire home/apt,1240.0,True,0,0,2,202,91,30,72,Mallorca,2020-12-19,True
19280939,Entire home/apt,2730.0,True,8,24,54,302,95,84,37,Barcelona,2019-06-07,True
19288117,Private room,240.0,True,0,0,0,0,88,37,168,Barcelona,2019-04-10,True
19290386,Private room,600.0,True,20,50,80,355,94,43,287,Barcelona,2018-09-11,True
19294912,Private room,190.0,True,15,15,15,15,84,84,467,Madrid,2018-12-10,True
19299038,Private room,300.0,True,0,0,0,0,100,2,5,Madrid,2020-09-13,True
19299446,Entire home/apt,550.0,True,24,35,57,126,96,73,284,Madrid,2019-08-12,True
19301422,Private room,320.0,True,0,0,0,62,92,5,24,Madrid,2019-03-08,True
19302170,Entire home/apt,900.0,True,22,52,69,69,86,22,81,Barcelona,2019-10-16,True
19302943,Entire home/apt,900.0,True,28,58,73,348,90,8,36,Girona,2019-05-29,True
19303345,Entire home/apt,3900.0,True,0,0,0,0,97,27,164,Mallorca,2018-11-20,True
19306339,Entire home/apt,3500.0,True,15,45,75,77,100,4,31,Girona,2018-07-31,True
19307567,Entire home/apt,1700.0,True,9,39,69,202,99,15,115,Mallorca,2018-08-21,True
19310672,Entire home/apt,1620.0,True,30,33,33,33,80,1,10,Girona,2018-09-28,True
19310690,Private room,600.0,True,1,10,29,222,100,13,50,Barcelona,2017-09-12,True
19312456,Entire home/apt,2500.0,True,0,0,0,0,,0,,Mallorca,2019-03-25,
19322427,Private room,500.0,True,0,0,0,0,,1,9,Sevilla,2019-01-29,
19324222,Private room,350.0,True,0,0,0,0,95,4,17,Barcelona,2019-06-07,True
19327719,Entire home/apt,1200.0,True,11,32,52,292,100,1,26,Madrid,2018-01-17,True
19327853,Private room,300.0,True,0,0,0,0,100,3,7,Madrid,2020-12-17,True
19329055,Entire home/apt,600.0,True,0,0,0,0,93,3,8,Madrid,2020-07-17,True
19330601,Entire home/apt,1800.0,True,25,54,58,58,80,3,21,Girona,2018-09-28,True
19332376,Entire home/apt,1210.0,False,5,13,43,43,80,1,10,Barcelona,2017-08-06,True
19341882,Entire home/apt,650.0,True,25,51,78,349,87,57,171,Sevilla,2020-04-30,True
19342533,Entire home/apt,700.0,True,24,54,84,84,86,19,201,Madrid,2018-07-10,True
19343873,Entire home/apt,1300.0,True,11,29,59,59,95,35,24,Barcelona,2018-09-11,True
19344018,Private room,2000.0,True,0,0,0,0,,0,,Madrid,2019-01-14,
19344281,Entire home/apt,550.0,True,5,15,37,214,95,96,36,Malaga,2019-09-30,True
19345027,Entire home/apt,800.0,True,13,33,49,49,94,41,594,Madrid,2018-01-17,True
19354061,Private room,640.0,True,30,60,90,365,90,24,122,Barcelona,2019-02-06,True
19355899,Entire home/apt,640.0,True,6,15,15,15,99,77,565,Madrid,2019-01-14,True
19358247,Entire home/apt,450.0,True,18,28,28,28,95,4,29,Girona,2018-08-30,True
19362573,Entire home/apt,450.0,True,4,17,17,84,98,43,166,Madrid,2019-08-12,True
19368505,Entire home/apt,590.0,True,0,0,0,0,100,4,28,Madrid,2018-08-14,True
19373219,Entire home/apt,1570.0,True,0,0,0,202,,0,,Mallorca,2020-10-21,
19373276,Entire home/apt,1490.0,True,0,16,46,214,92,58,172,Madrid,2020-04-17,True
19373600,Entire home/apt,700.0,True,0,0,0,0,,0,,Girona,2018-09-28,
19376228,Entire home/apt,1100.0,True,28,58,88,174,93,59,178,Madrid,2020-03-17,True
19376372,Private room,600.0,True,29,59,89,89,100,5,72,Barcelona,2018-01-17,True
19376646,Entire home/apt,600.0,True,12,26,31,276,100,20,108,Sevilla,2019-01-29,True
19378717,Entire home/apt,3850.0,True,20,44,56,155,,0,,Mallorca,2020-09-19,
19380351,Entire home/apt,1400.0,True,30,54,84,84,91,14,221,Barcelona,2018-01-17,True
19386220,Private room,340.0,True,5,5,31,306,85,16,171,Barcelona,2018-04-12,True
19389216,Entire home/apt,650.0,True,0,0,0,272,94,125,305,Madrid,2020-11-06,True
19396102,Private room,300.0,True,22,48,63,138,100,12,54,Valencia,2019-05-01,True
19396661,Entire home/apt,340.0,True,22,46,76,351,84,9,233,Malaga,2017-11-25,True
19399175,Entire home/apt,1270.0,True,0,0,0,201,,0,,Mallorca,2018-10-17,
19399865,Private room,410.0,True,4,32,62,153,91,17,238,Barcelona,2018-02-07,True
19402970,Entire home/apt,2500.0,True,0,0,26,301,,1,16,Mallorca,2019-09-28,
19404915,Entire home/apt,1000.0,True,0,0,0,0,,0,,Madrid,2020-03-17,
19406810,Private room,450.0,True,0,0,0,0,100,2,13,Madrid,2018-10-10,True
19409186,Private room,2500.0,True,0,0,0,0,,0,,Madrid,2020-08-25,
19410032,Private room,500.0,True,0,0,0,0,,1,3,Barcelona,2020-06-13,
19410686,Private room,250.0,True,0,0,0,0,,0,,Madrid,2019-12-10,
19411356,Entire home/apt,300.0,True,0,0,0,0,90,2,6,Madrid,2020-04-17,True
19418846,Private room,300.0,True,0,0,0,0,89,17,49,Barcelona,2020-05-11,True
19419933,Entire home/apt,790.0,True,28,58,81,171,99,17,58,Valencia,2019-12-31,True
19420887,Private room,340.0,True,21,36,49,49,97,33,17,Mallorca,2019-02-17,True
19423176,Entire home/apt,600.0,True,28,58,88,178,94,14,84,Madrid,2018-11-07,True
19425693,Private room,700.0,True,30,60,90,365,67,6,86,Barcelona,2018-02-07,False
19426007,Entire home/apt,1050.0,True,19,49,52,52,,1,7,Girona,2018-08-30,
19426209,Entire home/apt,1200.0,True,0,0,0,27,98,11,28,Girona,2020-10-28,True
19429639,Entire home/apt,550.0,True,1,8,22,80,88,24,312,Barcelona,2018-04-12,True
19433592,Entire home/apt,540.0,True,12,41,56,56,95,13,218,Madrid,2018-01-17,True
19438429,Entire home/apt,550.0,True,4,24,47,137,95,108,686,Madrid,2018-10-10,True
19444196,Entire home/apt,1100.0,True,20,40,70,259,95,27,84,Valencia,2020-02-29,True
19445128,Entire home/apt,890.0,True,4,8,20,265,94,16,9,Valencia,2019-05-01,True
19446901,Entire home/apt,1390.0,True,19,45,75,346,95,92,561,Madrid,2018-11-07,True
19451361,Entire home/apt,700.0,True,25,48,48,48,89,9,71,Madrid,2018-07-10,True
19454469,Entire home/apt,670.0,True,29,59,89,179,90,6,14,Girona,2021-01-31,True
19455452,Entire home/apt,630.0,True,0,9,28,232,89,33,156,Madrid,2019-06-07,True
19461678,Entire home/apt,450.0,True,21,51,76,351,92,10,117,Madrid,2018-04-12,True
19464663,Entire home/apt,1890.0,True,11,22,52,197,88,5,68,Barcelona,2018-05-14,True
19465312,Entire home/apt,690.0,True,30,31,31,31,,0,,Girona,2019-11-30,
19465366,Entire home/apt,1150.0,True,0,0,0,0,93,9,35,Valencia,2019-12-31,True
19465513,Entire home/apt,1100.0,True,30,50,63,157,95,39,113,Mallorca,2020-05-28,True
19465790,Entire home/apt,1000.0,True,27,55,57,332,100,15,43,Girona,2020-05-28,True
19465905,Private room,890.0,True,22,44,74,338,100,1,24,Barcelona,2017-11-13,True
19468043,Entire home/apt,650.0,True,30,60,90,180,100,13,67,Girona,2019-10-30,True
19469108,Entire home/apt,1150.0,True,0,0,0,214,75,4,23,Mallorca,2018-12-18,False
19471428,Entire home/apt,550.0,True,6,28,43,313,89,48,325,Madrid,2018-09-11,True
19480905,Entire home/apt,3000.0,True,0,0,0,28,100,2,7,Mallorca,2020-01-29,True
19483851,Entire home/apt,590.0,True,7,29,59,334,60,5,21,Madrid,2019-09-19,False
19485026,Entire home/apt,1000.0,True,0,0,0,0,,0,,Madrid,2019-01-14,
19487935,Entire home/apt,1390.0,True,10,25,25,46,100,5,123,Barcelona,2017-11-13,True
19496313,Entire home/apt,1300.0,True,3,26,43,318,90,2,18,Mallorca,2018-07-29,True
19497294,Private room,280.0,True,29,59,89,364,98,19,135,Girona,2018-08-30,True
19501324,Entire home/apt,1000.0,True,18,48,71,157,97,30,239,Madrid,2018-07-10,True
19501715,Entire home/apt,400.0,True,27,57,69,341,94,47,206,Girona,2019-05-29,True
19503907,Private room,400.0,True,0,0,0,0,,0,,Barcelona,2019-01-14,
19512272,Entire home/apt,700.0,True,15,25,47,103,80,2,18,Sevilla,2019-03-28,True
19512307,Entire home/apt,1400.0,True,25,55,85,350,80,14,53,Mallorca,2019-09-28,True
19513173,Entire home/apt,4000.0,True,30,60,90,365,91,16,44,Barcelona,2020-07-17,True
19514521,Entire home/apt,420.0,True,0,0,0,0,85,4,15,Madrid,2020-07-17,True
19515160,Entire home/apt,450.0,True,30,60,90,242,70,10,38,Girona,2020-04-30,False
19516079,Entire home/apt,640.0,True,0,0,0,0,93,11,67,Mallorca,2018-11-20,True
19516255,Entire home/apt,1110.0,True,22,52,82,356,,0,,Madrid,2018-10-10,
19517544,Entire home/apt,2010.0,True,30,60,84,263,,1,12,Mallorca,2019-12-31,
19517706,Entire home/apt,700.0,True,0,0,0,0,,0,,Madrid,2018-07-10,
19525030,Entire home/apt,2000.0,True,30,51,66,95,91,14,4,Mallorca,2020-05-28,True
19526824,Private room,150.0,True,10,28,58,333,86,28,264,Madrid,2018-05-14,True
19527080,Entire home/apt,1500.0,True,0,0,0,0,,0,,Madrid,2018-09-11,
19528420,Entire home/apt,1400.0,True,3,5,35,206,97,47,20,Valencia,2019-07-01,True
19528993,Entire home/apt,1000.0,True,11,20,38,313,97,30,85,Mallorca,2020-06-25,True
19530585,Private room,500.0,True,0,0,0,0,100,2,18,Barcelona,2018-06-09,True
19535792,Entire home/apt,590.0,True,11,41,71,205,96,11,39,Barcelona,2019-12-10,True
19536517,Entire home/apt,1200.0,True,30,44,74,255,98,8,23,Girona,2020-06-29,True
19539007,Entire home/apt,200.0,True,0,1,31,36,100,2,7,Malaga,2021-01-31,True
19539067,Private room,540.0,True,10,10,10,10,92,5,94,Barcelona,2017-12-09,True
19540030,Entire home/apt,300.0,True,0,0,0,0,,0,,Madrid,2021-02-09,
19543761,Entire home/apt,1410.0,True,30,60,90,365,100,2,11,Girona,2019-04-29,True
19547156,Entire home/apt,810.0,True,1,8,21,63,100,2,34,Mallorca,2018-04-18,True
19547774,Private room,1000.0,False,12,27,57,147,,0,,Barcelona,2017-07-06,
19548058,Entire home/apt,1000.0,True,2,18,32,140,91,140,507,Madrid,2019-10-16,True
19548220,Entire home/apt,2000.0,True,29,59,89,350,,0,,Girona,2019-12-31,
19549604,Private room,1000.0,True,0,0,0,0,,0,,Madrid,2020-04-17,
19550113,Entire home/apt,1990.0,False,0,16,46,136,,0,,Barcelona,2017-07-06,
19550672,Private room,350.0,True,28,58,60,333,,1,9,Valencia,2019-07-01,
19550741,Private room,250.0,True,5,35,65,108,40,1,8,Mallorca,2018-08-21,False
19551176,Private room,650.0,True,18,48,66,156,99,15,155,Mallorca,2018-04-18,True
19554256,Entire home/apt,850.0,True,0,0,0,0,100,1,12,Girona,2018-04-21,True
19558792,Private room,700.0,True,0,0,0,0,,0,,Madrid,2020-06-13,
19560747,Entire home/apt,800.0,True,6,20,47,78,60,1,48,Barcelona,2017-10-07,False
19562523,Entire home/apt,700.0,True,19,44,74,75,83,112,355,Barcelona,2020-02-16,True
19563178,Entire home/apt,690.0,True,22,52,82,357,100,1,8,Mallorca,2018-09-18,True
19563260,Entire home/apt,550.0,True,0,0,0,87,87,3,8,Girona,2020-10-28,True
19563432,Entire home/apt,800.0,True,13,41,67,68,89,160,65,Madrid,2019-07-10,True
19565272,Private room,1400.0,False,2,2,2,2,,0,,Barcelona,2017-07-06,
19565351,Entire home/apt,2000.0,True,0,0,0,0,,0,,Madrid,2019-07-10,
19566561,Entire home/apt,2750.0,True,16,46,76,351,,0,,Menorca,2019-09-01,
19568099,Entire home/apt,1500.0,True,30,60,90,180,90,2,11,Girona,2019-12-31,True
19569193,Entire home/apt,620.0,True,29,59,87,362,93,3,1,Girona,2019-12-31,True
19572721,Entire home/apt,600.0,True,0,0,0,0,100,1,5,Madrid,2019-05-14,True
19573319,Entire home/apt,1800.0,True,2,7,15,24,99,39,386,Madrid,2018-05-14,True
19586020,Entire home/apt,800.0,True,29,57,85,305,,0,,Girona,2019-02-19,
19591315,Entire home/apt,410.0,True,9,17,40,311,,0,,Madrid,2018-08-14,
19598986,Private room,240.0,True,6,23,31,31,92,67,653,Madrid,2018-05-14,True
19599777,Entire home/apt,700.0,True,25,55,85,360,78,12,48,Girona,2019-08-31,False
19602193,Entire home/apt,600.0,True,28,58,88,178,73,3,78,Girona,2018-10-20,False
19602393,Entire home/apt,740.0,True,19,20,20,20,80,1,5,Girona,2019-08-31,True
19604711,Entire home/apt,2400.0,True,0,0,0,0,,1,34,Girona,2018-07-31,
19605553,Entire home/apt,650.0,True,30,59,86,334,99,101,28,Valencia,2020-08-30,True
19608337,Private room,350.0,True,18,43,73,157,86,19,115,Barcelona,2019-03-08,True
19614710,Entire home/apt,920.0,True,0,0,8,283,,0,,Barcelona,2019-07-10,
19617586,Private room,500.0,True,0,0,0,75,94,21,54,Barcelona,2020-09-12,True
19620306,Entire home/apt,1000.0,True,0,11,41,221,92,52,123,Madrid,2021-02-09,True
19622445,Private room,210.0,True,27,57,87,177,95,197,515,Valencia,2020-08-30,True
19631249,Entire home/apt,600.0,True,0,0,21,111,94,147,367,Madrid,2020-10-17,True
19633742,Entire home/apt,1560.0,True,0,26,56,331,93,3,13,Girona,2019-07-29,True
19635203,Private room,230.0,True,30,60,90,90,98,21,15,Barcelona,2020-04-16,True
19636967,Private room,700.0,True,0,0,0,0,,0,,Barcelona,2019-10-16,
19639019,Entire home/apt,600.0,True,1,1,4,93,94,13,106,Madrid,2018-07-10,True
19650974,Private room,400.0,True,0,0,0,0,80,8,33,Madrid,2019-07-10,True
19651408,Entire home/apt,1500.0,True,15,31,47,307,67,3,19,Sevilla,2019-01-29,False
19652854,Entire home/apt,650.0,True,9,9,9,9,,0,,Girona,2018-12-22,
19660958,Private room,300.0,True,0,0,0,0,90,6,15,Madrid,2020-10-17,True
19665690,Entire home/apt,1200.0,True,0,3,31,298,,0,,Mallorca,2018-08-21,
19665697,Entire home/apt,1570.0,True,0,0,0,0,86,10,34,Mallorca,2019-12-31,True
19667124,Entire home/apt,1380.0,True,0,0,0,196,,0,,Girona,2018-11-26,
19667923,Private room,500.0,True,0,0,0,0,100,6,35,Barcelona,2018-12-10,True
19673845,Entire home/apt,1900.0,True,1,2,7,29,,0,,Mallorca,2019-06-27,
19675350,Entire home/apt,450.0,True,12,38,68,343,96,103,608,Malaga,2018-12-22,True
19675603,Entire home/apt,1500.0,True,17,30,60,60,98,72,544,Madrid,2018-08-14,True
19685169,Entire home/apt,1100.0,True,29,59,89,364,,0,,Girona,2019-03-30,
19686811,Private room,310.0,True,0,14,44,319,,0,,Barcelona,2020-06-13,
19687220,Entire home/apt,730.0,True,2,6,20,97,94,71,332,Madrid,2019-06-07,True
19687587,Entire home/apt,770.0,True,19,33,52,286,89,8,55,Valencia,2019-05-31,True
19691280,Private room,500.0,True,0,0,0,0,92,50,157,Sevilla,2020-04-30,True
19692765,Entire home/apt,800.0,True,6,28,48,134,93,19,144,Madrid,2018-10-10,True
19693023,Entire home/apt,1000.0,True,8,21,24,104,96,59,179,Mallorca,2020-04-23,True
19693832,Private room,600.0,False,11,11,11,11,,0,,Barcelona,2017-07-06,
19704429,Private room,660.0,True,0,0,0,0,85,4,15,Barcelona,2019-10-16,True
19710815,Entire home/apt,1530.0,True,7,25,36,275,97,12,54,Madrid,2019-07-10,True
19729694,Entire home/apt,1050.0,True,0,0,0,72,100,2,47,Mallorca,2018-12-18,True
19731063,Private room,390.0,True,30,60,90,177,91,305,868,Valencia,2020-05-31,True
19733367,Private room,320.0,True,20,38,68,68,100,6,99,Barcelona,2018-01-17,True
19733882,Entire home/apt,1500.0,True,0,0,0,183,98,13,44,Girona,2019-12-31,True
19740318,Entire home/apt,1400.0,True,23,53,83,173,100,1,2,Girona,2020-11-28,True
19740662,Entire home/apt,1670.0,True,27,41,55,280,100,1,7,Mallorca,2020-05-28,True
19742666,Private room,350.0,True,24,46,76,166,87,23,189,Barcelona,2018-07-10,True
19742750,Entire home/apt,350.0,True,0,0,0,0,80,2,6,Madrid,2020-05-14,True
19746560,Entire home/apt,2250.0,True,30,58,83,171,98,19,56,Girona,2020-04-30,True
19748832,Private room,270.0,True,0,0,0,0,100,3,19,Barcelona,2018-11-07,True
19749862,Private room,200.0,True,1,15,34,292,98,57,284,Madrid,2019-04-11,True
19755762,Private room,350.0,True,22,52,82,357,,0,,Madrid,2019-09-19,
19757876,Private room,350.0,True,2,2,2,2,100,7,79,Barcelona,2018-04-12,True
19761001,Entire home/apt,550.0,True,0,0,0,12,96,5,39,Madrid,2018-08-14,True
19764608,Entire home/apt,1980.0,True,26,27,27,107,100,7,214,Barcelona,2017-11-13,True
19779264,Entire home/apt,900.0,True,6,16,32,269,95,81,65,Barcelona,2018-11-07,True
19780457,Entire home/apt,500.0,True,23,53,83,336,,0,,Girona,2019-03-30,
19780600,Entire home/apt,1750.0,True,30,60,90,344,90,4,8,Girona,2018-12-22,True
19782028,Private room,450.0,True,14,44,67,67,90,2,176,Barcelona,2017-09-12,True
19782724,Entire home/apt,1250.0,True,0,0,0,0,,0,,Girona,2020-01-31,
19785957,Private room,180.0,True,2,4,16,26,95,19,148,Mallorca,2018-08-21,True
19792591,Private room,320.0,True,13,43,73,73,90,47,19,Girona,2019-07-29,True
19794259,Private room,210.0,True,30,60,90,365,100,2,41,Madrid,2020-05-14,True
19795100,Private room,5000.0,True,21,46,75,140,88,5,25,Sevilla,2019-03-28,True
19796620,Entire home/apt,660.0,True,30,60,89,133,75,4,1,Girona,2020-11-28,False
19798229,Entire home/apt,1000.0,True,2,2,2,2,72,5,288,Barcelona,2017-09-12,False
19800086,Entire home/apt,850.0,True,0,0,0,154,100,6,17,Girona,2020-05-28,True
19800953,Entire home/apt,2300.0,False,12,42,72,347,,0,,Barcelona,2017-08-06,
19803251,Private room,300.0,True,0,1,3,3,90,26,173,Barcelona,2018-10-10,True
19807607,Private room,200.0,True,10,14,14,14,98,209,665,Madrid,2020-02-18,True
19814895,Private room,300.0,True,0,12,42,317,100,2,2,Barcelona,2018-05-14,True
19815605,Entire home/apt,400.0,True,0,0,0,0,90,6,3,Madrid,2019-05-14,True
19815881,Entire home/apt,590.0,True,28,58,88,257,80,1,13,Girona,2019-03-30,True
19823222,Private room,280.0,True,4,14,19,280,99,159,561,Sevilla,2019-11-29,True
19838657,Private room,400.0,True,13,43,73,348,95,34,338,Barcelona,2018-05-14,True
19842111,Private room,250.0,True,0,0,0,0,,0,,Madrid,2018-08-14,
19853849,Hotel room,440.0,True,0,0,0,0,88,17,66,Sevilla,2020-05-30,True
19854110,Entire home/apt,3500.0,True,20,50,80,355,100,1,10,Barcelona,2017-09-12,True
19854400,Entire home/apt,670.0,True,29,35,61,336,93,16,72,Girona,2019-05-29,True
19857688,Entire home/apt,4750.0,True,30,49,74,347,100,2,22,Mallorca,2019-07-25,True
19858874,Entire home/apt,1000.0,True,15,45,75,319,100,3,143,Mallorca,2018-09-18,True
19861039,Entire home/apt,580.0,True,3,10,10,10,97,59,255,Valencia,2019-07-01,True
19865607,Entire home/apt,5000.0,True,30,60,90,365,83,24,74,Barcelona,2020-04-16,True
19865779,Entire home/apt,620.0,True,0,0,0,136,87,36,99,Barcelona,2020-11-06,True
19866514,Entire home/apt,3000.0,True,15,16,16,16,100,1,48,Girona,2018-08-30,True
19868051,Entire home/apt,2140.0,True,0,0,23,203,100,2,15,Girona,2018-08-30,True
19869060,Entire home/apt,2150.0,True,29,59,89,364,100,1,21,Barcelona,2018-01-17,True
19871929,Private room,400.0,True,23,53,83,84,100,2,13,Madrid,2018-12-10,True
19877856,Private room,220.0,False,16,46,76,76,,0,,Barcelona,2017-08-06,
19880625,Private room,380.0,True,10,18,27,28,98,27,433,Barcelona,2018-02-07,True
19885080,Private room,360.0,True,1,1,1,1,86,11,26,Valencia,2020-12-21,True
19890427,Entire home/apt,2000.0,True,0,25,40,162,,0,,Malaga,2018-05-27,
19891462,Entire home/apt,1450.0,True,0,0,0,0,,0,,Barcelona,2018-05-14,
19897303,Entire home/apt,2350.0,True,0,0,0,183,,0,,Mallorca,2018-11-20,
19897539,Private room,1000.0,True,29,59,89,312,96,14,47,Menorca,2020-01-31,True
19899714,Entire home/apt,1500.0,True,3,4,4,4,90,12,667,Barcelona,2017-09-12,True
19900958,Entire home/apt,1180.0,True,0,5,10,285,,0,,Barcelona,2017-11-13,
19901284,Entire home/apt,1230.0,False,6,15,31,114,,0,,Barcelona,2017-08-06,
19902570,Entire home/apt,700.0,True,0,0,0,214,85,16,38,Barcelona,2021-01-12,True
19903806,Private room,300.0,True,0,11,41,316,92,6,63,Madrid,2018-05-14,True
19903956,Private room,1400.0,True,30,60,90,90,,0,,Mallorca,2018-12-18,
19903964,Entire home/apt,1050.0,True,7,18,44,115,80,1,5,Madrid,2018-09-11,True
19910248,Entire home/apt,2000.0,True,0,20,50,325,87,6,25,Madrid,2019-07-10,True
19916745,Entire home/apt,800.0,True,13,42,72,252,100,2,23,Madrid,2019-06-07,True
19924117,Entire home/apt,780.0,True,0,0,0,0,85,8,41,Madrid,2019-05-14,True
19927346,Entire home/apt,700.0,True,23,53,83,358,60,7,20,Malaga,2017-11-25,False
19928786,Private room,840.0,True,8,33,52,132,96,19,23,Barcelona,2018-05-14,True
19930323,Private room,300.0,True,0,0,0,0,73,4,18,Barcelona,2019-06-07,False
19931245,Private room,450.0,True,25,55,85,360,75,4,167,Barcelona,2017-10-07,False
19941235,Entire home/apt,890.0,True,0,0,0,0,97,14,59,Madrid,2019-07-10,True
19943138,Private room,300.0,True,0,0,0,247,83,7,19,Barcelona,2020-08-24,True
19944359,Entire home/apt,3200.0,True,23,44,74,341,98,13,78,Mallorca,2019-11-28,True
19945550,Private room,950.0,True,0,0,29,304,,1,4,Girona,2019-09-30,
19947145,Entire home/apt,1100.0,True,8,31,54,309,99,32,112,Malaga,2019-11-30,True
19947952,Private room,250.0,True,23,53,83,358,85,65,298,Madrid,2019-05-14,True
19950058,Entire home/apt,900.0,True,0,0,5,5,96,18,121,Malaga,2018-10-25,True
19956790,Entire home/apt,1000.0,False,13,43,73,163,,0,,Barcelona,2017-08-06,
19962749,Entire home/apt,1500.0,True,0,6,17,17,,0,,Barcelona,2018-10-10,
19970424,Entire home/apt,600.0,True,0,0,0,0,93,3,32,Barcelona,2018-05-14,True
19978181,Entire home/apt,4000.0,True,13,43,73,348,95,12,49,Barcelona,2019-09-17,True
19984000,Entire home/apt,570.0,True,14,28,52,317,94,190,1213,Madrid,2018-11-07,True
19990906,Entire home/apt,3300.0,True,20,50,80,347,100,1,4,Mallorca,2020-09-19,True
19991616,Entire home/apt,350.0,True,1,12,41,158,92,79,302,Malaga,2019-09-30,True
19992577,Private room,250.0,True,3,9,29,304,92,5,37,Barcelona,2018-09-11,True
19994844,Private room,950.0,True,7,19,42,317,85,24,17,Barcelona,2018-10-10,True
19996169,Entire home/apt,990.0,True,16,34,58,146,99,24,28,Madrid,2018-04-12,True
20002444,Private room,300.0,True,0,0,0,0,97,7,24,Barcelona,2020-01-10,True
20004996,Entire home/apt,750.0,False,3,33,63,338,80,2,20,Barcelona,2017-08-06,True
20005039,Entire home/apt,1500.0,True,12,42,72,162,,0,,Girona,2018-07-31,
20005054,Entire home/apt,2000.0,True,4,12,39,314,100,13,55,Mallorca,2019-06-27,True
20006576,Private room,710.0,True,0,0,0,199,85,30,72,Mallorca,2021-01-16,True
20007339,Entire home/apt,500.0,True,0,0,0,0,,0,,Madrid,2018-08-14,
20008263,Private room,350.0,True,10,10,10,10,100,4,22,Barcelona,2019-02-06,True
20020012,Entire home/apt,1250.0,True,30,60,67,323,100,7,34,Girona,2019-04-29,True
20028202,Entire home/apt,1200.0,True,30,60,90,353,95,12,81,Mallorca,2018-10-17,True
20029202,Entire home/apt,450.0,True,7,36,66,341,98,44,31,Malaga,2018-09-29,True
20029385,Entire home/apt,990.0,True,8,27,41,296,100,2,5,Madrid,2019-09-19,True
20043774,Private room,160.0,True,0,0,9,10,97,7,45,Barcelona,2018-12-10,True
20052796,Shared room,400.0,True,30,60,90,365,90,8,45,Barcelona,2019-01-14,True
20058854,Entire home/apt,1150.0,True,2,3,10,271,100,1,4,Mallorca,2018-07-29,True
20060297,Entire home/apt,500.0,True,11,21,31,297,90,12,52,Malaga,2019-07-30,True
20060979,Entire home/apt,1500.0,True,10,33,61,261,90,3,16,Mallorca,2019-10-28,True
20061966,Entire home/apt,800.0,True,0,0,0,270,,0,,Mallorca,2018-07-29,
20063201,Entire home/apt,900.0,True,30,36,36,36,,0,,Girona,2018-11-26,
20064159,Entire home/apt,800.0,True,28,58,88,178,94,24,237,Madrid,2019-08-12,True
20064314,Entire home/apt,1600.0,True,23,42,72,347,,0,,Mallorca,2018-09-18,
20065465,Private room,270.0,True,0,0,1,2,100,5,18,Barcelona,2019-12-10,True
20067919,Private room,250.0,True,27,45,45,300,83,7,9,Barcelona,2018-05-14,True
20071436,Private room,690.0,True,0,8,18,23,98,11,99,Barcelona,2018-07-10,True
20072086,Entire home/apt,990.0,True,28,58,88,363,100,10,41,Girona,2019-10-30,True
20072652,Entire home/apt,700.0,True,12,24,38,38,95,5,52,Madrid,2018-05-14,True
20072973,Private room,150.0,True,26,56,86,86,87,3,81,Barcelona,2017-12-09,True
20074443,Entire home/apt,500.0,True,11,11,26,46,,0,,Barcelona,2019-05-14,
20081645,Private room,200.0,True,29,59,89,89,91,18,43,Valencia,2021-01-19,True
20081814,Private room,500.0,True,0,0,22,22,95,4,76,Barcelona,2018-01-17,True
20082710,Private room,250.0,True,0,0,0,0,89,14,73,Barcelona,2019-03-08,True
20086860,Entire home/apt,450.0,True,20,47,71,313,97,165,545,Girona,2020-01-31,True
20087018,Entire home/apt,750.0,True,30,30,30,291,92,10,31,Malaga,2020-05-31,True
20087375,Entire home/apt,1000.0,True,0,0,0,0,95,45,143,Barcelona,2020-03-16,True
20087428,Entire home/apt,2370.0,True,0,0,29,129,100,5,16,Menorca,2020-02-29,True
20087513,Entire home/apt,1150.0,True,0,0,0,168,93,3,45,Menorca,2019-01-30,True
20087529,Entire home/apt,1100.0,True,0,0,18,165,100,1,16,Menorca,2019-02-24,True
20087852,Entire home/apt,1000.0,True,0,0,2,62,100,2,6,Valencia,2020-03-26,True
20091782,Entire home/apt,4800.0,True,3,32,62,158,100,2,13,Mallorca,2019-09-28,True
20096161,Entire home/apt,450.0,True,20,23,49,202,98,140,40,Sevilla,2020-06-29,True
20106996,Private room,800.0,True,26,52,79,345,97,13,25,Barcelona,2020-01-10,True
20116049,Entire home/apt,700.0,True,3,33,63,317,99,38,156,Girona,2019-08-31,True
20118824,Private room,250.0,True,0,29,59,59,85,4,19,Valencia,2019-05-01,True
20119499,Entire home/apt,1200.0,True,29,59,84,223,,0,,Girona,2018-04-21,
20120741,Entire home/apt,1240.0,True,29,57,81,313,100,1,28,Girona,2020-01-31,True
20128592,Private room,490.0,True,9,39,69,69,100,2,20,Barcelona,2017-10-07,True
20131585,Private room,490.0,True,0,28,58,271,91,36,12,Mallorca,2020-01-29,True
20136873,Entire home/apt,990.0,True,9,39,69,256,100,17,96,Mallorca,2019-01-28,True
20145945,Private room,800.0,True,12,22,52,53,,0,,Madrid,2019-01-14,
20149628,Entire home/apt,2500.0,True,0,0,0,0,100,2,22,Madrid,2018-05-14,True
20150218,Entire home/apt,1600.0,True,4,26,56,146,,0,,Mallorca,2018-07-29,
20153436,Entire home/apt,1000.0,True,6,36,66,341,100,1,10,Girona,2018-07-31,True
20153715,Entire home/apt,1000.0,True,30,60,90,365,93,3,99,Girona,2018-10-20,True
20159498,Entire home/apt,320.0,True,0,0,0,0,,0,,Girona,2018-09-28,
20159622,Entire home/apt,2290.0,True,0,0,0,56,,0,,Mallorca,2020-09-19,
20160810,Private room,400.0,True,0,15,45,45,97,6,43,Barcelona,2018-11-07,True
20167485,Entire home/apt,1900.0,True,17,45,75,345,97,12,45,Madrid,2020-03-17,True
20168677,Entire home/apt,850.0,True,17,34,56,307,80,1,10,Malaga,2020-01-31,True
20169029,Private room,450.0,True,10,35,35,35,98,8,364,Barcelona,2017-10-07,True
20170515,Entire home/apt,800.0,True,0,0,0,29,87,84,278,Girona,2020-01-31,True
20171094,Entire home/apt,1100.0,True,30,60,90,365,77,7,127,Barcelona,2018-01-17,False
20171562,Private room,300.0,True,11,11,11,11,100,1,8,Barcelona,2018-10-10,True
20172673,Private room,180.0,True,0,0,0,0,,0,,Madrid,2021-01-12,
20178301,Entire home/apt,600.0,True,29,52,81,293,95,35,111,Menorca,2020-02-29,True
20179993,Private room,250.0,True,14,40,70,70,99,87,356,Madrid,2019-09-19,True
20180705,Private room,350.0,True,0,12,42,42,97,7,583,Barcelona,2017-09-12,True
20181508,Private room,350.0,True,0,0,0,0,100,1,3,Madrid,2020-05-14,True
20185526,Private room,220.0,True,22,52,82,357,86,77,84,Madrid,2018-05-14,True
20185533,Private room,590.0,True,22,22,29,29,100,1,9,Barcelona,2018-07-10,True
20189443,Private room,300.0,False,15,45,75,75,,0,,Barcelona,2017-08-06,
20190037,Private room,600.0,True,28,58,88,88,100,3,7,Barcelona,2021-01-12,True
20199661,Entire home/apt,1140.0,True,0,0,0,128,100,2,11,Girona,2019-02-19,True
20200957,Private room,450.0,True,0,0,0,0,95,65,199,Barcelona,2020-04-16,True
20201831,Entire home/apt,800.0,True,30,60,90,365,40,2,5,Barcelona,2021-02-09,False
20202730,Entire home/apt,2450.0,True,8,38,68,343,93,3,26,Girona,2018-07-31,True
20203771,Private room,600.0,True,0,8,38,128,95,5,33,Madrid,2018-12-10,True
20204857,Entire home/apt,500.0,True,0,0,0,66,94,51,356,Madrid,2018-11-07,True
20206643,Entire home/apt,1810.0,True,29,59,89,364,,0,,Madrid,2020-10-17,
20208646,Private room,450.0,True,0,0,0,0,100,6,13,Barcelona,2018-01-17,True
20209669,Private room,240.0,True,0,0,0,0,80,2,11,Barcelona,2019-02-06,True
20212815,Private room,500.0,True,0,0,30,30,100,1,73,Madrid,2018-01-17,True
20213009,Private room,500.0,True,0,0,0,165,90,2,65,Barcelona,2017-11-13,True
20213366,Private room,200.0,True,12,42,72,159,86,10,28,Barcelona,2017-12-09,True
20218586,Entire home/apt,950.0,True,4,14,14,178,,0,,Mallorca,2018-09-18,
20220009,Private room,450.0,True,0,0,0,0,80,2,32,Barcelona,2018-02-07,True
20226033,Entire home/apt,4000.0,True,13,24,37,282,89,30,154,Barcelona,2019-06-07,True
20226139,Entire home/apt,500.0,True,5,22,52,254,93,42,494,Sevilla,2018-04-21,True
20228720,Entire home/apt,370.0,True,10,18,48,56,94,14,51,Girona,2020-06-29,True
20232051,Private room,280.0,True,19,49,79,259,87,6,33,Madrid,2019-02-06,True
20232569,Entire home/apt,580.0,True,8,16,26,259,98,81,41,Girona,2019-03-30,True
20236173,Private room,550.0,True,29,59,89,364,47,3,99,Barcelona,2017-11-13,False
20239037,Entire home/apt,1100.0,True,0,0,0,161,98,53,186,Mallorca,2019-12-31,True
20242658,Private room,200.0,True,19,49,79,351,85,78,556,Malaga,2018-09-29,True
20245258,Private room,250.0,True,0,0,0,0,83,7,28,Barcelona,2019-09-17,True
20250816,Entire home/apt,1120.0,True,30,60,90,365,,0,,Mallorca,2020-06-25,
20251051,Entire home/apt,3000.0,True,12,12,12,211,,0,,Mallorca,2018-04-18,
20258456,Private room,400.0,True,0,0,0,0,84,15,36,Barcelona,2021-01-12,True
20259110,Private room,160.0,True,8,35,65,331,100,3,37,Malaga,2018-05-27,True
20259825,Entire home/apt,850.0,True,9,19,35,97,99,27,91,Madrid,2020-02-18,True
20260134,Entire home/apt,720.0,True,11,11,11,11,83,7,65,Barcelona,2018-07-10,True
20261721,Entire home/apt,490.0,True,17,47,77,127,96,33,88,Madrid,2020-09-13,True
20263584,Entire home/apt,900.0,True,23,53,83,358,95,4,222,Barcelona,2017-10-07,True
20264259,Private room,170.0,True,0,0,0,248,84,24,396,Barcelona,2018-02-07,True
20265530,Private room,240.0,True,1,1,10,10,100,5,63,Madrid,2018-04-12,True
20267176,Entire home/apt,800.0,True,0,0,0,0,98,133,343,Mallorca,2020-10-21,True
20269268,Private room,350.0,True,2,14,44,44,96,18,149,Barcelona,2018-08-14,True
20279425,Entire home/apt,550.0,True,0,0,0,0,96,5,2,Girona,2019-08-31,True
20280257,Private room,400.0,True,3,3,3,3,100,34,287,Sevilla,2018-08-27,True
20281071,Private room,190.0,True,0,0,5,280,86,22,123,Madrid,2019-03-08,True
20289844,Entire home/apt,2000.0,True,9,22,52,142,,0,,Mallorca,2019-08-31,
20291997,Entire home/apt,600.0,True,18,39,69,343,92,17,85,Madrid,2019-10-16,True
20304887,Entire home/apt,1250.0,True,12,24,44,44,97,12,50,Madrid,2018-04-12,True
20304931,Entire home/apt,700.0,True,3,28,55,55,94,55,353,Madrid,2018-12-10,True
20313080,Entire home/apt,500.0,True,1,20,37,117,98,91,674,Sevilla,2018-10-18,True
20314213,Entire home/apt,1090.0,True,12,42,64,339,83,13,113,Malaga,2018-07-31,True
20314491,Entire home/apt,650.0,True,0,9,39,156,98,8,19,Malaga,2021-02-27,True
20315047,Private room,250.0,True,28,58,88,89,96,38,10,Madrid,2020-10-17,True
20320027,Private room,100.0,True,29,59,89,89,85,65,197,Valencia,2020-04-28,True
20320445,Entire home/apt,2170.0,True,30,60,90,332,100,2,7,Mallorca,2019-11-28,True
20323582,Entire home/apt,420.0,True,1,21,46,313,88,32,253,Sevilla,2018-09-22,True
20336816,Entire home/apt,1950.0,True,2,17,32,39,88,10,3,Mallorca,2020-05-28,True
20341818,Private room,220.0,True,8,8,35,310,100,3,29,Barcelona,2018-07-10,True
20357669,Entire home/apt,900.0,True,24,54,84,175,94,60,18,Madrid,2020-06-13,True
20359326,Private room,550.0,True,0,0,0,0,96,5,13,Barcelona,2020-09-12,True
20372339,Entire home/apt,650.0,True,3,27,57,332,84,10,94,Girona,2018-08-30,True
20372845,Entire home/apt,550.0,True,0,0,0,1,100,2,13,Mallorca,2019-05-27,True
20372980,Entire home/apt,3400.0,True,6,9,28,302,93,4,22,Mallorca,2019-06-27,True
20374738,Entire home/apt,900.0,True,23,53,83,358,100,1,6,Girona,2021-01-31,True
20385098,Private room,2000.0,True,28,58,88,88,,0,,Barcelona,2018-09-11,
20397361,Entire home/apt,1700.0,True,10,34,43,160,,0,,Mallorca,2020-06-25,
20398771,Entire home/apt,2650.0,True,30,60,90,355,96,5,15,Mallorca,2021-02-11,True
20399080,Private room,600.0,True,0,0,0,0,,0,,Barcelona,2019-01-14,
20399181,Private room,900.0,True,0,0,0,0,100,2,18,Malaga,2018-07-31,True
20399822,Entire home/apt,990.0,True,30,60,90,365,80,2,1,Mallorca,2020-02-29,True
20404153,Private room,780.0,True,0,0,0,0,,0,,Barcelona,2019-10-16,
20405836,Entire home/apt,780.0,True,30,60,90,270,93,60,16,Madrid,2020-12-17,True
20411515,Entire home/apt,1100.0,True,0,12,42,42,98,9,76,Madrid,2018-08-14,True
20414886,Entire home/apt,1250.0,True,9,9,9,239,84,5,146,Mallorca,2018-10-17,True
20419267,Entire home/apt,300.0,True,29,45,47,47,91,42,195,Valencia,2019-12-31,True
20429379,Entire home/apt,1190.0,True,25,55,85,360,93,52,491,Madrid,2018-07-10,True
20429804,Private room,600.0,True,0,0,0,0,94,62,18,Barcelona,2020-06-13,True
20438732,Entire home/apt,370.0,True,30,60,90,365,20,1,4,Mallorca,2020-05-28,False
20439062,Private room,300.0,True,10,40,70,246,84,37,44,Barcelona,2018-05-14,True
20439326,Private room,980.0,True,0,0,0,0,97,118,297,Barcelona,2020-12-16,True
20452408,Entire home/apt,1700.0,True,15,38,66,67,98,82,283,Madrid,2020-01-10,True
20454998,Entire home/apt,600.0,True,0,0,0,0,40,1,19,Barcelona,2018-02-07,False
20465060,Entire home/apt,850.0,True,29,59,89,177,92,21,68,Girona,2020-02-29,True
20468523,Entire home/apt,600.0,True,28,58,88,269,96,6,23,Girona,2019-09-30,True
20491104,Private room,380.0,True,3,5,5,264,96,74,292,Barcelona,2019-09-17,True
20491478,Private room,330.0,True,0,0,0,55,98,25,119,Madrid,2019-06-07,True
20493096,Private room,450.0,True,19,19,19,19,92,141,587,Madrid,2019-08-12,True
20500518,Private room,380.0,True,22,26,26,26,97,6,57,Mallorca,2018-07-29,True
20512809,Entire home/apt,1200.0,True,5,25,45,190,85,4,63,Barcelona,2018-04-12,True
20516130,Private room,500.0,True,18,39,63,102,100,5,109,Madrid,2018-01-17,True
20518036,Entire home/apt,3500.0,True,0,12,27,79,95,5,25,Mallorca,2020-02-29,True
20535718,Private room,500.0,True,29,59,89,364,50,2,20,Barcelona,2017-10-07,False
20536260,Private room,300.0,True,13,19,49,324,95,26,534,Madrid,2019-02-06,True
20538161,Private room,220.0,True,23,53,83,83,100,5,144,Barcelona,2017-12-09,True
20546958,Entire home/apt,1700.0,True,3,20,48,315,99,28,12,Girona,2019-07-29,True
20548275,Entire home/apt,600.0,True,9,26,45,133,95,8,44,Girona,2019-02-19,True
20548782,Private room,330.0,True,5,18,44,225,97,41,21,Barcelona,2019-04-10,True
20552088,Private room,200.0,True,2,20,43,84,85,8,113,Madrid,2018-04-12,True
20556344,Private room,250.0,True,0,0,0,0,97,6,23,Madrid,2019-10-16,True
20556745,Private room,400.0,True,30,56,56,56,60,1,1,Barcelona,2020-11-06,False
20562314,Private room,900.0,True,27,30,55,328,100,2,17,Girona,2019-06-30,True
20562503,Private room,320.0,True,13,21,24,95,97,104,582,Sevilla,2019-02-18,True
20563774,Entire home/apt,500.0,True,0,0,0,0,100,1,3,Madrid,2020-01-10,True
20568223,Private room,590.0,True,0,0,0,0,80,1,4,Barcelona,2020-01-10,True
20568286,Entire home/apt,600.0,True,0,0,0,0,100,49,291,Madrid,2019-01-14,True
20569507,Private room,380.0,True,0,0,5,280,93,3,14,Barcelona,2019-06-07,True
20570272,Entire home/apt,2200.0,True,5,35,65,340,,0,,Girona,2018-07-31,
20575616,Private room,160.0,True,0,0,0,0,100,5,13,Madrid,2020-11-06,True
20578505,Entire home/apt,2880.0,True,0,0,0,35,,0,,Girona,2020-01-31,
20578526,Entire home/apt,2410.0,True,0,0,3,123,80,1,7,Girona,2019-12-31,True
20578544,Entire home/apt,1870.0,True,0,0,0,143,,0,,Girona,2019-12-31,
20578553,Entire home/apt,1260.0,True,10,12,12,59,,0,,Girona,2018-07-31,
20578606,Entire home/apt,3260.0,True,0,0,0,79,,0,,Girona,2021-01-31,
20578701,Entire home/apt,1100.0,True,0,0,0,65,,0,,Girona,2020-01-31,
20578703,Entire home/apt,1370.0,True,15,44,44,197,,1,,Girona,2018-08-30,
20578707,Entire home/apt,3830.0,True,0,0,3,29,,0,,Girona,2020-04-30,
20578712,Entire home/apt,1390.0,True,0,0,0,211,,0,,Girona,2018-12-22,
20578723,Entire home/apt,2230.0,True,26,52,52,208,,0,,Girona,2019-08-31,
20578777,Entire home/apt,1900.0,True,0,0,0,92,,0,,Girona,2018-10-20,
20578798,Entire home/apt,1360.0,True,8,8,8,149,,0,,Girona,2018-10-20,
20578824,Entire home/apt,1080.0,True,10,21,37,137,80,1,8,Girona,2020-06-29,True
20578859,Entire home/apt,1400.0,True,0,0,1,93,100,1,3,Girona,2021-02-27,True
20578879,Entire home/apt,2120.0,True,29,29,29,177,,0,,Girona,2018-09-28,
20579017,Entire home/apt,2830.0,True,0,8,11,38,,0,,Girona,2020-04-30,
20579094,Entire home/apt,1590.0,True,26,26,26,212,,0,,Girona,2019-09-30,
20582702,Entire home/apt,1990.0,True,20,50,80,339,,0,,Mallorca,2018-10-17,
20587736,Entire home/apt,640.0,True,8,25,52,141,,0,,Malaga,2019-05-30,
20595974,Entire home/apt,1420.0,True,20,40,52,135,91,59,407,Madrid,2018-11-07,True
20598165,Entire home/apt,510.0,True,9,30,60,142,90,22,165,Madrid,2018-11-07,True
20598770,Private room,850.0,True,30,60,90,168,95,40,315,Barcelona,2018-11-07,True
20599704,Private room,190.0,True,29,59,89,364,88,72,194,Barcelona,2020-09-12,True
20600365,Entire home/apt,1290.0,True,2,8,20,145,90,4,11,Mallorca,2018-07-29,True
20600904,Private room,600.0,True,9,32,46,262,86,169,585,Mallorca,2020-01-29,True
20604596,Shared room,170.0,True,29,59,89,364,87,11,97,Madrid,2018-08-14,True
20610286,Private room,450.0,True,30,60,90,90,100,1,18,Barcelona,2018-02-07,True
20612118,Entire home/apt,390.0,True,29,49,79,169,85,148,445,Sevilla,2020-05-30,True
20617528,Private room,250.0,True,28,58,88,88,83,7,28,Barcelona,2019-10-16,True
20620197,Private room,140.0,True,16,18,48,323,97,20,131,Madrid,2018-12-10,True
20621922,Entire home/apt,2650.0,True,0,0,0,73,98,27,8,Mallorca,2020-09-19,True
20628446,Entire home/apt,510.0,True,0,0,1,1,97,47,45,Sevilla,2018-07-31,True
20629123,Entire home/apt,610.0,True,5,18,42,71,93,33,293,Madrid,2018-08-14,True
20629610,Private room,500.0,True,29,33,33,33,91,7,228,Barcelona,2017-12-09,True
20631554,Entire home/apt,1630.0,True,25,41,46,309,95,20,129,Mallorca,2018-11-20,True
20634262,Entire home/apt,2090.0,True,0,0,18,99,,0,,Mallorca,2020-09-19,
20635717,Private room,500.0,True,0,0,0,0,,0,,Mallorca,2018-08-21,
20643420,Entire home/apt,4270.0,True,26,49,59,273,,0,,Mallorca,2019-01-28,
20647027,Entire home/apt,650.0,True,30,60,90,365,89,34,81,Mallorca,2021-02-11,True
20649119,Entire home/apt,1500.0,True,29,59,89,179,,0,,Madrid,2020-09-13,
20652796,Entire home/apt,600.0,True,2,8,14,219,95,11,317,Barcelona,2018-02-07,True
20659449,Private room,990.0,True,12,32,62,337,67,10,47,Barcelona,2019-06-07,False
20663854,Entire home/apt,1380.0,True,19,49,79,352,97,81,199,Madrid,2021-01-12,True
20669302,Entire home/apt,430.0,True,5,10,24,131,98,108,533,Malaga,2019-05-01,True
20675153,Entire home/apt,400.0,True,17,37,67,131,95,73,664,Sevilla,2018-07-31,True
20677779,Entire home/apt,390.0,True,3,11,28,257,98,89,33,Sevilla,2019-11-29,True
20682023,Entire home/apt,1240.0,True,0,0,18,96,86,10,17,Mallorca,2019-01-28,True
20683915,Entire home/apt,650.0,True,18,31,61,61,93,17,151,Madrid,2018-08-14,True
20685045,Hotel room,1480.0,True,13,24,49,50,100,9,31,Mallorca,2020-01-29,True
20685538,Hotel room,1440.0,True,5,12,18,18,97,15,5,Mallorca,2020-02-29,True
20687026,Private room,250.0,True,0,0,0,256,,0,,Madrid,2018-04-12,
20702659,Entire home/apt,2350.0,True,0,0,0,188,98,13,51,Mallorca,2019-12-31,True
20705505,Private room,520.0,True,30,60,90,180,80,9,49,Barcelona,2019-03-08,True
20707437,Entire home/apt,4000.0,True,17,38,61,336,90,2,18,Girona,2019-05-29,True
20707974,Private room,290.0,True,7,20,34,119,96,314,1273,Madrid,2019-09-19,True
20708375,Entire home/apt,570.0,True,0,0,0,0,97,47,122,Valencia,2020-11-10,True
20715494,Private room,170.0,True,30,60,74,146,,0,,Madrid,2018-12-10,
20720803,Entire home/apt,2350.0,True,3,25,55,288,,0,,Mallorca,2019-08-31,
20721259,Entire home/apt,3490.0,True,0,0,20,72,100,1,5,Mallorca,2020-02-29,True
20724431,Private room,380.0,True,0,0,0,0,100,1,11,Barcelona,2018-07-10,True
20724455,Entire home/apt,1000.0,True,9,24,54,329,92,44,389,Barcelona,2018-08-14,True
20728496,Private room,300.0,True,0,0,0,0,,0,,Barcelona,2018-02-07,
20734270,Entire home/apt,1240.0,True,14,41,71,335,100,1,1,Madrid,2018-10-10,True
20737642,Entire home/apt,2150.0,True,11,41,71,93,,0,,Barcelona,2017-09-12,
20740813,Entire home/apt,950.0,True,28,58,88,362,90,8,27,Girona,2020-02-29,True
20742392,Entire home/apt,530.0,True,25,42,71,219,73,3,33,Girona,2019-04-29,False
20742402,Entire home/apt,490.0,True,3,3,3,186,80,3,12,Girona,2019-10-30,True
20744189,Private room,750.0,True,0,0,0,0,,0,,Barcelona,2018-10-10,
20752100,Private room,350.0,True,8,31,61,61,100,3,122,Barcelona,2018-08-14,True
20753079,Entire home/apt,2750.0,True,26,45,75,319,95,12,94,Mallorca,2018-11-20,True
20753365,Private room,550.0,True,0,0,0,0,100,2,2,Barcelona,2018-07-10,True
20757555,Private room,800.0,True,0,0,0,38,60,1,12,Barcelona,2019-04-10,False
20758889,Private room,400.0,True,15,15,15,206,,0,,Barcelona,2017-12-09,
20759352,Entire home/apt,1500.0,True,0,0,0,0,,0,,Mallorca,2019-06-27,
20765896,Private room,510.0,True,17,35,62,337,80,1,3,Girona,2020-11-28,True
20766400,Private room,380.0,True,0,0,0,0,98,9,29,Madrid,2020-04-17,True
20767134,Private room,230.0,True,0,0,0,0,100,10,132,Sevilla,2018-04-21,True
20785551,Private room,600.0,True,28,58,88,88,95,16,51,Madrid,2020-05-14,True
20800393,Private room,400.0,True,7,13,13,48,97,7,101,Barcelona,2018-04-12,True
20806709,Entire home/apt,1120.0,True,21,48,78,353,90,6,107,Mallorca,2018-09-18,True
20807558,Entire home/apt,970.0,True,9,15,15,90,98,10,28,Mallorca,2019-04-24,True
20808391,Entire home/apt,420.0,True,15,39,55,79,82,10,51,Barcelona,2019-07-10,True
20809419,Entire home/apt,2650.0,True,24,54,84,359,,0,,Mallorca,2019-11-28,
20813778,Entire home/apt,820.0,True,18,48,78,168,96,144,348,Madrid,2021-02-09,True
20814468,Entire home/apt,490.0,True,1,2,2,194,98,212,952,Madrid,2019-07-10,True
20816607,Private room,270.0,True,0,0,0,0,100,2,19,Malaga,2018-07-31,True
20823320,Entire home/apt,650.0,True,0,4,4,181,100,6,26,Madrid,2019-11-09,True
20825253,Entire home/apt,630.0,True,5,19,49,324,73,3,23,Sevilla,2018-10-18,False
20828397,Entire home/apt,1500.0,True,0,0,0,0,,0,,Mallorca,2021-01-16,
20829122,Private room,250.0,True,30,60,90,365,,0,,Barcelona,2018-02-07,
20840246,Entire home/apt,450.0,True,23,53,83,263,93,36,225,Malaga,2019-01-30,True
20841271,Entire home/apt,4400.0,True,23,33,33,140,,0,,Mallorca,2019-04-24,
20842224,Entire home/apt,820.0,True,12,33,54,322,96,10,83,Mallorca,2018-10-17,True
20842241,Entire home/apt,830.0,True,25,55,85,355,91,22,244,Barcelona,2018-11-07,True
20842264,Entire home/apt,680.0,True,18,48,78,353,100,7,99,Mallorca,2018-12-18,True
20844419,Private room,450.0,True,0,0,0,0,,0,,Barcelona,2019-02-06,
20854917,Hotel room,700.0,True,25,39,59,255,80,1,4,Sevilla,2021-02-27,True
20855888,Entire home/apt,410.0,True,26,56,86,358,89,200,505,Barcelona,2020-12-16,True
20859969,Entire home/apt,900.0,True,9,39,69,344,,0,,Barcelona,2017-09-12,
20866375,Entire home/apt,400.0,True,30,45,75,237,92,57,206,Valencia,2020-05-31,True
20869176,Private room,280.0,True,20,45,75,75,100,6,148,Barcelona,2018-01-17,True
20870573,Entire home/apt,250.0,True,16,27,53,318,100,2,92,Barcelona,2017-11-13,True
20872644,Entire home/apt,800.0,True,0,0,0,15,100,4,52,Barcelona,2018-05-14,True
20879576,Private room,220.0,True,0,0,0,172,85,8,26,Barcelona,2020-04-16,True
20883090,Private room,900.0,True,0,0,0,0,100,1,4,Madrid,2019-11-09,True
20883253,Entire home/apt,2000.0,True,29,59,89,330,93,3,12,Girona,2020-05-28,True
20890478,Entire home/apt,1850.0,True,0,0,0,0,77,6,9,Mallorca,2020-12-19,False
20890793,Entire home/apt,1490.0,True,18,18,36,130,98,10,38,Mallorca,2020-06-25,True
20892008,Entire home/apt,1020.0,True,25,53,83,161,90,47,166,Madrid,2020-01-10,True
20893685,Entire home/apt,1800.0,True,25,50,80,355,40,1,34,Barcelona,2018-01-17,False
20893982,Entire home/apt,690.0,True,5,13,26,104,91,22,327,Madrid,2018-04-12,True
20895896,Entire home/apt,2810.0,True,28,53,56,146,40,1,14,Girona,2019-03-30,False
20896734,Entire home/apt,1080.0,True,28,35,38,61,,0,,Mallorca,2019-04-24,
20898202,Entire home/apt,1100.0,True,0,15,24,116,93,3,23,Mallorca,2019-07-25,True
20898307,Private room,230.0,True,29,59,89,89,93,17,15,Barcelona,2018-09-11,True
20907153,Entire home/apt,420.0,True,9,15,32,302,98,10,157,Madrid,2018-04-12,True
20908979,Entire home/apt,1430.0,True,27,57,87,294,96,80,24,Sevilla,2020-10-29,True
20909041,Entire home/apt,690.0,True,14,44,46,211,80,5,26,Malaga,2019-05-01,True
20909910,Private room,390.0,True,0,0,0,0,100,6,14,Mallorca,2021-02-11,True
20922107,Entire home/apt,1360.0,True,8,13,23,65,100,4,23,Mallorca,2020-03-22,True
20922118,Entire home/apt,1790.0,True,0,0,0,90,84,5,8,Mallorca,2019-12-31,True
20922152,Entire home/apt,1240.0,True,14,18,18,181,95,4,22,Mallorca,2019-09-28,True
20922178,Entire home/apt,1920.0,True,0,0,0,78,100,3,7,Mallorca,2019-01-28,True
20922197,Entire home/apt,1330.0,True,30,33,33,182,90,4,17,Mallorca,2020-05-28,True
20925856,Entire home/apt,930.0,True,24,48,78,264,,0,,Mallorca,2019-12-31,
20925924,Entire home/apt,1090.0,True,0,1,2,72,,0,,Mallorca,2019-07-25,
20925926,Entire home/apt,650.0,True,5,11,11,115,100,1,35,Mallorca,2018-09-18,True
20928967,Entire home/apt,2980.0,True,13,24,36,144,80,2,8,Mallorca,2020-04-23,True
20929008,Private room,450.0,True,0,0,0,0,100,6,79,Barcelona,2018-05-14,True
20931353,Entire home/apt,380.0,True,5,6,6,6,91,81,439,Valencia,2019-03-31,True
20940200,Private room,550.0,True,29,43,43,43,89,38,113,Madrid,2020-07-17,True
20941217,Entire home/apt,1300.0,True,23,53,83,358,,0,,Girona,2021-02-27,
20945095,Private room,300.0,True,0,0,22,297,81,16,99,Barcelona,2019-01-14,True
20947291,Entire home/apt,1950.0,True,9,9,9,180,60,3,68,Girona,2018-04-21,False
20950570,Shared room,80.0,True,17,47,77,352,89,22,119,Barcelona,2019-04-10,True
20950596,Shared room,80.0,True,29,59,89,364,80,3,32,Barcelona,2018-07-10,True
20955090,Entire home/apt,900.0,True,30,60,68,271,73,3,8,Madrid,2020-10-17,False
20966232,Entire home/apt,1000.0,True,21,51,81,173,99,29,107,Girona,2019-12-31,True
20966731,Entire home/apt,590.0,True,22,52,82,172,97,163,479,Barcelona,2020-09-12,True
20969508,Entire home/apt,450.0,True,4,21,51,229,98,163,692,Sevilla,2019-08-31,True
20976307,Private room,290.0,True,0,0,0,0,87,3,51,Barcelona,2018-04-12,True
20978289,Private room,280.0,True,22,33,63,63,,1,56,Barcelona,2017-11-13,
20986727,Entire home/apt,2680.0,True,30,53,68,307,100,2,32,Menorca,2019-05-01,True
20987292,Private room,490.0,True,0,0,0,0,,0,,Barcelona,2019-05-14,
20991338,Entire home/apt,900.0,True,14,36,62,152,93,3,78,Madrid,2018-01-17,True
21005331,Private room,800.0,True,0,0,0,230,,0,,Barcelona,2018-08-14,
21011506,Entire home/apt,2990.0,True,19,27,43,263,94,58,19,Malaga,2020-03-26,True
21017307,Entire home/apt,2140.0,True,0,23,45,51,,0,,Mallorca,2018-07-29,
21020651,Private room,220.0,True,0,0,0,0,100,2,6,Madrid,2020-07-17,True
21026493,Entire home/apt,1500.0,True,13,26,50,131,94,19,79,Sevilla,2019-09-30,True
21034102,Entire home/apt,1720.0,True,21,39,65,318,93,75,239,Sevilla,2020-04-30,True
21034122,Entire home/apt,1000.0,True,28,58,88,107,,0,,Barcelona,2018-08-14,
21038029,Entire home/apt,450.0,True,0,29,59,334,93,3,1,Girona,2021-02-27,True
21039345,Entire home/apt,550.0,True,4,21,51,211,91,67,33,Malaga,2019-02-24,True
21039348,Entire home/apt,450.0,True,6,23,46,235,90,63,267,Malaga,2019-02-24,True
21041254,Entire home/apt,2100.0,True,23,53,83,110,100,7,36,Menorca,2020-01-31,True
21047582,Entire home/apt,3600.0,True,23,38,47,72,100,1,1,Mallorca,2020-05-28,True
21049329,Private room,270.0,True,0,0,0,0,80,5,14,Barcelona,2020-08-24,True
21055878,Private room,490.0,True,0,0,8,8,100,1,4,Barcelona,2019-10-16,True
21057624,Entire home/apt,570.0,True,23,46,63,114,100,1,7,Girona,2019-04-29,True
21061194,Private room,500.0,True,0,0,0,0,100,1,4,Madrid,2019-09-19,True
21066135,Entire home/apt,1200.0,True,29,59,89,179,70,2,7,Madrid,2020-05-14,False
21085815,Entire home/apt,530.0,True,10,36,66,341,90,36,292,Madrid,2018-10-10,True
21093453,Private room,270.0,True,7,37,67,342,78,11,98,Madrid,2018-09-11,False
21101813,Entire home/apt,1950.0,True,30,60,90,345,,0,,Mallorca,2020-03-22,
21105586,Entire home/apt,2150.0,True,26,55,85,327,100,1,6,Girona,2019-11-30,True
21106357,Entire home/apt,600.0,True,1,3,9,257,95,38,205,Madrid,2019-04-11,True
21116632,Entire home/apt,450.0,True,20,38,52,146,99,119,402,Valencia,2020-04-28,True
21116753,Private room,750.0,True,0,0,0,0,80,3,14,Madrid,2019-07-10,True
21116827,Entire home/apt,4000.0,True,30,60,90,365,96,50,152,Sevilla,2020-06-29,True
21131723,Entire home/apt,530.0,True,30,60,90,365,,0,,Girona,2018-09-28,
21136088,Entire home/apt,480.0,True,3,33,63,214,,0,,Girona,2020-02-29,
21136809,Entire home/apt,600.0,True,17,39,68,228,,0,,Barcelona,2017-11-13,
21147415,Private room,400.0,True,30,60,90,279,,0,,Mallorca,2019-12-31,
21155756,Entire home/apt,1660.0,True,10,10,10,213,100,1,6,Mallorca,2019-04-24,True
21160115,Entire home/apt,1250.0,True,8,10,35,85,97,6,273,Barcelona,2018-05-14,True
21166264,Private room,200.0,True,22,52,82,82,97,20,241,Madrid,2018-07-10,True
21170845,Entire home/apt,1030.0,True,30,60,83,131,97,92,237,Mallorca,2020-12-19,True
21171886,Shared room,120.0,True,12,42,72,77,90,135,57,Madrid,2019-09-19,True
21173417,Private room,300.0,True,30,60,90,365,,0,,Barcelona,2017-11-13,
21180608,Entire home/apt,700.0,True,11,31,61,152,94,17,258,Madrid,2018-09-11,True
21182584,Entire home/apt,600.0,True,29,59,89,90,94,93,241,Valencia,2020-12-21,True
21184348,Entire home/apt,770.0,True,12,36,56,73,96,73,295,Madrid,2019-10-16,True
21186229,Entire home/apt,2100.0,True,28,51,53,80,,0,,Mallorca,2019-08-31,
21188507,Entire home/apt,2950.0,True,14,44,74,265,98,8,51,Mallorca,2019-09-28,True
21196738,Entire home/apt,650.0,True,27,33,52,327,94,34,141,Malaga,2019-12-31,True
21202564,Entire home/apt,450.0,True,3,14,44,313,96,86,737,Sevilla,2018-09-22,True
21213060,Entire home/apt,1960.0,True,28,42,64,137,95,109,369,Madrid,2020-03-17,True
21217324,Entire home/apt,690.0,True,8,27,57,147,93,10,48,Sevilla,2019-06-29,True
21222238,Entire home/apt,1560.0,True,30,60,90,199,90,8,44,Menorca,2019-12-31,True
21224386,Entire home/apt,990.0,True,3,31,51,134,100,3,15,Barcelona,2017-12-09,True
21224461,Entire home/apt,750.0,True,0,0,0,0,82,10,71,Madrid,2018-12-10,True
21230945,Private room,190.0,True,5,5,5,5,94,25,143,Madrid,2019-04-11,True
21235199,Private room,500.0,True,10,24,51,51,97,7,70,Barcelona,2017-11-13,True
21237677,Entire home/apt,500.0,True,14,36,61,319,95,66,725,Madrid,2018-07-10,True
21242305,Entire home/apt,550.0,True,30,53,56,168,90,4,37,Mallorca,2019-02-17,True
21245032,Private room,410.0,True,21,51,81,81,95,8,296,Madrid,2018-01-17,True
21264151,Entire home/apt,450.0,True,8,26,53,143,91,16,129,Malaga,2018-10-25,True
21270004,Entire home/apt,900.0,True,22,51,81,109,90,10,51,Sevilla,2019-06-29,True
21271313,Entire home/apt,1250.0,True,0,0,0,60,60,2,7,Mallorca,2019-12-31,False
21275008,Entire home/apt,480.0,True,29,59,89,364,,0,,Barcelona,2017-12-09,
21276202,Entire home/apt,890.0,True,2,7,7,156,96,16,104,Mallorca,2019-07-25,True
21278685,Private room,250.0,True,0,19,49,324,,0,,Barcelona,2017-11-13,
21279225,Private room,250.0,True,0,0,0,254,94,17,114,Barcelona,2019-03-08,True
21285104,Entire home/apt,1400.0,True,22,45,63,207,99,14,179,Girona,2018-11-26,True
21286614,Entire home/apt,620.0,True,19,42,65,179,,0,,Mallorca,2019-10-28,
21289788,Private room,730.0,True,5,24,43,43,97,42,527,Barcelona,2018-06-09,True
21290246,Entire home/apt,1700.0,True,25,46,76,351,,0,,Barcelona,2017-11-13,
21290904,Entire home/apt,920.0,True,4,16,36,126,97,107,605,Sevilla,2019-04-27,True
21291212,Entire home/apt,900.0,True,14,38,68,158,95,4,203,Madrid,2018-01-17,True
21292519,Entire home/apt,850.0,True,26,50,64,299,94,33,113,Malaga,2020-03-26,True
21296007,Entire home/apt,750.0,True,8,11,14,243,84,9,365,Barcelona,2018-02-07,True
21303822,Entire home/apt,800.0,True,5,19,48,178,98,48,186,Barcelona,2020-02-16,True
21305453,Entire home/apt,900.0,True,0,0,0,0,94,18,151,Madrid,2018-10-10,True
21307507,Entire home/apt,790.0,True,3,3,3,3,100,1,9,Madrid,2018-10-10,True
21308967,Private room,550.0,True,0,0,0,0,94,25,282,Barcelona,2018-07-10,True
21310171,Entire home/apt,390.0,True,29,59,72,232,80,5,23,Barcelona,2020-01-10,True
21316448,Private room,250.0,True,10,10,10,10,99,32,103,Barcelona,2020-07-17,True
21318318,Private room,280.0,True,30,32,59,59,97,257,693,Malaga,2020-10-30,True
21324655,Private room,260.0,True,29,59,89,165,80,6,94,Barcelona,2018-07-10,True
21331048,Entire home/apt,840.0,True,17,17,17,17,100,2,26,Madrid,2020-09-13,True
21333197,Entire home/apt,1160.0,True,30,60,90,204,93,3,9,Mallorca,2021-02-11,True
21360142,Entire home/apt,1250.0,True,0,0,0,89,100,6,85,Mallorca,2018-12-18,True
21360339,Private room,190.0,True,0,0,0,190,,1,,Barcelona,2018-07-10,
21361186,Private room,170.0,True,0,0,0,0,87,9,6,Barcelona,2019-01-14,True
21362670,Private room,400.0,True,0,25,55,55,100,2,109,Barcelona,2017-12-09,True
21364095,Entire home/apt,3800.0,True,21,36,45,305,,0,,Mallorca,2020-05-28,
21367551,Entire home/apt,1320.0,True,7,37,67,334,98,18,97,Mallorca,2019-09-28,True
21372594,Shared room,220.0,True,0,0,0,0,95,43,15,Valencia,2020-02-29,True
21377448,Private room,200.0,True,0,0,0,108,83,7,239,Madrid,2018-01-17,True
21378611,Entire home/apt,1300.0,True,29,45,69,325,88,106,314,Barcelona,2020-09-12,True
21384524,Private room,240.0,True,0,0,0,0,83,30,514,Madrid,2018-04-12,True
21389251,Entire home/apt,900.0,True,0,0,0,140,100,7,23,Barcelona,2020-05-11,True
21389619,Entire home/apt,800.0,True,19,45,75,182,87,25,99,Sevilla,2019-11-29,True
21401356,Entire home/apt,3680.0,True,13,26,48,219,97,13,66,Madrid,2019-06-07,True
21402384,Entire home/apt,650.0,True,10,18,48,135,98,9,188,Madrid,2018-04-12,True
21408141,Entire home/apt,1000.0,True,8,8,17,202,93,42,363,Madrid,2018-11-07,True
21408803,Entire home/apt,800.0,True,0,0,29,304,100,10,44,Barcelona,2020-01-10,True
21411086,Entire home/apt,2450.0,True,2,6,23,230,,0,,Barcelona,2018-06-09,
21416131,Entire home/apt,600.0,True,0,0,0,206,100,1,16,Malaga,2019-01-30,True
21417708,Private room,600.0,True,0,0,0,0,92,5,32,Madrid,2019-03-08,True
21418557,Entire home/apt,1150.0,True,30,60,90,365,20,1,22,Madrid,2018-05-14,False
21418722,Entire home/apt,1490.0,True,0,0,0,0,,0,,Madrid,2019-07-10,
21421851,Private room,500.0,True,29,59,89,89,90,2,81,Barcelona,2018-01-17,True
21421927,Private room,350.0,True,0,0,0,0,,0,,Barcelona,2018-05-14,
21423373,Entire home/apt,710.0,True,0,0,0,59,80,7,41,Malaga,2019-11-30,True
21424975,Private room,700.0,True,29,59,89,364,,0,,Barcelona,2018-07-10,
21426603,Private room,260.0,True,0,0,0,0,97,119,321,Madrid,2020-11-06,True
21434265,Entire home/apt,1900.0,True,29,48,51,105,,0,,Girona,2018-04-21,
21435266,Entire home/apt,2740.0,True,0,0,0,154,100,2,24,Mallorca,2018-12-18,True
21435274,Entire home/apt,1370.0,True,30,58,71,318,,0,,Mallorca,2018-04-18,
21438835,Private room,450.0,True,3,7,7,68,94,67,439,Barcelona,2019-06-07,True
21444447,Entire home/apt,800.0,True,0,6,36,36,98,10,375,Madrid,2018-01-17,True
21446635,Entire home/apt,1190.0,True,28,58,88,363,97,23,99,Mallorca,2019-11-28,True
21454477,Entire home/apt,1080.0,True,22,52,82,107,92,5,43,Menorca,2018-10-25,True
21455792,Entire home/apt,900.0,True,0,0,0,42,83,8,28,Madrid,2020-02-18,True
21456587,Entire home/apt,740.0,True,1,31,61,151,96,5,5,Madrid,2019-01-14,True
21460032,Entire home/apt,1220.0,True,30,60,90,180,100,6,2,Menorca,2020-12-30,True
21463214,Private room,600.0,True,28,58,88,363,100,1,19,Mallorca,2018-10-17,True
21464484,Entire home/apt,2770.0,True,6,20,40,138,93,95,482,Sevilla,2019-06-29,True
21464596,Entire home/apt,1760.0,True,2,2,2,118,,0,,Barcelona,2020-08-24,
21464612,Entire home/apt,400.0,True,0,14,44,319,86,10,35,Barcelona,2020-11-06,True
21471897,Private room,500.0,True,26,56,86,87,100,2,16,Barcelona,2019-04-10,True
21475610,Private room,300.0,True,0,0,0,0,,0,,Barcelona,2021-02-09,
21480031,Entire home/apt,550.0,True,0,9,33,113,87,84,775,Sevilla,2018-09-22,True
21480621,Entire home/apt,780.0,True,0,0,0,0,100,2,53,Madrid,2018-04-12,True
21480766,Private room,410.0,True,0,0,0,270,80,2,12,Madrid,2019-09-19,True
21495664,Private room,400.0,True,0,0,0,0,91,9,23,Barcelona,2021-02-09,True
21498383,Entire home/apt,350.0,True,4,16,41,132,97,6,60,Malaga,2017-11-25,True
21500478,Entire home/apt,1270.0,True,26,56,84,264,60,1,14,Girona,2019-03-30,False
21500479,Entire home/apt,1160.0,True,29,59,89,315,,0,,Girona,2019-02-19,
21500623,Entire home/apt,860.0,True,0,29,59,334,94,13,41,Mallorca,2021-01-16,True
21507647,Shared room,150.0,True,1,1,1,1,85,13,39,Madrid,2020-07-17,True
21508343,Entire home/apt,1500.0,True,22,39,39,147,89,9,32,Girona,2020-04-30,True
21509589,Entire home/apt,1420.0,True,15,25,34,269,,0,,Mallorca,2018-04-18,
21511828,Private room,500.0,True,17,47,77,167,80,1,10,Barcelona,2018-01-17,True
21513219,Entire home/apt,1160.0,True,30,50,71,167,,0,,Girona,2019-04-29,
21513959,Entire home/apt,730.0,True,7,12,34,307,94,45,284,Madrid,2019-03-08,True
21514588,Entire home/apt,500.0,True,0,0,0,0,98,34,215,Madrid,2019-03-08,True
21520732,Entire home/apt,2770.0,True,28,50,77,262,100,2,9,Sevilla,2020-03-23,True
21521482,Entire home/apt,490.0,True,9,30,57,272,97,114,341,Barcelona,2020-08-24,True
21524302,Entire home/apt,3420.0,True,0,28,58,188,,0,,Mallorca,2019-01-28,
21524451,Entire home/apt,2090.0,True,7,10,11,227,100,7,27,Mallorca,2020-05-28,True
21525705,Entire home/apt,300.0,True,4,21,50,122,90,56,556,Malaga,2018-08-29,True
21525881,Entire home/apt,1280.0,True,0,0,0,200,80,2,6,Mallorca,2020-11-08,True
21534309,Private room,350.0,True,0,0,0,0,95,9,39,Barcelona,2019-09-17,True
21541899,Entire home/apt,1500.0,True,3,33,63,338,100,3,16,Girona,2019-07-29,True
21545002,Private room,350.0,True,3,3,3,253,,0,,Barcelona,2017-11-13,
21546433,Entire home/apt,450.0,True,30,60,90,301,100,2,14,Mallorca,2020-05-28,True
21547332,Entire home/apt,1600.0,True,30,60,90,300,,0,,Mallorca,2018-11-20,
21556933,Entire home/apt,600.0,True,2,9,12,132,100,58,226,Malaga,2020-02-29,True
21558458,Entire home/apt,750.0,True,27,43,58,318,85,33,128,Mallorca,2020-04-23,True
21559415,Entire home/apt,1170.0,True,5,13,16,171,90,4,25,Mallorca,2019-08-31,True
21559419,Entire home/apt,2130.0,True,23,53,83,296,93,3,12,Mallorca,2020-10-21,True
21559420,Entire home/apt,1580.0,True,0,0,7,58,83,7,21,Mallorca,2021-01-16,True
21560717,Private room,270.0,True,1,15,29,304,96,140,653,Malaga,2019-09-01,True
21562113,Private room,600.0,True,24,54,84,324,97,31,138,Mallorca,2019-12-31,True
21571348,Entire home/apt,560.0,True,0,0,0,0,100,1,2,Girona,2019-11-30,True
21575783,Entire home/apt,1380.0,True,0,0,0,139,80,3,18,Mallorca,2019-11-28,True
21577703,Entire home/apt,1480.0,True,30,33,38,155,,0,,Mallorca,2018-04-18,
21577762,Entire home/apt,550.0,True,0,0,0,242,92,98,245,Malaga,2021-02-27,True
21578957,Entire home/apt,1810.0,True,8,27,57,173,97,15,46,Mallorca,2020-08-28,True
21584192,Entire home/apt,1230.0,True,7,12,35,125,100,11,359,Madrid,2018-05-14,True
21589602,Private room,290.0,True,0,0,0,0,97,15,71,Barcelona,2019-12-10,True
21590316,Entire home/apt,850.0,True,24,24,35,310,98,25,286,Madrid,2018-08-14,True
21591333,Private room,250.0,True,24,54,84,84,92,15,62,Malaga,2019-10-31,True
21593162,Entire home/apt,370.0,True,0,0,0,14,97,122,352,Madrid,2020-09-13,True
21601117,Entire home/apt,1500.0,True,0,23,53,325,100,69,222,Barcelona,2020-08-24,True
21602158,Entire home/apt,1560.0,True,16,34,61,118,90,8,162,Malaga,2018-04-22,True
21607772,Private room,420.0,True,0,0,0,0,100,1,11,Madrid,2018-08-14,True
21615919,Entire home/apt,1050.0,True,0,0,0,0,94,133,525,Madrid,2019-12-10,True
21616423,Entire home/apt,1500.0,True,19,35,45,290,87,16,63,Menorca,2020-04-30,True
21616806,Entire home/apt,2310.0,True,19,19,37,200,,0,,Mallorca,2018-12-18,
21620572,Entire home/apt,370.0,True,16,46,76,142,60,1,11,Girona,2019-07-29,False
21620583,Entire home/apt,460.0,True,11,41,49,97,100,2,26,Girona,2019-04-29,True
21620967,Private room,450.0,True,0,0,0,0,,0,,Barcelona,2019-09-17,
21623343,Entire home/apt,750.0,True,0,0,0,0,98,94,304,Madrid,2020-07-17,True
21628731,Entire home/apt,750.0,True,7,16,20,290,80,1,15,Barcelona,2019-07-10,True
21629149,Entire home/apt,1040.0,True,30,60,90,365,100,3,16,Mallorca,2019-11-28,True
21642594,Entire home/apt,390.0,True,12,22,47,240,96,86,544,Valencia,2019-02-28,True
21648467,Entire home/apt,3500.0,True,4,8,28,303,64,9,54,Barcelona,2019-06-07,False
21652845,Entire home/apt,380.0,True,13,32,55,88,96,102,317,Malaga,2020-06-30,True
21656494,Private room,100.0,True,0,0,0,0,,1,3,Madrid,2021-01-12,
21661410,Entire home/apt,700.0,True,29,49,55,146,95,77,266,Valencia,2020-03-26,True
21662624,Private room,200.0,True,0,0,0,0,,0,,Barcelona,2018-07-10,
21664647,Private room,180.0,True,0,0,0,0,100,8,133,Barcelona,2018-06-09,True
21664984,Entire home/apt,550.0,True,6,32,60,60,93,80,635,Sevilla,2019-05-29,True
21689261,Entire home/apt,830.0,True,7,7,7,7,97,87,366,Madrid,2019-12-10,True
21690567,Entire home/apt,650.0,True,15,45,75,350,,0,,Barcelona,2018-01-17,
21693248,Entire home/apt,880.0,True,5,5,5,5,100,5,88,Madrid,2018-05-14,True
21696986,Entire home/apt,3190.0,True,30,60,90,365,,0,,Girona,2019-04-29,
21705498,Entire home/apt,690.0,True,11,15,28,92,95,4,4,Mallorca,2019-04-24,True
21705500,Entire home/apt,1660.0,True,30,60,82,205,87,3,16,Mallorca,2020-03-22,True
21707347,Entire home/apt,900.0,True,6,21,31,293,,0,,Barcelona,2019-04-10,
21710222,Entire home/apt,1200.0,True,0,0,0,0,93,74,298,Madrid,2019-12-10,True
21720289,Entire home/apt,600.0,True,2,3,3,17,94,28,394,Girona,2018-07-31,True
21721053,Entire home/apt,2340.0,True,10,27,50,283,86,39,95,Barcelona,2019-01-14,True
21721103,Entire home/apt,3020.0,True,14,30,49,98,87,88,21,Barcelona,2020-01-10,True
21721199,Entire home/apt,1800.0,True,22,42,62,317,86,38,82,Barcelona,2020-04-16,True
21721286,Entire home/apt,3610.0,True,2,16,27,126,91,65,194,Barcelona,2019-05-14,True
21721290,Entire home/apt,510.0,True,0,0,0,0,90,2,1,Barcelona,2019-11-09,True
21721586,Entire home/apt,1560.0,True,12,42,72,277,92,36,113,Barcelona,2021-02-09,True
21721664,Entire home/apt,1670.0,True,23,53,83,275,85,57,212,Barcelona,2020-03-16,True
21721983,Entire home/apt,1700.0,True,4,16,40,204,90,66,123,Barcelona,2019-10-16,True
21721984,Entire home/apt,650.0,True,0,0,0,0,93,3,17,Barcelona,2018-12-10,True
21722004,Entire home/apt,3110.0,True,4,21,44,251,94,75,155,Barcelona,2019-08-12,True
21722008,Entire home/apt,1610.0,True,23,53,83,358,80,4,218,Barcelona,2018-12-10,True
21722158,Entire home/apt,1640.0,True,28,54,74,258,77,36,23,Barcelona,2020-03-16,False
21724960,Entire home/apt,1160.0,True,29,59,89,361,,0,,Barcelona,2020-10-12,
21725509,Entire home/apt,990.0,True,0,0,0,9,88,17,65,Malaga,2020-02-29,True
21738982,Entire home/apt,650.0,True,3,17,47,125,88,27,316,Barcelona,2018-09-11,True
21743799,Private room,250.0,True,28,58,88,363,,0,,Barcelona,2017-12-09,
21747106,Entire home/apt,1350.0,True,11,31,48,177,99,28,224,Barcelona,2018-12-10,True
21747138,Private room,300.0,True,2,2,2,2,99,35,322,Madrid,2018-10-10,True
21749180,Entire home/apt,800.0,True,15,45,60,240,85,12,269,Mallorca,2018-10-17,True
21756845,Entire home/apt,1250.0,True,0,0,23,203,98,90,301,Madrid,2020-10-17,True
21760361,Private room,260.0,True,6,24,51,51,98,90,36,Madrid,2019-12-10,True
21761186,Entire home/apt,650.0,True,14,14,14,233,92,5,28,Girona,2019-08-31,True
21766893,Private room,350.0,True,10,16,46,46,,0,,Barcelona,2017-12-09,
21767505,Private room,530.0,True,24,46,75,348,,0,,Barcelona,2018-01-17,
21774920,Entire home/apt,700.0,True,12,30,55,330,,0,,Madrid,2019-05-14,
21779292,Private room,450.0,True,0,0,0,0,93,3,12,Valencia,2020-09-28,True
21782724,Entire home/apt,1200.0,True,19,38,66,314,95,75,295,Madrid,2020-01-10,True
21802069,Shared room,130.0,True,30,60,90,365,100,1,47,Madrid,2020-09-13,True
21805707,Entire home/apt,1310.0,True,21,51,81,354,67,3,12,Girona,2020-01-31,False
21806017,Entire home/apt,2530.0,True,0,0,0,249,,0,,Mallorca,2021-01-16,
21821450,Entire home/apt,1160.0,True,30,60,90,365,93,6,18,Mallorca,2020-12-19,True
21821492,Entire home/apt,880.0,True,22,38,46,272,,0,,Mallorca,2018-04-18,
21825936,Entire home/apt,2660.0,True,0,0,0,26,,0,,Girona,2018-07-31,
21844137,Private room,350.0,True,14,44,74,349,,0,,Barcelona,2017-12-09,
21859072,Entire home/apt,1280.0,True,2,28,57,79,100,3,51,Madrid,2018-09-11,True
21859174,Entire home/apt,1470.0,True,3,18,41,95,100,2,12,Madrid,2019-11-09,True
21859247,Entire home/apt,1130.0,True,27,57,87,306,95,4,29,Madrid,2020-08-25,True
21859435,Private room,300.0,True,0,0,7,23,100,3,63,Barcelona,2018-07-10,True
21861934,Entire home/apt,710.0,True,30,60,90,365,80,1,25,Girona,2018-12-22,True
21862484,Private room,450.0,True,4,12,42,279,93,24,323,Barcelona,2018-08-14,True
21874308,Entire home/apt,740.0,True,17,29,29,269,,0,,Mallorca,2020-08-28,
21874649,Entire home/apt,480.0,True,0,24,47,122,90,2,1,Girona,2020-03-26,True
21874792,Entire home/apt,1800.0,True,16,46,76,343,,0,,Madrid,2018-04-12,
21875158,Entire home/apt,5000.0,True,11,21,41,316,96,88,525,Madrid,2019-04-11,True
21877211,Private room,310.0,True,30,60,90,365,99,22,59,Madrid,2020-12-17,True
21877634,Private room,260.0,True,29,59,89,179,,0,,Madrid,2018-07-10,
21877838,Hotel room,840.0,True,0,0,0,0,95,13,6,Madrid,2019-09-19,True
21878248,Entire home/apt,480.0,True,7,13,30,90,90,2,20,Barcelona,2018-01-17,True
21888979,Entire home/apt,2500.0,True,26,56,84,153,82,29,94,Barcelona,2020-07-17,True
21889721,Entire home/apt,2070.0,True,0,0,0,7,100,1,3,Madrid,2021-01-12,True
21891523,Entire home/apt,2000.0,True,2,25,50,323,93,30,441,Barcelona,2018-09-11,True
21896909,Hotel room,610.0,True,1,1,1,1,85,17,46,Sevilla,2020-12-31,True
21903161,Entire home/apt,1190.0,True,14,21,21,21,100,1,10,Madrid,2018-01-17,True
21905007,Entire home/apt,1160.0,True,30,60,90,365,90,2,13,Mallorca,2020-12-19,True
21907198,Entire home/apt,700.0,True,0,0,0,55,80,1,5,Barcelona,2020-08-24,True
21907501,Entire home/apt,460.0,True,17,47,77,245,100,1,9,Barcelona,2019-09-17,True
21907557,Entire home/apt,1260.0,True,9,24,46,126,90,77,175,Barcelona,2018-07-10,True
21907595,Entire home/apt,1190.0,True,0,0,0,0,90,40,92,Barcelona,2020-12-16,True
21908292,Entire home/apt,750.0,True,27,57,79,169,86,88,351,Sevilla,2019-12-31,True
21909420,Entire home/apt,1900.0,True,8,22,48,269,80,1,4,Barcelona,2018-05-14,True
21909912,Entire home/apt,1510.0,True,27,51,76,302,,0,,Mallorca,2019-10-28,
21909934,Entire home/apt,1190.0,True,6,13,20,97,,0,,Mallorca,2019-06-27,
21910160,Entire home/apt,740.0,True,0,14,44,286,80,3,16,Mallorca,2019-12-31,True
21910560,Entire home/apt,2570.0,True,27,32,32,272,,0,,Mallorca,2020-08-28,
21910820,Entire home/apt,600.0,True,18,26,33,68,,0,,Mallorca,2018-04-18,
21910927,Entire home/apt,250.0,True,13,25,39,145,,0,,Girona,2018-04-21,
21911297,Entire home/apt,2850.0,True,13,36,59,301,,0,,Mallorca,2019-09-28,
21911523,Entire home/apt,1020.0,True,0,3,19,283,,0,,Mallorca,2019-07-25,
21912770,Private room,280.0,True,0,0,0,0,,1,3,Barcelona,2020-11-06,
21913751,Private room,190.0,True,0,0,0,23,98,38,43,Madrid,2018-09-11,True
21916433,Entire home/apt,1200.0,True,21,38,58,287,100,85,314,Mallorca,2020-03-22,True
21923123,Entire home/apt,5000.0,True,20,40,70,343,,0,,Sevilla,2018-11-22,
21923527,Entire home/apt,640.0,True,0,0,0,0,100,1,3,Madrid,2021-01-12,True
21925631,Hotel room,720.0,True,18,48,78,112,93,4,21,Malaga,2019-09-30,True
21925668,Entire home/apt,1250.0,True,3,9,15,96,100,76,514,Sevilla,2019-02-18,True
21932111,Entire home/apt,580.0,True,5,14,42,42,,0,,Girona,2018-07-31,
21932200,Entire home/apt,320.0,True,5,5,12,12,90,10,107,Madrid,2018-09-11,True
21934369,Entire home/apt,430.0,True,14,24,47,243,79,26,132,Valencia,2019-11-30,False
21943792,Entire home/apt,1100.0,True,8,20,22,250,90,2,20,Mallorca,2018-04-18,True
21944253,Entire home/apt,420.0,True,23,53,78,353,71,9,173,Malaga,2018-05-27,False
21944475,Entire home/apt,850.0,True,0,0,0,0,40,1,9,Madrid,2018-12-10,False
21945665,Entire home/apt,3500.0,True,28,58,88,178,,0,,Madrid,2019-02-06,
21946944,Private room,200.0,True,6,17,17,17,98,29,659,Madrid,2018-04-12,True
21952755,Private room,370.0,True,29,59,89,357,99,40,139,Barcelona,2020-05-11,True
21953409,Private room,320.0,True,10,34,41,126,95,15,226,Madrid,2018-07-10,True
21954705,Private room,150.0,True,12,15,15,17,100,4,308,Barcelona,2018-01-17,True
21955288,Entire home/apt,1590.0,True,29,49,49,49,100,9,27,Madrid,2021-02-09,True
21956452,Entire home/apt,990.0,True,5,16,43,43,,0,,Barcelona,2017-12-09,
21959316,Entire home/apt,1020.0,True,11,26,53,128,97,24,141,Barcelona,2019-06-07,True
21970570,Entire home/apt,950.0,True,29,59,89,254,88,20,7,Madrid,2020-04-17,True
21971229,Entire home/apt,1210.0,True,27,55,77,339,90,35,121,Barcelona,2020-05-11,True
21972518,Entire home/apt,900.0,True,21,48,77,342,100,6,114,Madrid,2018-05-14,True
21976600,Entire home/apt,950.0,True,24,27,55,124,97,78,321,Sevilla,2019-12-31,True
21976850,Entire home/apt,500.0,True,5,13,35,300,100,1,91,Barcelona,2018-01-17,True
21980686,Private room,460.0,True,29,59,89,89,88,5,88,Barcelona,2018-08-14,True
21981566,Entire home/apt,450.0,True,0,1,1,190,93,3,214,Madrid,2018-07-10,True
21986776,Entire home/apt,1000.0,True,0,0,0,0,,0,,Girona,2019-02-19,
21987478,Entire home/apt,510.0,True,11,30,59,305,87,19,112,Malaga,2019-05-01,True
21988045,Entire home/apt,1900.0,True,30,52,63,295,,0,,Mallorca,2018-04-18,
21988327,Private room,600.0,True,30,60,90,365,,0,,Barcelona,2018-01-17,
21991740,Entire home/apt,2500.0,True,29,59,89,357,100,2,7,Mallorca,2020-12-19,True
22013885,Entire home/apt,1000.0,True,15,43,66,156,97,14,313,Malaga,2018-04-22,True
22022914,Entire home/apt,1650.0,True,30,60,90,180,96,6,22,Madrid,2020-09-13,True
22023200,Entire home/apt,5000.0,True,7,29,59,334,75,8,44,Barcelona,2019-08-12,False
22023896,Entire home/apt,440.0,True,0,5,35,310,,0,,Barcelona,2018-11-07,
22024396,Entire home/apt,750.0,True,0,0,0,138,,0,,Barcelona,2018-04-12,
22026057,Entire home/apt,1790.0,True,1,1,1,132,100,1,47,Mallorca,2018-10-17,True
22026060,Entire home/apt,2230.0,True,0,8,37,127,,0,,Mallorca,2019-02-17,
22028868,Entire home/apt,1060.0,True,26,40,47,175,,0,,Girona,2020-04-30,
22030284,Private room,180.0,True,0,0,0,0,,1,3,Madrid,2020-11-06,
22030643,Private room,200.0,True,29,59,62,211,95,30,262,Girona,2019-03-30,True
22033482,Entire home/apt,1200.0,True,11,20,34,67,99,157,649,Sevilla,2019-11-29,True
22042300,Private room,130.0,True,15,34,34,34,100,2,20,Madrid,2018-05-14,True
22048206,Entire home/apt,690.0,True,15,45,45,45,91,50,22,Madrid,2019-11-09,True
22060178,Entire home/apt,650.0,True,4,15,32,212,90,27,373,Madrid,2018-08-14,True
22070432,Entire home/apt,3360.0,True,8,27,47,239,90,16,67,Madrid,2020-01-10,True
22071847,Entire home/apt,850.0,True,29,45,67,298,93,6,8,Madrid,2018-08-14,True
22075521,Private room,750.0,True,0,0,0,0,,0,,Madrid,2021-01-12,
22077629,Entire home/apt,600.0,True,29,59,89,361,,0,,Madrid,2019-01-14,
22080641,Entire home/apt,1370.0,True,0,0,2,112,80,1,1,Mallorca,2019-06-27,True
22084886,Entire home/apt,2270.0,True,30,60,90,365,100,1,2,Mallorca,2021-01-16,True
22084898,Entire home/apt,3040.0,True,0,12,14,58,,0,,Mallorca,2019-02-17,
22086690,Entire home/apt,800.0,True,13,36,52,215,97,40,248,Malaga,2019-07-30,True
22092887,Entire home/apt,3000.0,True,0,17,47,245,100,1,3,Mallorca,2021-01-16,True
22096885,Entire home/apt,1610.0,True,0,7,14,136,,0,,Mallorca,2018-08-21,
22098008,Entire home/apt,1250.0,True,29,59,89,317,,0,,Mallorca,2019-02-17,
22098012,Entire home/apt,2270.0,True,21,51,81,235,80,3,24,Mallorca,2019-08-31,True
22098365,Entire home/apt,500.0,True,9,20,25,163,89,9,76,Menorca,2019-05-30,True
22100058,Entire home/apt,1000.0,True,28,58,88,334,100,1,24,Menorca,2020-01-31,True
22105467,Entire home/apt,500.0,True,7,25,52,62,99,69,551,Malaga,2018-12-22,True
22120130,Private room,1000.0,True,0,0,0,0,100,1,14,Mallorca,2018-07-29,True
22120243,Entire home/apt,800.0,True,6,36,66,341,83,12,53,Barcelona,2019-12-10,True
22129737,Entire home/apt,2580.0,True,8,19,35,71,,0,,Mallorca,2018-08-21,
22136657,Entire home/apt,680.0,True,9,24,43,236,98,11,153,Madrid,2018-09-11,True
22141782,Entire home/apt,710.0,True,2,4,11,254,97,6,36,Barcelona,2019-07-10,True
22142245,Shared room,140.0,True,1,1,1,1,95,13,148,Malaga,2018-08-29,True
22142518,Entire home/apt,1500.0,True,17,38,61,143,96,52,315,Barcelona,2019-05-14,True
22144530,Entire home/apt,1860.0,True,0,0,0,0,,0,,Mallorca,2018-09-18,
22146196,Private room,180.0,True,0,0,0,0,85,4,1,Valencia,2021-02-20,True
22154114,Shared room,140.0,True,0,0,0,0,96,11,205,Malaga,2018-05-27,True
22154964,Entire home/apt,710.0,True,0,0,0,251,100,6,44,Barcelona,2019-04-10,True
22157520,Entire home/apt,600.0,True,26,47,57,298,98,136,446,Girona,2020-06-29,True
22158819,Entire home/apt,500.0,True,0,0,0,0,100,4,11,Madrid,2020-11-06,True
22161137,Entire home/apt,690.0,True,7,11,23,94,100,4,87,Madrid,2018-05-14,True
22168696,Private room,210.0,True,0,0,0,0,,0,,Barcelona,2018-04-12,
22172236,Entire home/apt,400.0,True,13,27,32,302,97,29,221,Girona,2019-05-29,True
22173521,Entire home/apt,240.0,True,11,41,71,105,90,62,388,Valencia,2019-05-01,True
22177196,Private room,220.0,True,11,37,67,342,90,12,158,Madrid,2018-08-14,True
22183318,Private room,100.0,True,0,0,22,245,,0,,Barcelona,2018-01-17,
22183750,Entire home/apt,650.0,True,29,59,83,354,76,5,18,Sevilla,2020-12-31,False
22184461,Private room,250.0,True,11,11,22,297,94,36,21,Madrid,2019-05-14,True
22185535,Private room,260.0,True,0,1,1,53,95,75,299,Barcelona,2020-02-16,True
22186227,Private room,270.0,True,0,3,33,308,97,28,132,Madrid,2019-09-19,True
22187984,Entire home/apt,750.0,True,0,0,0,14,97,21,66,Valencia,2021-02-20,True
22188551,Private room,400.0,True,0,0,0,0,,0,,Barcelona,2018-02-07,
22196835,Entire home/apt,420.0,True,0,0,0,131,,1,32,Barcelona,2020-05-11,
22198312,Entire home/apt,610.0,True,20,43,61,327,83,6,42,Madrid,2019-09-19,True
22198896,Entire home/apt,800.0,True,0,3,6,6,93,29,115,Madrid,2020-02-18,True
22203198,Private room,260.0,True,0,0,0,0,97,19,58,Madrid,2020-09-13,True
22217299,Entire home/apt,770.0,True,14,44,69,308,80,3,164,Madrid,2019-03-08,True
22218313,Private room,200.0,True,24,53,83,357,96,107,436,Girona,2019-12-31,True
22218688,Private room,270.0,True,9,38,65,340,97,7,181,Barcelona,2018-04-12,True
22219092,Entire home/apt,490.0,True,8,38,68,343,,0,,Barcelona,2018-10-10,
22219166,Entire home/apt,730.0,True,30,60,90,365,88,8,23,Madrid,2020-11-06,True
22219755,Entire home/apt,2070.0,True,3,7,14,125,,0,,Mallorca,2018-07-29,
22222602,Entire home/apt,810.0,True,0,0,0,0,,0,,Girona,2018-11-26,
22222938,Entire home/apt,750.0,True,0,14,37,92,,0,,Girona,2019-02-19,
22224228,Entire home/apt,600.0,True,0,0,0,0,,0,,Madrid,2020-02-18,
22235983,Entire home/apt,1160.0,True,0,0,0,0,,0,,Mallorca,2018-08-21,
22236049,Entire home/apt,1420.0,True,30,60,90,365,75,4,55,Menorca,2019-01-30,False
22236248,Entire home/apt,860.0,True,30,60,90,365,,0,,Girona,2019-02-19,
22237872,Shared room,120.0,True,0,0,0,0,,0,,Sevilla,2018-11-22,
22238321,Entire home/apt,840.0,True,30,60,90,365,,0,,Madrid,2018-07-10,
22239271,Private room,250.0,True,22,45,69,249,89,40,278,Girona,2019-06-30,True
22245413,Entire home/apt,500.0,True,4,5,16,161,97,30,205,Madrid,2019-03-08,True
22256414,Entire home/apt,1610.0,True,21,51,81,298,100,4,13,Madrid,2020-10-17,True
22257331,Entire home/apt,3150.0,True,30,60,90,230,,0,,Barcelona,2018-01-17,
22270551,Entire home/apt,1580.0,True,0,11,14,153,,0,,Mallorca,2019-08-31,
22274891,Private room,150.0,True,6,30,60,331,100,3,30,Barcelona,2018-01-17,True
22275920,Private room,650.0,True,30,60,90,365,100,1,10,Madrid,2018-01-17,True
22276964,Entire home/apt,700.0,True,10,10,10,10,94,28,259,Mallorca,2018-11-20,True
22286424,Private room,650.0,True,20,50,80,80,93,9,93,Barcelona,2018-10-10,True
22291462,Private room,370.0,True,25,55,85,86,,0,,Barcelona,2018-02-07,
22297181,Entire home/apt,4500.0,True,23,53,83,343,100,7,52,Mallorca,2019-08-31,True
22306107,Entire home/apt,1050.0,True,0,0,0,0,97,34,211,Sevilla,2019-04-27,True
22312525,Entire home/apt,250.0,True,11,25,40,84,84,144,553,Madrid,2020-02-18,True
22313086,Entire home/apt,600.0,True,23,53,83,356,70,4,9,Malaga,2018-09-29,False
22314450,Entire home/apt,2040.0,True,24,43,50,134,,0,,Girona,2018-04-21,
22314452,Entire home/apt,2460.0,True,0,14,14,14,,0,,Girona,2018-07-31,
22317034,Entire home/apt,1100.0,True,1,18,28,236,,0,,Madrid,2018-04-12,
22331752,Entire home/apt,1490.0,True,18,48,76,199,76,17,99,Madrid,2019-06-07,False
22336078,Private room,230.0,True,0,0,0,0,,0,,Barcelona,2018-01-17,
22336334,Entire home/apt,1080.0,True,14,34,64,339,88,5,25,Madrid,2019-11-09,True
22337052,Private room,350.0,True,3,3,3,3,98,46,318,Madrid,2019-03-08,True
22342492,Entire home/apt,1790.0,True,26,55,85,261,98,49,158,Madrid,2020-08-25,True
22350554,Private room,240.0,True,6,36,66,133,100,61,161,Madrid,2021-02-09,True
22352817,Entire home/apt,600.0,True,27,29,29,29,93,15,82,Girona,2019-09-30,True
22353005,Entire home/apt,690.0,True,0,0,0,0,100,1,4,Barcelona,2020-07-17,True
22354625,Entire home/apt,790.0,True,3,5,22,290,96,38,496,Madrid,2018-08-14,True
22359078,Entire home/apt,450.0,True,9,32,62,215,95,59,355,Madrid,2019-05-14,True
22362623,Entire home/apt,1300.0,True,2,6,10,201,97,74,458,Sevilla,2019-04-27,True
22362844,Entire home/apt,700.0,True,22,52,82,198,94,27,476,Madrid,2018-07-10,True
22364188,Entire home/apt,620.0,True,0,0,0,137,93,3,47,Girona,2020-01-31,True
22365649,Entire home/apt,1250.0,True,14,17,31,244,92,29,207,Sevilla,2019-02-18,True
22366327,Entire home/apt,1120.0,True,0,17,38,60,95,8,52,Madrid,2019-04-11,True
22369637,Entire home/apt,830.0,True,30,60,90,320,84,9,41,Girona,2020-01-31,True
22370371,Entire home/apt,450.0,True,4,19,49,66,89,19,361,Barcelona,2018-07-10,True
22372290,Entire home/apt,740.0,True,0,0,0,224,100,1,24,Girona,2020-11-28,True
22375564,Private room,1300.0,True,23,53,83,173,,0,,Barcelona,2018-05-14,
22382055,Private room,400.0,True,30,55,85,334,93,18,165,Barcelona,2019-01-14,True
22382752,Private room,310.0,True,0,0,0,0,87,6,22,Barcelona,2020-05-11,True
22387097,Entire home/apt,730.0,True,21,51,81,297,100,2,1,Girona,2020-03-26,True
22387801,Private room,130.0,True,22,52,82,352,84,25,403,Barcelona,2018-07-10,True
22394671,Entire home/apt,3990.0,True,19,49,79,354,,0,,Mallorca,2019-08-31,
22396359,Private room,330.0,True,12,39,69,211,91,29,176,Barcelona,2019-05-14,True
22399875,Entire home/apt,1500.0,True,4,5,5,156,100,3,12,Menorca,2020-05-31,True
22401318,Entire home/apt,480.0,True,24,47,77,348,93,51,259,Madrid,2019-08-12,True
22407628,Entire home/apt,780.0,True,28,58,88,356,96,82,337,Valencia,2019-12-31,True
22408538,Private room,600.0,True,29,59,89,364,87,3,92,Barcelona,2018-09-11,True
22409298,Entire home/apt,1800.0,True,6,21,51,305,95,16,215,Madrid,2018-08-14,True
22409839,Private room,300.0,True,4,8,17,37,97,19,30,Barcelona,2018-07-10,True
22419289,Entire home/apt,380.0,True,18,40,66,301,98,10,91,Malaga,2019-02-24,True
22419551,Entire home/apt,800.0,True,9,9,38,205,96,10,86,Sevilla,2019-04-27,True
22430115,Entire home/apt,950.0,True,13,40,63,335,,0,,Madrid,2018-07-10,
22434744,Entire home/apt,460.0,True,0,0,0,0,99,29,93,Valencia,2020-09-28,True
22445564,Private room,950.0,True,9,9,9,9,,0,,Barcelona,2018-06-09,
22445819,Entire home/apt,750.0,True,4,6,19,52,100,1,10,Barcelona,2018-04-12,True
22452145,Entire home/apt,400.0,True,0,4,8,22,90,23,622,Malaga,2018-05-27,True
22453174,Entire home/apt,1200.0,True,12,42,72,159,100,2,20,Barcelona,2018-01-17,True
22453177,Entire home/apt,1350.0,True,9,36,49,132,99,16,123,Sevilla,2019-02-18,True
22454692,Entire home/apt,450.0,True,20,36,64,316,93,90,335,Madrid,2020-03-17,True
22457675,Entire home/apt,5000.0,True,3,23,43,312,85,11,185,Sevilla,2019-03-28,True
22460768,Entire home/apt,1420.0,True,13,29,49,117,,0,,Girona,2018-07-31,
22461895,Entire home/apt,2000.0,True,25,55,85,334,97,6,6,Barcelona,2018-11-07,True
22462075,Entire home/apt,800.0,True,16,16,16,16,80,2,72,Girona,2018-10-20,True
22477282,Entire home/apt,800.0,True,0,0,0,0,81,48,302,Barcelona,2019-05-14,True
22479174,Private room,400.0,True,26,56,86,171,100,104,327,Madrid,2020-08-25,True
22484107,Private room,300.0,True,0,0,30,299,,0,,Barcelona,2018-02-07,
22488394,Entire home/apt,2000.0,True,28,58,88,363,,0,,Sevilla,2020-06-29,
22489683,Entire home/apt,870.0,True,27,57,87,362,92,5,82,Malaga,2018-09-29,True
22490143,Entire home/apt,510.0,True,0,26,56,253,94,40,13,Girona,2020-11-28,True
22495558,Private room,300.0,True,18,45,75,75,82,14,105,Barcelona,2019-02-06,True
22512692,Entire home/apt,500.0,True,30,60,74,74,100,1,42,Malaga,2018-10-25,True
22519038,Entire home/apt,430.0,True,0,19,41,124,87,6,38,Girona,2019-08-31,True
22522166,Private room,150.0,True,30,53,64,64,95,148,563,Barcelona,2020-03-16,True
22522305,Entire home/apt,3000.0,True,0,0,0,179,100,1,41,Mallorca,2018-11-20,True
22527050,Entire home/apt,1200.0,True,14,28,30,191,98,11,92,Mallorca,2019-03-25,True
22531387,Private room,150.0,True,1,18,33,300,96,5,441,Barcelona,2018-02-07,True
22539956,Entire home/apt,1370.0,True,7,29,59,209,100,2,58,Mallorca,2019-08-31,True
22540705,Entire home/apt,450.0,True,7,23,23,23,84,11,64,Girona,2019-07-29,True
22542701,Entire home/apt,700.0,True,8,17,33,82,97,22,172,Madrid,2019-03-08,True
22543106,Entire home/apt,500.0,True,11,35,62,313,95,87,388,Sevilla,2019-11-29,True
22543442,Private room,200.0,True,19,49,79,354,94,34,474,Malaga,2018-08-29,True
22544098,Entire home/apt,800.0,True,27,57,87,362,98,19,99,Girona,2019-08-31,True
22546370,Entire home/apt,3040.0,True,20,31,45,166,,0,,Mallorca,2020-04-23,
22546373,Entire home/apt,1760.0,True,28,58,88,123,,0,,Mallorca,2019-10-28,
22546378,Entire home/apt,1750.0,True,20,50,75,201,,0,,Mallorca,2020-03-22,
22546401,Entire home/apt,1710.0,True,6,36,58,186,,0,,Mallorca,2019-07-25,
22546403,Entire home/apt,1180.0,True,4,18,48,88,,0,,Mallorca,2018-08-21,
22546452,Private room,450.0,True,0,0,0,0,100,7,174,Barcelona,2018-07-10,True
22549513,Private room,250.0,True,26,56,86,86,95,9,151,Barcelona,2018-08-14,True
22550210,Entire home/apt,590.0,True,8,30,47,198,100,2,28,Sevilla,2018-08-27,True
22558222,Entire home/apt,790.0,True,28,50,80,341,100,5,27,Girona,2020-02-29,True
22571420,Entire home/apt,550.0,True,1,1,3,32,99,25,103,Girona,2020-03-26,True
22579132,Entire home/apt,2850.0,True,4,34,49,316,99,37,219,Girona,2019-07-29,True
22579829,Entire home/apt,1100.0,True,22,47,54,134,85,14,63,Madrid,2019-11-09,True
22580159,Entire home/apt,740.0,True,29,39,53,168,,0,,Girona,2019-04-29,
22582126,Entire home/apt,3470.0,True,0,0,0,79,,0,,Girona,2019-08-31,
22592235,Entire home/apt,1250.0,True,14,25,49,317,96,39,304,Sevilla,2019-04-27,True
22606444,Entire home/apt,2700.0,True,0,19,19,19,,0,,Barcelona,2018-01-17,
22614127,Entire home/apt,1760.0,True,0,0,0,147,80,1,5,Girona,2019-11-30,True
22614178,Private room,180.0,True,0,0,0,0,100,2,53,Madrid,2018-07-10,True
22618618,Entire home/apt,2680.0,True,0,0,0,82,,0,,Mallorca,2019-12-31,
22618626,Entire home/apt,990.0,True,3,14,38,195,80,2,14,Mallorca,2019-06-27,True
22618632,Entire home/apt,820.0,True,10,34,44,304,,0,,Mallorca,2018-04-18,
22619253,Entire home/apt,550.0,True,0,28,58,174,,0,,Girona,2019-02-19,
22619274,Entire home/apt,2830.0,True,0,0,0,32,60,1,5,Girona,2019-12-31,False
22619295,Entire home/apt,1900.0,True,23,53,83,311,,0,,Girona,2019-11-30,
22619320,Entire home/apt,930.0,True,0,0,6,225,80,2,39,Girona,2018-12-22,True
22622715,Entire home/apt,660.0,True,16,46,76,225,100,9,101,Girona,2019-03-30,True
22622729,Private room,450.0,True,0,0,0,0,99,42,217,Girona,2019-10-30,True
22623626,Entire home/apt,1000.0,True,28,31,31,102,,0,,Barcelona,2018-08-14,
22624722,Private room,150.0,True,0,0,0,0,,0,,Madrid,2018-04-12,
22626206,Entire home/apt,950.0,True,8,34,34,34,91,17,204,Barcelona,2018-10-10,True
22626728,Entire home/apt,1150.0,True,28,58,88,339,98,10,31,Girona,2021-02-27,True
22627250,Entire home/apt,3000.0,True,10,32,46,311,97,24,22,Sevilla,2019-03-28,True
22629034,Private room,680.0,True,0,0,0,0,,0,,Barcelona,2019-03-08,
22633738,Private room,200.0,True,0,0,0,0,100,8,173,Valencia,2020-06-30,True
22633999,Entire home/apt,630.0,True,0,0,0,0,,0,,Girona,2020-03-26,
22634014,Entire home/apt,700.0,True,0,0,0,204,,0,,Girona,2018-10-20,
22634031,Entire home/apt,1940.0,True,0,0,0,70,,0,,Girona,2018-11-26,
22634035,Entire home/apt,2220.0,True,4,34,61,167,,0,,Girona,2020-04-30,
22634037,Entire home/apt,2280.0,True,4,34,64,339,,0,,Girona,2020-04-30,
22634932,Entire home/apt,1980.0,True,0,0,27,155,,0,,Girona,2020-01-31,
22634951,Entire home/apt,2090.0,True,0,0,0,84,,0,,Girona,2019-10-30,
22634974,Entire home/apt,2510.0,True,0,0,0,0,,0,,Girona,2020-03-26,
22644507,Entire home/apt,750.0,True,6,11,21,245,,0,,Mallorca,2019-04-24,
22648731,Entire home/apt,1290.0,True,22,52,82,166,,0,,Madrid,2018-07-10,
22648746,Entire home/apt,1720.0,True,11,39,69,141,,0,,Madrid,2018-09-11,
22649058,Entire home/apt,1440.0,True,13,30,58,319,94,10,45,Madrid,2018-11-07,True
22649162,Entire home/apt,1480.0,True,0,11,30,147,100,2,22,Madrid,2018-07-10,True
22649879,Entire home/apt,870.0,True,7,32,54,202,,0,,Mallorca,2018-04-18,
22657986,Entire home/apt,2840.0,True,20,44,70,250,96,16,36,Valencia,2019-09-30,True
22662207,Entire home/apt,700.0,True,22,52,82,173,88,49,454,Madrid,2018-12-10,True
22664991,Entire home/apt,1030.0,True,30,60,76,351,70,2,81,Girona,2018-10-20,False
22667915,Entire home/apt,500.0,True,18,48,78,78,99,14,159,Madrid,2018-10-10,True
22669126,Entire home/apt,650.0,True,30,43,43,203,100,2,16,Barcelona,2019-05-14,True
22670010,Entire home/apt,2670.0,True,0,0,0,202,,0,,Girona,2020-12-31,
22670013,Entire home/apt,860.0,True,0,0,28,144,60,1,5,Girona,2020-02-29,False
22670027,Entire home/apt,840.0,True,1,1,1,49,,0,,Girona,2018-12-22,
22670604,Entire home/apt,1000.0,True,7,15,28,290,90,16,139,Mallorca,2019-06-27,True
22679364,Entire home/apt,650.0,True,18,43,73,73,93,62,286,Madrid,2019-11-09,True
22680509,Entire home/apt,600.0,True,24,53,83,238,98,39,214,Valencia,2019-09-30,True
22680591,Private room,250.0,True,12,12,12,233,87,5,73,Madrid,2018-08-14,True
22682305,Entire home/apt,1100.0,True,24,54,84,352,92,25,92,Mallorca,2020-09-19,True
22683579,Private room,200.0,True,26,56,86,176,100,1,10,Madrid,2018-01-17,True
22684063,Private room,400.0,True,0,0,0,35,94,50,182,Madrid,2020-05-14,True
22695416,Entire home/apt,850.0,True,28,58,88,260,80,1,1,Girona,2020-03-26,True
22697049,Entire home/apt,1800.0,True,0,0,0,74,100,1,34,Madrid,2018-05-14,True
22698667,Entire home/apt,1300.0,True,23,45,66,318,,0,,Girona,2018-04-21,
22699276,Private room,220.0,True,0,0,0,0,,0,,Barcelona,2021-02-09,
22700207,Entire home/apt,4500.0,True,12,22,45,178,97,23,255,Madrid,2018-12-10,True
22700803,Entire home/apt,2150.0,True,0,13,36,44,,0,,Mallorca,2019-07-25,
22701798,Entire home/apt,1050.0,True,28,58,88,363,,0,,Sevilla,2018-07-31,
22710054,Entire home/apt,490.0,True,23,53,83,358,,0,,Girona,2019-10-30,
22712557,Private room,500.0,True,30,60,90,365,,0,,Madrid,2018-01-17,
22723845,Entire home/apt,400.0,True,5,6,7,7,95,9,85,Madrid,2018-12-10,True
22726805,Entire home/apt,800.0,True,10,40,70,70,96,9,14,Girona,2018-07-31,True
22729353,Entire home/apt,1260.0,True,29,57,87,291,93,16,5,Girona,2020-10-28,True
22737036,Entire home/apt,1450.0,True,0,0,0,0,98,9,154,Menorca,2018-11-27,True
22737815,Entire home/apt,900.0,True,29,59,89,197,97,61,206,Barcelona,2020-10-12,True
22738638,Entire home/apt,650.0,True,8,33,58,62,96,38,226,Madrid,2019-06-07,True
22739042,Entire home/apt,950.0,True,18,45,75,308,76,37,16,Barcelona,2020-01-10,False
22748653,Entire home/apt,450.0,True,10,40,70,225,91,9,208,Malaga,2018-08-29,True
22757562,Entire home/apt,750.0,True,0,0,0,0,,0,,Girona,2018-12-22,
22760147,Entire home/apt,400.0,True,10,40,67,154,97,58,47,Sevilla,2019-01-29,True
22761630,Entire home/apt,4270.0,True,27,50,51,183,,0,,Girona,2018-08-30,
22762980,Entire home/apt,890.0,True,15,45,69,169,83,7,8,Madrid,2018-10-10,True
22764358,Entire home/apt,1000.0,True,10,23,36,267,100,2,9,Malaga,2020-01-31,True
22765282,Entire home/apt,2000.0,True,23,53,83,358,,0,,Girona,2019-06-30,
22768381,Private room,350.0,True,19,33,50,59,,0,,Malaga,2018-05-27,
22775136,Entire home/apt,670.0,True,20,50,70,159,80,2,17,Girona,2019-03-30,True
22778959,Private room,230.0,True,15,34,56,56,89,50,21,Valencia,2020-02-29,True
22779020,Private room,250.0,True,19,41,71,346,97,75,258,Barcelona,2020-06-13,True
22781711,Entire home/apt,600.0,True,27,57,87,87,,0,,Barcelona,2021-01-12,
22783470,Entire home/apt,900.0,True,19,49,79,212,,0,,Mallorca,2018-08-21,
22785047,Private room,250.0,True,0,0,0,16,,0,,Madrid,2019-01-14,
22786126,Entire home/apt,2200.0,True,30,60,90,365,90,2,7,Mallorca,2020-11-08,True
22787596,Private room,860.0,True,30,60,90,365,80,1,9,Madrid,2020-08-25,True
22788649,Entire home/apt,1200.0,True,7,7,33,272,98,78,357,Madrid,2019-12-10,True
22789283,Entire home/apt,2500.0,True,23,45,57,323,97,19,165,Sevilla,2019-01-29,True
22799293,Private room,480.0,True,3,3,3,3,93,52,31,Madrid,2019-06-07,True
22799923,Private room,400.0,True,12,31,61,330,89,7,202,Barcelona,2018-06-09,True
22801194,Private room,450.0,True,27,57,87,362,93,3,86,Madrid,2020-01-10,True
22802649,Entire home/apt,900.0,True,14,44,70,334,100,1,10,Sevilla,2018-04-21,True
22807948,Entire home/apt,1200.0,True,30,53,53,277,,0,,Barcelona,2018-12-10,
22812609,Entire home/apt,580.0,True,6,32,37,37,89,74,331,Barcelona,2020-01-10,True
22822141,Entire home/apt,650.0,True,0,0,24,176,,0,,Malaga,2018-11-27,
22827153,Entire home/apt,1670.0,True,16,41,71,154,,0,,Madrid,2018-04-12,
22827732,Entire home/apt,560.0,True,0,0,25,116,92,57,181,Valencia,2020-10-24,True
22829130,Entire home/apt,500.0,True,5,7,31,38,93,25,263,Malaga,2018-11-27,True
22830902,Private room,350.0,True,24,54,84,359,100,2,16,Madrid,2019-10-16,True
22848531,Entire home/apt,400.0,True,27,50,80,80,100,30,308,Sevilla,2018-11-22,True
22854537,Entire home/apt,870.0,True,6,11,11,81,97,21,133,Valencia,2019-07-01,True
22857304,Entire home/apt,4000.0,True,30,30,31,94,99,26,101,Menorca,2020-05-31,True
22862857,Entire home/apt,940.0,True,9,32,62,150,,1,13,Sevilla,2018-09-22,
22864423,Entire home/apt,4500.0,True,23,49,73,267,100,13,117,Sevilla,2019-02-18,True
22864811,Entire home/apt,260.0,True,17,17,17,17,93,20,12,Girona,2019-09-30,True
22872147,Entire home/apt,2500.0,True,20,32,49,127,100,1,10,Mallorca,2018-04-18,True
22873528,Entire home/apt,1350.0,True,8,31,61,332,,0,,Girona,2018-10-20,
22873587,Entire home/apt,740.0,True,21,51,81,293,,0,,Girona,2020-01-31,
22873595,Entire home/apt,650.0,True,0,0,3,3,,0,,Girona,2019-08-31,
22878458,Entire home/apt,2100.0,True,10,22,39,125,95,49,316,Madrid,2019-05-14,True
22886755,Entire home/apt,550.0,True,0,26,56,300,93,65,247,Malaga,2020-03-26,True
22897482,Entire home/apt,650.0,True,0,0,0,147,,0,,Girona,2018-10-20,
22900573,Private room,330.0,True,16,44,69,69,96,100,489,Madrid,2019-10-16,True
22902249,Entire home/apt,2880.0,True,17,18,18,249,100,1,8,Girona,2019-09-30,True
22911071,Entire home/apt,790.0,True,8,17,40,100,97,84,467,Valencia,2019-09-01,True
22914246,Entire home/apt,3110.0,True,17,33,37,248,100,1,8,Mallorca,2020-08-28,True
22915052,Entire home/apt,750.0,True,9,14,44,76,53,3,26,Mallorca,2019-06-27,False
22915537,Entire home/apt,600.0,True,15,25,52,103,99,15,95,Madrid,2019-06-07,True
22920717,Private room,500.0,True,0,26,56,331,,0,,Girona,2018-07-31,
22921689,Entire home/apt,1900.0,True,0,0,0,0,,0,,Girona,2019-06-30,
22931059,Private room,550.0,True,29,59,89,179,,0,,Barcelona,2018-04-12,
22931645,Entire home/apt,740.0,True,8,10,14,282,87,6,51,Mallorca,2019-06-27,True
22932172,Entire home/apt,1990.0,True,0,16,46,61,90,2,87,Mallorca,2018-09-18,True
22933046,Private room,220.0,True,18,45,75,350,82,31,474,Barcelona,2018-09-11,True
22939511,Entire home/apt,1400.0,True,0,0,0,0,,0,,Madrid,2019-06-07,
22948263,Entire home/apt,890.0,True,8,38,68,159,,0,,Madrid,2018-12-10,
22948573,Entire home/apt,790.0,True,0,0,22,248,93,3,42,Mallorca,2018-12-18,True
22950068,Private room,500.0,True,25,27,27,27,,0,,Malaga,2018-07-31,
22951776,Entire home/apt,2250.0,True,8,20,26,159,100,1,88,Mallorca,2018-07-29,True
22953251,Entire home/apt,450.0,True,30,60,90,365,87,82,297,Valencia,2020-05-31,True
22954584,Entire home/apt,920.0,True,12,23,44,282,100,1,9,Mallorca,2020-02-29,True
22954800,Entire home/apt,1600.0,True,0,0,0,0,,0,,Sevilla,2018-08-27,
22965293,Private room,200.0,True,0,0,0,0,100,2,8,Barcelona,2020-01-10,True
22967261,Entire home/apt,650.0,True,7,16,21,171,100,14,40,Malaga,2018-05-27,True
22967713,Entire home/apt,800.0,True,11,37,67,342,,0,,Barcelona,2020-07-17,
22978274,Entire home/apt,600.0,True,0,0,0,240,80,1,4,Mallorca,2020-08-28,True
22979863,Entire home/apt,780.0,True,1,1,1,42,100,134,376,Madrid,2021-01-12,True
22983231,Private room,450.0,True,7,11,11,11,98,18,144,Barcelona,2019-03-08,True
22985103,Private room,300.0,True,0,0,0,0,94,41,172,Madrid,2020-07-17,True
22994034,Entire home/apt,770.0,True,30,46,76,346,87,62,198,Barcelona,2020-09-12,True
22995415,Entire home/apt,970.0,True,16,42,66,148,20,1,10,Madrid,2018-04-12,False
23001940,Entire home/apt,1050.0,True,27,51,63,159,99,113,454,Barcelona,2020-04-16,True
23002193,Private room,700.0,True,4,17,39,121,84,34,371,Barcelona,2019-04-10,True
23010531,Entire home/apt,2000.0,True,7,21,49,314,80,1,4,Valencia,2020-06-30,True
23012663,Entire home/apt,680.0,True,0,0,0,0,100,1,49,Girona,2019-10-30,True
23032629,Entire home/apt,700.0,True,0,0,0,0,76,9,82,Barcelona,2019-01-14,False
23040910,Entire home/apt,1180.0,True,29,59,89,364,92,10,3,Menorca,2021-02-27,True
23050389,Entire home/apt,850.0,True,10,28,48,233,87,20,118,Barcelona,2019-08-12,True
23050623,Entire home/apt,370.0,True,0,0,0,0,87,187,511,Madrid,2021-02-09,True
23051681,Private room,1500.0,True,28,58,88,363,,0,,Barcelona,2019-02-06,
23052642,Entire home/apt,1010.0,True,30,60,90,365,,0,,Mallorca,2020-05-28,
23056005,Private room,300.0,True,29,59,89,179,92,31,258,Girona,2019-02-19,True
23057226,Entire home/apt,660.0,True,29,59,89,262,,0,,Girona,2019-09-30,
23066116,Entire home/apt,2250.0,True,17,40,70,164,,0,,Girona,2018-12-22,
23066523,Private room,600.0,True,30,60,90,365,87,6,68,Mallorca,2019-03-25,True
23066673,Entire home/apt,1000.0,True,0,0,0,272,80,2,9,Barcelona,2020-04-16,True
23067514,Entire home/apt,850.0,True,5,12,25,110,97,67,446,Madrid,2019-05-14,True
23068260,Entire home/apt,600.0,True,0,0,13,118,98,8,36,Mallorca,2020-02-29,True
23069597,Entire home/apt,650.0,True,26,56,56,282,,3,123,Girona,2018-04-21,
23073900,Entire home/apt,3340.0,True,0,0,21,170,,0,,Menorca,2018-12-22,
23083562,Entire home/apt,1560.0,True,19,48,72,107,,0,,Menorca,2018-08-29,
23084860,Private room,2000.0,True,0,0,0,0,80,1,4,Madrid,2020-05-14,True
23089425,Private room,600.0,True,16,34,51,297,99,74,308,Barcelona,2020-02-16,True
23090289,Entire home/apt,850.0,True,15,32,52,133,97,29,182,Valencia,2019-05-31,True
23100585,Entire home/apt,1850.0,True,0,0,25,205,100,1,34,Girona,2020-10-28,True
23103472,Entire home/apt,600.0,True,30,60,90,90,95,63,188,Sevilla,2020-11-30,True
23104156,Entire home/apt,1750.0,True,5,21,34,183,98,9,31,Madrid,2018-07-10,True
23118272,Entire home/apt,3000.0,True,12,27,54,234,91,34,157,Sevilla,2019-11-29,True
23120705,Entire home/apt,680.0,True,0,0,0,117,96,42,19,Girona,2019-12-31,True
23124779,Private room,300.0,True,0,0,0,251,,0,,Madrid,2019-02-06,
23133166,Entire home/apt,450.0,True,3,10,15,85,98,17,119,Malaga,2019-05-01,True
23134823,Entire home/apt,650.0,True,29,59,65,65,98,76,231,Malaga,2020-10-30,True
23136321,Entire home/apt,600.0,True,17,25,45,292,86,43,167,Sevilla,2020-03-23,True
23138068,Entire home/apt,790.0,True,7,21,51,141,89,7,129,Mallorca,2018-09-18,True
23147911,Entire home/apt,900.0,True,30,60,90,365,93,5,25,Madrid,2020-01-10,True
23152577,Entire home/apt,1000.0,True,0,0,0,86,,0,,Barcelona,2019-12-10,
23152631,Entire home/apt,650.0,True,1,2,2,153,,0,,Barcelona,2019-07-10,
23153560,Entire home/apt,1480.0,True,19,42,72,84,60,1,77,Mallorca,2018-08-21,False
23155069,Entire home/apt,2700.0,True,0,0,0,188,,0,,Mallorca,2018-11-20,
23156772,Entire home/apt,2280.0,True,0,0,0,264,,0,,Mallorca,2020-05-28,
23162172,Entire home/apt,250.0,True,1,9,21,126,93,9,45,Barcelona,2018-04-12,True
23166282,Entire home/apt,800.0,True,2,11,22,203,99,50,434,Madrid,2019-02-06,True
23166800,Private room,700.0,True,5,5,5,5,98,22,147,Madrid,2019-07-10,True
23167066,Entire home/apt,420.0,True,0,0,0,0,99,73,217,Madrid,2020-12-17,True
23168275,Entire home/apt,190.0,True,21,37,37,50,100,3,46,Madrid,2019-01-14,True
23173283,Entire home/apt,750.0,True,0,23,38,125,40,1,13,Mallorca,2019-03-25,False
23174476,Entire home/apt,1140.0,True,16,39,60,119,,0,,Girona,2019-03-30,
23174493,Entire home/apt,1460.0,True,15,26,50,91,,0,,Girona,2020-04-30,
23174510,Entire home/apt,3830.0,True,30,60,90,212,,0,,Girona,2020-04-30,
23175496,Entire home/apt,600.0,True,7,20,45,135,100,16,545,Madrid,2018-05-14,True
23175766,Entire home/apt,750.0,True,0,0,7,49,80,1,17,Girona,2019-02-19,True
23176372,Entire home/apt,1210.0,True,0,0,4,62,,0,,Girona,2018-04-21,
23178832,Entire home/apt,870.0,True,0,0,0,0,,0,,Malaga,2019-03-31,
23186206,Entire home/apt,630.0,True,27,54,78,81,97,30,165,Girona,2019-10-30,True
23187264,Entire home/apt,900.0,True,18,46,76,76,92,12,105,Madrid,2019-03-08,True
23189824,Private room,130.0,True,29,59,89,364,,0,,Sevilla,2019-01-29,
23193027,Entire home/apt,1600.0,True,3,12,30,258,88,36,308,Barcelona,2019-02-06,True
23193038,Entire home/apt,1380.0,True,5,21,36,290,93,52,316,Barcelona,2019-07-10,True
23194959,Entire home/apt,900.0,True,30,60,90,180,97,29,11,Madrid,2020-07-17,True
23195617,Entire home/apt,1000.0,True,0,0,8,283,100,1,14,Barcelona,2020-02-16,True
23195625,Private room,380.0,True,30,60,90,362,88,8,35,Sevilla,2020-11-30,True
23197632,Private room,270.0,True,12,42,72,347,,0,,Madrid,2018-04-12,
23198901,Entire home/apt,980.0,True,0,0,0,61,98,62,201,Valencia,2020-08-30,True
23200638,Entire home/apt,620.0,True,0,0,0,0,,0,,Girona,2020-01-31,
23201414,Private room,550.0,True,0,0,0,0,91,75,374,Barcelona,2019-10-16,True
23202290,Entire home/apt,1960.0,True,13,34,34,34,,0,,Girona,2018-07-31,
23211612,Entire home/apt,800.0,True,10,36,66,318,73,8,53,Barcelona,2019-06-07,False
23211615,Entire home/apt,700.0,True,24,44,59,305,80,6,52,Barcelona,2019-02-06,True
23211640,Entire home/apt,700.0,True,22,36,62,337,80,2,38,Barcelona,2018-11-07,True
23211678,Entire home/apt,960.0,True,0,26,56,331,80,7,23,Barcelona,2020-10-12,True
23211744,Entire home/apt,600.0,True,18,48,78,353,80,8,39,Barcelona,2020-03-16,True
23212743,Entire home/apt,4500.0,True,25,55,85,360,,0,,Madrid,2018-12-10,
23217328,Entire home/apt,1050.0,True,4,15,37,236,96,5,288,Sevilla,2018-04-21,True
23219771,Private room,200.0,True,11,41,71,346,90,2,154,Barcelona,2018-04-12,True
23224492,Entire home/apt,400.0,True,0,0,0,162,97,24,113,Menorca,2019-12-31,True
23225318,Private room,3500.0,True,0,0,0,0,,0,,Barcelona,2018-11-07,
23225408,Entire home/apt,410.0,True,2,32,62,62,92,94,26,Madrid,2021-02-09,True
23225824,Private room,290.0,True,7,16,36,36,99,113,675,Sevilla,2019-06-29,True
23228374,Private room,250.0,True,0,0,0,0,,0,,Madrid,2019-09-19,
23242110,Entire home/apt,420.0,True,2,32,49,84,80,1,1,Girona,2019-03-30,True
23243846,Entire home/apt,850.0,True,15,19,30,234,98,49,204,Malaga,2020-02-29,True
23245177,Entire home/apt,600.0,True,0,0,7,76,95,12,47,Valencia,2020-04-28,True
23246432,Entire home/apt,490.0,True,15,40,70,137,91,52,343,Valencia,2019-05-31,True
23247040,Private room,300.0,True,0,0,0,0,,0,,Barcelona,2020-10-12,
23247368,Entire home/apt,2140.0,True,23,53,83,83,,0,,Girona,2018-07-31,
23248190,Private room,170.0,True,0,0,29,304,40,1,1,Valencia,2019-05-01,False
23249141,Entire home/apt,1170.0,True,10,11,25,108,,0,,Mallorca,2019-03-25,
23253779,Entire home/apt,700.0,True,4,24,40,307,97,41,242,Valencia,2019-09-01,True
23256148,Entire home/apt,850.0,True,0,0,0,0,95,4,53,Madrid,2018-11-07,True
23256821,Private room,240.0,True,0,0,0,0,100,2,17,Barcelona,2019-02-06,True
23261091,Entire home/apt,800.0,True,6,7,7,187,,0,,Malaga,2018-07-31,
23261344,Entire home/apt,1990.0,True,10,40,50,50,,0,,Barcelona,2018-04-12,
23269964,Entire home/apt,2500.0,True,10,34,64,317,96,5,4,Girona,2019-07-29,True
23270821,Shared room,160.0,True,21,51,81,81,,0,,Madrid,2019-05-14,
23271395,Entire home/apt,700.0,True,0,28,58,333,94,50,253,Valencia,2019-10-31,True
23271510,Entire home/apt,1450.0,True,0,0,0,213,,0,,Mallorca,2019-10-28,
23272286,Private room,830.0,True,30,60,89,362,93,14,59,Sevilla,2020-12-31,True
23272396,Entire home/apt,700.0,True,2,11,35,297,92,33,148,Valencia,2020-01-31,True
23272446,Private room,130.0,True,30,60,90,365,,0,,Sevilla,2019-07-29,
23273773,Private room,150.0,True,30,60,90,90,90,4,2,Barcelona,2020-04-16,True
23273927,Private room,300.0,True,0,0,0,0,93,3,22,Madrid,2019-04-11,True
23280535,Entire home/apt,1050.0,True,29,51,78,184,97,28,121,Girona,2020-02-29,True
23281523,Entire home/apt,500.0,True,4,18,44,313,95,45,252,Madrid,2019-08-12,True
23282173,Entire home/apt,820.0,True,0,0,1,97,99,50,345,Barcelona,2019-05-14,True
23282254,Entire home/apt,1630.0,True,21,45,68,217,100,1,14,Mallorca,2019-03-25,True
23282272,Entire home/apt,3190.0,True,28,58,88,353,,0,,Mallorca,2020-09-19,
23282282,Entire home/apt,2080.0,True,17,47,77,262,100,1,5,Mallorca,2018-12-18,True
23284722,Entire home/apt,2560.0,True,30,60,90,297,,0,,Mallorca,2018-12-18,
23285223,Entire home/apt,3000.0,True,12,16,36,302,100,3,83,Sevilla,2019-07-29,True
23291113,Entire home/apt,600.0,True,1,11,25,149,94,27,167,Valencia,2019-07-01,True
23292198,Entire home/apt,680.0,True,6,18,45,135,85,46,312,Madrid,2019-05-14,True
23300958,Entire home/apt,3720.0,True,23,53,83,264,,0,,Girona,2018-08-30,
23315401,Entire home/apt,1070.0,True,20,43,73,231,,0,,Sevilla,2018-04-21,
23315411,Entire home/apt,1700.0,True,30,60,90,365,88,5,18,Sevilla,2020-12-31,True
23320935,Entire home/apt,990.0,True,16,35,58,309,,0,,Malaga,2019-12-31,
23321702,Entire home/apt,900.0,True,14,42,70,197,100,2,85,Malaga,2018-05-27,True
23322353,Entire home/apt,930.0,True,8,18,48,65,86,42,609,Barcelona,2018-09-11,True
23322783,Private room,230.0,True,0,2,32,307,100,7,42,Madrid,2020-07-17,True
23322844,Entire home/apt,690.0,True,0,0,0,0,100,4,85,Malaga,2018-09-29,True
23330596,Entire home/apt,2970.0,True,5,26,49,313,,0,,Mallorca,2018-08-21,
23330644,Entire home/apt,3280.0,True,1,18,25,176,,0,,Mallorca,2018-08-21,
23330718,Entire home/apt,1230.0,True,6,11,11,39,,0,,Mallorca,2018-04-18,
23330747,Entire home/apt,1110.0,True,1,1,1,133,,0,,Mallorca,2018-10-17,
23331113,Entire home/apt,1110.0,True,12,42,72,105,,0,,Girona,2018-08-30,
23333582,Private room,700.0,True,5,32,62,337,92,21,447,Barcelona,2018-07-10,True
23337902,Private room,520.0,True,3,3,7,7,95,13,105,Barcelona,2019-03-08,True
23340047,Entire home/apt,2400.0,True,2,12,42,75,,1,13,Mallorca,2019-08-31,
23346158,Private room,250.0,True,0,0,0,0,,7,73,Barcelona,2018-12-10,
23351415,Private room,280.0,True,1,29,59,334,98,12,98,Valencia,2019-02-28,True
23357217,Private room,600.0,True,29,59,89,364,,0,,Mallorca,2019-11-28,
23364851,Entire home/apt,1150.0,True,21,29,36,187,100,2,27,Mallorca,2019-03-25,True
23375485,Entire home/apt,800.0,True,4,16,37,270,98,10,15,Madrid,2018-10-10,True
23383411,Entire home/apt,600.0,True,0,0,0,0,,0,,Malaga,2018-08-29,
23383791,Entire home/apt,350.0,True,0,0,0,0,90,2,6,Barcelona,2020-10-12,True
23384782,Entire home/apt,1410.0,True,30,58,88,363,93,30,99,Girona,2020-11-28,True
23384962,Entire home/apt,530.0,True,0,0,1,1,60,1,6,Girona,2018-10-20,False
23384964,Entire home/apt,550.0,True,24,54,84,147,100,3,2,Valencia,2019-09-30,True
23386015,Entire home/apt,1500.0,True,5,27,56,216,,0,,Mallorca,2018-12-18,
23387130,Private room,390.0,True,30,60,90,114,,1,6,Barcelona,2018-07-10,
23390169,Private room,1000.0,True,0,0,0,0,100,1,18,Barcelona,2018-08-14,True
23393491,Entire home/apt,340.0,True,0,0,0,211,40,1,7,Girona,2019-11-30,False
23396271,Entire home/apt,720.0,True,20,48,49,49,100,3,30,Sevilla,2018-04-21,True
23398301,Entire home/apt,450.0,True,12,36,66,66,100,4,167,Madrid,2018-05-14,True
23408262,Entire home/apt,1290.0,True,21,46,76,331,93,18,62,Girona,2020-11-28,True
23408456,Private room,600.0,True,29,59,89,364,,0,,Valencia,2020-10-24,
23409834,Private room,400.0,True,3,31,61,336,80,11,83,Madrid,2019-05-14,True
23414182,Entire home/apt,4280.0,True,0,22,49,49,,0,,Girona,2018-07-31,
23418298,Private room,300.0,True,0,0,0,30,98,12,13,Madrid,2018-12-10,True
23428341,Entire home/apt,1000.0,True,0,0,0,0,,0,,Mallorca,2018-11-20,
23430077,Entire home/apt,500.0,True,4,5,5,5,100,3,18,Valencia,2019-07-31,True
23430471,Entire home/apt,250.0,True,0,0,0,250,100,1,5,Barcelona,2020-11-06,True
23430485,Entire home/apt,2200.0,True,14,34,64,339,100,3,63,Madrid,2018-09-11,True
23430836,Entire home/apt,1020.0,True,30,60,90,365,100,9,176,Girona,2018-10-20,True
23430919,Private room,200.0,True,25,55,85,168,97,13,176,Barcelona,2018-10-10,True
23431180,Entire home/apt,550.0,True,27,57,87,171,84,280,1045,Madrid,2020-05-14,True
23432447,Entire home/apt,1280.0,True,0,0,0,1,80,1,6,Mallorca,2020-01-29,True
23432735,Entire home/apt,350.0,True,2,2,2,3,88,12,92,Valencia,2019-05-01,True
23433370,Entire home/apt,450.0,True,30,60,90,365,87,90,386,Valencia,2020-01-31,True
23441002,Entire home/apt,650.0,True,7,22,35,185,94,115,513,Malaga,2020-01-31,True
23443341,Entire home/apt,750.0,True,7,25,43,303,100,18,17,Madrid,2019-02-06,True
23444199,Private room,400.0,True,0,0,0,0,80,1,41,Barcelona,2018-06-09,True
23444560,Entire home/apt,2320.0,True,9,16,39,62,95,4,37,Mallorca,2019-06-27,True
23449765,Entire home/apt,950.0,True,29,59,89,269,87,14,149,Madrid,2019-01-14,True
23451516,Entire home/apt,750.0,True,0,16,46,136,94,83,346,Madrid,2020-02-18,True
23452584,Entire home/apt,650.0,True,21,48,78,349,88,41,233,Madrid,2019-08-12,True
23452792,Entire home/apt,3000.0,True,23,40,51,271,100,34,143,Girona,2020-03-26,True
23453334,Entire home/apt,850.0,True,4,24,54,57,98,24,36,Sevilla,2018-09-22,True
23457582,Entire home/apt,1000.0,True,8,10,19,294,93,6,48,Madrid,2019-04-11,True
23459443,Entire home/apt,1540.0,True,0,5,35,60,95,61,191,Madrid,2020-11-06,True
23464782,Entire home/apt,1800.0,True,2,7,37,312,100,3,26,Girona,2019-06-30,True
23465701,Private room,270.0,True,29,59,66,67,85,4,43,Malaga,2018-12-22,True
23466073,Entire home/apt,2000.0,True,24,24,43,264,100,1,10,Mallorca,2019-03-25,True
23471619,Entire home/apt,990.0,True,2,10,15,248,97,74,417,Valencia,2019-09-01,True
23473002,Private room,180.0,True,16,29,53,53,80,20,265,Madrid,2018-11-07,True
23478505,Private room,450.0,True,29,59,89,89,93,10,57,Madrid,2019-08-12,True
23478658,Entire home/apt,3000.0,True,0,22,52,158,97,10,4,Menorca,2020-03-26,True
23479016,Entire home/apt,1000.0,True,0,3,10,153,,0,,Barcelona,2018-04-12,
23490304,Private room,380.0,True,28,58,88,88,,0,,Madrid,2019-01-14,
23492482,Private room,210.0,True,0,0,0,0,100,1,7,Barcelona,2018-04-12,True
23498697,Private room,350.0,True,20,50,80,355,95,13,39,Valencia,2020-12-21,True
23499488,Entire home/apt,2750.0,True,29,42,42,42,97,8,85,Mallorca,2019-02-17,True
23505439,Private room,500.0,True,22,43,54,54,,0,,Sevilla,2018-11-22,
23508807,Entire home/apt,2850.0,True,0,20,50,233,,1,39,Mallorca,2018-07-29,
23512540,Private room,170.0,True,17,47,77,352,88,75,442,Sevilla,2019-09-30,True
23512897,Entire home/apt,1800.0,True,5,35,65,220,,0,,Barcelona,2018-04-12,
23514318,Entire home/apt,770.0,True,30,60,90,202,88,12,69,Madrid,2019-08-12,True
23516656,Entire home/apt,600.0,True,26,33,33,33,97,18,57,Valencia,2020-10-24,True
23521153,Entire home/apt,650.0,True,0,6,36,311,,0,,Barcelona,2019-06-07,
23523562,Entire home/apt,1800.0,True,29,49,79,80,100,2,17,Girona,2019-06-30,True
23523885,Private room,220.0,True,0,11,22,271,92,216,787,Valencia,2020-05-31,True
23531444,Entire home/apt,790.0,True,5,31,58,224,,0,,Madrid,2018-04-12,
23532041,Entire home/apt,1100.0,True,29,59,89,364,93,6,2,Mallorca,2020-12-19,True
23533196,Entire home/apt,600.0,True,27,57,87,199,92,44,186,Barcelona,2020-06-13,True
23542535,Entire home/apt,1550.0,True,0,0,0,0,100,1,26,Menorca,2018-11-27,True
23543425,Entire home/apt,4000.0,True,21,43,46,151,100,1,35,Girona,2018-10-20,True
23543950,Entire home/apt,1800.0,True,22,50,74,147,,0,,Madrid,2019-01-14,
23551192,Entire home/apt,1180.0,True,4,7,18,97,,0,,Mallorca,2018-04-18,
23551418,Private room,130.0,True,29,59,89,364,100,1,6,Barcelona,2020-11-06,True
23552094,Entire home/apt,1860.0,True,7,14,14,14,,0,,Girona,2018-08-30,
23553008,Entire home/apt,450.0,True,0,0,0,158,100,2,24,Barcelona,2019-02-06,True
23554443,Entire home/apt,870.0,True,14,44,74,349,100,5,64,Madrid,2018-12-10,True
23560890,Entire home/apt,930.0,True,30,60,90,188,,0,,Valencia,2020-10-24,
23560898,Entire home/apt,800.0,True,14,16,46,285,88,17,93,Mallorca,2019-12-31,True
23561611,Entire home/apt,600.0,True,19,30,42,283,100,8,197,Sevilla,2018-07-31,True
23562718,Entire home/apt,1750.0,True,5,35,65,340,100,1,8,Madrid,2019-05-14,True
23569134,Entire home/apt,2300.0,True,14,29,45,177,,0,,Barcelona,2018-08-14,
23572337,Entire home/apt,590.0,True,0,0,0,0,94,23,86,Madrid,2020-06-13,True
23576111,Private room,3000.0,True,30,60,90,365,,1,3,Valencia,2021-02-20,
23581038,Entire home/apt,950.0,True,4,4,15,256,94,8,54,Mallorca,2019-06-27,True
23587347,Entire home/apt,500.0,True,0,0,0,0,95,4,5,Girona,2018-12-22,True
23587509,Entire home/apt,2520.0,True,7,19,24,197,,1,43,Mallorca,2019-08-31,
23588436,Entire home/apt,1880.0,True,30,60,90,365,67,3,41,Malaga,2018-12-22,False
23590761,Entire home/apt,740.0,True,3,4,4,131,100,2,15,Mallorca,2019-08-31,True
23593324,Entire home/apt,430.0,True,30,60,90,250,,0,,Girona,2018-04-21,
23595865,Private room,450.0,True,23,41,60,60,97,8,55,Barcelona,2019-05-14,True
23607513,Entire home/apt,950.0,True,30,58,61,61,100,4,66,Girona,2018-09-28,True
23608485,Private room,500.0,True,11,24,54,144,97,29,551,Barcelona,2018-08-14,True
23608630,Entire home/apt,1250.0,True,0,0,0,141,80,2,44,Girona,2018-12-22,True
23611031,Private room,230.0,True,30,60,90,365,96,5,18,Valencia,2020-06-30,True
23621094,Entire home/apt,2920.0,True,17,37,46,113,90,5,42,Mallorca,2019-03-25,True
23622335,Private room,350.0,True,5,5,33,33,,0,,Barcelona,2018-07-10,
23624042,Entire home/apt,930.0,True,26,53,83,175,,0,,Valencia,2020-10-24,
23624553,Entire home/apt,2500.0,True,28,58,88,352,99,32,96,Girona,2020-12-31,True
23628037,Entire home/apt,360.0,True,6,18,48,323,94,42,308,Madrid,2019-05-14,True
23630293,Entire home/apt,300.0,True,19,43,70,345,81,39,198,Valencia,2019-10-31,True
23635799,Entire home/apt,500.0,True,17,44,74,164,89,7,583,Malaga,2018-04-22,True
23635900,Entire home/apt,300.0,True,0,0,0,0,78,9,42,Girona,2019-12-31,False
23638684,Entire home/apt,1200.0,True,23,53,83,328,,0,,Girona,2019-02-19,
23648479,Private room,400.0,True,0,0,0,0,80,2,8,Barcelona,2020-05-11,True
23656535,Entire home/apt,600.0,True,5,5,5,241,93,8,99,Malaga,2018-11-27,True
23657557,Entire home/apt,1400.0,True,12,33,53,65,,0,,Madrid,2019-09-19,
23659238,Entire home/apt,650.0,True,2,18,31,296,100,1,9,Valencia,2019-07-31,True
23660787,Entire home/apt,650.0,True,18,48,78,98,97,13,257,Malaga,2018-08-29,True
23662297,Entire home/apt,700.0,True,4,11,25,179,86,7,54,Valencia,2020-01-31,True
23662466,Entire home/apt,630.0,True,3,7,11,11,,0,,Mallorca,2018-07-29,
23663209,Entire home/apt,2240.0,True,28,58,62,73,,0,,Mallorca,2019-08-31,
23663258,Entire home/apt,3070.0,True,30,53,83,353,90,2,17,Mallorca,2020-05-28,True
23663270,Entire home/apt,2800.0,True,30,60,90,365,,0,,Menorca,2020-06-30,
23667680,Entire home/apt,1250.0,True,29,59,89,364,,1,6,Girona,2020-04-30,
23668116,Entire home/apt,450.0,True,24,54,56,89,94,24,169,Valencia,2019-05-31,True
23672293,Entire home/apt,950.0,True,11,14,14,14,100,1,10,Sevilla,2018-04-21,True
23673316,Entire home/apt,2450.0,True,10,36,59,71,,0,,Mallorca,2018-09-18,
23673712,Entire home/apt,700.0,True,13,19,30,281,88,15,103,Malaga,2019-06-30,True
23675853,Entire home/apt,820.0,True,17,45,75,343,95,4,114,Madrid,2018-10-10,True
23675857,Entire home/apt,720.0,True,20,44,74,260,,0,,Madrid,2018-05-14,
23680492,Entire home/apt,1130.0,True,29,42,63,177,89,71,284,Malaga,2020-05-31,True
23681534,Entire home/apt,1400.0,True,1,1,1,1,90,2,6,Barcelona,2021-02-09,True
23681560,Entire home/apt,1000.0,True,0,0,0,95,,0,,Barcelona,2020-04-16,
23681570,Entire home/apt,1500.0,True,30,60,90,365,,0,,Barcelona,2018-10-10,
23683437,Entire home/apt,600.0,True,0,0,0,0,97,121,339,Valencia,2021-02-20,True
23685767,Entire home/apt,260.0,True,22,52,82,357,93,42,135,Valencia,2020-09-28,True
23690882,Entire home/apt,800.0,True,27,54,84,174,98,8,79,Sevilla,2019-02-18,True
23691705,Private room,250.0,True,9,9,18,18,91,18,535,Madrid,2018-07-10,True
23692786,Entire home/apt,1040.0,True,0,0,0,0,,0,,Mallorca,2019-03-25,
23693251,Private room,450.0,True,29,59,72,303,99,28,359,Mallorca,2018-11-20,True
23696598,Entire home/apt,620.0,True,16,16,16,224,96,14,45,Valencia,2020-09-28,True
23700889,Entire home/apt,1100.0,True,0,1,22,112,92,64,203,Valencia,2020-11-10,True
23703736,Entire home/apt,1260.0,True,0,0,0,0,88,8,25,Malaga,2020-11-30,True
23705486,Entire home/apt,600.0,True,3,11,41,105,100,1,10,Malaga,2018-07-31,True
23705809,Entire home/apt,480.0,True,4,16,37,252,99,28,159,Sevilla,2019-08-31,True
23713086,Entire home/apt,1500.0,True,20,50,80,355,100,1,23,Girona,2018-12-22,True
23713242,Entire home/apt,750.0,True,26,56,79,322,100,1,10,Girona,2018-04-21,True
23713332,Entire home/apt,800.0,True,3,30,31,45,,1,22,Girona,2018-07-31,
23719759,Entire home/apt,1200.0,True,7,24,44,263,97,31,159,Malaga,2019-10-31,True
23721004,Entire home/apt,1000.0,True,21,51,77,167,96,82,31,Malaga,2020-05-31,True
23722178,Private room,280.0,True,19,49,79,79,97,24,178,Barcelona,2019-05-14,True
23723324,Private room,450.0,True,30,60,90,365,85,42,128,Barcelona,2020-12-16,True
23726136,Entire home/apt,500.0,True,30,47,77,349,95,77,314,Valencia,2020-03-26,True
23726971,Entire home/apt,1100.0,True,9,32,62,332,92,35,449,Madrid,2018-11-07,True
23727792,Private room,700.0,True,0,0,0,0,,0,,Madrid,2019-04-11,
23728063,Private room,600.0,True,0,0,0,0,,0,,Madrid,2021-02-09,
23739309,Entire home/apt,1000.0,True,0,0,0,0,97,20,8,Madrid,2020-04-17,True
23739530,Private room,350.0,True,0,0,0,0,,0,,Madrid,2019-11-09,
23744025,Entire home/apt,740.0,True,22,47,71,309,91,7,85,Valencia,2019-02-28,True
23744119,Entire home/apt,350.0,True,30,53,71,166,94,75,297,Valencia,2020-04-28,True
23744155,Entire home/apt,1040.0,True,19,39,45,253,,0,,Mallorca,2018-04-18,
23744978,Private room,1000.0,True,17,40,65,331,,0,,Malaga,2018-04-22,
23749559,Private room,300.0,True,29,59,89,89,90,4,23,Barcelona,2020-01-10,True
23757365,Entire home/apt,1000.0,True,0,0,0,258,100,1,7,Barcelona,2019-11-09,True
23757508,Entire home/apt,2440.0,True,15,23,36,170,,0,,Barcelona,2018-05-14,
23758038,Entire home/apt,2540.0,True,0,0,0,200,73,3,46,Mallorca,2018-12-18,False
23759000,Private room,600.0,True,0,0,0,0,99,37,12,Barcelona,2020-10-12,True
23759217,Entire home/apt,500.0,True,11,41,45,182,,0,,Girona,2019-07-29,
23761249,Shared room,150.0,True,30,60,90,180,97,26,74,Barcelona,2021-02-09,True
23766788,Entire home/apt,650.0,True,0,0,11,11,97,8,59,Valencia,2019-05-01,True
23775258,Entire home/apt,750.0,True,7,9,9,70,,0,,Madrid,2018-04-12,
23775569,Entire home/apt,400.0,True,24,42,72,312,88,54,479,Malaga,2019-02-24,True
23776716,Entire home/apt,2000.0,True,28,56,73,158,92,28,178,Sevilla,2019-07-29,True
23782265,Entire home/apt,680.0,True,29,48,56,311,100,128,501,Valencia,2020-05-31,True
23782890,Entire home/apt,1200.0,True,0,0,0,0,84,47,352,Madrid,2019-07-10,True
23783093,Entire home/apt,650.0,True,0,0,0,0,84,10,31,Madrid,2021-01-12,True
23784003,Entire home/apt,1000.0,True,30,60,61,61,91,30,164,Girona,2019-09-30,True
23785508,Entire home/apt,640.0,True,23,53,83,173,94,32,36,Madrid,2018-12-10,True
23785933,Entire home/apt,700.0,True,0,0,0,70,100,1,23,Madrid,2018-09-11,True
23796558,Private room,400.0,True,23,44,44,44,77,6,196,Barcelona,2018-09-11,False
23797007,Private room,440.0,True,10,14,25,103,87,15,12,Barcelona,2019-04-10,True
23798204,Entire home/apt,2000.0,True,12,29,58,333,97,12,25,Mallorca,2018-08-21,True
23800192,Entire home/apt,800.0,True,30,60,90,365,98,13,42,Valencia,2020-10-24,True
23803074,Entire home/apt,1500.0,True,27,57,87,185,,0,,Girona,2018-04-21,
23810425,Private room,350.0,True,11,41,71,346,75,19,154,Barcelona,2019-04-10,False
23813227,Entire home/apt,420.0,True,22,24,54,145,95,61,301,Valencia,2019-11-30,True
23815177,Entire home/apt,1450.0,True,0,11,15,183,,0,,Mallorca,2019-08-31,
23815892,Entire home/apt,1210.0,True,21,43,45,86,,0,,Mallorca,2018-04-18,
23817596,Entire home/apt,810.0,True,26,54,84,288,90,8,26,Sevilla,2021-02-27,True
23818160,Entire home/apt,1170.0,True,30,60,90,362,78,8,26,Mallorca,2020-10-21,False
23818961,Entire home/apt,1700.0,True,9,39,69,344,,0,,Girona,2018-07-31,
23821516,Entire home/apt,4220.0,True,12,12,26,121,,0,,Girona,2020-06-29,
23823065,Entire home/apt,1900.0,True,30,60,90,339,,0,,Girona,2019-12-31,
23824059,Entire home/apt,1800.0,True,24,24,24,24,100,4,64,Madrid,2018-11-07,True
23828193,Entire home/apt,860.0,True,27,57,87,362,99,34,119,Girona,2020-10-28,True
23839343,Entire home/apt,1090.0,True,1,16,29,99,100,45,317,Malaga,2019-05-30,True
23848930,Entire home/apt,950.0,True,10,23,36,240,99,89,38,Malaga,2020-02-29,True
23850453,Entire home/apt,310.0,True,11,34,64,249,95,124,644,Valencia,2019-11-30,True
23864280,Entire home/apt,890.0,True,0,20,42,317,98,12,33,Malaga,2018-07-31,True
23869446,Entire home/apt,600.0,True,9,19,41,244,100,1,4,Valencia,2020-02-29,True
23872048,Entire home/apt,950.0,True,29,59,89,89,94,58,224,Madrid,2020-05-14,True
23872258,Entire home/apt,1410.0,True,30,60,85,354,100,3,12,Madrid,2020-06-13,True
23874678,Entire home/apt,580.0,True,2,8,13,192,93,32,513,Barcelona,2019-03-08,True
23874949,Entire home/apt,800.0,True,3,10,26,297,91,30,213,Malaga,2019-06-30,True
23875277,Entire home/apt,700.0,True,30,60,90,349,93,83,344,Valencia,2020-04-28,True
23877792,Entire home/apt,970.0,True,27,57,87,116,100,2,8,Sevilla,2020-04-30,True
23886908,Entire home/apt,850.0,True,18,46,76,108,95,4,29,Malaga,2019-11-30,True
23887963,Entire home/apt,950.0,True,19,40,46,291,99,53,217,Barcelona,2020-05-11,True
23888078,Entire home/apt,2000.0,True,0,0,27,117,,0,,Girona,2018-09-28,
23888185,Entire home/apt,1170.0,True,28,47,67,124,100,3,3,Mallorca,2019-04-24,True
23891218,Entire home/apt,500.0,True,25,55,83,358,87,3,32,Valencia,2019-09-30,True
23891422,Entire home/apt,1150.0,True,13,33,51,314,,0,,Malaga,2019-01-30,
23891537,Private room,1000.0,True,30,60,90,90,88,116,42,Sevilla,2020-06-29,True
23909862,Entire home/apt,3040.0,True,0,0,0,0,,0,,Mallorca,2020-12-19,
23909985,Entire home/apt,2040.0,True,22,52,82,354,98,41,18,Madrid,2020-02-18,True
23910202,Entire home/apt,2800.0,True,29,59,89,364,80,3,19,Menorca,2019-10-31,True
23910745,Entire home/apt,900.0,True,1,1,1,152,100,1,7,Menorca,2019-10-31,True
23910780,Entire home/apt,1350.0,True,17,42,72,155,97,70,344,Madrid,2019-12-10,True
23912031,Private room,220.0,True,0,0,0,0,94,13,155,Sevilla,2018-12-21,True
23913059,Entire home/apt,750.0,True,10,14,14,14,99,17,9,Sevilla,2019-10-30,True
23913151,Entire home/apt,800.0,True,2,22,52,327,,0,,Madrid,2018-04-12,
23914529,Entire home/apt,800.0,True,18,38,59,253,87,9,92,Barcelona,2019-03-08,True
23918793,Entire home/apt,1080.0,True,13,13,13,13,,0,,Girona,2019-08-31,
23921327,Entire home/apt,440.0,True,0,13,43,61,98,51,19,Madrid,2020-06-13,True
23922267,Private room,500.0,True,0,0,0,166,100,2,52,Barcelona,2018-08-14,True
23931219,Entire home/apt,1110.0,True,15,20,44,181,,0,,Mallorca,2019-04-24,
23932397,Entire home/apt,700.0,True,3,16,32,150,,0,,Menorca,2019-03-31,
23934983,Private room,300.0,True,0,0,0,36,,0,,Madrid,2018-04-12,
23938595,Entire home/apt,2000.0,True,0,0,1,215,100,6,19,Girona,2021-01-31,True
23939910,Entire home/apt,1780.0,True,4,10,22,25,80,1,71,Menorca,2018-07-31,True
23942204,Entire home/apt,1140.0,True,30,60,90,365,100,2,12,Mallorca,2019-11-28,True
23942457,Entire home/apt,1600.0,True,0,0,0,0,,0,,Malaga,2020-01-31,
23942935,Entire home/apt,700.0,True,8,25,55,60,,0,,Girona,2018-07-31,
23942964,Entire home/apt,1350.0,True,18,22,37,95,100,12,336,Sevilla,2018-07-31,True
23945385,Private room,250.0,True,4,32,61,147,100,4,24,Malaga,2018-05-27,True
23949877,Private room,480.0,True,25,55,85,105,,0,,Barcelona,2018-05-14,
23952016,Entire home/apt,1250.0,True,29,59,89,364,100,1,10,Girona,2018-08-30,True
23953689,Entire home/apt,1560.0,True,1,14,32,37,,0,,Mallorca,2018-07-29,
23954092,Entire home/apt,700.0,True,30,60,83,210,,0,,Girona,2019-05-29,
23955335,Private room,300.0,True,4,27,57,332,,0,,Barcelona,2018-04-12,
23955482,Entire home/apt,980.0,True,0,0,0,0,90,2,8,Mallorca,2020-06-25,True
23956219,Private room,800.0,True,9,33,53,84,92,12,54,Malaga,2020-01-31,True
23957110,Entire home/apt,550.0,True,10,25,55,330,96,9,22,Malaga,2018-07-31,True
23957403,Entire home/apt,1000.0,True,23,47,77,352,100,3,22,Menorca,2019-07-30,True
23958253,Entire home/apt,990.0,True,30,60,90,365,,0,,Barcelona,2018-04-12,
23958330,Entire home/apt,1250.0,True,8,16,25,227,90,28,127,Madrid,2020-02-18,True
23960122,Entire home/apt,1000.0,True,3,5,12,250,98,38,375,Malaga,2019-06-30,True
23967982,Private room,220.0,True,11,28,28,28,,1,10,Barcelona,2018-04-12,
23967999,Entire home/apt,550.0,True,29,56,83,173,90,25,98,Sevilla,2020-04-30,True
23969825,Entire home/apt,1500.0,True,30,60,90,365,98,10,32,Mallorca,2021-01-16,True
23974568,Entire home/apt,800.0,True,20,49,77,319,96,5,4,Malaga,2019-09-30,True
23975809,Private room,90.0,True,15,45,75,289,90,21,159,Valencia,2019-05-01,True
23975842,Entire home/apt,350.0,True,9,9,9,9,96,19,11,Girona,2019-08-31,True
23976338,Entire home/apt,1200.0,True,0,0,21,211,,0,,Girona,2018-12-22,
23979099,Entire home/apt,950.0,True,16,43,73,94,92,52,291,Madrid,2019-09-19,True
23983659,Entire home/apt,890.0,True,23,53,83,169,94,118,352,Sevilla,2020-12-31,True
23987036,Private room,600.0,True,10,33,63,98,92,24,194,Barcelona,2019-05-14,True
23989315,Entire home/apt,750.0,True,28,58,88,339,,0,,Barcelona,2019-01-14,
23991007,Entire home/apt,740.0,True,30,60,90,180,98,62,228,Madrid,2020-10-17,True
23995813,Entire home/apt,1000.0,True,0,0,6,25,,0,,Madrid,2018-10-10,
23996618,Entire home/apt,940.0,True,24,46,49,200,100,1,8,Girona,2019-05-29,True
24002206,Entire home/apt,2020.0,True,27,57,87,206,,0,,Mallorca,2020-04-23,
24010145,Private room,200.0,True,26,56,86,361,91,52,36,Madrid,2019-06-07,True
24011492,Private room,460.0,True,0,15,45,66,96,75,421,Barcelona,2019-09-17,True
24014063,Private room,350.0,True,17,44,70,345,96,21,285,Madrid,2018-11-07,True
24015405,Entire home/apt,3000.0,True,30,60,90,365,100,1,6,Girona,2018-09-28,True
24026540,Entire home/apt,600.0,True,0,0,0,0,99,103,424,Sevilla,2020-05-30,True
24028342,Entire home/apt,1190.0,True,2,2,2,178,91,9,56,Mallorca,2019-09-28,True
24028744,Entire home/apt,700.0,True,30,58,60,181,,0,,Girona,2020-05-28,
24029619,Entire home/apt,1650.0,True,12,29,49,138,93,11,54,Mallorca,2019-12-31,True
24035294,Private room,230.0,True,10,24,54,78,89,11,485,Barcelona,2018-06-09,True
24036895,Entire home/apt,2370.0,True,0,0,0,64,100,3,18,Girona,2019-12-31,True
24038577,Private room,690.0,True,29,59,89,360,94,31,161,Mallorca,2019-12-31,True
24041862,Entire home/apt,900.0,True,29,59,89,347,90,6,175,Girona,2018-09-28,True
24049397,Shared room,140.0,True,0,0,28,303,100,8,52,Valencia,2019-07-01,True
24053428,Entire home/apt,1100.0,True,0,0,0,0,92,71,397,Madrid,2019-09-19,True
24061320,Entire home/apt,380.0,True,13,18,48,163,92,24,98,Valencia,2020-05-31,True
24063016,Entire home/apt,700.0,True,15,45,75,350,100,1,10,Sevilla,2018-04-21,True
24064337,Entire home/apt,380.0,True,0,0,0,0,91,255,774,Madrid,2020-12-17,True
24071050,Entire home/apt,4790.0,True,6,23,45,259,,0,,Mallorca,2019-03-25,
24072879,Entire home/apt,550.0,True,26,56,86,176,93,186,69,Sevilla,2020-06-29,True
24076629,Entire home/apt,1430.0,True,0,0,0,0,,0,,Girona,2021-01-31,
24077307,Entire home/apt,450.0,True,0,0,18,58,100,4,18,Barcelona,2020-08-24,True
24077453,Private room,140.0,True,5,11,25,25,85,40,286,Valencia,2019-05-31,True
24081992,Private room,250.0,True,0,0,0,0,96,68,289,Madrid,2020-03-17,True
24091304,Private room,250.0,True,2,29,59,150,98,21,339,Sevilla,2018-10-18,True
24092592,Entire home/apt,660.0,True,30,60,66,323,,0,,Girona,2019-05-29,
24096540,Entire home/apt,1050.0,True,14,44,74,254,80,1,10,Girona,2018-08-30,True
24111724,Entire home/apt,900.0,True,15,27,57,322,100,4,5,Valencia,2019-02-28,True
24113256,Entire home/apt,750.0,True,17,47,77,109,80,1,94,Girona,2019-08-31,True
24114647,Entire home/apt,1500.0,True,27,54,66,156,92,15,118,Mallorca,2019-05-27,True
24118300,Entire home/apt,1250.0,True,29,59,89,179,,0,,Girona,2018-04-21,
24119132,Entire home/apt,240.0,True,16,35,59,59,73,4,4,Madrid,2019-03-08,False
24128845,Private room,550.0,True,14,21,51,326,,0,,Barcelona,2018-04-12,
24129100,Entire home/apt,700.0,True,25,52,72,333,99,24,264,Mallorca,2019-01-28,True
24131521,Entire home/apt,1500.0,True,7,33,63,333,96,22,121,Valencia,2019-11-30,True
24132906,Entire home/apt,460.0,True,22,29,29,212,99,82,239,Valencia,2021-02-20,True
24152709,Entire home/apt,470.0,True,0,0,0,0,,0,,Girona,2021-02-27,
24154025,Entire home/apt,1200.0,True,0,0,0,0,100,1,8,Valencia,2019-07-31,True
24154779,Private room,450.0,True,2,28,58,333,84,9,474,Barcelona,2018-06-09,True
24155166,Entire home/apt,330.0,True,30,60,90,365,90,6,158,Malaga,2020-10-30,True
24170917,Private room,1400.0,True,0,0,26,26,100,1,3,Sevilla,2019-07-29,True
24171576,Private room,320.0,True,7,23,33,35,94,111,55,Sevilla,2019-11-29,True
24171715,Entire home/apt,690.0,True,10,36,64,330,100,7,60,Madrid,2018-05-14,True
24174966,Entire home/apt,800.0,True,0,0,7,282,,0,,Barcelona,2019-10-16,
24175076,Entire home/apt,1400.0,True,0,0,14,289,,0,,Barcelona,2021-02-09,
24182384,Entire home/apt,650.0,True,7,20,47,173,100,1,10,Sevilla,2018-08-27,True
24191631,Entire home/apt,1000.0,True,2,5,6,216,97,61,72,Barcelona,2019-02-06,True
24193821,Private room,280.0,True,0,0,10,255,,0,,Madrid,2018-04-12,
24195458,Private room,250.0,True,12,14,14,14,,0,,Barcelona,2018-04-12,
24198132,Entire home/apt,1000.0,True,7,21,40,286,96,33,369,Barcelona,2019-03-08,True
24200381,Entire home/apt,1500.0,True,16,46,76,166,,0,,Madrid,2018-04-12,
24200848,Entire home/apt,2580.0,True,21,44,74,316,93,6,88,Mallorca,2018-11-20,True
24206158,Private room,410.0,True,30,60,82,151,90,90,449,Barcelona,2019-12-10,True
24217165,Entire home/apt,4200.0,True,30,60,90,365,100,1,15,Barcelona,2019-10-16,True
24218366,Entire home/apt,690.0,True,13,43,73,348,79,19,96,Barcelona,2020-02-16,False
24219071,Private room,250.0,True,0,16,40,130,89,8,48,Malaga,2018-05-27,True
24219194,Entire home/apt,940.0,True,29,45,75,314,,0,,Mallorca,2018-11-20,
24219322,Entire home/apt,3980.0,True,0,0,0,0,,0,,Mallorca,2020-01-29,
24221622,Entire home/apt,650.0,True,3,33,56,138,,0,,Menorca,2018-04-21,
24221794,Entire home/apt,1400.0,True,3,7,7,7,96,16,87,Madrid,2019-11-09,True
24223980,Entire home/apt,900.0,True,0,0,0,182,100,4,2,Girona,2019-12-31,True
24224594,Entire home/apt,550.0,True,29,52,82,357,87,24,111,Barcelona,2020-04-16,True
24228191,Private room,590.0,True,13,43,49,139,100,6,148,Barcelona,2018-10-10,True
24236748,Entire home/apt,870.0,True,23,23,23,78,,0,,Girona,2019-05-29,
24236959,Entire home/apt,1120.0,True,21,51,76,224,,0,,Mallorca,2019-03-25,
24239205,Entire home/apt,490.0,True,11,34,37,38,,0,,Girona,2019-06-30,
24239211,Entire home/apt,810.0,True,6,13,27,28,,0,,Girona,2019-06-30,
24244191,Entire home/apt,2990.0,True,30,60,90,254,,0,,Girona,2018-04-21,
24249549,Entire home/apt,1200.0,True,5,5,5,11,87,11,114,Madrid,2019-02-06,True
24253884,Entire home/apt,850.0,True,10,37,60,330,89,16,284,Malaga,2018-09-29,True
24260016,Entire home/apt,1000.0,True,30,60,87,340,95,4,46,Girona,2019-04-29,True
24260229,Private room,290.0,True,5,12,12,12,93,3,30,Sevilla,2018-04-21,True
24295968,Hotel room,1260.0,True,8,26,56,331,75,4,14,Mallorca,2020-09-19,False
24298993,Entire home/apt,640.0,True,0,0,0,0,80,1,4,Girona,2020-11-28,True
24299785,Entire home/apt,2770.0,True,0,28,43,167,100,2,4,Mallorca,2019-01-28,True
24306190,Entire home/apt,1950.0,True,17,17,17,279,93,11,45,Valencia,2020-05-31,True
24307252,Entire home/apt,430.0,True,27,29,29,30,,0,,Girona,2018-08-30,
24309006,Entire home/apt,550.0,True,0,0,0,0,100,4,67,Madrid,2018-11-07,True
24317653,Entire home/apt,1150.0,True,28,35,39,219,100,4,4,Girona,2019-05-29,True
24319134,Entire home/apt,550.0,True,8,8,8,8,,0,,Girona,2018-08-30,
24319543,Entire home/apt,1940.0,True,28,58,88,240,100,2,8,Mallorca,2020-06-25,True
24319577,Private room,80.0,True,11,36,66,91,93,8,75,Barcelona,2019-03-08,True
24320725,Private room,500.0,True,0,0,0,31,87,3,30,Barcelona,2018-05-14,True
24328986,Entire home/apt,610.0,True,15,15,23,298,70,4,49,Barcelona,2019-12-10,False
24330863,Entire home/apt,650.0,True,6,12,18,58,96,46,377,Valencia,2019-05-01,True
24332276,Entire home/apt,750.0,True,24,54,84,359,100,1,10,Sevilla,2018-04-21,True
24335958,Entire home/apt,1690.0,True,0,0,0,0,,0,,Mallorca,2018-08-21,
24339475,Entire home/apt,410.0,True,0,0,0,80,,0,,Barcelona,2019-05-14,
24341066,Entire home/apt,1200.0,True,4,15,28,241,,0,,Barcelona,2018-07-10,
24342447,Hotel room,2000.0,True,0,16,46,160,90,8,34,Barcelona,2020-07-17,True
24343004,Entire home/apt,3820.0,True,0,0,0,77,80,1,21,Mallorca,2018-12-18,True
24344354,Entire home/apt,1620.0,True,0,0,15,146,100,2,11,Mallorca,2021-01-16,True
24348022,Private room,290.0,True,19,19,19,19,99,14,393,Barcelona,2018-08-14,True
24348581,Private room,270.0,True,0,0,0,26,81,35,123,Madrid,2020-08-25,True
24348702,Entire home/apt,740.0,True,18,45,69,159,80,3,30,Madrid,2018-05-14,True
24350858,Private room,450.0,True,20,47,77,257,93,60,203,Mallorca,2020-09-19,True
24362246,Entire home/apt,1320.0,True,11,36,66,141,96,5,13,Madrid,2018-08-14,True
24368095,Entire home/apt,1860.0,True,0,0,0,176,,0,,Mallorca,2018-10-17,
24369154,Entire home/apt,990.0,True,11,36,64,335,87,41,199,Barcelona,2020-01-10,True
24370133,Entire home/apt,3200.0,True,0,0,0,103,,0,,Menorca,2018-08-29,
24370440,Entire home/apt,3220.0,True,8,12,15,135,70,2,9,Mallorca,2020-08-28,False
24370750,Entire home/apt,3390.0,True,0,0,0,182,90,2,1,Menorca,2020-11-30,True
24376153,Entire home/apt,650.0,True,12,20,39,39,96,72,451,Madrid,2019-08-12,True
24376264,Private room,650.0,True,9,9,9,9,96,12,157,Barcelona,2018-12-10,True
24383985,Entire home/apt,1140.0,True,0,0,17,292,,0,,Girona,2018-10-20,
24384019,Entire home/apt,1150.0,True,0,0,2,215,100,10,52,Malaga,2020-01-31,True
24384600,Entire home/apt,950.0,True,2,2,16,270,90,4,27,Mallorca,2019-07-25,True
24385362,Entire home/apt,540.0,True,16,37,58,326,40,1,44,Madrid,2018-11-07,False
24388232,Entire home/apt,600.0,True,15,26,56,56,,0,,Girona,2018-07-31,
24391361,Entire home/apt,1150.0,True,0,0,0,182,100,4,29,Mallorca,2019-06-27,True
24392079,Private room,310.0,True,11,35,62,112,,0,,Barcelona,2018-05-14,
24393658,Entire home/apt,500.0,True,28,58,88,238,89,9,37,Girona,2020-04-30,True
24402981,Entire home/apt,460.0,True,0,0,23,98,,0,,Mallorca,2018-04-18,
24407462,Private room,250.0,True,0,0,0,0,90,2,14,Barcelona,2019-07-10,True
24416076,Entire home/apt,1000.0,True,16,28,37,105,95,26,259,Sevilla,2019-02-18,True
24418977,Entire home/apt,450.0,True,0,13,33,163,85,20,209,Mallorca,2019-02-17,True
24419054,Entire home/apt,1220.0,True,29,59,89,364,87,38,109,Sevilla,2021-02-27,True
24426210,Entire home/apt,670.0,True,0,0,14,147,93,3,15,Girona,2020-01-31,True
24426690,Private room,400.0,True,0,0,0,0,97,8,105,Barcelona,2018-12-10,True
24428148,Entire home/apt,1100.0,True,25,55,85,360,87,3,15,Madrid,2019-12-10,True
24435994,Entire home/apt,2360.0,True,3,11,34,45,100,1,1,Mallorca,2019-07-25,True
24437144,Entire home/apt,2500.0,True,29,41,41,41,100,1,75,Mallorca,2018-11-20,True
24437410,Entire home/apt,500.0,True,30,60,90,365,,0,,Malaga,2018-10-25,
24444860,Entire home/apt,510.0,True,7,14,14,160,,0,,Girona,2018-08-30,
24444900,Entire home/apt,1350.0,True,0,7,7,45,100,1,10,Girona,2019-07-29,True
24444913,Entire home/apt,1690.0,True,0,27,28,115,,0,,Girona,2019-07-29,
24447031,Entire home/apt,2790.0,True,11,40,47,47,,0,,Mallorca,2018-09-18,
24447564,Entire home/apt,1440.0,True,6,8,18,293,,0,,Mallorca,2019-07-25,
24448222,Entire home/apt,2470.0,True,26,56,86,228,,0,,Girona,2020-02-29,
24448879,Entire home/apt,1110.0,True,11,22,47,322,100,1,64,Barcelona,2018-08-14,True
24449942,Private room,450.0,True,0,0,0,0,97,87,298,Barcelona,2020-09-12,True
24462362,Entire home/apt,700.0,True,1,1,1,1,80,1,10,Malaga,2018-08-29,True
24462522,Entire home/apt,1000.0,True,29,59,89,106,98,26,79,Mallorca,2021-01-16,True
24463013,Entire home/apt,650.0,True,23,53,83,173,93,18,206,Madrid,2019-01-14,True
24463484,Entire home/apt,550.0,True,6,36,63,335,81,32,369,Madrid,2019-02-06,True
24467999,Private room,300.0,True,0,0,25,296,96,27,138,Barcelona,2019-12-10,True
24469383,Entire home/apt,900.0,True,8,31,61,282,,0,,Girona,2019-07-29,
24476428,Entire home/apt,980.0,True,30,31,31,31,,0,,Girona,2019-09-30,
24478640,Private room,300.0,True,21,51,79,352,65,4,158,Madrid,2018-07-10,False
24488517,Entire home/apt,380.0,True,14,44,74,349,87,80,233,Madrid,2021-02-09,True
24494484,Private room,300.0,True,30,60,90,90,93,4,17,Barcelona,2020-04-16,True
24508130,Entire home/apt,600.0,True,10,35,62,152,98,8,329,Madrid,2018-07-10,True
24509880,Entire home/apt,790.0,True,15,33,63,333,100,2,34,Madrid,2019-07-10,True
24509903,Entire home/apt,1020.0,True,19,45,72,342,100,1,26,Madrid,2018-09-11,True
24513128,Entire home/apt,400.0,True,0,0,7,17,,0,,Girona,2019-03-30,
24513154,Entire home/apt,3270.0,True,0,0,0,98,100,1,5,Girona,2020-01-31,True
24513158,Entire home/apt,870.0,True,0,0,0,227,100,1,94,Girona,2018-11-26,True
24514035,Entire home/apt,770.0,True,0,0,0,0,100,4,2,Barcelona,2020-09-12,True
24514996,Entire home/apt,690.0,True,9,26,40,128,,0,,Madrid,2018-05-14,
24516968,Entire home/apt,700.0,True,9,37,38,38,95,4,207,Menorca,2019-09-01,True
24520266,Entire home/apt,650.0,True,0,0,0,0,89,72,349,Valencia,2019-12-31,True
24520554,Entire home/apt,1790.0,True,7,32,62,137,100,13,315,Barcelona,2018-09-11,True
24520907,Entire home/apt,3280.0,True,0,0,0,117,80,1,14,Menorca,2019-12-31,True
24521762,Private room,300.0,True,0,0,0,0,95,44,222,Menorca,2019-12-31,True
24527990,Entire home/apt,1870.0,True,12,24,36,154,,0,,Mallorca,2018-08-21,
24530686,Entire home/apt,2620.0,True,11,13,37,192,80,1,1,Mallorca,2019-06-27,True
24533436,Private room,500.0,True,30,60,90,180,100,1,6,Barcelona,2019-09-17,True
24535651,Entire home/apt,590.0,True,30,57,87,87,85,24,152,Madrid,2019-08-12,True
24537065,Entire home/apt,940.0,True,0,0,0,0,,0,,Girona,2018-11-26,
24539639,Private room,250.0,True,11,41,71,346,99,31,36,Barcelona,2019-01-14,True
24539721,Entire home/apt,2200.0,True,30,60,90,220,,0,,Girona,2019-04-29,
24542897,Entire home/apt,1250.0,True,0,14,44,319,100,4,7,Madrid,2018-11-07,True
24548507,Entire home/apt,580.0,True,30,60,90,158,92,19,6,Valencia,2021-01-19,True
24554607,Entire home/apt,800.0,True,29,59,89,364,86,24,75,Girona,2021-01-31,True
24555168,Entire home/apt,100.0,True,0,0,0,0,,0,,Girona,2018-10-20,
24572335,Private room,750.0,True,20,50,80,355,93,3,134,Menorca,2018-08-29,True
24573390,Entire home/apt,1500.0,True,29,59,89,364,100,4,63,Madrid,2018-11-07,True
24586318,Entire home/apt,950.0,True,4,18,46,136,92,27,182,Mallorca,2019-07-25,True
24589238,Private room,750.0,True,0,0,0,0,93,43,327,Barcelona,2019-07-10,True
24589255,Private room,460.0,True,0,0,0,0,84,5,59,Barcelona,2019-01-14,True
24589911,Entire home/apt,460.0,True,0,0,0,228,,0,,Barcelona,2019-01-14,
24590040,Hotel room,1380.0,True,22,50,78,351,100,1,13,Barcelona,2019-12-10,True
24596987,Entire home/apt,820.0,True,0,0,0,0,90,4,16,Sevilla,2020-06-29,True
24599116,Entire home/apt,1000.0,True,29,59,89,333,96,5,28,Mallorca,2020-01-29,True
24599766,Private room,280.0,True,11,22,33,253,98,22,139,Madrid,2019-08-12,True
24600973,Entire home/apt,450.0,True,3,33,60,329,95,14,42,Sevilla,2021-01-31,True
24605394,Entire home/apt,600.0,True,5,5,5,5,98,10,134,Madrid,2018-12-10,True
24609295,Private room,250.0,True,1,1,1,7,,1,10,Barcelona,2018-06-09,
24613065,Entire home/apt,950.0,True,18,46,49,49,90,2,17,Girona,2020-06-29,True
24613238,Entire home/apt,830.0,True,30,56,68,138,90,2,21,Girona,2019-05-29,True
24614824,Entire home/apt,1000.0,True,2,13,20,233,99,115,63,Sevilla,2019-10-30,True
24614926,Entire home/apt,590.0,True,0,0,30,245,100,1,24,Girona,2019-12-31,True
24616180,Private room,150.0,True,2,10,10,10,100,2,20,Barcelona,2018-05-14,True
24623649,Entire home/apt,1820.0,True,28,58,88,363,,0,,Madrid,2020-07-17,
24626723,Private room,1100.0,True,0,0,0,0,,0,,Barcelona,2020-03-16,
24628705,Entire home/apt,750.0,True,24,51,81,323,72,5,27,Malaga,2019-12-31,False
24629879,Entire home/apt,1370.0,True,0,0,0,0,,0,,Girona,2018-09-28,
24630661,Entire home/apt,450.0,True,15,38,66,139,96,40,506,Sevilla,2018-12-21,True
24635035,Entire home/apt,3530.0,True,6,9,9,9,,0,,Girona,2019-06-30,
24636302,Entire home/apt,510.0,True,14,30,60,320,,0,,Girona,2020-05-28,
24640474,Entire home/apt,1080.0,True,22,52,82,161,90,53,258,Madrid,2020-01-10,True
24647213,Entire home/apt,650.0,True,18,42,67,157,97,102,668,Malaga,2019-07-30,True
24649658,Entire home/apt,600.0,True,14,23,43,288,100,1,14,Malaga,2019-05-30,True
24650389,Entire home/apt,600.0,True,0,28,57,174,97,7,33,Malaga,2020-05-31,True
24650680,Private room,420.0,True,0,0,0,0,93,17,342,Mallorca,2018-10-17,True
24654740,Entire home/apt,600.0,True,0,15,37,128,100,2,74,Menorca,2018-07-31,True
24661861,Private room,200.0,True,0,0,0,251,,0,,Madrid,2018-10-10,
24662715,Private room,450.0,True,5,20,41,242,98,68,448,Barcelona,2019-08-12,True
24664773,Entire home/apt,1010.0,True,0,0,0,2,,0,,Mallorca,2020-10-21,
24667206,Shared room,420.0,True,16,46,76,351,90,28,50,Mallorca,2018-10-17,True
24671202,Entire home/apt,600.0,True,1,1,1,1,,0,,Girona,2019-08-31,
24672820,Private room,200.0,True,0,0,0,0,87,12,56,Madrid,2020-04-17,True
24675936,Private room,170.0,True,0,9,39,56,,0,,Madrid,2018-05-14,
24677555,Entire home/apt,450.0,True,7,37,42,42,96,5,43,Barcelona,2019-08-12,True
24678578,Private room,460.0,True,15,38,68,294,92,178,814,Madrid,2020-02-18,True
24681321,Entire home/apt,1200.0,True,28,58,88,94,100,1,91,Girona,2018-08-30,True
24682759,Entire home/apt,1170.0,True,0,0,0,241,,0,,Girona,2018-08-30,
24684626,Entire home/apt,340.0,True,5,35,65,171,,0,,Girona,2020-04-30,
24685845,Entire home/apt,430.0,True,16,30,60,172,,1,8,Girona,2020-04-30,
24686395,Entire home/apt,360.0,True,22,52,70,140,,0,,Girona,2019-07-29,
24686494,Entire home/apt,500.0,True,0,0,0,271,,0,,Girona,2018-09-28,
24688159,Private room,200.0,True,0,0,0,54,68,5,61,Madrid,2019-03-08,False
24689035,Entire home/apt,500.0,True,18,48,78,293,,0,,Girona,2019-03-30,
24689070,Entire home/apt,500.0,True,30,60,90,316,,0,,Girona,2019-02-19,
24693501,Private room,370.0,True,24,54,84,359,,1,,Madrid,2018-05-14,
24694493,Entire home/apt,650.0,True,0,0,0,102,87,3,77,Barcelona,2019-02-06,True
24698950,Entire home/apt,700.0,True,8,23,40,241,90,4,43,Madrid,2019-02-06,True
24706447,Entire home/apt,650.0,True,29,59,89,333,95,42,20,Girona,2020-01-31,True
24707742,Private room,400.0,True,12,31,31,31,,0,,Barcelona,2018-06-09,
24712893,Private room,230.0,True,0,13,43,318,,0,,Valencia,2019-09-01,
24712927,Entire home/apt,790.0,True,21,31,56,328,100,1,10,Madrid,2018-08-14,True
24713733,Entire home/apt,500.0,True,6,10,25,110,99,23,11,Malaga,2020-01-31,True
24731557,Entire home/apt,1250.0,True,30,60,90,365,95,39,21,Mallorca,2019-12-31,True
24733326,Entire home/apt,1000.0,True,29,59,89,364,100,1,34,Valencia,2020-11-10,True
24742078,Private room,900.0,True,16,42,72,162,,0,,Mallorca,2018-07-29,
24745888,Entire home/apt,360.0,True,16,46,76,76,86,108,352,Madrid,2020-12-17,True
24746387,Entire home/apt,1430.0,True,3,26,56,179,,0,,Mallorca,2019-07-25,
24747049,Entire home/apt,1740.0,True,0,7,37,312,100,10,35,Mallorca,2020-11-08,True
24747496,Entire home/apt,2570.0,True,0,0,16,210,,0,,Mallorca,2018-12-18,
24747700,Entire home/apt,1250.0,True,19,29,52,299,100,2,11,Barcelona,2020-04-16,True
24749761,Private room,930.0,True,24,54,84,85,92,30,452,Barcelona,2018-12-10,True
24751348,Entire home/apt,1500.0,True,12,37,65,300,100,1,8,Sevilla,2019-05-29,True
24752653,Entire home/apt,1000.0,True,29,47,77,253,98,129,539,Madrid,2020-05-14,True
24753110,Entire home/apt,1250.0,True,18,36,58,316,100,1,6,Sevilla,2019-10-30,True
24753780,Entire home/apt,1310.0,True,14,44,71,104,80,8,12,Barcelona,2018-12-10,True
24754917,Private room,660.0,True,0,0,0,0,,0,,Barcelona,2020-06-13,
24761985,Entire home/apt,550.0,True,30,60,90,180,93,3,18,Girona,2019-11-30,True
24762192,Entire home/apt,800.0,True,17,46,76,130,98,41,456,Madrid,2019-02-06,True
24765214,Entire home/apt,2070.0,True,0,0,0,0,,0,,Girona,2020-02-29,
24767736,Entire home/apt,500.0,True,3,31,61,336,100,4,167,Girona,2018-07-31,True
24768209,Private room,350.0,True,9,9,9,9,100,3,30,Barcelona,2018-05-14,True
24769581,Entire home/apt,930.0,True,8,38,68,329,95,12,188,Mallorca,2019-09-28,True
24776027,Entire home/apt,600.0,True,29,59,88,363,87,15,59,Girona,2020-05-28,True
24776198,Entire home/apt,600.0,True,0,0,26,267,86,27,124,Girona,2020-03-26,True
24787391,Entire home/apt,990.0,True,3,30,60,335,97,27,186,Girona,2019-07-29,True
24794780,Entire home/apt,3000.0,True,6,10,14,283,,0,,Girona,2019-05-29,
24796633,Entire home/apt,1200.0,True,30,52,82,302,95,4,54,Barcelona,2019-03-08,True
24797439,Private room,1040.0,True,29,59,89,341,100,1,6,Mallorca,2021-01-16,True
24799307,Private room,600.0,True,2,20,50,325,94,19,273,Barcelona,2018-12-10,True
24799497,Entire home/apt,600.0,True,30,60,90,365,95,43,186,Madrid,2020-04-17,True
24800101,Entire home/apt,750.0,True,0,0,0,4,94,10,109,Madrid,2019-02-06,True
24800530,Entire home/apt,810.0,True,1,29,59,334,,0,,Sevilla,2019-06-29,
24806503,Private room,320.0,True,29,59,89,364,95,13,66,Madrid,2021-01-12,True
24807289,Entire home/apt,490.0,True,9,39,69,344,91,62,319,Madrid,2019-12-10,True
24813961,Private room,180.0,True,0,0,9,9,96,10,112,Madrid,2019-02-06,True
24816210,Entire home/apt,550.0,True,0,0,0,0,95,17,327,Madrid,2018-10-10,True
24817748,Entire home/apt,570.0,True,28,42,49,49,,0,,Girona,2018-10-20,
24819177,Entire home/apt,890.0,True,6,26,56,331,88,26,256,Barcelona,2019-03-08,True
24820116,Private room,400.0,True,28,58,88,88,85,44,157,Barcelona,2020-08-24,True
24821215,Entire home/apt,1150.0,True,30,32,32,32,93,3,83,Girona,2019-11-30,True
24821841,Entire home/apt,2090.0,True,27,57,76,230,88,5,27,Mallorca,2020-03-22,True
24821982,Entire home/apt,990.0,True,30,60,90,365,,0,,Madrid,2020-09-13,
24823132,Entire home/apt,490.0,True,1,1,1,1,99,31,104,Girona,2020-11-28,True
24826385,Entire home/apt,2360.0,True,25,54,54,86,,0,,Girona,2018-08-30,
24832271,Entire home/apt,620.0,True,2,6,15,56,96,32,294,Madrid,2019-04-11,True
24832484,Private room,400.0,True,16,16,16,16,,0,,Barcelona,2018-07-10,
24841608,Entire home/apt,500.0,True,6,14,16,16,90,20,126,Mallorca,2019-08-31,True
24841791,Private room,300.0,True,10,31,61,336,,0,,Barcelona,2018-05-14,
24842808,Entire home/apt,580.0,True,0,0,0,0,100,1,39,Girona,2018-10-20,True
24845210,Entire home/apt,390.0,True,15,42,72,347,97,15,324,Malaga,2018-09-29,True
24847533,Entire home/apt,1000.0,True,18,46,76,76,,0,,Madrid,2018-09-11,
24853568,Private room,1300.0,True,29,59,89,364,98,32,184,Barcelona,2019-10-16,True
24859912,Entire home/apt,3000.0,True,23,53,83,341,84,20,368,Girona,2018-10-20,True
24866097,Entire home/apt,450.0,True,4,31,61,65,100,1,10,Girona,2019-07-29,True
24869952,Private room,250.0,True,8,34,38,217,96,100,728,Sevilla,2019-06-29,True
24870129,Private room,500.0,True,12,27,57,112,,0,,Barcelona,2018-06-09,
24872161,Entire home/apt,600.0,True,19,39,69,75,98,116,426,Madrid,2020-08-25,True
24887503,Private room,350.0,True,30,60,90,365,91,30,307,Barcelona,2019-03-08,True
24888213,Entire home/apt,650.0,True,10,29,59,149,100,4,37,Malaga,2019-06-30,True
24889262,Entire home/apt,1770.0,True,14,38,47,88,93,3,49,Mallorca,2019-03-25,True
24898801,Entire home/apt,3030.0,True,0,0,0,163,,0,,Mallorca,2018-11-20,
24901763,Entire home/apt,900.0,True,0,0,0,94,,0,,Girona,2020-04-30,
24903688,Entire home/apt,4620.0,True,11,41,71,161,,0,,Mallorca,2018-07-29,
24909187,Entire home/apt,700.0,True,2,2,13,114,100,8,94,Madrid,2019-02-06,True
24913906,Entire home/apt,650.0,True,0,0,0,171,92,39,27,Madrid,2019-09-19,True
24914332,Entire home/apt,1550.0,True,0,0,0,0,,0,,Girona,2019-11-30,
24914994,Private room,400.0,True,29,59,89,179,91,7,98,Madrid,2019-02-06,True
24915381,Entire home/apt,980.0,True,5,20,28,113,92,25,214,Girona,2019-05-29,True
24924496,Entire home/apt,550.0,True,6,36,66,341,,2,75,Girona,2018-07-31,
24927033,Private room,230.0,True,12,20,41,54,88,109,54,Madrid,2020-01-10,True
24929325,Entire home/apt,2000.0,True,1,18,19,19,,0,,Girona,2018-07-31,
24929443,Entire home/apt,700.0,True,17,42,72,308,80,2,29,Barcelona,2019-02-06,True
24930010,Entire home/apt,700.0,True,15,35,63,208,,0,,Barcelona,2018-05-14,
24933050,Entire home/apt,650.0,True,12,26,46,185,,0,,Barcelona,2018-05-14,
24935624,Private room,500.0,True,0,3,6,6,,0,,Barcelona,2018-05-14,
24949772,Entire home/apt,840.0,True,24,54,64,170,,0,,Girona,2020-03-26,
24954903,Entire home/apt,410.0,True,8,18,41,219,80,3,79,Madrid,2018-09-11,True
24954938,Entire home/apt,1300.0,True,0,0,0,95,80,4,102,Menorca,2018-11-27,True
24956159,Entire home/apt,550.0,True,0,0,0,24,100,3,16,Malaga,2020-02-29,True
24957949,Entire home/apt,1500.0,True,14,32,49,110,97,18,201,Sevilla,2019-02-18,True
24960670,Private room,1000.0,True,0,24,54,144,96,21,307,Barcelona,2018-12-10,True
24960837,Entire home/apt,2000.0,True,0,0,0,0,95,4,108,Girona,2018-11-26,True
24964820,Entire home/apt,540.0,True,26,53,80,170,93,183,652,Valencia,2020-09-28,True
24967594,Entire home/apt,700.0,True,0,0,0,40,98,8,15,Sevilla,2018-10-18,True
24979086,Entire home/apt,2500.0,True,17,29,55,318,,0,,Barcelona,2018-05-14,
24979591,Entire home/apt,2820.0,True,23,36,45,94,,0,,Mallorca,2019-03-25,
24981829,Private room,220.0,True,26,56,86,361,,0,,Valencia,2019-07-01,
24982258,Entire home/apt,900.0,True,28,58,88,363,93,15,82,Madrid,2019-12-10,True
24999781,Entire home/apt,550.0,True,0,0,0,29,100,4,106,Malaga,2019-10-31,True
25002270,Entire home/apt,780.0,True,5,29,47,219,80,4,124,Madrid,2019-05-14,True
25002750,Entire home/apt,5000.0,True,11,28,50,307,86,7,10,Sevilla,2019-04-27,True
25005996,Entire home/apt,800.0,True,7,19,31,258,99,59,292,Malaga,2020-01-31,True
25008807,Entire home/apt,650.0,True,17,36,50,163,98,11,121,Malaga,2019-02-24,True
25020370,Entire home/apt,380.0,True,0,17,47,232,,0,,Girona,2018-09-28,
25025564,Entire home/apt,650.0,True,26,56,86,159,87,3,25,Malaga,2019-09-01,True
25027606,Private room,400.0,True,0,0,2,239,100,4,197,Barcelona,2019-06-07,True
25032234,Private room,480.0,True,24,54,84,174,,0,,Barcelona,2018-05-14,
25041079,Private room,310.0,True,0,15,45,135,96,65,238,Barcelona,2020-10-12,True
25045965,Private room,270.0,True,0,18,20,20,94,25,237,Malaga,2019-03-31,True
25050194,Private room,180.0,True,16,34,55,92,83,52,527,Madrid,2019-03-08,True
25051663,Entire home/apt,780.0,True,12,35,63,144,95,125,584,Madrid,2020-02-18,True
25059708,Private room,550.0,True,0,1,18,185,100,9,105,Mallorca,2019-02-17,True
25060006,Entire home/apt,1590.0,True,0,29,59,321,,0,,Girona,2018-07-31,
25063330,Entire home/apt,700.0,True,29,59,75,255,92,150,599,Madrid,2020-06-13,True
25067794,Private room,160.0,True,30,41,46,99,91,111,476,Barcelona,2020-05-11,True
25068675,Entire home/apt,590.0,True,26,26,26,26,,0,,Girona,2019-08-31,
25069074,Private room,200.0,True,0,0,0,0,87,15,91,Madrid,2019-11-09,True
25069670,Entire home/apt,430.0,True,30,60,90,180,92,56,186,Madrid,2020-11-06,True
25071694,Entire home/apt,1080.0,True,0,0,0,64,,1,2,Girona,2018-10-20,
25073510,Entire home/apt,450.0,True,17,35,43,85,86,11,113,Valencia,2019-05-31,True
25074266,Entire home/apt,2500.0,True,19,46,74,74,,0,,Girona,2019-07-29,
25093377,Entire home/apt,1200.0,True,21,51,76,216,,0,,Girona,2019-03-30,
25115788,Shared room,500.0,True,0,0,0,0,,0,,Barcelona,2020-02-16,
25116135,Hotel room,1500.0,True,22,46,76,339,100,1,9,Sevilla,2019-09-30,True
25116518,Entire home/apt,1430.0,True,5,31,61,336,,0,,Girona,2019-07-29,
25118562,Entire home/apt,2200.0,True,6,16,37,309,87,4,8,Barcelona,2018-07-10,True
25118801,Entire home/apt,950.0,True,23,37,55,218,98,13,71,Mallorca,2020-01-29,True
25121045,Entire home/apt,2970.0,True,26,31,61,151,,0,,Girona,2019-06-30,
25125251,Entire home/apt,1100.0,True,15,27,57,332,,0,,Barcelona,2018-06-09,
25125892,Entire home/apt,1200.0,True,7,26,49,324,98,10,357,Barcelona,2018-08-14,True
25127261,Entire home/apt,870.0,True,28,58,88,103,,0,,Mallorca,2018-09-18,
25127489,Entire home/apt,1200.0,True,0,15,36,258,,0,,Barcelona,2019-04-10,
25127509,Entire home/apt,380.0,True,0,0,12,12,88,65,36,Valencia,2019-12-31,True
25150033,Entire home/apt,500.0,True,29,59,77,352,,0,,Girona,2019-05-29,
25157955,Private room,590.0,True,29,59,89,89,93,31,134,Barcelona,2020-05-11,True
25162141,Private room,250.0,True,0,0,0,0,100,2,68,Madrid,2018-08-14,True
25166034,Entire home/apt,300.0,True,26,56,86,207,96,65,265,Girona,2020-05-28,True
25181143,Shared room,420.0,True,0,0,0,17,95,27,88,Barcelona,2020-12-16,True
25181770,Private room,260.0,True,0,0,0,191,93,15,865,Barcelona,2018-07-10,True
25185445,Private room,400.0,True,26,47,67,67,96,33,398,Barcelona,2019-02-06,True
25200094,Private room,250.0,True,30,53,53,53,100,3,30,Barcelona,2018-06-09,True
25204332,Private room,150.0,True,0,8,37,37,91,7,214,Barcelona,2018-10-10,True
25204415,Entire home/apt,1400.0,True,16,37,59,141,89,19,141,Barcelona,2019-07-10,True
25216053,Entire home/apt,430.0,True,11,31,42,127,100,5,417,Madrid,2018-07-10,True
25218268,Entire home/apt,1200.0,True,0,0,0,91,99,30,191,Girona,2019-09-30,True
25224962,Entire home/apt,2000.0,True,0,0,27,302,100,2,8,Mallorca,2020-08-28,True
25225942,Entire home/apt,600.0,True,6,36,66,341,100,1,10,Girona,2018-07-31,True
25229522,Entire home/apt,710.0,True,4,34,62,242,97,41,332,Valencia,2019-05-31,True
25230976,Entire home/apt,510.0,True,0,0,0,0,92,159,541,Valencia,2020-10-24,True
25232579,Private room,300.0,True,16,46,76,256,99,22,16,Girona,2019-08-31,True
25232910,Entire home/apt,460.0,True,3,30,60,88,94,10,297,Madrid,2018-09-11,True
25234088,Private room,190.0,True,0,0,0,0,98,9,3,Madrid,2020-12-17,True
25241388,Entire home/apt,2890.0,True,0,0,0,9,100,3,32,Menorca,2019-03-31,True
25241946,Private room,400.0,True,0,0,0,0,,0,,Barcelona,2018-09-11,
25244544,Entire home/apt,330.0,True,24,54,84,88,,0,,Girona,2019-05-29,
25249874,Entire home/apt,1240.0,True,4,20,31,306,80,1,11,Girona,2020-05-28,True
25252459,Entire home/apt,680.0,True,15,22,52,57,100,19,98,Valencia,2019-12-31,True
25272074,Private room,400.0,True,27,36,36,36,96,5,54,Barcelona,2019-03-08,True
25272547,Entire home/apt,950.0,True,23,39,69,159,,0,,Girona,2020-05-28,
25273892,Private room,350.0,True,0,0,0,74,100,1,5,Madrid,2020-03-17,True
25280928,Entire home/apt,670.0,True,1,1,1,172,93,44,151,Madrid,2020-10-17,True
25287991,Entire home/apt,1300.0,True,30,60,90,365,80,1,23,Girona,2018-12-22,True
25288343,Entire home/apt,1990.0,True,0,0,0,0,84,5,3,Girona,2019-11-30,True
25304839,Entire home/apt,980.0,True,12,38,56,244,90,22,143,Barcelona,2019-10-16,True
25305773,Entire home/apt,100.0,True,0,0,0,0,,0,,Mallorca,2019-02-17,
25309225,Shared room,370.0,True,27,57,87,362,100,3,4,Barcelona,2020-08-24,True
25309242,Private room,400.0,True,30,59,81,171,99,31,137,Menorca,2020-04-30,True
25313103,Entire home/apt,2360.0,True,26,56,86,229,,0,,Girona,2020-04-30,
25314093,Entire home/apt,2850.0,True,30,60,90,365,,0,,Mallorca,2019-08-31,
25333936,Entire home/apt,2430.0,True,29,59,89,364,,0,,Girona,2019-04-29,
25335962,Private room,600.0,True,0,0,0,6,100,5,5,Barcelona,2019-04-10,True
25338259,Entire home/apt,750.0,True,27,49,79,338,98,55,246,Valencia,2020-03-26,True
25342306,Entire home/apt,1330.0,True,18,48,78,353,96,5,23,Madrid,2020-04-17,True
25344252,Private room,140.0,True,29,29,29,298,,0,,Sevilla,2019-03-28,
25360593,Entire home/apt,1080.0,True,28,37,67,69,,0,,Girona,2019-06-30,
25362217,Entire home/apt,600.0,True,11,32,55,330,,0,,Malaga,2018-11-27,
25366780,Entire home/apt,700.0,True,30,60,90,322,91,9,122,Girona,2021-01-31,True
25368513,Shared room,150.0,True,20,46,51,326,91,15,206,Malaga,2019-03-31,True
25369411,Entire home/apt,600.0,True,30,46,76,351,98,25,112,Mallorca,2020-04-23,True
25370511,Entire home/apt,900.0,True,29,59,89,364,81,18,56,Sevilla,2021-01-31,True
25371389,Private room,200.0,True,3,3,3,3,82,9,69,Madrid,2019-08-12,True
25372941,Entire home/apt,900.0,True,6,36,56,331,98,9,214,Barcelona,2018-10-10,True
25374929,Entire home/apt,2910.0,True,0,0,0,177,,1,52,Mallorca,2019-05-27,
25386038,Entire home/apt,2780.0,True,13,22,22,67,,0,,Barcelona,2018-07-10,
25386833,Private room,170.0,True,29,59,89,364,95,24,93,Madrid,2020-07-17,True
25387196,Entire home/apt,920.0,True,2,26,56,268,93,25,92,Barcelona,2021-01-12,True
25387596,Private room,190.0,True,0,25,55,310,100,6,6,Madrid,2019-08-12,True
25389428,Entire home/apt,990.0,True,0,0,0,272,,0,,Girona,2018-08-30,
25389553,Private room,180.0,True,0,0,0,0,94,14,228,Madrid,2018-12-10,True
25389648,Private room,300.0,True,1,7,35,35,80,1,10,Barcelona,2018-07-10,True
25391623,Entire home/apt,600.0,True,26,56,86,338,90,4,58,Girona,2019-02-19,True
25398665,Private room,200.0,True,11,41,71,71,92,29,95,Barcelona,2021-02-09,True
25402379,Private room,320.0,True,0,0,0,0,,0,,Barcelona,2019-06-07,
25410151,Private room,160.0,True,12,41,71,71,89,35,463,Madrid,2019-02-06,True
25410568,Entire home/apt,1000.0,True,29,59,89,364,,2,8,Barcelona,2020-08-24,
25422170,Entire home/apt,590.0,True,3,18,25,94,96,11,104,Madrid,2019-04-11,True
25425500,Private room,180.0,True,30,60,90,365,70,2,18,Barcelona,2019-05-14,False
25435100,Private room,400.0,True,30,60,90,180,96,15,53,Barcelona,2020-11-06,True
25435426,Entire home/apt,450.0,True,24,54,84,351,80,4,31,Valencia,2019-11-30,True
25439989,Private room,400.0,True,23,53,83,358,90,4,119,Barcelona,2018-09-11,True
25445989,Private room,180.0,True,0,0,0,225,70,4,231,Madrid,2018-08-14,False
25452407,Entire home/apt,1020.0,True,26,56,86,86,,0,,Barcelona,2018-07-10,
25453975,Entire home/apt,1040.0,True,28,31,31,31,,0,,Mallorca,2019-11-28,
25457678,Private room,300.0,True,0,0,0,274,,1,13,Madrid,2019-01-14,
25466525,Entire home/apt,1500.0,True,16,33,50,262,97,34,40,Valencia,2019-03-31,True
25467449,Entire home/apt,2220.0,True,29,59,89,179,,0,,Girona,2019-02-19,
25468435,Entire home/apt,690.0,True,0,9,39,39,,0,,Valencia,2019-05-31,
25468472,Entire home/apt,680.0,True,3,26,56,87,,0,,Girona,2020-04-30,
25469197,Entire home/apt,850.0,True,1,18,32,191,93,22,184,Madrid,2019-07-10,True
25469355,Entire home/apt,720.0,True,5,28,55,77,99,67,365,Madrid,2019-12-10,True
25470605,Private room,500.0,True,5,13,30,192,97,124,595,Barcelona,2020-02-16,True
25471570,Private room,450.0,True,7,37,67,342,97,19,528,Mallorca,2018-09-18,True
25474892,Entire home/apt,520.0,True,2,28,58,154,90,21,151,Malaga,2019-07-30,True
25475935,Entire home/apt,580.0,True,9,11,35,131,95,11,82,Girona,2019-07-29,True
25502663,Entire home/apt,2350.0,True,22,31,38,141,,0,,Mallorca,2020-03-22,
25508901,Private room,250.0,True,0,0,18,108,98,55,213,Barcelona,2020-08-24,True
25513409,Private room,520.0,True,1,23,48,48,90,49,401,Barcelona,2019-06-07,True
25525637,Entire home/apt,500.0,True,4,4,4,4,94,44,346,Madrid,2019-08-12,True
25528643,Private room,700.0,True,0,0,0,0,100,3,68,Madrid,2018-10-10,True
25529495,Entire home/apt,540.0,True,18,33,48,83,,0,,Girona,2019-04-29,
25529608,Entire home/apt,450.0,True,26,26,26,26,,0,,Girona,2018-09-28,
25531738,Private room,800.0,True,17,47,77,92,,0,,Barcelona,2018-12-10,
25532907,Entire home/apt,400.0,True,24,38,45,45,100,5,29,Girona,2020-03-26,True
25533254,Private room,240.0,True,2,14,44,44,100,25,126,Valencia,2020-01-31,True
25535365,Entire home/apt,580.0,True,0,0,0,11,80,3,164,Girona,2018-08-30,True
25537212,Private room,970.0,True,30,60,90,90,70,4,10,Mallorca,2018-11-20,False
25539375,Private room,290.0,True,0,0,0,0,100,4,6,Madrid,2019-01-14,True
25541322,Entire home/apt,400.0,True,30,60,90,365,,0,,Barcelona,2020-02-16,
25543867,Entire home/apt,800.0,True,10,40,68,343,100,1,10,Madrid,2018-07-10,True
25559303,Private room,500.0,True,30,60,90,180,100,1,37,Madrid,2020-03-17,True
25565957,Entire home/apt,2110.0,True,0,0,0,128,,0,,Mallorca,2018-07-29,
25569883,Entire home/apt,4630.0,True,28,53,53,149,,0,,Mallorca,2018-08-21,
25575730,Entire home/apt,1220.0,True,13,13,13,214,,0,,Mallorca,2018-10-17,
25604805,Entire home/apt,1000.0,True,0,0,0,0,100,2,66,Girona,2018-12-22,True
25610120,Entire home/apt,790.0,True,8,9,9,146,99,16,154,Valencia,2019-05-01,True
25616661,Private room,290.0,True,0,0,0,0,,0,,Madrid,2019-09-19,
25617731,Entire home/apt,1000.0,True,22,52,75,75,80,5,50,Barcelona,2018-07-10,True
25619817,Entire home/apt,1000.0,True,30,60,90,365,,1,4,Girona,2020-11-28,
25636074,Entire home/apt,390.0,True,0,10,40,40,,0,,Barcelona,2020-01-10,
25647978,Entire home/apt,1600.0,True,0,0,0,229,97,7,39,Menorca,2019-12-31,True
25656652,Entire home/apt,2000.0,True,1,1,1,1,94,7,31,Girona,2020-06-29,True
25659452,Private room,890.0,True,30,60,90,169,87,54,254,Barcelona,2020-03-16,True
25668152,Entire home/apt,1750.0,True,0,0,0,0,95,11,65,Barcelona,2020-01-10,True
25705741,Entire home/apt,1220.0,True,19,39,61,310,80,1,12,Malaga,2019-05-01,True
25711907,Private room,400.0,True,5,5,29,145,100,3,21,Barcelona,2019-10-16,True
25714805,Hotel room,990.0,True,13,13,13,13,94,20,87,Malaga,2020-06-30,True
25716251,Private room,1190.0,True,30,60,90,365,,0,,Mallorca,2020-04-23,
25716690,Entire home/apt,590.0,True,12,36,65,155,100,1,10,Madrid,2018-10-10,True
25723928,Entire home/apt,1000.0,True,29,49,61,330,84,9,4,Valencia,2020-05-31,True
25732701,Entire home/apt,3180.0,True,30,60,90,90,95,4,7,Mallorca,2019-01-28,True
25734841,Private room,130.0,True,0,0,0,0,90,2,8,Madrid,2020-12-17,True
25761424,Private room,500.0,True,30,60,90,90,,0,,Barcelona,2018-07-10,
25761607,Entire home/apt,660.0,True,22,52,82,357,90,2,15,Madrid,2020-02-18,True
25761885,Entire home/apt,900.0,True,30,57,86,162,82,42,186,Madrid,2020-04-17,True
25768915,Entire home/apt,600.0,True,13,39,69,96,94,7,266,Madrid,2018-09-11,True
25769801,Entire home/apt,550.0,True,20,44,73,340,96,65,416,Valencia,2019-09-30,True
25775053,Private room,500.0,True,21,51,81,81,100,1,10,Barcelona,2018-07-10,True
25778931,Private room,1000.0,True,24,54,84,359,,0,,Barcelona,2018-06-09,
25793701,Private room,280.0,True,30,60,90,180,97,42,193,Mallorca,2020-12-19,True
25795620,Entire home/apt,1000.0,True,0,0,0,174,96,16,88,Malaga,2019-12-31,True
25797801,Private room,110.0,True,15,37,56,220,60,2,8,Madrid,2020-06-13,False
25803053,Private room,180.0,True,2,10,38,310,94,28,105,Sevilla,2018-08-27,True
25808403,Private room,600.0,True,26,49,49,49,,1,10,Barcelona,2018-06-09,
25822876,Entire home/apt,1700.0,True,20,37,67,338,95,19,318,Barcelona,2018-12-10,True
25823209,Private room,190.0,True,22,52,82,172,88,28,137,Barcelona,2020-02-16,True
25823539,Entire home/apt,2060.0,True,30,56,86,340,100,2,57,Mallorca,2018-11-20,True
25823763,Entire home/apt,800.0,True,0,0,0,0,93,12,75,Madrid,2019-11-09,True
25825184,Entire home/apt,850.0,True,0,0,2,125,96,15,69,Valencia,2020-03-26,True
25827557,Private room,550.0,True,30,60,90,90,84,11,53,Mallorca,2020-04-23,True
25830432,Private room,240.0,True,1,1,14,289,,0,,Barcelona,2019-08-12,
25833586,Entire home/apt,400.0,True,28,58,88,212,60,1,86,Malaga,2018-09-29,False
25841900,Private room,550.0,True,7,37,67,237,86,37,178,Mallorca,2020-02-29,True
25852240,Entire home/apt,4260.0,True,29,59,89,364,,0,,Mallorca,2019-11-28,
25853337,Private room,290.0,True,0,0,0,0,96,10,76,Madrid,2019-07-10,True
25853542,Entire home/apt,460.0,True,9,25,25,33,96,5,174,Madrid,2018-09-11,True
25860875,Entire home/apt,850.0,True,9,26,40,57,100,10,303,Girona,2018-09-28,True
25864590,Entire home/apt,2000.0,True,27,57,87,362,100,1,88,Girona,2018-09-28,True
25866242,Entire home/apt,4660.0,True,10,40,60,65,,0,,Mallorca,2018-07-29,
25872071,Entire home/apt,1000.0,True,3,4,12,87,,0,,Barcelona,2018-07-10,
25872708,Private room,250.0,True,0,0,0,0,100,2,13,Madrid,2019-09-19,True
25875127,Entire home/apt,3420.0,True,16,16,16,274,,0,,Girona,2019-05-29,
25876177,Entire home/apt,1000.0,True,16,46,72,340,93,15,321,Barcelona,2018-11-07,True
25880882,Private room,150.0,True,7,37,67,67,94,19,61,Valencia,2021-01-19,True
25881568,Entire home/apt,550.0,True,3,10,33,54,93,39,352,Madrid,2019-05-14,True
25886998,Entire home/apt,800.0,True,22,52,82,82,98,11,53,Girona,2020-03-26,True
25891941,Private room,600.0,True,28,58,88,88,,0,,Barcelona,2020-04-16,
25892061,Private room,280.0,True,0,0,0,0,99,72,223,Barcelona,2021-02-09,True
25897554,Entire home/apt,1700.0,True,25,55,85,360,100,1,10,Mallorca,2018-09-18,True
25900726,Entire home/apt,720.0,True,0,0,0,0,97,19,61,Madrid,2021-01-12,True
25909165,Private room,350.0,True,20,50,80,355,84,18,178,Barcelona,2020-04-16,True
25915998,Private room,450.0,True,8,30,60,60,90,6,273,Madrid,2018-09-11,True
25927780,Entire home/apt,580.0,True,17,19,19,20,80,1,28,Girona,2019-09-30,True
25929692,Entire home/apt,1300.0,True,9,39,55,55,80,2,17,Girona,2019-09-30,True
25929940,Entire home/apt,950.0,True,11,33,55,108,100,2,24,Valencia,2019-03-31,True
25934177,Private room,320.0,True,14,44,74,349,75,8,7,Girona,2019-07-29,False
25939951,Entire home/apt,1400.0,True,30,60,90,365,90,2,1,Girona,2020-03-26,True
25956365,Entire home/apt,3840.0,True,0,1,1,187,100,1,2,Mallorca,2019-11-28,True
25958669,Entire home/apt,1000.0,True,0,0,0,208,80,4,26,Mallorca,2019-12-31,True
25959928,Entire home/apt,2890.0,True,0,0,0,0,97,50,179,Mallorca,2020-12-19,True
25966258,Entire home/apt,900.0,True,30,60,90,180,93,51,23,Madrid,2020-04-17,True
25971808,Entire home/apt,850.0,True,16,20,20,198,,0,,Girona,2019-07-29,
25987994,Entire home/apt,600.0,True,6,17,17,17,78,41,244,Madrid,2019-11-09,False
25988063,Private room,350.0,True,0,0,0,0,84,39,39,Barcelona,2019-04-10,True
25992288,Entire home/apt,500.0,True,0,0,0,0,,0,,Girona,2018-08-30,
25996203,Private room,270.0,True,0,0,0,0,100,1,44,Barcelona,2018-09-11,True
25997139,Private room,350.0,True,0,0,17,96,100,4,2,Barcelona,2020-03-16,True
26002097,Entire home/apt,550.0,True,6,26,56,128,97,64,457,Madrid,2019-08-12,True
26007283,Entire home/apt,1350.0,True,14,14,14,100,100,11,256,Barcelona,2018-11-07,True
26009304,Entire home/apt,650.0,True,0,0,0,0,89,9,36,Madrid,2020-07-17,True
26021884,Entire home/apt,1200.0,True,0,11,11,11,93,3,24,Barcelona,2020-11-06,True
26024567,Hotel room,500.0,True,17,47,77,345,93,36,355,Barcelona,2019-09-17,True
26025131,Private room,690.0,True,0,0,0,0,96,27,88,Sevilla,2020-12-31,True
26030842,Private room,600.0,True,7,24,54,326,95,20,373,Barcelona,2018-12-10,True
26050062,Entire home/apt,470.0,True,0,0,0,0,88,8,31,Valencia,2020-08-30,True
26054796,Entire home/apt,2850.0,True,28,58,88,88,,0,,Girona,2018-12-22,
26055728,Entire home/apt,2350.0,True,0,0,17,156,,0,,Mallorca,2019-01-28,
26058907,Private room,500.0,True,0,0,0,0,96,16,75,Barcelona,2020-03-16,True
26059282,Private room,400.0,True,17,47,77,352,96,5,43,Mallorca,2019-07-25,True
26060053,Private room,350.0,True,24,50,80,355,89,74,44,Madrid,2019-11-09,True
26073262,Private room,450.0,True,29,59,69,69,97,28,106,Barcelona,2020-10-12,True
26073267,Entire home/apt,2750.0,True,0,0,28,119,100,5,43,Madrid,2019-07-10,True
26077552,Private room,100.0,True,29,59,89,364,,0,,Madrid,2020-10-17,
26079747,Entire home/apt,540.0,True,0,16,46,313,,0,,Barcelona,2019-03-08,
26081631,Entire home/apt,1500.0,True,29,41,56,331,98,18,79,Mallorca,2020-05-28,True
26094258,Entire home/apt,800.0,True,20,50,80,350,87,36,147,Valencia,2020-06-30,True
26115033,Entire home/apt,570.0,True,0,0,0,242,95,5,27,Girona,2020-12-31,True
26115219,Entire home/apt,790.0,True,30,60,90,365,50,3,14,Girona,2020-12-31,False
26118019,Entire home/apt,3000.0,True,30,60,90,365,100,2,17,Madrid,2019-09-19,True
26118283,Entire home/apt,500.0,True,0,0,0,0,,1,1,Girona,2019-10-30,
26123945,Entire home/apt,750.0,True,0,0,0,32,87,4,13,Valencia,2021-01-19,True
26125080,Private room,4500.0,True,29,59,89,364,20,1,41,Mallorca,2018-10-17,False
26127343,Private room,490.0,True,19,42,72,347,100,12,44,Mallorca,2020-09-19,True
26127795,Entire home/apt,900.0,True,23,53,83,321,,0,,Girona,2019-03-30,
26133785,Private room,1000.0,True,0,0,0,0,,0,,Barcelona,2019-07-10,
26145363,Entire home/apt,1900.0,True,18,44,74,349,,0,,Madrid,2018-08-14,
26146331,Entire home/apt,3480.0,True,30,60,90,365,,0,,Mallorca,2021-01-16,
26146335,Entire home/apt,1710.0,True,30,60,90,365,,0,,Mallorca,2019-01-28,
26147196,Entire home/apt,810.0,True,30,40,40,83,,0,,Girona,2019-11-30,
26149153,Entire home/apt,2300.0,True,4,34,64,110,,0,,Girona,2019-07-29,
26155526,Private room,390.0,True,0,0,16,291,,0,,Sevilla,2019-03-28,
26155664,Entire home/apt,500.0,True,11,22,36,290,80,3,28,Valencia,2019-11-30,True
26160087,Entire home/apt,670.0,True,30,60,90,365,,0,,Girona,2020-04-30,
26160173,Entire home/apt,1590.0,True,30,60,90,365,,0,,Girona,2020-01-31,
26160980,Private room,270.0,True,5,29,58,58,98,48,317,Valencia,2019-09-30,True
26163484,Entire home/apt,490.0,True,0,0,0,0,94,96,382,Madrid,2020-07-17,True
26172596,Entire home/apt,1900.0,True,0,0,3,239,,0,,Mallorca,2018-12-18,
26180556,Entire home/apt,1400.0,True,30,58,86,176,97,30,297,Sevilla,2019-07-29,True
26193654,Private room,200.0,True,18,31,61,336,,0,,Madrid,2018-08-14,
26207763,Entire home/apt,1100.0,True,0,0,16,265,100,39,12,Girona,2021-02-27,True
26209412,Entire home/apt,1170.0,True,0,18,40,163,,0,,Girona,2019-02-19,
26210147,Entire home/apt,1010.0,True,5,15,38,255,,0,,Mallorca,2018-07-29,
26212612,Entire home/apt,2400.0,True,30,60,90,356,81,14,58,Barcelona,2020-10-12,True
26212637,Entire home/apt,2840.0,True,26,51,51,51,88,5,139,Barcelona,2018-11-07,True
26213529,Entire home/apt,1210.0,True,25,33,63,331,95,4,31,Madrid,2019-08-12,True
26216092,Entire home/apt,800.0,True,24,44,74,349,,0,,Madrid,2018-07-10,
26220384,Entire home/apt,2060.0,True,7,11,41,245,,0,,Mallorca,2019-08-31,
26224658,Entire home/apt,570.0,True,30,60,90,136,92,134,435,Madrid,2021-01-12,True
26238907,Private room,400.0,True,0,0,0,0,97,7,39,Sevilla,2020-02-29,True
26243253,Entire home/apt,1000.0,True,11,30,44,44,,0,,Girona,2018-07-31,
26243764,Entire home/apt,850.0,True,29,59,89,364,,0,,Valencia,2020-12-21,
26247694,Entire home/apt,3170.0,True,0,0,0,118,,0,,Mallorca,2018-12-18,
26249086,Entire home/apt,400.0,True,15,45,67,342,100,1,7,Malaga,2018-12-22,True
26253080,Entire home/apt,600.0,True,2,2,23,102,98,13,61,Valencia,2020-06-30,True
26253970,Private room,1090.0,True,13,26,43,148,90,45,257,Barcelona,2020-02-16,True
26264931,Private room,890.0,True,30,56,86,176,91,127,586,Barcelona,2020-04-16,True
26274545,Entire home/apt,420.0,True,8,31,48,112,91,11,127,Valencia,2019-03-31,True
26275618,Entire home/apt,1220.0,True,0,0,0,31,93,8,36,Madrid,2020-08-25,True
26282483,Entire home/apt,1600.0,True,0,0,0,261,,0,,Girona,2018-10-20,
26303108,Entire home/apt,650.0,True,25,55,85,360,80,1,10,Madrid,2018-07-10,True
26313903,Entire home/apt,400.0,True,25,55,85,360,,0,,Barcelona,2019-04-10,
26315312,Entire home/apt,1890.0,True,13,25,47,209,97,33,381,Mallorca,2019-03-25,True
26316367,Entire home/apt,2770.0,True,0,0,9,154,,0,,Menorca,2021-01-31,
26317155,Entire home/apt,3260.0,True,0,0,0,138,,0,,Mallorca,2018-10-17,
26317219,Entire home/apt,3220.0,True,0,0,3,110,,0,,Mallorca,2018-07-29,
26318112,Entire home/apt,2180.0,True,0,0,0,146,,0,,Menorca,2018-12-22,
26318196,Entire home/apt,3540.0,True,20,34,45,124,,0,,Mallorca,2020-05-28,
26318807,Entire home/apt,2030.0,True,0,0,14,66,,0,,Menorca,2019-02-24,
26320782,Entire home/apt,1810.0,True,0,5,35,130,,0,,Girona,2019-06-30,
26321760,Entire home/apt,700.0,True,0,3,3,218,100,2,34,Girona,2019-10-30,True
26322985,Entire home/apt,1710.0,True,30,57,85,154,98,66,254,Madrid,2020-08-25,True
26331426,Entire home/apt,750.0,True,18,48,78,78,95,20,492,Madrid,2018-11-07,True
26332441,Entire home/apt,1900.0,True,2,2,23,256,100,6,234,Girona,2018-10-20,True
26333049,Entire home/apt,740.0,True,29,59,89,92,95,34,143,Valencia,2020-06-30,True
26333744,Entire home/apt,700.0,True,0,0,16,16,94,37,156,Girona,2020-06-29,True
26333840,Private room,230.0,True,30,60,90,365,,0,,Barcelona,2018-08-14,
26342152,Entire home/apt,1200.0,True,15,45,73,310,100,30,245,Madrid,2019-07-10,True
26358319,Private room,360.0,True,16,32,53,296,,0,,Valencia,2019-03-31,
26358753,Private room,900.0,True,21,51,78,317,96,20,462,Barcelona,2018-12-10,True
26360246,Entire home/apt,750.0,True,6,17,43,105,96,43,301,Valencia,2019-09-01,True
26366403,Private room,210.0,True,0,0,0,0,95,64,286,Barcelona,2020-08-24,True
26375236,Private room,360.0,True,26,28,28,28,100,1,10,Sevilla,2018-07-31,True
26375868,Entire home/apt,2400.0,True,8,18,33,296,97,61,411,Barcelona,2019-10-16,True
26381253,Entire home/apt,3410.0,True,21,51,81,320,93,9,51,Mallorca,2020-09-19,True
26382667,Entire home/apt,750.0,True,2,2,29,304,80,1,35,Girona,2019-03-30,True
26382853,Entire home/apt,1860.0,True,14,17,39,158,,0,,Mallorca,2018-08-21,
26385625,Entire home/apt,600.0,True,30,60,90,365,80,3,16,Mallorca,2020-03-22,True
26385875,Entire home/apt,470.0,True,0,5,35,243,,0,,Girona,2018-12-22,
26388001,Private room,1200.0,True,30,60,90,90,100,5,22,Valencia,2020-05-31,True
26388528,Entire home/apt,1440.0,True,26,56,86,361,91,7,37,Madrid,2020-07-17,True
26388772,Private room,290.0,True,0,7,37,127,94,7,102,Barcelona,2019-03-08,True
26407707,Entire home/apt,1400.0,True,30,60,90,91,,0,,Girona,2019-08-31,
26408709,Entire home/apt,780.0,True,29,59,89,364,,0,,Girona,2018-09-28,
26412460,Entire home/apt,1100.0,True,1,6,12,197,,0,,Mallorca,2018-07-29,
26413808,Entire home/apt,1000.0,True,0,0,0,0,100,1,7,Girona,2019-10-30,True
26414817,Entire home/apt,1220.0,True,26,53,83,358,96,35,253,Girona,2019-09-30,True
26415270,Entire home/apt,3670.0,True,7,14,14,69,,0,,Mallorca,2019-04-24,
26421778,Private room,230.0,True,1,20,50,51,92,77,319,Valencia,2020-06-30,True
26422873,Entire home/apt,480.0,True,28,58,88,363,,0,,Girona,2020-02-29,
26423753,Private room,280.0,True,0,0,0,0,87,3,1,Madrid,2020-12-17,True
26424500,Private room,320.0,True,0,0,0,0,60,2,6,Barcelona,2021-01-12,False
26436645,Entire home/apt,650.0,True,0,0,0,0,89,36,298,Madrid,2019-07-10,True
26439260,Private room,170.0,True,0,0,0,0,100,1,88,Madrid,2018-09-11,True
26440549,Entire home/apt,1580.0,True,5,8,30,275,,0,,Mallorca,2019-08-31,
26442547,Entire home/apt,1180.0,True,12,25,55,105,99,14,341,Madrid,2018-11-07,True
26473798,Private room,500.0,True,0,12,42,132,,0,,Madrid,2018-08-14,
26481079,Entire home/apt,1490.0,True,0,0,0,0,90,2,11,Girona,2020-02-29,True
26483421,Private room,700.0,True,30,60,90,365,,0,,Malaga,2021-01-31,
26490596,Entire home/apt,600.0,True,0,8,8,8,,0,,Madrid,2018-08-14,
26494321,Entire home/apt,2500.0,True,12,27,57,332,,0,,Girona,2018-07-31,
26495318,Entire home/apt,2000.0,True,0,0,0,0,,0,,Madrid,2021-01-12,
26498632,Private room,200.0,True,12,42,72,72,100,4,15,Barcelona,2018-10-10,True
26500221,Private room,150.0,True,0,0,0,0,100,6,5,Madrid,2019-07-10,True
26510091,Entire home/apt,650.0,True,29,59,89,364,87,3,73,Menorca,2019-11-30,True
26516873,Private room,550.0,True,29,59,89,364,84,11,46,Barcelona,2020-08-24,True
26518996,Entire home/apt,450.0,True,14,40,64,154,74,14,284,Madrid,2018-12-10,False
26527760,Entire home/apt,600.0,True,0,0,0,0,89,16,54,Valencia,2020-12-21,True
26546841,Private room,310.0,True,30,60,90,365,,0,,Barcelona,2020-07-17,
26547072,Entire home/apt,1070.0,True,29,59,89,179,,0,,Girona,2019-09-30,
26547472,Private room,400.0,True,19,46,66,156,,0,,Malaga,2020-02-29,
26548116,Private room,400.0,True,22,52,82,331,,0,,Valencia,2019-02-28,
26549176,Entire home/apt,850.0,True,0,14,14,14,100,1,10,Madrid,2019-03-08,True
26556936,Private room,1100.0,True,30,60,89,361,80,1,18,Girona,2020-02-29,True
26558058,Entire home/apt,510.0,True,22,22,22,23,100,5,61,Madrid,2019-03-08,True
26560186,Entire home/apt,610.0,True,16,46,76,211,80,36,139,Madrid,2020-08-25,True
26560430,Private room,500.0,True,13,39,69,69,96,57,373,Madrid,2019-10-16,True
26567333,Entire home/apt,1300.0,True,30,54,66,242,100,2,2,Girona,2019-04-29,True
26567697,Private room,490.0,True,10,15,17,17,100,2,103,Madrid,2018-09-11,True
26578841,Entire home/apt,2500.0,True,22,47,69,224,93,3,13,Mallorca,2020-06-25,True
26579896,Private room,320.0,True,22,50,78,161,80,3,196,Madrid,2018-09-11,True
26583404,Entire home/apt,1400.0,True,0,0,13,288,90,2,2,Girona,2019-06-30,True
26584020,Entire home/apt,1000.0,True,2,2,2,2,,0,,Mallorca,2018-10-17,
26584440,Entire home/apt,800.0,True,15,42,66,338,,0,,Barcelona,2018-07-10,
26587444,Entire home/apt,610.0,True,30,60,90,143,,0,,Menorca,2019-02-24,
26593251,Entire home/apt,650.0,True,0,0,0,0,90,12,4,Madrid,2020-12-17,True
26593307,Entire home/apt,1300.0,True,18,48,78,129,90,2,25,Girona,2019-03-30,True
26593574,Private room,650.0,True,0,0,0,0,80,4,353,Barcelona,2018-08-14,True
26596322,Private room,420.0,True,27,50,50,240,,0,,Madrid,2018-07-10,
26598601,Entire home/apt,950.0,True,30,60,90,365,94,22,7,Mallorca,2021-02-11,True
26601188,Private room,340.0,True,24,54,84,359,93,3,143,Barcelona,2018-10-10,True
26612038,Private room,240.0,True,0,0,0,213,90,2,32,Malaga,2019-01-30,True
26614633,Entire home/apt,490.0,True,20,47,77,298,87,3,148,Malaga,2018-10-25,True
26616483,Entire home/apt,600.0,True,5,5,5,33,100,4,55,Sevilla,2019-09-30,True
26620739,Entire home/apt,790.0,True,11,23,27,92,98,41,423,Valencia,2019-05-01,True
26622821,Entire home/apt,820.0,True,30,52,82,315,85,8,44,Madrid,2020-05-14,True
26623248,Private room,200.0,True,0,0,0,0,91,74,372,Valencia,2020-02-29,True
26628356,Entire home/apt,1570.0,True,14,32,38,96,100,1,12,Mallorca,2020-03-22,True
26638091,Private room,580.0,True,10,27,44,269,100,7,36,Madrid,2020-02-18,True
26651496,Entire home/apt,1000.0,True,15,45,75,316,95,4,88,Mallorca,2018-12-18,True
26655134,Entire home/apt,3640.0,True,0,0,0,0,,0,,Mallorca,2018-12-18,
26655794,Private room,80.0,True,0,0,0,0,98,35,117,Barcelona,2021-01-12,True
26656777,Entire home/apt,370.0,True,29,59,89,357,98,24,137,Mallorca,2019-12-31,True
26661851,Private room,250.0,True,0,0,0,0,100,2,39,Barcelona,2019-06-07,True
26662713,Private room,180.0,True,8,38,54,145,,1,10,Madrid,2018-07-10,
26666106,Private room,200.0,True,0,0,7,57,83,6,67,Madrid,2019-04-11,True
26672190,Private room,200.0,True,0,0,0,0,93,17,73,Madrid,2020-06-13,True
26675466,Private room,1000.0,True,30,41,71,346,93,9,92,Barcelona,2019-07-10,True
26675652,Private room,550.0,True,17,47,77,77,95,69,321,Madrid,2020-04-17,True
26683278,Entire home/apt,2500.0,True,9,22,42,133,93,6,474,Mallorca,2018-08-21,True
26702873,Entire home/apt,500.0,True,0,0,0,0,73,3,11,Madrid,2020-11-06,False
26706681,Entire home/apt,1100.0,True,0,9,31,171,100,14,76,Girona,2020-01-31,True
26709242,Entire home/apt,750.0,True,0,0,0,0,100,1,22,Madrid,2019-01-14,True
26710336,Entire home/apt,2500.0,True,27,57,87,300,96,6,38,Girona,2019-12-31,True
26711006,Private room,800.0,True,30,60,90,365,100,2,22,Mallorca,2019-04-24,True
26729906,Entire home/apt,1100.0,True,10,30,51,298,100,1,42,Malaga,2018-10-25,True
26732787,Entire home/apt,1000.0,True,13,43,73,130,76,15,26,Barcelona,2019-01-14,False
26736941,Entire home/apt,1900.0,True,24,54,84,149,100,10,63,Girona,2019-10-30,True
26740338,Entire home/apt,1100.0,True,12,42,72,158,92,45,531,Malaga,2019-03-31,True
26750759,Private room,600.0,True,0,0,0,0,100,1,3,Madrid,2020-12-17,True
26751702,Private room,400.0,True,0,0,0,0,100,1,5,Madrid,2020-04-17,True
26756528,Private room,410.0,True,14,39,69,153,95,56,289,Barcelona,2020-02-16,True
26765071,Entire home/apt,490.0,True,6,14,44,79,92,5,50,Madrid,2018-09-11,True
26772282,Entire home/apt,1760.0,True,0,19,49,139,100,1,10,Girona,2019-07-29,True
26772799,Private room,390.0,True,30,60,90,365,,0,,Barcelona,2020-07-17,
26774405,Entire home/apt,810.0,True,30,60,90,316,,0,,Girona,2019-02-19,
26781254,Private room,400.0,True,23,45,73,318,95,13,112,Girona,2019-06-30,True
26794038,Private room,200.0,True,22,49,79,79,75,31,412,Madrid,2019-03-08,False
26794530,Private room,250.0,True,18,46,76,76,100,6,30,Madrid,2018-09-11,True
26799272,Entire home/apt,1890.0,True,28,56,78,332,,0,,Mallorca,2019-04-24,
26800184,Entire home/apt,600.0,True,1,1,1,209,100,9,144,Madrid,2019-03-08,True
26800315,Entire home/apt,530.0,True,0,0,0,113,,0,,Barcelona,2019-05-14,
26800622,Entire home/apt,790.0,True,7,37,67,342,100,1,10,Girona,2018-07-31,True
26810396,Private room,480.0,True,26,56,86,361,96,11,106,Mallorca,2019-05-27,True
26810582,Entire home/apt,750.0,True,19,45,59,310,97,30,335,Girona,2019-04-29,True
26811703,Entire home/apt,450.0,True,12,42,72,73,100,2,20,Sevilla,2018-10-18,True
26813129,Entire home/apt,1400.0,True,0,0,21,296,100,2,38,Girona,2018-12-22,True
26827843,Entire home/apt,2760.0,True,0,10,26,140,,0,,Mallorca,2019-02-17,
26830349,Entire home/apt,1280.0,True,2,11,21,217,80,1,3,Madrid,2019-04-11,True
26831697,Entire home/apt,660.0,True,0,0,0,0,95,48,255,Madrid,2020-07-17,True
26840346,Entire home/apt,1500.0,True,4,33,63,338,98,13,106,Mallorca,2019-07-25,True
26845836,Entire home/apt,550.0,True,0,15,38,163,80,8,126,Malaga,2019-02-24,True
26853206,Entire home/apt,550.0,True,30,60,81,84,100,2,20,Girona,2018-10-20,True
26855289,Private room,1800.0,True,30,60,90,365,,0,,Madrid,2018-08-14,
26857797,Entire home/apt,1990.0,True,24,29,58,325,70,2,19,Mallorca,2020-06-25,False
26862170,Entire home/apt,1150.0,True,22,27,27,298,98,61,264,Girona,2020-05-28,True
26863298,Entire home/apt,600.0,True,25,55,85,360,,0,,Barcelona,2018-11-07,
26864022,Entire home/apt,1550.0,True,29,59,80,299,96,33,121,Sevilla,2020-12-31,True
26866186,Private room,1700.0,True,29,59,89,364,100,2,36,Mallorca,2019-08-31,True
26868673,Private room,210.0,True,29,59,69,333,94,35,119,Valencia,2020-12-21,True
26869739,Private room,290.0,True,22,24,53,53,97,111,629,Mallorca,2019-12-31,True
26883809,Entire home/apt,400.0,True,0,0,0,0,96,9,3,Malaga,2021-01-31,True
26889462,Entire home/apt,1900.0,True,17,37,57,309,97,13,107,Sevilla,2019-09-30,True
26894166,Private room,360.0,True,0,0,0,0,87,6,12,Barcelona,2019-01-14,True
26915869,Private room,700.0,True,15,45,75,122,95,19,9,Barcelona,2020-07-17,True
26933370,Entire home/apt,520.0,True,30,60,90,365,,0,,Barcelona,2020-10-12,
26936967,Entire home/apt,940.0,True,25,55,85,222,,0,,Girona,2020-04-30,
26937412,Entire home/apt,800.0,True,2,32,49,176,,0,,Girona,2019-03-30,
26938036,Private room,490.0,True,25,48,60,60,100,1,53,Madrid,2018-11-07,True
26938834,Entire home/apt,1090.0,True,0,0,0,187,100,1,4,Valencia,2020-09-28,True
26939341,Entire home/apt,780.0,True,0,23,53,61,88,75,275,Madrid,2020-10-17,True
26942581,Entire home/apt,300.0,True,23,53,83,309,100,9,34,Barcelona,2021-01-12,True
26946907,Entire home/apt,490.0,True,24,49,79,354,100,3,141,Sevilla,2018-09-22,True
26946993,Private room,560.0,True,30,60,90,365,80,2,8,Madrid,2020-11-06,True
26947092,Entire home/apt,510.0,True,0,0,0,0,94,78,265,Madrid,2020-12-17,True
26954098,Private room,550.0,True,0,0,0,196,88,19,96,Barcelona,2020-03-16,True
26956885,Private room,340.0,True,7,37,63,154,95,13,141,Barcelona,2019-06-07,True
26982540,Entire home/apt,1350.0,True,16,19,19,19,90,56,344,Malaga,2019-11-30,True
26986075,Entire home/apt,380.0,True,0,7,29,31,96,79,697,Valencia,2019-07-01,True
26987062,Private room,170.0,True,0,0,0,0,,0,,Madrid,2020-05-14,
26987853,Private room,500.0,True,8,38,68,68,,0,,Madrid,2018-10-10,
26988157,Entire home/apt,650.0,True,23,23,23,234,97,7,85,Malaga,2019-05-30,True
27011181,Entire home/apt,990.0,True,0,0,0,130,93,11,71,Girona,2019-11-30,True
27013617,Private room,490.0,True,30,60,90,90,92,52,175,Valencia,2021-01-19,True
27019994,Private room,450.0,True,8,18,34,34,92,87,466,Valencia,2020-01-31,True
27026653,Entire home/apt,630.0,True,13,38,63,300,100,2,5,Malaga,2019-05-01,True
27028034,Entire home/apt,900.0,True,28,58,79,351,96,142,673,Madrid,2020-04-17,True
27030253,Private room,270.0,True,17,23,53,143,,0,,Barcelona,2019-08-12,
27047776,Entire home/apt,1040.0,True,30,60,90,328,97,35,116,Malaga,2021-01-31,True
27051994,Entire home/apt,800.0,True,30,60,90,365,,0,,Girona,2018-11-26,
27056906,Entire home/apt,980.0,True,15,31,31,31,100,17,63,Madrid,2018-11-07,True
27056958,Entire home/apt,850.0,True,0,0,0,180,80,1,16,Valencia,2019-02-28,True
27082262,Entire home/apt,650.0,True,30,60,90,365,89,93,309,Madrid,2021-01-12,True
27086038,Entire home/apt,720.0,True,12,42,72,345,67,3,97,Madrid,2018-11-07,False
27089383,Private room,260.0,True,17,47,77,167,90,4,255,Barcelona,2018-10-10,True
27099510,Entire home/apt,1000.0,True,20,50,80,355,,0,,Sevilla,2018-09-22,
27100118,Entire home/apt,800.0,True,23,53,83,358,,0,,Madrid,2020-07-17,
27101716,Entire home/apt,490.0,True,21,47,75,336,89,17,395,Madrid,2019-01-14,True
27104486,Entire home/apt,960.0,True,4,7,7,35,100,6,125,Madrid,2019-02-06,True
27120304,Private room,350.0,True,30,60,90,354,93,11,21,Barcelona,2019-01-14,True
27120529,Entire home/apt,1750.0,True,22,52,82,357,87,3,25,Valencia,2019-07-31,True
27121536,Private room,120.0,True,0,0,27,302,100,1,14,Malaga,2019-06-30,True
27123764,Entire home/apt,1000.0,True,1,1,1,1,,0,,Madrid,2019-09-19,
27126570,Entire home/apt,900.0,True,7,25,43,298,,0,,Malaga,2019-09-30,
27127390,Entire home/apt,700.0,True,14,29,55,330,,0,,Sevilla,2018-08-27,
27130156,Entire home/apt,500.0,True,0,0,0,98,93,3,15,Madrid,2018-11-07,True
27133719,Private room,730.0,True,30,60,90,365,80,3,88,Barcelona,2018-11-07,True
27141824,Entire home/apt,500.0,True,30,60,90,180,94,65,287,Madrid,2020-06-13,True
27147771,Entire home/apt,870.0,True,23,53,83,230,91,52,207,Barcelona,2020-09-12,True
27148386,Entire home/apt,2460.0,True,29,59,89,357,100,1,7,Mallorca,2020-09-19,True
27148755,Private room,190.0,True,0,0,0,0,80,3,19,Madrid,2019-11-09,True
27151636,Private room,750.0,True,29,59,89,89,97,46,155,Barcelona,2021-01-12,True
27154808,Entire home/apt,680.0,True,14,41,71,316,80,1,10,Barcelona,2018-09-11,True
27154814,Entire home/apt,2520.0,True,27,57,87,221,100,2,12,Mallorca,2019-12-31,True
27155470,Entire home/apt,750.0,True,30,60,90,93,86,37,165,Valencia,2020-06-30,True
27156849,Private room,350.0,True,0,0,0,0,,0,,Madrid,2020-01-10,
27157396,Private room,200.0,True,14,44,74,254,,0,,Barcelona,2020-07-17,
27158423,Entire home/apt,600.0,True,0,0,21,296,100,1,41,Barcelona,2019-01-14,True
27162725,Private room,650.0,True,27,55,85,360,80,1,5,Girona,2020-02-29,True
27183266,Entire home/apt,700.0,True,21,42,69,344,83,14,132,Madrid,2019-06-07,True
27185225,Entire home/apt,600.0,True,0,0,0,262,,0,,Barcelona,2020-12-16,
27191358,Entire home/apt,3940.0,True,22,52,56,206,86,7,5,Mallorca,2019-09-28,True
27191914,Private room,360.0,True,0,0,0,0,100,2,7,Barcelona,2021-01-12,True
27197045,Entire home/apt,1500.0,True,22,48,74,343,82,20,99,Malaga,2020-03-26,True
27201483,Entire home/apt,750.0,True,28,58,88,177,99,95,348,Valencia,2020-10-24,True
27211121,Entire home/apt,2130.0,True,0,16,46,321,,0,,Girona,2018-11-26,
27212538,Entire home/apt,560.0,True,18,48,78,353,73,3,21,Barcelona,2020-03-16,False
27214449,Entire home/apt,750.0,True,6,17,31,146,89,22,278,Madrid,2019-04-11,True
27216997,Entire home/apt,1500.0,True,28,49,49,49,,0,,Barcelona,2018-09-11,
27222952,Entire home/apt,1140.0,True,17,33,41,231,100,1,18,Mallorca,2019-03-25,True
27223222,Entire home/apt,4480.0,True,21,38,38,169,,0,,Mallorca,2018-09-18,
27223256,Entire home/apt,1060.0,True,22,43,73,348,100,1,47,Mallorca,2019-08-31,True
27224471,Entire home/apt,540.0,True,30,46,69,179,,0,,Girona,2020-02-29,
27224489,Entire home/apt,1030.0,True,14,14,14,213,,0,,Girona,2018-12-22,
27224529,Entire home/apt,440.0,True,19,48,58,114,,0,,Girona,2019-03-30,
27231706,Entire home/apt,1950.0,True,11,25,55,330,90,16,122,Barcelona,2019-10-16,True
27237828,Entire home/apt,1500.0,True,22,47,77,78,100,1,10,Girona,2018-08-30,True
27241318,Entire home/apt,3130.0,True,26,37,37,243,100,1,7,Mallorca,2020-04-23,True
27244243,Entire home/apt,990.0,True,24,40,40,40,,0,,Girona,2018-08-30,
27244794,Entire home/apt,720.0,True,0,0,0,0,100,1,6,Girona,2019-12-31,True
27245117,Entire home/apt,1100.0,True,2,31,61,151,,0,,Girona,2018-07-31,
