Provincias;País de residencia;Meses;Total
02 Albacete;Total;Total;285.989
02 Albacete;Total;Enero;8.506
02 Albacete;Total;Febrero;9.865
02 Albacete;Total;Marzo;16.575
02 Albacete;Total;Abril;16.790
02 Albacete;Total;Mayo;22.722
02 Albacete;Total;Junio;27.296
02 Albacete;Total;Julio;30.812
02 Albacete;Total;Agosto;35.304
02 Albacete;Total;Septiembre;32.498
02 Albacete;Total;Octubre;35.233
02 Albacete;Total;Noviembre;26.578
02 Albacete;Total;Diciembre;23.810
02 Albacete;Residentes en España;Total;264.371
02 Albacete;Residentes en España;Enero;7.883
02 Albacete;Residentes en España;Febrero;9.074
02 Albacete;Residentes en España;Marzo;15.592
02 Albacete;Residentes en España;Abril;15.841
02 Albacete;Residentes en España;Mayo;21.033
02 Albacete;Residentes en España;Junio;25.515
02 Albacete;Residentes en España;Julio;28.908
02 Albacete;Residentes en España;Agosto;32.897
02 Albacete;Residentes en España;Septiembre;29.538
02 Albacete;Residentes en España;Octubre;32.249
02 Albacete;Residentes en España;Noviembre;23.843
02 Albacete;Residentes en España;Diciembre;21.998
02 Albacete;No residentes en España;Total;21.618
02 Albacete;No residentes en España;Enero;624
02 Albacete;No residentes en España;Febrero;791
02 Albacete;No residentes en España;Marzo;983
02 Albacete;No residentes en España;Abril;949
02 Albacete;No residentes en España;Mayo;1.689
02 Albacete;No residentes en España;Junio;1.781
02 Albacete;No residentes en España;Julio;1.904
02 Albacete;No residentes en España;Agosto;2.407
02 Albacete;No residentes en España;Septiembre;2.961
02 Albacete;No residentes en España;Octubre;2.984
02 Albacete;No residentes en España;Noviembre;2.735
02 Albacete;No residentes en España;Diciembre;1.812
02 Albacete;Unión Europea 27 (sin España);Total;10.786
02 Albacete;Unión Europea 27 (sin España);Enero;201
02 Albacete;Unión Europea 27 (sin España);Febrero;271
02 Albacete;Unión Europea 27 (sin España);Marzo;496
02 Albacete;Unión Europea 27 (sin España);Abril;410
02 Albacete;Unión Europea 27 (sin España);Mayo;786
02 Albacete;Unión Europea 27 (sin España);Junio;850
02 Albacete;Unión Europea 27 (sin España);Julio;960
02 Albacete;Unión Europea 27 (sin España);Agosto;1.360
02 Albacete;Unión Europea 27 (sin España);Septiembre;1.681
02 Albacete;Unión Europea 27 (sin España);Octubre;1.464
02 Albacete;Unión Europea 27 (sin España);Noviembre;1.568
02 Albacete;Unión Europea 27 (sin España);Diciembre;740
02 Albacete;Alemania;Total;1.296
02 Albacete;Alemania;Enero;..
02 Albacete;Alemania;Febrero;..
02 Albacete;Alemania;Marzo;32
02 Albacete;Alemania;Abril;35
02 Albacete;Alemania;Mayo;66
02 Albacete;Alemania;Junio;70
02 Albacete;Alemania;Julio;81
02 Albacete;Alemania;Agosto;105
02 Albacete;Alemania;Septiembre;172
02 Albacete;Alemania;Octubre;251
02 Albacete;Alemania;Noviembre;373
02 Albacete;Alemania;Diciembre;80
02 Albacete;Austria;Total;137
02 Albacete;Austria;Enero;..
02 Albacete;Austria;Febrero;..
02 Albacete;Austria;Marzo;12
02 Albacete;Austria;Abril;..
02 Albacete;Austria;Mayo;..
02 Albacete;Austria;Junio;..
02 Albacete;Austria;Julio;13
02 Albacete;Austria;Agosto;10
02 Albacete;Austria;Septiembre;..
02 Albacete;Austria;Octubre;35
02 Albacete;Austria;Noviembre;14
02 Albacete;Austria;Diciembre;11
02 Albacete;Bélgica;Total;395
02 Albacete;Bélgica;Enero;..
02 Albacete;Bélgica;Febrero;..
02 Albacete;Bélgica;Marzo;..
02 Albacete;Bélgica;Abril;..
02 Albacete;Bélgica;Mayo;15
02 Albacete;Bélgica;Junio;34
02 Albacete;Bélgica;Julio;56
02 Albacete;Bélgica;Agosto;29
02 Albacete;Bélgica;Septiembre;58
02 Albacete;Bélgica;Octubre;59
02 Albacete;Bélgica;Noviembre;84
02 Albacete;Bélgica;Diciembre;47
02 Albacete;Dinamarca;Total;101
02 Albacete;Dinamarca;Enero;..
02 Albacete;Dinamarca;Febrero;..
02 Albacete;Dinamarca;Marzo;..
02 Albacete;Dinamarca;Abril;..
02 Albacete;Dinamarca;Mayo;..
02 Albacete;Dinamarca;Junio;..
02 Albacete;Dinamarca;Julio;..
02 Albacete;Dinamarca;Agosto;23
02 Albacete;Dinamarca;Septiembre;22
02 Albacete;Dinamarca;Octubre;..
02 Albacete;Dinamarca;Noviembre;16
02 Albacete;Dinamarca;Diciembre;..
02 Albacete;Finlandia;Total;52
02 Albacete;Finlandia;Enero;..
02 Albacete;Finlandia;Febrero;..
02 Albacete;Finlandia;Marzo;..
02 Albacete;Finlandia;Abril;..
02 Albacete;Finlandia;Mayo;..
02 Albacete;Finlandia;Junio;..
02 Albacete;Finlandia;Julio;26
02 Albacete;Finlandia;Agosto;..
02 Albacete;Finlandia;Septiembre;..
02 Albacete;Finlandia;Octubre;..
02 Albacete;Finlandia;Noviembre;..
02 Albacete;Finlandia;Diciembre;..
02 Albacete;Francia;Total;2.548
02 Albacete;Francia;Enero;34
02 Albacete;Francia;Febrero;31
02 Albacete;Francia;Marzo;34
02 Albacete;Francia;Abril;67
02 Albacete;Francia;Mayo;185
02 Albacete;Francia;Junio;255
02 Albacete;Francia;Julio;282
02 Albacete;Francia;Agosto;344
02 Albacete;Francia;Septiembre;475
02 Albacete;Francia;Octubre;418
02 Albacete;Francia;Noviembre;308
02 Albacete;Francia;Diciembre;115
02 Albacete;Grecia;Total;41
02 Albacete;Grecia;Enero;..
02 Albacete;Grecia;Febrero;..
02 Albacete;Grecia;Marzo;..
02 Albacete;Grecia;Abril;..
02 Albacete;Grecia;Mayo;..
02 Albacete;Grecia;Junio;..
02 Albacete;Grecia;Julio;..
02 Albacete;Grecia;Agosto;..
02 Albacete;Grecia;Septiembre;..
02 Albacete;Grecia;Octubre;..
02 Albacete;Grecia;Noviembre;..
02 Albacete;Grecia;Diciembre;..
02 Albacete;Irlanda;Total;253
02 Albacete;Irlanda;Enero;..
02 Albacete;Irlanda;Febrero;..
02 Albacete;Irlanda;Marzo;..
02 Albacete;Irlanda;Abril;..
02 Albacete;Irlanda;Mayo;14
02 Albacete;Irlanda;Junio;..
02 Albacete;Irlanda;Julio;..
02 Albacete;Irlanda;Agosto;27
02 Albacete;Irlanda;Septiembre;40
02 Albacete;Irlanda;Octubre;66
02 Albacete;Irlanda;Noviembre;26
02 Albacete;Irlanda;Diciembre;22
02 Albacete;Italia;Total;1.724
02 Albacete;Italia;Enero;54
02 Albacete;Italia;Febrero;65
02 Albacete;Italia;Marzo;140
02 Albacete;Italia;Abril;111
02 Albacete;Italia;Mayo;158
02 Albacete;Italia;Junio;126
02 Albacete;Italia;Julio;120
02 Albacete;Italia;Agosto;236
02 Albacete;Italia;Septiembre;180
02 Albacete;Italia;Octubre;180
02 Albacete;Italia;Noviembre;225
02 Albacete;Italia;Diciembre;128
02 Albacete;Luxemburgo;Total;99
02 Albacete;Luxemburgo;Enero;..
02 Albacete;Luxemburgo;Febrero;..
02 Albacete;Luxemburgo;Marzo;..
02 Albacete;Luxemburgo;Abril;..
02 Albacete;Luxemburgo;Mayo;..
02 Albacete;Luxemburgo;Junio;..
02 Albacete;Luxemburgo;Julio;..
02 Albacete;Luxemburgo;Agosto;..
02 Albacete;Luxemburgo;Septiembre;..
02 Albacete;Luxemburgo;Octubre;..
02 Albacete;Luxemburgo;Noviembre;76
02 Albacete;Luxemburgo;Diciembre;..
02 Albacete;Países Bajos;Total;640
02 Albacete;Países Bajos;Enero;..
02 Albacete;Países Bajos;Febrero;..
02 Albacete;Países Bajos;Marzo;..
02 Albacete;Países Bajos;Abril;..
02 Albacete;Países Bajos;Mayo;20
02 Albacete;Países Bajos;Junio;54
02 Albacete;Países Bajos;Julio;31
02 Albacete;Países Bajos;Agosto;43
02 Albacete;Países Bajos;Septiembre;306
02 Albacete;Países Bajos;Octubre;110
02 Albacete;Países Bajos;Noviembre;42
02 Albacete;Países Bajos;Diciembre;29
02 Albacete;Polonia;Total;213
02 Albacete;Polonia;Enero;..
02 Albacete;Polonia;Febrero;..
02 Albacete;Polonia;Marzo;14
02 Albacete;Polonia;Abril;..
02 Albacete;Polonia;Mayo;26
02 Albacete;Polonia;Junio;..
02 Albacete;Polonia;Julio;24
02 Albacete;Polonia;Agosto;..
02 Albacete;Polonia;Septiembre;16
02 Albacete;Polonia;Octubre;19
02 Albacete;Polonia;Noviembre;63
02 Albacete;Polonia;Diciembre;18
02 Albacete;Portugal;Total;1.436
02 Albacete;Portugal;Enero;31
02 Albacete;Portugal;Febrero;47
02 Albacete;Portugal;Marzo;69
02 Albacete;Portugal;Abril;25
02 Albacete;Portugal;Mayo;141
02 Albacete;Portugal;Junio;110
02 Albacete;Portugal;Julio;141
02 Albacete;Portugal;Agosto;373
02 Albacete;Portugal;Septiembre;122
02 Albacete;Portugal;Octubre;138
02 Albacete;Portugal;Noviembre;94
02 Albacete;Portugal;Diciembre;146
02 Albacete;República Checa;Total;92
02 Albacete;República Checa;Enero;..
02 Albacete;República Checa;Febrero;..
02 Albacete;República Checa;Marzo;..
02 Albacete;República Checa;Abril;..
02 Albacete;República Checa;Mayo;..
02 Albacete;República Checa;Junio;..
02 Albacete;República Checa;Julio;..
02 Albacete;República Checa;Agosto;..
02 Albacete;República Checa;Septiembre;46
02 Albacete;República Checa;Octubre;..
02 Albacete;República Checa;Noviembre;..
02 Albacete;República Checa;Diciembre;..
02 Albacete;Suecia;Total;539
02 Albacete;Suecia;Enero;..
02 Albacete;Suecia;Febrero;19
02 Albacete;Suecia;Marzo;69
02 Albacete;Suecia;Abril;33
02 Albacete;Suecia;Mayo;30
02 Albacete;Suecia;Junio;..
02 Albacete;Suecia;Julio;34
02 Albacete;Suecia;Agosto;45
02 Albacete;Suecia;Septiembre;53
02 Albacete;Suecia;Octubre;49
02 Albacete;Suecia;Noviembre;76
02 Albacete;Suecia;Diciembre;68
02 Albacete;Noruega;Total;105
02 Albacete;Noruega;Enero;..
02 Albacete;Noruega;Febrero;..
02 Albacete;Noruega;Marzo;..
02 Albacete;Noruega;Abril;..
02 Albacete;Noruega;Mayo;..
02 Albacete;Noruega;Junio;..
02 Albacete;Noruega;Julio;..
02 Albacete;Noruega;Agosto;..
02 Albacete;Noruega;Septiembre;28
02 Albacete;Noruega;Octubre;..
02 Albacete;Noruega;Noviembre;..
02 Albacete;Noruega;Diciembre;20
02 Albacete;Reino Unido;Total;888
02 Albacete;Reino Unido;Enero;17
02 Albacete;Reino Unido;Febrero;19
02 Albacete;Reino Unido;Marzo;18
02 Albacete;Reino Unido;Abril;35
02 Albacete;Reino Unido;Mayo;37
02 Albacete;Reino Unido;Junio;43
02 Albacete;Reino Unido;Julio;76
02 Albacete;Reino Unido;Agosto;114
02 Albacete;Reino Unido;Septiembre;182
02 Albacete;Reino Unido;Octubre;193
02 Albacete;Reino Unido;Noviembre;92
02 Albacete;Reino Unido;Diciembre;62
02 Albacete;Rusia;Total;129
02 Albacete;Rusia;Enero;..
02 Albacete;Rusia;Febrero;..
02 Albacete;Rusia;Marzo;..
02 Albacete;Rusia;Abril;..
02 Albacete;Rusia;Mayo;..
02 Albacete;Rusia;Junio;..
02 Albacete;Rusia;Julio;..
02 Albacete;Rusia;Agosto;..
02 Albacete;Rusia;Septiembre;17
02 Albacete;Rusia;Octubre;24
02 Albacete;Rusia;Noviembre;52
02 Albacete;Rusia;Diciembre;..
02 Albacete;Suiza;Total;632
02 Albacete;Suiza;Enero;..
02 Albacete;Suiza;Febrero;23
02 Albacete;Suiza;Marzo;29
02 Albacete;Suiza;Abril;..
02 Albacete;Suiza;Mayo;51
02 Albacete;Suiza;Junio;13
02 Albacete;Suiza;Julio;101
02 Albacete;Suiza;Agosto;89
02 Albacete;Suiza;Septiembre;72
02 Albacete;Suiza;Octubre;102
02 Albacete;Suiza;Noviembre;41
02 Albacete;Suiza;Diciembre;82
02 Albacete;Resto de Europa sin U.E.;Total;1.276
02 Albacete;Resto de Europa sin U.E.;Enero;27
02 Albacete;Resto de Europa sin U.E.;Febrero;91
02 Albacete;Resto de Europa sin U.E.;Marzo;50
02 Albacete;Resto de Europa sin U.E.;Abril;68
02 Albacete;Resto de Europa sin U.E.;Mayo;223
02 Albacete;Resto de Europa sin U.E.;Junio;70
02 Albacete;Resto de Europa sin U.E.;Julio;62
02 Albacete;Resto de Europa sin U.E.;Agosto;155
02 Albacete;Resto de Europa sin U.E.;Septiembre;56
02 Albacete;Resto de Europa sin U.E.;Octubre;185
02 Albacete;Resto de Europa sin U.E.;Noviembre;126
02 Albacete;Resto de Europa sin U.E.;Diciembre;165
02 Albacete;Japón;Total;77
02 Albacete;Japón;Enero;..
02 Albacete;Japón;Febrero;..
02 Albacete;Japón;Marzo;..
02 Albacete;Japón;Abril;..
02 Albacete;Japón;Mayo;..
02 Albacete;Japón;Junio;..
02 Albacete;Japón;Julio;..
02 Albacete;Japón;Agosto;14
02 Albacete;Japón;Septiembre;15
02 Albacete;Japón;Octubre;23
02 Albacete;Japón;Noviembre;..
02 Albacete;Japón;Diciembre;..
02 Albacete;República China;Total;129
02 Albacete;República China;Enero;17
02 Albacete;República China;Febrero;..
02 Albacete;República China;Marzo;..
02 Albacete;República China;Abril;..
02 Albacete;República China;Mayo;..
02 Albacete;República China;Junio;..
02 Albacete;República China;Julio;..
02 Albacete;República China;Agosto;12
02 Albacete;República China;Septiembre;..
02 Albacete;República China;Octubre;23
02 Albacete;República China;Noviembre;..
02 Albacete;República China;Diciembre;..
02 Albacete;Estados Unidos;Total;3.269
02 Albacete;Estados Unidos;Enero;195
02 Albacete;Estados Unidos;Febrero;157
02 Albacete;Estados Unidos;Marzo;187
02 Albacete;Estados Unidos;Abril;251
02 Albacete;Estados Unidos;Mayo;321
02 Albacete;Estados Unidos;Junio;384
02 Albacete;Estados Unidos;Julio;203
02 Albacete;Estados Unidos;Agosto;169
02 Albacete;Estados Unidos;Septiembre;373
02 Albacete;Estados Unidos;Octubre;432
02 Albacete;Estados Unidos;Noviembre;341
02 Albacete;Estados Unidos;Diciembre;255
02 Albacete;Resto de América;Total;2.643
02 Albacete;Resto de América;Enero;80
02 Albacete;Resto de América;Febrero;137
02 Albacete;Resto de América;Marzo;111
02 Albacete;Resto de América;Abril;136
02 Albacete;Resto de América;Mayo;163
02 Albacete;Resto de América;Junio;206
02 Albacete;Resto de América;Julio;218
02 Albacete;Resto de América;Agosto;270
02 Albacete;Resto de América;Septiembre;310
02 Albacete;Resto de América;Octubre;440
02 Albacete;Resto de América;Noviembre;331
02 Albacete;Resto de América;Diciembre;242
02 Albacete;Países africanos;Total;1.114
02 Albacete;Países africanos;Enero;48
02 Albacete;Países africanos;Febrero;83
02 Albacete;Países africanos;Marzo;47
02 Albacete;Países africanos;Abril;..
02 Albacete;Países africanos;Mayo;..
02 Albacete;Países africanos;Junio;105
02 Albacete;Países africanos;Julio;99
02 Albacete;Países africanos;Agosto;198
02 Albacete;Países africanos;Septiembre;126
02 Albacete;Países africanos;Octubre;58
02 Albacete;Países africanos;Noviembre;111
02 Albacete;Países africanos;Diciembre;179
03 Alicante/Alacant;Total;Total;2.709.217
03 Alicante/Alacant;Total;Enero;34.747
03 Alicante/Alacant;Total;Febrero;27.403
03 Alicante/Alacant;Total;Marzo;62.237
03 Alicante/Alacant;Total;Abril;87.164
03 Alicante/Alacant;Total;Mayo;161.807
03 Alicante/Alacant;Total;Junio;288.947
03 Alicante/Alacant;Total;Julio;433.590
03 Alicante/Alacant;Total;Agosto;521.455
03 Alicante/Alacant;Total;Septiembre;344.800
03 Alicante/Alacant;Total;Octubre;341.365
03 Alicante/Alacant;Total;Noviembre;216.112
03 Alicante/Alacant;Total;Diciembre;189.591
03 Alicante/Alacant;Residentes en España;Total;1.972.812
03 Alicante/Alacant;Residentes en España;Enero;26.735
03 Alicante/Alacant;Residentes en España;Febrero;22.719
03 Alicante/Alacant;Residentes en España;Marzo;53.051
03 Alicante/Alacant;Residentes en España;Abril;74.600
03 Alicante/Alacant;Residentes en España;Mayo;133.769
03 Alicante/Alacant;Residentes en España;Junio;238.968
03 Alicante/Alacant;Residentes en España;Julio;348.139
03 Alicante/Alacant;Residentes en España;Agosto;393.893
03 Alicante/Alacant;Residentes en España;Septiembre;228.753
03 Alicante/Alacant;Residentes en España;Octubre;200.707
03 Alicante/Alacant;Residentes en España;Noviembre;123.399
03 Alicante/Alacant;Residentes en España;Diciembre;128.079
03 Alicante/Alacant;No residentes en España;Total;736.405
03 Alicante/Alacant;No residentes en España;Enero;8.012
03 Alicante/Alacant;No residentes en España;Febrero;4.684
03 Alicante/Alacant;No residentes en España;Marzo;9.187
03 Alicante/Alacant;No residentes en España;Abril;12.563
03 Alicante/Alacant;No residentes en España;Mayo;28.038
03 Alicante/Alacant;No residentes en España;Junio;49.979
03 Alicante/Alacant;No residentes en España;Julio;85.451
03 Alicante/Alacant;No residentes en España;Agosto;127.562
03 Alicante/Alacant;No residentes en España;Septiembre;116.046
03 Alicante/Alacant;No residentes en España;Octubre;140.659
03 Alicante/Alacant;No residentes en España;Noviembre;92.713
03 Alicante/Alacant;No residentes en España;Diciembre;61.512
03 Alicante/Alacant;Unión Europea 27 (sin España);Total;398.881
03 Alicante/Alacant;Unión Europea 27 (sin España);Enero;4.844
03 Alicante/Alacant;Unión Europea 27 (sin España);Febrero;2.471
03 Alicante/Alacant;Unión Europea 27 (sin España);Marzo;5.365
03 Alicante/Alacant;Unión Europea 27 (sin España);Abril;8.037
03 Alicante/Alacant;Unión Europea 27 (sin España);Mayo;18.918
03 Alicante/Alacant;Unión Europea 27 (sin España);Junio;30.181
03 Alicante/Alacant;Unión Europea 27 (sin España);Julio;54.802
03 Alicante/Alacant;Unión Europea 27 (sin España);Agosto;79.318
03 Alicante/Alacant;Unión Europea 27 (sin España);Septiembre;59.899
03 Alicante/Alacant;Unión Europea 27 (sin España);Octubre;65.332
03 Alicante/Alacant;Unión Europea 27 (sin España);Noviembre;39.839
03 Alicante/Alacant;Unión Europea 27 (sin España);Diciembre;29.875
03 Alicante/Alacant;Alemania;Total;33.961
03 Alicante/Alacant;Alemania;Enero;262
03 Alicante/Alacant;Alemania;Febrero;201
03 Alicante/Alacant;Alemania;Marzo;598
03 Alicante/Alacant;Alemania;Abril;693
03 Alicante/Alacant;Alemania;Mayo;1.988
03 Alicante/Alacant;Alemania;Junio;3.363
03 Alicante/Alacant;Alemania;Julio;4.363
03 Alicante/Alacant;Alemania;Agosto;3.826
03 Alicante/Alacant;Alemania;Septiembre;5.372
03 Alicante/Alacant;Alemania;Octubre;6.949
03 Alicante/Alacant;Alemania;Noviembre;3.861
03 Alicante/Alacant;Alemania;Diciembre;2.485
03 Alicante/Alacant;Austria;Total;2.951
03 Alicante/Alacant;Austria;Enero;87
03 Alicante/Alacant;Austria;Febrero;46
03 Alicante/Alacant;Austria;Marzo;26
03 Alicante/Alacant;Austria;Abril;65
03 Alicante/Alacant;Austria;Mayo;123
03 Alicante/Alacant;Austria;Junio;382
03 Alicante/Alacant;Austria;Julio;440
03 Alicante/Alacant;Austria;Agosto;378
03 Alicante/Alacant;Austria;Septiembre;320
03 Alicante/Alacant;Austria;Octubre;537
03 Alicante/Alacant;Austria;Noviembre;292
03 Alicante/Alacant;Austria;Diciembre;254
03 Alicante/Alacant;Bélgica;Total;55.057
03 Alicante/Alacant;Bélgica;Enero;548
03 Alicante/Alacant;Bélgica;Febrero;183
03 Alicante/Alacant;Bélgica;Marzo;397
03 Alicante/Alacant;Bélgica;Abril;1.378
03 Alicante/Alacant;Bélgica;Mayo;3.468
03 Alicante/Alacant;Bélgica;Junio;3.953
03 Alicante/Alacant;Bélgica;Julio;6.680
03 Alicante/Alacant;Bélgica;Agosto;7.052
03 Alicante/Alacant;Bélgica;Septiembre;8.921
03 Alicante/Alacant;Bélgica;Octubre;10.175
03 Alicante/Alacant;Bélgica;Noviembre;6.668
03 Alicante/Alacant;Bélgica;Diciembre;5.635
03 Alicante/Alacant;Dinamarca;Total;9.839
03 Alicante/Alacant;Dinamarca;Enero;49
03 Alicante/Alacant;Dinamarca;Febrero;20
03 Alicante/Alacant;Dinamarca;Marzo;50
03 Alicante/Alacant;Dinamarca;Abril;70
03 Alicante/Alacant;Dinamarca;Mayo;260
03 Alicante/Alacant;Dinamarca;Junio;443
03 Alicante/Alacant;Dinamarca;Julio;2.389
03 Alicante/Alacant;Dinamarca;Agosto;1.269
03 Alicante/Alacant;Dinamarca;Septiembre;1.517
03 Alicante/Alacant;Dinamarca;Octubre;2.548
03 Alicante/Alacant;Dinamarca;Noviembre;718
03 Alicante/Alacant;Dinamarca;Diciembre;503
03 Alicante/Alacant;Finlandia;Total;4.187
03 Alicante/Alacant;Finlandia;Enero;72
03 Alicante/Alacant;Finlandia;Febrero;14
03 Alicante/Alacant;Finlandia;Marzo;32
03 Alicante/Alacant;Finlandia;Abril;84
03 Alicante/Alacant;Finlandia;Mayo;71
03 Alicante/Alacant;Finlandia;Junio;138
03 Alicante/Alacant;Finlandia;Julio;420
03 Alicante/Alacant;Finlandia;Agosto;360
03 Alicante/Alacant;Finlandia;Septiembre;785
03 Alicante/Alacant;Finlandia;Octubre;854
03 Alicante/Alacant;Finlandia;Noviembre;945
03 Alicante/Alacant;Finlandia;Diciembre;411
03 Alicante/Alacant;Francia;Total;81.782
03 Alicante/Alacant;Francia;Enero;1.408
03 Alicante/Alacant;Francia;Febrero;542
03 Alicante/Alacant;Francia;Marzo;1.402
03 Alicante/Alacant;Francia;Abril;1.508
03 Alicante/Alacant;Francia;Mayo;4.138
03 Alicante/Alacant;Francia;Junio;5.805
03 Alicante/Alacant;Francia;Julio;10.687
03 Alicante/Alacant;Francia;Agosto;22.847
03 Alicante/Alacant;Francia;Septiembre;10.410
03 Alicante/Alacant;Francia;Octubre;10.906
03 Alicante/Alacant;Francia;Noviembre;6.539
03 Alicante/Alacant;Francia;Diciembre;5.589
03 Alicante/Alacant;Grecia;Total;617
03 Alicante/Alacant;Grecia;Enero;12
03 Alicante/Alacant;Grecia;Febrero;..
03 Alicante/Alacant;Grecia;Marzo;..
03 Alicante/Alacant;Grecia;Abril;10
03 Alicante/Alacant;Grecia;Mayo;13
03 Alicante/Alacant;Grecia;Junio;49
03 Alicante/Alacant;Grecia;Julio;68
03 Alicante/Alacant;Grecia;Agosto;125
03 Alicante/Alacant;Grecia;Septiembre;75
03 Alicante/Alacant;Grecia;Octubre;70
03 Alicante/Alacant;Grecia;Noviembre;112
03 Alicante/Alacant;Grecia;Diciembre;69
03 Alicante/Alacant;Irlanda;Total;18.626
03 Alicante/Alacant;Irlanda;Enero;221
03 Alicante/Alacant;Irlanda;Febrero;79
03 Alicante/Alacant;Irlanda;Marzo;332
03 Alicante/Alacant;Irlanda;Abril;147
03 Alicante/Alacant;Irlanda;Mayo;295
03 Alicante/Alacant;Irlanda;Junio;966
03 Alicante/Alacant;Irlanda;Julio;1.504
03 Alicante/Alacant;Irlanda;Agosto;3.062
03 Alicante/Alacant;Irlanda;Septiembre;3.970
03 Alicante/Alacant;Irlanda;Octubre;4.506
03 Alicante/Alacant;Irlanda;Noviembre;2.195
03 Alicante/Alacant;Irlanda;Diciembre;1.351
03 Alicante/Alacant;Italia;Total;26.901
03 Alicante/Alacant;Italia;Enero;471
03 Alicante/Alacant;Italia;Febrero;301
03 Alicante/Alacant;Italia;Marzo;479
03 Alicante/Alacant;Italia;Abril;955
03 Alicante/Alacant;Italia;Mayo;1.184
03 Alicante/Alacant;Italia;Junio;2.093
03 Alicante/Alacant;Italia;Julio;3.245
03 Alicante/Alacant;Italia;Agosto;5.697
03 Alicante/Alacant;Italia;Septiembre;3.362
03 Alicante/Alacant;Italia;Octubre;3.830
03 Alicante/Alacant;Italia;Noviembre;3.207
03 Alicante/Alacant;Italia;Diciembre;2.076
03 Alicante/Alacant;Luxemburgo;Total;673
03 Alicante/Alacant;Luxemburgo;Enero;..
03 Alicante/Alacant;Luxemburgo;Febrero;..
03 Alicante/Alacant;Luxemburgo;Marzo;16
03 Alicante/Alacant;Luxemburgo;Abril;41
03 Alicante/Alacant;Luxemburgo;Mayo;13
03 Alicante/Alacant;Luxemburgo;Junio;57
03 Alicante/Alacant;Luxemburgo;Julio;39
03 Alicante/Alacant;Luxemburgo;Agosto;179
03 Alicante/Alacant;Luxemburgo;Septiembre;68
03 Alicante/Alacant;Luxemburgo;Octubre;69
03 Alicante/Alacant;Luxemburgo;Noviembre;98
03 Alicante/Alacant;Luxemburgo;Diciembre;82
03 Alicante/Alacant;Países Bajos;Total;56.468
03 Alicante/Alacant;Países Bajos;Enero;487
03 Alicante/Alacant;Países Bajos;Febrero;289
03 Alicante/Alacant;Países Bajos;Marzo;576
03 Alicante/Alacant;Países Bajos;Abril;870
03 Alicante/Alacant;Países Bajos;Mayo;2.217
03 Alicante/Alacant;Países Bajos;Junio;2.913
03 Alicante/Alacant;Países Bajos;Julio;5.769
03 Alicante/Alacant;Países Bajos;Agosto;9.978
03 Alicante/Alacant;Países Bajos;Septiembre;9.836
03 Alicante/Alacant;Países Bajos;Octubre;11.931
03 Alicante/Alacant;Países Bajos;Noviembre;6.140
03 Alicante/Alacant;Países Bajos;Diciembre;5.461
03 Alicante/Alacant;Polonia;Total;16.516
03 Alicante/Alacant;Polonia;Enero;203
03 Alicante/Alacant;Polonia;Febrero;111
03 Alicante/Alacant;Polonia;Marzo;165
03 Alicante/Alacant;Polonia;Abril;406
03 Alicante/Alacant;Polonia;Mayo;880
03 Alicante/Alacant;Polonia;Junio;1.901
03 Alicante/Alacant;Polonia;Julio;2.160
03 Alicante/Alacant;Polonia;Agosto;2.303
03 Alicante/Alacant;Polonia;Septiembre;2.376
03 Alicante/Alacant;Polonia;Octubre;2.276
03 Alicante/Alacant;Polonia;Noviembre;2.266
03 Alicante/Alacant;Polonia;Diciembre;1.471
03 Alicante/Alacant;Portugal;Total;24.853
03 Alicante/Alacant;Portugal;Enero;163
03 Alicante/Alacant;Portugal;Febrero;131
03 Alicante/Alacant;Portugal;Marzo;420
03 Alicante/Alacant;Portugal;Abril;454
03 Alicante/Alacant;Portugal;Mayo;652
03 Alicante/Alacant;Portugal;Junio;1.408
03 Alicante/Alacant;Portugal;Julio;4.054
03 Alicante/Alacant;Portugal;Agosto;9.564
03 Alicante/Alacant;Portugal;Septiembre;4.213
03 Alicante/Alacant;Portugal;Octubre;2.196
03 Alicante/Alacant;Portugal;Noviembre;882
03 Alicante/Alacant;Portugal;Diciembre;717
03 Alicante/Alacant;República Checa;Total;3.783
03 Alicante/Alacant;República Checa;Enero;..
03 Alicante/Alacant;República Checa;Febrero;..
03 Alicante/Alacant;República Checa;Marzo;37
03 Alicante/Alacant;República Checa;Abril;34
03 Alicante/Alacant;República Checa;Mayo;142
03 Alicante/Alacant;República Checa;Junio;474
03 Alicante/Alacant;República Checa;Julio;906
03 Alicante/Alacant;República Checa;Agosto;447
03 Alicante/Alacant;República Checa;Septiembre;566
03 Alicante/Alacant;República Checa;Octubre;364
03 Alicante/Alacant;República Checa;Noviembre;694
03 Alicante/Alacant;República Checa;Diciembre;97
03 Alicante/Alacant;Suecia;Total;19.568
03 Alicante/Alacant;Suecia;Enero;171
03 Alicante/Alacant;Suecia;Febrero;94
03 Alicante/Alacant;Suecia;Marzo;160
03 Alicante/Alacant;Suecia;Abril;429
03 Alicante/Alacant;Suecia;Mayo;685
03 Alicante/Alacant;Suecia;Junio;1.454
03 Alicante/Alacant;Suecia;Julio;3.562
03 Alicante/Alacant;Suecia;Agosto;2.835
03 Alicante/Alacant;Suecia;Septiembre;3.161
03 Alicante/Alacant;Suecia;Octubre;3.494
03 Alicante/Alacant;Suecia;Noviembre;2.361
03 Alicante/Alacant;Suecia;Diciembre;1.163
03 Alicante/Alacant;Noruega;Total;11.695
03 Alicante/Alacant;Noruega;Enero;..
03 Alicante/Alacant;Noruega;Febrero;..
03 Alicante/Alacant;Noruega;Marzo;76
03 Alicante/Alacant;Noruega;Abril;75
03 Alicante/Alacant;Noruega;Mayo;243
03 Alicante/Alacant;Noruega;Junio;590
03 Alicante/Alacant;Noruega;Julio;1.073
03 Alicante/Alacant;Noruega;Agosto;779
03 Alicante/Alacant;Noruega;Septiembre;1.698
03 Alicante/Alacant;Noruega;Octubre;4.037
03 Alicante/Alacant;Noruega;Noviembre;2.086
03 Alicante/Alacant;Noruega;Diciembre;888
03 Alicante/Alacant;Reino Unido;Total;189.041
03 Alicante/Alacant;Reino Unido;Enero;820
03 Alicante/Alacant;Reino Unido;Febrero;353
03 Alicante/Alacant;Reino Unido;Marzo;727
03 Alicante/Alacant;Reino Unido;Abril;1.067
03 Alicante/Alacant;Reino Unido;Mayo;3.151
03 Alicante/Alacant;Reino Unido;Junio;7.430
03 Alicante/Alacant;Reino Unido;Julio;11.806
03 Alicante/Alacant;Reino Unido;Agosto;21.808
03 Alicante/Alacant;Reino Unido;Septiembre;35.940
03 Alicante/Alacant;Reino Unido;Octubre;50.728
03 Alicante/Alacant;Reino Unido;Noviembre;37.361
03 Alicante/Alacant;Reino Unido;Diciembre;17.850
03 Alicante/Alacant;Rusia;Total;8.310
03 Alicante/Alacant;Rusia;Enero;189
03 Alicante/Alacant;Rusia;Febrero;50
03 Alicante/Alacant;Rusia;Marzo;267
03 Alicante/Alacant;Rusia;Abril;283
03 Alicante/Alacant;Rusia;Mayo;482
03 Alicante/Alacant;Rusia;Junio;881
03 Alicante/Alacant;Rusia;Julio;899
03 Alicante/Alacant;Rusia;Agosto;1.109
03 Alicante/Alacant;Rusia;Septiembre;1.085
03 Alicante/Alacant;Rusia;Octubre;1.182
03 Alicante/Alacant;Rusia;Noviembre;1.079
03 Alicante/Alacant;Rusia;Diciembre;804
03 Alicante/Alacant;Suiza;Total;13.986
03 Alicante/Alacant;Suiza;Enero;185
03 Alicante/Alacant;Suiza;Febrero;62
03 Alicante/Alacant;Suiza;Marzo;153
03 Alicante/Alacant;Suiza;Abril;276
03 Alicante/Alacant;Suiza;Mayo;799
03 Alicante/Alacant;Suiza;Junio;1.145
03 Alicante/Alacant;Suiza;Julio;2.440
03 Alicante/Alacant;Suiza;Agosto;2.239
03 Alicante/Alacant;Suiza;Septiembre;1.893
03 Alicante/Alacant;Suiza;Octubre;2.733
03 Alicante/Alacant;Suiza;Noviembre;1.280
03 Alicante/Alacant;Suiza;Diciembre;782
03 Alicante/Alacant;Resto de Europa sin U.E.;Total;24.729
03 Alicante/Alacant;Resto de Europa sin U.E.;Enero;352
03 Alicante/Alacant;Resto de Europa sin U.E.;Febrero;389
03 Alicante/Alacant;Resto de Europa sin U.E.;Marzo;490
03 Alicante/Alacant;Resto de Europa sin U.E.;Abril;504
03 Alicante/Alacant;Resto de Europa sin U.E.;Mayo;994
03 Alicante/Alacant;Resto de Europa sin U.E.;Junio;1.582
03 Alicante/Alacant;Resto de Europa sin U.E.;Julio;3.087
03 Alicante/Alacant;Resto de Europa sin U.E.;Agosto;4.549
03 Alicante/Alacant;Resto de Europa sin U.E.;Septiembre;4.338
03 Alicante/Alacant;Resto de Europa sin U.E.;Octubre;4.632
03 Alicante/Alacant;Resto de Europa sin U.E.;Noviembre;1.981
03 Alicante/Alacant;Resto de Europa sin U.E.;Diciembre;1.830
03 Alicante/Alacant;Japón;Total;527
03 Alicante/Alacant;Japón;Enero;13
03 Alicante/Alacant;Japón;Febrero;..
03 Alicante/Alacant;Japón;Marzo;..
03 Alicante/Alacant;Japón;Abril;31
03 Alicante/Alacant;Japón;Mayo;15
03 Alicante/Alacant;Japón;Junio;36
03 Alicante/Alacant;Japón;Julio;110
03 Alicante/Alacant;Japón;Agosto;129
03 Alicante/Alacant;Japón;Septiembre;24
03 Alicante/Alacant;Japón;Octubre;45
03 Alicante/Alacant;Japón;Noviembre;31
03 Alicante/Alacant;Japón;Diciembre;84
03 Alicante/Alacant;República China;Total;3.685
03 Alicante/Alacant;República China;Enero;35
03 Alicante/Alacant;República China;Febrero;78
03 Alicante/Alacant;República China;Marzo;210
03 Alicante/Alacant;República China;Abril;230
03 Alicante/Alacant;República China;Mayo;179
03 Alicante/Alacant;República China;Junio;252
03 Alicante/Alacant;República China;Julio;368
03 Alicante/Alacant;República China;Agosto;595
03 Alicante/Alacant;República China;Septiembre;489
03 Alicante/Alacant;República China;Octubre;513
03 Alicante/Alacant;República China;Noviembre;431
03 Alicante/Alacant;República China;Diciembre;306
03 Alicante/Alacant;Estados Unidos;Total;11.826
03 Alicante/Alacant;Estados Unidos;Enero;122
03 Alicante/Alacant;Estados Unidos;Febrero;29
03 Alicante/Alacant;Estados Unidos;Marzo;227
03 Alicante/Alacant;Estados Unidos;Abril;237
03 Alicante/Alacant;Estados Unidos;Mayo;339
03 Alicante/Alacant;Estados Unidos;Junio;1.094
03 Alicante/Alacant;Estados Unidos;Julio;2.000
03 Alicante/Alacant;Estados Unidos;Agosto;1.814
03 Alicante/Alacant;Estados Unidos;Septiembre;1.874
03 Alicante/Alacant;Estados Unidos;Octubre;1.864
03 Alicante/Alacant;Estados Unidos;Noviembre;978
03 Alicante/Alacant;Estados Unidos;Diciembre;1.249
03 Alicante/Alacant;Resto de América;Total;39.371
03 Alicante/Alacant;Resto de América;Enero;563
03 Alicante/Alacant;Resto de América;Febrero;592
03 Alicante/Alacant;Resto de América;Marzo;728
03 Alicante/Alacant;Resto de América;Abril;1.088
03 Alicante/Alacant;Resto de América;Mayo;1.634
03 Alicante/Alacant;Resto de América;Junio;3.810
03 Alicante/Alacant;Resto de América;Julio;5.507
03 Alicante/Alacant;Resto de América;Agosto;8.917
03 Alicante/Alacant;Resto de América;Septiembre;5.503
03 Alicante/Alacant;Resto de América;Octubre;4.572
03 Alicante/Alacant;Resto de América;Noviembre;3.202
03 Alicante/Alacant;Resto de América;Diciembre;3.257
03 Alicante/Alacant;Países africanos;Total;20.011
03 Alicante/Alacant;Países africanos;Enero;613
03 Alicante/Alacant;Países africanos;Febrero;458
03 Alicante/Alacant;Países africanos;Marzo;738
03 Alicante/Alacant;Países africanos;Abril;439
03 Alicante/Alacant;Países africanos;Mayo;699
03 Alicante/Alacant;Países africanos;Junio;1.352
03 Alicante/Alacant;Países africanos;Julio;2.204
03 Alicante/Alacant;Países africanos;Agosto;4.164
03 Alicante/Alacant;Países africanos;Septiembre;1.873
03 Alicante/Alacant;Países africanos;Octubre;1.767
03 Alicante/Alacant;Países africanos;Noviembre;2.636
03 Alicante/Alacant;Países africanos;Diciembre;3.068
04 Almería;Total;Total;976.380
04 Almería;Total;Enero;12.705
04 Almería;Total;Febrero;12.479
04 Almería;Total;Marzo;17.400
04 Almería;Total;Abril;19.595
04 Almería;Total;Mayo;43.071
04 Almería;Total;Junio;118.490
04 Almería;Total;Julio;189.514
04 Almería;Total;Agosto;230.005
04 Almería;Total;Septiembre;159.971
04 Almería;Total;Octubre;89.887
04 Almería;Total;Noviembre;43.218
04 Almería;Total;Diciembre;40.045
04 Almería;Residentes en España;Total;843.715
04 Almería;Residentes en España;Enero;10.078
04 Almería;Residentes en España;Febrero;10.712
04 Almería;Residentes en España;Marzo;14.623
04 Almería;Residentes en España;Abril;16.155
04 Almería;Residentes en España;Mayo;37.240
04 Almería;Residentes en España;Junio;107.549
04 Almería;Residentes en España;Julio;172.883
04 Almería;Residentes en España;Agosto;209.996
04 Almería;Residentes en España;Septiembre;133.713
04 Almería;Residentes en España;Octubre;67.943
04 Almería;Residentes en España;Noviembre;32.281
04 Almería;Residentes en España;Diciembre;30.542
04 Almería;No residentes en España;Total;132.665
04 Almería;No residentes en España;Enero;2.627
04 Almería;No residentes en España;Febrero;1.767
04 Almería;No residentes en España;Marzo;2.777
04 Almería;No residentes en España;Abril;3.440
04 Almería;No residentes en España;Mayo;5.832
04 Almería;No residentes en España;Junio;10.941
04 Almería;No residentes en España;Julio;16.631
04 Almería;No residentes en España;Agosto;20.009
04 Almería;No residentes en España;Septiembre;26.258
04 Almería;No residentes en España;Octubre;21.944
04 Almería;No residentes en España;Noviembre;10.937
04 Almería;No residentes en España;Diciembre;9.503
04 Almería;Unión Europea 27 (sin España);Total;76.894
04 Almería;Unión Europea 27 (sin España);Enero;1.267
04 Almería;Unión Europea 27 (sin España);Febrero;985
04 Almería;Unión Europea 27 (sin España);Marzo;1.458
04 Almería;Unión Europea 27 (sin España);Abril;1.860
04 Almería;Unión Europea 27 (sin España);Mayo;3.132
04 Almería;Unión Europea 27 (sin España);Junio;6.228
04 Almería;Unión Europea 27 (sin España);Julio;11.233
04 Almería;Unión Europea 27 (sin España);Agosto;11.694
04 Almería;Unión Europea 27 (sin España);Septiembre;14.516
04 Almería;Unión Europea 27 (sin España);Octubre;13.086
04 Almería;Unión Europea 27 (sin España);Noviembre;6.363
04 Almería;Unión Europea 27 (sin España);Diciembre;5.072
04 Almería;Alemania;Total;8.956
04 Almería;Alemania;Enero;305
04 Almería;Alemania;Febrero;162
04 Almería;Alemania;Marzo;190
04 Almería;Alemania;Abril;169
04 Almería;Alemania;Mayo;348
04 Almería;Alemania;Junio;607
04 Almería;Alemania;Julio;944
04 Almería;Alemania;Agosto;981
04 Almería;Alemania;Septiembre;1.543
04 Almería;Alemania;Octubre;1.762
04 Almería;Alemania;Noviembre;1.064
04 Almería;Alemania;Diciembre;881
04 Almería;Austria;Total;902
04 Almería;Austria;Enero;..
04 Almería;Austria;Febrero;64
04 Almería;Austria;Marzo;..
04 Almería;Austria;Abril;..
04 Almería;Austria;Mayo;..
04 Almería;Austria;Junio;101
04 Almería;Austria;Julio;135
04 Almería;Austria;Agosto;174
04 Almería;Austria;Septiembre;186
04 Almería;Austria;Octubre;77
04 Almería;Austria;Noviembre;52
04 Almería;Austria;Diciembre;91
04 Almería;Bélgica;Total;7.278
04 Almería;Bélgica;Enero;..
04 Almería;Bélgica;Febrero;..
04 Almería;Bélgica;Marzo;123
04 Almería;Bélgica;Abril;70
04 Almería;Bélgica;Mayo;188
04 Almería;Bélgica;Junio;327
04 Almería;Bélgica;Julio;759
04 Almería;Bélgica;Agosto;861
04 Almería;Bélgica;Septiembre;1.977
04 Almería;Bélgica;Octubre;2.107
04 Almería;Bélgica;Noviembre;382
04 Almería;Bélgica;Diciembre;399
04 Almería;Dinamarca;Total;2.692
04 Almería;Dinamarca;Enero;..
04 Almería;Dinamarca;Febrero;..
04 Almería;Dinamarca;Marzo;..
04 Almería;Dinamarca;Abril;..
04 Almería;Dinamarca;Mayo;..
04 Almería;Dinamarca;Junio;94
04 Almería;Dinamarca;Julio;679
04 Almería;Dinamarca;Agosto;483
04 Almería;Dinamarca;Septiembre;236
04 Almería;Dinamarca;Octubre;687
04 Almería;Dinamarca;Noviembre;178
04 Almería;Dinamarca;Diciembre;312
04 Almería;Finlandia;Total;623
04 Almería;Finlandia;Enero;..
04 Almería;Finlandia;Febrero;17
04 Almería;Finlandia;Marzo;..
04 Almería;Finlandia;Abril;..
04 Almería;Finlandia;Mayo;17
04 Almería;Finlandia;Junio;..
04 Almería;Finlandia;Julio;25
04 Almería;Finlandia;Agosto;28
04 Almería;Finlandia;Septiembre;56
04 Almería;Finlandia;Octubre;254
04 Almería;Finlandia;Noviembre;150
04 Almería;Finlandia;Diciembre;53
04 Almería;Francia;Total;14.404
04 Almería;Francia;Enero;230
04 Almería;Francia;Febrero;170
04 Almería;Francia;Marzo;337
04 Almería;Francia;Abril;313
04 Almería;Francia;Mayo;917
04 Almería;Francia;Junio;1.320
04 Almería;Francia;Julio;1.771
04 Almería;Francia;Agosto;2.847
04 Almería;Francia;Septiembre;2.420
04 Almería;Francia;Octubre;1.657
04 Almería;Francia;Noviembre;1.376
04 Almería;Francia;Diciembre;1.044
04 Almería;Grecia;Total;226
04 Almería;Grecia;Enero;..
04 Almería;Grecia;Febrero;..
04 Almería;Grecia;Marzo;..
04 Almería;Grecia;Abril;..
04 Almería;Grecia;Mayo;14
04 Almería;Grecia;Junio;25
04 Almería;Grecia;Julio;22
04 Almería;Grecia;Agosto;..
04 Almería;Grecia;Septiembre;49
04 Almería;Grecia;Octubre;43
04 Almería;Grecia;Noviembre;38
04 Almería;Grecia;Diciembre;15
04 Almería;Irlanda;Total;2.917
04 Almería;Irlanda;Enero;..
04 Almería;Irlanda;Febrero;..
04 Almería;Irlanda;Marzo;14
04 Almería;Irlanda;Abril;103
04 Almería;Irlanda;Mayo;56
04 Almería;Irlanda;Junio;61
04 Almería;Irlanda;Julio;323
04 Almería;Irlanda;Agosto;306
04 Almería;Irlanda;Septiembre;744
04 Almería;Irlanda;Octubre;853
04 Almería;Irlanda;Noviembre;263
04 Almería;Irlanda;Diciembre;183
04 Almería;Italia;Total;6.198
04 Almería;Italia;Enero;144
04 Almería;Italia;Febrero;97
04 Almería;Italia;Marzo;131
04 Almería;Italia;Abril;388
04 Almería;Italia;Mayo;388
04 Almería;Italia;Junio;551
04 Almería;Italia;Julio;572
04 Almería;Italia;Agosto;1.149
04 Almería;Italia;Septiembre;962
04 Almería;Italia;Octubre;792
04 Almería;Italia;Noviembre;498
04 Almería;Italia;Diciembre;526
04 Almería;Luxemburgo;Total;760
04 Almería;Luxemburgo;Enero;..
04 Almería;Luxemburgo;Febrero;..
04 Almería;Luxemburgo;Marzo;..
04 Almería;Luxemburgo;Abril;..
04 Almería;Luxemburgo;Mayo;71
04 Almería;Luxemburgo;Junio;135
04 Almería;Luxemburgo;Julio;177
04 Almería;Luxemburgo;Agosto;168
04 Almería;Luxemburgo;Septiembre;131
04 Almería;Luxemburgo;Octubre;20
04 Almería;Luxemburgo;Noviembre;33
04 Almería;Luxemburgo;Diciembre;19
04 Almería;Países Bajos;Total;7.135
04 Almería;Países Bajos;Enero;37
04 Almería;Países Bajos;Febrero;33
04 Almería;Países Bajos;Marzo;115
04 Almería;Países Bajos;Abril;144
04 Almería;Países Bajos;Mayo;106
04 Almería;Países Bajos;Junio;416
04 Almería;Países Bajos;Julio;832
04 Almería;Países Bajos;Agosto;556
04 Almería;Países Bajos;Septiembre;1.936
04 Almería;Países Bajos;Octubre;1.836
04 Almería;Países Bajos;Noviembre;652
04 Almería;Países Bajos;Diciembre;473
04 Almería;Polonia;Total;4.827
04 Almería;Polonia;Enero;..
04 Almería;Polonia;Febrero;..
04 Almería;Polonia;Marzo;36
04 Almería;Polonia;Abril;28
04 Almería;Polonia;Mayo;102
04 Almería;Polonia;Junio;790
04 Almería;Polonia;Julio;1.252
04 Almería;Polonia;Agosto;871
04 Almería;Polonia;Septiembre;959
04 Almería;Polonia;Octubre;495
04 Almería;Polonia;Noviembre;196
04 Almería;Polonia;Diciembre;80
04 Almería;Portugal;Total;5.090
04 Almería;Portugal;Enero;72
04 Almería;Portugal;Febrero;44
04 Almería;Portugal;Marzo;77
04 Almería;Portugal;Abril;67
04 Almería;Portugal;Mayo;169
04 Almería;Portugal;Junio;571
04 Almería;Portugal;Julio;712
04 Almería;Portugal;Agosto;1.152
04 Almería;Portugal;Septiembre;1.332
04 Almería;Portugal;Octubre;485
04 Almería;Portugal;Noviembre;219
04 Almería;Portugal;Diciembre;190
04 Almería;República Checa;Total;1.481
04 Almería;República Checa;Enero;..
04 Almería;República Checa;Febrero;..
04 Almería;República Checa;Marzo;16
04 Almería;República Checa;Abril;24
04 Almería;República Checa;Mayo;129
04 Almería;República Checa;Junio;166
04 Almería;República Checa;Julio;327
04 Almería;República Checa;Agosto;295
04 Almería;República Checa;Septiembre;276
04 Almería;República Checa;Octubre;79
04 Almería;República Checa;Noviembre;58
04 Almería;República Checa;Diciembre;104
04 Almería;Suecia;Total;2.875
04 Almería;Suecia;Enero;..
04 Almería;Suecia;Febrero;..
04 Almería;Suecia;Marzo;33
04 Almería;Suecia;Abril;28
04 Almería;Suecia;Mayo;21
04 Almería;Suecia;Junio;73
04 Almería;Suecia;Julio;289
04 Almería;Suecia;Agosto;171
04 Almería;Suecia;Septiembre;544
04 Almería;Suecia;Octubre;815
04 Almería;Suecia;Noviembre;614
04 Almería;Suecia;Diciembre;259
04 Almería;Noruega;Total;723
04 Almería;Noruega;Enero;..
04 Almería;Noruega;Febrero;..
04 Almería;Noruega;Marzo;..
04 Almería;Noruega;Abril;..
04 Almería;Noruega;Mayo;17
04 Almería;Noruega;Junio;13
04 Almería;Noruega;Julio;33
04 Almería;Noruega;Agosto;26
04 Almería;Noruega;Septiembre;88
04 Almería;Noruega;Octubre;388
04 Almería;Noruega;Noviembre;78
04 Almería;Noruega;Diciembre;66
04 Almería;Reino Unido;Total;18.974
04 Almería;Reino Unido;Enero;103
04 Almería;Reino Unido;Febrero;84
04 Almería;Reino Unido;Marzo;216
04 Almería;Reino Unido;Abril;455
04 Almería;Reino Unido;Mayo;662
04 Almería;Reino Unido;Junio;1.430
04 Almería;Reino Unido;Julio;1.482
04 Almería;Reino Unido;Agosto;2.075
04 Almería;Reino Unido;Septiembre;5.046
04 Almería;Reino Unido;Octubre;4.505
04 Almería;Reino Unido;Noviembre;1.714
04 Almería;Reino Unido;Diciembre;1.201
04 Almería;Rusia;Total;897
04 Almería;Rusia;Enero;39
04 Almería;Rusia;Febrero;..
04 Almería;Rusia;Marzo;..
04 Almería;Rusia;Abril;48
04 Almería;Rusia;Mayo;56
04 Almería;Rusia;Junio;72
04 Almería;Rusia;Julio;95
04 Almería;Rusia;Agosto;89
04 Almería;Rusia;Septiembre;169
04 Almería;Rusia;Octubre;117
04 Almería;Rusia;Noviembre;66
04 Almería;Rusia;Diciembre;95
04 Almería;Suiza;Total;2.228
04 Almería;Suiza;Enero;..
04 Almería;Suiza;Febrero;..
04 Almería;Suiza;Marzo;..
04 Almería;Suiza;Abril;29
04 Almería;Suiza;Mayo;81
04 Almería;Suiza;Junio;182
04 Almería;Suiza;Julio;323
04 Almería;Suiza;Agosto;308
04 Almería;Suiza;Septiembre;512
04 Almería;Suiza;Octubre;564
04 Almería;Suiza;Noviembre;97
04 Almería;Suiza;Diciembre;114
04 Almería;Resto de Europa sin U.E.;Total;3.801
04 Almería;Resto de Europa sin U.E.;Enero;63
04 Almería;Resto de Europa sin U.E.;Febrero;52
04 Almería;Resto de Europa sin U.E.;Marzo;87
04 Almería;Resto de Europa sin U.E.;Abril;119
04 Almería;Resto de Europa sin U.E.;Mayo;266
04 Almería;Resto de Europa sin U.E.;Junio;228
04 Almería;Resto de Europa sin U.E.;Julio;450
04 Almería;Resto de Europa sin U.E.;Agosto;540
04 Almería;Resto de Europa sin U.E.;Septiembre;954
04 Almería;Resto de Europa sin U.E.;Octubre;486
04 Almería;Resto de Europa sin U.E.;Noviembre;284
04 Almería;Resto de Europa sin U.E.;Diciembre;273
04 Almería;Japón;Total;60
04 Almería;Japón;Enero;..
04 Almería;Japón;Febrero;..
04 Almería;Japón;Marzo;..
04 Almería;Japón;Abril;..
04 Almería;Japón;Mayo;..
04 Almería;Japón;Junio;..
04 Almería;Japón;Julio;20
04 Almería;Japón;Agosto;..
04 Almería;Japón;Septiembre;..
04 Almería;Japón;Octubre;..
04 Almería;Japón;Noviembre;..
04 Almería;Japón;Diciembre;..
04 Almería;República China;Total;488
04 Almería;República China;Enero;..
04 Almería;República China;Febrero;..
04 Almería;República China;Marzo;..
04 Almería;República China;Abril;61
04 Almería;República China;Mayo;22
04 Almería;República China;Junio;52
04 Almería;República China;Julio;98
04 Almería;República China;Agosto;22
04 Almería;República China;Septiembre;41
04 Almería;República China;Octubre;64
04 Almería;República China;Noviembre;32
04 Almería;República China;Diciembre;74
04 Almería;Estados Unidos;Total;1.368
04 Almería;Estados Unidos;Enero;34
04 Almería;Estados Unidos;Febrero;..
04 Almería;Estados Unidos;Marzo;..
04 Almería;Estados Unidos;Abril;20
04 Almería;Estados Unidos;Mayo;57
04 Almería;Estados Unidos;Junio;54
04 Almería;Estados Unidos;Julio;196
04 Almería;Estados Unidos;Agosto;269
04 Almería;Estados Unidos;Septiembre;231
04 Almería;Estados Unidos;Octubre;206
04 Almería;Estados Unidos;Noviembre;175
04 Almería;Estados Unidos;Diciembre;120
04 Almería;Resto de América;Total;7.969
04 Almería;Resto de América;Enero;223
04 Almería;Resto de América;Febrero;118
04 Almería;Resto de América;Marzo;163
04 Almería;Resto de América;Abril;185
04 Almería;Resto de América;Mayo;614
04 Almería;Resto de América;Junio;890
04 Almería;Resto de América;Julio;1.125
04 Almería;Resto de América;Agosto;1.181
04 Almería;Resto de América;Septiembre;1.276
04 Almería;Resto de América;Octubre;856
04 Almería;Resto de América;Noviembre;710
04 Almería;Resto de América;Diciembre;628
04 Almería;Países africanos;Total;10.625
04 Almería;Países africanos;Enero;776
04 Almería;Países africanos;Febrero;440
04 Almería;Países africanos;Marzo;683
04 Almería;Países africanos;Abril;477
04 Almería;Países africanos;Mayo;697
04 Almería;Países africanos;Junio;1.094
04 Almería;Países africanos;Julio;895
04 Almería;Países africanos;Agosto;1.144
04 Almería;Países africanos;Septiembre;1.066
04 Almería;Países africanos;Octubre;813
04 Almería;Países africanos;Noviembre;910
04 Almería;Países africanos;Diciembre;1.630
01 Araba/Álava;Total;Total;307.183
01 Araba/Álava;Total;Enero;8.978
01 Araba/Álava;Total;Febrero;7.530
01 Araba/Álava;Total;Marzo;14.664
01 Araba/Álava;Total;Abril;14.737
01 Araba/Álava;Total;Mayo;18.021
01 Araba/Álava;Total;Junio;24.846
01 Araba/Álava;Total;Julio;38.834
01 Araba/Álava;Total;Agosto;51.019
01 Araba/Álava;Total;Septiembre;36.088
01 Araba/Álava;Total;Octubre;38.352
01 Araba/Álava;Total;Noviembre;28.358
01 Araba/Álava;Total;Diciembre;25.758
01 Araba/Álava;Residentes en España;Total;239.888
01 Araba/Álava;Residentes en España;Enero;6.823
01 Araba/Álava;Residentes en España;Febrero;6.304
01 Araba/Álava;Residentes en España;Marzo;12.678
01 Araba/Álava;Residentes en España;Abril;12.639
01 Araba/Álava;Residentes en España;Mayo;15.377
01 Araba/Álava;Residentes en España;Junio;20.582
01 Araba/Álava;Residentes en España;Julio;28.214
01 Araba/Álava;Residentes en España;Agosto;38.753
01 Araba/Álava;Residentes en España;Septiembre;26.044
01 Araba/Álava;Residentes en España;Octubre;29.148
01 Araba/Álava;Residentes en España;Noviembre;22.056
01 Araba/Álava;Residentes en España;Diciembre;21.270
01 Araba/Álava;No residentes en España;Total;67.295
01 Araba/Álava;No residentes en España;Enero;2.155
01 Araba/Álava;No residentes en España;Febrero;1.226
01 Araba/Álava;No residentes en España;Marzo;1.986
01 Araba/Álava;No residentes en España;Abril;2.098
01 Araba/Álava;No residentes en España;Mayo;2.643
01 Araba/Álava;No residentes en España;Junio;4.264
01 Araba/Álava;No residentes en España;Julio;10.619
01 Araba/Álava;No residentes en España;Agosto;12.265
01 Araba/Álava;No residentes en España;Septiembre;10.044
01 Araba/Álava;No residentes en España;Octubre;9.204
01 Araba/Álava;No residentes en España;Noviembre;6.302
01 Araba/Álava;No residentes en España;Diciembre;4.488
01 Araba/Álava;Unión Europea 27 (sin España);Total;47.361
01 Araba/Álava;Unión Europea 27 (sin España);Enero;1.539
01 Araba/Álava;Unión Europea 27 (sin España);Febrero;653
01 Araba/Álava;Unión Europea 27 (sin España);Marzo;1.105
01 Araba/Álava;Unión Europea 27 (sin España);Abril;1.196
01 Araba/Álava;Unión Europea 27 (sin España);Mayo;2.002
01 Araba/Álava;Unión Europea 27 (sin España);Junio;3.093
01 Araba/Álava;Unión Europea 27 (sin España);Julio;8.249
01 Araba/Álava;Unión Europea 27 (sin España);Agosto;10.352
01 Araba/Álava;Unión Europea 27 (sin España);Septiembre;6.898
01 Araba/Álava;Unión Europea 27 (sin España);Octubre;5.634
01 Araba/Álava;Unión Europea 27 (sin España);Noviembre;3.922
01 Araba/Álava;Unión Europea 27 (sin España);Diciembre;2.718
01 Araba/Álava;Alemania;Total;4.564
01 Araba/Álava;Alemania;Enero;103
01 Araba/Álava;Alemania;Febrero;45
01 Araba/Álava;Alemania;Marzo;77
01 Araba/Álava;Alemania;Abril;116
01 Araba/Álava;Alemania;Mayo;155
01 Araba/Álava;Alemania;Junio;242
01 Araba/Álava;Alemania;Julio;579
01 Araba/Álava;Alemania;Agosto;575
01 Araba/Álava;Alemania;Septiembre;988
01 Araba/Álava;Alemania;Octubre;813
01 Araba/Álava;Alemania;Noviembre;549
01 Araba/Álava;Alemania;Diciembre;320
01 Araba/Álava;Austria;Total;355
01 Araba/Álava;Austria;Enero;..
01 Araba/Álava;Austria;Febrero;12
01 Araba/Álava;Austria;Marzo;..
01 Araba/Álava;Austria;Abril;..
01 Araba/Álava;Austria;Mayo;..
01 Araba/Álava;Austria;Junio;34
01 Araba/Álava;Austria;Julio;67
01 Araba/Álava;Austria;Agosto;66
01 Araba/Álava;Austria;Septiembre;60
01 Araba/Álava;Austria;Octubre;36
01 Araba/Álava;Austria;Noviembre;16
01 Araba/Álava;Austria;Diciembre;39
01 Araba/Álava;Bélgica;Total;4.061
01 Araba/Álava;Bélgica;Enero;58
01 Araba/Álava;Bélgica;Febrero;..
01 Araba/Álava;Bélgica;Marzo;52
01 Araba/Álava;Bélgica;Abril;..
01 Araba/Álava;Bélgica;Mayo;157
01 Araba/Álava;Bélgica;Junio;256
01 Araba/Álava;Bélgica;Julio;1.078
01 Araba/Álava;Bélgica;Agosto;1.051
01 Araba/Álava;Bélgica;Septiembre;608
01 Araba/Álava;Bélgica;Octubre;359
01 Araba/Álava;Bélgica;Noviembre;189
01 Araba/Álava;Bélgica;Diciembre;206
01 Araba/Álava;Dinamarca;Total;270
01 Araba/Álava;Dinamarca;Enero;..
01 Araba/Álava;Dinamarca;Febrero;..
01 Araba/Álava;Dinamarca;Marzo;..
01 Araba/Álava;Dinamarca;Abril;..
01 Araba/Álava;Dinamarca;Mayo;13
01 Araba/Álava;Dinamarca;Junio;..
01 Araba/Álava;Dinamarca;Julio;73
01 Araba/Álava;Dinamarca;Agosto;36
01 Araba/Álava;Dinamarca;Septiembre;64
01 Araba/Álava;Dinamarca;Octubre;24
01 Araba/Álava;Dinamarca;Noviembre;23
01 Araba/Álava;Dinamarca;Diciembre;13
01 Araba/Álava;Finlandia;Total;165
01 Araba/Álava;Finlandia;Enero;..
01 Araba/Álava;Finlandia;Febrero;..
01 Araba/Álava;Finlandia;Marzo;..
01 Araba/Álava;Finlandia;Abril;..
01 Araba/Álava;Finlandia;Mayo;..
01 Araba/Álava;Finlandia;Junio;..
01 Araba/Álava;Finlandia;Julio;30
01 Araba/Álava;Finlandia;Agosto;..
01 Araba/Álava;Finlandia;Septiembre;49
01 Araba/Álava;Finlandia;Octubre;24
01 Araba/Álava;Finlandia;Noviembre;14
01 Araba/Álava;Finlandia;Diciembre;16
01 Araba/Álava;Francia;Total;17.145
01 Araba/Álava;Francia;Enero;370
01 Araba/Álava;Francia;Febrero;182
01 Araba/Álava;Francia;Marzo;250
01 Araba/Álava;Francia;Abril;373
01 Araba/Álava;Francia;Mayo;721
01 Araba/Álava;Francia;Junio;1.143
01 Araba/Álava;Francia;Julio;2.992
01 Araba/Álava;Francia;Agosto;4.640
01 Araba/Álava;Francia;Septiembre;2.229
01 Araba/Álava;Francia;Octubre;1.940
01 Araba/Álava;Francia;Noviembre;1.434
01 Araba/Álava;Francia;Diciembre;871
01 Araba/Álava;Grecia;Total;303
01 Araba/Álava;Grecia;Enero;..
01 Araba/Álava;Grecia;Febrero;..
01 Araba/Álava;Grecia;Marzo;33
01 Araba/Álava;Grecia;Abril;..
01 Araba/Álava;Grecia;Mayo;..
01 Araba/Álava;Grecia;Junio;..
01 Araba/Álava;Grecia;Julio;35
01 Araba/Álava;Grecia;Agosto;72
01 Araba/Álava;Grecia;Septiembre;19
01 Araba/Álava;Grecia;Octubre;29
01 Araba/Álava;Grecia;Noviembre;53
01 Araba/Álava;Grecia;Diciembre;32
01 Araba/Álava;Irlanda;Total;569
01 Araba/Álava;Irlanda;Enero;..
01 Araba/Álava;Irlanda;Febrero;..
01 Araba/Álava;Irlanda;Marzo;..
01 Araba/Álava;Irlanda;Abril;..
01 Araba/Álava;Irlanda;Mayo;28
01 Araba/Álava;Irlanda;Junio;26
01 Araba/Álava;Irlanda;Julio;72
01 Araba/Álava;Irlanda;Agosto;117
01 Araba/Álava;Irlanda;Septiembre;136
01 Araba/Álava;Irlanda;Octubre;88
01 Araba/Álava;Irlanda;Noviembre;56
01 Araba/Álava;Irlanda;Diciembre;14
01 Araba/Álava;Italia;Total;2.819
01 Araba/Álava;Italia;Enero;73
01 Araba/Álava;Italia;Febrero;74
01 Araba/Álava;Italia;Marzo;96
01 Araba/Álava;Italia;Abril;75
01 Araba/Álava;Italia;Mayo;147
01 Araba/Álava;Italia;Junio;145
01 Araba/Álava;Italia;Julio;367
01 Araba/Álava;Italia;Agosto;600
01 Araba/Álava;Italia;Septiembre;366
01 Araba/Álava;Italia;Octubre;336
01 Araba/Álava;Italia;Noviembre;381
01 Araba/Álava;Italia;Diciembre;161
01 Araba/Álava;Luxemburgo;Total;147
01 Araba/Álava;Luxemburgo;Enero;..
01 Araba/Álava;Luxemburgo;Febrero;..
01 Araba/Álava;Luxemburgo;Marzo;..
01 Araba/Álava;Luxemburgo;Abril;..
01 Araba/Álava;Luxemburgo;Mayo;..
01 Araba/Álava;Luxemburgo;Junio;..
01 Araba/Álava;Luxemburgo;Julio;42
01 Araba/Álava;Luxemburgo;Agosto;50
01 Araba/Álava;Luxemburgo;Septiembre;30
01 Araba/Álava;Luxemburgo;Octubre;..
01 Araba/Álava;Luxemburgo;Noviembre;..
01 Araba/Álava;Luxemburgo;Diciembre;..
01 Araba/Álava;Países Bajos;Total;3.838
01 Araba/Álava;Países Bajos;Enero;120
01 Araba/Álava;Países Bajos;Febrero;39
01 Araba/Álava;Países Bajos;Marzo;64
01 Araba/Álava;Países Bajos;Abril;46
01 Araba/Álava;Países Bajos;Mayo;141
01 Araba/Álava;Países Bajos;Junio;185
01 Araba/Álava;Países Bajos;Julio;723
01 Araba/Álava;Países Bajos;Agosto;804
01 Araba/Álava;Países Bajos;Septiembre;845
01 Araba/Álava;Países Bajos;Octubre;503
01 Araba/Álava;Países Bajos;Noviembre;196
01 Araba/Álava;Países Bajos;Diciembre;172
01 Araba/Álava;Polonia;Total;676
01 Araba/Álava;Polonia;Enero;..
01 Araba/Álava;Polonia;Febrero;..
01 Araba/Álava;Polonia;Marzo;13
01 Araba/Álava;Polonia;Abril;20
01 Araba/Álava;Polonia;Mayo;36
01 Araba/Álava;Polonia;Junio;36
01 Araba/Álava;Polonia;Julio;48
01 Araba/Álava;Polonia;Agosto;109
01 Araba/Álava;Polonia;Septiembre;132
01 Araba/Álava;Polonia;Octubre;144
01 Araba/Álava;Polonia;Noviembre;69
01 Araba/Álava;Polonia;Diciembre;48
01 Araba/Álava;Portugal;Total;9.586
01 Araba/Álava;Portugal;Enero;660
01 Araba/Álava;Portugal;Febrero;147
01 Araba/Álava;Portugal;Marzo;363
01 Araba/Álava;Portugal;Abril;311
01 Araba/Álava;Portugal;Mayo;499
01 Araba/Álava;Portugal;Junio;788
01 Araba/Álava;Portugal;Julio;1.701
01 Araba/Álava;Portugal;Agosto;1.930
01 Araba/Álava;Portugal;Septiembre;1.060
01 Araba/Álava;Portugal;Octubre;764
01 Araba/Álava;Portugal;Noviembre;721
01 Araba/Álava;Portugal;Diciembre;642
01 Araba/Álava;República Checa;Total;266
01 Araba/Álava;República Checa;Enero;..
01 Araba/Álava;República Checa;Febrero;..
01 Araba/Álava;República Checa;Marzo;..
01 Araba/Álava;República Checa;Abril;..
01 Araba/Álava;República Checa;Mayo;..
01 Araba/Álava;República Checa;Junio;33
01 Araba/Álava;República Checa;Julio;48
01 Araba/Álava;República Checa;Agosto;..
01 Araba/Álava;República Checa;Septiembre;42
01 Araba/Álava;República Checa;Octubre;52
01 Araba/Álava;República Checa;Noviembre;13
01 Araba/Álava;República Checa;Diciembre;36
01 Araba/Álava;Suecia;Total;469
01 Araba/Álava;Suecia;Enero;..
01 Araba/Álava;Suecia;Febrero;..
01 Araba/Álava;Suecia;Marzo;..
01 Araba/Álava;Suecia;Abril;..
01 Araba/Álava;Suecia;Mayo;..
01 Araba/Álava;Suecia;Junio;..
01 Araba/Álava;Suecia;Julio;71
01 Araba/Álava;Suecia;Agosto;59
01 Araba/Álava;Suecia;Septiembre;130
01 Araba/Álava;Suecia;Octubre;122
01 Araba/Álava;Suecia;Noviembre;34
01 Araba/Álava;Suecia;Diciembre;..
01 Araba/Álava;Noruega;Total;111
01 Araba/Álava;Noruega;Enero;..
01 Araba/Álava;Noruega;Febrero;..
01 Araba/Álava;Noruega;Marzo;..
01 Araba/Álava;Noruega;Abril;..
01 Araba/Álava;Noruega;Mayo;..
01 Araba/Álava;Noruega;Junio;..
01 Araba/Álava;Noruega;Julio;..
01 Araba/Álava;Noruega;Agosto;17
01 Araba/Álava;Noruega;Septiembre;..
01 Araba/Álava;Noruega;Octubre;..
01 Araba/Álava;Noruega;Noviembre;29
01 Araba/Álava;Noruega;Diciembre;..
01 Araba/Álava;Reino Unido;Total;3.617
01 Araba/Álava;Reino Unido;Enero;137
01 Araba/Álava;Reino Unido;Febrero;54
01 Araba/Álava;Reino Unido;Marzo;87
01 Araba/Álava;Reino Unido;Abril;90
01 Araba/Álava;Reino Unido;Mayo;103
01 Araba/Álava;Reino Unido;Junio;131
01 Araba/Álava;Reino Unido;Julio;364
01 Araba/Álava;Reino Unido;Agosto;439
01 Araba/Álava;Reino Unido;Septiembre;867
01 Araba/Álava;Reino Unido;Octubre;817
01 Araba/Álava;Reino Unido;Noviembre;364
01 Araba/Álava;Reino Unido;Diciembre;164
01 Araba/Álava;Rusia;Total;473
01 Araba/Álava;Rusia;Enero;39
01 Araba/Álava;Rusia;Febrero;..
01 Araba/Álava;Rusia;Marzo;..
01 Araba/Álava;Rusia;Abril;..
01 Araba/Álava;Rusia;Mayo;..
01 Araba/Álava;Rusia;Junio;95
01 Araba/Álava;Rusia;Julio;63
01 Araba/Álava;Rusia;Agosto;51
01 Araba/Álava;Rusia;Septiembre;46
01 Araba/Álava;Rusia;Octubre;43
01 Araba/Álava;Rusia;Noviembre;79
01 Araba/Álava;Rusia;Diciembre;33
01 Araba/Álava;Suiza;Total;966
01 Araba/Álava;Suiza;Enero;..
01 Araba/Álava;Suiza;Febrero;..
01 Araba/Álava;Suiza;Marzo;..
01 Araba/Álava;Suiza;Abril;39
01 Araba/Álava;Suiza;Mayo;61
01 Araba/Álava;Suiza;Junio;82
01 Araba/Álava;Suiza;Julio;235
01 Araba/Álava;Suiza;Agosto;134
01 Araba/Álava;Suiza;Septiembre;151
01 Araba/Álava;Suiza;Octubre;151
01 Araba/Álava;Suiza;Noviembre;46
01 Araba/Álava;Suiza;Diciembre;43
01 Araba/Álava;Resto de Europa sin U.E.;Total;1.644
01 Araba/Álava;Resto de Europa sin U.E.;Enero;125
01 Araba/Álava;Resto de Europa sin U.E.;Febrero;66
01 Araba/Álava;Resto de Europa sin U.E.;Marzo;123
01 Araba/Álava;Resto de Europa sin U.E.;Abril;21
01 Araba/Álava;Resto de Europa sin U.E.;Mayo;83
01 Araba/Álava;Resto de Europa sin U.E.;Junio;66
01 Araba/Álava;Resto de Europa sin U.E.;Julio;168
01 Araba/Álava;Resto de Europa sin U.E.;Agosto;133
01 Araba/Álava;Resto de Europa sin U.E.;Septiembre;233
01 Araba/Álava;Resto de Europa sin U.E.;Octubre;132
01 Araba/Álava;Resto de Europa sin U.E.;Noviembre;253
01 Araba/Álava;Resto de Europa sin U.E.;Diciembre;242
01 Araba/Álava;Japón;Total;106
01 Araba/Álava;Japón;Enero;..
01 Araba/Álava;Japón;Febrero;..
01 Araba/Álava;Japón;Marzo;..
01 Araba/Álava;Japón;Abril;..
01 Araba/Álava;Japón;Mayo;..
01 Araba/Álava;Japón;Junio;..
01 Araba/Álava;Japón;Julio;17
01 Araba/Álava;Japón;Agosto;15
01 Araba/Álava;Japón;Septiembre;..
01 Araba/Álava;Japón;Octubre;18
01 Araba/Álava;Japón;Noviembre;13
01 Araba/Álava;Japón;Diciembre;16
01 Araba/Álava;República China;Total;250
01 Araba/Álava;República China;Enero;17
01 Araba/Álava;República China;Febrero;..
01 Araba/Álava;República China;Marzo;..
01 Araba/Álava;República China;Abril;18
01 Araba/Álava;República China;Mayo;15
01 Araba/Álava;República China;Junio;26
01 Araba/Álava;República China;Julio;48
01 Araba/Álava;República China;Agosto;17
01 Araba/Álava;República China;Septiembre;19
01 Araba/Álava;República China;Octubre;..
01 Araba/Álava;República China;Noviembre;..
01 Araba/Álava;República China;Diciembre;34
01 Araba/Álava;Estados Unidos;Total;3.451
01 Araba/Álava;Estados Unidos;Enero;..
01 Araba/Álava;Estados Unidos;Febrero;..
01 Araba/Álava;Estados Unidos;Marzo;36
01 Araba/Álava;Estados Unidos;Abril;17
01 Araba/Álava;Estados Unidos;Mayo;36
01 Araba/Álava;Estados Unidos;Junio;139
01 Araba/Álava;Estados Unidos;Julio;411
01 Araba/Álava;Estados Unidos;Agosto;356
01 Araba/Álava;Estados Unidos;Septiembre;868
01 Araba/Álava;Estados Unidos;Octubre;811
01 Araba/Álava;Estados Unidos;Noviembre;450
01 Araba/Álava;Estados Unidos;Diciembre;308
01 Araba/Álava;Resto de América;Total;5.810
01 Araba/Álava;Resto de América;Enero;156
01 Araba/Álava;Resto de América;Febrero;154
01 Araba/Álava;Resto de América;Marzo;179
01 Araba/Álava;Resto de América;Abril;168
01 Araba/Álava;Resto de América;Mayo;193
01 Araba/Álava;Resto de América;Junio;430
01 Araba/Álava;Resto de América;Julio;653
01 Araba/Álava;Resto de América;Agosto;522
01 Araba/Álava;Resto de América;Septiembre;738
01 Araba/Álava;Resto de América;Octubre;1.205
01 Araba/Álava;Resto de América;Noviembre;769
01 Araba/Álava;Resto de América;Diciembre;644
01 Araba/Álava;Países africanos;Total;1.584
01 Araba/Álava;Países africanos;Enero;104
01 Araba/Álava;Países africanos;Febrero;58
01 Araba/Álava;Países africanos;Marzo;105
01 Araba/Álava;Países africanos;Abril;55
01 Araba/Álava;Países africanos;Mayo;90
01 Araba/Álava;Países africanos;Junio;130
01 Araba/Álava;Países africanos;Julio;288
01 Araba/Álava;Países africanos;Agosto;163
01 Araba/Álava;Países africanos;Septiembre;119
01 Araba/Álava;Países africanos;Octubre;161
01 Araba/Álava;Países africanos;Noviembre;177
01 Araba/Álava;Países africanos;Diciembre;133
33 Asturias;Total;Total;1.276.186
33 Asturias;Total;Enero;15.411
33 Asturias;Total;Febrero;14.992
33 Asturias;Total;Marzo;22.056
33 Asturias;Total;Abril;24.039
33 Asturias;Total;Mayo;57.485
33 Asturias;Total;Junio;115.496
33 Asturias;Total;Julio;226.256
33 Asturias;Total;Agosto;279.921
33 Asturias;Total;Septiembre;195.792
33 Asturias;Total;Octubre;160.175
33 Asturias;Total;Noviembre;86.192
33 Asturias;Total;Diciembre;78.371
33 Asturias;Residentes en España;Total;1.143.503
33 Asturias;Residentes en España;Enero;14.461
33 Asturias;Residentes en España;Febrero;14.241
33 Asturias;Residentes en España;Marzo;20.525
33 Asturias;Residentes en España;Abril;22.616
33 Asturias;Residentes en España;Mayo;53.731
33 Asturias;Residentes en España;Junio;104.946
33 Asturias;Residentes en España;Julio;202.996
33 Asturias;Residentes en España;Agosto;255.261
33 Asturias;Residentes en España;Septiembre;168.682
33 Asturias;Residentes en España;Octubre;138.046
33 Asturias;Residentes en España;Noviembre;76.339
33 Asturias;Residentes en España;Diciembre;71.660
33 Asturias;No residentes en España;Total;132.683
33 Asturias;No residentes en España;Enero;949
33 Asturias;No residentes en España;Febrero;752
33 Asturias;No residentes en España;Marzo;1.531
33 Asturias;No residentes en España;Abril;1.423
33 Asturias;No residentes en España;Mayo;3.754
33 Asturias;No residentes en España;Junio;10.550
33 Asturias;No residentes en España;Julio;23.260
33 Asturias;No residentes en España;Agosto;24.660
33 Asturias;No residentes en España;Septiembre;27.110
33 Asturias;No residentes en España;Octubre;22.129
33 Asturias;No residentes en España;Noviembre;9.853
33 Asturias;No residentes en España;Diciembre;6.711
33 Asturias;Unión Europea 27 (sin España);Total;84.283
33 Asturias;Unión Europea 27 (sin España);Enero;577
33 Asturias;Unión Europea 27 (sin España);Febrero;555
33 Asturias;Unión Europea 27 (sin España);Marzo;846
33 Asturias;Unión Europea 27 (sin España);Abril;944
33 Asturias;Unión Europea 27 (sin España);Mayo;2.426
33 Asturias;Unión Europea 27 (sin España);Junio;7.474
33 Asturias;Unión Europea 27 (sin España);Julio;14.782
33 Asturias;Unión Europea 27 (sin España);Agosto;16.681
33 Asturias;Unión Europea 27 (sin España);Septiembre;17.803
33 Asturias;Unión Europea 27 (sin España);Octubre;13.822
33 Asturias;Unión Europea 27 (sin España);Noviembre;4.804
33 Asturias;Unión Europea 27 (sin España);Diciembre;3.569
33 Asturias;Alemania;Total;10.118
33 Asturias;Alemania;Enero;116
33 Asturias;Alemania;Febrero;46
33 Asturias;Alemania;Marzo;56
33 Asturias;Alemania;Abril;109
33 Asturias;Alemania;Mayo;203
33 Asturias;Alemania;Junio;582
33 Asturias;Alemania;Julio;1.986
33 Asturias;Alemania;Agosto;1.856
33 Asturias;Alemania;Septiembre;2.824
33 Asturias;Alemania;Octubre;1.598
33 Asturias;Alemania;Noviembre;418
33 Asturias;Alemania;Diciembre;323
33 Asturias;Austria;Total;1.310
33 Asturias;Austria;Enero;..
33 Asturias;Austria;Febrero;..
33 Asturias;Austria;Marzo;..
33 Asturias;Austria;Abril;..
33 Asturias;Austria;Mayo;20
33 Asturias;Austria;Junio;90
33 Asturias;Austria;Julio;323
33 Asturias;Austria;Agosto;200
33 Asturias;Austria;Septiembre;320
33 Asturias;Austria;Octubre;242
33 Asturias;Austria;Noviembre;27
33 Asturias;Austria;Diciembre;68
33 Asturias;Bélgica;Total;3.777
33 Asturias;Bélgica;Enero;54
33 Asturias;Bélgica;Febrero;14
33 Asturias;Bélgica;Marzo;33
33 Asturias;Bélgica;Abril;54
33 Asturias;Bélgica;Mayo;39
33 Asturias;Bélgica;Junio;221
33 Asturias;Bélgica;Julio;817
33 Asturias;Bélgica;Agosto;839
33 Asturias;Bélgica;Septiembre;1.037
33 Asturias;Bélgica;Octubre;310
33 Asturias;Bélgica;Noviembre;226
33 Asturias;Bélgica;Diciembre;133
33 Asturias;Dinamarca;Total;886
33 Asturias;Dinamarca;Enero;..
33 Asturias;Dinamarca;Febrero;21
33 Asturias;Dinamarca;Marzo;17
33 Asturias;Dinamarca;Abril;..
33 Asturias;Dinamarca;Mayo;15
33 Asturias;Dinamarca;Junio;44
33 Asturias;Dinamarca;Julio;230
33 Asturias;Dinamarca;Agosto;178
33 Asturias;Dinamarca;Septiembre;241
33 Asturias;Dinamarca;Octubre;74
33 Asturias;Dinamarca;Noviembre;29
33 Asturias;Dinamarca;Diciembre;29
33 Asturias;Finlandia;Total;419
33 Asturias;Finlandia;Enero;..
33 Asturias;Finlandia;Febrero;..
33 Asturias;Finlandia;Marzo;..
33 Asturias;Finlandia;Abril;21
33 Asturias;Finlandia;Mayo;..
33 Asturias;Finlandia;Junio;24
33 Asturias;Finlandia;Julio;90
33 Asturias;Finlandia;Agosto;116
33 Asturias;Finlandia;Septiembre;68
33 Asturias;Finlandia;Octubre;44
33 Asturias;Finlandia;Noviembre;33
33 Asturias;Finlandia;Diciembre;..
33 Asturias;Francia;Total;19.651
33 Asturias;Francia;Enero;162
33 Asturias;Francia;Febrero;92
33 Asturias;Francia;Marzo;90
33 Asturias;Francia;Abril;136
33 Asturias;Francia;Mayo;468
33 Asturias;Francia;Junio;1.747
33 Asturias;Francia;Julio;3.868
33 Asturias;Francia;Agosto;4.833
33 Asturias;Francia;Septiembre;4.216
33 Asturias;Francia;Octubre;2.275
33 Asturias;Francia;Noviembre;1.059
33 Asturias;Francia;Diciembre;705
33 Asturias;Grecia;Total;555
33 Asturias;Grecia;Enero;..
33 Asturias;Grecia;Febrero;28
33 Asturias;Grecia;Marzo;..
33 Asturias;Grecia;Abril;..
33 Asturias;Grecia;Mayo;..
33 Asturias;Grecia;Junio;27
33 Asturias;Grecia;Julio;193
33 Asturias;Grecia;Agosto;110
33 Asturias;Grecia;Septiembre;60
33 Asturias;Grecia;Octubre;90
33 Asturias;Grecia;Noviembre;28
33 Asturias;Grecia;Diciembre;..
33 Asturias;Irlanda;Total;2.103
33 Asturias;Irlanda;Enero;..
33 Asturias;Irlanda;Febrero;..
33 Asturias;Irlanda;Marzo;11
33 Asturias;Irlanda;Abril;..
33 Asturias;Irlanda;Mayo;53
33 Asturias;Irlanda;Junio;80
33 Asturias;Irlanda;Julio;322
33 Asturias;Irlanda;Agosto;364
33 Asturias;Irlanda;Septiembre;660
33 Asturias;Irlanda;Octubre;369
33 Asturias;Irlanda;Noviembre;151
33 Asturias;Irlanda;Diciembre;69
33 Asturias;Italia;Total;8.443
33 Asturias;Italia;Enero;41
33 Asturias;Italia;Febrero;42
33 Asturias;Italia;Marzo;95
33 Asturias;Italia;Abril;87
33 Asturias;Italia;Mayo;339
33 Asturias;Italia;Junio;719
33 Asturias;Italia;Julio;1.493
33 Asturias;Italia;Agosto;2.102
33 Asturias;Italia;Septiembre;1.535
33 Asturias;Italia;Octubre;928
33 Asturias;Italia;Noviembre;696
33 Asturias;Italia;Diciembre;365
33 Asturias;Luxemburgo;Total;183
33 Asturias;Luxemburgo;Enero;..
33 Asturias;Luxemburgo;Febrero;..
33 Asturias;Luxemburgo;Marzo;..
33 Asturias;Luxemburgo;Abril;..
33 Asturias;Luxemburgo;Mayo;..
33 Asturias;Luxemburgo;Junio;19
33 Asturias;Luxemburgo;Julio;18
33 Asturias;Luxemburgo;Agosto;46
33 Asturias;Luxemburgo;Septiembre;72
33 Asturias;Luxemburgo;Octubre;25
33 Asturias;Luxemburgo;Noviembre;..
33 Asturias;Luxemburgo;Diciembre;..
33 Asturias;Países Bajos;Total;6.274
33 Asturias;Países Bajos;Enero;12
33 Asturias;Países Bajos;Febrero;62
33 Asturias;Países Bajos;Marzo;94
33 Asturias;Países Bajos;Abril;105
33 Asturias;Países Bajos;Mayo;140
33 Asturias;Países Bajos;Junio;254
33 Asturias;Países Bajos;Julio;1.019
33 Asturias;Países Bajos;Agosto;1.138
33 Asturias;Países Bajos;Septiembre;2.017
33 Asturias;Países Bajos;Octubre;989
33 Asturias;Países Bajos;Noviembre;303
33 Asturias;Países Bajos;Diciembre;141
33 Asturias;Polonia;Total;1.510
33 Asturias;Polonia;Enero;..
33 Asturias;Polonia;Febrero;30
33 Asturias;Polonia;Marzo;15
33 Asturias;Polonia;Abril;..
33 Asturias;Polonia;Mayo;26
33 Asturias;Polonia;Junio;142
33 Asturias;Polonia;Julio;313
33 Asturias;Polonia;Agosto;335
33 Asturias;Polonia;Septiembre;289
33 Asturias;Polonia;Octubre;154
33 Asturias;Polonia;Noviembre;76
33 Asturias;Polonia;Diciembre;100
33 Asturias;Portugal;Total;20.862
33 Asturias;Portugal;Enero;119
33 Asturias;Portugal;Febrero;109
33 Asturias;Portugal;Marzo;246
33 Asturias;Portugal;Abril;257
33 Asturias;Portugal;Mayo;752
33 Asturias;Portugal;Junio;2.918
33 Asturias;Portugal;Julio;2.639
33 Asturias;Portugal;Agosto;3.326
33 Asturias;Portugal;Septiembre;2.862
33 Asturias;Portugal;Octubre;5.376
33 Asturias;Portugal;Noviembre;1.189
33 Asturias;Portugal;Diciembre;1.068
33 Asturias;República Checa;Total;1.278
33 Asturias;República Checa;Enero;..
33 Asturias;República Checa;Febrero;..
33 Asturias;República Checa;Marzo;..
33 Asturias;República Checa;Abril;29
33 Asturias;República Checa;Mayo;74
33 Asturias;República Checa;Junio;114
33 Asturias;República Checa;Julio;293
33 Asturias;República Checa;Agosto;138
33 Asturias;República Checa;Septiembre;220
33 Asturias;República Checa;Octubre;338
33 Asturias;República Checa;Noviembre;25
33 Asturias;República Checa;Diciembre;17
33 Asturias;Suecia;Total;1.468
33 Asturias;Suecia;Enero;..
33 Asturias;Suecia;Febrero;..
33 Asturias;Suecia;Marzo;32
33 Asturias;Suecia;Abril;..
33 Asturias;Suecia;Mayo;27
33 Asturias;Suecia;Junio;82
33 Asturias;Suecia;Julio;225
33 Asturias;Suecia;Agosto;75
33 Asturias;Suecia;Septiembre;598
33 Asturias;Suecia;Octubre;267
33 Asturias;Suecia;Noviembre;93
33 Asturias;Suecia;Diciembre;54
33 Asturias;Noruega;Total;626
33 Asturias;Noruega;Enero;..
33 Asturias;Noruega;Febrero;..
33 Asturias;Noruega;Marzo;..
33 Asturias;Noruega;Abril;..
33 Asturias;Noruega;Mayo;..
33 Asturias;Noruega;Junio;17
33 Asturias;Noruega;Julio;77
33 Asturias;Noruega;Agosto;95
33 Asturias;Noruega;Septiembre;209
33 Asturias;Noruega;Octubre;79
33 Asturias;Noruega;Noviembre;94
33 Asturias;Noruega;Diciembre;22
33 Asturias;Reino Unido;Total;8.055
33 Asturias;Reino Unido;Enero;20
33 Asturias;Reino Unido;Febrero;15
33 Asturias;Reino Unido;Marzo;31
33 Asturias;Reino Unido;Abril;69
33 Asturias;Reino Unido;Mayo;76
33 Asturias;Reino Unido;Junio;414
33 Asturias;Reino Unido;Julio;1.233
33 Asturias;Reino Unido;Agosto;976
33 Asturias;Reino Unido;Septiembre;2.384
33 Asturias;Reino Unido;Octubre;1.570
33 Asturias;Reino Unido;Noviembre;1.107
33 Asturias;Reino Unido;Diciembre;162
33 Asturias;Rusia;Total;1.116
33 Asturias;Rusia;Enero;..
33 Asturias;Rusia;Febrero;..
33 Asturias;Rusia;Marzo;87
33 Asturias;Rusia;Abril;17
33 Asturias;Rusia;Mayo;106
33 Asturias;Rusia;Junio;82
33 Asturias;Rusia;Julio;178
33 Asturias;Rusia;Agosto;191
33 Asturias;Rusia;Septiembre;119
33 Asturias;Rusia;Octubre;165
33 Asturias;Rusia;Noviembre;48
33 Asturias;Rusia;Diciembre;54
33 Asturias;Suiza;Total;2.845
33 Asturias;Suiza;Enero;..
33 Asturias;Suiza;Febrero;..
33 Asturias;Suiza;Marzo;..
33 Asturias;Suiza;Abril;43
33 Asturias;Suiza;Mayo;147
33 Asturias;Suiza;Junio;216
33 Asturias;Suiza;Julio;593
33 Asturias;Suiza;Agosto;686
33 Asturias;Suiza;Septiembre;627
33 Asturias;Suiza;Octubre;327
33 Asturias;Suiza;Noviembre;131
33 Asturias;Suiza;Diciembre;51
33 Asturias;Resto de Europa sin U.E.;Total;3.051
33 Asturias;Resto de Europa sin U.E.;Enero;..
33 Asturias;Resto de Europa sin U.E.;Febrero;..
33 Asturias;Resto de Europa sin U.E.;Marzo;55
33 Asturias;Resto de Europa sin U.E.;Abril;38
33 Asturias;Resto de Europa sin U.E.;Mayo;53
33 Asturias;Resto de Europa sin U.E.;Junio;267
33 Asturias;Resto de Europa sin U.E.;Julio;553
33 Asturias;Resto de Europa sin U.E.;Agosto;647
33 Asturias;Resto de Europa sin U.E.;Septiembre;376
33 Asturias;Resto de Europa sin U.E.;Octubre;370
33 Asturias;Resto de Europa sin U.E.;Noviembre;464
33 Asturias;Resto de Europa sin U.E.;Diciembre;192
33 Asturias;Japón;Total;216
33 Asturias;Japón;Enero;..
33 Asturias;Japón;Febrero;22
33 Asturias;Japón;Marzo;..
33 Asturias;Japón;Abril;..
33 Asturias;Japón;Mayo;..
33 Asturias;Japón;Junio;22
33 Asturias;Japón;Julio;40
33 Asturias;Japón;Agosto;33
33 Asturias;Japón;Septiembre;..
33 Asturias;Japón;Octubre;41
33 Asturias;Japón;Noviembre;13
33 Asturias;Japón;Diciembre;17
33 Asturias;República China;Total;1.103
33 Asturias;República China;Enero;..
33 Asturias;República China;Febrero;..
33 Asturias;República China;Marzo;67
33 Asturias;República China;Abril;19
33 Asturias;República China;Mayo;61
33 Asturias;República China;Junio;112
33 Asturias;República China;Julio;169
33 Asturias;República China;Agosto;161
33 Asturias;República China;Septiembre;64
33 Asturias;República China;Octubre;203
33 Asturias;República China;Noviembre;37
33 Asturias;República China;Diciembre;108
33 Asturias;Estados Unidos;Total;8.881
33 Asturias;Estados Unidos;Enero;16
33 Asturias;Estados Unidos;Febrero;20
33 Asturias;Estados Unidos;Marzo;40
33 Asturias;Estados Unidos;Abril;14
33 Asturias;Estados Unidos;Mayo;53
33 Asturias;Estados Unidos;Junio;382
33 Asturias;Estados Unidos;Julio;1.858
33 Asturias;Estados Unidos;Agosto;1.370
33 Asturias;Estados Unidos;Septiembre;2.038
33 Asturias;Estados Unidos;Octubre;1.383
33 Asturias;Estados Unidos;Noviembre;1.053
33 Asturias;Estados Unidos;Diciembre;653
33 Asturias;Resto de América;Total;16.746
33 Asturias;Resto de América;Enero;72
33 Asturias;Resto de América;Febrero;79
33 Asturias;Resto de América;Marzo;148
33 Asturias;Resto de América;Abril;192
33 Asturias;Resto de América;Mayo;398
33 Asturias;Resto de América;Junio;909
33 Asturias;Resto de América;Julio;2.844
33 Asturias;Resto de América;Agosto;2.869
33 Asturias;Resto de América;Septiembre;2.850
33 Asturias;Resto de América;Octubre;3.275
33 Asturias;Resto de América;Noviembre;1.659
33 Asturias;Resto de América;Diciembre;1.452
33 Asturias;Países africanos;Total;1.373
33 Asturias;Países africanos;Enero;..
33 Asturias;Países africanos;Febrero;..
33 Asturias;Países africanos;Marzo;21
33 Asturias;Países africanos;Abril;19
33 Asturias;Países africanos;Mayo;49
33 Asturias;Países africanos;Junio;342
33 Asturias;Países africanos;Julio;143
33 Asturias;Países africanos;Agosto;232
33 Asturias;Países africanos;Septiembre;66
33 Asturias;Países africanos;Octubre;119
33 Asturias;Países africanos;Noviembre;146
33 Asturias;Países africanos;Diciembre;208
05 Ávila;Total;Total;234.825
05 Ávila;Total;Enero;2.960
05 Ávila;Total;Febrero;4.285
05 Ávila;Total;Marzo;6.391
05 Ávila;Total;Abril;6.804
05 Ávila;Total;Mayo;13.192
05 Ávila;Total;Junio;21.671
05 Ávila;Total;Julio;28.808
05 Ávila;Total;Agosto;44.945
05 Ávila;Total;Septiembre;30.647
05 Ávila;Total;Octubre;32.525
05 Ávila;Total;Noviembre;21.046
05 Ávila;Total;Diciembre;21.551
05 Ávila;Residentes en España;Total;218.008
05 Ávila;Residentes en España;Enero;2.822
05 Ávila;Residentes en España;Febrero;4.096
05 Ávila;Residentes en España;Marzo;6.107
05 Ávila;Residentes en España;Abril;6.581
05 Ávila;Residentes en España;Mayo;12.457
05 Ávila;Residentes en España;Junio;20.421
05 Ávila;Residentes en España;Julio;27.190
05 Ávila;Residentes en España;Agosto;42.517
05 Ávila;Residentes en España;Septiembre;27.677
05 Ávila;Residentes en España;Octubre;29.246
05 Ávila;Residentes en España;Noviembre;19.144
05 Ávila;Residentes en España;Diciembre;19.749
05 Ávila;No residentes en España;Total;16.817
05 Ávila;No residentes en España;Enero;139
05 Ávila;No residentes en España;Febrero;189
05 Ávila;No residentes en España;Marzo;284
05 Ávila;No residentes en España;Abril;223
05 Ávila;No residentes en España;Mayo;735
05 Ávila;No residentes en España;Junio;1.250
05 Ávila;No residentes en España;Julio;1.618
05 Ávila;No residentes en España;Agosto;2.427
05 Ávila;No residentes en España;Septiembre;2.970
05 Ávila;No residentes en España;Octubre;3.279
05 Ávila;No residentes en España;Noviembre;1.902
05 Ávila;No residentes en España;Diciembre;1.802
05 Ávila;Unión Europea 27 (sin España);Total;9.937
05 Ávila;Unión Europea 27 (sin España);Enero;75
05 Ávila;Unión Europea 27 (sin España);Febrero;131
05 Ávila;Unión Europea 27 (sin España);Marzo;165
05 Ávila;Unión Europea 27 (sin España);Abril;151
05 Ávila;Unión Europea 27 (sin España);Mayo;467
05 Ávila;Unión Europea 27 (sin España);Junio;851
05 Ávila;Unión Europea 27 (sin España);Julio;958
05 Ávila;Unión Europea 27 (sin España);Agosto;1.626
05 Ávila;Unión Europea 27 (sin España);Septiembre;1.832
05 Ávila;Unión Europea 27 (sin España);Octubre;1.876
05 Ávila;Unión Europea 27 (sin España);Noviembre;951
05 Ávila;Unión Europea 27 (sin España);Diciembre;854
05 Ávila;Alemania;Total;1.009
05 Ávila;Alemania;Enero;..
05 Ávila;Alemania;Febrero;..
05 Ávila;Alemania;Marzo;28
05 Ávila;Alemania;Abril;16
05 Ávila;Alemania;Mayo;64
05 Ávila;Alemania;Junio;79
05 Ávila;Alemania;Julio;73
05 Ávila;Alemania;Agosto;118
05 Ávila;Alemania;Septiembre;155
05 Ávila;Alemania;Octubre;332
05 Ávila;Alemania;Noviembre;85
05 Ávila;Alemania;Diciembre;50
05 Ávila;Austria;Total;105
05 Ávila;Austria;Enero;..
05 Ávila;Austria;Febrero;..
05 Ávila;Austria;Marzo;..
05 Ávila;Austria;Abril;..
05 Ávila;Austria;Mayo;..
05 Ávila;Austria;Junio;15
05 Ávila;Austria;Julio;..
05 Ávila;Austria;Agosto;..
05 Ávila;Austria;Septiembre;21
05 Ávila;Austria;Octubre;19
05 Ávila;Austria;Noviembre;..
05 Ávila;Austria;Diciembre;..
05 Ávila;Bélgica;Total;858
05 Ávila;Bélgica;Enero;..
05 Ávila;Bélgica;Febrero;..
05 Ávila;Bélgica;Marzo;..
05 Ávila;Bélgica;Abril;..
05 Ávila;Bélgica;Mayo;..
05 Ávila;Bélgica;Junio;18
05 Ávila;Bélgica;Julio;56
05 Ávila;Bélgica;Agosto;137
05 Ávila;Bélgica;Septiembre;290
05 Ávila;Bélgica;Octubre;249
05 Ávila;Bélgica;Noviembre;36
05 Ávila;Bélgica;Diciembre;40
05 Ávila;Dinamarca;Total;183
05 Ávila;Dinamarca;Enero;..
05 Ávila;Dinamarca;Febrero;..
05 Ávila;Dinamarca;Marzo;..
05 Ávila;Dinamarca;Abril;..
05 Ávila;Dinamarca;Mayo;..
05 Ávila;Dinamarca;Junio;..
05 Ávila;Dinamarca;Julio;28
05 Ávila;Dinamarca;Agosto;..
05 Ávila;Dinamarca;Septiembre;44
05 Ávila;Dinamarca;Octubre;76
05 Ávila;Dinamarca;Noviembre;16
05 Ávila;Dinamarca;Diciembre;..
05 Ávila;Finlandia;Total;36
05 Ávila;Finlandia;Enero;..
05 Ávila;Finlandia;Febrero;..
05 Ávila;Finlandia;Marzo;..
05 Ávila;Finlandia;Abril;..
05 Ávila;Finlandia;Mayo;..
05 Ávila;Finlandia;Junio;..
05 Ávila;Finlandia;Julio;..
05 Ávila;Finlandia;Agosto;..
05 Ávila;Finlandia;Septiembre;..
05 Ávila;Finlandia;Octubre;..
05 Ávila;Finlandia;Noviembre;..
05 Ávila;Finlandia;Diciembre;..
05 Ávila;Francia;Total;1.886
05 Ávila;Francia;Enero;23
05 Ávila;Francia;Febrero;27
05 Ávila;Francia;Marzo;35
05 Ávila;Francia;Abril;19
05 Ávila;Francia;Mayo;80
05 Ávila;Francia;Junio;179
05 Ávila;Francia;Julio;273
05 Ávila;Francia;Agosto;345
05 Ávila;Francia;Septiembre;244
05 Ávila;Francia;Octubre;285
05 Ávila;Francia;Noviembre;302
05 Ávila;Francia;Diciembre;74
05 Ávila;Grecia;Total;147
05 Ávila;Grecia;Enero;..
05 Ávila;Grecia;Febrero;..
05 Ávila;Grecia;Marzo;..
05 Ávila;Grecia;Abril;..
05 Ávila;Grecia;Mayo;..
05 Ávila;Grecia;Junio;13
05 Ávila;Grecia;Julio;28
05 Ávila;Grecia;Agosto;22
05 Ávila;Grecia;Septiembre;26
05 Ávila;Grecia;Octubre;19
05 Ávila;Grecia;Noviembre;20
05 Ávila;Grecia;Diciembre;..
05 Ávila;Irlanda;Total;207
05 Ávila;Irlanda;Enero;..
05 Ávila;Irlanda;Febrero;..
05 Ávila;Irlanda;Marzo;..
05 Ávila;Irlanda;Abril;..
05 Ávila;Irlanda;Mayo;..
05 Ávila;Irlanda;Junio;36
05 Ávila;Irlanda;Julio;15
05 Ávila;Irlanda;Agosto;22
05 Ávila;Irlanda;Septiembre;73
05 Ávila;Irlanda;Octubre;32
05 Ávila;Irlanda;Noviembre;..
05 Ávila;Irlanda;Diciembre;..
05 Ávila;Italia;Total;1.067
05 Ávila;Italia;Enero;..
05 Ávila;Italia;Febrero;..
05 Ávila;Italia;Marzo;22
05 Ávila;Italia;Abril;23
05 Ávila;Italia;Mayo;70
05 Ávila;Italia;Junio;114
05 Ávila;Italia;Julio;76
05 Ávila;Italia;Agosto;194
05 Ávila;Italia;Septiembre;90
05 Ávila;Italia;Octubre;153
05 Ávila;Italia;Noviembre;113
05 Ávila;Italia;Diciembre;181
05 Ávila;Luxemburgo;Total;65
05 Ávila;Luxemburgo;Enero;..
05 Ávila;Luxemburgo;Febrero;..
05 Ávila;Luxemburgo;Marzo;..
05 Ávila;Luxemburgo;Abril;..
05 Ávila;Luxemburgo;Mayo;..
05 Ávila;Luxemburgo;Junio;..
05 Ávila;Luxemburgo;Julio;..
05 Ávila;Luxemburgo;Agosto;..
05 Ávila;Luxemburgo;Septiembre;..
05 Ávila;Luxemburgo;Octubre;37
05 Ávila;Luxemburgo;Noviembre;..
05 Ávila;Luxemburgo;Diciembre;..
05 Ávila;Países Bajos;Total;600
05 Ávila;Países Bajos;Enero;..
05 Ávila;Países Bajos;Febrero;..
05 Ávila;Países Bajos;Marzo;..
05 Ávila;Países Bajos;Abril;..
05 Ávila;Países Bajos;Mayo;..
05 Ávila;Países Bajos;Junio;53
05 Ávila;Países Bajos;Julio;50
05 Ávila;Países Bajos;Agosto;82
05 Ávila;Países Bajos;Septiembre;135
05 Ávila;Países Bajos;Octubre;181
05 Ávila;Países Bajos;Noviembre;60
05 Ávila;Países Bajos;Diciembre;17
05 Ávila;Polonia;Total;188
05 Ávila;Polonia;Enero;..
05 Ávila;Polonia;Febrero;..
05 Ávila;Polonia;Marzo;..
05 Ávila;Polonia;Abril;..
05 Ávila;Polonia;Mayo;26
05 Ávila;Polonia;Junio;15
05 Ávila;Polonia;Julio;32
05 Ávila;Polonia;Agosto;..
05 Ávila;Polonia;Septiembre;19
05 Ávila;Polonia;Octubre;51
05 Ávila;Polonia;Noviembre;19
05 Ávila;Polonia;Diciembre;15
05 Ávila;Portugal;Total;2.619
05 Ávila;Portugal;Enero;..
05 Ávila;Portugal;Febrero;..
05 Ávila;Portugal;Marzo;36
05 Ávila;Portugal;Abril;52
05 Ávila;Portugal;Mayo;79
05 Ávila;Portugal;Junio;242
05 Ávila;Portugal;Julio;204
05 Ávila;Portugal;Agosto;548
05 Ávila;Portugal;Septiembre;595
05 Ávila;Portugal;Octubre;310
05 Ávila;Portugal;Noviembre;177
05 Ávila;Portugal;Diciembre;313
05 Ávila;República Checa;Total;56
05 Ávila;República Checa;Enero;..
05 Ávila;República Checa;Febrero;..
05 Ávila;República Checa;Marzo;..
05 Ávila;República Checa;Abril;..
05 Ávila;República Checa;Mayo;..
05 Ávila;República Checa;Junio;..
05 Ávila;República Checa;Julio;..
05 Ávila;República Checa;Agosto;..
05 Ávila;República Checa;Septiembre;..
05 Ávila;República Checa;Octubre;21
05 Ávila;República Checa;Noviembre;..
05 Ávila;República Checa;Diciembre;..
05 Ávila;Suecia;Total;53
05 Ávila;Suecia;Enero;..
05 Ávila;Suecia;Febrero;..
05 Ávila;Suecia;Marzo;..
05 Ávila;Suecia;Abril;..
05 Ávila;Suecia;Mayo;..
05 Ávila;Suecia;Junio;..
05 Ávila;Suecia;Julio;..
05 Ávila;Suecia;Agosto;..
05 Ávila;Suecia;Septiembre;..
05 Ávila;Suecia;Octubre;..
05 Ávila;Suecia;Noviembre;..
05 Ávila;Suecia;Diciembre;..
05 Ávila;Noruega;Total;95
05 Ávila;Noruega;Enero;..
05 Ávila;Noruega;Febrero;..
05 Ávila;Noruega;Marzo;..
05 Ávila;Noruega;Abril;..
05 Ávila;Noruega;Mayo;..
05 Ávila;Noruega;Junio;..
05 Ávila;Noruega;Julio;..
05 Ávila;Noruega;Agosto;..
05 Ávila;Noruega;Septiembre;..
05 Ávila;Noruega;Octubre;..
05 Ávila;Noruega;Noviembre;30
05 Ávila;Noruega;Diciembre;26
05 Ávila;Reino Unido;Total;937
05 Ávila;Reino Unido;Enero;..
05 Ávila;Reino Unido;Febrero;..
05 Ávila;Reino Unido;Marzo;..
05 Ávila;Reino Unido;Abril;11
05 Ávila;Reino Unido;Mayo;33
05 Ávila;Reino Unido;Junio;51
05 Ávila;Reino Unido;Julio;107
05 Ávila;Reino Unido;Agosto;90
05 Ávila;Reino Unido;Septiembre;269
05 Ávila;Reino Unido;Octubre;237
05 Ávila;Reino Unido;Noviembre;69
05 Ávila;Reino Unido;Diciembre;56
05 Ávila;Rusia;Total;320
05 Ávila;Rusia;Enero;..
05 Ávila;Rusia;Febrero;..
05 Ávila;Rusia;Marzo;..
05 Ávila;Rusia;Abril;..
05 Ávila;Rusia;Mayo;..
05 Ávila;Rusia;Junio;..
05 Ávila;Rusia;Julio;..
05 Ávila;Rusia;Agosto;..
05 Ávila;Rusia;Septiembre;25
05 Ávila;Rusia;Octubre;35
05 Ávila;Rusia;Noviembre;47
05 Ávila;Rusia;Diciembre;176
05 Ávila;Suiza;Total;355
05 Ávila;Suiza;Enero;..
05 Ávila;Suiza;Febrero;..
05 Ávila;Suiza;Marzo;..
05 Ávila;Suiza;Abril;..
05 Ávila;Suiza;Mayo;..
05 Ávila;Suiza;Junio;38
05 Ávila;Suiza;Julio;63
05 Ávila;Suiza;Agosto;62
05 Ávila;Suiza;Septiembre;62
05 Ávila;Suiza;Octubre;36
05 Ávila;Suiza;Noviembre;30
05 Ávila;Suiza;Diciembre;26
05 Ávila;Resto de Europa sin U.E.;Total;325
05 Ávila;Resto de Europa sin U.E.;Enero;..
05 Ávila;Resto de Europa sin U.E.;Febrero;..
05 Ávila;Resto de Europa sin U.E.;Marzo;..
05 Ávila;Resto de Europa sin U.E.;Abril;..
05 Ávila;Resto de Europa sin U.E.;Mayo;21
05 Ávila;Resto de Europa sin U.E.;Junio;27
05 Ávila;Resto de Europa sin U.E.;Julio;18
05 Ávila;Resto de Europa sin U.E.;Agosto;64
05 Ávila;Resto de Europa sin U.E.;Septiembre;60
05 Ávila;Resto de Europa sin U.E.;Octubre;39
05 Ávila;Resto de Europa sin U.E.;Noviembre;31
05 Ávila;Resto de Europa sin U.E.;Diciembre;43
05 Ávila;Japón;Total;25
05 Ávila;Japón;Enero;..
05 Ávila;Japón;Febrero;..
05 Ávila;Japón;Marzo;..
05 Ávila;Japón;Abril;..
05 Ávila;Japón;Mayo;..
05 Ávila;Japón;Junio;..
05 Ávila;Japón;Julio;..
05 Ávila;Japón;Agosto;..
05 Ávila;Japón;Septiembre;..
05 Ávila;Japón;Octubre;15
05 Ávila;Japón;Noviembre;..
05 Ávila;Japón;Diciembre;..
05 Ávila;República China;Total;70
05 Ávila;República China;Enero;..
05 Ávila;República China;Febrero;..
05 Ávila;República China;Marzo;..
05 Ávila;República China;Abril;..
05 Ávila;República China;Mayo;..
05 Ávila;República China;Junio;..
05 Ávila;República China;Julio;..
05 Ávila;República China;Agosto;..
05 Ávila;República China;Septiembre;..
05 Ávila;República China;Octubre;..
05 Ávila;República China;Noviembre;..
05 Ávila;República China;Diciembre;..
05 Ávila;Estados Unidos;Total;1.079
05 Ávila;Estados Unidos;Enero;..
05 Ávila;Estados Unidos;Febrero;..
05 Ávila;Estados Unidos;Marzo;..
05 Ávila;Estados Unidos;Abril;..
05 Ávila;Estados Unidos;Mayo;27
05 Ávila;Estados Unidos;Junio;39
05 Ávila;Estados Unidos;Julio;87
05 Ávila;Estados Unidos;Agosto;97
05 Ávila;Estados Unidos;Septiembre;168
05 Ávila;Estados Unidos;Octubre;361
05 Ávila;Estados Unidos;Noviembre;166
05 Ávila;Estados Unidos;Diciembre;127
05 Ávila;Resto de América;Total;3.093
05 Ávila;Resto de América;Enero;54
05 Ávila;Resto de América;Febrero;26
05 Ávila;Resto de América;Marzo;70
05 Ávila;Resto de América;Abril;35
05 Ávila;Resto de América;Mayo;127
05 Ávila;Resto de América;Junio;224
05 Ávila;Resto de América;Julio;334
05 Ávila;Resto de América;Agosto;393
05 Ávila;Resto de América;Septiembre;439
05 Ávila;Resto de América;Octubre;595
05 Ávila;Resto de América;Noviembre;388
05 Ávila;Resto de América;Diciembre;408
05 Ávila;Países africanos;Total;193
05 Ávila;Países africanos;Enero;..
05 Ávila;Países africanos;Febrero;..
05 Ávila;Países africanos;Marzo;14
05 Ávila;Países africanos;Abril;..
05 Ávila;Países africanos;Mayo;20
05 Ávila;Países africanos;Junio;..
05 Ávila;Países africanos;Julio;..
05 Ávila;Países africanos;Agosto;..
05 Ávila;Países africanos;Septiembre;56
05 Ávila;Países africanos;Octubre;18
05 Ávila;Países africanos;Noviembre;58
05 Ávila;Países africanos;Diciembre;16
06 Badajoz;Total;Total;505.686
06 Badajoz;Total;Enero;11.829
06 Badajoz;Total;Febrero;13.282
06 Badajoz;Total;Marzo;20.297
06 Badajoz;Total;Abril;20.711
06 Badajoz;Total;Mayo;38.311
06 Badajoz;Total;Junio;47.251
06 Badajoz;Total;Julio;60.756
06 Badajoz;Total;Agosto;74.110
06 Badajoz;Total;Septiembre;62.410
06 Badajoz;Total;Octubre;63.706
06 Badajoz;Total;Noviembre;52.328
06 Badajoz;Total;Diciembre;40.696
06 Badajoz;Residentes en España;Total;449.528
06 Badajoz;Residentes en España;Enero;10.650
06 Badajoz;Residentes en España;Febrero;12.525
06 Badajoz;Residentes en España;Marzo;18.992
06 Badajoz;Residentes en España;Abril;19.319
06 Badajoz;Residentes en España;Mayo;34.878
06 Badajoz;Residentes en España;Junio;41.639
06 Badajoz;Residentes en España;Julio;54.103
06 Badajoz;Residentes en España;Agosto;64.227
06 Badajoz;Residentes en España;Septiembre;55.209
06 Badajoz;Residentes en España;Octubre;54.585
06 Badajoz;Residentes en España;Noviembre;46.185
06 Badajoz;Residentes en España;Diciembre;37.215
06 Badajoz;No residentes en España;Total;56.159
06 Badajoz;No residentes en España;Enero;1.179
06 Badajoz;No residentes en España;Febrero;757
06 Badajoz;No residentes en España;Marzo;1.305
06 Badajoz;No residentes en España;Abril;1.391
06 Badajoz;No residentes en España;Mayo;3.432
06 Badajoz;No residentes en España;Junio;5.612
06 Badajoz;No residentes en España;Julio;6.653
06 Badajoz;No residentes en España;Agosto;9.883
06 Badajoz;No residentes en España;Septiembre;7.201
06 Badajoz;No residentes en España;Octubre;9.120
06 Badajoz;No residentes en España;Noviembre;6.143
06 Badajoz;No residentes en España;Diciembre;3.481
06 Badajoz;Unión Europea 27 (sin España);Total;41.132
06 Badajoz;Unión Europea 27 (sin España);Enero;846
06 Badajoz;Unión Europea 27 (sin España);Febrero;497
06 Badajoz;Unión Europea 27 (sin España);Marzo;797
06 Badajoz;Unión Europea 27 (sin España);Abril;877
06 Badajoz;Unión Europea 27 (sin España);Mayo;2.531
06 Badajoz;Unión Europea 27 (sin España);Junio;4.502
06 Badajoz;Unión Europea 27 (sin España);Julio;4.791
06 Badajoz;Unión Europea 27 (sin España);Agosto;8.000
06 Badajoz;Unión Europea 27 (sin España);Septiembre;5.198
06 Badajoz;Unión Europea 27 (sin España);Octubre;6.864
06 Badajoz;Unión Europea 27 (sin España);Noviembre;3.992
06 Badajoz;Unión Europea 27 (sin España);Diciembre;2.237
06 Badajoz;Alemania;Total;2.776
06 Badajoz;Alemania;Enero;24
06 Badajoz;Alemania;Febrero;52
06 Badajoz;Alemania;Marzo;77
06 Badajoz;Alemania;Abril;128
06 Badajoz;Alemania;Mayo;133
06 Badajoz;Alemania;Junio;324
06 Badajoz;Alemania;Julio;296
06 Badajoz;Alemania;Agosto;213
06 Badajoz;Alemania;Septiembre;454
06 Badajoz;Alemania;Octubre;506
06 Badajoz;Alemania;Noviembre;390
06 Badajoz;Alemania;Diciembre;179
06 Badajoz;Austria;Total;216
06 Badajoz;Austria;Enero;..
06 Badajoz;Austria;Febrero;..
06 Badajoz;Austria;Marzo;..
06 Badajoz;Austria;Abril;..
06 Badajoz;Austria;Mayo;27
06 Badajoz;Austria;Junio;..
06 Badajoz;Austria;Julio;18
06 Badajoz;Austria;Agosto;23
06 Badajoz;Austria;Septiembre;33
06 Badajoz;Austria;Octubre;..
06 Badajoz;Austria;Noviembre;49
06 Badajoz;Austria;Diciembre;..
06 Badajoz;Bélgica;Total;1.398
06 Badajoz;Bélgica;Enero;..
06 Badajoz;Bélgica;Febrero;32
06 Badajoz;Bélgica;Marzo;..
06 Badajoz;Bélgica;Abril;31
06 Badajoz;Bélgica;Mayo;71
06 Badajoz;Bélgica;Junio;57
06 Badajoz;Bélgica;Julio;145
06 Badajoz;Bélgica;Agosto;170
06 Badajoz;Bélgica;Septiembre;240
06 Badajoz;Bélgica;Octubre;470
06 Badajoz;Bélgica;Noviembre;106
06 Badajoz;Bélgica;Diciembre;54
06 Badajoz;Dinamarca;Total;577
06 Badajoz;Dinamarca;Enero;..
06 Badajoz;Dinamarca;Febrero;..
06 Badajoz;Dinamarca;Marzo;..
06 Badajoz;Dinamarca;Abril;..
06 Badajoz;Dinamarca;Mayo;..
06 Badajoz;Dinamarca;Junio;386
06 Badajoz;Dinamarca;Julio;31
06 Badajoz;Dinamarca;Agosto;26
06 Badajoz;Dinamarca;Septiembre;44
06 Badajoz;Dinamarca;Octubre;37
06 Badajoz;Dinamarca;Noviembre;21
06 Badajoz;Dinamarca;Diciembre;21
06 Badajoz;Finlandia;Total;188
06 Badajoz;Finlandia;Enero;..
06 Badajoz;Finlandia;Febrero;..
06 Badajoz;Finlandia;Marzo;..
06 Badajoz;Finlandia;Abril;..
06 Badajoz;Finlandia;Mayo;..
06 Badajoz;Finlandia;Junio;..
06 Badajoz;Finlandia;Julio;..
06 Badajoz;Finlandia;Agosto;..
06 Badajoz;Finlandia;Septiembre;17
06 Badajoz;Finlandia;Octubre;..
06 Badajoz;Finlandia;Noviembre;13
06 Badajoz;Finlandia;Diciembre;..
06 Badajoz;Francia;Total;4.889
06 Badajoz;Francia;Enero;59
06 Badajoz;Francia;Febrero;27
06 Badajoz;Francia;Marzo;101
06 Badajoz;Francia;Abril;74
06 Badajoz;Francia;Mayo;298
06 Badajoz;Francia;Junio;321
06 Badajoz;Francia;Julio;655
06 Badajoz;Francia;Agosto;954
06 Badajoz;Francia;Septiembre;610
06 Badajoz;Francia;Octubre;1.073
06 Badajoz;Francia;Noviembre;505
06 Badajoz;Francia;Diciembre;211
06 Badajoz;Grecia;Total;151
06 Badajoz;Grecia;Enero;..
06 Badajoz;Grecia;Febrero;..
06 Badajoz;Grecia;Marzo;..
06 Badajoz;Grecia;Abril;..
06 Badajoz;Grecia;Mayo;77
06 Badajoz;Grecia;Junio;..
06 Badajoz;Grecia;Julio;..
06 Badajoz;Grecia;Agosto;..
06 Badajoz;Grecia;Septiembre;..
06 Badajoz;Grecia;Octubre;..
06 Badajoz;Grecia;Noviembre;32
06 Badajoz;Grecia;Diciembre;..
06 Badajoz;Irlanda;Total;486
06 Badajoz;Irlanda;Enero;..
06 Badajoz;Irlanda;Febrero;..
06 Badajoz;Irlanda;Marzo;..
06 Badajoz;Irlanda;Abril;17
06 Badajoz;Irlanda;Mayo;..
06 Badajoz;Irlanda;Junio;..
06 Badajoz;Irlanda;Julio;69
06 Badajoz;Irlanda;Agosto;..
06 Badajoz;Irlanda;Septiembre;133
06 Badajoz;Irlanda;Octubre;151
06 Badajoz;Irlanda;Noviembre;16
06 Badajoz;Irlanda;Diciembre;41
06 Badajoz;Italia;Total;2.822
06 Badajoz;Italia;Enero;71
06 Badajoz;Italia;Febrero;77
06 Badajoz;Italia;Marzo;87
06 Badajoz;Italia;Abril;114
06 Badajoz;Italia;Mayo;208
06 Badajoz;Italia;Junio;190
06 Badajoz;Italia;Julio;222
06 Badajoz;Italia;Agosto;555
06 Badajoz;Italia;Septiembre;326
06 Badajoz;Italia;Octubre;322
06 Badajoz;Italia;Noviembre;400
06 Badajoz;Italia;Diciembre;249
06 Badajoz;Luxemburgo;Total;60
06 Badajoz;Luxemburgo;Enero;..
06 Badajoz;Luxemburgo;Febrero;..
06 Badajoz;Luxemburgo;Marzo;..
06 Badajoz;Luxemburgo;Abril;..
06 Badajoz;Luxemburgo;Mayo;..
06 Badajoz;Luxemburgo;Junio;..
06 Badajoz;Luxemburgo;Julio;..
06 Badajoz;Luxemburgo;Agosto;32
06 Badajoz;Luxemburgo;Septiembre;..
06 Badajoz;Luxemburgo;Octubre;..
06 Badajoz;Luxemburgo;Noviembre;..
06 Badajoz;Luxemburgo;Diciembre;..
06 Badajoz;Países Bajos;Total;2.397
06 Badajoz;Países Bajos;Enero;..
06 Badajoz;Países Bajos;Febrero;..
06 Badajoz;Países Bajos;Marzo;39
06 Badajoz;Países Bajos;Abril;112
06 Badajoz;Países Bajos;Mayo;128
06 Badajoz;Países Bajos;Junio;157
06 Badajoz;Países Bajos;Julio;167
06 Badajoz;Países Bajos;Agosto;268
06 Badajoz;Países Bajos;Septiembre;386
06 Badajoz;Países Bajos;Octubre;685
06 Badajoz;Países Bajos;Noviembre;228
06 Badajoz;Países Bajos;Diciembre;140
06 Badajoz;Polonia;Total;364
06 Badajoz;Polonia;Enero;11
06 Badajoz;Polonia;Febrero;26
06 Badajoz;Polonia;Marzo;..
06 Badajoz;Polonia;Abril;..
06 Badajoz;Polonia;Mayo;100
06 Badajoz;Polonia;Junio;16
06 Badajoz;Polonia;Julio;47
06 Badajoz;Polonia;Agosto;48
06 Badajoz;Polonia;Septiembre;27
06 Badajoz;Polonia;Octubre;..
06 Badajoz;Polonia;Noviembre;50
06 Badajoz;Polonia;Diciembre;26
06 Badajoz;Portugal;Total;22.060
06 Badajoz;Portugal;Enero;496
06 Badajoz;Portugal;Febrero;143
06 Badajoz;Portugal;Marzo;335
06 Badajoz;Portugal;Abril;343
06 Badajoz;Portugal;Mayo;1.332
06 Badajoz;Portugal;Junio;2.481
06 Badajoz;Portugal;Julio;2.829
06 Badajoz;Portugal;Agosto;5.406
06 Badajoz;Portugal;Septiembre;2.663
06 Badajoz;Portugal;Octubre;2.981
06 Badajoz;Portugal;Noviembre;1.961
06 Badajoz;Portugal;Diciembre;1.090
06 Badajoz;República Checa;Total;240
06 Badajoz;República Checa;Enero;..
06 Badajoz;República Checa;Febrero;..
06 Badajoz;República Checa;Marzo;85
06 Badajoz;República Checa;Abril;..
06 Badajoz;República Checa;Mayo;..
06 Badajoz;República Checa;Junio;..
06 Badajoz;República Checa;Julio;20
06 Badajoz;República Checa;Agosto;..
06 Badajoz;República Checa;Septiembre;..
06 Badajoz;República Checa;Octubre;..
06 Badajoz;República Checa;Noviembre;43
06 Badajoz;República Checa;Diciembre;34
06 Badajoz;Suecia;Total;514
06 Badajoz;Suecia;Enero;35
06 Badajoz;Suecia;Febrero;16
06 Badajoz;Suecia;Marzo;..
06 Badajoz;Suecia;Abril;..
06 Badajoz;Suecia;Mayo;..
06 Badajoz;Suecia;Junio;29
06 Badajoz;Suecia;Julio;22
06 Badajoz;Suecia;Agosto;41
06 Badajoz;Suecia;Septiembre;64
06 Badajoz;Suecia;Octubre;201
06 Badajoz;Suecia;Noviembre;50
06 Badajoz;Suecia;Diciembre;36
06 Badajoz;Noruega;Total;75
06 Badajoz;Noruega;Enero;..
06 Badajoz;Noruega;Febrero;..
06 Badajoz;Noruega;Marzo;..
06 Badajoz;Noruega;Abril;..
06 Badajoz;Noruega;Mayo;..
06 Badajoz;Noruega;Junio;..
06 Badajoz;Noruega;Julio;..
06 Badajoz;Noruega;Agosto;..
06 Badajoz;Noruega;Septiembre;..
06 Badajoz;Noruega;Octubre;18
06 Badajoz;Noruega;Noviembre;..
06 Badajoz;Noruega;Diciembre;16
06 Badajoz;Reino Unido;Total;3.154
06 Badajoz;Reino Unido;Enero;..
06 Badajoz;Reino Unido;Febrero;24
06 Badajoz;Reino Unido;Marzo;49
06 Badajoz;Reino Unido;Abril;..
06 Badajoz;Reino Unido;Mayo;178
06 Badajoz;Reino Unido;Junio;159
06 Badajoz;Reino Unido;Julio;365
06 Badajoz;Reino Unido;Agosto;368
06 Badajoz;Reino Unido;Septiembre;620
06 Badajoz;Reino Unido;Octubre;584
06 Badajoz;Reino Unido;Noviembre;527
06 Badajoz;Reino Unido;Diciembre;195
06 Badajoz;Rusia;Total;188
06 Badajoz;Rusia;Enero;..
06 Badajoz;Rusia;Febrero;..
06 Badajoz;Rusia;Marzo;..
06 Badajoz;Rusia;Abril;13
06 Badajoz;Rusia;Mayo;..
06 Badajoz;Rusia;Junio;..
06 Badajoz;Rusia;Julio;31
06 Badajoz;Rusia;Agosto;..
06 Badajoz;Rusia;Septiembre;13
06 Badajoz;Rusia;Octubre;17
06 Badajoz;Rusia;Noviembre;..
06 Badajoz;Rusia;Diciembre;48
06 Badajoz;Suiza;Total;583
06 Badajoz;Suiza;Enero;..
06 Badajoz;Suiza;Febrero;..
06 Badajoz;Suiza;Marzo;..
06 Badajoz;Suiza;Abril;..
06 Badajoz;Suiza;Mayo;30
06 Badajoz;Suiza;Junio;12
06 Badajoz;Suiza;Julio;125
06 Badajoz;Suiza;Agosto;96
06 Badajoz;Suiza;Septiembre;159
06 Badajoz;Suiza;Octubre;83
06 Badajoz;Suiza;Noviembre;43
06 Badajoz;Suiza;Diciembre;15
06 Badajoz;Resto de Europa sin U.E.;Total;1.484
06 Badajoz;Resto de Europa sin U.E.;Enero;..
06 Badajoz;Resto de Europa sin U.E.;Febrero;..
06 Badajoz;Resto de Europa sin U.E.;Marzo;59
06 Badajoz;Resto de Europa sin U.E.;Abril;58
06 Badajoz;Resto de Europa sin U.E.;Mayo;117
06 Badajoz;Resto de Europa sin U.E.;Junio;115
06 Badajoz;Resto de Europa sin U.E.;Julio;160
06 Badajoz;Resto de Europa sin U.E.;Agosto;448
06 Badajoz;Resto de Europa sin U.E.;Septiembre;119
06 Badajoz;Resto de Europa sin U.E.;Octubre;181
06 Badajoz;Resto de Europa sin U.E.;Noviembre;95
06 Badajoz;Resto de Europa sin U.E.;Diciembre;94
06 Badajoz;Japón;Total;87
06 Badajoz;Japón;Enero;..
06 Badajoz;Japón;Febrero;..
06 Badajoz;Japón;Marzo;..
06 Badajoz;Japón;Abril;..
06 Badajoz;Japón;Mayo;..
06 Badajoz;Japón;Junio;23
06 Badajoz;Japón;Julio;17
06 Badajoz;Japón;Agosto;..
06 Badajoz;Japón;Septiembre;..
06 Badajoz;Japón;Octubre;23
06 Badajoz;Japón;Noviembre;..
06 Badajoz;Japón;Diciembre;..
06 Badajoz;República China;Total;964
06 Badajoz;República China;Enero;..
06 Badajoz;República China;Febrero;29
06 Badajoz;República China;Marzo;..
06 Badajoz;República China;Abril;..
06 Badajoz;República China;Mayo;77
06 Badajoz;República China;Junio;95
06 Badajoz;República China;Julio;121
06 Badajoz;República China;Agosto;84
06 Badajoz;República China;Septiembre;66
06 Badajoz;República China;Octubre;73
06 Badajoz;República China;Noviembre;..
06 Badajoz;República China;Diciembre;81
06 Badajoz;Estados Unidos;Total;1.941
06 Badajoz;Estados Unidos;Enero;..
06 Badajoz;Estados Unidos;Febrero;..
06 Badajoz;Estados Unidos;Marzo;24
06 Badajoz;Estados Unidos;Abril;42
06 Badajoz;Estados Unidos;Mayo;94
06 Badajoz;Estados Unidos;Junio;104
06 Badajoz;Estados Unidos;Julio;300
06 Badajoz;Estados Unidos;Agosto;139
06 Badajoz;Estados Unidos;Septiembre;310
06 Badajoz;Estados Unidos;Octubre;275
06 Badajoz;Estados Unidos;Noviembre;499
06 Badajoz;Estados Unidos;Diciembre;141
06 Badajoz;Resto de América;Total;4.459
06 Badajoz;Resto de América;Enero;52
06 Badajoz;Resto de América;Febrero;94
06 Badajoz;Resto de América;Marzo;197
06 Badajoz;Resto de América;Abril;153
06 Badajoz;Resto de América;Mayo;279
06 Badajoz;Resto de América;Junio;444
06 Badajoz;Resto de América;Julio;495
06 Badajoz;Resto de América;Agosto;465
06 Badajoz;Resto de América;Septiembre;533
06 Badajoz;Resto de América;Octubre;647
06 Badajoz;Resto de América;Noviembre;585
06 Badajoz;Resto de América;Diciembre;516
06 Badajoz;Países africanos;Total;858
06 Badajoz;Países africanos;Enero;..
06 Badajoz;Países africanos;Febrero;51
06 Badajoz;Países africanos;Marzo;..
06 Badajoz;Países africanos;Abril;32
06 Badajoz;Países africanos;Mayo;50
06 Badajoz;Países africanos;Junio;74
06 Badajoz;Países africanos;Julio;122
06 Badajoz;Países africanos;Agosto;100
06 Badajoz;Países africanos;Septiembre;48
06 Badajoz;Países africanos;Octubre;197
06 Badajoz;Países africanos;Noviembre;90
06 Badajoz;Países africanos;Diciembre;54
07 Balears, Illes;Total;Total;5.082.377
07 Balears, Illes;Total;Enero;11.383
07 Balears, Illes;Total;Febrero;14.724
07 Balears, Illes;Total;Marzo;31.237
07 Balears, Illes;Total;Abril;73.347
07 Balears, Illes;Total;Mayo;220.486
07 Balears, Illes;Total;Junio;587.951
07 Balears, Illes;Total;Julio;1.055.103
07 Balears, Illes;Total;Agosto;1.176.822
07 Balears, Illes;Total;Septiembre;1.004.077
07 Balears, Illes;Total;Octubre;761.539
07 Balears, Illes;Total;Noviembre;88.317
07 Balears, Illes;Total;Diciembre;57.392
07 Balears, Illes;Residentes en España;Total;1.175.472
07 Balears, Illes;Residentes en España;Enero;8.309
07 Balears, Illes;Residentes en España;Febrero;10.810
07 Balears, Illes;Residentes en España;Marzo;15.381
07 Balears, Illes;Residentes en España;Abril;26.370
07 Balears, Illes;Residentes en España;Mayo;59.370
07 Balears, Illes;Residentes en España;Junio;172.410
07 Balears, Illes;Residentes en España;Julio;217.216
07 Balears, Illes;Residentes en España;Agosto;281.919
07 Balears, Illes;Residentes en España;Septiembre;181.723
07 Balears, Illes;Residentes en España;Octubre;141.008
07 Balears, Illes;Residentes en España;Noviembre;33.690
07 Balears, Illes;Residentes en España;Diciembre;27.267
07 Balears, Illes;No residentes en España;Total;3.906.905
07 Balears, Illes;No residentes en España;Enero;3.074
07 Balears, Illes;No residentes en España;Febrero;3.913
07 Balears, Illes;No residentes en España;Marzo;15.856
07 Balears, Illes;No residentes en España;Abril;46.977
07 Balears, Illes;No residentes en España;Mayo;161.116
07 Balears, Illes;No residentes en España;Junio;415.541
07 Balears, Illes;No residentes en España;Julio;837.887
07 Balears, Illes;No residentes en España;Agosto;894.903
07 Balears, Illes;No residentes en España;Septiembre;822.354
07 Balears, Illes;No residentes en España;Octubre;620.531
07 Balears, Illes;No residentes en España;Noviembre;54.627
07 Balears, Illes;No residentes en España;Diciembre;30.125
07 Balears, Illes;Unión Europea 27 (sin España);Total;2.841.864
07 Balears, Illes;Unión Europea 27 (sin España);Enero;2.238
07 Balears, Illes;Unión Europea 27 (sin España);Febrero;2.631
07 Balears, Illes;Unión Europea 27 (sin España);Marzo;14.054
07 Balears, Illes;Unión Europea 27 (sin España);Abril;39.919
07 Balears, Illes;Unión Europea 27 (sin España);Mayo;143.531
07 Balears, Illes;Unión Europea 27 (sin España);Junio;360.122
07 Balears, Illes;Unión Europea 27 (sin España);Julio;564.559
07 Balears, Illes;Unión Europea 27 (sin España);Agosto;622.243
07 Balears, Illes;Unión Europea 27 (sin España);Septiembre;585.849
07 Balears, Illes;Unión Europea 27 (sin España);Octubre;441.600
07 Balears, Illes;Unión Europea 27 (sin España);Noviembre;42.172
07 Balears, Illes;Unión Europea 27 (sin España);Diciembre;22.946
07 Balears, Illes;Alemania;Total;1.374.289
07 Balears, Illes;Alemania;Enero;525
07 Balears, Illes;Alemania;Febrero;900
07 Balears, Illes;Alemania;Marzo;10.445
07 Balears, Illes;Alemania;Abril;27.707
07 Balears, Illes;Alemania;Mayo;89.428
07 Balears, Illes;Alemania;Junio;187.098
07 Balears, Illes;Alemania;Julio;249.759
07 Balears, Illes;Alemania;Agosto;222.141
07 Balears, Illes;Alemania;Septiembre;289.742
07 Balears, Illes;Alemania;Octubre;257.737
07 Balears, Illes;Alemania;Noviembre;25.236
07 Balears, Illes;Alemania;Diciembre;13.570
07 Balears, Illes;Austria;Total;61.461
07 Balears, Illes;Austria;Enero;135
07 Balears, Illes;Austria;Febrero;90
07 Balears, Illes;Austria;Marzo;439
07 Balears, Illes;Austria;Abril;1.176
07 Balears, Illes;Austria;Mayo;1.664
07 Balears, Illes;Austria;Junio;6.634
07 Balears, Illes;Austria;Julio;13.061
07 Balears, Illes;Austria;Agosto;14.967
07 Balears, Illes;Austria;Septiembre;12.164
07 Balears, Illes;Austria;Octubre;9.117
07 Balears, Illes;Austria;Noviembre;952
07 Balears, Illes;Austria;Diciembre;1.062
07 Balears, Illes;Bélgica;Total;92.927
07 Balears, Illes;Bélgica;Enero;44
07 Balears, Illes;Bélgica;Febrero;40
07 Balears, Illes;Bélgica;Marzo;52
07 Balears, Illes;Bélgica;Abril;941
07 Balears, Illes;Bélgica;Mayo;7.288
07 Balears, Illes;Bélgica;Junio;11.435
07 Balears, Illes;Bélgica;Julio;18.392
07 Balears, Illes;Bélgica;Agosto;21.502
07 Balears, Illes;Bélgica;Septiembre;22.192
07 Balears, Illes;Bélgica;Octubre;9.603
07 Balears, Illes;Bélgica;Noviembre;1.104
07 Balears, Illes;Bélgica;Diciembre;334
07 Balears, Illes;Dinamarca;Total;92.118
07 Balears, Illes;Dinamarca;Enero;21
07 Balears, Illes;Dinamarca;Febrero;17
07 Balears, Illes;Dinamarca;Marzo;95
07 Balears, Illes;Dinamarca;Abril;250
07 Balears, Illes;Dinamarca;Mayo;1.331
07 Balears, Illes;Dinamarca;Junio;13.068
07 Balears, Illes;Dinamarca;Julio;30.354
07 Balears, Illes;Dinamarca;Agosto;17.491
07 Balears, Illes;Dinamarca;Septiembre;15.875
07 Balears, Illes;Dinamarca;Octubre;13.022
07 Balears, Illes;Dinamarca;Noviembre;373
07 Balears, Illes;Dinamarca;Diciembre;221
07 Balears, Illes;Finlandia;Total;6.722
07 Balears, Illes;Finlandia;Enero;..
07 Balears, Illes;Finlandia;Febrero;..
07 Balears, Illes;Finlandia;Marzo;21
07 Balears, Illes;Finlandia;Abril;63
07 Balears, Illes;Finlandia;Mayo;300
07 Balears, Illes;Finlandia;Junio;406
07 Balears, Illes;Finlandia;Julio;1.169
07 Balears, Illes;Finlandia;Agosto;755
07 Balears, Illes;Finlandia;Septiembre;1.511
07 Balears, Illes;Finlandia;Octubre;2.263
07 Balears, Illes;Finlandia;Noviembre;191
07 Balears, Illes;Finlandia;Diciembre;31
07 Balears, Illes;Francia;Total;376.585
07 Balears, Illes;Francia;Enero;398
07 Balears, Illes;Francia;Febrero;373
07 Balears, Illes;Francia;Marzo;834
07 Balears, Illes;Francia;Abril;2.809
07 Balears, Illes;Francia;Mayo;18.606
07 Balears, Illes;Francia;Junio;41.332
07 Balears, Illes;Francia;Julio;71.766
07 Balears, Illes;Francia;Agosto;114.894
07 Balears, Illes;Francia;Septiembre;65.812
07 Balears, Illes;Francia;Octubre;52.538
07 Balears, Illes;Francia;Noviembre;5.063
07 Balears, Illes;Francia;Diciembre;2.158
07 Balears, Illes;Grecia;Total;3.266
07 Balears, Illes;Grecia;Enero;..
07 Balears, Illes;Grecia;Febrero;22
07 Balears, Illes;Grecia;Marzo;..
07 Balears, Illes;Grecia;Abril;52
07 Balears, Illes;Grecia;Mayo;214
07 Balears, Illes;Grecia;Junio;303
07 Balears, Illes;Grecia;Julio;1.028
07 Balears, Illes;Grecia;Agosto;610
07 Balears, Illes;Grecia;Septiembre;442
07 Balears, Illes;Grecia;Octubre;398
07 Balears, Illes;Grecia;Noviembre;62
07 Balears, Illes;Grecia;Diciembre;116
07 Balears, Illes;Irlanda;Total;38.219
07 Balears, Illes;Irlanda;Enero;..
07 Balears, Illes;Irlanda;Febrero;..
07 Balears, Illes;Irlanda;Marzo;30
07 Balears, Illes;Irlanda;Abril;85
07 Balears, Illes;Irlanda;Mayo;202
07 Balears, Illes;Irlanda;Junio;1.181
07 Balears, Illes;Irlanda;Julio;5.933
07 Balears, Illes;Irlanda;Agosto;10.591
07 Balears, Illes;Irlanda;Septiembre;11.018
07 Balears, Illes;Irlanda;Octubre;8.689
07 Balears, Illes;Irlanda;Noviembre;348
07 Balears, Illes;Irlanda;Diciembre;115
07 Balears, Illes;Italia;Total;175.454
07 Balears, Illes;Italia;Enero;232
07 Balears, Illes;Italia;Febrero;213
07 Balears, Illes;Italia;Marzo;406
07 Balears, Illes;Italia;Abril;1.022
07 Balears, Illes;Italia;Mayo;4.158
07 Balears, Illes;Italia;Junio;20.635
07 Balears, Illes;Italia;Julio;37.294
07 Balears, Illes;Italia;Agosto;58.071
07 Balears, Illes;Italia;Septiembre;35.050
07 Balears, Illes;Italia;Octubre;13.707
07 Balears, Illes;Italia;Noviembre;2.222
07 Balears, Illes;Italia;Diciembre;2.444
07 Balears, Illes;Luxemburgo;Total;25.616
07 Balears, Illes;Luxemburgo;Enero;..
07 Balears, Illes;Luxemburgo;Febrero;..
07 Balears, Illes;Luxemburgo;Marzo;105
07 Balears, Illes;Luxemburgo;Abril;631
07 Balears, Illes;Luxemburgo;Mayo;1.492
07 Balears, Illes;Luxemburgo;Junio;3.134
07 Balears, Illes;Luxemburgo;Julio;4.548
07 Balears, Illes;Luxemburgo;Agosto;7.582
07 Balears, Illes;Luxemburgo;Septiembre;4.840
07 Balears, Illes;Luxemburgo;Octubre;2.848
07 Balears, Illes;Luxemburgo;Noviembre;319
07 Balears, Illes;Luxemburgo;Diciembre;107
07 Balears, Illes;Países Bajos;Total;220.538
07 Balears, Illes;Países Bajos;Enero;335
07 Balears, Illes;Países Bajos;Febrero;416
07 Balears, Illes;Países Bajos;Marzo;664
07 Balears, Illes;Países Bajos;Abril;1.646
07 Balears, Illes;Países Bajos;Mayo;7.763
07 Balears, Illes;Países Bajos;Junio;30.098
07 Balears, Illes;Países Bajos;Julio;37.675
07 Balears, Illes;Países Bajos;Agosto;61.940
07 Balears, Illes;Países Bajos;Septiembre;45.835
07 Balears, Illes;Países Bajos;Octubre;31.316
07 Balears, Illes;Países Bajos;Noviembre;2.011
07 Balears, Illes;Países Bajos;Diciembre;838
07 Balears, Illes;Polonia;Total;92.396
07 Balears, Illes;Polonia;Enero;116
07 Balears, Illes;Polonia;Febrero;27
07 Balears, Illes;Polonia;Marzo;101
07 Balears, Illes;Polonia;Abril;438
07 Balears, Illes;Polonia;Mayo;2.781
07 Balears, Illes;Polonia;Junio;11.579
07 Balears, Illes;Polonia;Julio;23.949
07 Balears, Illes;Polonia;Agosto;25.336
07 Balears, Illes;Polonia;Septiembre;19.890
07 Balears, Illes;Polonia;Octubre;7.347
07 Balears, Illes;Polonia;Noviembre;591
07 Balears, Illes;Polonia;Diciembre;239
07 Balears, Illes;Portugal;Total;68.503
07 Balears, Illes;Portugal;Enero;42
07 Balears, Illes;Portugal;Febrero;102
07 Balears, Illes;Portugal;Marzo;30
07 Balears, Illes;Portugal;Abril;167
07 Balears, Illes;Portugal;Mayo;1.405
07 Balears, Illes;Portugal;Junio;6.294
07 Balears, Illes;Portugal;Julio;11.697
07 Balears, Illes;Portugal;Agosto;21.957
07 Balears, Illes;Portugal;Septiembre;20.925
07 Balears, Illes;Portugal;Octubre;5.413
07 Balears, Illes;Portugal;Noviembre;268
07 Balears, Illes;Portugal;Diciembre;204
07 Balears, Illes;República Checa;Total;47.043
07 Balears, Illes;República Checa;Enero;121
07 Balears, Illes;República Checa;Febrero;99
07 Balears, Illes;República Checa;Marzo;255
07 Balears, Illes;República Checa;Abril;1.071
07 Balears, Illes;República Checa;Mayo;1.884
07 Balears, Illes;República Checa;Junio;5.283
07 Balears, Illes;República Checa;Julio;15.903
07 Balears, Illes;República Checa;Agosto;8.508
07 Balears, Illes;República Checa;Septiembre;7.940
07 Balears, Illes;República Checa;Octubre;5.050
07 Balears, Illes;República Checa;Noviembre;752
07 Balears, Illes;República Checa;Diciembre;177
07 Balears, Illes;Suecia;Total;88.511
07 Balears, Illes;Suecia;Enero;105
07 Balears, Illes;Suecia;Febrero;114
07 Balears, Illes;Suecia;Marzo;180
07 Balears, Illes;Suecia;Abril;730
07 Balears, Illes;Suecia;Mayo;2.640
07 Balears, Illes;Suecia;Junio;12.036
07 Balears, Illes;Suecia;Julio;21.994
07 Balears, Illes;Suecia;Agosto;16.793
07 Balears, Illes;Suecia;Septiembre;18.660
07 Balears, Illes;Suecia;Octubre;13.113
07 Balears, Illes;Suecia;Noviembre;1.408
07 Balears, Illes;Suecia;Diciembre;739
07 Balears, Illes;Noruega;Total;9.863
07 Balears, Illes;Noruega;Enero;..
07 Balears, Illes;Noruega;Febrero;..
07 Balears, Illes;Noruega;Marzo;33
07 Balears, Illes;Noruega;Abril;45
07 Balears, Illes;Noruega;Mayo;96
07 Balears, Illes;Noruega;Junio;395
07 Balears, Illes;Noruega;Julio;1.521
07 Balears, Illes;Noruega;Agosto;843
07 Balears, Illes;Noruega;Septiembre;2.247
07 Balears, Illes;Noruega;Octubre;4.447
07 Balears, Illes;Noruega;Noviembre;170
07 Balears, Illes;Noruega;Diciembre;60
07 Balears, Illes;Reino Unido;Total;676.712
07 Balears, Illes;Reino Unido;Enero;230
07 Balears, Illes;Reino Unido;Febrero;263
07 Balears, Illes;Reino Unido;Marzo;243
07 Balears, Illes;Reino Unido;Abril;916
07 Balears, Illes;Reino Unido;Mayo;2.613
07 Balears, Illes;Reino Unido;Junio;18.152
07 Balears, Illes;Reino Unido;Julio;183.317
07 Balears, Illes;Reino Unido;Agosto;184.175
07 Balears, Illes;Reino Unido;Septiembre;157.914
07 Balears, Illes;Reino Unido;Octubre;122.256
07 Balears, Illes;Reino Unido;Noviembre;4.291
07 Balears, Illes;Reino Unido;Diciembre;2.341
07 Balears, Illes;Rusia;Total;10.770
07 Balears, Illes;Rusia;Enero;16
07 Balears, Illes;Rusia;Febrero;15
07 Balears, Illes;Rusia;Marzo;89
07 Balears, Illes;Rusia;Abril;211
07 Balears, Illes;Rusia;Mayo;490
07 Balears, Illes;Rusia;Junio;1.158
07 Balears, Illes;Rusia;Julio;3.300
07 Balears, Illes;Rusia;Agosto;2.113
07 Balears, Illes;Rusia;Septiembre;1.671
07 Balears, Illes;Rusia;Octubre;1.241
07 Balears, Illes;Rusia;Noviembre;300
07 Balears, Illes;Rusia;Diciembre;164
07 Balears, Illes;Suiza;Total;132.812
07 Balears, Illes;Suiza;Enero;139
07 Balears, Illes;Suiza;Febrero;73
07 Balears, Illes;Suiza;Marzo;351
07 Balears, Illes;Suiza;Abril;3.240
07 Balears, Illes;Suiza;Mayo;7.538
07 Balears, Illes;Suiza;Junio;13.382
07 Balears, Illes;Suiza;Julio;31.479
07 Balears, Illes;Suiza;Agosto;27.681
07 Balears, Illes;Suiza;Septiembre;23.985
07 Balears, Illes;Suiza;Octubre;22.436
07 Balears, Illes;Suiza;Noviembre;1.560
07 Balears, Illes;Suiza;Diciembre;949
07 Balears, Illes;Resto de Europa sin U.E.;Total;51.545
07 Balears, Illes;Resto de Europa sin U.E.;Enero;61
07 Balears, Illes;Resto de Europa sin U.E.;Febrero;56
07 Balears, Illes;Resto de Europa sin U.E.;Marzo;176
07 Balears, Illes;Resto de Europa sin U.E.;Abril;557
07 Balears, Illes;Resto de Europa sin U.E.;Mayo;1.866
07 Balears, Illes;Resto de Europa sin U.E.;Junio;5.054
07 Balears, Illes;Resto de Europa sin U.E.;Julio;11.251
07 Balears, Illes;Resto de Europa sin U.E.;Agosto;12.145
07 Balears, Illes;Resto de Europa sin U.E.;Septiembre;13.273
07 Balears, Illes;Resto de Europa sin U.E.;Octubre;5.617
07 Balears, Illes;Resto de Europa sin U.E.;Noviembre;742
07 Balears, Illes;Resto de Europa sin U.E.;Diciembre;748
07 Balears, Illes;Japón;Total;1.898
07 Balears, Illes;Japón;Enero;..
07 Balears, Illes;Japón;Febrero;..
07 Balears, Illes;Japón;Marzo;..
07 Balears, Illes;Japón;Abril;70
07 Balears, Illes;Japón;Mayo;38
07 Balears, Illes;Japón;Junio;111
07 Balears, Illes;Japón;Julio;236
07 Balears, Illes;Japón;Agosto;738
07 Balears, Illes;Japón;Septiembre;357
07 Balears, Illes;Japón;Octubre;189
07 Balears, Illes;Japón;Noviembre;76
07 Balears, Illes;Japón;Diciembre;62
07 Balears, Illes;República China;Total;3.399
07 Balears, Illes;República China;Enero;..
07 Balears, Illes;República China;Febrero;..
07 Balears, Illes;República China;Marzo;17
07 Balears, Illes;República China;Abril;17
07 Balears, Illes;República China;Mayo;156
07 Balears, Illes;República China;Junio;402
07 Balears, Illes;República China;Julio;604
07 Balears, Illes;República China;Agosto;807
07 Balears, Illes;República China;Septiembre;566
07 Balears, Illes;República China;Octubre;404
07 Balears, Illes;República China;Noviembre;185
07 Balears, Illes;República China;Diciembre;231
07 Balears, Illes;Estados Unidos;Total;47.878
07 Balears, Illes;Estados Unidos;Enero;105
07 Balears, Illes;Estados Unidos;Febrero;99
07 Balears, Illes;Estados Unidos;Marzo;234
07 Balears, Illes;Estados Unidos;Abril;467
07 Balears, Illes;Estados Unidos;Mayo;1.235
07 Balears, Illes;Estados Unidos;Junio;3.894
07 Balears, Illes;Estados Unidos;Julio;12.085
07 Balears, Illes;Estados Unidos;Agosto;11.901
07 Balears, Illes;Estados Unidos;Septiembre;9.507
07 Balears, Illes;Estados Unidos;Octubre;6.574
07 Balears, Illes;Estados Unidos;Noviembre;1.111
07 Balears, Illes;Estados Unidos;Diciembre;665
07 Balears, Illes;Resto de América;Total;53.652
07 Balears, Illes;Resto de América;Enero;141
07 Balears, Illes;Resto de América;Febrero;393
07 Balears, Illes;Resto de América;Marzo;316
07 Balears, Illes;Resto de América;Abril;672
07 Balears, Illes;Resto de América;Mayo;1.436
07 Balears, Illes;Resto de América;Junio;4.503
07 Balears, Illes;Resto de América;Julio;10.031
07 Balears, Illes;Resto de América;Agosto;12.527
07 Balears, Illes;Resto de América;Septiembre;13.434
07 Balears, Illes;Resto de América;Octubre;7.531
07 Balears, Illes;Resto de América;Noviembre;1.730
07 Balears, Illes;Resto de América;Diciembre;938
07 Balears, Illes;Países africanos;Total;12.114
07 Balears, Illes;Países africanos;Enero;45
07 Balears, Illes;Países africanos;Febrero;94
07 Balears, Illes;Países africanos;Marzo;96
07 Balears, Illes;Países africanos;Abril;117
07 Balears, Illes;Países africanos;Mayo;556
07 Balears, Illes;Países africanos;Junio;1.317
07 Balears, Illes;Países africanos;Julio;2.310
07 Balears, Illes;Países africanos;Agosto;3.915
07 Balears, Illes;Países africanos;Septiembre;2.181
07 Balears, Illes;Países africanos;Octubre;1.067
07 Balears, Illes;Países africanos;Noviembre;218
07 Balears, Illes;Países africanos;Diciembre;198
08 Barcelona;Total;Total;5.151.485
08 Barcelona;Total;Enero;118.954
08 Barcelona;Total;Febrero;138.992
08 Barcelona;Total;Marzo;173.589
08 Barcelona;Total;Abril;183.092
08 Barcelona;Total;Mayo;288.961
08 Barcelona;Total;Junio;416.397
08 Barcelona;Total;Julio;594.601
08 Barcelona;Total;Agosto;749.150
08 Barcelona;Total;Septiembre;624.532
08 Barcelona;Total;Octubre;734.005
08 Barcelona;Total;Noviembre;590.958
08 Barcelona;Total;Diciembre;538.255
08 Barcelona;Residentes en España;Total;2.282.953
08 Barcelona;Residentes en España;Enero;86.559
08 Barcelona;Residentes en España;Febrero;105.398
08 Barcelona;Residentes en España;Marzo;128.268
08 Barcelona;Residentes en España;Abril;121.877
08 Barcelona;Residentes en España;Mayo;170.728
08 Barcelona;Residentes en España;Junio;223.044
08 Barcelona;Residentes en España;Julio;256.228
08 Barcelona;Residentes en España;Agosto;254.957
08 Barcelona;Residentes en España;Septiembre;227.239
08 Barcelona;Residentes en España;Octubre;261.136
08 Barcelona;Residentes en España;Noviembre;214.384
08 Barcelona;Residentes en España;Diciembre;233.136
08 Barcelona;No residentes en España;Total;2.868.532
08 Barcelona;No residentes en España;Enero;32.395
08 Barcelona;No residentes en España;Febrero;33.594
08 Barcelona;No residentes en España;Marzo;45.321
08 Barcelona;No residentes en España;Abril;61.215
08 Barcelona;No residentes en España;Mayo;118.233
08 Barcelona;No residentes en España;Junio;193.353
08 Barcelona;No residentes en España;Julio;338.373
08 Barcelona;No residentes en España;Agosto;494.193
08 Barcelona;No residentes en España;Septiembre;397.293
08 Barcelona;No residentes en España;Octubre;472.869
08 Barcelona;No residentes en España;Noviembre;376.574
08 Barcelona;No residentes en España;Diciembre;305.119
08 Barcelona;Unión Europea 27 (sin España);Total;1.758.546
08 Barcelona;Unión Europea 27 (sin España);Enero;19.730
08 Barcelona;Unión Europea 27 (sin España);Febrero;21.130
08 Barcelona;Unión Europea 27 (sin España);Marzo;28.737
08 Barcelona;Unión Europea 27 (sin España);Abril;38.621
08 Barcelona;Unión Europea 27 (sin España);Mayo;83.853
08 Barcelona;Unión Europea 27 (sin España);Junio;124.105
08 Barcelona;Unión Europea 27 (sin España);Julio;214.903
08 Barcelona;Unión Europea 27 (sin España);Agosto;342.489
08 Barcelona;Unión Europea 27 (sin España);Septiembre;230.855
08 Barcelona;Unión Europea 27 (sin España);Octubre;270.511
08 Barcelona;Unión Europea 27 (sin España);Noviembre;216.000
08 Barcelona;Unión Europea 27 (sin España);Diciembre;167.613
08 Barcelona;Alemania;Total;207.498
08 Barcelona;Alemania;Enero;1.650
08 Barcelona;Alemania;Febrero;1.691
08 Barcelona;Alemania;Marzo;2.670
08 Barcelona;Alemania;Abril;3.848
08 Barcelona;Alemania;Mayo;6.795
08 Barcelona;Alemania;Junio;15.951
08 Barcelona;Alemania;Julio;25.340
08 Barcelona;Alemania;Agosto;26.421
08 Barcelona;Alemania;Septiembre;36.206
08 Barcelona;Alemania;Octubre;42.004
08 Barcelona;Alemania;Noviembre;26.606
08 Barcelona;Alemania;Diciembre;18.316
08 Barcelona;Austria;Total;32.607
08 Barcelona;Austria;Enero;163
08 Barcelona;Austria;Febrero;151
08 Barcelona;Austria;Marzo;433
08 Barcelona;Austria;Abril;573
08 Barcelona;Austria;Mayo;1.355
08 Barcelona;Austria;Junio;2.649
08 Barcelona;Austria;Julio;4.396
08 Barcelona;Austria;Agosto;5.473
08 Barcelona;Austria;Septiembre;4.869
08 Barcelona;Austria;Octubre;5.377
08 Barcelona;Austria;Noviembre;3.720
08 Barcelona;Austria;Diciembre;3.447
08 Barcelona;Bélgica;Total;84.461
08 Barcelona;Bélgica;Enero;629
08 Barcelona;Bélgica;Febrero;816
08 Barcelona;Bélgica;Marzo;655
08 Barcelona;Bélgica;Abril;1.171
08 Barcelona;Bélgica;Mayo;2.517
08 Barcelona;Bélgica;Junio;5.302
08 Barcelona;Bélgica;Julio;14.253
08 Barcelona;Bélgica;Agosto;17.807
08 Barcelona;Bélgica;Septiembre;12.407
08 Barcelona;Bélgica;Octubre;11.682
08 Barcelona;Bélgica;Noviembre;10.545
08 Barcelona;Bélgica;Diciembre;6.677
08 Barcelona;Dinamarca;Total;36.064
08 Barcelona;Dinamarca;Enero;141
08 Barcelona;Dinamarca;Febrero;156
08 Barcelona;Dinamarca;Marzo;280
08 Barcelona;Dinamarca;Abril;288
08 Barcelona;Dinamarca;Mayo;664
08 Barcelona;Dinamarca;Junio;1.304
08 Barcelona;Dinamarca;Julio;8.897
08 Barcelona;Dinamarca;Agosto;4.940
08 Barcelona;Dinamarca;Septiembre;5.092
08 Barcelona;Dinamarca;Octubre;7.792
08 Barcelona;Dinamarca;Noviembre;3.967
08 Barcelona;Dinamarca;Diciembre;2.543
08 Barcelona;Finlandia;Total;13.522
08 Barcelona;Finlandia;Enero;127
08 Barcelona;Finlandia;Febrero;46
08 Barcelona;Finlandia;Marzo;101
08 Barcelona;Finlandia;Abril;138
08 Barcelona;Finlandia;Mayo;204
08 Barcelona;Finlandia;Junio;530
08 Barcelona;Finlandia;Julio;1.138
08 Barcelona;Finlandia;Agosto;1.070
08 Barcelona;Finlandia;Septiembre;1.928
08 Barcelona;Finlandia;Octubre;4.105
08 Barcelona;Finlandia;Noviembre;2.470
08 Barcelona;Finlandia;Diciembre;1.666
08 Barcelona;Francia;Total;652.499
08 Barcelona;Francia;Enero;8.676
08 Barcelona;Francia;Febrero;9.533
08 Barcelona;Francia;Marzo;14.412
08 Barcelona;Francia;Abril;16.909
08 Barcelona;Francia;Mayo;45.640
08 Barcelona;Francia;Junio;47.065
08 Barcelona;Francia;Julio;76.615
08 Barcelona;Francia;Agosto;159.353
08 Barcelona;Francia;Septiembre;64.799
08 Barcelona;Francia;Octubre;81.592
08 Barcelona;Francia;Noviembre;66.257
08 Barcelona;Francia;Diciembre;61.649
08 Barcelona;Grecia;Total;16.194
08 Barcelona;Grecia;Enero;155
08 Barcelona;Grecia;Febrero;94
08 Barcelona;Grecia;Marzo;166
08 Barcelona;Grecia;Abril;418
08 Barcelona;Grecia;Mayo;471
08 Barcelona;Grecia;Junio;919
08 Barcelona;Grecia;Julio;1.565
08 Barcelona;Grecia;Agosto;1.717
08 Barcelona;Grecia;Septiembre;1.377
08 Barcelona;Grecia;Octubre;4.265
08 Barcelona;Grecia;Noviembre;3.361
08 Barcelona;Grecia;Diciembre;1.685
08 Barcelona;Irlanda;Total;36.993
08 Barcelona;Irlanda;Enero;270
08 Barcelona;Irlanda;Febrero;285
08 Barcelona;Irlanda;Marzo;359
08 Barcelona;Irlanda;Abril;301
08 Barcelona;Irlanda;Mayo;946
08 Barcelona;Irlanda;Junio;1.243
08 Barcelona;Irlanda;Julio;3.812
08 Barcelona;Irlanda;Agosto;6.626
08 Barcelona;Irlanda;Septiembre;7.420
08 Barcelona;Irlanda;Octubre;7.806
08 Barcelona;Irlanda;Noviembre;5.286
08 Barcelona;Irlanda;Diciembre;2.639
08 Barcelona;Italia;Total;220.359
08 Barcelona;Italia;Enero;2.978
08 Barcelona;Italia;Febrero;3.112
08 Barcelona;Italia;Marzo;3.497
08 Barcelona;Italia;Abril;6.153
08 Barcelona;Italia;Mayo;8.511
08 Barcelona;Italia;Junio;17.415
08 Barcelona;Italia;Julio;22.531
08 Barcelona;Italia;Agosto;31.027
08 Barcelona;Italia;Septiembre;29.211
08 Barcelona;Italia;Octubre;34.283
08 Barcelona;Italia;Noviembre;34.190
08 Barcelona;Italia;Diciembre;27.449
08 Barcelona;Luxemburgo;Total;4.782
08 Barcelona;Luxemburgo;Enero;42
08 Barcelona;Luxemburgo;Febrero;52
08 Barcelona;Luxemburgo;Marzo;87
08 Barcelona;Luxemburgo;Abril;162
08 Barcelona;Luxemburgo;Mayo;236
08 Barcelona;Luxemburgo;Junio;299
08 Barcelona;Luxemburgo;Julio;664
08 Barcelona;Luxemburgo;Agosto;925
08 Barcelona;Luxemburgo;Septiembre;584
08 Barcelona;Luxemburgo;Octubre;614
08 Barcelona;Luxemburgo;Noviembre;687
08 Barcelona;Luxemburgo;Diciembre;429
08 Barcelona;Países Bajos;Total;148.612
08 Barcelona;Países Bajos;Enero;1.491
08 Barcelona;Países Bajos;Febrero;1.407
08 Barcelona;Países Bajos;Marzo;1.515
08 Barcelona;Países Bajos;Abril;2.145
08 Barcelona;Países Bajos;Mayo;3.847
08 Barcelona;Países Bajos;Junio;6.282
08 Barcelona;Países Bajos;Julio;16.711
08 Barcelona;Países Bajos;Agosto;39.466
08 Barcelona;Países Bajos;Septiembre;22.636
08 Barcelona;Países Bajos;Octubre;24.220
08 Barcelona;Países Bajos;Noviembre;14.194
08 Barcelona;Países Bajos;Diciembre;14.700
08 Barcelona;Polonia;Total;58.649
08 Barcelona;Polonia;Enero;449
08 Barcelona;Polonia;Febrero;349
08 Barcelona;Polonia;Marzo;519
08 Barcelona;Polonia;Abril;800
08 Barcelona;Polonia;Mayo;1.680
08 Barcelona;Polonia;Junio;4.306
08 Barcelona;Polonia;Julio;8.997
08 Barcelona;Polonia;Agosto;10.871
08 Barcelona;Polonia;Septiembre;10.631
08 Barcelona;Polonia;Octubre;9.279
08 Barcelona;Polonia;Noviembre;6.656
08 Barcelona;Polonia;Diciembre;4.110
08 Barcelona;Portugal;Total;61.391
08 Barcelona;Portugal;Enero;738
08 Barcelona;Portugal;Febrero;911
08 Barcelona;Portugal;Marzo;1.052
08 Barcelona;Portugal;Abril;1.274
08 Barcelona;Portugal;Mayo;2.362
08 Barcelona;Portugal;Junio;3.539
08 Barcelona;Portugal;Julio;6.010
08 Barcelona;Portugal;Agosto;9.062
08 Barcelona;Portugal;Septiembre;9.290
08 Barcelona;Portugal;Octubre;8.926
08 Barcelona;Portugal;Noviembre;12.310
08 Barcelona;Portugal;Diciembre;5.917
08 Barcelona;República Checa;Total;20.125
08 Barcelona;República Checa;Enero;254
08 Barcelona;República Checa;Febrero;196
08 Barcelona;República Checa;Marzo;285
08 Barcelona;República Checa;Abril;450
08 Barcelona;República Checa;Mayo;1.147
08 Barcelona;República Checa;Junio;1.878
08 Barcelona;República Checa;Julio;2.401
08 Barcelona;República Checa;Agosto;2.492
08 Barcelona;República Checa;Septiembre;2.751
08 Barcelona;República Checa;Octubre;3.324
08 Barcelona;República Checa;Noviembre;3.480
08 Barcelona;República Checa;Diciembre;1.467
08 Barcelona;Suecia;Total;45.092
08 Barcelona;Suecia;Enero;336
08 Barcelona;Suecia;Febrero;291
08 Barcelona;Suecia;Marzo;541
08 Barcelona;Suecia;Abril;582
08 Barcelona;Suecia;Mayo;1.325
08 Barcelona;Suecia;Junio;2.853
08 Barcelona;Suecia;Julio;7.413
08 Barcelona;Suecia;Agosto;7.278
08 Barcelona;Suecia;Septiembre;7.324
08 Barcelona;Suecia;Octubre;7.334
08 Barcelona;Suecia;Noviembre;6.504
08 Barcelona;Suecia;Diciembre;3.312
08 Barcelona;Noruega;Total;13.975
08 Barcelona;Noruega;Enero;80
08 Barcelona;Noruega;Febrero;54
08 Barcelona;Noruega;Marzo;175
08 Barcelona;Noruega;Abril;146
08 Barcelona;Noruega;Mayo;120
08 Barcelona;Noruega;Junio;457
08 Barcelona;Noruega;Julio;1.591
08 Barcelona;Noruega;Agosto;1.036
08 Barcelona;Noruega;Septiembre;2.286
08 Barcelona;Noruega;Octubre;3.529
08 Barcelona;Noruega;Noviembre;2.729
08 Barcelona;Noruega;Diciembre;1.772
08 Barcelona;Reino Unido;Total;151.831
08 Barcelona;Reino Unido;Enero;931
08 Barcelona;Reino Unido;Febrero;1.377
08 Barcelona;Reino Unido;Marzo;1.795
08 Barcelona;Reino Unido;Abril;2.969
08 Barcelona;Reino Unido;Mayo;4.004
08 Barcelona;Reino Unido;Junio;7.621
08 Barcelona;Reino Unido;Julio;12.301
08 Barcelona;Reino Unido;Agosto;23.258
08 Barcelona;Reino Unido;Septiembre;26.701
08 Barcelona;Reino Unido;Octubre;34.873
08 Barcelona;Reino Unido;Noviembre;23.810
08 Barcelona;Reino Unido;Diciembre;12.189
08 Barcelona;Rusia;Total;30.124
08 Barcelona;Rusia;Enero;671
08 Barcelona;Rusia;Febrero;738
08 Barcelona;Rusia;Marzo;805
08 Barcelona;Rusia;Abril;935
08 Barcelona;Rusia;Mayo;1.692
08 Barcelona;Rusia;Junio;2.538
08 Barcelona;Rusia;Julio;2.680
08 Barcelona;Rusia;Agosto;3.657
08 Barcelona;Rusia;Septiembre;3.814
08 Barcelona;Rusia;Octubre;4.872
08 Barcelona;Rusia;Noviembre;4.510
08 Barcelona;Rusia;Diciembre;3.213
08 Barcelona;Suiza;Total;67.805
08 Barcelona;Suiza;Enero;512
08 Barcelona;Suiza;Febrero;415
08 Barcelona;Suiza;Marzo;1.050
08 Barcelona;Suiza;Abril;2.081
08 Barcelona;Suiza;Mayo;3.717
08 Barcelona;Suiza;Junio;4.319
08 Barcelona;Suiza;Julio;11.184
08 Barcelona;Suiza;Agosto;10.440
08 Barcelona;Suiza;Septiembre;8.836
08 Barcelona;Suiza;Octubre;13.205
08 Barcelona;Suiza;Noviembre;6.716
08 Barcelona;Suiza;Diciembre;5.329
08 Barcelona;Resto de Europa sin U.E.;Total;124.696
08 Barcelona;Resto de Europa sin U.E.;Enero;1.698
08 Barcelona;Resto de Europa sin U.E.;Febrero;1.680
08 Barcelona;Resto de Europa sin U.E.;Marzo;2.177
08 Barcelona;Resto de Europa sin U.E.;Abril;4.657
08 Barcelona;Resto de Europa sin U.E.;Mayo;5.038
08 Barcelona;Resto de Europa sin U.E.;Junio;9.833
08 Barcelona;Resto de Europa sin U.E.;Julio;10.609
08 Barcelona;Resto de Europa sin U.E.;Agosto;15.337
08 Barcelona;Resto de Europa sin U.E.;Septiembre;18.971
08 Barcelona;Resto de Europa sin U.E.;Octubre;21.521
08 Barcelona;Resto de Europa sin U.E.;Noviembre;19.017
08 Barcelona;Resto de Europa sin U.E.;Diciembre;14.159
08 Barcelona;Japón;Total;7.446
08 Barcelona;Japón;Enero;116
08 Barcelona;Japón;Febrero;95
08 Barcelona;Japón;Marzo;186
08 Barcelona;Japón;Abril;164
08 Barcelona;Japón;Mayo;230
08 Barcelona;Japón;Junio;320
08 Barcelona;Japón;Julio;734
08 Barcelona;Japón;Agosto;812
08 Barcelona;Japón;Septiembre;775
08 Barcelona;Japón;Octubre;1.230
08 Barcelona;Japón;Noviembre;1.235
08 Barcelona;Japón;Diciembre;1.550
08 Barcelona;República China;Total;17.652
08 Barcelona;República China;Enero;237
08 Barcelona;República China;Febrero;275
08 Barcelona;República China;Marzo;395
08 Barcelona;República China;Abril;455
08 Barcelona;República China;Mayo;675
08 Barcelona;República China;Junio;1.406
08 Barcelona;República China;Julio;1.383
08 Barcelona;República China;Agosto;2.205
08 Barcelona;República China;Septiembre;2.249
08 Barcelona;República China;Octubre;2.427
08 Barcelona;República China;Noviembre;1.994
08 Barcelona;República China;Diciembre;3.951
08 Barcelona;Estados Unidos;Total;215.146
08 Barcelona;Estados Unidos;Enero;639
08 Barcelona;Estados Unidos;Febrero;704
08 Barcelona;Estados Unidos;Marzo;1.041
08 Barcelona;Estados Unidos;Abril;1.569
08 Barcelona;Estados Unidos;Mayo;2.349
08 Barcelona;Estados Unidos;Junio;10.880
08 Barcelona;Estados Unidos;Julio;29.040
08 Barcelona;Estados Unidos;Agosto;33.731
08 Barcelona;Estados Unidos;Septiembre;34.888
08 Barcelona;Estados Unidos;Octubre;43.258
08 Barcelona;Estados Unidos;Noviembre;31.237
08 Barcelona;Estados Unidos;Diciembre;25.809
08 Barcelona;Resto de América;Total;202.247
08 Barcelona;Resto de América;Enero;3.465
08 Barcelona;Resto de América;Febrero;3.285
08 Barcelona;Resto de América;Marzo;3.980
08 Barcelona;Resto de América;Abril;4.280
08 Barcelona;Resto de América;Mayo;6.310
08 Barcelona;Resto de América;Junio;11.134
08 Barcelona;Resto de América;Julio;20.440
08 Barcelona;Resto de América;Agosto;22.499
08 Barcelona;Resto de América;Septiembre;27.781
08 Barcelona;Resto de América;Octubre;38.370
08 Barcelona;Resto de América;Noviembre;31.307
08 Barcelona;Resto de América;Diciembre;29.398
08 Barcelona;Países africanos;Total;64.393
08 Barcelona;Países africanos;Enero;1.930
08 Barcelona;Países africanos;Febrero;2.058
08 Barcelona;Países africanos;Marzo;2.058
08 Barcelona;Países africanos;Abril;1.618
08 Barcelona;Países africanos;Mayo;2.564
08 Barcelona;Países africanos;Junio;4.005
08 Barcelona;Países africanos;Julio;6.355
08 Barcelona;Países africanos;Agosto;9.564
08 Barcelona;Países africanos;Septiembre;7.221
08 Barcelona;Países africanos;Octubre;8.812
08 Barcelona;Países africanos;Noviembre;9.142
08 Barcelona;Países africanos;Diciembre;9.065
48 Bizkaia;Total;Total;952.870
48 Bizkaia;Total;Enero;26.559
48 Bizkaia;Total;Febrero;26.346
48 Bizkaia;Total;Marzo;41.810
48 Bizkaia;Total;Abril;42.697
48 Bizkaia;Total;Mayo;49.540
48 Bizkaia;Total;Junio;68.179
48 Bizkaia;Total;Julio;112.376
48 Bizkaia;Total;Agosto;156.248
48 Bizkaia;Total;Septiembre;117.442
48 Bizkaia;Total;Octubre;128.050
48 Bizkaia;Total;Noviembre;100.968
48 Bizkaia;Total;Diciembre;82.655
48 Bizkaia;Residentes en España;Total;698.250
48 Bizkaia;Residentes en España;Enero;22.762
48 Bizkaia;Residentes en España;Febrero;23.121
48 Bizkaia;Residentes en España;Marzo;36.746
48 Bizkaia;Residentes en España;Abril;37.627
48 Bizkaia;Residentes en España;Mayo;41.145
48 Bizkaia;Residentes en España;Junio;53.137
48 Bizkaia;Residentes en España;Julio;78.618
48 Bizkaia;Residentes en España;Agosto;109.113
48 Bizkaia;Residentes en España;Septiembre;76.472
48 Bizkaia;Residentes en España;Octubre;86.673
48 Bizkaia;Residentes en España;Noviembre;70.764
48 Bizkaia;Residentes en España;Diciembre;62.072
48 Bizkaia;No residentes en España;Total;254.619
48 Bizkaia;No residentes en España;Enero;3.798
48 Bizkaia;No residentes en España;Febrero;3.226
48 Bizkaia;No residentes en España;Marzo;5.064
48 Bizkaia;No residentes en España;Abril;5.069
48 Bizkaia;No residentes en España;Mayo;8.394
48 Bizkaia;No residentes en España;Junio;15.043
48 Bizkaia;No residentes en España;Julio;33.758
48 Bizkaia;No residentes en España;Agosto;47.135
48 Bizkaia;No residentes en España;Septiembre;40.970
48 Bizkaia;No residentes en España;Octubre;41.376
48 Bizkaia;No residentes en España;Noviembre;30.204
48 Bizkaia;No residentes en España;Diciembre;20.582
48 Bizkaia;Unión Europea 27 (sin España);Total;166.687
48 Bizkaia;Unión Europea 27 (sin España);Enero;2.403
48 Bizkaia;Unión Europea 27 (sin España);Febrero;1.765
48 Bizkaia;Unión Europea 27 (sin España);Marzo;2.709
48 Bizkaia;Unión Europea 27 (sin España);Abril;3.101
48 Bizkaia;Unión Europea 27 (sin España);Mayo;5.021
48 Bizkaia;Unión Europea 27 (sin España);Junio;9.630
48 Bizkaia;Unión Europea 27 (sin España);Julio;23.088
48 Bizkaia;Unión Europea 27 (sin España);Agosto;34.377
48 Bizkaia;Unión Europea 27 (sin España);Septiembre;26.385
48 Bizkaia;Unión Europea 27 (sin España);Octubre;26.335
48 Bizkaia;Unión Europea 27 (sin España);Noviembre;19.508
48 Bizkaia;Unión Europea 27 (sin España);Diciembre;12.366
48 Bizkaia;Alemania;Total;23.110
48 Bizkaia;Alemania;Enero;235
48 Bizkaia;Alemania;Febrero;223
48 Bizkaia;Alemania;Marzo;370
48 Bizkaia;Alemania;Abril;304
48 Bizkaia;Alemania;Mayo;667
48 Bizkaia;Alemania;Junio;1.387
48 Bizkaia;Alemania;Julio;3.047
48 Bizkaia;Alemania;Agosto;3.599
48 Bizkaia;Alemania;Septiembre;4.894
48 Bizkaia;Alemania;Octubre;4.311
48 Bizkaia;Alemania;Noviembre;2.580
48 Bizkaia;Alemania;Diciembre;1.493
48 Bizkaia;Austria;Total;2.680
48 Bizkaia;Austria;Enero;50
48 Bizkaia;Austria;Febrero;35
48 Bizkaia;Austria;Marzo;45
48 Bizkaia;Austria;Abril;14
48 Bizkaia;Austria;Mayo;49
48 Bizkaia;Austria;Junio;140
48 Bizkaia;Austria;Julio;433
48 Bizkaia;Austria;Agosto;383
48 Bizkaia;Austria;Septiembre;527
48 Bizkaia;Austria;Octubre;510
48 Bizkaia;Austria;Noviembre;363
48 Bizkaia;Austria;Diciembre;132
48 Bizkaia;Bélgica;Total;8.690
48 Bizkaia;Bélgica;Enero;28
48 Bizkaia;Bélgica;Febrero;14
48 Bizkaia;Bélgica;Marzo;108
48 Bizkaia;Bélgica;Abril;98
48 Bizkaia;Bélgica;Mayo;206
48 Bizkaia;Bélgica;Junio;316
48 Bizkaia;Bélgica;Julio;2.070
48 Bizkaia;Bélgica;Agosto;1.779
48 Bizkaia;Bélgica;Septiembre;1.813
48 Bizkaia;Bélgica;Octubre;987
48 Bizkaia;Bélgica;Noviembre;837
48 Bizkaia;Bélgica;Diciembre;436
48 Bizkaia;Dinamarca;Total;3.030
48 Bizkaia;Dinamarca;Enero;20
48 Bizkaia;Dinamarca;Febrero;35
48 Bizkaia;Dinamarca;Marzo;40
48 Bizkaia;Dinamarca;Abril;30
48 Bizkaia;Dinamarca;Mayo;65
48 Bizkaia;Dinamarca;Junio;97
48 Bizkaia;Dinamarca;Julio;547
48 Bizkaia;Dinamarca;Agosto;431
48 Bizkaia;Dinamarca;Septiembre;728
48 Bizkaia;Dinamarca;Octubre;532
48 Bizkaia;Dinamarca;Noviembre;439
48 Bizkaia;Dinamarca;Diciembre;67
48 Bizkaia;Finlandia;Total;902
48 Bizkaia;Finlandia;Enero;..
48 Bizkaia;Finlandia;Febrero;..
48 Bizkaia;Finlandia;Marzo;..
48 Bizkaia;Finlandia;Abril;21
48 Bizkaia;Finlandia;Mayo;23
48 Bizkaia;Finlandia;Junio;77
48 Bizkaia;Finlandia;Julio;129
48 Bizkaia;Finlandia;Agosto;62
48 Bizkaia;Finlandia;Septiembre;190
48 Bizkaia;Finlandia;Octubre;160
48 Bizkaia;Finlandia;Noviembre;94
48 Bizkaia;Finlandia;Diciembre;135
48 Bizkaia;Francia;Total;59.399
48 Bizkaia;Francia;Enero;728
48 Bizkaia;Francia;Febrero;603
48 Bizkaia;Francia;Marzo;832
48 Bizkaia;Francia;Abril;821
48 Bizkaia;Francia;Mayo;2.111
48 Bizkaia;Francia;Junio;3.100
48 Bizkaia;Francia;Julio;7.585
48 Bizkaia;Francia;Agosto;14.029
48 Bizkaia;Francia;Septiembre;6.810
48 Bizkaia;Francia;Octubre;9.495
48 Bizkaia;Francia;Noviembre;7.954
48 Bizkaia;Francia;Diciembre;5.331
48 Bizkaia;Grecia;Total;1.673
48 Bizkaia;Grecia;Enero;103
48 Bizkaia;Grecia;Febrero;20
48 Bizkaia;Grecia;Marzo;41
48 Bizkaia;Grecia;Abril;57
48 Bizkaia;Grecia;Mayo;79
48 Bizkaia;Grecia;Junio;182
48 Bizkaia;Grecia;Julio;188
48 Bizkaia;Grecia;Agosto;247
48 Bizkaia;Grecia;Septiembre;155
48 Bizkaia;Grecia;Octubre;316
48 Bizkaia;Grecia;Noviembre;192
48 Bizkaia;Grecia;Diciembre;95
48 Bizkaia;Irlanda;Total;5.243
48 Bizkaia;Irlanda;Enero;49
48 Bizkaia;Irlanda;Febrero;43
48 Bizkaia;Irlanda;Marzo;76
48 Bizkaia;Irlanda;Abril;59
48 Bizkaia;Irlanda;Mayo;65
48 Bizkaia;Irlanda;Junio;147
48 Bizkaia;Irlanda;Julio;452
48 Bizkaia;Irlanda;Agosto;788
48 Bizkaia;Irlanda;Septiembre;1.201
48 Bizkaia;Irlanda;Octubre;1.297
48 Bizkaia;Irlanda;Noviembre;780
48 Bizkaia;Irlanda;Diciembre;284
48 Bizkaia;Italia;Total;15.576
48 Bizkaia;Italia;Enero;247
48 Bizkaia;Italia;Febrero;162
48 Bizkaia;Italia;Marzo;309
48 Bizkaia;Italia;Abril;297
48 Bizkaia;Italia;Mayo;492
48 Bizkaia;Italia;Junio;927
48 Bizkaia;Italia;Julio;2.010
48 Bizkaia;Italia;Agosto;4.058
48 Bizkaia;Italia;Septiembre;2.131
48 Bizkaia;Italia;Octubre;2.022
48 Bizkaia;Italia;Noviembre;1.586
48 Bizkaia;Italia;Diciembre;1.334
48 Bizkaia;Luxemburgo;Total;397
48 Bizkaia;Luxemburgo;Enero;14
48 Bizkaia;Luxemburgo;Febrero;..
48 Bizkaia;Luxemburgo;Marzo;..
48 Bizkaia;Luxemburgo;Abril;..
48 Bizkaia;Luxemburgo;Mayo;15
48 Bizkaia;Luxemburgo;Junio;23
48 Bizkaia;Luxemburgo;Julio;50
48 Bizkaia;Luxemburgo;Agosto;97
48 Bizkaia;Luxemburgo;Septiembre;68
48 Bizkaia;Luxemburgo;Octubre;58
48 Bizkaia;Luxemburgo;Noviembre;50
48 Bizkaia;Luxemburgo;Diciembre;..
48 Bizkaia;Países Bajos;Total;18.653
48 Bizkaia;Países Bajos;Enero;170
48 Bizkaia;Países Bajos;Febrero;63
48 Bizkaia;Países Bajos;Marzo;79
48 Bizkaia;Países Bajos;Abril;211
48 Bizkaia;Países Bajos;Mayo;226
48 Bizkaia;Países Bajos;Junio;1.011
48 Bizkaia;Países Bajos;Julio;3.147
48 Bizkaia;Países Bajos;Agosto;4.503
48 Bizkaia;Países Bajos;Septiembre;3.974
48 Bizkaia;Países Bajos;Octubre;2.837
48 Bizkaia;Países Bajos;Noviembre;1.395
48 Bizkaia;Países Bajos;Diciembre;1.038
48 Bizkaia;Polonia;Total;3.135
48 Bizkaia;Polonia;Enero;159
48 Bizkaia;Polonia;Febrero;61
48 Bizkaia;Polonia;Marzo;76
48 Bizkaia;Polonia;Abril;75
48 Bizkaia;Polonia;Mayo;93
48 Bizkaia;Polonia;Junio;277
48 Bizkaia;Polonia;Julio;463
48 Bizkaia;Polonia;Agosto;486
48 Bizkaia;Polonia;Septiembre;482
48 Bizkaia;Polonia;Octubre;357
48 Bizkaia;Polonia;Noviembre;420
48 Bizkaia;Polonia;Diciembre;186
48 Bizkaia;Portugal;Total;13.168
48 Bizkaia;Portugal;Enero;172
48 Bizkaia;Portugal;Febrero;293
48 Bizkaia;Portugal;Marzo;396
48 Bizkaia;Portugal;Abril;702
48 Bizkaia;Portugal;Mayo;376
48 Bizkaia;Portugal;Junio;1.136
48 Bizkaia;Portugal;Julio;1.471
48 Bizkaia;Portugal;Agosto;2.564
48 Bizkaia;Portugal;Septiembre;1.734
48 Bizkaia;Portugal;Octubre;1.884
48 Bizkaia;Portugal;Noviembre;1.433
48 Bizkaia;Portugal;Diciembre;1.006
48 Bizkaia;República Checa;Total;1.430
48 Bizkaia;República Checa;Enero;33
48 Bizkaia;República Checa;Febrero;..
48 Bizkaia;República Checa;Marzo;..
48 Bizkaia;República Checa;Abril;12
48 Bizkaia;República Checa;Mayo;61
48 Bizkaia;República Checa;Junio;52
48 Bizkaia;República Checa;Julio;272
48 Bizkaia;República Checa;Agosto;110
48 Bizkaia;República Checa;Septiembre;308
48 Bizkaia;República Checa;Octubre;227
48 Bizkaia;República Checa;Noviembre;233
48 Bizkaia;República Checa;Diciembre;99
48 Bizkaia;Suecia;Total;2.867
48 Bizkaia;Suecia;Enero;..
48 Bizkaia;Suecia;Febrero;..
48 Bizkaia;Suecia;Marzo;36
48 Bizkaia;Suecia;Abril;77
48 Bizkaia;Suecia;Mayo;90
48 Bizkaia;Suecia;Junio;223
48 Bizkaia;Suecia;Julio;322
48 Bizkaia;Suecia;Agosto;270
48 Bizkaia;Suecia;Septiembre;494
48 Bizkaia;Suecia;Octubre;587
48 Bizkaia;Suecia;Noviembre;406
48 Bizkaia;Suecia;Diciembre;336
48 Bizkaia;Noruega;Total;1.243
48 Bizkaia;Noruega;Enero;60
48 Bizkaia;Noruega;Febrero;67
48 Bizkaia;Noruega;Marzo;39
48 Bizkaia;Noruega;Abril;..
48 Bizkaia;Noruega;Mayo;..
48 Bizkaia;Noruega;Junio;89
48 Bizkaia;Noruega;Julio;97
48 Bizkaia;Noruega;Agosto;102
48 Bizkaia;Noruega;Septiembre;250
48 Bizkaia;Noruega;Octubre;231
48 Bizkaia;Noruega;Noviembre;224
48 Bizkaia;Noruega;Diciembre;47
48 Bizkaia;Reino Unido;Total;15.347
48 Bizkaia;Reino Unido;Enero;80
48 Bizkaia;Reino Unido;Febrero;65
48 Bizkaia;Reino Unido;Marzo;136
48 Bizkaia;Reino Unido;Abril;112
48 Bizkaia;Reino Unido;Mayo;214
48 Bizkaia;Reino Unido;Junio;1.067
48 Bizkaia;Reino Unido;Julio;1.529
48 Bizkaia;Reino Unido;Agosto;2.725
48 Bizkaia;Reino Unido;Septiembre;3.690
48 Bizkaia;Reino Unido;Octubre;3.634
48 Bizkaia;Reino Unido;Noviembre;1.207
48 Bizkaia;Reino Unido;Diciembre;887
48 Bizkaia;Rusia;Total;1.901
48 Bizkaia;Rusia;Enero;39
48 Bizkaia;Rusia;Febrero;31
48 Bizkaia;Rusia;Marzo;50
48 Bizkaia;Rusia;Abril;41
48 Bizkaia;Rusia;Mayo;84
48 Bizkaia;Rusia;Junio;137
48 Bizkaia;Rusia;Julio;293
48 Bizkaia;Rusia;Agosto;367
48 Bizkaia;Rusia;Septiembre;215
48 Bizkaia;Rusia;Octubre;232
48 Bizkaia;Rusia;Noviembre;271
48 Bizkaia;Rusia;Diciembre;143
48 Bizkaia;Suiza;Total;6.148
48 Bizkaia;Suiza;Enero;..
48 Bizkaia;Suiza;Febrero;..
48 Bizkaia;Suiza;Marzo;41
48 Bizkaia;Suiza;Abril;82
48 Bizkaia;Suiza;Mayo;198
48 Bizkaia;Suiza;Junio;467
48 Bizkaia;Suiza;Julio;1.339
48 Bizkaia;Suiza;Agosto;1.239
48 Bizkaia;Suiza;Septiembre;1.193
48 Bizkaia;Suiza;Octubre;1.051
48 Bizkaia;Suiza;Noviembre;314
48 Bizkaia;Suiza;Diciembre;199
48 Bizkaia;Resto de Europa sin U.E.;Total;5.534
48 Bizkaia;Resto de Europa sin U.E.;Enero;192
48 Bizkaia;Resto de Europa sin U.E.;Febrero;194
48 Bizkaia;Resto de Europa sin U.E.;Marzo;491
48 Bizkaia;Resto de Europa sin U.E.;Abril;204
48 Bizkaia;Resto de Europa sin U.E.;Mayo;159
48 Bizkaia;Resto de Europa sin U.E.;Junio;376
48 Bizkaia;Resto de Europa sin U.E.;Julio;586
48 Bizkaia;Resto de Europa sin U.E.;Agosto;696
48 Bizkaia;Resto de Europa sin U.E.;Septiembre;531
48 Bizkaia;Resto de Europa sin U.E.;Octubre;1.131
48 Bizkaia;Resto de Europa sin U.E.;Noviembre;587
48 Bizkaia;Resto de Europa sin U.E.;Diciembre;385
48 Bizkaia;Japón;Total;844
48 Bizkaia;Japón;Enero;..
48 Bizkaia;Japón;Febrero;17
48 Bizkaia;Japón;Marzo;..
48 Bizkaia;Japón;Abril;..
48 Bizkaia;Japón;Mayo;..
48 Bizkaia;Japón;Junio;103
48 Bizkaia;Japón;Julio;56
48 Bizkaia;Japón;Agosto;131
48 Bizkaia;Japón;Septiembre;164
48 Bizkaia;Japón;Octubre;147
48 Bizkaia;Japón;Noviembre;103
48 Bizkaia;Japón;Diciembre;92
48 Bizkaia;República China;Total;1.678
48 Bizkaia;República China;Enero;46
48 Bizkaia;República China;Febrero;36
48 Bizkaia;República China;Marzo;101
48 Bizkaia;República China;Abril;44
48 Bizkaia;República China;Mayo;178
48 Bizkaia;República China;Junio;170
48 Bizkaia;República China;Julio;223
48 Bizkaia;República China;Agosto;261
48 Bizkaia;República China;Septiembre;109
48 Bizkaia;República China;Octubre;162
48 Bizkaia;República China;Noviembre;150
48 Bizkaia;República China;Diciembre;198
48 Bizkaia;Estados Unidos;Total;15.445
48 Bizkaia;Estados Unidos;Enero;67
48 Bizkaia;Estados Unidos;Febrero;40
48 Bizkaia;Estados Unidos;Marzo;198
48 Bizkaia;Estados Unidos;Abril;139
48 Bizkaia;Estados Unidos;Mayo;108
48 Bizkaia;Estados Unidos;Junio;809
48 Bizkaia;Estados Unidos;Julio;2.810
48 Bizkaia;Estados Unidos;Agosto;2.437
48 Bizkaia;Estados Unidos;Septiembre;3.267
48 Bizkaia;Estados Unidos;Octubre;2.828
48 Bizkaia;Estados Unidos;Noviembre;1.687
48 Bizkaia;Estados Unidos;Diciembre;1.055
48 Bizkaia;Resto de América;Total;25.262
48 Bizkaia;Resto de América;Enero;481
48 Bizkaia;Resto de América;Febrero;654
48 Bizkaia;Resto de América;Marzo;938
48 Bizkaia;Resto de América;Abril;905
48 Bizkaia;Resto de América;Mayo;1.185
48 Bizkaia;Resto de América;Junio;1.493
48 Bizkaia;Resto de América;Julio;2.733
48 Bizkaia;Resto de América;Agosto;2.799
48 Bizkaia;Resto de América;Septiembre;3.449
48 Bizkaia;Resto de América;Octubre;4.327
48 Bizkaia;Resto de América;Noviembre;3.352
48 Bizkaia;Resto de América;Diciembre;2.945
48 Bizkaia;Países africanos;Total;3.925
48 Bizkaia;Países africanos;Enero;174
48 Bizkaia;Países africanos;Febrero;244
48 Bizkaia;Países africanos;Marzo;263
48 Bizkaia;Países africanos;Abril;287
48 Bizkaia;Países africanos;Mayo;226
48 Bizkaia;Países africanos;Junio;402
48 Bizkaia;Países africanos;Julio;374
48 Bizkaia;Países africanos;Agosto;307
48 Bizkaia;Países africanos;Septiembre;328
48 Bizkaia;Países africanos;Octubre;512
48 Bizkaia;Países africanos;Noviembre;450
48 Bizkaia;Países africanos;Diciembre;357
09 Burgos;Total;Total;533.282
09 Burgos;Total;Enero;10.272
09 Burgos;Total;Febrero;10.544
09 Burgos;Total;Marzo;14.380
09 Burgos;Total;Abril;17.071
09 Burgos;Total;Mayo;26.604
09 Burgos;Total;Junio;41.505
09 Burgos;Total;Julio;72.342
09 Burgos;Total;Agosto;100.393
09 Burgos;Total;Septiembre;72.458
09 Burgos;Total;Octubre;75.847
09 Burgos;Total;Noviembre;49.873
09 Burgos;Total;Diciembre;41.992
09 Burgos;Residentes en España;Total;406.855
09 Burgos;Residentes en España;Enero;8.271
09 Burgos;Residentes en España;Febrero;9.038
09 Burgos;Residentes en España;Marzo;11.817
09 Burgos;Residentes en España;Abril;15.015
09 Burgos;Residentes en España;Mayo;22.134
09 Burgos;Residentes en España;Junio;33.498
09 Burgos;Residentes en España;Julio;49.947
09 Burgos;Residentes en España;Agosto;77.226
09 Burgos;Residentes en España;Septiembre;51.395
09 Burgos;Residentes en España;Octubre;56.241
09 Burgos;Residentes en España;Noviembre;39.043
09 Burgos;Residentes en España;Diciembre;33.229
09 Burgos;No residentes en España;Total;126.426
09 Burgos;No residentes en España;Enero;2.001
09 Burgos;No residentes en España;Febrero;1.506
09 Burgos;No residentes en España;Marzo;2.562
09 Burgos;No residentes en España;Abril;2.056
09 Burgos;No residentes en España;Mayo;4.470
09 Burgos;No residentes en España;Junio;8.007
09 Burgos;No residentes en España;Julio;22.395
09 Burgos;No residentes en España;Agosto;23.167
09 Burgos;No residentes en España;Septiembre;21.062
09 Burgos;No residentes en España;Octubre;19.605
09 Burgos;No residentes en España;Noviembre;10.830
09 Burgos;No residentes en España;Diciembre;8.763
09 Burgos;Unión Europea 27 (sin España);Total;88.338
09 Burgos;Unión Europea 27 (sin España);Enero;1.521
09 Burgos;Unión Europea 27 (sin España);Febrero;965
09 Burgos;Unión Europea 27 (sin España);Marzo;1.779
09 Burgos;Unión Europea 27 (sin España);Abril;1.396
09 Burgos;Unión Europea 27 (sin España);Mayo;3.367
09 Burgos;Unión Europea 27 (sin España);Junio;5.915
09 Burgos;Unión Europea 27 (sin España);Julio;17.772
09 Burgos;Unión Europea 27 (sin España);Agosto;17.903
09 Burgos;Unión Europea 27 (sin España);Septiembre;13.036
09 Burgos;Unión Europea 27 (sin España);Octubre;12.150
09 Burgos;Unión Europea 27 (sin España);Noviembre;6.816
09 Burgos;Unión Europea 27 (sin España);Diciembre;5.720
09 Burgos;Alemania;Total;7.225
09 Burgos;Alemania;Enero;121
09 Burgos;Alemania;Febrero;40
09 Burgos;Alemania;Marzo;108
09 Burgos;Alemania;Abril;127
09 Burgos;Alemania;Mayo;411
09 Burgos;Alemania;Junio;350
09 Burgos;Alemania;Julio;854
09 Burgos;Alemania;Agosto;1.073
09 Burgos;Alemania;Septiembre;1.664
09 Burgos;Alemania;Octubre;1.265
09 Burgos;Alemania;Noviembre;820
09 Burgos;Alemania;Diciembre;392
09 Burgos;Austria;Total;715
09 Burgos;Austria;Enero;31
09 Burgos;Austria;Febrero;..
09 Burgos;Austria;Marzo;25
09 Burgos;Austria;Abril;..
09 Burgos;Austria;Mayo;42
09 Burgos;Austria;Junio;85
09 Burgos;Austria;Julio;78
09 Burgos;Austria;Agosto;114
09 Burgos;Austria;Septiembre;72
09 Burgos;Austria;Octubre;187
09 Burgos;Austria;Noviembre;70
09 Burgos;Austria;Diciembre;..
09 Burgos;Bélgica;Total;8.126
09 Burgos;Bélgica;Enero;111
09 Burgos;Bélgica;Febrero;65
09 Burgos;Bélgica;Marzo;157
09 Burgos;Bélgica;Abril;127
09 Burgos;Bélgica;Mayo;374
09 Burgos;Bélgica;Junio;586
09 Burgos;Bélgica;Julio;2.373
09 Burgos;Bélgica;Agosto;1.421
09 Burgos;Bélgica;Septiembre;1.116
09 Burgos;Bélgica;Octubre;825
09 Burgos;Bélgica;Noviembre;571
09 Burgos;Bélgica;Diciembre;400
09 Burgos;Dinamarca;Total;708
09 Burgos;Dinamarca;Enero;..
09 Burgos;Dinamarca;Febrero;..
09 Burgos;Dinamarca;Marzo;..
09 Burgos;Dinamarca;Abril;18
09 Burgos;Dinamarca;Mayo;14
09 Burgos;Dinamarca;Junio;51
09 Burgos;Dinamarca;Julio;84
09 Burgos;Dinamarca;Agosto;107
09 Burgos;Dinamarca;Septiembre;211
09 Burgos;Dinamarca;Octubre;150
09 Burgos;Dinamarca;Noviembre;..
09 Burgos;Dinamarca;Diciembre;26
09 Burgos;Finlandia;Total;497
09 Burgos;Finlandia;Enero;130
09 Burgos;Finlandia;Febrero;..
09 Burgos;Finlandia;Marzo;..
09 Burgos;Finlandia;Abril;..
09 Burgos;Finlandia;Mayo;..
09 Burgos;Finlandia;Junio;..
09 Burgos;Finlandia;Julio;..
09 Burgos;Finlandia;Agosto;..
09 Burgos;Finlandia;Septiembre;..
09 Burgos;Finlandia;Octubre;35
09 Burgos;Finlandia;Noviembre;24
09 Burgos;Finlandia;Diciembre;20
09 Burgos;Francia;Total;35.682
09 Burgos;Francia;Enero;411
09 Burgos;Francia;Febrero;340
09 Burgos;Francia;Marzo;559
09 Burgos;Francia;Abril;403
09 Burgos;Francia;Mayo;1.140
09 Burgos;Francia;Junio;2.178
09 Burgos;Francia;Julio;8.299
09 Burgos;Francia;Agosto;8.779
09 Burgos;Francia;Septiembre;4.156
09 Burgos;Francia;Octubre;4.787
09 Burgos;Francia;Noviembre;2.651
09 Burgos;Francia;Diciembre;1.979
09 Burgos;Grecia;Total;121
09 Burgos;Grecia;Enero;..
09 Burgos;Grecia;Febrero;..
09 Burgos;Grecia;Marzo;..
09 Burgos;Grecia;Abril;..
09 Burgos;Grecia;Mayo;..
09 Burgos;Grecia;Junio;..
09 Burgos;Grecia;Julio;..
09 Burgos;Grecia;Agosto;58
09 Burgos;Grecia;Septiembre;..
09 Burgos;Grecia;Octubre;17
09 Burgos;Grecia;Noviembre;..
09 Burgos;Grecia;Diciembre;..
09 Burgos;Irlanda;Total;1.826
09 Burgos;Irlanda;Enero;..
09 Burgos;Irlanda;Febrero;..
09 Burgos;Irlanda;Marzo;39
09 Burgos;Irlanda;Abril;91
09 Burgos;Irlanda;Mayo;45
09 Burgos;Irlanda;Junio;87
09 Burgos;Irlanda;Julio;108
09 Burgos;Irlanda;Agosto;266
09 Burgos;Irlanda;Septiembre;483
09 Burgos;Irlanda;Octubre;418
09 Burgos;Irlanda;Noviembre;148
09 Burgos;Irlanda;Diciembre;112
09 Burgos;Italia;Total;4.576
09 Burgos;Italia;Enero;60
09 Burgos;Italia;Febrero;78
09 Burgos;Italia;Marzo;81
09 Burgos;Italia;Abril;34
09 Burgos;Italia;Mayo;110
09 Burgos;Italia;Junio;358
09 Burgos;Italia;Julio;765
09 Burgos;Italia;Agosto;828
09 Burgos;Italia;Septiembre;810
09 Burgos;Italia;Octubre;635
09 Burgos;Italia;Noviembre;313
09 Burgos;Italia;Diciembre;504
09 Burgos;Luxemburgo;Total;230
09 Burgos;Luxemburgo;Enero;..
09 Burgos;Luxemburgo;Febrero;..
09 Burgos;Luxemburgo;Marzo;..
09 Burgos;Luxemburgo;Abril;..
09 Burgos;Luxemburgo;Mayo;44
09 Burgos;Luxemburgo;Junio;..
09 Burgos;Luxemburgo;Julio;42
09 Burgos;Luxemburgo;Agosto;61
09 Burgos;Luxemburgo;Septiembre;14
09 Burgos;Luxemburgo;Octubre;13
09 Burgos;Luxemburgo;Noviembre;..
09 Burgos;Luxemburgo;Diciembre;..
09 Burgos;Países Bajos;Total;8.177
09 Burgos;Países Bajos;Enero;168
09 Burgos;Países Bajos;Febrero;103
09 Burgos;Países Bajos;Marzo;172
09 Burgos;Países Bajos;Abril;215
09 Burgos;Países Bajos;Mayo;257
09 Burgos;Países Bajos;Junio;411
09 Burgos;Países Bajos;Julio;1.426
09 Burgos;Países Bajos;Agosto;1.733
09 Burgos;Países Bajos;Septiembre;1.390
09 Burgos;Países Bajos;Octubre;1.195
09 Burgos;Países Bajos;Noviembre;614
09 Burgos;Países Bajos;Diciembre;493
09 Burgos;Polonia;Total;1.242
09 Burgos;Polonia;Enero;..
09 Burgos;Polonia;Febrero;..
09 Burgos;Polonia;Marzo;38
09 Burgos;Polonia;Abril;31
09 Burgos;Polonia;Mayo;33
09 Burgos;Polonia;Junio;46
09 Burgos;Polonia;Julio;127
09 Burgos;Polonia;Agosto;289
09 Burgos;Polonia;Septiembre;327
09 Burgos;Polonia;Octubre;103
09 Burgos;Polonia;Noviembre;110
09 Burgos;Polonia;Diciembre;97
09 Burgos;Portugal;Total;14.578
09 Burgos;Portugal;Enero;336
09 Burgos;Portugal;Febrero;235
09 Burgos;Portugal;Marzo;400
09 Burgos;Portugal;Abril;206
09 Burgos;Portugal;Mayo;639
09 Burgos;Portugal;Junio;1.323
09 Burgos;Portugal;Julio;2.953
09 Burgos;Portugal;Agosto;2.642
09 Burgos;Portugal;Septiembre;1.815
09 Burgos;Portugal;Octubre;1.767
09 Burgos;Portugal;Noviembre;882
09 Burgos;Portugal;Diciembre;1.380
09 Burgos;República Checa;Total;773
09 Burgos;República Checa;Enero;..
09 Burgos;República Checa;Febrero;..
09 Burgos;República Checa;Marzo;34
09 Burgos;República Checa;Abril;..
09 Burgos;República Checa;Mayo;..
09 Burgos;República Checa;Junio;49
09 Burgos;República Checa;Julio;122
09 Burgos;República Checa;Agosto;107
09 Burgos;República Checa;Septiembre;152
09 Burgos;República Checa;Octubre;186
09 Burgos;República Checa;Noviembre;42
09 Burgos;República Checa;Diciembre;62
09 Burgos;Suecia;Total;816
09 Burgos;Suecia;Enero;29
09 Burgos;Suecia;Febrero;..
09 Burgos;Suecia;Marzo;15
09 Burgos;Suecia;Abril;..
09 Burgos;Suecia;Mayo;22
09 Burgos;Suecia;Junio;73
09 Burgos;Suecia;Julio;118
09 Burgos;Suecia;Agosto;64
09 Burgos;Suecia;Septiembre;120
09 Burgos;Suecia;Octubre;221
09 Burgos;Suecia;Noviembre;118
09 Burgos;Suecia;Diciembre;14
09 Burgos;Noruega;Total;297
09 Burgos;Noruega;Enero;..
09 Burgos;Noruega;Febrero;..
09 Burgos;Noruega;Marzo;..
09 Burgos;Noruega;Abril;..
09 Burgos;Noruega;Mayo;..
09 Burgos;Noruega;Junio;..
09 Burgos;Noruega;Julio;..
09 Burgos;Noruega;Agosto;..
09 Burgos;Noruega;Septiembre;41
09 Burgos;Noruega;Octubre;149
09 Burgos;Noruega;Noviembre;..
09 Burgos;Noruega;Diciembre;21
09 Burgos;Reino Unido;Total;13.849
09 Burgos;Reino Unido;Enero;234
09 Burgos;Reino Unido;Febrero;290
09 Burgos;Reino Unido;Marzo;365
09 Burgos;Reino Unido;Abril;267
09 Burgos;Reino Unido;Mayo;405
09 Burgos;Reino Unido;Junio;781
09 Burgos;Reino Unido;Julio;1.447
09 Burgos;Reino Unido;Agosto;2.028
09 Burgos;Reino Unido;Septiembre;2.624
09 Burgos;Reino Unido;Octubre;2.883
09 Burgos;Reino Unido;Noviembre;1.568
09 Burgos;Reino Unido;Diciembre;958
09 Burgos;Rusia;Total;573
09 Burgos;Rusia;Enero;..
09 Burgos;Rusia;Febrero;..
09 Burgos;Rusia;Marzo;..
09 Burgos;Rusia;Abril;..
09 Burgos;Rusia;Mayo;..
09 Burgos;Rusia;Junio;22
09 Burgos;Rusia;Julio;81
09 Burgos;Rusia;Agosto;40
09 Burgos;Rusia;Septiembre;98
09 Burgos;Rusia;Octubre;187
09 Burgos;Rusia;Noviembre;75
09 Burgos;Rusia;Diciembre;44
09 Burgos;Suiza;Total;1.955
09 Burgos;Suiza;Enero;32
09 Burgos;Suiza;Febrero;..
09 Burgos;Suiza;Marzo;..
09 Burgos;Suiza;Abril;25
09 Burgos;Suiza;Mayo;69
09 Burgos;Suiza;Junio;71
09 Burgos;Suiza;Julio;415
09 Burgos;Suiza;Agosto;251
09 Burgos;Suiza;Septiembre;490
09 Burgos;Suiza;Octubre;368
09 Burgos;Suiza;Noviembre;113
09 Burgos;Suiza;Diciembre;101
09 Burgos;Resto de Europa sin U.E.;Total;2.251
09 Burgos;Resto de Europa sin U.E.;Enero;..
09 Burgos;Resto de Europa sin U.E.;Febrero;29
09 Burgos;Resto de Europa sin U.E.;Marzo;49
09 Burgos;Resto de Europa sin U.E.;Abril;..
09 Burgos;Resto de Europa sin U.E.;Mayo;100
09 Burgos;Resto de Europa sin U.E.;Junio;188
09 Burgos;Resto de Europa sin U.E.;Julio;448
09 Burgos;Resto de Europa sin U.E.;Agosto;248
09 Burgos;Resto de Europa sin U.E.;Septiembre;429
09 Burgos;Resto de Europa sin U.E.;Octubre;419
09 Burgos;Resto de Europa sin U.E.;Noviembre;204
09 Burgos;Resto de Europa sin U.E.;Diciembre;88
09 Burgos;Japón;Total;398
09 Burgos;Japón;Enero;..
09 Burgos;Japón;Febrero;..
09 Burgos;Japón;Marzo;..
09 Burgos;Japón;Abril;..
09 Burgos;Japón;Mayo;..
09 Burgos;Japón;Junio;20
09 Burgos;Japón;Julio;25
09 Burgos;Japón;Agosto;95
09 Burgos;Japón;Septiembre;83
09 Burgos;Japón;Octubre;65
09 Burgos;Japón;Noviembre;43
09 Burgos;Japón;Diciembre;57
09 Burgos;República China;Total;813
09 Burgos;República China;Enero;36
09 Burgos;República China;Febrero;..
09 Burgos;República China;Marzo;..
09 Burgos;República China;Abril;..
09 Burgos;República China;Mayo;..
09 Burgos;República China;Junio;..
09 Burgos;República China;Julio;91
09 Burgos;República China;Agosto;68
09 Burgos;República China;Septiembre;..
09 Burgos;República China;Octubre;158
09 Burgos;República China;Noviembre;51
09 Burgos;República China;Diciembre;266
09 Burgos;Estados Unidos;Total;5.778
09 Burgos;Estados Unidos;Enero;..
09 Burgos;Estados Unidos;Febrero;..
09 Burgos;Estados Unidos;Marzo;12
09 Burgos;Estados Unidos;Abril;..
09 Burgos;Estados Unidos;Mayo;10
09 Burgos;Estados Unidos;Junio;195
09 Burgos;Estados Unidos;Julio;639
09 Burgos;Estados Unidos;Agosto;654
09 Burgos;Estados Unidos;Septiembre;2.268
09 Burgos;Estados Unidos;Octubre;1.285
09 Burgos;Estados Unidos;Noviembre;384
09 Burgos;Estados Unidos;Diciembre;316
09 Burgos;Resto de América;Total;8.163
09 Burgos;Resto de América;Enero;70
09 Burgos;Resto de América;Febrero;106
09 Burgos;Resto de América;Marzo;204
09 Burgos;Resto de América;Abril;199
09 Burgos;Resto de América;Mayo;345
09 Burgos;Resto de América;Junio;479
09 Burgos;Resto de América;Julio;853
09 Burgos;Resto de América;Agosto;962
09 Burgos;Resto de América;Septiembre;1.424
09 Burgos;Resto de América;Octubre;1.510
09 Burgos;Resto de América;Noviembre;1.114
09 Burgos;Resto de América;Diciembre;897
09 Burgos;Países africanos;Total;1.565
09 Burgos;Países africanos;Enero;..
09 Burgos;Países africanos;Febrero;..
09 Burgos;Países africanos;Marzo;62
09 Burgos;Países africanos;Abril;51
09 Burgos;Países africanos;Mayo;104
09 Burgos;Países africanos;Junio;156
09 Burgos;Países africanos;Julio;187
09 Burgos;Países africanos;Agosto;327
09 Burgos;Países africanos;Septiembre;147
09 Burgos;Países africanos;Octubre;190
09 Burgos;Países africanos;Noviembre;115
09 Burgos;Países africanos;Diciembre;172
10 Cáceres;Total;Total;477.331
10 Cáceres;Total;Enero;6.804
10 Cáceres;Total;Febrero;10.557
10 Cáceres;Total;Marzo;22.273
10 Cáceres;Total;Abril;17.970
10 Cáceres;Total;Mayo;30.694
10 Cáceres;Total;Junio;45.415
10 Cáceres;Total;Julio;59.020
10 Cáceres;Total;Agosto;79.499
10 Cáceres;Total;Septiembre;60.663
10 Cáceres;Total;Octubre;59.765
10 Cáceres;Total;Noviembre;44.963
10 Cáceres;Total;Diciembre;39.707
10 Cáceres;Residentes en España;Total;434.947
10 Cáceres;Residentes en España;Enero;6.296
10 Cáceres;Residentes en España;Febrero;9.931
10 Cáceres;Residentes en España;Marzo;21.470
10 Cáceres;Residentes en España;Abril;16.831
10 Cáceres;Residentes en España;Mayo;28.849
10 Cáceres;Residentes en España;Junio;42.015
10 Cáceres;Residentes en España;Julio;53.845
10 Cáceres;Residentes en España;Agosto;73.891
10 Cáceres;Residentes en España;Septiembre;53.884
10 Cáceres;Residentes en España;Octubre;52.223
10 Cáceres;Residentes en España;Noviembre;39.696
10 Cáceres;Residentes en España;Diciembre;36.017
10 Cáceres;No residentes en España;Total;42.384
10 Cáceres;No residentes en España;Enero;508
10 Cáceres;No residentes en España;Febrero;626
10 Cáceres;No residentes en España;Marzo;802
10 Cáceres;No residentes en España;Abril;1.139
10 Cáceres;No residentes en España;Mayo;1.845
10 Cáceres;No residentes en España;Junio;3.401
10 Cáceres;No residentes en España;Julio;5.175
10 Cáceres;No residentes en España;Agosto;5.608
10 Cáceres;No residentes en España;Septiembre;6.779
10 Cáceres;No residentes en España;Octubre;7.542
10 Cáceres;No residentes en España;Noviembre;5.267
10 Cáceres;No residentes en España;Diciembre;3.691
10 Cáceres;Unión Europea 27 (sin España);Total;28.567
10 Cáceres;Unión Europea 27 (sin España);Enero;303
10 Cáceres;Unión Europea 27 (sin España);Febrero;384
10 Cáceres;Unión Europea 27 (sin España);Marzo;535
10 Cáceres;Unión Europea 27 (sin España);Abril;625
10 Cáceres;Unión Europea 27 (sin España);Mayo;1.286
10 Cáceres;Unión Europea 27 (sin España);Junio;2.354
10 Cáceres;Unión Europea 27 (sin España);Julio;3.609
10 Cáceres;Unión Europea 27 (sin España);Agosto;3.934
10 Cáceres;Unión Europea 27 (sin España);Septiembre;4.583
10 Cáceres;Unión Europea 27 (sin España);Octubre;5.420
10 Cáceres;Unión Europea 27 (sin España);Noviembre;3.393
10 Cáceres;Unión Europea 27 (sin España);Diciembre;2.143
10 Cáceres;Alemania;Total;3.363
10 Cáceres;Alemania;Enero;..
10 Cáceres;Alemania;Febrero;..
10 Cáceres;Alemania;Marzo;37
10 Cáceres;Alemania;Abril;86
10 Cáceres;Alemania;Mayo;131
10 Cáceres;Alemania;Junio;236
10 Cáceres;Alemania;Julio;334
10 Cáceres;Alemania;Agosto;300
10 Cáceres;Alemania;Septiembre;864
10 Cáceres;Alemania;Octubre;801
10 Cáceres;Alemania;Noviembre;358
10 Cáceres;Alemania;Diciembre;193
10 Cáceres;Austria;Total;411
10 Cáceres;Austria;Enero;..
10 Cáceres;Austria;Febrero;..
10 Cáceres;Austria;Marzo;..
10 Cáceres;Austria;Abril;..
10 Cáceres;Austria;Mayo;..
10 Cáceres;Austria;Junio;..
10 Cáceres;Austria;Julio;30
10 Cáceres;Austria;Agosto;..
10 Cáceres;Austria;Septiembre;92
10 Cáceres;Austria;Octubre;230
10 Cáceres;Austria;Noviembre;..
10 Cáceres;Austria;Diciembre;..
10 Cáceres;Bélgica;Total;2.272
10 Cáceres;Bélgica;Enero;34
10 Cáceres;Bélgica;Febrero;..
10 Cáceres;Bélgica;Marzo;..
10 Cáceres;Bélgica;Abril;23
10 Cáceres;Bélgica;Mayo;107
10 Cáceres;Bélgica;Junio;210
10 Cáceres;Bélgica;Julio;302
10 Cáceres;Bélgica;Agosto;264
10 Cáceres;Bélgica;Septiembre;492
10 Cáceres;Bélgica;Octubre;484
10 Cáceres;Bélgica;Noviembre;180
10 Cáceres;Bélgica;Diciembre;164
10 Cáceres;Dinamarca;Total;234
10 Cáceres;Dinamarca;Enero;..
10 Cáceres;Dinamarca;Febrero;..
10 Cáceres;Dinamarca;Marzo;..
10 Cáceres;Dinamarca;Abril;..
10 Cáceres;Dinamarca;Mayo;11
10 Cáceres;Dinamarca;Junio;..
10 Cáceres;Dinamarca;Julio;32
10 Cáceres;Dinamarca;Agosto;41
10 Cáceres;Dinamarca;Septiembre;46
10 Cáceres;Dinamarca;Octubre;27
10 Cáceres;Dinamarca;Noviembre;53
10 Cáceres;Dinamarca;Diciembre;11
10 Cáceres;Finlandia;Total;82
10 Cáceres;Finlandia;Enero;..
10 Cáceres;Finlandia;Febrero;..
10 Cáceres;Finlandia;Marzo;..
10 Cáceres;Finlandia;Abril;..
10 Cáceres;Finlandia;Mayo;..
10 Cáceres;Finlandia;Junio;..
10 Cáceres;Finlandia;Julio;..
10 Cáceres;Finlandia;Agosto;14
10 Cáceres;Finlandia;Septiembre;..
10 Cáceres;Finlandia;Octubre;17
10 Cáceres;Finlandia;Noviembre;..
10 Cáceres;Finlandia;Diciembre;..
10 Cáceres;Francia;Total;7.131
10 Cáceres;Francia;Enero;62
10 Cáceres;Francia;Febrero;42
10 Cáceres;Francia;Marzo;181
10 Cáceres;Francia;Abril;124
10 Cáceres;Francia;Mayo;292
10 Cáceres;Francia;Junio;439
10 Cáceres;Francia;Julio;1.311
10 Cáceres;Francia;Agosto;1.273
10 Cáceres;Francia;Septiembre;1.013
10 Cáceres;Francia;Octubre;1.252
10 Cáceres;Francia;Noviembre;759
10 Cáceres;Francia;Diciembre;382
10 Cáceres;Grecia;Total;59
10 Cáceres;Grecia;Enero;..
10 Cáceres;Grecia;Febrero;..
10 Cáceres;Grecia;Marzo;..
10 Cáceres;Grecia;Abril;..
10 Cáceres;Grecia;Mayo;..
10 Cáceres;Grecia;Junio;..
10 Cáceres;Grecia;Julio;..
10 Cáceres;Grecia;Agosto;..
10 Cáceres;Grecia;Septiembre;..
10 Cáceres;Grecia;Octubre;..
10 Cáceres;Grecia;Noviembre;16
10 Cáceres;Grecia;Diciembre;12
10 Cáceres;Irlanda;Total;780
10 Cáceres;Irlanda;Enero;..
10 Cáceres;Irlanda;Febrero;..
10 Cáceres;Irlanda;Marzo;..
10 Cáceres;Irlanda;Abril;..
10 Cáceres;Irlanda;Mayo;18
10 Cáceres;Irlanda;Junio;151
10 Cáceres;Irlanda;Julio;44
10 Cáceres;Irlanda;Agosto;109
10 Cáceres;Irlanda;Septiembre;125
10 Cáceres;Irlanda;Octubre;203
10 Cáceres;Irlanda;Noviembre;78
10 Cáceres;Irlanda;Diciembre;30
10 Cáceres;Italia;Total;1.892
10 Cáceres;Italia;Enero;18
10 Cáceres;Italia;Febrero;49
10 Cáceres;Italia;Marzo;78
10 Cáceres;Italia;Abril;47
10 Cáceres;Italia;Mayo;105
10 Cáceres;Italia;Junio;99
10 Cáceres;Italia;Julio;194
10 Cáceres;Italia;Agosto;327
10 Cáceres;Italia;Septiembre;302
10 Cáceres;Italia;Octubre;203
10 Cáceres;Italia;Noviembre;277
10 Cáceres;Italia;Diciembre;192
10 Cáceres;Luxemburgo;Total;131
10 Cáceres;Luxemburgo;Enero;..
10 Cáceres;Luxemburgo;Febrero;..
10 Cáceres;Luxemburgo;Marzo;..
10 Cáceres;Luxemburgo;Abril;..
10 Cáceres;Luxemburgo;Mayo;..
10 Cáceres;Luxemburgo;Junio;..
10 Cáceres;Luxemburgo;Julio;..
10 Cáceres;Luxemburgo;Agosto;33
10 Cáceres;Luxemburgo;Septiembre;18
10 Cáceres;Luxemburgo;Octubre;21
10 Cáceres;Luxemburgo;Noviembre;..
10 Cáceres;Luxemburgo;Diciembre;44
10 Cáceres;Países Bajos;Total;2.352
10 Cáceres;Países Bajos;Enero;16
10 Cáceres;Países Bajos;Febrero;19
10 Cáceres;Países Bajos;Marzo;30
10 Cáceres;Países Bajos;Abril;20
10 Cáceres;Países Bajos;Mayo;108
10 Cáceres;Países Bajos;Junio;199
10 Cáceres;Países Bajos;Julio;297
10 Cáceres;Países Bajos;Agosto;214
10 Cáceres;Países Bajos;Septiembre;513
10 Cáceres;Países Bajos;Octubre;438
10 Cáceres;Países Bajos;Noviembre;169
10 Cáceres;Países Bajos;Diciembre;331
10 Cáceres;Polonia;Total;295
10 Cáceres;Polonia;Enero;..
10 Cáceres;Polonia;Febrero;..
10 Cáceres;Polonia;Marzo;..
10 Cáceres;Polonia;Abril;..
10 Cáceres;Polonia;Mayo;40
10 Cáceres;Polonia;Junio;69
10 Cáceres;Polonia;Julio;..
10 Cáceres;Polonia;Agosto;30
10 Cáceres;Polonia;Septiembre;20
10 Cáceres;Polonia;Octubre;..
10 Cáceres;Polonia;Noviembre;58
10 Cáceres;Polonia;Diciembre;53
10 Cáceres;Portugal;Total;8.032
10 Cáceres;Portugal;Enero;140
10 Cáceres;Portugal;Febrero;201
10 Cáceres;Portugal;Marzo;172
10 Cáceres;Portugal;Abril;242
10 Cáceres;Portugal;Mayo;424
10 Cáceres;Portugal;Junio;779
10 Cáceres;Portugal;Julio;864
10 Cáceres;Portugal;Agosto;1.177
10 Cáceres;Portugal;Septiembre;881
10 Cáceres;Portugal;Octubre;1.364
10 Cáceres;Portugal;Noviembre;1.200
10 Cáceres;Portugal;Diciembre;586
10 Cáceres;República Checa;Total;96
10 Cáceres;República Checa;Enero;..
10 Cáceres;República Checa;Febrero;..
10 Cáceres;República Checa;Marzo;..
10 Cáceres;República Checa;Abril;..
10 Cáceres;República Checa;Mayo;..
10 Cáceres;República Checa;Junio;..
10 Cáceres;República Checa;Julio;..
10 Cáceres;República Checa;Agosto;37
10 Cáceres;República Checa;Septiembre;..
10 Cáceres;República Checa;Octubre;36
10 Cáceres;República Checa;Noviembre;18
10 Cáceres;República Checa;Diciembre;..
10 Cáceres;Suecia;Total;284
10 Cáceres;Suecia;Enero;..
10 Cáceres;Suecia;Febrero;..
10 Cáceres;Suecia;Marzo;..
10 Cáceres;Suecia;Abril;..
10 Cáceres;Suecia;Mayo;..
10 Cáceres;Suecia;Junio;..
10 Cáceres;Suecia;Julio;44
10 Cáceres;Suecia;Agosto;..
10 Cáceres;Suecia;Septiembre;77
10 Cáceres;Suecia;Octubre;104
10 Cáceres;Suecia;Noviembre;18
10 Cáceres;Suecia;Diciembre;..
10 Cáceres;Noruega;Total;120
10 Cáceres;Noruega;Enero;..
10 Cáceres;Noruega;Febrero;..
10 Cáceres;Noruega;Marzo;..
10 Cáceres;Noruega;Abril;..
10 Cáceres;Noruega;Mayo;21
10 Cáceres;Noruega;Junio;..
10 Cáceres;Noruega;Julio;..
10 Cáceres;Noruega;Agosto;16
10 Cáceres;Noruega;Septiembre;..
10 Cáceres;Noruega;Octubre;..
10 Cáceres;Noruega;Noviembre;22
10 Cáceres;Noruega;Diciembre;..
10 Cáceres;Reino Unido;Total;3.902
10 Cáceres;Reino Unido;Enero;..
10 Cáceres;Reino Unido;Febrero;22
10 Cáceres;Reino Unido;Marzo;67
10 Cáceres;Reino Unido;Abril;..
10 Cáceres;Reino Unido;Mayo;72
10 Cáceres;Reino Unido;Junio;301
10 Cáceres;Reino Unido;Julio;345
10 Cáceres;Reino Unido;Agosto;668
10 Cáceres;Reino Unido;Septiembre;841
10 Cáceres;Reino Unido;Octubre;740
10 Cáceres;Reino Unido;Noviembre;575
10 Cáceres;Reino Unido;Diciembre;204
10 Cáceres;Rusia;Total;279
10 Cáceres;Rusia;Enero;..
10 Cáceres;Rusia;Febrero;..
10 Cáceres;Rusia;Marzo;..
10 Cáceres;Rusia;Abril;26
10 Cáceres;Rusia;Mayo;..
10 Cáceres;Rusia;Junio;..
10 Cáceres;Rusia;Julio;128
10 Cáceres;Rusia;Agosto;..
10 Cáceres;Rusia;Septiembre;20
10 Cáceres;Rusia;Octubre;23
10 Cáceres;Rusia;Noviembre;34
10 Cáceres;Rusia;Diciembre;..
10 Cáceres;Suiza;Total;772
10 Cáceres;Suiza;Enero;..
10 Cáceres;Suiza;Febrero;..
10 Cáceres;Suiza;Marzo;..
10 Cáceres;Suiza;Abril;..
10 Cáceres;Suiza;Mayo;36
10 Cáceres;Suiza;Junio;91
10 Cáceres;Suiza;Julio;148
10 Cáceres;Suiza;Agosto;79
10 Cáceres;Suiza;Septiembre;151
10 Cáceres;Suiza;Octubre;149
10 Cáceres;Suiza;Noviembre;60
10 Cáceres;Suiza;Diciembre;40
10 Cáceres;Resto de Europa sin U.E.;Total;969
10 Cáceres;Resto de Europa sin U.E.;Enero;..
10 Cáceres;Resto de Europa sin U.E.;Febrero;..
10 Cáceres;Resto de Europa sin U.E.;Marzo;18
10 Cáceres;Resto de Europa sin U.E.;Abril;36
10 Cáceres;Resto de Europa sin U.E.;Mayo;134
10 Cáceres;Resto de Europa sin U.E.;Junio;41
10 Cáceres;Resto de Europa sin U.E.;Julio;93
10 Cáceres;Resto de Europa sin U.E.;Agosto;91
10 Cáceres;Resto de Europa sin U.E.;Septiembre;55
10 Cáceres;Resto de Europa sin U.E.;Octubre;86
10 Cáceres;Resto de Europa sin U.E.;Noviembre;180
10 Cáceres;Resto de Europa sin U.E.;Diciembre;202
10 Cáceres;Japón;Total;64
10 Cáceres;Japón;Enero;..
10 Cáceres;Japón;Febrero;..
10 Cáceres;Japón;Marzo;..
10 Cáceres;Japón;Abril;..
10 Cáceres;Japón;Mayo;..
10 Cáceres;Japón;Junio;..
10 Cáceres;Japón;Julio;..
10 Cáceres;Japón;Agosto;13
10 Cáceres;Japón;Septiembre;..
10 Cáceres;Japón;Octubre;..
10 Cáceres;Japón;Noviembre;..
10 Cáceres;Japón;Diciembre;22
10 Cáceres;República China;Total;339
10 Cáceres;República China;Enero;..
10 Cáceres;República China;Febrero;..
10 Cáceres;República China;Marzo;..
10 Cáceres;República China;Abril;45
10 Cáceres;República China;Mayo;..
10 Cáceres;República China;Junio;22
10 Cáceres;República China;Julio;..
10 Cáceres;República China;Agosto;58
10 Cáceres;República China;Septiembre;21
10 Cáceres;República China;Octubre;32
10 Cáceres;República China;Noviembre;73
10 Cáceres;República China;Diciembre;35
10 Cáceres;Estados Unidos;Total;1.968
10 Cáceres;Estados Unidos;Enero;..
10 Cáceres;Estados Unidos;Febrero;68
10 Cáceres;Estados Unidos;Marzo;..
10 Cáceres;Estados Unidos;Abril;..
10 Cáceres;Estados Unidos;Mayo;77
10 Cáceres;Estados Unidos;Junio;108
10 Cáceres;Estados Unidos;Julio;283
10 Cáceres;Estados Unidos;Agosto;197
10 Cáceres;Estados Unidos;Septiembre;320
10 Cáceres;Estados Unidos;Octubre;222
10 Cáceres;Estados Unidos;Noviembre;273
10 Cáceres;Estados Unidos;Diciembre;379
10 Cáceres;Resto de América;Total;3.985
10 Cáceres;Resto de América;Enero;82
10 Cáceres;Resto de América;Febrero;91
10 Cáceres;Resto de América;Marzo;115
10 Cáceres;Resto de América;Abril;115
10 Cáceres;Resto de América;Mayo;139
10 Cáceres;Resto de América;Junio;300
10 Cáceres;Resto de América;Julio;475
10 Cáceres;Resto de América;Agosto;383
10 Cáceres;Resto de América;Septiembre;705
10 Cáceres;Resto de América;Octubre;659
10 Cáceres;Resto de América;Noviembre;494
10 Cáceres;Resto de América;Diciembre;428
10 Cáceres;Países africanos;Total;415
10 Cáceres;Países africanos;Enero;..
10 Cáceres;Países africanos;Febrero;..
10 Cáceres;Países africanos;Marzo;24
10 Cáceres;Países africanos;Abril;43
10 Cáceres;Países africanos;Mayo;11
10 Cáceres;Países africanos;Junio;118
10 Cáceres;Países africanos;Julio;..
10 Cáceres;Países africanos;Agosto;67
10 Cáceres;Países africanos;Septiembre;15
10 Cáceres;Países africanos;Octubre;45
10 Cáceres;Países africanos;Noviembre;24
10 Cáceres;Países africanos;Diciembre;41
11 Cádiz;Total;Total;1.907.123
11 Cádiz;Total;Enero;27.196
11 Cádiz;Total;Febrero;30.123
11 Cádiz;Total;Marzo;40.397
11 Cádiz;Total;Abril;47.099
11 Cádiz;Total;Mayo;146.286
11 Cádiz;Total;Junio;253.511
11 Cádiz;Total;Julio;338.840
11 Cádiz;Total;Agosto;347.275
11 Cádiz;Total;Septiembre;279.774
11 Cádiz;Total;Octubre;204.948
11 Cádiz;Total;Noviembre;103.726
11 Cádiz;Total;Diciembre;87.948
11 Cádiz;Residentes en España;Total;1.546.305
11 Cádiz;Residentes en España;Enero;23.294
11 Cádiz;Residentes en España;Febrero;25.622
11 Cádiz;Residentes en España;Marzo;33.194
11 Cádiz;Residentes en España;Abril;37.357
11 Cádiz;Residentes en España;Mayo;126.245
11 Cádiz;Residentes en España;Junio;221.857
11 Cádiz;Residentes en España;Julio;288.620
11 Cádiz;Residentes en España;Agosto;295.666
11 Cádiz;Residentes en España;Septiembre;214.846
11 Cádiz;Residentes en España;Octubre;138.206
11 Cádiz;Residentes en España;Noviembre;72.374
11 Cádiz;Residentes en España;Diciembre;69.023
11 Cádiz;No residentes en España;Total;360.818
11 Cádiz;No residentes en España;Enero;3.902
11 Cádiz;No residentes en España;Febrero;4.501
11 Cádiz;No residentes en España;Marzo;7.203
11 Cádiz;No residentes en España;Abril;9.743
11 Cádiz;No residentes en España;Mayo;20.041
11 Cádiz;No residentes en España;Junio;31.653
11 Cádiz;No residentes en España;Julio;50.220
11 Cádiz;No residentes en España;Agosto;51.609
11 Cádiz;No residentes en España;Septiembre;64.928
11 Cádiz;No residentes en España;Octubre;66.742
11 Cádiz;No residentes en España;Noviembre;31.352
11 Cádiz;No residentes en España;Diciembre;18.924
11 Cádiz;Unión Europea 27 (sin España);Total;218.075
11 Cádiz;Unión Europea 27 (sin España);Enero;2.041
11 Cádiz;Unión Europea 27 (sin España);Febrero;1.725
11 Cádiz;Unión Europea 27 (sin España);Marzo;3.035
11 Cádiz;Unión Europea 27 (sin España);Abril;4.158
11 Cádiz;Unión Europea 27 (sin España);Mayo;9.908
11 Cádiz;Unión Europea 27 (sin España);Junio;16.891
11 Cádiz;Unión Europea 27 (sin España);Julio;28.746
11 Cádiz;Unión Europea 27 (sin España);Agosto;34.510
11 Cádiz;Unión Europea 27 (sin España);Septiembre;44.253
11 Cádiz;Unión Europea 27 (sin España);Octubre;43.918
11 Cádiz;Unión Europea 27 (sin España);Noviembre;19.288
11 Cádiz;Unión Europea 27 (sin España);Diciembre;9.603
11 Cádiz;Alemania;Total;70.319
11 Cádiz;Alemania;Enero;326
11 Cádiz;Alemania;Febrero;145
11 Cádiz;Alemania;Marzo;375
11 Cádiz;Alemania;Abril;246
11 Cádiz;Alemania;Mayo;1.560
11 Cádiz;Alemania;Junio;5.096
11 Cádiz;Alemania;Julio;10.245
11 Cádiz;Alemania;Agosto;10.109
11 Cádiz;Alemania;Septiembre;19.101
11 Cádiz;Alemania;Octubre;16.802
11 Cádiz;Alemania;Noviembre;4.314
11 Cádiz;Alemania;Diciembre;2.001
11 Cádiz;Austria;Total;3.679
11 Cádiz;Austria;Enero;20
11 Cádiz;Austria;Febrero;12
11 Cádiz;Austria;Marzo;15
11 Cádiz;Austria;Abril;39
11 Cádiz;Austria;Mayo;162
11 Cádiz;Austria;Junio;267
11 Cádiz;Austria;Julio;550
11 Cádiz;Austria;Agosto;512
11 Cádiz;Austria;Septiembre;741
11 Cádiz;Austria;Octubre;741
11 Cádiz;Austria;Noviembre;452
11 Cádiz;Austria;Diciembre;166
11 Cádiz;Bélgica;Total;10.479
11 Cádiz;Bélgica;Enero;71
11 Cádiz;Bélgica;Febrero;143
11 Cádiz;Bélgica;Marzo;229
11 Cádiz;Bélgica;Abril;140
11 Cádiz;Bélgica;Mayo;451
11 Cádiz;Bélgica;Junio;612
11 Cádiz;Bélgica;Julio;1.850
11 Cádiz;Bélgica;Agosto;1.184
11 Cádiz;Bélgica;Septiembre;2.312
11 Cádiz;Bélgica;Octubre;1.762
11 Cádiz;Bélgica;Noviembre;990
11 Cádiz;Bélgica;Diciembre;735
11 Cádiz;Dinamarca;Total;4.104
11 Cádiz;Dinamarca;Enero;18
11 Cádiz;Dinamarca;Febrero;59
11 Cádiz;Dinamarca;Marzo;76
11 Cádiz;Dinamarca;Abril;59
11 Cádiz;Dinamarca;Mayo;147
11 Cádiz;Dinamarca;Junio;189
11 Cádiz;Dinamarca;Julio;676
11 Cádiz;Dinamarca;Agosto;475
11 Cádiz;Dinamarca;Septiembre;454
11 Cádiz;Dinamarca;Octubre;906
11 Cádiz;Dinamarca;Noviembre;693
11 Cádiz;Dinamarca;Diciembre;352
11 Cádiz;Finlandia;Total;2.091
11 Cádiz;Finlandia;Enero;10
11 Cádiz;Finlandia;Febrero;33
11 Cádiz;Finlandia;Marzo;50
11 Cádiz;Finlandia;Abril;43
11 Cádiz;Finlandia;Mayo;113
11 Cádiz;Finlandia;Junio;138
11 Cádiz;Finlandia;Julio;155
11 Cádiz;Finlandia;Agosto;133
11 Cádiz;Finlandia;Septiembre;446
11 Cádiz;Finlandia;Octubre;386
11 Cádiz;Finlandia;Noviembre;449
11 Cádiz;Finlandia;Diciembre;134
11 Cádiz;Francia;Total;33.605
11 Cádiz;Francia;Enero;231
11 Cádiz;Francia;Febrero;299
11 Cádiz;Francia;Marzo;440
11 Cádiz;Francia;Abril;1.013
11 Cádiz;Francia;Mayo;2.804
11 Cádiz;Francia;Junio;2.494
11 Cádiz;Francia;Julio;3.660
11 Cádiz;Francia;Agosto;6.265
11 Cádiz;Francia;Septiembre;5.630
11 Cádiz;Francia;Octubre;6.330
11 Cádiz;Francia;Noviembre;3.115
11 Cádiz;Francia;Diciembre;1.325
11 Cádiz;Grecia;Total;2.579
11 Cádiz;Grecia;Enero;63
11 Cádiz;Grecia;Febrero;100
11 Cádiz;Grecia;Marzo;344
11 Cádiz;Grecia;Abril;210
11 Cádiz;Grecia;Mayo;109
11 Cádiz;Grecia;Junio;263
11 Cádiz;Grecia;Julio;312
11 Cádiz;Grecia;Agosto;290
11 Cádiz;Grecia;Septiembre;249
11 Cádiz;Grecia;Octubre;257
11 Cádiz;Grecia;Noviembre;283
11 Cádiz;Grecia;Diciembre;100
11 Cádiz;Irlanda;Total;4.149
11 Cádiz;Irlanda;Enero;..
11 Cádiz;Irlanda;Febrero;..
11 Cádiz;Irlanda;Marzo;47
11 Cádiz;Irlanda;Abril;71
11 Cádiz;Irlanda;Mayo;184
11 Cádiz;Irlanda;Junio;374
11 Cádiz;Irlanda;Julio;401
11 Cádiz;Irlanda;Agosto;499
11 Cádiz;Irlanda;Septiembre;1.110
11 Cádiz;Irlanda;Octubre;897
11 Cádiz;Irlanda;Noviembre;430
11 Cádiz;Irlanda;Diciembre;106
11 Cádiz;Italia;Total;21.185
11 Cádiz;Italia;Enero;713
11 Cádiz;Italia;Febrero;326
11 Cádiz;Italia;Marzo;417
11 Cádiz;Italia;Abril;1.098
11 Cádiz;Italia;Mayo;1.127
11 Cádiz;Italia;Junio;1.880
11 Cádiz;Italia;Julio;2.758
11 Cádiz;Italia;Agosto;4.451
11 Cádiz;Italia;Septiembre;2.853
11 Cádiz;Italia;Octubre;2.792
11 Cádiz;Italia;Noviembre;1.703
11 Cádiz;Italia;Diciembre;1.068
11 Cádiz;Luxemburgo;Total;781
11 Cádiz;Luxemburgo;Enero;..
11 Cádiz;Luxemburgo;Febrero;..
11 Cádiz;Luxemburgo;Marzo;..
11 Cádiz;Luxemburgo;Abril;..
11 Cádiz;Luxemburgo;Mayo;64
11 Cádiz;Luxemburgo;Junio;64
11 Cádiz;Luxemburgo;Julio;73
11 Cádiz;Luxemburgo;Agosto;197
11 Cádiz;Luxemburgo;Septiembre;109
11 Cádiz;Luxemburgo;Octubre;113
11 Cádiz;Luxemburgo;Noviembre;60
11 Cádiz;Luxemburgo;Diciembre;84
11 Cádiz;Países Bajos;Total;17.696
11 Cádiz;Países Bajos;Enero;92
11 Cádiz;Países Bajos;Febrero;121
11 Cádiz;Países Bajos;Marzo;183
11 Cádiz;Países Bajos;Abril;224
11 Cádiz;Países Bajos;Mayo;617
11 Cádiz;Países Bajos;Junio;1.390
11 Cádiz;Países Bajos;Julio;1.279
11 Cádiz;Países Bajos;Agosto;2.276
11 Cádiz;Países Bajos;Septiembre;4.092
11 Cádiz;Países Bajos;Octubre;4.337
11 Cádiz;Países Bajos;Noviembre;2.006
11 Cádiz;Países Bajos;Diciembre;1.078
11 Cádiz;Polonia;Total;8.603
11 Cádiz;Polonia;Enero;92
11 Cádiz;Polonia;Febrero;55
11 Cádiz;Polonia;Marzo;170
11 Cádiz;Polonia;Abril;238
11 Cádiz;Polonia;Mayo;329
11 Cádiz;Polonia;Junio;693
11 Cádiz;Polonia;Julio;1.223
11 Cádiz;Polonia;Agosto;1.668
11 Cádiz;Polonia;Septiembre;1.425
11 Cádiz;Polonia;Octubre;1.711
11 Cádiz;Polonia;Noviembre;596
11 Cádiz;Polonia;Diciembre;401
11 Cádiz;Portugal;Total;18.151
11 Cádiz;Portugal;Enero;129
11 Cádiz;Portugal;Febrero;155
11 Cádiz;Portugal;Marzo;243
11 Cádiz;Portugal;Abril;215
11 Cádiz;Portugal;Mayo;1.093
11 Cádiz;Portugal;Junio;1.718
11 Cádiz;Portugal;Julio;2.213
11 Cádiz;Portugal;Agosto;4.182
11 Cádiz;Portugal;Septiembre;2.739
11 Cádiz;Portugal;Octubre;2.970
11 Cádiz;Portugal;Noviembre;2.076
11 Cádiz;Portugal;Diciembre;417
11 Cádiz;República Checa;Total;2.375
11 Cádiz;República Checa;Enero;104
11 Cádiz;República Checa;Febrero;19
11 Cádiz;República Checa;Marzo;35
11 Cádiz;República Checa;Abril;86
11 Cádiz;República Checa;Mayo;63
11 Cádiz;República Checa;Junio;132
11 Cádiz;República Checa;Julio;443
11 Cádiz;República Checa;Agosto;253
11 Cádiz;República Checa;Septiembre;411
11 Cádiz;República Checa;Octubre;323
11 Cádiz;República Checa;Noviembre;232
11 Cádiz;República Checa;Diciembre;275
11 Cádiz;Suecia;Total;5.780
11 Cádiz;Suecia;Enero;28
11 Cádiz;Suecia;Febrero;46
11 Cádiz;Suecia;Marzo;48
11 Cádiz;Suecia;Abril;78
11 Cádiz;Suecia;Mayo;185
11 Cádiz;Suecia;Junio;371
11 Cádiz;Suecia;Julio;766
11 Cádiz;Suecia;Agosto;515
11 Cádiz;Suecia;Septiembre;906
11 Cádiz;Suecia;Octubre;1.779
11 Cádiz;Suecia;Noviembre;662
11 Cádiz;Suecia;Diciembre;395
11 Cádiz;Noruega;Total;2.116
11 Cádiz;Noruega;Enero;..
11 Cádiz;Noruega;Febrero;..
11 Cádiz;Noruega;Marzo;37
11 Cádiz;Noruega;Abril;17
11 Cádiz;Noruega;Mayo;83
11 Cádiz;Noruega;Junio;126
11 Cádiz;Noruega;Julio;464
11 Cádiz;Noruega;Agosto;138
11 Cádiz;Noruega;Septiembre;276
11 Cádiz;Noruega;Octubre;520
11 Cádiz;Noruega;Noviembre;321
11 Cádiz;Noruega;Diciembre;93
11 Cádiz;Reino Unido;Total;48.557
11 Cádiz;Reino Unido;Enero;211
11 Cádiz;Reino Unido;Febrero;313
11 Cádiz;Reino Unido;Marzo;1.020
11 Cádiz;Reino Unido;Abril;1.987
11 Cádiz;Reino Unido;Mayo;4.076
11 Cádiz;Reino Unido;Junio;5.751
11 Cádiz;Reino Unido;Julio;7.515
11 Cádiz;Reino Unido;Agosto;5.979
11 Cádiz;Reino Unido;Septiembre;7.881
11 Cádiz;Reino Unido;Octubre;8.508
11 Cádiz;Reino Unido;Noviembre;3.506
11 Cádiz;Reino Unido;Diciembre;1.809
11 Cádiz;Rusia;Total;3.778
11 Cádiz;Rusia;Enero;49
11 Cádiz;Rusia;Febrero;54
11 Cádiz;Rusia;Marzo;188
11 Cádiz;Rusia;Abril;59
11 Cádiz;Rusia;Mayo;189
11 Cádiz;Rusia;Junio;667
11 Cádiz;Rusia;Julio;603
11 Cádiz;Rusia;Agosto;460
11 Cádiz;Rusia;Septiembre;394
11 Cádiz;Rusia;Octubre;601
11 Cádiz;Rusia;Noviembre;211
11 Cádiz;Rusia;Diciembre;304
11 Cádiz;Suiza;Total;10.555
11 Cádiz;Suiza;Enero;26
11 Cádiz;Suiza;Febrero;24
11 Cádiz;Suiza;Marzo;64
11 Cádiz;Suiza;Abril;362
11 Cádiz;Suiza;Mayo;574
11 Cádiz;Suiza;Junio;1.069
11 Cádiz;Suiza;Julio;1.706
11 Cádiz;Suiza;Agosto;1.047
11 Cádiz;Suiza;Septiembre;1.943
11 Cádiz;Suiza;Octubre;2.453
11 Cádiz;Suiza;Noviembre;818
11 Cádiz;Suiza;Diciembre;470
11 Cádiz;Resto de Europa sin U.E.;Total;14.450
11 Cádiz;Resto de Europa sin U.E.;Enero;233
11 Cádiz;Resto de Europa sin U.E.;Febrero;153
11 Cádiz;Resto de Europa sin U.E.;Marzo;625
11 Cádiz;Resto de Europa sin U.E.;Abril;793
11 Cádiz;Resto de Europa sin U.E.;Mayo;667
11 Cádiz;Resto de Europa sin U.E.;Junio;1.822
11 Cádiz;Resto de Europa sin U.E.;Julio;1.868
11 Cádiz;Resto de Europa sin U.E.;Agosto;1.345
11 Cádiz;Resto de Europa sin U.E.;Septiembre;2.434
11 Cádiz;Resto de Europa sin U.E.;Octubre;2.397
11 Cádiz;Resto de Europa sin U.E.;Noviembre;868
11 Cádiz;Resto de Europa sin U.E.;Diciembre;1.244
11 Cádiz;Japón;Total;627
11 Cádiz;Japón;Enero;12
11 Cádiz;Japón;Febrero;14
11 Cádiz;Japón;Marzo;37
11 Cádiz;Japón;Abril;112
11 Cádiz;Japón;Mayo;25
11 Cádiz;Japón;Junio;23
11 Cádiz;Japón;Julio;25
11 Cádiz;Japón;Agosto;150
11 Cádiz;Japón;Septiembre;82
11 Cádiz;Japón;Octubre;54
11 Cádiz;Japón;Noviembre;45
11 Cádiz;Japón;Diciembre;49
11 Cádiz;República China;Total;1.295
11 Cádiz;República China;Enero;57
11 Cádiz;República China;Febrero;13
11 Cádiz;República China;Marzo;159
11 Cádiz;República China;Abril;58
11 Cádiz;República China;Mayo;86
11 Cádiz;República China;Junio;107
11 Cádiz;República China;Julio;176
11 Cádiz;República China;Agosto;171
11 Cádiz;República China;Septiembre;102
11 Cádiz;República China;Octubre;133
11 Cádiz;República China;Noviembre;111
11 Cádiz;República China;Diciembre;123
11 Cádiz;Estados Unidos;Total;25.419
11 Cádiz;Estados Unidos;Enero;528
11 Cádiz;Estados Unidos;Febrero;1.304
11 Cádiz;Estados Unidos;Marzo;627
11 Cádiz;Estados Unidos;Abril;924
11 Cádiz;Estados Unidos;Mayo;2.388
11 Cádiz;Estados Unidos;Junio;2.465
11 Cádiz;Estados Unidos;Julio;3.261
11 Cádiz;Estados Unidos;Agosto;2.602
11 Cádiz;Estados Unidos;Septiembre;2.620
11 Cádiz;Estados Unidos;Octubre;3.553
11 Cádiz;Estados Unidos;Noviembre;2.582
11 Cádiz;Estados Unidos;Diciembre;2.565
11 Cádiz;Resto de América;Total;14.760
11 Cádiz;Resto de América;Enero;242
11 Cádiz;Resto de América;Febrero;150
11 Cádiz;Resto de América;Marzo;359
11 Cádiz;Resto de América;Abril;424
11 Cádiz;Resto de América;Mayo;788
11 Cádiz;Resto de América;Junio;1.081
11 Cádiz;Resto de América;Julio;2.328
11 Cádiz;Resto de América;Agosto;2.470
11 Cádiz;Resto de América;Septiembre;2.474
11 Cádiz;Resto de América;Octubre;2.103
11 Cádiz;Resto de América;Noviembre;1.460
11 Cádiz;Resto de América;Diciembre;882
11 Cádiz;Países africanos;Total;5.675
11 Cádiz;Países africanos;Enero;186
11 Cádiz;Países africanos;Febrero;345
11 Cádiz;Países africanos;Marzo;239
11 Cádiz;Países africanos;Abril;229
11 Cádiz;Países africanos;Mayo;315
11 Cádiz;Países africanos;Junio;408
11 Cádiz;Países africanos;Julio;811
11 Cádiz;Países africanos;Agosto;606
11 Cádiz;Países africanos;Septiembre;721
11 Cádiz;Países africanos;Octubre;776
11 Cádiz;Países africanos;Noviembre;567
11 Cádiz;Países africanos;Diciembre;472
39 Cantabria;Total;Total;907.809
39 Cantabria;Total;Enero;14.977
39 Cantabria;Total;Febrero;17.753
39 Cantabria;Total;Marzo;18.049
39 Cantabria;Total;Abril;17.641
39 Cantabria;Total;Mayo;40.479
39 Cantabria;Total;Junio;94.305
39 Cantabria;Total;Julio;161.722
39 Cantabria;Total;Agosto;198.935
39 Cantabria;Total;Septiembre;142.474
39 Cantabria;Total;Octubre;103.960
39 Cantabria;Total;Noviembre;54.137
39 Cantabria;Total;Diciembre;43.377
39 Cantabria;Residentes en España;Total;779.318
39 Cantabria;Residentes en España;Enero;13.683
39 Cantabria;Residentes en España;Febrero;16.225
39 Cantabria;Residentes en España;Marzo;16.481
39 Cantabria;Residentes en España;Abril;15.971
39 Cantabria;Residentes en España;Mayo;36.882
39 Cantabria;Residentes en España;Junio;84.606
39 Cantabria;Residentes en España;Julio;140.488
39 Cantabria;Residentes en España;Agosto;174.182
39 Cantabria;Residentes en España;Septiembre;114.827
39 Cantabria;Residentes en España;Octubre;83.428
39 Cantabria;Residentes en España;Noviembre;45.734
39 Cantabria;Residentes en España;Diciembre;36.811
39 Cantabria;No residentes en España;Total;128.491
39 Cantabria;No residentes en España;Enero;1.293
39 Cantabria;No residentes en España;Febrero;1.528
39 Cantabria;No residentes en España;Marzo;1.569
39 Cantabria;No residentes en España;Abril;1.670
39 Cantabria;No residentes en España;Mayo;3.597
39 Cantabria;No residentes en España;Junio;9.699
39 Cantabria;No residentes en España;Julio;21.235
39 Cantabria;No residentes en España;Agosto;24.753
39 Cantabria;No residentes en España;Septiembre;27.647
39 Cantabria;No residentes en España;Octubre;20.532
39 Cantabria;No residentes en España;Noviembre;8.404
39 Cantabria;No residentes en España;Diciembre;6.565
39 Cantabria;Unión Europea 27 (sin España);Total;68.449
39 Cantabria;Unión Europea 27 (sin España);Enero;579
39 Cantabria;Unión Europea 27 (sin España);Febrero;614
39 Cantabria;Unión Europea 27 (sin España);Marzo;659
39 Cantabria;Unión Europea 27 (sin España);Abril;739
39 Cantabria;Unión Europea 27 (sin España);Mayo;1.985
39 Cantabria;Unión Europea 27 (sin España);Junio;5.235
39 Cantabria;Unión Europea 27 (sin España);Julio;11.188
39 Cantabria;Unión Europea 27 (sin España);Agosto;14.134
39 Cantabria;Unión Europea 27 (sin España);Septiembre;14.357
39 Cantabria;Unión Europea 27 (sin España);Octubre;11.362
39 Cantabria;Unión Europea 27 (sin España);Noviembre;4.291
39 Cantabria;Unión Europea 27 (sin España);Diciembre;3.307
39 Cantabria;Alemania;Total;7.200
39 Cantabria;Alemania;Enero;65
39 Cantabria;Alemania;Febrero;42
39 Cantabria;Alemania;Marzo;62
39 Cantabria;Alemania;Abril;44
39 Cantabria;Alemania;Mayo;187
39 Cantabria;Alemania;Junio;523
39 Cantabria;Alemania;Julio;1.122
39 Cantabria;Alemania;Agosto;1.327
39 Cantabria;Alemania;Septiembre;1.998
39 Cantabria;Alemania;Octubre;1.196
39 Cantabria;Alemania;Noviembre;361
39 Cantabria;Alemania;Diciembre;273
39 Cantabria;Austria;Total;1.057
39 Cantabria;Austria;Enero;..
39 Cantabria;Austria;Febrero;..
39 Cantabria;Austria;Marzo;20
39 Cantabria;Austria;Abril;..
39 Cantabria;Austria;Mayo;..
39 Cantabria;Austria;Junio;92
39 Cantabria;Austria;Julio;199
39 Cantabria;Austria;Agosto;242
39 Cantabria;Austria;Septiembre;190
39 Cantabria;Austria;Octubre;104
39 Cantabria;Austria;Noviembre;109
39 Cantabria;Austria;Diciembre;75
39 Cantabria;Bélgica;Total;4.494
39 Cantabria;Bélgica;Enero;..
39 Cantabria;Bélgica;Febrero;24
39 Cantabria;Bélgica;Marzo;..
39 Cantabria;Bélgica;Abril;16
39 Cantabria;Bélgica;Mayo;86
39 Cantabria;Bélgica;Junio;252
39 Cantabria;Bélgica;Julio;958
39 Cantabria;Bélgica;Agosto;839
39 Cantabria;Bélgica;Septiembre;1.125
39 Cantabria;Bélgica;Octubre;780
39 Cantabria;Bélgica;Noviembre;194
39 Cantabria;Bélgica;Diciembre;199
39 Cantabria;Dinamarca;Total;809
39 Cantabria;Dinamarca;Enero;..
39 Cantabria;Dinamarca;Febrero;..
39 Cantabria;Dinamarca;Marzo;..
39 Cantabria;Dinamarca;Abril;11
39 Cantabria;Dinamarca;Mayo;..
39 Cantabria;Dinamarca;Junio;76
39 Cantabria;Dinamarca;Julio;209
39 Cantabria;Dinamarca;Agosto;183
39 Cantabria;Dinamarca;Septiembre;216
39 Cantabria;Dinamarca;Octubre;61
39 Cantabria;Dinamarca;Noviembre;23
39 Cantabria;Dinamarca;Diciembre;24
39 Cantabria;Finlandia;Total;348
39 Cantabria;Finlandia;Enero;..
39 Cantabria;Finlandia;Febrero;..
39 Cantabria;Finlandia;Marzo;15
39 Cantabria;Finlandia;Abril;..
39 Cantabria;Finlandia;Mayo;10
39 Cantabria;Finlandia;Junio;20
39 Cantabria;Finlandia;Julio;18
39 Cantabria;Finlandia;Agosto;75
39 Cantabria;Finlandia;Septiembre;55
39 Cantabria;Finlandia;Octubre;113
39 Cantabria;Finlandia;Noviembre;22
39 Cantabria;Finlandia;Diciembre;14
39 Cantabria;Francia;Total;21.711
39 Cantabria;Francia;Enero;152
39 Cantabria;Francia;Febrero;122
39 Cantabria;Francia;Marzo;149
39 Cantabria;Francia;Abril;243
39 Cantabria;Francia;Mayo;697
39 Cantabria;Francia;Junio;1.478
39 Cantabria;Francia;Julio;3.535
39 Cantabria;Francia;Agosto;4.291
39 Cantabria;Francia;Septiembre;4.844
39 Cantabria;Francia;Octubre;3.553
39 Cantabria;Francia;Noviembre;1.307
39 Cantabria;Francia;Diciembre;1.340
39 Cantabria;Grecia;Total;274
39 Cantabria;Grecia;Enero;..
39 Cantabria;Grecia;Febrero;..
39 Cantabria;Grecia;Marzo;..
39 Cantabria;Grecia;Abril;..
39 Cantabria;Grecia;Mayo;..
39 Cantabria;Grecia;Junio;76
39 Cantabria;Grecia;Julio;36
39 Cantabria;Grecia;Agosto;63
39 Cantabria;Grecia;Septiembre;..
39 Cantabria;Grecia;Octubre;39
39 Cantabria;Grecia;Noviembre;16
39 Cantabria;Grecia;Diciembre;14
39 Cantabria;Irlanda;Total;3.191
39 Cantabria;Irlanda;Enero;..
39 Cantabria;Irlanda;Febrero;..
39 Cantabria;Irlanda;Marzo;39
39 Cantabria;Irlanda;Abril;15
39 Cantabria;Irlanda;Mayo;34
39 Cantabria;Irlanda;Junio;104
39 Cantabria;Irlanda;Julio;279
39 Cantabria;Irlanda;Agosto;289
39 Cantabria;Irlanda;Septiembre;1.015
39 Cantabria;Irlanda;Octubre;892
39 Cantabria;Irlanda;Noviembre;420
39 Cantabria;Irlanda;Diciembre;82
39 Cantabria;Italia;Total;7.048
39 Cantabria;Italia;Enero;108
39 Cantabria;Italia;Febrero;130
39 Cantabria;Italia;Marzo;89
39 Cantabria;Italia;Abril;162
39 Cantabria;Italia;Mayo;215
39 Cantabria;Italia;Junio;499
39 Cantabria;Italia;Julio;1.014
39 Cantabria;Italia;Agosto;1.824
39 Cantabria;Italia;Septiembre;1.332
39 Cantabria;Italia;Octubre;959
39 Cantabria;Italia;Noviembre;449
39 Cantabria;Italia;Diciembre;266
39 Cantabria;Luxemburgo;Total;261
39 Cantabria;Luxemburgo;Enero;..
39 Cantabria;Luxemburgo;Febrero;..
39 Cantabria;Luxemburgo;Marzo;..
39 Cantabria;Luxemburgo;Abril;..
39 Cantabria;Luxemburgo;Mayo;..
39 Cantabria;Luxemburgo;Junio;..
39 Cantabria;Luxemburgo;Julio;60
39 Cantabria;Luxemburgo;Agosto;84
39 Cantabria;Luxemburgo;Septiembre;76
39 Cantabria;Luxemburgo;Octubre;..
39 Cantabria;Luxemburgo;Noviembre;17
39 Cantabria;Luxemburgo;Diciembre;..
39 Cantabria;Países Bajos;Total;4.586
39 Cantabria;Países Bajos;Enero;..
39 Cantabria;Países Bajos;Febrero;..
39 Cantabria;Países Bajos;Marzo;31
39 Cantabria;Países Bajos;Abril;24
39 Cantabria;Países Bajos;Mayo;96
39 Cantabria;Países Bajos;Junio;365
39 Cantabria;Países Bajos;Julio;789
39 Cantabria;Países Bajos;Agosto;1.117
39 Cantabria;Países Bajos;Septiembre;1.262
39 Cantabria;Países Bajos;Octubre;630
39 Cantabria;Países Bajos;Noviembre;199
39 Cantabria;Países Bajos;Diciembre;46
39 Cantabria;Polonia;Total;3.030
39 Cantabria;Polonia;Enero;11
39 Cantabria;Polonia;Febrero;18
39 Cantabria;Polonia;Marzo;11
39 Cantabria;Polonia;Abril;10
39 Cantabria;Polonia;Mayo;75
39 Cantabria;Polonia;Junio;215
39 Cantabria;Polonia;Julio;357
39 Cantabria;Polonia;Agosto;977
39 Cantabria;Polonia;Septiembre;334
39 Cantabria;Polonia;Octubre;353
39 Cantabria;Polonia;Noviembre;327
39 Cantabria;Polonia;Diciembre;343
39 Cantabria;Portugal;Total;7.924
39 Cantabria;Portugal;Enero;96
39 Cantabria;Portugal;Febrero;148
39 Cantabria;Portugal;Marzo;129
39 Cantabria;Portugal;Abril;102
39 Cantabria;Portugal;Mayo;286
39 Cantabria;Portugal;Junio;1.076
39 Cantabria;Portugal;Julio;1.280
39 Cantabria;Portugal;Agosto;1.503
39 Cantabria;Portugal;Septiembre;1.022
39 Cantabria;Portugal;Octubre;1.455
39 Cantabria;Portugal;Noviembre;424
39 Cantabria;Portugal;Diciembre;404
39 Cantabria;República Checa;Total;1.298
39 Cantabria;República Checa;Enero;..
39 Cantabria;República Checa;Febrero;21
39 Cantabria;República Checa;Marzo;..
39 Cantabria;República Checa;Abril;..
39 Cantabria;República Checa;Mayo;..
39 Cantabria;República Checa;Junio;78
39 Cantabria;República Checa;Julio;418
39 Cantabria;República Checa;Agosto;82
39 Cantabria;República Checa;Septiembre;94
39 Cantabria;República Checa;Octubre;498
39 Cantabria;República Checa;Noviembre;45
39 Cantabria;República Checa;Diciembre;26
39 Cantabria;Suecia;Total;746
39 Cantabria;Suecia;Enero;..
39 Cantabria;Suecia;Febrero;16
39 Cantabria;Suecia;Marzo;..
39 Cantabria;Suecia;Abril;..
39 Cantabria;Suecia;Mayo;..
39 Cantabria;Suecia;Junio;23
39 Cantabria;Suecia;Julio;126
39 Cantabria;Suecia;Agosto;130
39 Cantabria;Suecia;Septiembre;127
39 Cantabria;Suecia;Octubre;242
39 Cantabria;Suecia;Noviembre;63
39 Cantabria;Suecia;Diciembre;..
39 Cantabria;Noruega;Total;244
39 Cantabria;Noruega;Enero;..
39 Cantabria;Noruega;Febrero;..
39 Cantabria;Noruega;Marzo;..
39 Cantabria;Noruega;Abril;..
39 Cantabria;Noruega;Mayo;..
39 Cantabria;Noruega;Junio;..
39 Cantabria;Noruega;Julio;48
39 Cantabria;Noruega;Agosto;64
39 Cantabria;Noruega;Septiembre;28
39 Cantabria;Noruega;Octubre;71
39 Cantabria;Noruega;Noviembre;12
39 Cantabria;Noruega;Diciembre;..
39 Cantabria;Reino Unido;Total;16.093
39 Cantabria;Reino Unido;Enero;110
39 Cantabria;Reino Unido;Febrero;229
39 Cantabria;Reino Unido;Marzo;289
39 Cantabria;Reino Unido;Abril;181
39 Cantabria;Reino Unido;Mayo;294
39 Cantabria;Reino Unido;Junio;1.050
39 Cantabria;Reino Unido;Julio;1.391
39 Cantabria;Reino Unido;Agosto;2.165
39 Cantabria;Reino Unido;Septiembre;5.074
39 Cantabria;Reino Unido;Octubre;3.467
39 Cantabria;Reino Unido;Noviembre;1.185
39 Cantabria;Reino Unido;Diciembre;657
39 Cantabria;Rusia;Total;710
39 Cantabria;Rusia;Enero;43
39 Cantabria;Rusia;Febrero;11
39 Cantabria;Rusia;Marzo;33
39 Cantabria;Rusia;Abril;22
39 Cantabria;Rusia;Mayo;48
39 Cantabria;Rusia;Junio;32
39 Cantabria;Rusia;Julio;117
39 Cantabria;Rusia;Agosto;148
39 Cantabria;Rusia;Septiembre;51
39 Cantabria;Rusia;Octubre;127
39 Cantabria;Rusia;Noviembre;52
39 Cantabria;Rusia;Diciembre;26
39 Cantabria;Suiza;Total;2.012
39 Cantabria;Suiza;Enero;..
39 Cantabria;Suiza;Febrero;..
39 Cantabria;Suiza;Marzo;..
39 Cantabria;Suiza;Abril;22
39 Cantabria;Suiza;Mayo;66
39 Cantabria;Suiza;Junio;202
39 Cantabria;Suiza;Julio;654
39 Cantabria;Suiza;Agosto;371
39 Cantabria;Suiza;Septiembre;368
39 Cantabria;Suiza;Octubre;202
39 Cantabria;Suiza;Noviembre;59
39 Cantabria;Suiza;Diciembre;60
39 Cantabria;Resto de Europa sin U.E.;Total;2.941
39 Cantabria;Resto de Europa sin U.E.;Enero;119
39 Cantabria;Resto de Europa sin U.E.;Febrero;81
39 Cantabria;Resto de Europa sin U.E.;Marzo;45
39 Cantabria;Resto de Europa sin U.E.;Abril;42
39 Cantabria;Resto de Europa sin U.E.;Mayo;90
39 Cantabria;Resto de Europa sin U.E.;Junio;136
39 Cantabria;Resto de Europa sin U.E.;Julio;580
39 Cantabria;Resto de Europa sin U.E.;Agosto;395
39 Cantabria;Resto de Europa sin U.E.;Septiembre;469
39 Cantabria;Resto de Europa sin U.E.;Octubre;523
39 Cantabria;Resto de Europa sin U.E.;Noviembre;321
39 Cantabria;Resto de Europa sin U.E.;Diciembre;139
39 Cantabria;Japón;Total;186
39 Cantabria;Japón;Enero;..
39 Cantabria;Japón;Febrero;..
39 Cantabria;Japón;Marzo;..
39 Cantabria;Japón;Abril;..
39 Cantabria;Japón;Mayo;..
39 Cantabria;Japón;Junio;35
39 Cantabria;Japón;Julio;35
39 Cantabria;Japón;Agosto;20
39 Cantabria;Japón;Septiembre;..
39 Cantabria;Japón;Octubre;20
39 Cantabria;Japón;Noviembre;..
39 Cantabria;Japón;Diciembre;48
39 Cantabria;República China;Total;532
39 Cantabria;República China;Enero;12
39 Cantabria;República China;Febrero;..
39 Cantabria;República China;Marzo;..
39 Cantabria;República China;Abril;..
39 Cantabria;República China;Mayo;16
39 Cantabria;República China;Junio;54
39 Cantabria;República China;Julio;83
39 Cantabria;República China;Agosto;91
39 Cantabria;República China;Septiembre;53
39 Cantabria;República China;Octubre;56
39 Cantabria;República China;Noviembre;48
39 Cantabria;República China;Diciembre;88
39 Cantabria;Estados Unidos;Total;5.060
39 Cantabria;Estados Unidos;Enero;13
39 Cantabria;Estados Unidos;Febrero;13
39 Cantabria;Estados Unidos;Marzo;29
39 Cantabria;Estados Unidos;Abril;11
39 Cantabria;Estados Unidos;Mayo;46
39 Cantabria;Estados Unidos;Junio;304
39 Cantabria;Estados Unidos;Julio;895
39 Cantabria;Estados Unidos;Agosto;772
39 Cantabria;Estados Unidos;Septiembre;1.281
39 Cantabria;Estados Unidos;Octubre;1.047
39 Cantabria;Estados Unidos;Noviembre;305
39 Cantabria;Estados Unidos;Diciembre;344
39 Cantabria;Resto de América;Total;12.983
39 Cantabria;Resto de América;Enero;122
39 Cantabria;Resto de América;Febrero;157
39 Cantabria;Resto de América;Marzo;187
39 Cantabria;Resto de América;Abril;212
39 Cantabria;Resto de América;Mayo;504
39 Cantabria;Resto de América;Junio;810
39 Cantabria;Resto de América;Julio;2.213
39 Cantabria;Resto de América;Agosto;1.767
39 Cantabria;Resto de América;Septiembre;2.553
39 Cantabria;Resto de América;Octubre;2.208
39 Cantabria;Resto de América;Noviembre;1.220
39 Cantabria;Resto de América;Diciembre;1.030
39 Cantabria;Países africanos;Total;832
39 Cantabria;Países africanos;Enero;15
39 Cantabria;Países africanos;Febrero;19
39 Cantabria;Países africanos;Marzo;50
39 Cantabria;Países africanos;Abril;22
39 Cantabria;Países africanos;Mayo;23
39 Cantabria;Países africanos;Junio;42
39 Cantabria;Países africanos;Julio;93
39 Cantabria;Países africanos;Agosto;88
39 Cantabria;Países africanos;Septiembre;126
39 Cantabria;Países africanos;Octubre;120
39 Cantabria;Países africanos;Noviembre;73
39 Cantabria;Países africanos;Diciembre;161
12 Castellón/Castelló;Total;Total;858.374
12 Castellón/Castelló;Total;Enero;11.164
12 Castellón/Castelló;Total;Febrero;11.053
12 Castellón/Castelló;Total;Marzo;22.876
12 Castellón/Castelló;Total;Abril;31.120
12 Castellón/Castelló;Total;Mayo;47.304
12 Castellón/Castelló;Total;Junio;107.882
12 Castellón/Castelló;Total;Julio;149.770
12 Castellón/Castelló;Total;Agosto;174.798
12 Castellón/Castelló;Total;Septiembre;118.304
12 Castellón/Castelló;Total;Octubre;91.074
12 Castellón/Castelló;Total;Noviembre;51.616
12 Castellón/Castelló;Total;Diciembre;41.413
12 Castellón/Castelló;Residentes en España;Total;756.463
12 Castellón/Castelló;Residentes en España;Enero;8.889
12 Castellón/Castelló;Residentes en España;Febrero;9.463
12 Castellón/Castelló;Residentes en España;Marzo;20.098
12 Castellón/Castelló;Residentes en España;Abril;28.043
12 Castellón/Castelló;Residentes en España;Mayo;41.582
12 Castellón/Castelló;Residentes en España;Junio;99.185
12 Castellón/Castelló;Residentes en España;Julio;136.502
12 Castellón/Castelló;Residentes en España;Agosto;158.857
12 Castellón/Castelló;Residentes en España;Septiembre;101.612
12 Castellón/Castelló;Residentes en España;Octubre;76.431
12 Castellón/Castelló;Residentes en España;Noviembre;41.782
12 Castellón/Castelló;Residentes en España;Diciembre;34.020
12 Castellón/Castelló;No residentes en España;Total;101.911
12 Castellón/Castelló;No residentes en España;Enero;2.275
12 Castellón/Castelló;No residentes en España;Febrero;1.590
12 Castellón/Castelló;No residentes en España;Marzo;2.779
12 Castellón/Castelló;No residentes en España;Abril;3.077
12 Castellón/Castelló;No residentes en España;Mayo;5.722
12 Castellón/Castelló;No residentes en España;Junio;8.697
12 Castellón/Castelló;No residentes en España;Julio;13.267
12 Castellón/Castelló;No residentes en España;Agosto;15.941
12 Castellón/Castelló;No residentes en España;Septiembre;16.693
12 Castellón/Castelló;No residentes en España;Octubre;14.643
12 Castellón/Castelló;No residentes en España;Noviembre;9.834
12 Castellón/Castelló;No residentes en España;Diciembre;7.393
12 Castellón/Castelló;Unión Europea 27 (sin España);Total;67.817
12 Castellón/Castelló;Unión Europea 27 (sin España);Enero;1.476
12 Castellón/Castelló;Unión Europea 27 (sin España);Febrero;981
12 Castellón/Castelló;Unión Europea 27 (sin España);Marzo;1.781
12 Castellón/Castelló;Unión Europea 27 (sin España);Abril;1.843
12 Castellón/Castelló;Unión Europea 27 (sin España);Mayo;3.581
12 Castellón/Castelló;Unión Europea 27 (sin España);Junio;5.666
12 Castellón/Castelló;Unión Europea 27 (sin España);Julio;8.970
12 Castellón/Castelló;Unión Europea 27 (sin España);Agosto;11.035
12 Castellón/Castelló;Unión Europea 27 (sin España);Septiembre;12.325
12 Castellón/Castelló;Unión Europea 27 (sin España);Octubre;10.162
12 Castellón/Castelló;Unión Europea 27 (sin España);Noviembre;5.837
12 Castellón/Castelló;Unión Europea 27 (sin España);Diciembre;4.162
12 Castellón/Castelló;Alemania;Total;6.404
12 Castellón/Castelló;Alemania;Enero;76
12 Castellón/Castelló;Alemania;Febrero;74
12 Castellón/Castelló;Alemania;Marzo;168
12 Castellón/Castelló;Alemania;Abril;230
12 Castellón/Castelló;Alemania;Mayo;441
12 Castellón/Castelló;Alemania;Junio;554
12 Castellón/Castelló;Alemania;Julio;689
12 Castellón/Castelló;Alemania;Agosto;642
12 Castellón/Castelló;Alemania;Septiembre;1.273
12 Castellón/Castelló;Alemania;Octubre;975
12 Castellón/Castelló;Alemania;Noviembre;748
12 Castellón/Castelló;Alemania;Diciembre;533
12 Castellón/Castelló;Austria;Total;546
12 Castellón/Castelló;Austria;Enero;12
12 Castellón/Castelló;Austria;Febrero;..
12 Castellón/Castelló;Austria;Marzo;24
12 Castellón/Castelló;Austria;Abril;..
12 Castellón/Castelló;Austria;Mayo;36
12 Castellón/Castelló;Austria;Junio;30
12 Castellón/Castelló;Austria;Julio;89
12 Castellón/Castelló;Austria;Agosto;44
12 Castellón/Castelló;Austria;Septiembre;171
12 Castellón/Castelló;Austria;Octubre;44
12 Castellón/Castelló;Austria;Noviembre;46
12 Castellón/Castelló;Austria;Diciembre;39
12 Castellón/Castelló;Bélgica;Total;3.769
12 Castellón/Castelló;Bélgica;Enero;209
12 Castellón/Castelló;Bélgica;Febrero;26
12 Castellón/Castelló;Bélgica;Marzo;97
12 Castellón/Castelló;Bélgica;Abril;109
12 Castellón/Castelló;Bélgica;Mayo;188
12 Castellón/Castelló;Bélgica;Junio;363
12 Castellón/Castelló;Bélgica;Julio;626
12 Castellón/Castelló;Bélgica;Agosto;477
12 Castellón/Castelló;Bélgica;Septiembre;631
12 Castellón/Castelló;Bélgica;Octubre;600
12 Castellón/Castelló;Bélgica;Noviembre;231
12 Castellón/Castelló;Bélgica;Diciembre;213
12 Castellón/Castelló;Dinamarca;Total;561
12 Castellón/Castelló;Dinamarca;Enero;..
12 Castellón/Castelló;Dinamarca;Febrero;13
12 Castellón/Castelló;Dinamarca;Marzo;23
12 Castellón/Castelló;Dinamarca;Abril;..
12 Castellón/Castelló;Dinamarca;Mayo;28
12 Castellón/Castelló;Dinamarca;Junio;55
12 Castellón/Castelló;Dinamarca;Julio;120
12 Castellón/Castelló;Dinamarca;Agosto;82
12 Castellón/Castelló;Dinamarca;Septiembre;65
12 Castellón/Castelló;Dinamarca;Octubre;57
12 Castellón/Castelló;Dinamarca;Noviembre;87
12 Castellón/Castelló;Dinamarca;Diciembre;18
12 Castellón/Castelló;Finlandia;Total;685
12 Castellón/Castelló;Finlandia;Enero;..
12 Castellón/Castelló;Finlandia;Febrero;..
12 Castellón/Castelló;Finlandia;Marzo;..
12 Castellón/Castelló;Finlandia;Abril;..
12 Castellón/Castelló;Finlandia;Mayo;..
12 Castellón/Castelló;Finlandia;Junio;40
12 Castellón/Castelló;Finlandia;Julio;51
12 Castellón/Castelló;Finlandia;Agosto;85
12 Castellón/Castelló;Finlandia;Septiembre;253
12 Castellón/Castelló;Finlandia;Octubre;114
12 Castellón/Castelló;Finlandia;Noviembre;67
12 Castellón/Castelló;Finlandia;Diciembre;59
12 Castellón/Castelló;Francia;Total;26.022
12 Castellón/Castelló;Francia;Enero;393
12 Castellón/Castelló;Francia;Febrero;212
12 Castellón/Castelló;Francia;Marzo;473
12 Castellón/Castelló;Francia;Abril;437
12 Castellón/Castelló;Francia;Mayo;1.286
12 Castellón/Castelló;Francia;Junio;1.730
12 Castellón/Castelló;Francia;Julio;3.322
12 Castellón/Castelló;Francia;Agosto;5.162
12 Castellón/Castelló;Francia;Septiembre;5.131
12 Castellón/Castelló;Francia;Octubre;4.306
12 Castellón/Castelló;Francia;Noviembre;2.104
12 Castellón/Castelló;Francia;Diciembre;1.465
12 Castellón/Castelló;Grecia;Total;429
12 Castellón/Castelló;Grecia;Enero;..
12 Castellón/Castelló;Grecia;Febrero;..
12 Castellón/Castelló;Grecia;Marzo;..
12 Castellón/Castelló;Grecia;Abril;..
12 Castellón/Castelló;Grecia;Mayo;..
12 Castellón/Castelló;Grecia;Junio;10
12 Castellón/Castelló;Grecia;Julio;20
12 Castellón/Castelló;Grecia;Agosto;28
12 Castellón/Castelló;Grecia;Septiembre;58
12 Castellón/Castelló;Grecia;Octubre;243
12 Castellón/Castelló;Grecia;Noviembre;36
12 Castellón/Castelló;Grecia;Diciembre;..
12 Castellón/Castelló;Irlanda;Total;901
12 Castellón/Castelló;Irlanda;Enero;..
12 Castellón/Castelló;Irlanda;Febrero;..
12 Castellón/Castelló;Irlanda;Marzo;20
12 Castellón/Castelló;Irlanda;Abril;..
12 Castellón/Castelló;Irlanda;Mayo;22
12 Castellón/Castelló;Irlanda;Junio;109
12 Castellón/Castelló;Irlanda;Julio;90
12 Castellón/Castelló;Irlanda;Agosto;141
12 Castellón/Castelló;Irlanda;Septiembre;102
12 Castellón/Castelló;Irlanda;Octubre;134
12 Castellón/Castelló;Irlanda;Noviembre;219
12 Castellón/Castelló;Irlanda;Diciembre;42
12 Castellón/Castelló;Italia;Total;6.614
12 Castellón/Castelló;Italia;Enero;135
12 Castellón/Castelló;Italia;Febrero;151
12 Castellón/Castelló;Italia;Marzo;393
12 Castellón/Castelló;Italia;Abril;260
12 Castellón/Castelló;Italia;Mayo;428
12 Castellón/Castelló;Italia;Junio;516
12 Castellón/Castelló;Italia;Julio;910
12 Castellón/Castelló;Italia;Agosto;949
12 Castellón/Castelló;Italia;Septiembre;892
12 Castellón/Castelló;Italia;Octubre;841
12 Castellón/Castelló;Italia;Noviembre;687
12 Castellón/Castelló;Italia;Diciembre;453
12 Castellón/Castelló;Luxemburgo;Total;177
12 Castellón/Castelló;Luxemburgo;Enero;..
12 Castellón/Castelló;Luxemburgo;Febrero;..
12 Castellón/Castelló;Luxemburgo;Marzo;..
12 Castellón/Castelló;Luxemburgo;Abril;49
12 Castellón/Castelló;Luxemburgo;Mayo;40
12 Castellón/Castelló;Luxemburgo;Junio;20
12 Castellón/Castelló;Luxemburgo;Julio;..
12 Castellón/Castelló;Luxemburgo;Agosto;32
12 Castellón/Castelló;Luxemburgo;Septiembre;..
12 Castellón/Castelló;Luxemburgo;Octubre;..
12 Castellón/Castelló;Luxemburgo;Noviembre;..
12 Castellón/Castelló;Luxemburgo;Diciembre;..
12 Castellón/Castelló;Países Bajos;Total;4.245
12 Castellón/Castelló;Países Bajos;Enero;98
12 Castellón/Castelló;Países Bajos;Febrero;44
12 Castellón/Castelló;Países Bajos;Marzo;83
12 Castellón/Castelló;Países Bajos;Abril;102
12 Castellón/Castelló;Países Bajos;Mayo;146
12 Castellón/Castelló;Países Bajos;Junio;306
12 Castellón/Castelló;Países Bajos;Julio;363
12 Castellón/Castelló;Países Bajos;Agosto;777
12 Castellón/Castelló;Países Bajos;Septiembre;986
12 Castellón/Castelló;Países Bajos;Octubre;667
12 Castellón/Castelló;Países Bajos;Noviembre;329
12 Castellón/Castelló;Países Bajos;Diciembre;344
12 Castellón/Castelló;Polonia;Total;1.307
12 Castellón/Castelló;Polonia;Enero;..
12 Castellón/Castelló;Polonia;Febrero;..
12 Castellón/Castelló;Polonia;Marzo;54
12 Castellón/Castelló;Polonia;Abril;24
12 Castellón/Castelló;Polonia;Mayo;85
12 Castellón/Castelló;Polonia;Junio;99
12 Castellón/Castelló;Polonia;Julio;188
12 Castellón/Castelló;Polonia;Agosto;106
12 Castellón/Castelló;Polonia;Septiembre;269
12 Castellón/Castelló;Polonia;Octubre;245
12 Castellón/Castelló;Polonia;Noviembre;95
12 Castellón/Castelló;Polonia;Diciembre;98
12 Castellón/Castelló;Portugal;Total;2.615
12 Castellón/Castelló;Portugal;Enero;75
12 Castellón/Castelló;Portugal;Febrero;105
12 Castellón/Castelló;Portugal;Marzo;54
12 Castellón/Castelló;Portugal;Abril;59
12 Castellón/Castelló;Portugal;Mayo;138
12 Castellón/Castelló;Portugal;Junio;193
12 Castellón/Castelló;Portugal;Julio;335
12 Castellón/Castelló;Portugal;Agosto;371
12 Castellón/Castelló;Portugal;Septiembre;657
12 Castellón/Castelló;Portugal;Octubre;336
12 Castellón/Castelló;Portugal;Noviembre;183
12 Castellón/Castelló;Portugal;Diciembre;108
12 Castellón/Castelló;República Checa;Total;550
12 Castellón/Castelló;República Checa;Enero;18
12 Castellón/Castelló;República Checa;Febrero;..
12 Castellón/Castelló;República Checa;Marzo;13
12 Castellón/Castelló;República Checa;Abril;20
12 Castellón/Castelló;República Checa;Mayo;29
12 Castellón/Castelló;República Checa;Junio;71
12 Castellón/Castelló;República Checa;Julio;115
12 Castellón/Castelló;República Checa;Agosto;59
12 Castellón/Castelló;República Checa;Septiembre;139
12 Castellón/Castelló;República Checa;Octubre;56
12 Castellón/Castelló;República Checa;Noviembre;12
12 Castellón/Castelló;República Checa;Diciembre;..
12 Castellón/Castelló;Suecia;Total;1.151
12 Castellón/Castelló;Suecia;Enero;..
12 Castellón/Castelló;Suecia;Febrero;..
12 Castellón/Castelló;Suecia;Marzo;58
12 Castellón/Castelló;Suecia;Abril;29
12 Castellón/Castelló;Suecia;Mayo;90
12 Castellón/Castelló;Suecia;Junio;138
12 Castellón/Castelló;Suecia;Julio;122
12 Castellón/Castelló;Suecia;Agosto;108
12 Castellón/Castelló;Suecia;Septiembre;162
12 Castellón/Castelló;Suecia;Octubre;151
12 Castellón/Castelló;Suecia;Noviembre;171
12 Castellón/Castelló;Suecia;Diciembre;97
12 Castellón/Castelló;Noruega;Total;998
12 Castellón/Castelló;Noruega;Enero;..
12 Castellón/Castelló;Noruega;Febrero;..
12 Castellón/Castelló;Noruega;Marzo;14
12 Castellón/Castelló;Noruega;Abril;..
12 Castellón/Castelló;Noruega;Mayo;11
12 Castellón/Castelló;Noruega;Junio;40
12 Castellón/Castelló;Noruega;Julio;15
12 Castellón/Castelló;Noruega;Agosto;42
12 Castellón/Castelló;Noruega;Septiembre;64
12 Castellón/Castelló;Noruega;Octubre;105
12 Castellón/Castelló;Noruega;Noviembre;35
12 Castellón/Castelló;Noruega;Diciembre;635
12 Castellón/Castelló;Reino Unido;Total;4.529
12 Castellón/Castelló;Reino Unido;Enero;47
12 Castellón/Castelló;Reino Unido;Febrero;54
12 Castellón/Castelló;Reino Unido;Marzo;98
12 Castellón/Castelló;Reino Unido;Abril;122
12 Castellón/Castelló;Reino Unido;Mayo;161
12 Castellón/Castelló;Reino Unido;Junio;274
12 Castellón/Castelló;Reino Unido;Julio;392
12 Castellón/Castelló;Reino Unido;Agosto;548
12 Castellón/Castelló;Reino Unido;Septiembre;652
12 Castellón/Castelló;Reino Unido;Octubre;767
12 Castellón/Castelló;Reino Unido;Noviembre;1.159
12 Castellón/Castelló;Reino Unido;Diciembre;257
12 Castellón/Castelló;Rusia;Total;740
12 Castellón/Castelló;Rusia;Enero;..
12 Castellón/Castelló;Rusia;Febrero;..
12 Castellón/Castelló;Rusia;Marzo;49
12 Castellón/Castelló;Rusia;Abril;43
12 Castellón/Castelló;Rusia;Mayo;50
12 Castellón/Castelló;Rusia;Junio;59
12 Castellón/Castelló;Rusia;Julio;114
12 Castellón/Castelló;Rusia;Agosto;182
12 Castellón/Castelló;Rusia;Septiembre;39
12 Castellón/Castelló;Rusia;Octubre;56
12 Castellón/Castelló;Rusia;Noviembre;52
12 Castellón/Castelló;Rusia;Diciembre;80
12 Castellón/Castelló;Suiza;Total;2.951
12 Castellón/Castelló;Suiza;Enero;71
12 Castellón/Castelló;Suiza;Febrero;19
12 Castellón/Castelló;Suiza;Marzo;49
12 Castellón/Castelló;Suiza;Abril;91
12 Castellón/Castelló;Suiza;Mayo;119
12 Castellón/Castelló;Suiza;Junio;190
12 Castellón/Castelló;Suiza;Julio;365
12 Castellón/Castelló;Suiza;Agosto;471
12 Castellón/Castelló;Suiza;Septiembre;528
12 Castellón/Castelló;Suiza;Octubre;566
12 Castellón/Castelló;Suiza;Noviembre;323
12 Castellón/Castelló;Suiza;Diciembre;159
12 Castellón/Castelló;Resto de Europa sin U.E.;Total;4.853
12 Castellón/Castelló;Resto de Europa sin U.E.;Enero;236
12 Castellón/Castelló;Resto de Europa sin U.E.;Febrero;66
12 Castellón/Castelló;Resto de Europa sin U.E.;Marzo;73
12 Castellón/Castelló;Resto de Europa sin U.E.;Abril;129
12 Castellón/Castelló;Resto de Europa sin U.E.;Mayo;271
12 Castellón/Castelló;Resto de Europa sin U.E.;Junio;354
12 Castellón/Castelló;Resto de Europa sin U.E.;Julio;898
12 Castellón/Castelló;Resto de Europa sin U.E.;Agosto;964
12 Castellón/Castelló;Resto de Europa sin U.E.;Septiembre;445
12 Castellón/Castelló;Resto de Europa sin U.E.;Octubre;337
12 Castellón/Castelló;Resto de Europa sin U.E.;Noviembre;617
12 Castellón/Castelló;Resto de Europa sin U.E.;Diciembre;462
12 Castellón/Castelló;Japón;Total;142
12 Castellón/Castelló;Japón;Enero;..
12 Castellón/Castelló;Japón;Febrero;..
12 Castellón/Castelló;Japón;Marzo;..
12 Castellón/Castelló;Japón;Abril;..
12 Castellón/Castelló;Japón;Mayo;..
12 Castellón/Castelló;Japón;Junio;..
12 Castellón/Castelló;Japón;Julio;..
12 Castellón/Castelló;Japón;Agosto;18
12 Castellón/Castelló;Japón;Septiembre;50
12 Castellón/Castelló;Japón;Octubre;..
12 Castellón/Castelló;Japón;Noviembre;40
12 Castellón/Castelló;Japón;Diciembre;10
12 Castellón/Castelló;República China;Total;425
12 Castellón/Castelló;República China;Enero;..
12 Castellón/Castelló;República China;Febrero;20
12 Castellón/Castelló;República China;Marzo;23
12 Castellón/Castelló;República China;Abril;..
12 Castellón/Castelló;República China;Mayo;58
12 Castellón/Castelló;República China;Junio;22
12 Castellón/Castelló;República China;Julio;53
12 Castellón/Castelló;República China;Agosto;90
12 Castellón/Castelló;República China;Septiembre;61
12 Castellón/Castelló;República China;Octubre;37
12 Castellón/Castelló;República China;Noviembre;32
12 Castellón/Castelló;República China;Diciembre;20
12 Castellón/Castelló;Estados Unidos;Total;1.691
12 Castellón/Castelló;Estados Unidos;Enero;29
12 Castellón/Castelló;Estados Unidos;Febrero;40
12 Castellón/Castelló;Estados Unidos;Marzo;22
12 Castellón/Castelló;Estados Unidos;Abril;44
12 Castellón/Castelló;Estados Unidos;Mayo;102
12 Castellón/Castelló;Estados Unidos;Junio;94
12 Castellón/Castelló;Estados Unidos;Julio;296
12 Castellón/Castelló;Estados Unidos;Agosto;160
12 Castellón/Castelló;Estados Unidos;Septiembre;184
12 Castellón/Castelló;Estados Unidos;Octubre;303
12 Castellón/Castelló;Estados Unidos;Noviembre;207
12 Castellón/Castelló;Estados Unidos;Diciembre;211
12 Castellón/Castelló;Resto de América;Total;8.004
12 Castellón/Castelló;Resto de América;Enero;240
12 Castellón/Castelló;Resto de América;Febrero;164
12 Castellón/Castelló;Resto de América;Marzo;279
12 Castellón/Castelló;Resto de América;Abril;271
12 Castellón/Castelló;Resto de América;Mayo;399
12 Castellón/Castelló;Resto de América;Junio;813
12 Castellón/Castelló;Resto de América;Julio;1.009
12 Castellón/Castelló;Resto de América;Agosto;1.140
12 Castellón/Castelló;Resto de América;Septiembre;1.129
12 Castellón/Castelló;Resto de América;Octubre;1.381
12 Castellón/Castelló;Resto de América;Noviembre;634
12 Castellón/Castelló;Resto de América;Diciembre;544
12 Castellón/Castelló;Países africanos;Total;3.528
12 Castellón/Castelló;Países africanos;Enero;102
12 Castellón/Castelló;Países africanos;Febrero;92
12 Castellón/Castelló;Países africanos;Marzo;204
12 Castellón/Castelló;Países africanos;Abril;167
12 Castellón/Castelló;Países africanos;Mayo;196
12 Castellón/Castelló;Países africanos;Junio;204
12 Castellón/Castelló;Países africanos;Julio;348
12 Castellón/Castelló;Países africanos;Agosto;575
12 Castellón/Castelló;Países africanos;Septiembre;525
12 Castellón/Castelló;Países africanos;Octubre;410
12 Castellón/Castelló;Países africanos;Noviembre;358
12 Castellón/Castelló;Países africanos;Diciembre;346
13 Ciudad Real;Total;Total;298.239
13 Ciudad Real;Total;Enero;7.208
13 Ciudad Real;Total;Febrero;9.279
13 Ciudad Real;Total;Marzo;13.945
13 Ciudad Real;Total;Abril;15.149
13 Ciudad Real;Total;Mayo;21.582
13 Ciudad Real;Total;Junio;27.673
13 Ciudad Real;Total;Julio;33.679
13 Ciudad Real;Total;Agosto;38.244
13 Ciudad Real;Total;Septiembre;32.810
13 Ciudad Real;Total;Octubre;40.258
13 Ciudad Real;Total;Noviembre;32.473
13 Ciudad Real;Total;Diciembre;25.941
13 Ciudad Real;Residentes en España;Total;273.464
13 Ciudad Real;Residentes en España;Enero;6.708
13 Ciudad Real;Residentes en España;Febrero;8.662
13 Ciudad Real;Residentes en España;Marzo;13.383
13 Ciudad Real;Residentes en España;Abril;13.981
13 Ciudad Real;Residentes en España;Mayo;20.354
13 Ciudad Real;Residentes en España;Junio;25.730
13 Ciudad Real;Residentes en España;Julio;30.967
13 Ciudad Real;Residentes en España;Agosto;34.778
13 Ciudad Real;Residentes en España;Septiembre;29.441
13 Ciudad Real;Residentes en España;Octubre;36.045
13 Ciudad Real;Residentes en España;Noviembre;29.530
13 Ciudad Real;Residentes en España;Diciembre;23.886
13 Ciudad Real;No residentes en España;Total;24.774
13 Ciudad Real;No residentes en España;Enero;500
13 Ciudad Real;No residentes en España;Febrero;616
13 Ciudad Real;No residentes en España;Marzo;561
13 Ciudad Real;No residentes en España;Abril;1.168
13 Ciudad Real;No residentes en España;Mayo;1.228
13 Ciudad Real;No residentes en España;Junio;1.943
13 Ciudad Real;No residentes en España;Julio;2.712
13 Ciudad Real;No residentes en España;Agosto;3.465
13 Ciudad Real;No residentes en España;Septiembre;3.368
13 Ciudad Real;No residentes en España;Octubre;4.213
13 Ciudad Real;No residentes en España;Noviembre;2.943
13 Ciudad Real;No residentes en España;Diciembre;2.055
13 Ciudad Real;Unión Europea 27 (sin España);Total;16.144
13 Ciudad Real;Unión Europea 27 (sin España);Enero;345
13 Ciudad Real;Unión Europea 27 (sin España);Febrero;429
13 Ciudad Real;Unión Europea 27 (sin España);Marzo;308
13 Ciudad Real;Unión Europea 27 (sin España);Abril;517
13 Ciudad Real;Unión Europea 27 (sin España);Mayo;817
13 Ciudad Real;Unión Europea 27 (sin España);Junio;1.336
13 Ciudad Real;Unión Europea 27 (sin España);Julio;1.668
13 Ciudad Real;Unión Europea 27 (sin España);Agosto;2.500
13 Ciudad Real;Unión Europea 27 (sin España);Septiembre;2.204
13 Ciudad Real;Unión Europea 27 (sin España);Octubre;2.891
13 Ciudad Real;Unión Europea 27 (sin España);Noviembre;1.957
13 Ciudad Real;Unión Europea 27 (sin España);Diciembre;1.174
13 Ciudad Real;Alemania;Total;1.650
13 Ciudad Real;Alemania;Enero;46
13 Ciudad Real;Alemania;Febrero;..
13 Ciudad Real;Alemania;Marzo;..
13 Ciudad Real;Alemania;Abril;38
13 Ciudad Real;Alemania;Mayo;83
13 Ciudad Real;Alemania;Junio;117
13 Ciudad Real;Alemania;Julio;114
13 Ciudad Real;Alemania;Agosto;151
13 Ciudad Real;Alemania;Septiembre;325
13 Ciudad Real;Alemania;Octubre;391
13 Ciudad Real;Alemania;Noviembre;238
13 Ciudad Real;Alemania;Diciembre;132
13 Ciudad Real;Austria;Total;106
13 Ciudad Real;Austria;Enero;..
13 Ciudad Real;Austria;Febrero;..
13 Ciudad Real;Austria;Marzo;..
13 Ciudad Real;Austria;Abril;..
13 Ciudad Real;Austria;Mayo;..
13 Ciudad Real;Austria;Junio;..
13 Ciudad Real;Austria;Julio;..
13 Ciudad Real;Austria;Agosto;..
13 Ciudad Real;Austria;Septiembre;23
13 Ciudad Real;Austria;Octubre;35
13 Ciudad Real;Austria;Noviembre;..
13 Ciudad Real;Austria;Diciembre;21
13 Ciudad Real;Bélgica;Total;949
13 Ciudad Real;Bélgica;Enero;74
13 Ciudad Real;Bélgica;Febrero;21
13 Ciudad Real;Bélgica;Marzo;..
13 Ciudad Real;Bélgica;Abril;..
13 Ciudad Real;Bélgica;Mayo;34
13 Ciudad Real;Bélgica;Junio;97
13 Ciudad Real;Bélgica;Julio;155
13 Ciudad Real;Bélgica;Agosto;97
13 Ciudad Real;Bélgica;Septiembre;105
13 Ciudad Real;Bélgica;Octubre;166
13 Ciudad Real;Bélgica;Noviembre;114
13 Ciudad Real;Bélgica;Diciembre;66
13 Ciudad Real;Dinamarca;Total;201
13 Ciudad Real;Dinamarca;Enero;..
13 Ciudad Real;Dinamarca;Febrero;..
13 Ciudad Real;Dinamarca;Marzo;..
13 Ciudad Real;Dinamarca;Abril;26
13 Ciudad Real;Dinamarca;Mayo;34
13 Ciudad Real;Dinamarca;Junio;20
13 Ciudad Real;Dinamarca;Julio;19
13 Ciudad Real;Dinamarca;Agosto;19
13 Ciudad Real;Dinamarca;Septiembre;27
13 Ciudad Real;Dinamarca;Octubre;26
13 Ciudad Real;Dinamarca;Noviembre;15
13 Ciudad Real;Dinamarca;Diciembre;..
13 Ciudad Real;Finlandia;Total;209
13 Ciudad Real;Finlandia;Enero;..
13 Ciudad Real;Finlandia;Febrero;..
13 Ciudad Real;Finlandia;Marzo;..
13 Ciudad Real;Finlandia;Abril;..
13 Ciudad Real;Finlandia;Mayo;..
13 Ciudad Real;Finlandia;Junio;..
13 Ciudad Real;Finlandia;Julio;..
13 Ciudad Real;Finlandia;Agosto;..
13 Ciudad Real;Finlandia;Septiembre;16
13 Ciudad Real;Finlandia;Octubre;70
13 Ciudad Real;Finlandia;Noviembre;81
13 Ciudad Real;Finlandia;Diciembre;..
13 Ciudad Real;Francia;Total;4.343
13 Ciudad Real;Francia;Enero;70
13 Ciudad Real;Francia;Febrero;173
13 Ciudad Real;Francia;Marzo;43
13 Ciudad Real;Francia;Abril;130
13 Ciudad Real;Francia;Mayo;242
13 Ciudad Real;Francia;Junio;320
13 Ciudad Real;Francia;Julio;449
13 Ciudad Real;Francia;Agosto;710
13 Ciudad Real;Francia;Septiembre;710
13 Ciudad Real;Francia;Octubre;683
13 Ciudad Real;Francia;Noviembre;526
13 Ciudad Real;Francia;Diciembre;288
13 Ciudad Real;Grecia;Total;128
13 Ciudad Real;Grecia;Enero;..
13 Ciudad Real;Grecia;Febrero;..
13 Ciudad Real;Grecia;Marzo;..
13 Ciudad Real;Grecia;Abril;..
13 Ciudad Real;Grecia;Mayo;..
13 Ciudad Real;Grecia;Junio;..
13 Ciudad Real;Grecia;Julio;..
13 Ciudad Real;Grecia;Agosto;..
13 Ciudad Real;Grecia;Septiembre;30
13 Ciudad Real;Grecia;Octubre;15
13 Ciudad Real;Grecia;Noviembre;31
13 Ciudad Real;Grecia;Diciembre;23
13 Ciudad Real;Irlanda;Total;609
13 Ciudad Real;Irlanda;Enero;..
13 Ciudad Real;Irlanda;Febrero;25
13 Ciudad Real;Irlanda;Marzo;36
13 Ciudad Real;Irlanda;Abril;..
13 Ciudad Real;Irlanda;Mayo;19
13 Ciudad Real;Irlanda;Junio;68
13 Ciudad Real;Irlanda;Julio;..
13 Ciudad Real;Irlanda;Agosto;39
13 Ciudad Real;Irlanda;Septiembre;40
13 Ciudad Real;Irlanda;Octubre;179
13 Ciudad Real;Irlanda;Noviembre;91
13 Ciudad Real;Irlanda;Diciembre;54
13 Ciudad Real;Italia;Total;1.936
13 Ciudad Real;Italia;Enero;34
13 Ciudad Real;Italia;Febrero;79
13 Ciudad Real;Italia;Marzo;58
13 Ciudad Real;Italia;Abril;75
13 Ciudad Real;Italia;Mayo;134
13 Ciudad Real;Italia;Junio;186
13 Ciudad Real;Italia;Julio;263
13 Ciudad Real;Italia;Agosto;269
13 Ciudad Real;Italia;Septiembre;183
13 Ciudad Real;Italia;Octubre;303
13 Ciudad Real;Italia;Noviembre;194
13 Ciudad Real;Italia;Diciembre;157
13 Ciudad Real;Luxemburgo;Total;21
13 Ciudad Real;Luxemburgo;Enero;..
13 Ciudad Real;Luxemburgo;Febrero;..
13 Ciudad Real;Luxemburgo;Marzo;..
13 Ciudad Real;Luxemburgo;Abril;..
13 Ciudad Real;Luxemburgo;Mayo;..
13 Ciudad Real;Luxemburgo;Junio;..
13 Ciudad Real;Luxemburgo;Julio;..
13 Ciudad Real;Luxemburgo;Agosto;..
13 Ciudad Real;Luxemburgo;Septiembre;..
13 Ciudad Real;Luxemburgo;Octubre;..
13 Ciudad Real;Luxemburgo;Noviembre;..
13 Ciudad Real;Luxemburgo;Diciembre;..
13 Ciudad Real;Países Bajos;Total;1.107
13 Ciudad Real;Países Bajos;Enero;..
13 Ciudad Real;Países Bajos;Febrero;..
13 Ciudad Real;Países Bajos;Marzo;..
13 Ciudad Real;Países Bajos;Abril;51
13 Ciudad Real;Países Bajos;Mayo;26
13 Ciudad Real;Países Bajos;Junio;74
13 Ciudad Real;Países Bajos;Julio;204
13 Ciudad Real;Países Bajos;Agosto;145
13 Ciudad Real;Países Bajos;Septiembre;155
13 Ciudad Real;Países Bajos;Octubre;190
13 Ciudad Real;Países Bajos;Noviembre;158
13 Ciudad Real;Países Bajos;Diciembre;78
13 Ciudad Real;Polonia;Total;280
13 Ciudad Real;Polonia;Enero;..
13 Ciudad Real;Polonia;Febrero;..
13 Ciudad Real;Polonia;Marzo;..
13 Ciudad Real;Polonia;Abril;..
13 Ciudad Real;Polonia;Mayo;..
13 Ciudad Real;Polonia;Junio;18
13 Ciudad Real;Polonia;Julio;18
13 Ciudad Real;Polonia;Agosto;23
13 Ciudad Real;Polonia;Septiembre;..
13 Ciudad Real;Polonia;Octubre;92
13 Ciudad Real;Polonia;Noviembre;19
13 Ciudad Real;Polonia;Diciembre;31
13 Ciudad Real;Portugal;Total;2.805
13 Ciudad Real;Portugal;Enero;38
13 Ciudad Real;Portugal;Febrero;51
13 Ciudad Real;Portugal;Marzo;58
13 Ciudad Real;Portugal;Abril;83
13 Ciudad Real;Portugal;Mayo;149
13 Ciudad Real;Portugal;Junio;219
13 Ciudad Real;Portugal;Julio;285
13 Ciudad Real;Portugal;Agosto;715
13 Ciudad Real;Portugal;Septiembre;401
13 Ciudad Real;Portugal;Octubre;457
13 Ciudad Real;Portugal;Noviembre;234
13 Ciudad Real;Portugal;Diciembre;114
13 Ciudad Real;República Checa;Total;74
13 Ciudad Real;República Checa;Enero;..
13 Ciudad Real;República Checa;Febrero;..
13 Ciudad Real;República Checa;Marzo;..
13 Ciudad Real;República Checa;Abril;..
13 Ciudad Real;República Checa;Mayo;..
13 Ciudad Real;República Checa;Junio;..
13 Ciudad Real;República Checa;Julio;..
13 Ciudad Real;República Checa;Agosto;..
13 Ciudad Real;República Checa;Septiembre;10
13 Ciudad Real;República Checa;Octubre;25
13 Ciudad Real;República Checa;Noviembre;..
13 Ciudad Real;República Checa;Diciembre;..
13 Ciudad Real;Suecia;Total;351
13 Ciudad Real;Suecia;Enero;14
13 Ciudad Real;Suecia;Febrero;26
13 Ciudad Real;Suecia;Marzo;..
13 Ciudad Real;Suecia;Abril;..
13 Ciudad Real;Suecia;Mayo;..
13 Ciudad Real;Suecia;Junio;30
13 Ciudad Real;Suecia;Julio;17
13 Ciudad Real;Suecia;Agosto;25
13 Ciudad Real;Suecia;Septiembre;27
13 Ciudad Real;Suecia;Octubre;88
13 Ciudad Real;Suecia;Noviembre;79
13 Ciudad Real;Suecia;Diciembre;45
13 Ciudad Real;Noruega;Total;180
13 Ciudad Real;Noruega;Enero;..
13 Ciudad Real;Noruega;Febrero;..
13 Ciudad Real;Noruega;Marzo;..
13 Ciudad Real;Noruega;Abril;..
13 Ciudad Real;Noruega;Mayo;..
13 Ciudad Real;Noruega;Junio;..
13 Ciudad Real;Noruega;Julio;..
13 Ciudad Real;Noruega;Agosto;..
13 Ciudad Real;Noruega;Septiembre;..
13 Ciudad Real;Noruega;Octubre;74
13 Ciudad Real;Noruega;Noviembre;16
13 Ciudad Real;Noruega;Diciembre;34
13 Ciudad Real;Reino Unido;Total;1.883
13 Ciudad Real;Reino Unido;Enero;27
13 Ciudad Real;Reino Unido;Febrero;26
13 Ciudad Real;Reino Unido;Marzo;24
13 Ciudad Real;Reino Unido;Abril;80
13 Ciudad Real;Reino Unido;Mayo;33
13 Ciudad Real;Reino Unido;Junio;168
13 Ciudad Real;Reino Unido;Julio;207
13 Ciudad Real;Reino Unido;Agosto;242
13 Ciudad Real;Reino Unido;Septiembre;358
13 Ciudad Real;Reino Unido;Octubre;342
13 Ciudad Real;Reino Unido;Noviembre;245
13 Ciudad Real;Reino Unido;Diciembre;130
13 Ciudad Real;Rusia;Total;172
13 Ciudad Real;Rusia;Enero;..
13 Ciudad Real;Rusia;Febrero;..
13 Ciudad Real;Rusia;Marzo;..
13 Ciudad Real;Rusia;Abril;..
13 Ciudad Real;Rusia;Mayo;..
13 Ciudad Real;Rusia;Junio;..
13 Ciudad Real;Rusia;Julio;..
13 Ciudad Real;Rusia;Agosto;..
13 Ciudad Real;Rusia;Septiembre;..
13 Ciudad Real;Rusia;Octubre;48
13 Ciudad Real;Rusia;Noviembre;66
13 Ciudad Real;Rusia;Diciembre;34
13 Ciudad Real;Suiza;Total;486
13 Ciudad Real;Suiza;Enero;..
13 Ciudad Real;Suiza;Febrero;..
13 Ciudad Real;Suiza;Marzo;25
13 Ciudad Real;Suiza;Abril;31
13 Ciudad Real;Suiza;Mayo;..
13 Ciudad Real;Suiza;Junio;47
13 Ciudad Real;Suiza;Julio;38
13 Ciudad Real;Suiza;Agosto;81
13 Ciudad Real;Suiza;Septiembre;67
13 Ciudad Real;Suiza;Octubre;92
13 Ciudad Real;Suiza;Noviembre;77
13 Ciudad Real;Suiza;Diciembre;16
13 Ciudad Real;Resto de Europa sin U.E.;Total;788
13 Ciudad Real;Resto de Europa sin U.E.;Enero;13
13 Ciudad Real;Resto de Europa sin U.E.;Febrero;24
13 Ciudad Real;Resto de Europa sin U.E.;Marzo;50
13 Ciudad Real;Resto de Europa sin U.E.;Abril;165
13 Ciudad Real;Resto de Europa sin U.E.;Mayo;31
13 Ciudad Real;Resto de Europa sin U.E.;Junio;53
13 Ciudad Real;Resto de Europa sin U.E.;Julio;80
13 Ciudad Real;Resto de Europa sin U.E.;Agosto;75
13 Ciudad Real;Resto de Europa sin U.E.;Septiembre;106
13 Ciudad Real;Resto de Europa sin U.E.;Octubre;36
13 Ciudad Real;Resto de Europa sin U.E.;Noviembre;81
13 Ciudad Real;Resto de Europa sin U.E.;Diciembre;74
13 Ciudad Real;Japón;Total;26
13 Ciudad Real;Japón;Enero;..
13 Ciudad Real;Japón;Febrero;..
13 Ciudad Real;Japón;Marzo;..
13 Ciudad Real;Japón;Abril;..
13 Ciudad Real;Japón;Mayo;..
13 Ciudad Real;Japón;Junio;..
13 Ciudad Real;Japón;Julio;..
13 Ciudad Real;Japón;Agosto;..
13 Ciudad Real;Japón;Septiembre;..
13 Ciudad Real;Japón;Octubre;..
13 Ciudad Real;Japón;Noviembre;..
13 Ciudad Real;Japón;Diciembre;..
13 Ciudad Real;República China;Total;251
13 Ciudad Real;República China;Enero;..
13 Ciudad Real;República China;Febrero;15
13 Ciudad Real;República China;Marzo;..
13 Ciudad Real;República China;Abril;80
13 Ciudad Real;República China;Mayo;..
13 Ciudad Real;República China;Junio;..
13 Ciudad Real;República China;Julio;..
13 Ciudad Real;República China;Agosto;15
13 Ciudad Real;República China;Septiembre;14
13 Ciudad Real;República China;Octubre;45
13 Ciudad Real;República China;Noviembre;33
13 Ciudad Real;República China;Diciembre;..
13 Ciudad Real;Estados Unidos;Total;929
13 Ciudad Real;Estados Unidos;Enero;..
13 Ciudad Real;Estados Unidos;Febrero;..
13 Ciudad Real;Estados Unidos;Marzo;..
13 Ciudad Real;Estados Unidos;Abril;29
13 Ciudad Real;Estados Unidos;Mayo;69
13 Ciudad Real;Estados Unidos;Junio;37
13 Ciudad Real;Estados Unidos;Julio;231
13 Ciudad Real;Estados Unidos;Agosto;68
13 Ciudad Real;Estados Unidos;Septiembre;93
13 Ciudad Real;Estados Unidos;Octubre;193
13 Ciudad Real;Estados Unidos;Noviembre;99
13 Ciudad Real;Estados Unidos;Diciembre;90
13 Ciudad Real;Resto de América;Total;2.746
13 Ciudad Real;Resto de América;Enero;71
13 Ciudad Real;Resto de América;Febrero;62
13 Ciudad Real;Resto de América;Marzo;80
13 Ciudad Real;Resto de América;Abril;139
13 Ciudad Real;Resto de América;Mayo;143
13 Ciudad Real;Resto de América;Junio;229
13 Ciudad Real;Resto de América;Julio;302
13 Ciudad Real;Resto de América;Agosto;316
13 Ciudad Real;Resto de América;Septiembre;371
13 Ciudad Real;Resto de América;Octubre;378
13 Ciudad Real;Resto de América;Noviembre;304
13 Ciudad Real;Resto de América;Diciembre;353
13 Ciudad Real;Países africanos;Total;508
13 Ciudad Real;Países africanos;Enero;28
13 Ciudad Real;Países africanos;Febrero;26
13 Ciudad Real;Países africanos;Marzo;17
13 Ciudad Real;Países africanos;Abril;26
13 Ciudad Real;Países africanos;Mayo;33
13 Ciudad Real;Países africanos;Junio;31
13 Ciudad Real;Países africanos;Julio;67
13 Ciudad Real;Países africanos;Agosto;102
13 Ciudad Real;Países africanos;Septiembre;85
13 Ciudad Real;Países africanos;Octubre;17
13 Ciudad Real;Países africanos;Noviembre;17
13 Ciudad Real;Países africanos;Diciembre;61
14 Córdoba;Total;Total;618.671
14 Córdoba;Total;Enero;14.281
14 Córdoba;Total;Febrero;12.724
14 Córdoba;Total;Marzo;19.013
14 Córdoba;Total;Abril;20.256
14 Córdoba;Total;Mayo;50.016
14 Córdoba;Total;Junio;54.255
14 Córdoba;Total;Julio;60.394
14 Córdoba;Total;Agosto;75.076
14 Córdoba;Total;Septiembre;77.798
14 Córdoba;Total;Octubre;89.835
14 Córdoba;Total;Noviembre;80.376
14 Córdoba;Total;Diciembre;64.648
14 Córdoba;Residentes en España;Total;470.031
14 Córdoba;Residentes en España;Enero;13.157
14 Córdoba;Residentes en España;Febrero;11.889
14 Córdoba;Residentes en España;Marzo;17.088
14 Córdoba;Residentes en España;Abril;18.233
14 Córdoba;Residentes en España;Mayo;42.282
14 Córdoba;Residentes en España;Junio;44.713
14 Córdoba;Residentes en España;Julio;44.783
14 Córdoba;Residentes en España;Agosto;55.718
14 Córdoba;Residentes en España;Septiembre;54.699
14 Córdoba;Residentes en España;Octubre;60.689
14 Córdoba;Residentes en España;Noviembre;58.095
14 Córdoba;Residentes en España;Diciembre;48.686
14 Córdoba;No residentes en España;Total;148.640
14 Córdoba;No residentes en España;Enero;1.124
14 Córdoba;No residentes en España;Febrero;835
14 Córdoba;No residentes en España;Marzo;1.925
14 Córdoba;No residentes en España;Abril;2.023
14 Córdoba;No residentes en España;Mayo;7.734
14 Córdoba;No residentes en España;Junio;9.542
14 Córdoba;No residentes en España;Julio;15.611
14 Córdoba;No residentes en España;Agosto;19.358
14 Córdoba;No residentes en España;Septiembre;23.098
14 Córdoba;No residentes en España;Octubre;29.146
14 Córdoba;No residentes en España;Noviembre;22.281
14 Córdoba;No residentes en España;Diciembre;15.962
14 Córdoba;Unión Europea 27 (sin España);Total;96.745
14 Córdoba;Unión Europea 27 (sin España);Enero;611
14 Córdoba;Unión Europea 27 (sin España);Febrero;359
14 Córdoba;Unión Europea 27 (sin España);Marzo;1.364
14 Córdoba;Unión Europea 27 (sin España);Abril;1.251
14 Córdoba;Unión Europea 27 (sin España);Mayo;5.480
14 Córdoba;Unión Europea 27 (sin España);Junio;6.574
14 Córdoba;Unión Europea 27 (sin España);Julio;10.458
14 Córdoba;Unión Europea 27 (sin España);Agosto;14.487
14 Córdoba;Unión Europea 27 (sin España);Septiembre;15.007
14 Córdoba;Unión Europea 27 (sin España);Octubre;18.632
14 Córdoba;Unión Europea 27 (sin España);Noviembre;13.973
14 Córdoba;Unión Europea 27 (sin España);Diciembre;8.548
14 Córdoba;Alemania;Total;10.550
14 Córdoba;Alemania;Enero;65
14 Córdoba;Alemania;Febrero;17
14 Córdoba;Alemania;Marzo;104
14 Córdoba;Alemania;Abril;128
14 Córdoba;Alemania;Mayo;468
14 Córdoba;Alemania;Junio;596
14 Córdoba;Alemania;Julio;813
14 Córdoba;Alemania;Agosto;831
14 Córdoba;Alemania;Septiembre;1.919
14 Córdoba;Alemania;Octubre;2.780
14 Córdoba;Alemania;Noviembre;1.936
14 Córdoba;Alemania;Diciembre;893
14 Córdoba;Austria;Total;1.341
14 Córdoba;Austria;Enero;..
14 Córdoba;Austria;Febrero;..
14 Córdoba;Austria;Marzo;13
14 Córdoba;Austria;Abril;..
14 Córdoba;Austria;Mayo;43
14 Córdoba;Austria;Junio;44
14 Córdoba;Austria;Julio;117
14 Córdoba;Austria;Agosto;107
14 Córdoba;Austria;Septiembre;211
14 Córdoba;Austria;Octubre;550
14 Córdoba;Austria;Noviembre;153
14 Córdoba;Austria;Diciembre;90
14 Córdoba;Bélgica;Total;6.161
14 Córdoba;Bélgica;Enero;35
14 Córdoba;Bélgica;Febrero;18
14 Córdoba;Bélgica;Marzo;23
14 Córdoba;Bélgica;Abril;25
14 Córdoba;Bélgica;Mayo;183
14 Córdoba;Bélgica;Junio;298
14 Córdoba;Bélgica;Julio;945
14 Córdoba;Bélgica;Agosto;578
14 Córdoba;Bélgica;Septiembre;1.344
14 Córdoba;Bélgica;Octubre;1.185
14 Córdoba;Bélgica;Noviembre;1.119
14 Córdoba;Bélgica;Diciembre;407
14 Córdoba;Dinamarca;Total;1.238
14 Córdoba;Dinamarca;Enero;..
14 Córdoba;Dinamarca;Febrero;..
14 Córdoba;Dinamarca;Marzo;..
14 Córdoba;Dinamarca;Abril;..
14 Córdoba;Dinamarca;Mayo;16
14 Córdoba;Dinamarca;Junio;83
14 Córdoba;Dinamarca;Julio;232
14 Córdoba;Dinamarca;Agosto;145
14 Córdoba;Dinamarca;Septiembre;200
14 Córdoba;Dinamarca;Octubre;317
14 Córdoba;Dinamarca;Noviembre;146
14 Córdoba;Dinamarca;Diciembre;70
14 Córdoba;Finlandia;Total;2.250
14 Córdoba;Finlandia;Enero;..
14 Córdoba;Finlandia;Febrero;..
14 Córdoba;Finlandia;Marzo;319
14 Córdoba;Finlandia;Abril;..
14 Córdoba;Finlandia;Mayo;107
14 Córdoba;Finlandia;Junio;121
14 Córdoba;Finlandia;Julio;106
14 Córdoba;Finlandia;Agosto;165
14 Córdoba;Finlandia;Septiembre;264
14 Córdoba;Finlandia;Octubre;528
14 Córdoba;Finlandia;Noviembre;387
14 Córdoba;Finlandia;Diciembre;232
14 Córdoba;Francia;Total;34.817
14 Córdoba;Francia;Enero;116
14 Córdoba;Francia;Febrero;91
14 Córdoba;Francia;Marzo;248
14 Córdoba;Francia;Abril;416
14 Córdoba;Francia;Mayo;2.668
14 Córdoba;Francia;Junio;2.783
14 Córdoba;Francia;Julio;4.080
14 Córdoba;Francia;Agosto;6.517
14 Córdoba;Francia;Septiembre;4.292
14 Córdoba;Francia;Octubre;5.761
14 Córdoba;Francia;Noviembre;5.090
14 Córdoba;Francia;Diciembre;2.754
14 Córdoba;Grecia;Total;421
14 Córdoba;Grecia;Enero;..
14 Córdoba;Grecia;Febrero;..
14 Córdoba;Grecia;Marzo;..
14 Córdoba;Grecia;Abril;..
14 Córdoba;Grecia;Mayo;..
14 Córdoba;Grecia;Junio;16
14 Córdoba;Grecia;Julio;88
14 Córdoba;Grecia;Agosto;55
14 Córdoba;Grecia;Septiembre;64
14 Córdoba;Grecia;Octubre;53
14 Córdoba;Grecia;Noviembre;85
14 Córdoba;Grecia;Diciembre;36
14 Córdoba;Irlanda;Total;1.287
14 Córdoba;Irlanda;Enero;..
14 Córdoba;Irlanda;Febrero;..
14 Córdoba;Irlanda;Marzo;24
14 Córdoba;Irlanda;Abril;22
14 Córdoba;Irlanda;Mayo;19
14 Córdoba;Irlanda;Junio;64
14 Córdoba;Irlanda;Julio;94
14 Córdoba;Irlanda;Agosto;118
14 Córdoba;Irlanda;Septiembre;238
14 Córdoba;Irlanda;Octubre;314
14 Córdoba;Irlanda;Noviembre;237
14 Córdoba;Irlanda;Diciembre;145
14 Córdoba;Italia;Total;12.742
14 Córdoba;Italia;Enero;134
14 Córdoba;Italia;Febrero;95
14 Córdoba;Italia;Marzo;208
14 Córdoba;Italia;Abril;255
14 Córdoba;Italia;Mayo;495
14 Córdoba;Italia;Junio;671
14 Córdoba;Italia;Julio;1.355
14 Córdoba;Italia;Agosto;2.206
14 Córdoba;Italia;Septiembre;1.798
14 Córdoba;Italia;Octubre;2.049
14 Córdoba;Italia;Noviembre;1.714
14 Córdoba;Italia;Diciembre;1.762
14 Córdoba;Luxemburgo;Total;173
14 Córdoba;Luxemburgo;Enero;22
14 Córdoba;Luxemburgo;Febrero;..
14 Córdoba;Luxemburgo;Marzo;..
14 Córdoba;Luxemburgo;Abril;11
14 Córdoba;Luxemburgo;Mayo;..
14 Córdoba;Luxemburgo;Junio;..
14 Córdoba;Luxemburgo;Julio;..
14 Córdoba;Luxemburgo;Agosto;29
14 Córdoba;Luxemburgo;Septiembre;22
14 Córdoba;Luxemburgo;Octubre;50
14 Córdoba;Luxemburgo;Noviembre;..
14 Córdoba;Luxemburgo;Diciembre;..
14 Córdoba;Países Bajos;Total;8.473
14 Córdoba;Países Bajos;Enero;..
14 Córdoba;Países Bajos;Febrero;..
14 Córdoba;Países Bajos;Marzo;49
14 Córdoba;Países Bajos;Abril;70
14 Córdoba;Países Bajos;Mayo;285
14 Córdoba;Países Bajos;Junio;283
14 Córdoba;Países Bajos;Julio;704
14 Córdoba;Países Bajos;Agosto;1.003
14 Córdoba;Países Bajos;Septiembre;2.023
14 Córdoba;Países Bajos;Octubre;2.078
14 Córdoba;Países Bajos;Noviembre;1.073
14 Córdoba;Países Bajos;Diciembre;885
14 Córdoba;Polonia;Total;2.094
14 Córdoba;Polonia;Enero;23
14 Córdoba;Polonia;Febrero;..
14 Córdoba;Polonia;Marzo;48
14 Córdoba;Polonia;Abril;..
14 Córdoba;Polonia;Mayo;112
14 Córdoba;Polonia;Junio;178
14 Córdoba;Polonia;Julio;294
14 Córdoba;Polonia;Agosto;326
14 Córdoba;Polonia;Septiembre;462
14 Córdoba;Polonia;Octubre;206
14 Córdoba;Polonia;Noviembre;293
14 Córdoba;Polonia;Diciembre;137
14 Córdoba;Portugal;Total;8.749
14 Córdoba;Portugal;Enero;81
14 Córdoba;Portugal;Febrero;32
14 Córdoba;Portugal;Marzo;78
14 Córdoba;Portugal;Abril;104
14 Córdoba;Portugal;Mayo;580
14 Córdoba;Portugal;Junio;927
14 Córdoba;Portugal;Julio;961
14 Córdoba;Portugal;Agosto;1.631
14 Córdoba;Portugal;Septiembre;1.327
14 Córdoba;Portugal;Octubre;1.664
14 Córdoba;Portugal;Noviembre;905
14 Córdoba;Portugal;Diciembre;458
14 Córdoba;República Checa;Total;714
14 Córdoba;República Checa;Enero;..
14 Córdoba;República Checa;Febrero;..
14 Córdoba;República Checa;Marzo;16
14 Córdoba;República Checa;Abril;..
14 Córdoba;República Checa;Mayo;57
14 Córdoba;República Checa;Junio;41
14 Córdoba;República Checa;Julio;57
14 Córdoba;República Checa;Agosto;39
14 Córdoba;República Checa;Septiembre;138
14 Córdoba;República Checa;Octubre;201
14 Córdoba;República Checa;Noviembre;103
14 Córdoba;República Checa;Diciembre;49
14 Córdoba;Suecia;Total;1.375
14 Córdoba;Suecia;Enero;34
14 Córdoba;Suecia;Febrero;..
14 Córdoba;Suecia;Marzo;28
14 Córdoba;Suecia;Abril;..
14 Córdoba;Suecia;Mayo;60
14 Córdoba;Suecia;Junio;31
14 Córdoba;Suecia;Julio;180
14 Córdoba;Suecia;Agosto;106
14 Córdoba;Suecia;Septiembre;143
14 Córdoba;Suecia;Octubre;287
14 Córdoba;Suecia;Noviembre;268
14 Córdoba;Suecia;Diciembre;212
14 Córdoba;Noruega;Total;760
14 Córdoba;Noruega;Enero;..
14 Córdoba;Noruega;Febrero;12
14 Córdoba;Noruega;Marzo;..
14 Córdoba;Noruega;Abril;..
14 Córdoba;Noruega;Mayo;35
14 Córdoba;Noruega;Junio;29
14 Córdoba;Noruega;Julio;83
14 Córdoba;Noruega;Agosto;29
14 Córdoba;Noruega;Septiembre;79
14 Córdoba;Noruega;Octubre;194
14 Córdoba;Noruega;Noviembre;168
14 Córdoba;Noruega;Diciembre;116
14 Córdoba;Reino Unido;Total;8.803
14 Córdoba;Reino Unido;Enero;62
14 Córdoba;Reino Unido;Febrero;117
14 Córdoba;Reino Unido;Marzo;61
14 Córdoba;Reino Unido;Abril;90
14 Córdoba;Reino Unido;Mayo;432
14 Córdoba;Reino Unido;Junio;583
14 Córdoba;Reino Unido;Julio;916
14 Córdoba;Reino Unido;Agosto;947
14 Córdoba;Reino Unido;Septiembre;1.483
14 Córdoba;Reino Unido;Octubre;2.199
14 Córdoba;Reino Unido;Noviembre;1.251
14 Córdoba;Reino Unido;Diciembre;661
14 Córdoba;Rusia;Total;900
14 Córdoba;Rusia;Enero;..
14 Córdoba;Rusia;Febrero;..
14 Córdoba;Rusia;Marzo;43
14 Córdoba;Rusia;Abril;59
14 Córdoba;Rusia;Mayo;75
14 Córdoba;Rusia;Junio;99
14 Córdoba;Rusia;Julio;20
14 Córdoba;Rusia;Agosto;90
14 Córdoba;Rusia;Septiembre;82
14 Córdoba;Rusia;Octubre;185
14 Córdoba;Rusia;Noviembre;127
14 Córdoba;Rusia;Diciembre;88
14 Córdoba;Suiza;Total;4.472
14 Córdoba;Suiza;Enero;..
14 Córdoba;Suiza;Febrero;..
14 Córdoba;Suiza;Marzo;56
14 Córdoba;Suiza;Abril;103
14 Córdoba;Suiza;Mayo;268
14 Córdoba;Suiza;Junio;351
14 Córdoba;Suiza;Julio;498
14 Córdoba;Suiza;Agosto;281
14 Córdoba;Suiza;Septiembre;647
14 Córdoba;Suiza;Octubre;1.277
14 Córdoba;Suiza;Noviembre;741
14 Córdoba;Suiza;Diciembre;226
14 Córdoba;Resto de Europa sin U.E.;Total;3.241
14 Córdoba;Resto de Europa sin U.E.;Enero;51
14 Córdoba;Resto de Europa sin U.E.;Febrero;63
14 Córdoba;Resto de Europa sin U.E.;Marzo;44
14 Córdoba;Resto de Europa sin U.E.;Abril;68
14 Córdoba;Resto de Europa sin U.E.;Mayo;315
14 Córdoba;Resto de Europa sin U.E.;Junio;184
14 Córdoba;Resto de Europa sin U.E.;Julio;238
14 Córdoba;Resto de Europa sin U.E.;Agosto;325
14 Córdoba;Resto de Europa sin U.E.;Septiembre;624
14 Córdoba;Resto de Europa sin U.E.;Octubre;738
14 Córdoba;Resto de Europa sin U.E.;Noviembre;333
14 Córdoba;Resto de Europa sin U.E.;Diciembre;260
14 Córdoba;Japón;Total;317
14 Córdoba;Japón;Enero;..
14 Córdoba;Japón;Febrero;..
14 Córdoba;Japón;Marzo;..
14 Córdoba;Japón;Abril;..
14 Córdoba;Japón;Mayo;..
14 Córdoba;Japón;Junio;..
14 Córdoba;Japón;Julio;36
14 Córdoba;Japón;Agosto;28
14 Córdoba;Japón;Septiembre;41
14 Córdoba;Japón;Octubre;27
14 Córdoba;Japón;Noviembre;66
14 Córdoba;Japón;Diciembre;82
14 Córdoba;República China;Total;964
14 Córdoba;República China;Enero;..
14 Córdoba;República China;Febrero;46
14 Córdoba;República China;Marzo;40
14 Córdoba;República China;Abril;..
14 Córdoba;República China;Mayo;86
14 Córdoba;República China;Junio;99
14 Córdoba;República China;Julio;85
14 Córdoba;República China;Agosto;118
14 Córdoba;República China;Septiembre;55
14 Córdoba;República China;Octubre;113
14 Córdoba;República China;Noviembre;61
14 Córdoba;República China;Diciembre;209
14 Córdoba;Estados Unidos;Total;10.274
14 Córdoba;Estados Unidos;Enero;39
14 Córdoba;Estados Unidos;Febrero;20
14 Córdoba;Estados Unidos;Marzo;17
14 Córdoba;Estados Unidos;Abril;61
14 Córdoba;Estados Unidos;Mayo;257
14 Córdoba;Estados Unidos;Junio;512
14 Córdoba;Estados Unidos;Julio;1.380
14 Córdoba;Estados Unidos;Agosto;806
14 Córdoba;Estados Unidos;Septiembre;1.590
14 Córdoba;Estados Unidos;Octubre;1.827
14 Córdoba;Estados Unidos;Noviembre;2.085
14 Córdoba;Estados Unidos;Diciembre;1.681
14 Córdoba;Resto de América;Total;14.686
14 Córdoba;Resto de América;Enero;180
14 Córdoba;Resto de América;Febrero;150
14 Córdoba;Resto de América;Marzo;197
14 Córdoba;Resto de América;Abril;228
14 Córdoba;Resto de América;Mayo;503
14 Córdoba;Resto de América;Junio;708
14 Córdoba;Resto de América;Julio;1.400
14 Córdoba;Resto de América;Agosto;1.262
14 Córdoba;Resto de América;Septiembre;2.361
14 Córdoba;Resto de América;Octubre;2.723
14 Córdoba;Resto de América;Noviembre;2.171
14 Córdoba;Resto de América;Diciembre;2.804
14 Córdoba;Países africanos;Total;2.120
14 Córdoba;Países africanos;Enero;95
14 Córdoba;Países africanos;Febrero;41
14 Córdoba;Países africanos;Marzo;49
14 Córdoba;Países africanos;Abril;50
14 Córdoba;Países africanos;Mayo;164
14 Córdoba;Países africanos;Junio;149
14 Córdoba;Países africanos;Julio;151
14 Córdoba;Países africanos;Agosto;262
14 Córdoba;Países africanos;Septiembre;342
14 Córdoba;Países africanos;Octubre;338
14 Córdoba;Países africanos;Noviembre;228
14 Córdoba;Países africanos;Diciembre;252
15 Coruña, A;Total;Total;1.356.397
15 Coruña, A;Total;Enero;18.294
15 Coruña, A;Total;Febrero;17.568
15 Coruña, A;Total;Marzo;34.219
15 Coruña, A;Total;Abril;41.847
15 Coruña, A;Total;Mayo;59.523
15 Coruña, A;Total;Junio;111.608
15 Coruña, A;Total;Julio;213.074
15 Coruña, A;Total;Agosto;276.705
15 Coruña, A;Total;Septiembre;205.471
15 Coruña, A;Total;Octubre;184.128
15 Coruña, A;Total;Noviembre;108.641
15 Coruña, A;Total;Diciembre;85.318
15 Coruña, A;Residentes en España;Total;1.117.403
15 Coruña, A;Residentes en España;Enero;16.597
15 Coruña, A;Residentes en España;Febrero;16.188
15 Coruña, A;Residentes en España;Marzo;31.340
15 Coruña, A;Residentes en España;Abril;38.958
15 Coruña, A;Residentes en España;Mayo;51.953
15 Coruña, A;Residentes en España;Junio;94.042
15 Coruña, A;Residentes en España;Julio;181.981
15 Coruña, A;Residentes en España;Agosto;238.614
15 Coruña, A;Residentes en España;Septiembre;155.066
15 Coruña, A;Residentes en España;Octubre;131.919
15 Coruña, A;Residentes en España;Noviembre;87.886
15 Coruña, A;Residentes en España;Diciembre;72.860
15 Coruña, A;No residentes en España;Total;238.994
15 Coruña, A;No residentes en España;Enero;1.697
15 Coruña, A;No residentes en España;Febrero;1.380
15 Coruña, A;No residentes en España;Marzo;2.879
15 Coruña, A;No residentes en España;Abril;2.890
15 Coruña, A;No residentes en España;Mayo;7.570
15 Coruña, A;No residentes en España;Junio;17.566
15 Coruña, A;No residentes en España;Julio;31.093
15 Coruña, A;No residentes en España;Agosto;38.091
15 Coruña, A;No residentes en España;Septiembre;50.405
15 Coruña, A;No residentes en España;Octubre;52.210
15 Coruña, A;No residentes en España;Noviembre;20.755
15 Coruña, A;No residentes en España;Diciembre;12.458
15 Coruña, A;Unión Europea 27 (sin España);Total;152.172
15 Coruña, A;Unión Europea 27 (sin España);Enero;1.087
15 Coruña, A;Unión Europea 27 (sin España);Febrero;886
15 Coruña, A;Unión Europea 27 (sin España);Marzo;1.827
15 Coruña, A;Unión Europea 27 (sin España);Abril;1.926
15 Coruña, A;Unión Europea 27 (sin España);Mayo;5.392
15 Coruña, A;Unión Europea 27 (sin España);Junio;13.567
15 Coruña, A;Unión Europea 27 (sin España);Julio;20.071
15 Coruña, A;Unión Europea 27 (sin España);Agosto;26.536
15 Coruña, A;Unión Europea 27 (sin España);Septiembre;32.273
15 Coruña, A;Unión Europea 27 (sin España);Octubre;31.182
15 Coruña, A;Unión Europea 27 (sin España);Noviembre;11.660
15 Coruña, A;Unión Europea 27 (sin España);Diciembre;5.764
15 Coruña, A;Alemania;Total;24.207
15 Coruña, A;Alemania;Enero;164
15 Coruña, A;Alemania;Febrero;91
15 Coruña, A;Alemania;Marzo;165
15 Coruña, A;Alemania;Abril;325
15 Coruña, A;Alemania;Mayo;961
15 Coruña, A;Alemania;Junio;1.954
15 Coruña, A;Alemania;Julio;2.988
15 Coruña, A;Alemania;Agosto;3.804
15 Coruña, A;Alemania;Septiembre;5.640
15 Coruña, A;Alemania;Octubre;6.042
15 Coruña, A;Alemania;Noviembre;1.509
15 Coruña, A;Alemania;Diciembre;565
15 Coruña, A;Austria;Total;2.433
15 Coruña, A;Austria;Enero;..
15 Coruña, A;Austria;Febrero;..
15 Coruña, A;Austria;Marzo;15
15 Coruña, A;Austria;Abril;11
15 Coruña, A;Austria;Mayo;59
15 Coruña, A;Austria;Junio;170
15 Coruña, A;Austria;Julio;253
15 Coruña, A;Austria;Agosto;391
15 Coruña, A;Austria;Septiembre;709
15 Coruña, A;Austria;Octubre;620
15 Coruña, A;Austria;Noviembre;172
15 Coruña, A;Austria;Diciembre;28
15 Coruña, A;Bélgica;Total;5.875
15 Coruña, A;Bélgica;Enero;..
15 Coruña, A;Bélgica;Febrero;..
15 Coruña, A;Bélgica;Marzo;17
15 Coruña, A;Bélgica;Abril;68
15 Coruña, A;Bélgica;Mayo;103
15 Coruña, A;Bélgica;Junio;351
15 Coruña, A;Bélgica;Julio;1.133
15 Coruña, A;Bélgica;Agosto;1.044
15 Coruña, A;Bélgica;Septiembre;1.666
15 Coruña, A;Bélgica;Octubre;1.036
15 Coruña, A;Bélgica;Noviembre;305
15 Coruña, A;Bélgica;Diciembre;130
15 Coruña, A;Dinamarca;Total;2.966
15 Coruña, A;Dinamarca;Enero;..
15 Coruña, A;Dinamarca;Febrero;..
15 Coruña, A;Dinamarca;Marzo;19
15 Coruña, A;Dinamarca;Abril;38
15 Coruña, A;Dinamarca;Mayo;78
15 Coruña, A;Dinamarca;Junio;92
15 Coruña, A;Dinamarca;Julio;523
15 Coruña, A;Dinamarca;Agosto;362
15 Coruña, A;Dinamarca;Septiembre;816
15 Coruña, A;Dinamarca;Octubre;854
15 Coruña, A;Dinamarca;Noviembre;135
15 Coruña, A;Dinamarca;Diciembre;41
15 Coruña, A;Finlandia;Total;545
15 Coruña, A;Finlandia;Enero;..
15 Coruña, A;Finlandia;Febrero;..
15 Coruña, A;Finlandia;Marzo;..
15 Coruña, A;Finlandia;Abril;..
15 Coruña, A;Finlandia;Mayo;38
15 Coruña, A;Finlandia;Junio;20
15 Coruña, A;Finlandia;Julio;64
15 Coruña, A;Finlandia;Agosto;33
15 Coruña, A;Finlandia;Septiembre;107
15 Coruña, A;Finlandia;Octubre;202
15 Coruña, A;Finlandia;Noviembre;50
15 Coruña, A;Finlandia;Diciembre;24
15 Coruña, A;Francia;Total;21.856
15 Coruña, A;Francia;Enero;159
15 Coruña, A;Francia;Febrero;155
15 Coruña, A;Francia;Marzo;311
15 Coruña, A;Francia;Abril;284
15 Coruña, A;Francia;Mayo;635
15 Coruña, A;Francia;Junio;1.842
15 Coruña, A;Francia;Julio;3.367
15 Coruña, A;Francia;Agosto;4.254
15 Coruña, A;Francia;Septiembre;4.874
15 Coruña, A;Francia;Octubre;3.607
15 Coruña, A;Francia;Noviembre;1.430
15 Coruña, A;Francia;Diciembre;936
15 Coruña, A;Grecia;Total;1.062
15 Coruña, A;Grecia;Enero;..
15 Coruña, A;Grecia;Febrero;31
15 Coruña, A;Grecia;Marzo;24
15 Coruña, A;Grecia;Abril;..
15 Coruña, A;Grecia;Mayo;22
15 Coruña, A;Grecia;Junio;46
15 Coruña, A;Grecia;Julio;118
15 Coruña, A;Grecia;Agosto;286
15 Coruña, A;Grecia;Septiembre;264
15 Coruña, A;Grecia;Octubre;161
15 Coruña, A;Grecia;Noviembre;45
15 Coruña, A;Grecia;Diciembre;41
15 Coruña, A;Irlanda;Total;5.526
15 Coruña, A;Irlanda;Enero;46
15 Coruña, A;Irlanda;Febrero;..
15 Coruña, A;Irlanda;Marzo;..
15 Coruña, A;Irlanda;Abril;..
15 Coruña, A;Irlanda;Mayo;75
15 Coruña, A;Irlanda;Junio;105
15 Coruña, A;Irlanda;Julio;499
15 Coruña, A;Irlanda;Agosto;794
15 Coruña, A;Irlanda;Septiembre;1.768
15 Coruña, A;Irlanda;Octubre;1.929
15 Coruña, A;Irlanda;Noviembre;217
15 Coruña, A;Irlanda;Diciembre;78
15 Coruña, A;Italia;Total;22.546
15 Coruña, A;Italia;Enero;118
15 Coruña, A;Italia;Febrero;50
15 Coruña, A;Italia;Marzo;244
15 Coruña, A;Italia;Abril;320
15 Coruña, A;Italia;Mayo;590
15 Coruña, A;Italia;Junio;1.554
15 Coruña, A;Italia;Julio;3.330
15 Coruña, A;Italia;Agosto;5.672
15 Coruña, A;Italia;Septiembre;4.553
15 Coruña, A;Italia;Octubre;3.327
15 Coruña, A;Italia;Noviembre;1.874
15 Coruña, A;Italia;Diciembre;914
15 Coruña, A;Luxemburgo;Total;368
15 Coruña, A;Luxemburgo;Enero;..
15 Coruña, A;Luxemburgo;Febrero;..
15 Coruña, A;Luxemburgo;Marzo;..
15 Coruña, A;Luxemburgo;Abril;..
15 Coruña, A;Luxemburgo;Mayo;19
15 Coruña, A;Luxemburgo;Junio;20
15 Coruña, A;Luxemburgo;Julio;96
15 Coruña, A;Luxemburgo;Agosto;102
15 Coruña, A;Luxemburgo;Septiembre;55
15 Coruña, A;Luxemburgo;Octubre;57
15 Coruña, A;Luxemburgo;Noviembre;14
15 Coruña, A;Luxemburgo;Diciembre;..
15 Coruña, A;Países Bajos;Total;8.196
15 Coruña, A;Países Bajos;Enero;63
15 Coruña, A;Países Bajos;Febrero;59
15 Coruña, A;Países Bajos;Marzo;51
15 Coruña, A;Países Bajos;Abril;100
15 Coruña, A;Países Bajos;Mayo;268
15 Coruña, A;Países Bajos;Junio;354
15 Coruña, A;Países Bajos;Julio;987
15 Coruña, A;Países Bajos;Agosto;1.303
15 Coruña, A;Países Bajos;Septiembre;2.002
15 Coruña, A;Países Bajos;Octubre;2.167
15 Coruña, A;Países Bajos;Noviembre;682
15 Coruña, A;Países Bajos;Diciembre;161
15 Coruña, A;Polonia;Total;4.084
15 Coruña, A;Polonia;Enero;35
15 Coruña, A;Polonia;Febrero;34
15 Coruña, A;Polonia;Marzo;28
15 Coruña, A;Polonia;Abril;37
15 Coruña, A;Polonia;Mayo;104
15 Coruña, A;Polonia;Junio;293
15 Coruña, A;Polonia;Julio;730
15 Coruña, A;Polonia;Agosto;702
15 Coruña, A;Polonia;Septiembre;985
15 Coruña, A;Polonia;Octubre;859
15 Coruña, A;Polonia;Noviembre;196
15 Coruña, A;Polonia;Diciembre;80
15 Coruña, A;Portugal;Total;42.905
15 Coruña, A;Portugal;Enero;375
15 Coruña, A;Portugal;Febrero;354
15 Coruña, A;Portugal;Marzo;689
15 Coruña, A;Portugal;Abril;525
15 Coruña, A;Portugal;Mayo;1.972
15 Coruña, A;Portugal;Junio;6.015
15 Coruña, A;Portugal;Julio;4.422
15 Coruña, A;Portugal;Agosto;6.627
15 Coruña, A;Portugal;Septiembre;6.871
15 Coruña, A;Portugal;Octubre;8.481
15 Coruña, A;Portugal;Noviembre;4.275
15 Coruña, A;Portugal;Diciembre;2.299
15 Coruña, A;República Checa;Total;1.661
15 Coruña, A;República Checa;Enero;..
15 Coruña, A;República Checa;Febrero;..
15 Coruña, A;República Checa;Marzo;..
15 Coruña, A;República Checa;Abril;18
15 Coruña, A;República Checa;Mayo;70
15 Coruña, A;República Checa;Junio;176
15 Coruña, A;República Checa;Julio;337
15 Coruña, A;República Checa;Agosto;235
15 Coruña, A;República Checa;Septiembre;367
15 Coruña, A;República Checa;Octubre;289
15 Coruña, A;República Checa;Noviembre;134
15 Coruña, A;República Checa;Diciembre;31
15 Coruña, A;Suecia;Total;1.933
15 Coruña, A;Suecia;Enero;23
15 Coruña, A;Suecia;Febrero;14
15 Coruña, A;Suecia;Marzo;11
15 Coruña, A;Suecia;Abril;24
15 Coruña, A;Suecia;Mayo;109
15 Coruña, A;Suecia;Junio;87
15 Coruña, A;Suecia;Julio;278
15 Coruña, A;Suecia;Agosto;145
15 Coruña, A;Suecia;Septiembre;417
15 Coruña, A;Suecia;Octubre;606
15 Coruña, A;Suecia;Noviembre;167
15 Coruña, A;Suecia;Diciembre;53
15 Coruña, A;Noruega;Total;1.003
15 Coruña, A;Noruega;Enero;..
15 Coruña, A;Noruega;Febrero;27
15 Coruña, A;Noruega;Marzo;..
15 Coruña, A;Noruega;Abril;30
15 Coruña, A;Noruega;Mayo;27
15 Coruña, A;Noruega;Junio;87
15 Coruña, A;Noruega;Julio;124
15 Coruña, A;Noruega;Agosto;117
15 Coruña, A;Noruega;Septiembre;165
15 Coruña, A;Noruega;Octubre;303
15 Coruña, A;Noruega;Noviembre;82
15 Coruña, A;Noruega;Diciembre;37
15 Coruña, A;Reino Unido;Total;9.596
15 Coruña, A;Reino Unido;Enero;45
15 Coruña, A;Reino Unido;Febrero;28
15 Coruña, A;Reino Unido;Marzo;82
15 Coruña, A;Reino Unido;Abril;48
15 Coruña, A;Reino Unido;Mayo;286
15 Coruña, A;Reino Unido;Junio;574
15 Coruña, A;Reino Unido;Julio;1.181
15 Coruña, A;Reino Unido;Agosto;1.491
15 Coruña, A;Reino Unido;Septiembre;2.275
15 Coruña, A;Reino Unido;Octubre;2.387
15 Coruña, A;Reino Unido;Noviembre;767
15 Coruña, A;Reino Unido;Diciembre;433
15 Coruña, A;Rusia;Total;1.202
15 Coruña, A;Rusia;Enero;34
15 Coruña, A;Rusia;Febrero;..
15 Coruña, A;Rusia;Marzo;..
15 Coruña, A;Rusia;Abril;25
15 Coruña, A;Rusia;Mayo;16
15 Coruña, A;Rusia;Junio;86
15 Coruña, A;Rusia;Julio;176
15 Coruña, A;Rusia;Agosto;275
15 Coruña, A;Rusia;Septiembre;225
15 Coruña, A;Rusia;Octubre;164
15 Coruña, A;Rusia;Noviembre;105
15 Coruña, A;Rusia;Diciembre;70
15 Coruña, A;Suiza;Total;6.601
15 Coruña, A;Suiza;Enero;..
15 Coruña, A;Suiza;Febrero;..
15 Coruña, A;Suiza;Marzo;108
15 Coruña, A;Suiza;Abril;224
15 Coruña, A;Suiza;Mayo;148
15 Coruña, A;Suiza;Junio;370
15 Coruña, A;Suiza;Julio;1.414
15 Coruña, A;Suiza;Agosto;986
15 Coruña, A;Suiza;Septiembre;1.146
15 Coruña, A;Suiza;Octubre;1.332
15 Coruña, A;Suiza;Noviembre;574
15 Coruña, A;Suiza;Diciembre;274
15 Coruña, A;Resto de Europa sin U.E.;Total;6.022
15 Coruña, A;Resto de Europa sin U.E.;Enero;77
15 Coruña, A;Resto de Europa sin U.E.;Febrero;38
15 Coruña, A;Resto de Europa sin U.E.;Marzo;235
15 Coruña, A;Resto de Europa sin U.E.;Abril;28
15 Coruña, A;Resto de Europa sin U.E.;Mayo;85
15 Coruña, A;Resto de Europa sin U.E.;Junio;274
15 Coruña, A;Resto de Europa sin U.E.;Julio;488
15 Coruña, A;Resto de Europa sin U.E.;Agosto;1.016
15 Coruña, A;Resto de Europa sin U.E.;Septiembre;699
15 Coruña, A;Resto de Europa sin U.E.;Octubre;1.266
15 Coruña, A;Resto de Europa sin U.E.;Noviembre;566
15 Coruña, A;Resto de Europa sin U.E.;Diciembre;1.251
15 Coruña, A;Japón;Total;611
15 Coruña, A;Japón;Enero;..
15 Coruña, A;Japón;Febrero;..
15 Coruña, A;Japón;Marzo;34
15 Coruña, A;Japón;Abril;..
15 Coruña, A;Japón;Mayo;32
15 Coruña, A;Japón;Junio;35
15 Coruña, A;Japón;Julio;83
15 Coruña, A;Japón;Agosto;77
15 Coruña, A;Japón;Septiembre;116
15 Coruña, A;Japón;Octubre;100
15 Coruña, A;Japón;Noviembre;52
15 Coruña, A;Japón;Diciembre;74
15 Coruña, A;República China;Total;1.243
15 Coruña, A;República China;Enero;54
15 Coruña, A;República China;Febrero;41
15 Coruña, A;República China;Marzo;..
15 Coruña, A;República China;Abril;..
15 Coruña, A;República China;Mayo;69
15 Coruña, A;República China;Junio;66
15 Coruña, A;República China;Julio;101
15 Coruña, A;República China;Agosto;143
15 Coruña, A;República China;Septiembre;196
15 Coruña, A;República China;Octubre;327
15 Coruña, A;República China;Noviembre;73
15 Coruña, A;República China;Diciembre;140
15 Coruña, A;Estados Unidos;Total;22.068
15 Coruña, A;Estados Unidos;Enero;..
15 Coruña, A;Estados Unidos;Febrero;..
15 Coruña, A;Estados Unidos;Marzo;34
15 Coruña, A;Estados Unidos;Abril;46
15 Coruña, A;Estados Unidos;Mayo;163
15 Coruña, A;Estados Unidos;Junio;623
15 Coruña, A;Estados Unidos;Julio;3.007
15 Coruña, A;Estados Unidos;Agosto;2.395
15 Coruña, A;Estados Unidos;Septiembre;6.071
15 Coruña, A;Estados Unidos;Octubre;6.818
15 Coruña, A;Estados Unidos;Noviembre;2.055
15 Coruña, A;Estados Unidos;Diciembre;829
15 Coruña, A;Resto de América;Total;27.161
15 Coruña, A;Resto de América;Enero;327
15 Coruña, A;Resto de América;Febrero;270
15 Coruña, A;Resto de América;Marzo;304
15 Coruña, A;Resto de América;Abril;401
15 Coruña, A;Resto de América;Mayo;668
15 Coruña, A;Resto de América;Junio;1.213
15 Coruña, A;Resto de América;Julio;3.041
15 Coruña, A;Resto de América;Agosto;2.927
15 Coruña, A;Resto de América;Septiembre;5.018
15 Coruña, A;Resto de América;Octubre;6.504
15 Coruña, A;Resto de América;Noviembre;3.712
15 Coruña, A;Resto de América;Diciembre;2.774
15 Coruña, A;Países africanos;Total;1.260
15 Coruña, A;Países africanos;Enero;33
15 Coruña, A;Países africanos;Febrero;12
15 Coruña, A;Países africanos;Marzo;31
15 Coruña, A;Países africanos;Abril;54
15 Coruña, A;Países africanos;Mayo;79
15 Coruña, A;Países africanos;Junio;76
15 Coruña, A;Países africanos;Julio;149
15 Coruña, A;Países africanos;Agosto;187
15 Coruña, A;Países africanos;Septiembre;177
15 Coruña, A;Países africanos;Octubre;168
15 Coruña, A;Países africanos;Noviembre;179
15 Coruña, A;Países africanos;Diciembre;117
16 Cuenca;Total;Total;229.566
16 Cuenca;Total;Enero;3.164
16 Cuenca;Total;Febrero;5.342
16 Cuenca;Total;Marzo;9.733
16 Cuenca;Total;Abril;10.137
16 Cuenca;Total;Mayo;14.107
16 Cuenca;Total;Junio;21.412
16 Cuenca;Total;Julio;26.313
16 Cuenca;Total;Agosto;39.986
16 Cuenca;Total;Septiembre;28.864
16 Cuenca;Total;Octubre;29.172
16 Cuenca;Total;Noviembre;22.458
16 Cuenca;Total;Diciembre;18.879
16 Cuenca;Residentes en España;Total;207.733
16 Cuenca;Residentes en España;Enero;2.774
16 Cuenca;Residentes en España;Febrero;5.112
16 Cuenca;Residentes en España;Marzo;9.168
16 Cuenca;Residentes en España;Abril;9.633
16 Cuenca;Residentes en España;Mayo;13.187
16 Cuenca;Residentes en España;Junio;19.970
16 Cuenca;Residentes en España;Julio;23.509
16 Cuenca;Residentes en España;Agosto;36.555
16 Cuenca;Residentes en España;Septiembre;25.659
16 Cuenca;Residentes en España;Octubre;25.206
16 Cuenca;Residentes en España;Noviembre;20.125
16 Cuenca;Residentes en España;Diciembre;16.834
16 Cuenca;No residentes en España;Total;21.833
16 Cuenca;No residentes en España;Enero;390
16 Cuenca;No residentes en España;Febrero;231
16 Cuenca;No residentes en España;Marzo;564
16 Cuenca;No residentes en España;Abril;504
16 Cuenca;No residentes en España;Mayo;920
16 Cuenca;No residentes en España;Junio;1.441
16 Cuenca;No residentes en España;Julio;2.803
16 Cuenca;No residentes en España;Agosto;3.431
16 Cuenca;No residentes en España;Septiembre;3.206
16 Cuenca;No residentes en España;Octubre;3.965
16 Cuenca;No residentes en España;Noviembre;2.333
16 Cuenca;No residentes en España;Diciembre;2.046
16 Cuenca;Unión Europea 27 (sin España);Total;10.821
16 Cuenca;Unión Europea 27 (sin España);Enero;224
16 Cuenca;Unión Europea 27 (sin España);Febrero;140
16 Cuenca;Unión Europea 27 (sin España);Marzo;225
16 Cuenca;Unión Europea 27 (sin España);Abril;281
16 Cuenca;Unión Europea 27 (sin España);Mayo;552
16 Cuenca;Unión Europea 27 (sin España);Junio;938
16 Cuenca;Unión Europea 27 (sin España);Julio;1.271
16 Cuenca;Unión Europea 27 (sin España);Agosto;1.872
16 Cuenca;Unión Europea 27 (sin España);Septiembre;1.571
16 Cuenca;Unión Europea 27 (sin España);Octubre;1.987
16 Cuenca;Unión Europea 27 (sin España);Noviembre;1.093
16 Cuenca;Unión Europea 27 (sin España);Diciembre;666
16 Cuenca;Alemania;Total;1.331
16 Cuenca;Alemania;Enero;..
16 Cuenca;Alemania;Febrero;20
16 Cuenca;Alemania;Marzo;..
16 Cuenca;Alemania;Abril;22
16 Cuenca;Alemania;Mayo;61
16 Cuenca;Alemania;Junio;94
16 Cuenca;Alemania;Julio;262
16 Cuenca;Alemania;Agosto;129
16 Cuenca;Alemania;Septiembre;127
16 Cuenca;Alemania;Octubre;251
16 Cuenca;Alemania;Noviembre;235
16 Cuenca;Alemania;Diciembre;92
16 Cuenca;Austria;Total;165
16 Cuenca;Austria;Enero;..
16 Cuenca;Austria;Febrero;..
16 Cuenca;Austria;Marzo;..
16 Cuenca;Austria;Abril;17
16 Cuenca;Austria;Mayo;..
16 Cuenca;Austria;Junio;..
16 Cuenca;Austria;Julio;..
16 Cuenca;Austria;Agosto;..
16 Cuenca;Austria;Septiembre;50
16 Cuenca;Austria;Octubre;..
16 Cuenca;Austria;Noviembre;..
16 Cuenca;Austria;Diciembre;..
16 Cuenca;Bélgica;Total;941
16 Cuenca;Bélgica;Enero;..
16 Cuenca;Bélgica;Febrero;..
16 Cuenca;Bélgica;Marzo;..
16 Cuenca;Bélgica;Abril;20
16 Cuenca;Bélgica;Mayo;19
16 Cuenca;Bélgica;Junio;34
16 Cuenca;Bélgica;Julio;107
16 Cuenca;Bélgica;Agosto;175
16 Cuenca;Bélgica;Septiembre;302
16 Cuenca;Bélgica;Octubre;168
16 Cuenca;Bélgica;Noviembre;38
16 Cuenca;Bélgica;Diciembre;76
16 Cuenca;Dinamarca;Total;176
16 Cuenca;Dinamarca;Enero;..
16 Cuenca;Dinamarca;Febrero;..
16 Cuenca;Dinamarca;Marzo;..
16 Cuenca;Dinamarca;Abril;..
16 Cuenca;Dinamarca;Mayo;18
16 Cuenca;Dinamarca;Junio;41
16 Cuenca;Dinamarca;Julio;21
16 Cuenca;Dinamarca;Agosto;22
16 Cuenca;Dinamarca;Septiembre;19
16 Cuenca;Dinamarca;Octubre;..
16 Cuenca;Dinamarca;Noviembre;23
16 Cuenca;Dinamarca;Diciembre;20
16 Cuenca;Finlandia;Total;112
16 Cuenca;Finlandia;Enero;..
16 Cuenca;Finlandia;Febrero;..
16 Cuenca;Finlandia;Marzo;..
16 Cuenca;Finlandia;Abril;..
16 Cuenca;Finlandia;Mayo;..
16 Cuenca;Finlandia;Junio;..
16 Cuenca;Finlandia;Julio;..
16 Cuenca;Finlandia;Agosto;..
16 Cuenca;Finlandia;Septiembre;..
16 Cuenca;Finlandia;Octubre;40
16 Cuenca;Finlandia;Noviembre;45
16 Cuenca;Finlandia;Diciembre;..
16 Cuenca;Francia;Total;3.046
16 Cuenca;Francia;Enero;19
16 Cuenca;Francia;Febrero;13
16 Cuenca;Francia;Marzo;36
16 Cuenca;Francia;Abril;82
16 Cuenca;Francia;Mayo;132
16 Cuenca;Francia;Junio;338
16 Cuenca;Francia;Julio;360
16 Cuenca;Francia;Agosto;613
16 Cuenca;Francia;Septiembre;414
16 Cuenca;Francia;Octubre;614
16 Cuenca;Francia;Noviembre;285
16 Cuenca;Francia;Diciembre;139
16 Cuenca;Grecia;Total;54
16 Cuenca;Grecia;Enero;..
16 Cuenca;Grecia;Febrero;..
16 Cuenca;Grecia;Marzo;..
16 Cuenca;Grecia;Abril;..
16 Cuenca;Grecia;Mayo;..
16 Cuenca;Grecia;Junio;..
16 Cuenca;Grecia;Julio;..
16 Cuenca;Grecia;Agosto;..
16 Cuenca;Grecia;Septiembre;..
16 Cuenca;Grecia;Octubre;49
16 Cuenca;Grecia;Noviembre;..
16 Cuenca;Grecia;Diciembre;..
16 Cuenca;Irlanda;Total;224
16 Cuenca;Irlanda;Enero;..
16 Cuenca;Irlanda;Febrero;..
16 Cuenca;Irlanda;Marzo;..
16 Cuenca;Irlanda;Abril;..
16 Cuenca;Irlanda;Mayo;..
16 Cuenca;Irlanda;Junio;21
16 Cuenca;Irlanda;Julio;24
16 Cuenca;Irlanda;Agosto;63
16 Cuenca;Irlanda;Septiembre;25
16 Cuenca;Irlanda;Octubre;64
16 Cuenca;Irlanda;Noviembre;14
16 Cuenca;Irlanda;Diciembre;..
16 Cuenca;Italia;Total;1.161
16 Cuenca;Italia;Enero;39
16 Cuenca;Italia;Febrero;37
16 Cuenca;Italia;Marzo;60
16 Cuenca;Italia;Abril;12
16 Cuenca;Italia;Mayo;83
16 Cuenca;Italia;Junio;81
16 Cuenca;Italia;Julio;103
16 Cuenca;Italia;Agosto;239
16 Cuenca;Italia;Septiembre;87
16 Cuenca;Italia;Octubre;132
16 Cuenca;Italia;Noviembre;164
16 Cuenca;Italia;Diciembre;123
16 Cuenca;Luxemburgo;Total;52
16 Cuenca;Luxemburgo;Enero;..
16 Cuenca;Luxemburgo;Febrero;..
16 Cuenca;Luxemburgo;Marzo;..
16 Cuenca;Luxemburgo;Abril;..
16 Cuenca;Luxemburgo;Mayo;..
16 Cuenca;Luxemburgo;Junio;..
16 Cuenca;Luxemburgo;Julio;25
16 Cuenca;Luxemburgo;Agosto;..
16 Cuenca;Luxemburgo;Septiembre;..
16 Cuenca;Luxemburgo;Octubre;..
16 Cuenca;Luxemburgo;Noviembre;..
16 Cuenca;Luxemburgo;Diciembre;..
16 Cuenca;Países Bajos;Total;1.026
16 Cuenca;Países Bajos;Enero;44
16 Cuenca;Países Bajos;Febrero;..
16 Cuenca;Países Bajos;Marzo;..
16 Cuenca;Países Bajos;Abril;32
16 Cuenca;Países Bajos;Mayo;53
16 Cuenca;Países Bajos;Junio;61
16 Cuenca;Países Bajos;Julio;72
16 Cuenca;Países Bajos;Agosto;164
16 Cuenca;Países Bajos;Septiembre;251
16 Cuenca;Países Bajos;Octubre;214
16 Cuenca;Países Bajos;Noviembre;69
16 Cuenca;Países Bajos;Diciembre;55
16 Cuenca;Polonia;Total;222
16 Cuenca;Polonia;Enero;..
16 Cuenca;Polonia;Febrero;..
16 Cuenca;Polonia;Marzo;..
16 Cuenca;Polonia;Abril;..
16 Cuenca;Polonia;Mayo;..
16 Cuenca;Polonia;Junio;29
16 Cuenca;Polonia;Julio;32
16 Cuenca;Polonia;Agosto;27
16 Cuenca;Polonia;Septiembre;27
16 Cuenca;Polonia;Octubre;60
16 Cuenca;Polonia;Noviembre;23
16 Cuenca;Polonia;Diciembre;..
16 Cuenca;Portugal;Total;961
16 Cuenca;Portugal;Enero;..
16 Cuenca;Portugal;Febrero;21
16 Cuenca;Portugal;Marzo;33
16 Cuenca;Portugal;Abril;..
16 Cuenca;Portugal;Mayo;56
16 Cuenca;Portugal;Junio;112
16 Cuenca;Portugal;Julio;106
16 Cuenca;Portugal;Agosto;251
16 Cuenca;Portugal;Septiembre;97
16 Cuenca;Portugal;Octubre;94
16 Cuenca;Portugal;Noviembre;92
16 Cuenca;Portugal;Diciembre;64
16 Cuenca;República Checa;Total;36
16 Cuenca;República Checa;Enero;..
16 Cuenca;República Checa;Febrero;..
16 Cuenca;República Checa;Marzo;..
16 Cuenca;República Checa;Abril;..
16 Cuenca;República Checa;Mayo;..
16 Cuenca;República Checa;Junio;..
16 Cuenca;República Checa;Julio;..
16 Cuenca;República Checa;Agosto;..
16 Cuenca;República Checa;Septiembre;..
16 Cuenca;República Checa;Octubre;..
16 Cuenca;República Checa;Noviembre;..
16 Cuenca;República Checa;Diciembre;..
16 Cuenca;Suecia;Total;196
16 Cuenca;Suecia;Enero;..
16 Cuenca;Suecia;Febrero;..
16 Cuenca;Suecia;Marzo;..
16 Cuenca;Suecia;Abril;..
16 Cuenca;Suecia;Mayo;..
16 Cuenca;Suecia;Junio;..
16 Cuenca;Suecia;Julio;27
16 Cuenca;Suecia;Agosto;35
16 Cuenca;Suecia;Septiembre;..
16 Cuenca;Suecia;Octubre;90
16 Cuenca;Suecia;Noviembre;13
16 Cuenca;Suecia;Diciembre;..
16 Cuenca;Noruega;Total;164
16 Cuenca;Noruega;Enero;..
16 Cuenca;Noruega;Febrero;..
16 Cuenca;Noruega;Marzo;..
16 Cuenca;Noruega;Abril;..
16 Cuenca;Noruega;Mayo;..
16 Cuenca;Noruega;Junio;..
16 Cuenca;Noruega;Julio;..
16 Cuenca;Noruega;Agosto;..
16 Cuenca;Noruega;Septiembre;24
16 Cuenca;Noruega;Octubre;73
16 Cuenca;Noruega;Noviembre;40
16 Cuenca;Noruega;Diciembre;..
16 Cuenca;Reino Unido;Total;1.912
16 Cuenca;Reino Unido;Enero;..
16 Cuenca;Reino Unido;Febrero;..
16 Cuenca;Reino Unido;Marzo;36
16 Cuenca;Reino Unido;Abril;26
16 Cuenca;Reino Unido;Mayo;53
16 Cuenca;Reino Unido;Junio;108
16 Cuenca;Reino Unido;Julio;227
16 Cuenca;Reino Unido;Agosto;260
16 Cuenca;Reino Unido;Septiembre;414
16 Cuenca;Reino Unido;Octubre;513
16 Cuenca;Reino Unido;Noviembre;155
16 Cuenca;Reino Unido;Diciembre;104
16 Cuenca;Rusia;Total;143
16 Cuenca;Rusia;Enero;..
16 Cuenca;Rusia;Febrero;..
16 Cuenca;Rusia;Marzo;..
16 Cuenca;Rusia;Abril;..
16 Cuenca;Rusia;Mayo;..
16 Cuenca;Rusia;Junio;..
16 Cuenca;Rusia;Julio;22
16 Cuenca;Rusia;Agosto;45
16 Cuenca;Rusia;Septiembre;..
16 Cuenca;Rusia;Octubre;..
16 Cuenca;Rusia;Noviembre;20
16 Cuenca;Rusia;Diciembre;..
16 Cuenca;Suiza;Total;448
16 Cuenca;Suiza;Enero;..
16 Cuenca;Suiza;Febrero;..
16 Cuenca;Suiza;Marzo;..
16 Cuenca;Suiza;Abril;29
16 Cuenca;Suiza;Mayo;36
16 Cuenca;Suiza;Junio;45
16 Cuenca;Suiza;Julio;47
16 Cuenca;Suiza;Agosto;89
16 Cuenca;Suiza;Septiembre;53
16 Cuenca;Suiza;Octubre;78
16 Cuenca;Suiza;Noviembre;28
16 Cuenca;Suiza;Diciembre;41
16 Cuenca;Resto de Europa sin U.E.;Total;637
16 Cuenca;Resto de Europa sin U.E.;Enero;..
16 Cuenca;Resto de Europa sin U.E.;Febrero;13
16 Cuenca;Resto de Europa sin U.E.;Marzo;..
16 Cuenca;Resto de Europa sin U.E.;Abril;39
16 Cuenca;Resto de Europa sin U.E.;Mayo;42
16 Cuenca;Resto de Europa sin U.E.;Junio;38
16 Cuenca;Resto de Europa sin U.E.;Julio;151
16 Cuenca;Resto de Europa sin U.E.;Agosto;44
16 Cuenca;Resto de Europa sin U.E.;Septiembre;39
16 Cuenca;Resto de Europa sin U.E.;Octubre;68
16 Cuenca;Resto de Europa sin U.E.;Noviembre;98
16 Cuenca;Resto de Europa sin U.E.;Diciembre;89
16 Cuenca;Japón;Total;58
16 Cuenca;Japón;Enero;..
16 Cuenca;Japón;Febrero;..
16 Cuenca;Japón;Marzo;..
16 Cuenca;Japón;Abril;..
16 Cuenca;Japón;Mayo;..
16 Cuenca;Japón;Junio;..
16 Cuenca;Japón;Julio;..
16 Cuenca;Japón;Agosto;..
16 Cuenca;Japón;Septiembre;..
16 Cuenca;Japón;Octubre;..
16 Cuenca;Japón;Noviembre;..
16 Cuenca;Japón;Diciembre;..
16 Cuenca;República China;Total;169
16 Cuenca;República China;Enero;..
16 Cuenca;República China;Febrero;..
16 Cuenca;República China;Marzo;..
16 Cuenca;República China;Abril;..
16 Cuenca;República China;Mayo;..
16 Cuenca;República China;Junio;..
16 Cuenca;República China;Julio;13
16 Cuenca;República China;Agosto;43
16 Cuenca;República China;Septiembre;..
16 Cuenca;República China;Octubre;34
16 Cuenca;República China;Noviembre;..
16 Cuenca;República China;Diciembre;15
16 Cuenca;Estados Unidos;Total;1.011
16 Cuenca;Estados Unidos;Enero;..
16 Cuenca;Estados Unidos;Febrero;..
16 Cuenca;Estados Unidos;Marzo;..
16 Cuenca;Estados Unidos;Abril;19
16 Cuenca;Estados Unidos;Mayo;..
16 Cuenca;Estados Unidos;Junio;31
16 Cuenca;Estados Unidos;Julio;182
16 Cuenca;Estados Unidos;Agosto;105
16 Cuenca;Estados Unidos;Septiembre;163
16 Cuenca;Estados Unidos;Octubre;204
16 Cuenca;Estados Unidos;Noviembre;196
16 Cuenca;Estados Unidos;Diciembre;80
16 Cuenca;Resto de América;Total;2.986
16 Cuenca;Resto de América;Enero;80
16 Cuenca;Resto de América;Febrero;31
16 Cuenca;Resto de América;Marzo;83
16 Cuenca;Resto de América;Abril;60
16 Cuenca;Resto de América;Mayo;173
16 Cuenca;Resto de América;Junio;186
16 Cuenca;Resto de América;Julio;327
16 Cuenca;Resto de América;Agosto;348
16 Cuenca;Resto de América;Septiembre;449
16 Cuenca;Resto de América;Octubre;477
16 Cuenca;Resto de América;Noviembre;348
16 Cuenca;Resto de América;Diciembre;422
16 Cuenca;Países africanos;Total;366
16 Cuenca;Países africanos;Enero;..
16 Cuenca;Países africanos;Febrero;27
16 Cuenca;Países africanos;Marzo;25
16 Cuenca;Países africanos;Abril;33
16 Cuenca;Países africanos;Mayo;34
16 Cuenca;Países africanos;Junio;20
16 Cuenca;Países africanos;Julio;..
16 Cuenca;Países africanos;Agosto;45
16 Cuenca;Países africanos;Septiembre;..
16 Cuenca;Países africanos;Octubre;32
16 Cuenca;Países africanos;Noviembre;34
16 Cuenca;Países africanos;Diciembre;91
20 Gipuzkoa;Total;Total;883.522
20 Gipuzkoa;Total;Enero;20.639
20 Gipuzkoa;Total;Febrero;17.075
20 Gipuzkoa;Total;Marzo;33.579
20 Gipuzkoa;Total;Abril;34.989
20 Gipuzkoa;Total;Mayo;45.312
20 Gipuzkoa;Total;Junio;72.096
20 Gipuzkoa;Total;Julio;124.219
20 Gipuzkoa;Total;Agosto;145.692
20 Gipuzkoa;Total;Septiembre;111.816
20 Gipuzkoa;Total;Octubre;121.709
20 Gipuzkoa;Total;Noviembre;84.107
20 Gipuzkoa;Total;Diciembre;72.288
20 Gipuzkoa;Residentes en España;Total;577.268
20 Gipuzkoa;Residentes en España;Enero;14.156
20 Gipuzkoa;Residentes en España;Febrero;12.924
20 Gipuzkoa;Residentes en España;Marzo;27.763
20 Gipuzkoa;Residentes en España;Abril;28.987
20 Gipuzkoa;Residentes en España;Mayo;30.715
20 Gipuzkoa;Residentes en España;Junio;51.253
20 Gipuzkoa;Residentes en España;Julio;79.123
20 Gipuzkoa;Residentes en España;Agosto;93.256
20 Gipuzkoa;Residentes en España;Septiembre;65.488
20 Gipuzkoa;Residentes en España;Octubre;74.213
20 Gipuzkoa;Residentes en España;Noviembre;53.623
20 Gipuzkoa;Residentes en España;Diciembre;45.767
20 Gipuzkoa;No residentes en España;Total;306.253
20 Gipuzkoa;No residentes en España;Enero;6.483
20 Gipuzkoa;No residentes en España;Febrero;4.151
20 Gipuzkoa;No residentes en España;Marzo;5.816
20 Gipuzkoa;No residentes en España;Abril;6.001
20 Gipuzkoa;No residentes en España;Mayo;14.598
20 Gipuzkoa;No residentes en España;Junio;20.843
20 Gipuzkoa;No residentes en España;Julio;45.096
20 Gipuzkoa;No residentes en España;Agosto;52.437
20 Gipuzkoa;No residentes en España;Septiembre;46.328
20 Gipuzkoa;No residentes en España;Octubre;47.496
20 Gipuzkoa;No residentes en España;Noviembre;30.485
20 Gipuzkoa;No residentes en España;Diciembre;26.521
20 Gipuzkoa;Unión Europea 27 (sin España);Total;224.950
20 Gipuzkoa;Unión Europea 27 (sin España);Enero;5.449
20 Gipuzkoa;Unión Europea 27 (sin España);Febrero;3.136
20 Gipuzkoa;Unión Europea 27 (sin España);Marzo;4.703
20 Gipuzkoa;Unión Europea 27 (sin España);Abril;4.639
20 Gipuzkoa;Unión Europea 27 (sin España);Mayo;12.303
20 Gipuzkoa;Unión Europea 27 (sin España);Junio;16.126
20 Gipuzkoa;Unión Europea 27 (sin España);Julio;32.720
20 Gipuzkoa;Unión Europea 27 (sin España);Agosto;40.032
20 Gipuzkoa;Unión Europea 27 (sin España);Septiembre;31.652
20 Gipuzkoa;Unión Europea 27 (sin España);Octubre;32.439
20 Gipuzkoa;Unión Europea 27 (sin España);Noviembre;22.288
20 Gipuzkoa;Unión Europea 27 (sin España);Diciembre;19.463
20 Gipuzkoa;Alemania;Total;18.520
20 Gipuzkoa;Alemania;Enero;320
20 Gipuzkoa;Alemania;Febrero;190
20 Gipuzkoa;Alemania;Marzo;348
20 Gipuzkoa;Alemania;Abril;433
20 Gipuzkoa;Alemania;Mayo;711
20 Gipuzkoa;Alemania;Junio;1.379
20 Gipuzkoa;Alemania;Julio;2.970
20 Gipuzkoa;Alemania;Agosto;2.792
20 Gipuzkoa;Alemania;Septiembre;3.734
20 Gipuzkoa;Alemania;Octubre;3.198
20 Gipuzkoa;Alemania;Noviembre;1.410
20 Gipuzkoa;Alemania;Diciembre;1.036
20 Gipuzkoa;Austria;Total;2.211
20 Gipuzkoa;Austria;Enero;35
20 Gipuzkoa;Austria;Febrero;..
20 Gipuzkoa;Austria;Marzo;..
20 Gipuzkoa;Austria;Abril;16
20 Gipuzkoa;Austria;Mayo;60
20 Gipuzkoa;Austria;Junio;101
20 Gipuzkoa;Austria;Julio;317
20 Gipuzkoa;Austria;Agosto;533
20 Gipuzkoa;Austria;Septiembre;279
20 Gipuzkoa;Austria;Octubre;311
20 Gipuzkoa;Austria;Noviembre;471
20 Gipuzkoa;Austria;Diciembre;67
20 Gipuzkoa;Bélgica;Total;14.602
20 Gipuzkoa;Bélgica;Enero;246
20 Gipuzkoa;Bélgica;Febrero;112
20 Gipuzkoa;Bélgica;Marzo;316
20 Gipuzkoa;Bélgica;Abril;375
20 Gipuzkoa;Bélgica;Mayo;879
20 Gipuzkoa;Bélgica;Junio;1.088
20 Gipuzkoa;Bélgica;Julio;3.581
20 Gipuzkoa;Bélgica;Agosto;2.802
20 Gipuzkoa;Bélgica;Septiembre;1.928
20 Gipuzkoa;Bélgica;Octubre;1.416
20 Gipuzkoa;Bélgica;Noviembre;960
20 Gipuzkoa;Bélgica;Diciembre;902
20 Gipuzkoa;Dinamarca;Total;2.144
20 Gipuzkoa;Dinamarca;Enero;..
20 Gipuzkoa;Dinamarca;Febrero;..
20 Gipuzkoa;Dinamarca;Marzo;20
20 Gipuzkoa;Dinamarca;Abril;19
20 Gipuzkoa;Dinamarca;Mayo;48
20 Gipuzkoa;Dinamarca;Junio;127
20 Gipuzkoa;Dinamarca;Julio;709
20 Gipuzkoa;Dinamarca;Agosto;294
20 Gipuzkoa;Dinamarca;Septiembre;372
20 Gipuzkoa;Dinamarca;Octubre;359
20 Gipuzkoa;Dinamarca;Noviembre;130
20 Gipuzkoa;Dinamarca;Diciembre;38
20 Gipuzkoa;Finlandia;Total;840
20 Gipuzkoa;Finlandia;Enero;..
20 Gipuzkoa;Finlandia;Febrero;..
20 Gipuzkoa;Finlandia;Marzo;..
20 Gipuzkoa;Finlandia;Abril;..
20 Gipuzkoa;Finlandia;Mayo;32
20 Gipuzkoa;Finlandia;Junio;84
20 Gipuzkoa;Finlandia;Julio;104
20 Gipuzkoa;Finlandia;Agosto;20
20 Gipuzkoa;Finlandia;Septiembre;231
20 Gipuzkoa;Finlandia;Octubre;176
20 Gipuzkoa;Finlandia;Noviembre;106
20 Gipuzkoa;Finlandia;Diciembre;57
20 Gipuzkoa;Francia;Total;117.197
20 Gipuzkoa;Francia;Enero;2.708
20 Gipuzkoa;Francia;Febrero;1.822
20 Gipuzkoa;Francia;Marzo;2.401
20 Gipuzkoa;Francia;Abril;1.795
20 Gipuzkoa;Francia;Mayo;7.203
20 Gipuzkoa;Francia;Junio;8.351
20 Gipuzkoa;Francia;Julio;14.195
20 Gipuzkoa;Francia;Agosto;20.648
20 Gipuzkoa;Francia;Septiembre;14.097
20 Gipuzkoa;Francia;Octubre;17.379
20 Gipuzkoa;Francia;Noviembre;14.007
20 Gipuzkoa;Francia;Diciembre;12.591
20 Gipuzkoa;Grecia;Total;1.562
20 Gipuzkoa;Grecia;Enero;..
20 Gipuzkoa;Grecia;Febrero;..
20 Gipuzkoa;Grecia;Marzo;19
20 Gipuzkoa;Grecia;Abril;..
20 Gipuzkoa;Grecia;Mayo;471
20 Gipuzkoa;Grecia;Junio;..
20 Gipuzkoa;Grecia;Julio;95
20 Gipuzkoa;Grecia;Agosto;291
20 Gipuzkoa;Grecia;Septiembre;257
20 Gipuzkoa;Grecia;Octubre;153
20 Gipuzkoa;Grecia;Noviembre;214
20 Gipuzkoa;Grecia;Diciembre;43
20 Gipuzkoa;Irlanda;Total;3.544
20 Gipuzkoa;Irlanda;Enero;..
20 Gipuzkoa;Irlanda;Febrero;..
20 Gipuzkoa;Irlanda;Marzo;54
20 Gipuzkoa;Irlanda;Abril;69
20 Gipuzkoa;Irlanda;Mayo;55
20 Gipuzkoa;Irlanda;Junio;94
20 Gipuzkoa;Irlanda;Julio;476
20 Gipuzkoa;Irlanda;Agosto;586
20 Gipuzkoa;Irlanda;Septiembre;874
20 Gipuzkoa;Irlanda;Octubre;790
20 Gipuzkoa;Irlanda;Noviembre;303
20 Gipuzkoa;Irlanda;Diciembre;191
20 Gipuzkoa;Italia;Total;10.521
20 Gipuzkoa;Italia;Enero;159
20 Gipuzkoa;Italia;Febrero;171
20 Gipuzkoa;Italia;Marzo;329
20 Gipuzkoa;Italia;Abril;293
20 Gipuzkoa;Italia;Mayo;407
20 Gipuzkoa;Italia;Junio;754
20 Gipuzkoa;Italia;Julio;1.287
20 Gipuzkoa;Italia;Agosto;2.366
20 Gipuzkoa;Italia;Septiembre;1.281
20 Gipuzkoa;Italia;Octubre;1.603
20 Gipuzkoa;Italia;Noviembre;1.026
20 Gipuzkoa;Italia;Diciembre;844
20 Gipuzkoa;Luxemburgo;Total;770
20 Gipuzkoa;Luxemburgo;Enero;..
20 Gipuzkoa;Luxemburgo;Febrero;..
20 Gipuzkoa;Luxemburgo;Marzo;..
20 Gipuzkoa;Luxemburgo;Abril;..
20 Gipuzkoa;Luxemburgo;Mayo;35
20 Gipuzkoa;Luxemburgo;Junio;47
20 Gipuzkoa;Luxemburgo;Julio;181
20 Gipuzkoa;Luxemburgo;Agosto;223
20 Gipuzkoa;Luxemburgo;Septiembre;129
20 Gipuzkoa;Luxemburgo;Octubre;37
20 Gipuzkoa;Luxemburgo;Noviembre;59
20 Gipuzkoa;Luxemburgo;Diciembre;18
20 Gipuzkoa;Países Bajos;Total;19.803
20 Gipuzkoa;Países Bajos;Enero;186
20 Gipuzkoa;Países Bajos;Febrero;212
20 Gipuzkoa;Países Bajos;Marzo;298
20 Gipuzkoa;Países Bajos;Abril;444
20 Gipuzkoa;Países Bajos;Mayo;617
20 Gipuzkoa;Países Bajos;Junio;1.254
20 Gipuzkoa;Países Bajos;Julio;3.612
20 Gipuzkoa;Países Bajos;Agosto;4.284
20 Gipuzkoa;Países Bajos;Septiembre;4.146
20 Gipuzkoa;Países Bajos;Octubre;2.570
20 Gipuzkoa;Países Bajos;Noviembre;960
20 Gipuzkoa;Países Bajos;Diciembre;1.220
20 Gipuzkoa;Polonia;Total;2.870
20 Gipuzkoa;Polonia;Enero;139
20 Gipuzkoa;Polonia;Febrero;81
20 Gipuzkoa;Polonia;Marzo;111
20 Gipuzkoa;Polonia;Abril;45
20 Gipuzkoa;Polonia;Mayo;153
20 Gipuzkoa;Polonia;Junio;248
20 Gipuzkoa;Polonia;Julio;343
20 Gipuzkoa;Polonia;Agosto;585
20 Gipuzkoa;Polonia;Septiembre;515
20 Gipuzkoa;Polonia;Octubre;309
20 Gipuzkoa;Polonia;Noviembre;178
20 Gipuzkoa;Polonia;Diciembre;164
20 Gipuzkoa;Portugal;Total;17.486
20 Gipuzkoa;Portugal;Enero;1.288
20 Gipuzkoa;Portugal;Febrero;288
20 Gipuzkoa;Portugal;Marzo;413
20 Gipuzkoa;Portugal;Abril;584
20 Gipuzkoa;Portugal;Mayo;985
20 Gipuzkoa;Portugal;Junio;1.481
20 Gipuzkoa;Portugal;Julio;2.897
20 Gipuzkoa;Portugal;Agosto;2.805
20 Gipuzkoa;Portugal;Septiembre;1.920
20 Gipuzkoa;Portugal;Octubre;1.939
20 Gipuzkoa;Portugal;Noviembre;1.406
20 Gipuzkoa;Portugal;Diciembre;1.479
20 Gipuzkoa;República Checa;Total;717
20 Gipuzkoa;República Checa;Enero;93
20 Gipuzkoa;República Checa;Febrero;..
20 Gipuzkoa;República Checa;Marzo;19
20 Gipuzkoa;República Checa;Abril;..
20 Gipuzkoa;República Checa;Mayo;37
20 Gipuzkoa;República Checa;Junio;32
20 Gipuzkoa;República Checa;Julio;211
20 Gipuzkoa;República Checa;Agosto;81
20 Gipuzkoa;República Checa;Septiembre;99
20 Gipuzkoa;República Checa;Octubre;55
20 Gipuzkoa;República Checa;Noviembre;34
20 Gipuzkoa;República Checa;Diciembre;43
20 Gipuzkoa;Suecia;Total;4.250
20 Gipuzkoa;Suecia;Enero;..
20 Gipuzkoa;Suecia;Febrero;..
20 Gipuzkoa;Suecia;Marzo;60
20 Gipuzkoa;Suecia;Abril;106
20 Gipuzkoa;Suecia;Mayo;99
20 Gipuzkoa;Suecia;Junio;286
20 Gipuzkoa;Suecia;Julio;701
20 Gipuzkoa;Suecia;Agosto;657
20 Gipuzkoa;Suecia;Septiembre;910
20 Gipuzkoa;Suecia;Octubre;922
20 Gipuzkoa;Suecia;Noviembre;304
20 Gipuzkoa;Suecia;Diciembre;170
20 Gipuzkoa;Noruega;Total;1.902
20 Gipuzkoa;Noruega;Enero;39
20 Gipuzkoa;Noruega;Febrero;..
20 Gipuzkoa;Noruega;Marzo;..
20 Gipuzkoa;Noruega;Abril;19
20 Gipuzkoa;Noruega;Mayo;15
20 Gipuzkoa;Noruega;Junio;55
20 Gipuzkoa;Noruega;Julio;151
20 Gipuzkoa;Noruega;Agosto;251
20 Gipuzkoa;Noruega;Septiembre;358
20 Gipuzkoa;Noruega;Octubre;307
20 Gipuzkoa;Noruega;Noviembre;643
20 Gipuzkoa;Noruega;Diciembre;57
20 Gipuzkoa;Reino Unido;Total;14.565
20 Gipuzkoa;Reino Unido;Enero;109
20 Gipuzkoa;Reino Unido;Febrero;103
20 Gipuzkoa;Reino Unido;Marzo;207
20 Gipuzkoa;Reino Unido;Abril;288
20 Gipuzkoa;Reino Unido;Mayo;275
20 Gipuzkoa;Reino Unido;Junio;705
20 Gipuzkoa;Reino Unido;Julio;1.840
20 Gipuzkoa;Reino Unido;Agosto;2.367
20 Gipuzkoa;Reino Unido;Septiembre;3.058
20 Gipuzkoa;Reino Unido;Octubre;3.023
20 Gipuzkoa;Reino Unido;Noviembre;1.420
20 Gipuzkoa;Reino Unido;Diciembre;1.170
20 Gipuzkoa;Rusia;Total;1.645
20 Gipuzkoa;Rusia;Enero;26
20 Gipuzkoa;Rusia;Febrero;25
20 Gipuzkoa;Rusia;Marzo;12
20 Gipuzkoa;Rusia;Abril;18
20 Gipuzkoa;Rusia;Mayo;59
20 Gipuzkoa;Rusia;Junio;143
20 Gipuzkoa;Rusia;Julio;246
20 Gipuzkoa;Rusia;Agosto;281
20 Gipuzkoa;Rusia;Septiembre;251
20 Gipuzkoa;Rusia;Octubre;233
20 Gipuzkoa;Rusia;Noviembre;189
20 Gipuzkoa;Rusia;Diciembre;164
20 Gipuzkoa;Suiza;Total;6.951
20 Gipuzkoa;Suiza;Enero;150
20 Gipuzkoa;Suiza;Febrero;30
20 Gipuzkoa;Suiza;Marzo;41
20 Gipuzkoa;Suiza;Abril;113
20 Gipuzkoa;Suiza;Mayo;278
20 Gipuzkoa;Suiza;Junio;551
20 Gipuzkoa;Suiza;Julio;1.764
20 Gipuzkoa;Suiza;Agosto;1.502
20 Gipuzkoa;Suiza;Septiembre;1.026
20 Gipuzkoa;Suiza;Octubre;985
20 Gipuzkoa;Suiza;Noviembre;267
20 Gipuzkoa;Suiza;Diciembre;243
20 Gipuzkoa;Resto de Europa sin U.E.;Total;4.199
20 Gipuzkoa;Resto de Europa sin U.E.;Enero;79
20 Gipuzkoa;Resto de Europa sin U.E.;Febrero;261
20 Gipuzkoa;Resto de Europa sin U.E.;Marzo;97
20 Gipuzkoa;Resto de Europa sin U.E.;Abril;128
20 Gipuzkoa;Resto de Europa sin U.E.;Mayo;234
20 Gipuzkoa;Resto de Europa sin U.E.;Junio;372
20 Gipuzkoa;Resto de Europa sin U.E.;Julio;502
20 Gipuzkoa;Resto de Europa sin U.E.;Agosto;573
20 Gipuzkoa;Resto de Europa sin U.E.;Septiembre;560
20 Gipuzkoa;Resto de Europa sin U.E.;Octubre;784
20 Gipuzkoa;Resto de Europa sin U.E.;Noviembre;273
20 Gipuzkoa;Resto de Europa sin U.E.;Diciembre;338
20 Gipuzkoa;Japón;Total;927
20 Gipuzkoa;Japón;Enero;..
20 Gipuzkoa;Japón;Febrero;..
20 Gipuzkoa;Japón;Marzo;..
20 Gipuzkoa;Japón;Abril;32
20 Gipuzkoa;Japón;Mayo;25
20 Gipuzkoa;Japón;Junio;45
20 Gipuzkoa;Japón;Julio;133
20 Gipuzkoa;Japón;Agosto;132
20 Gipuzkoa;Japón;Septiembre;77
20 Gipuzkoa;Japón;Octubre;163
20 Gipuzkoa;Japón;Noviembre;119
20 Gipuzkoa;Japón;Diciembre;181
20 Gipuzkoa;República China;Total;999
20 Gipuzkoa;República China;Enero;..
20 Gipuzkoa;República China;Febrero;..
20 Gipuzkoa;República China;Marzo;62
20 Gipuzkoa;República China;Abril;33
20 Gipuzkoa;República China;Mayo;34
20 Gipuzkoa;República China;Junio;90
20 Gipuzkoa;República China;Julio;123
20 Gipuzkoa;República China;Agosto;173
20 Gipuzkoa;República China;Septiembre;110
20 Gipuzkoa;República China;Octubre;113
20 Gipuzkoa;República China;Noviembre;117
20 Gipuzkoa;República China;Diciembre;130
20 Gipuzkoa;Estados Unidos;Total;18.175
20 Gipuzkoa;Estados Unidos;Enero;40
20 Gipuzkoa;Estados Unidos;Febrero;27
20 Gipuzkoa;Estados Unidos;Marzo;38
20 Gipuzkoa;Estados Unidos;Abril;48
20 Gipuzkoa;Estados Unidos;Mayo;144
20 Gipuzkoa;Estados Unidos;Junio;855
20 Gipuzkoa;Estados Unidos;Julio;3.466
20 Gipuzkoa;Estados Unidos;Agosto;3.087
20 Gipuzkoa;Estados Unidos;Septiembre;3.947
20 Gipuzkoa;Estados Unidos;Octubre;3.458
20 Gipuzkoa;Estados Unidos;Noviembre;1.685
20 Gipuzkoa;Estados Unidos;Diciembre;1.380
20 Gipuzkoa;Resto de América;Total;22.626
20 Gipuzkoa;Resto de América;Enero;258
20 Gipuzkoa;Resto de América;Febrero;354
20 Gipuzkoa;Resto de América;Marzo;406
20 Gipuzkoa;Resto de América;Abril;440
20 Gipuzkoa;Resto de América;Mayo;763
20 Gipuzkoa;Resto de América;Junio;1.364
20 Gipuzkoa;Resto de América;Julio;3.124
20 Gipuzkoa;Resto de América;Agosto;2.681
20 Gipuzkoa;Resto de América;Septiembre;3.760
20 Gipuzkoa;Resto de América;Octubre;4.696
20 Gipuzkoa;Resto de América;Noviembre;2.565
20 Gipuzkoa;Resto de América;Diciembre;2.217
20 Gipuzkoa;Países africanos;Total;3.571
20 Gipuzkoa;Países africanos;Enero;140
20 Gipuzkoa;Países africanos;Febrero;159
20 Gipuzkoa;Países africanos;Marzo;168
20 Gipuzkoa;Países africanos;Abril;155
20 Gipuzkoa;Países africanos;Mayo;311
20 Gipuzkoa;Países africanos;Junio;296
20 Gipuzkoa;Países africanos;Julio;261
20 Gipuzkoa;Países africanos;Agosto;458
20 Gipuzkoa;Países africanos;Septiembre;354
20 Gipuzkoa;Países africanos;Octubre;540
20 Gipuzkoa;Países africanos;Noviembre;328
20 Gipuzkoa;Países africanos;Diciembre;401
17 Girona;Total;Total;2.575.483
17 Girona;Total;Enero;29.191
17 Girona;Total;Febrero;28.130
17 Girona;Total;Marzo;67.372
17 Girona;Total;Abril;67.238
17 Girona;Total;Mayo;169.103
17 Girona;Total;Junio;294.814
17 Girona;Total;Julio;430.850
17 Girona;Total;Agosto;577.762
17 Girona;Total;Septiembre;338.181
17 Girona;Total;Octubre;293.218
17 Girona;Total;Noviembre;134.474
17 Girona;Total;Diciembre;145.152
17 Girona;Residentes en España;Total;1.624.152
17 Girona;Residentes en España;Enero;19.655
17 Girona;Residentes en España;Febrero;20.307
17 Girona;Residentes en España;Marzo;54.216
17 Girona;Residentes en España;Abril;52.793
17 Girona;Residentes en España;Mayo;121.192
17 Girona;Residentes en España;Junio;214.970
17 Girona;Residentes en España;Julio;268.879
17 Girona;Residentes en España;Agosto;350.951
17 Girona;Residentes en España;Septiembre;187.260
17 Girona;Residentes en España;Octubre;151.193
17 Girona;Residentes en España;Noviembre;76.945
17 Girona;Residentes en España;Diciembre;105.791
17 Girona;No residentes en España;Total;951.331
17 Girona;No residentes en España;Enero;9.536
17 Girona;No residentes en España;Febrero;7.823
17 Girona;No residentes en España;Marzo;13.155
17 Girona;No residentes en España;Abril;14.445
17 Girona;No residentes en España;Mayo;47.911
17 Girona;No residentes en España;Junio;79.844
17 Girona;No residentes en España;Julio;161.972
17 Girona;No residentes en España;Agosto;226.811
17 Girona;No residentes en España;Septiembre;150.921
17 Girona;No residentes en España;Octubre;142.025
17 Girona;No residentes en España;Noviembre;57.529
17 Girona;No residentes en España;Diciembre;39.360
17 Girona;Unión Europea 27 (sin España);Total;787.398
17 Girona;Unión Europea 27 (sin España);Enero;6.841
17 Girona;Unión Europea 27 (sin España);Febrero;5.912
17 Girona;Unión Europea 27 (sin España);Marzo;9.060
17 Girona;Unión Europea 27 (sin España);Abril;10.868
17 Girona;Unión Europea 27 (sin España);Mayo;40.307
17 Girona;Unión Europea 27 (sin España);Junio;67.572
17 Girona;Unión Europea 27 (sin España);Julio;134.385
17 Girona;Unión Europea 27 (sin España);Agosto;193.562
17 Girona;Unión Europea 27 (sin España);Septiembre;123.168
17 Girona;Unión Europea 27 (sin España);Octubre;116.863
17 Girona;Unión Europea 27 (sin España);Noviembre;47.883
17 Girona;Unión Europea 27 (sin España);Diciembre;30.980
17 Girona;Alemania;Total;54.254
17 Girona;Alemania;Enero;554
17 Girona;Alemania;Febrero;380
17 Girona;Alemania;Marzo;1.110
17 Girona;Alemania;Abril;1.507
17 Girona;Alemania;Mayo;2.641
17 Girona;Alemania;Junio;4.766
17 Girona;Alemania;Julio;9.134
17 Girona;Alemania;Agosto;9.172
17 Girona;Alemania;Septiembre;9.960
17 Girona;Alemania;Octubre;9.357
17 Girona;Alemania;Noviembre;3.057
17 Girona;Alemania;Diciembre;2.616
17 Girona;Austria;Total;3.789
17 Girona;Austria;Enero;84
17 Girona;Austria;Febrero;69
17 Girona;Austria;Marzo;40
17 Girona;Austria;Abril;72
17 Girona;Austria;Mayo;258
17 Girona;Austria;Junio;195
17 Girona;Austria;Julio;519
17 Girona;Austria;Agosto;590
17 Girona;Austria;Septiembre;736
17 Girona;Austria;Octubre;870
17 Girona;Austria;Noviembre;168
17 Girona;Austria;Diciembre;187
17 Girona;Bélgica;Total;55.881
17 Girona;Bélgica;Enero;364
17 Girona;Bélgica;Febrero;189
17 Girona;Bélgica;Marzo;350
17 Girona;Bélgica;Abril;762
17 Girona;Bélgica;Mayo;1.672
17 Girona;Bélgica;Junio;3.124
17 Girona;Bélgica;Julio;15.469
17 Girona;Bélgica;Agosto;11.600
17 Girona;Bélgica;Septiembre;10.491
17 Girona;Bélgica;Octubre;7.582
17 Girona;Bélgica;Noviembre;2.056
17 Girona;Bélgica;Diciembre;2.220
17 Girona;Dinamarca;Total;4.078
17 Girona;Dinamarca;Enero;38
17 Girona;Dinamarca;Febrero;..
17 Girona;Dinamarca;Marzo;..
17 Girona;Dinamarca;Abril;88
17 Girona;Dinamarca;Mayo;178
17 Girona;Dinamarca;Junio;148
17 Girona;Dinamarca;Julio;1.398
17 Girona;Dinamarca;Agosto;490
17 Girona;Dinamarca;Septiembre;620
17 Girona;Dinamarca;Octubre;750
17 Girona;Dinamarca;Noviembre;228
17 Girona;Dinamarca;Diciembre;104
17 Girona;Finlandia;Total;1.655
17 Girona;Finlandia;Enero;20
17 Girona;Finlandia;Febrero;19
17 Girona;Finlandia;Marzo;52
17 Girona;Finlandia;Abril;69
17 Girona;Finlandia;Mayo;114
17 Girona;Finlandia;Junio;117
17 Girona;Finlandia;Julio;110
17 Girona;Finlandia;Agosto;190
17 Girona;Finlandia;Septiembre;333
17 Girona;Finlandia;Octubre;392
17 Girona;Finlandia;Noviembre;154
17 Girona;Finlandia;Diciembre;86
17 Girona;Francia;Total;501.294
17 Girona;Francia;Enero;3.746
17 Girona;Francia;Febrero;3.456
17 Girona;Francia;Marzo;4.615
17 Girona;Francia;Abril;4.304
17 Girona;Francia;Mayo;28.493
17 Girona;Francia;Junio;46.776
17 Girona;Francia;Julio;73.096
17 Girona;Francia;Agosto;129.273
17 Girona;Francia;Septiembre;74.735
17 Girona;Francia;Octubre;78.745
17 Girona;Francia;Noviembre;34.551
17 Girona;Francia;Diciembre;19.503
17 Girona;Grecia;Total;522
17 Girona;Grecia;Enero;..
17 Girona;Grecia;Febrero;..
17 Girona;Grecia;Marzo;..
17 Girona;Grecia;Abril;17
17 Girona;Grecia;Mayo;36
17 Girona;Grecia;Junio;59
17 Girona;Grecia;Julio;66
17 Girona;Grecia;Agosto;79
17 Girona;Grecia;Septiembre;118
17 Girona;Grecia;Octubre;95
17 Girona;Grecia;Noviembre;24
17 Girona;Grecia;Diciembre;17
17 Girona;Irlanda;Total;5.833
17 Girona;Irlanda;Enero;..
17 Girona;Irlanda;Febrero;..
17 Girona;Irlanda;Marzo;112
17 Girona;Irlanda;Abril;87
17 Girona;Irlanda;Mayo;168
17 Girona;Irlanda;Junio;253
17 Girona;Irlanda;Julio;710
17 Girona;Irlanda;Agosto;1.200
17 Girona;Irlanda;Septiembre;1.651
17 Girona;Irlanda;Octubre;1.060
17 Girona;Irlanda;Noviembre;396
17 Girona;Irlanda;Diciembre;132
17 Girona;Italia;Total;31.745
17 Girona;Italia;Enero;737
17 Girona;Italia;Febrero;487
17 Girona;Italia;Marzo;929
17 Girona;Italia;Abril;1.262
17 Girona;Italia;Mayo;1.938
17 Girona;Italia;Junio;2.303
17 Girona;Italia;Julio;4.198
17 Girona;Italia;Agosto;8.767
17 Girona;Italia;Septiembre;3.632
17 Girona;Italia;Octubre;3.103
17 Girona;Italia;Noviembre;2.594
17 Girona;Italia;Diciembre;1.796
17 Girona;Luxemburgo;Total;1.967
17 Girona;Luxemburgo;Enero;..
17 Girona;Luxemburgo;Febrero;276
17 Girona;Luxemburgo;Marzo;..
17 Girona;Luxemburgo;Abril;20
17 Girona;Luxemburgo;Mayo;133
17 Girona;Luxemburgo;Junio;193
17 Girona;Luxemburgo;Julio;352
17 Girona;Luxemburgo;Agosto;465
17 Girona;Luxemburgo;Septiembre;227
17 Girona;Luxemburgo;Octubre;161
17 Girona;Luxemburgo;Noviembre;69
17 Girona;Luxemburgo;Diciembre;47
17 Girona;Países Bajos;Total;66.555
17 Girona;Países Bajos;Enero;480
17 Girona;Países Bajos;Febrero;211
17 Girona;Países Bajos;Marzo;595
17 Girona;Países Bajos;Abril;803
17 Girona;Países Bajos;Mayo;1.577
17 Girona;Países Bajos;Junio;3.350
17 Girona;Países Bajos;Julio;14.953
17 Girona;Países Bajos;Agosto;20.545
17 Girona;Países Bajos;Septiembre;11.933
17 Girona;Países Bajos;Octubre;8.291
17 Girona;Países Bajos;Noviembre;1.812
17 Girona;Países Bajos;Diciembre;2.004
17 Girona;Polonia;Total;19.905
17 Girona;Polonia;Enero;115
17 Girona;Polonia;Febrero;112
17 Girona;Polonia;Marzo;309
17 Girona;Polonia;Abril;313
17 Girona;Polonia;Mayo;474
17 Girona;Polonia;Junio;2.040
17 Girona;Polonia;Julio;7.473
17 Girona;Polonia;Agosto;3.268
17 Girona;Polonia;Septiembre;3.233
17 Girona;Polonia;Octubre;1.548
17 Girona;Polonia;Noviembre;706
17 Girona;Polonia;Diciembre;314
17 Girona;Portugal;Total;9.362
17 Girona;Portugal;Enero;125
17 Girona;Portugal;Febrero;95
17 Girona;Portugal;Marzo;122
17 Girona;Portugal;Abril;334
17 Girona;Portugal;Mayo;659
17 Girona;Portugal;Junio;911
17 Girona;Portugal;Julio;1.718
17 Girona;Portugal;Agosto;1.838
17 Girona;Portugal;Septiembre;1.281
17 Girona;Portugal;Octubre;1.153
17 Girona;Portugal;Noviembre;579
17 Girona;Portugal;Diciembre;547
17 Girona;República Checa;Total;2.276
17 Girona;República Checa;Enero;38
17 Girona;República Checa;Febrero;22
17 Girona;República Checa;Marzo;42
17 Girona;República Checa;Abril;51
17 Girona;República Checa;Mayo;218
17 Girona;República Checa;Junio;204
17 Girona;República Checa;Julio;483
17 Girona;República Checa;Agosto;455
17 Girona;República Checa;Septiembre;484
17 Girona;República Checa;Octubre;131
17 Girona;República Checa;Noviembre;57
17 Girona;República Checa;Diciembre;90
17 Girona;Suecia;Total;6.670
17 Girona;Suecia;Enero;..
17 Girona;Suecia;Febrero;..
17 Girona;Suecia;Marzo;98
17 Girona;Suecia;Abril;284
17 Girona;Suecia;Mayo;199
17 Girona;Suecia;Junio;543
17 Girona;Suecia;Julio;1.266
17 Girona;Suecia;Agosto;745
17 Girona;Suecia;Septiembre;1.242
17 Girona;Suecia;Octubre;1.436
17 Girona;Suecia;Noviembre;447
17 Girona;Suecia;Diciembre;250
17 Girona;Noruega;Total;2.107
17 Girona;Noruega;Enero;..
17 Girona;Noruega;Febrero;..
17 Girona;Noruega;Marzo;..
17 Girona;Noruega;Abril;29
17 Girona;Noruega;Mayo;27
17 Girona;Noruega;Junio;99
17 Girona;Noruega;Julio;351
17 Girona;Noruega;Agosto;297
17 Girona;Noruega;Septiembre;380
17 Girona;Noruega;Octubre;650
17 Girona;Noruega;Noviembre;175
17 Girona;Noruega;Diciembre;72
17 Girona;Reino Unido;Total;28.262
17 Girona;Reino Unido;Enero;214
17 Girona;Reino Unido;Febrero;135
17 Girona;Reino Unido;Marzo;358
17 Girona;Reino Unido;Abril;382
17 Girona;Reino Unido;Mayo;898
17 Girona;Reino Unido;Junio;1.560
17 Girona;Reino Unido;Julio;3.817
17 Girona;Reino Unido;Agosto;5.687
17 Girona;Reino Unido;Septiembre;7.207
17 Girona;Reino Unido;Octubre;5.473
17 Girona;Reino Unido;Noviembre;1.596
17 Girona;Reino Unido;Diciembre;936
17 Girona;Rusia;Total;6.807
17 Girona;Rusia;Enero;110
17 Girona;Rusia;Febrero;48
17 Girona;Rusia;Marzo;178
17 Girona;Rusia;Abril;193
17 Girona;Rusia;Mayo;544
17 Girona;Rusia;Junio;793
17 Girona;Rusia;Julio;1.061
17 Girona;Rusia;Agosto;1.513
17 Girona;Rusia;Septiembre;795
17 Girona;Rusia;Octubre;604
17 Girona;Rusia;Noviembre;625
17 Girona;Rusia;Diciembre;343
17 Girona;Suiza;Total;27.604
17 Girona;Suiza;Enero;346
17 Girona;Suiza;Febrero;95
17 Girona;Suiza;Marzo;397
17 Girona;Suiza;Abril;1.057
17 Girona;Suiza;Mayo;1.118
17 Girona;Suiza;Junio;2.080
17 Girona;Suiza;Julio;6.193
17 Girona;Suiza;Agosto;4.109
17 Girona;Suiza;Septiembre;5.075
17 Girona;Suiza;Octubre;5.283
17 Girona;Suiza;Noviembre;938
17 Girona;Suiza;Diciembre;913
17 Girona;Resto de Europa sin U.E.;Total;22.925
17 Girona;Resto de Europa sin U.E.;Enero;169
17 Girona;Resto de Europa sin U.E.;Febrero;398
17 Girona;Resto de Europa sin U.E.;Marzo;1.478
17 Girona;Resto de Europa sin U.E.;Abril;611
17 Girona;Resto de Europa sin U.E.;Mayo;1.376
17 Girona;Resto de Europa sin U.E.;Junio;1.867
17 Girona;Resto de Europa sin U.E.;Julio;3.697
17 Girona;Resto de Europa sin U.E.;Agosto;5.058
17 Girona;Resto de Europa sin U.E.;Septiembre;3.287
17 Girona;Resto de Europa sin U.E.;Octubre;2.703
17 Girona;Resto de Europa sin U.E.;Noviembre;1.167
17 Girona;Resto de Europa sin U.E.;Diciembre;1.114
17 Girona;Japón;Total;390
17 Girona;Japón;Enero;..
17 Girona;Japón;Febrero;..
17 Girona;Japón;Marzo;..
17 Girona;Japón;Abril;..
17 Girona;Japón;Mayo;35
17 Girona;Japón;Junio;17
17 Girona;Japón;Julio;32
17 Girona;Japón;Agosto;85
17 Girona;Japón;Septiembre;36
17 Girona;Japón;Octubre;54
17 Girona;Japón;Noviembre;52
17 Girona;Japón;Diciembre;61
17 Girona;República China;Total;899
17 Girona;República China;Enero;33
17 Girona;República China;Febrero;..
17 Girona;República China;Marzo;..
17 Girona;República China;Abril;17
17 Girona;República China;Mayo;61
17 Girona;República China;Junio;61
17 Girona;República China;Julio;111
17 Girona;República China;Agosto;196
17 Girona;República China;Septiembre;94
17 Girona;República China;Octubre;78
17 Girona;República China;Noviembre;43
17 Girona;República China;Diciembre;169
17 Girona;Estados Unidos;Total;14.625
17 Girona;Estados Unidos;Enero;89
17 Girona;Estados Unidos;Febrero;36
17 Girona;Estados Unidos;Marzo;276
17 Girona;Estados Unidos;Abril;75
17 Girona;Estados Unidos;Mayo;251
17 Girona;Estados Unidos;Junio;1.383
17 Girona;Estados Unidos;Julio;2.701
17 Girona;Estados Unidos;Agosto;3.102
17 Girona;Estados Unidos;Septiembre;2.986
17 Girona;Estados Unidos;Octubre;2.104
17 Girona;Estados Unidos;Noviembre;909
17 Girona;Estados Unidos;Diciembre;711
17 Girona;Resto de América;Total;28.870
17 Girona;Resto de América;Enero;697
17 Girona;Resto de América;Febrero;688
17 Girona;Resto de América;Marzo;703
17 Girona;Resto de América;Abril;808
17 Girona;Resto de América;Mayo;1.090
17 Girona;Resto de América;Junio;2.385
17 Girona;Resto de América;Julio;4.386
17 Girona;Resto de América;Agosto;5.936
17 Girona;Resto de América;Septiembre;4.428
17 Girona;Resto de América;Octubre;3.911
17 Girona;Resto de América;Noviembre;2.174
17 Girona;Resto de América;Diciembre;1.665
17 Girona;Países africanos;Total;11.012
17 Girona;Países africanos;Enero;673
17 Girona;Países africanos;Febrero;448
17 Girona;Países africanos;Marzo;396
17 Girona;Países africanos;Abril;211
17 Girona;Países africanos;Mayo;578
17 Girona;Países africanos;Junio;879
17 Girona;Países africanos;Julio;1.668
17 Girona;Países africanos;Agosto;2.539
17 Girona;Países africanos;Septiembre;1.054
17 Girona;Países africanos;Octubre;870
17 Girona;Países africanos;Noviembre;938
17 Girona;Países africanos;Diciembre;758
18 Granada;Total;Total;1.424.787
18 Granada;Total;Enero;33.300
18 Granada;Total;Febrero;25.286
18 Granada;Total;Marzo;40.966
18 Granada;Total;Abril;38.570
18 Granada;Total;Mayo;70.865
18 Granada;Total;Junio;118.455
18 Granada;Total;Julio;163.751
18 Granada;Total;Agosto;220.714
18 Granada;Total;Septiembre;187.856
18 Granada;Total;Octubre;207.515
18 Granada;Total;Noviembre;154.009
18 Granada;Total;Diciembre;163.501
18 Granada;Residentes en España;Total;1.090.477
18 Granada;Residentes en España;Enero;27.424
18 Granada;Residentes en España;Febrero;22.322
18 Granada;Residentes en España;Marzo;34.944
18 Granada;Residentes en España;Abril;32.676
18 Granada;Residentes en España;Mayo;59.341
18 Granada;Residentes en España;Junio;99.172
18 Granada;Residentes en España;Julio;128.748
18 Granada;Residentes en España;Agosto;174.587
18 Granada;Residentes en España;Septiembre;134.229
18 Granada;Residentes en España;Octubre;141.977
18 Granada;Residentes en España;Noviembre;110.446
18 Granada;Residentes en España;Diciembre;124.612
18 Granada;No residentes en España;Total;334.310
18 Granada;No residentes en España;Enero;5.876
18 Granada;No residentes en España;Febrero;2.963
18 Granada;No residentes en España;Marzo;6.022
18 Granada;No residentes en España;Abril;5.895
18 Granada;No residentes en España;Mayo;11.524
18 Granada;No residentes en España;Junio;19.283
18 Granada;No residentes en España;Julio;35.002
18 Granada;No residentes en España;Agosto;46.128
18 Granada;No residentes en España;Septiembre;53.627
18 Granada;No residentes en España;Octubre;65.538
18 Granada;No residentes en España;Noviembre;43.564
18 Granada;No residentes en España;Diciembre;38.889
18 Granada;Unión Europea 27 (sin España);Total;199.348
18 Granada;Unión Europea 27 (sin España);Enero;2.728
18 Granada;Unión Europea 27 (sin España);Febrero;1.481
18 Granada;Unión Europea 27 (sin España);Marzo;3.146
18 Granada;Unión Europea 27 (sin España);Abril;3.698
18 Granada;Unión Europea 27 (sin España);Mayo;7.148
18 Granada;Unión Europea 27 (sin España);Junio;12.395
18 Granada;Unión Europea 27 (sin España);Julio;21.871
18 Granada;Unión Europea 27 (sin España);Agosto;31.427
18 Granada;Unión Europea 27 (sin España);Septiembre;33.031
18 Granada;Unión Europea 27 (sin España);Octubre;39.991
18 Granada;Unión Europea 27 (sin España);Noviembre;23.643
18 Granada;Unión Europea 27 (sin España);Diciembre;18.790
18 Granada;Alemania;Total;27.462
18 Granada;Alemania;Enero;241
18 Granada;Alemania;Febrero;97
18 Granada;Alemania;Marzo;307
18 Granada;Alemania;Abril;240
18 Granada;Alemania;Mayo;618
18 Granada;Alemania;Junio;1.723
18 Granada;Alemania;Julio;2.846
18 Granada;Alemania;Agosto;3.199
18 Granada;Alemania;Septiembre;4.773
18 Granada;Alemania;Octubre;7.136
18 Granada;Alemania;Noviembre;3.937
18 Granada;Alemania;Diciembre;2.345
18 Granada;Austria;Total;2.844
18 Granada;Austria;Enero;..
18 Granada;Austria;Febrero;..
18 Granada;Austria;Marzo;31
18 Granada;Austria;Abril;19
18 Granada;Austria;Mayo;145
18 Granada;Austria;Junio;100
18 Granada;Austria;Julio;270
18 Granada;Austria;Agosto;241
18 Granada;Austria;Septiembre;735
18 Granada;Austria;Octubre;826
18 Granada;Austria;Noviembre;207
18 Granada;Austria;Diciembre;237
18 Granada;Bélgica;Total;13.733
18 Granada;Bélgica;Enero;198
18 Granada;Bélgica;Febrero;44
18 Granada;Bélgica;Marzo;162
18 Granada;Bélgica;Abril;304
18 Granada;Bélgica;Mayo;501
18 Granada;Bélgica;Junio;611
18 Granada;Bélgica;Julio;2.049
18 Granada;Bélgica;Agosto;1.629
18 Granada;Bélgica;Septiembre;2.565
18 Granada;Bélgica;Octubre;2.957
18 Granada;Bélgica;Noviembre;1.833
18 Granada;Bélgica;Diciembre;880
18 Granada;Dinamarca;Total;4.608
18 Granada;Dinamarca;Enero;..
18 Granada;Dinamarca;Febrero;..
18 Granada;Dinamarca;Marzo;186
18 Granada;Dinamarca;Abril;52
18 Granada;Dinamarca;Mayo;38
18 Granada;Dinamarca;Junio;153
18 Granada;Dinamarca;Julio;567
18 Granada;Dinamarca;Agosto;621
18 Granada;Dinamarca;Septiembre;549
18 Granada;Dinamarca;Octubre;1.517
18 Granada;Dinamarca;Noviembre;539
18 Granada;Dinamarca;Diciembre;345
18 Granada;Finlandia;Total;2.318
18 Granada;Finlandia;Enero;35
18 Granada;Finlandia;Febrero;55
18 Granada;Finlandia;Marzo;136
18 Granada;Finlandia;Abril;49
18 Granada;Finlandia;Mayo;18
18 Granada;Finlandia;Junio;101
18 Granada;Finlandia;Julio;112
18 Granada;Finlandia;Agosto;155
18 Granada;Finlandia;Septiembre;176
18 Granada;Finlandia;Octubre;639
18 Granada;Finlandia;Noviembre;621
18 Granada;Finlandia;Diciembre;220
18 Granada;Francia;Total;57.692
18 Granada;Francia;Enero;331
18 Granada;Francia;Febrero;288
18 Granada;Francia;Marzo;572
18 Granada;Francia;Abril;1.096
18 Granada;Francia;Mayo;3.097
18 Granada;Francia;Junio;4.250
18 Granada;Francia;Julio;6.538
18 Granada;Francia;Agosto;11.479
18 Granada;Francia;Septiembre;9.227
18 Granada;Francia;Octubre;10.563
18 Granada;Francia;Noviembre;6.067
18 Granada;Francia;Diciembre;4.184
18 Granada;Grecia;Total;1.228
18 Granada;Grecia;Enero;..
18 Granada;Grecia;Febrero;..
18 Granada;Grecia;Marzo;60
18 Granada;Grecia;Abril;43
18 Granada;Grecia;Mayo;24
18 Granada;Grecia;Junio;47
18 Granada;Grecia;Julio;127
18 Granada;Grecia;Agosto;339
18 Granada;Grecia;Septiembre;66
18 Granada;Grecia;Octubre;243
18 Granada;Grecia;Noviembre;161
18 Granada;Grecia;Diciembre;112
18 Granada;Irlanda;Total;4.052
18 Granada;Irlanda;Enero;126
18 Granada;Irlanda;Febrero;29
18 Granada;Irlanda;Marzo;96
18 Granada;Irlanda;Abril;119
18 Granada;Irlanda;Mayo;199
18 Granada;Irlanda;Junio;205
18 Granada;Irlanda;Julio;277
18 Granada;Irlanda;Agosto;482
18 Granada;Irlanda;Septiembre;639
18 Granada;Irlanda;Octubre;981
18 Granada;Irlanda;Noviembre;559
18 Granada;Irlanda;Diciembre;340
18 Granada;Italia;Total;24.179
18 Granada;Italia;Enero;281
18 Granada;Italia;Febrero;351
18 Granada;Italia;Marzo;289
18 Granada;Italia;Abril;318
18 Granada;Italia;Mayo;650
18 Granada;Italia;Junio;1.260
18 Granada;Italia;Julio;2.360
18 Granada;Italia;Agosto;4.362
18 Granada;Italia;Septiembre;3.037
18 Granada;Italia;Octubre;4.086
18 Granada;Italia;Noviembre;3.410
18 Granada;Italia;Diciembre;3.777
18 Granada;Luxemburgo;Total;693
18 Granada;Luxemburgo;Enero;..
18 Granada;Luxemburgo;Febrero;..
18 Granada;Luxemburgo;Marzo;47
18 Granada;Luxemburgo;Abril;58
18 Granada;Luxemburgo;Mayo;..
18 Granada;Luxemburgo;Junio;14
18 Granada;Luxemburgo;Julio;103
18 Granada;Luxemburgo;Agosto;68
18 Granada;Luxemburgo;Septiembre;207
18 Granada;Luxemburgo;Octubre;82
18 Granada;Luxemburgo;Noviembre;65
18 Granada;Luxemburgo;Diciembre;36
18 Granada;Países Bajos;Total;18.537
18 Granada;Países Bajos;Enero;205
18 Granada;Países Bajos;Febrero;88
18 Granada;Países Bajos;Marzo;247
18 Granada;Países Bajos;Abril;323
18 Granada;Países Bajos;Mayo;448
18 Granada;Países Bajos;Junio;709
18 Granada;Países Bajos;Julio;1.870
18 Granada;Países Bajos;Agosto;2.464
18 Granada;Países Bajos;Septiembre;4.272
18 Granada;Países Bajos;Octubre;4.498
18 Granada;Países Bajos;Noviembre;2.153
18 Granada;Países Bajos;Diciembre;1.258
18 Granada;Polonia;Total;9.485
18 Granada;Polonia;Enero;151
18 Granada;Polonia;Febrero;48
18 Granada;Polonia;Marzo;113
18 Granada;Polonia;Abril;119
18 Granada;Polonia;Mayo;265
18 Granada;Polonia;Junio;1.069
18 Granada;Polonia;Julio;1.357
18 Granada;Polonia;Agosto;1.589
18 Granada;Polonia;Septiembre;2.349
18 Granada;Polonia;Octubre;1.383
18 Granada;Polonia;Noviembre;496
18 Granada;Polonia;Diciembre;547
18 Granada;Portugal;Total;13.433
18 Granada;Portugal;Enero;328
18 Granada;Portugal;Febrero;91
18 Granada;Portugal;Marzo;338
18 Granada;Portugal;Abril;405
18 Granada;Portugal;Mayo;461
18 Granada;Portugal;Junio;997
18 Granada;Portugal;Julio;1.324
18 Granada;Portugal;Agosto;2.235
18 Granada;Portugal;Septiembre;1.765
18 Granada;Portugal;Octubre;2.077
18 Granada;Portugal;Noviembre;985
18 Granada;Portugal;Diciembre;2.426
18 Granada;República Checa;Total;2.369
18 Granada;República Checa;Enero;34
18 Granada;República Checa;Febrero;20
18 Granada;República Checa;Marzo;14
18 Granada;República Checa;Abril;73
18 Granada;República Checa;Mayo;73
18 Granada;República Checa;Junio;157
18 Granada;República Checa;Julio;170
18 Granada;República Checa;Agosto;244
18 Granada;República Checa;Septiembre;280
18 Granada;República Checa;Octubre;334
18 Granada;República Checa;Noviembre;449
18 Granada;República Checa;Diciembre;520
18 Granada;Suecia;Total;6.559
18 Granada;Suecia;Enero;155
18 Granada;Suecia;Febrero;138
18 Granada;Suecia;Marzo;225
18 Granada;Suecia;Abril;206
18 Granada;Suecia;Mayo;188
18 Granada;Suecia;Junio;202
18 Granada;Suecia;Julio;763
18 Granada;Suecia;Agosto;672
18 Granada;Suecia;Septiembre;1.024
18 Granada;Suecia;Octubre;1.133
18 Granada;Suecia;Noviembre;1.250
18 Granada;Suecia;Diciembre;603
18 Granada;Noruega;Total;2.081
18 Granada;Noruega;Enero;23
18 Granada;Noruega;Febrero;..
18 Granada;Noruega;Marzo;17
18 Granada;Noruega;Abril;..
18 Granada;Noruega;Mayo;34
18 Granada;Noruega;Junio;30
18 Granada;Noruega;Julio;130
18 Granada;Noruega;Agosto;103
18 Granada;Noruega;Septiembre;292
18 Granada;Noruega;Octubre;689
18 Granada;Noruega;Noviembre;467
18 Granada;Noruega;Diciembre;288
18 Granada;Reino Unido;Total;28.125
18 Granada;Reino Unido;Enero;835
18 Granada;Reino Unido;Febrero;252
18 Granada;Reino Unido;Marzo;1.010
18 Granada;Reino Unido;Abril;579
18 Granada;Reino Unido;Mayo;962
18 Granada;Reino Unido;Junio;1.367
18 Granada;Reino Unido;Julio;2.247
18 Granada;Reino Unido;Agosto;3.881
18 Granada;Reino Unido;Septiembre;4.533
18 Granada;Reino Unido;Octubre;5.828
18 Granada;Reino Unido;Noviembre;3.096
18 Granada;Reino Unido;Diciembre;3.535
18 Granada;Rusia;Total;2.257
18 Granada;Rusia;Enero;239
18 Granada;Rusia;Febrero;82
18 Granada;Rusia;Marzo;147
18 Granada;Rusia;Abril;74
18 Granada;Rusia;Mayo;123
18 Granada;Rusia;Junio;127
18 Granada;Rusia;Julio;120
18 Granada;Rusia;Agosto;325
18 Granada;Rusia;Septiembre;271
18 Granada;Rusia;Octubre;199
18 Granada;Rusia;Noviembre;210
18 Granada;Rusia;Diciembre;341
18 Granada;Suiza;Total;8.520
18 Granada;Suiza;Enero;32
18 Granada;Suiza;Febrero;87
18 Granada;Suiza;Marzo;141
18 Granada;Suiza;Abril;293
18 Granada;Suiza;Mayo;461
18 Granada;Suiza;Junio;583
18 Granada;Suiza;Julio;901
18 Granada;Suiza;Agosto;720
18 Granada;Suiza;Septiembre;1.527
18 Granada;Suiza;Octubre;2.499
18 Granada;Suiza;Noviembre;856
18 Granada;Suiza;Diciembre;419
18 Granada;Resto de Europa sin U.E.;Total;8.163
18 Granada;Resto de Europa sin U.E.;Enero;239
18 Granada;Resto de Europa sin U.E.;Febrero;113
18 Granada;Resto de Europa sin U.E.;Marzo;208
18 Granada;Resto de Europa sin U.E.;Abril;155
18 Granada;Resto de Europa sin U.E.;Mayo;387
18 Granada;Resto de Europa sin U.E.;Junio;322
18 Granada;Resto de Europa sin U.E.;Julio;670
18 Granada;Resto de Europa sin U.E.;Agosto;899
18 Granada;Resto de Europa sin U.E.;Septiembre;1.652
18 Granada;Resto de Europa sin U.E.;Octubre;1.330
18 Granada;Resto de Europa sin U.E.;Noviembre;1.319
18 Granada;Resto de Europa sin U.E.;Diciembre;867
18 Granada;Japón;Total;812
18 Granada;Japón;Enero;18
18 Granada;Japón;Febrero;..
18 Granada;Japón;Marzo;..
18 Granada;Japón;Abril;14
18 Granada;Japón;Mayo;19
18 Granada;Japón;Junio;80
18 Granada;Japón;Julio;53
18 Granada;Japón;Agosto;105
18 Granada;Japón;Septiembre;77
18 Granada;Japón;Octubre;69
18 Granada;Japón;Noviembre;78
18 Granada;Japón;Diciembre;288
18 Granada;República China;Total;1.948
18 Granada;República China;Enero;62
18 Granada;República China;Febrero;..
18 Granada;República China;Marzo;..
18 Granada;República China;Abril;61
18 Granada;República China;Mayo;91
18 Granada;República China;Junio;130
18 Granada;República China;Julio;187
18 Granada;República China;Agosto;250
18 Granada;República China;Septiembre;145
18 Granada;República China;Octubre;243
18 Granada;República China;Noviembre;262
18 Granada;República China;Diciembre;435
18 Granada;Estados Unidos;Total;26.964
18 Granada;Estados Unidos;Enero;163
18 Granada;Estados Unidos;Febrero;16
18 Granada;Estados Unidos;Marzo;235
18 Granada;Estados Unidos;Abril;133
18 Granada;Estados Unidos;Mayo;354
18 Granada;Estados Unidos;Junio;1.239
18 Granada;Estados Unidos;Julio;3.428
18 Granada;Estados Unidos;Agosto;2.620
18 Granada;Estados Unidos;Septiembre;4.222
18 Granada;Estados Unidos;Octubre;5.857
18 Granada;Estados Unidos;Noviembre;4.484
18 Granada;Estados Unidos;Diciembre;4.214
18 Granada;Resto de América;Total;31.054
18 Granada;Resto de América;Enero;691
18 Granada;Resto de América;Febrero;339
18 Granada;Resto de América;Marzo;453
18 Granada;Resto de América;Abril;359
18 Granada;Resto de América;Mayo;888
18 Granada;Resto de América;Junio;1.396
18 Granada;Resto de América;Julio;2.917
18 Granada;Resto de América;Agosto;3.184
18 Granada;Resto de América;Septiembre;4.959
18 Granada;Resto de América;Octubre;5.529
18 Granada;Resto de América;Noviembre;4.918
18 Granada;Resto de América;Diciembre;5.420
18 Granada;Países africanos;Total;8.460
18 Granada;Países africanos;Enero;648
18 Granada;Países africanos;Febrero;361
18 Granada;Países africanos;Marzo;356
18 Granada;Países africanos;Abril;207
18 Granada;Países africanos;Mayo;563
18 Granada;Países africanos;Junio;863
18 Granada;Países africanos;Julio;926
18 Granada;Países africanos;Agosto;1.201
18 Granada;Países africanos;Septiembre;844
18 Granada;Países africanos;Octubre;816
18 Granada;Países africanos;Noviembre;770
18 Granada;Países africanos;Diciembre;904
19 Guadalajara;Total;Total;197.646
19 Guadalajara;Total;Enero;5.833
19 Guadalajara;Total;Febrero;7.155
19 Guadalajara;Total;Marzo;9.073
19 Guadalajara;Total;Abril;11.016
19 Guadalajara;Total;Mayo;16.350
19 Guadalajara;Total;Junio;18.744
19 Guadalajara;Total;Julio;22.659
19 Guadalajara;Total;Agosto;23.865
19 Guadalajara;Total;Septiembre;21.575
19 Guadalajara;Total;Octubre;25.095
19 Guadalajara;Total;Noviembre;18.838
19 Guadalajara;Total;Diciembre;17.443
19 Guadalajara;Residentes en España;Total;181.312
19 Guadalajara;Residentes en España;Enero;5.095
19 Guadalajara;Residentes en España;Febrero;6.454
19 Guadalajara;Residentes en España;Marzo;8.557
19 Guadalajara;Residentes en España;Abril;10.223
19 Guadalajara;Residentes en España;Mayo;15.230
19 Guadalajara;Residentes en España;Junio;17.698
19 Guadalajara;Residentes en España;Julio;21.007
19 Guadalajara;Residentes en España;Agosto;21.763
19 Guadalajara;Residentes en España;Septiembre;19.211
19 Guadalajara;Residentes en España;Octubre;22.711
19 Guadalajara;Residentes en España;Noviembre;17.099
19 Guadalajara;Residentes en España;Diciembre;16.264
19 Guadalajara;No residentes en España;Total;16.334
19 Guadalajara;No residentes en España;Enero;738
19 Guadalajara;No residentes en España;Febrero;701
19 Guadalajara;No residentes en España;Marzo;516
19 Guadalajara;No residentes en España;Abril;793
19 Guadalajara;No residentes en España;Mayo;1.120
19 Guadalajara;No residentes en España;Junio;1.047
19 Guadalajara;No residentes en España;Julio;1.652
19 Guadalajara;No residentes en España;Agosto;2.102
19 Guadalajara;No residentes en España;Septiembre;2.364
19 Guadalajara;No residentes en España;Octubre;2.384
19 Guadalajara;No residentes en España;Noviembre;1.739
19 Guadalajara;No residentes en España;Diciembre;1.179
19 Guadalajara;Unión Europea 27 (sin España);Total;10.014
19 Guadalajara;Unión Europea 27 (sin España);Enero;483
19 Guadalajara;Unión Europea 27 (sin España);Febrero;303
19 Guadalajara;Unión Europea 27 (sin España);Marzo;316
19 Guadalajara;Unión Europea 27 (sin España);Abril;536
19 Guadalajara;Unión Europea 27 (sin España);Mayo;736
19 Guadalajara;Unión Europea 27 (sin España);Junio;693
19 Guadalajara;Unión Europea 27 (sin España);Julio;933
19 Guadalajara;Unión Europea 27 (sin España);Agosto;1.235
19 Guadalajara;Unión Europea 27 (sin España);Septiembre;1.601
19 Guadalajara;Unión Europea 27 (sin España);Octubre;1.412
19 Guadalajara;Unión Europea 27 (sin España);Noviembre;1.111
19 Guadalajara;Unión Europea 27 (sin España);Diciembre;655
19 Guadalajara;Alemania;Total;1.041
19 Guadalajara;Alemania;Enero;..
19 Guadalajara;Alemania;Febrero;..
19 Guadalajara;Alemania;Marzo;20
19 Guadalajara;Alemania;Abril;107
19 Guadalajara;Alemania;Mayo;46
19 Guadalajara;Alemania;Junio;82
19 Guadalajara;Alemania;Julio;75
19 Guadalajara;Alemania;Agosto;138
19 Guadalajara;Alemania;Septiembre;170
19 Guadalajara;Alemania;Octubre;255
19 Guadalajara;Alemania;Noviembre;98
19 Guadalajara;Alemania;Diciembre;29
19 Guadalajara;Austria;Total;103
19 Guadalajara;Austria;Enero;..
19 Guadalajara;Austria;Febrero;..
19 Guadalajara;Austria;Marzo;..
19 Guadalajara;Austria;Abril;..
19 Guadalajara;Austria;Mayo;..
19 Guadalajara;Austria;Junio;..
19 Guadalajara;Austria;Julio;17
19 Guadalajara;Austria;Agosto;13
19 Guadalajara;Austria;Septiembre;29
19 Guadalajara;Austria;Octubre;..
19 Guadalajara;Austria;Noviembre;..
19 Guadalajara;Austria;Diciembre;21
19 Guadalajara;Bélgica;Total;579
19 Guadalajara;Bélgica;Enero;..
19 Guadalajara;Bélgica;Febrero;..
19 Guadalajara;Bélgica;Marzo;..
19 Guadalajara;Bélgica;Abril;..
19 Guadalajara;Bélgica;Mayo;..
19 Guadalajara;Bélgica;Junio;70
19 Guadalajara;Bélgica;Julio;40
19 Guadalajara;Bélgica;Agosto;104
19 Guadalajara;Bélgica;Septiembre;109
19 Guadalajara;Bélgica;Octubre;105
19 Guadalajara;Bélgica;Noviembre;69
19 Guadalajara;Bélgica;Diciembre;43
19 Guadalajara;Dinamarca;Total;63
19 Guadalajara;Dinamarca;Enero;..
19 Guadalajara;Dinamarca;Febrero;..
19 Guadalajara;Dinamarca;Marzo;..
19 Guadalajara;Dinamarca;Abril;..
19 Guadalajara;Dinamarca;Mayo;..
19 Guadalajara;Dinamarca;Junio;..
19 Guadalajara;Dinamarca;Julio;..
19 Guadalajara;Dinamarca;Agosto;..
19 Guadalajara;Dinamarca;Septiembre;26
19 Guadalajara;Dinamarca;Octubre;..
19 Guadalajara;Dinamarca;Noviembre;..
19 Guadalajara;Dinamarca;Diciembre;..
19 Guadalajara;Finlandia;Total;..
19 Guadalajara;Finlandia;Enero;..
19 Guadalajara;Finlandia;Febrero;..
19 Guadalajara;Finlandia;Marzo;..
19 Guadalajara;Finlandia;Abril;..
19 Guadalajara;Finlandia;Mayo;..
19 Guadalajara;Finlandia;Junio;..
19 Guadalajara;Finlandia;Julio;..
19 Guadalajara;Finlandia;Agosto;..
19 Guadalajara;Finlandia;Septiembre;..
19 Guadalajara;Finlandia;Octubre;..
19 Guadalajara;Finlandia;Noviembre;..
19 Guadalajara;Finlandia;Diciembre;..
19 Guadalajara;Francia;Total;2.641
19 Guadalajara;Francia;Enero;..
19 Guadalajara;Francia;Febrero;87
19 Guadalajara;Francia;Marzo;..
19 Guadalajara;Francia;Abril;99
19 Guadalajara;Francia;Mayo;128
19 Guadalajara;Francia;Junio;224
19 Guadalajara;Francia;Julio;290
19 Guadalajara;Francia;Agosto;454
19 Guadalajara;Francia;Septiembre;502
19 Guadalajara;Francia;Octubre;329
19 Guadalajara;Francia;Noviembre;315
19 Guadalajara;Francia;Diciembre;86
19 Guadalajara;Grecia;Total;..
19 Guadalajara;Grecia;Enero;..
19 Guadalajara;Grecia;Febrero;..
19 Guadalajara;Grecia;Marzo;..
19 Guadalajara;Grecia;Abril;..
19 Guadalajara;Grecia;Mayo;..
19 Guadalajara;Grecia;Junio;..
19 Guadalajara;Grecia;Julio;..
19 Guadalajara;Grecia;Agosto;..
19 Guadalajara;Grecia;Septiembre;..
19 Guadalajara;Grecia;Octubre;..
19 Guadalajara;Grecia;Noviembre;..
19 Guadalajara;Grecia;Diciembre;..
19 Guadalajara;Irlanda;Total;118
19 Guadalajara;Irlanda;Enero;..
19 Guadalajara;Irlanda;Febrero;..
19 Guadalajara;Irlanda;Marzo;..
19 Guadalajara;Irlanda;Abril;..
19 Guadalajara;Irlanda;Mayo;..
19 Guadalajara;Irlanda;Junio;..
19 Guadalajara;Irlanda;Julio;..
19 Guadalajara;Irlanda;Agosto;30
19 Guadalajara;Irlanda;Septiembre;..
19 Guadalajara;Irlanda;Octubre;33
19 Guadalajara;Irlanda;Noviembre;..
19 Guadalajara;Irlanda;Diciembre;..
19 Guadalajara;Italia;Total;1.300
19 Guadalajara;Italia;Enero;41
19 Guadalajara;Italia;Febrero;31
19 Guadalajara;Italia;Marzo;35
19 Guadalajara;Italia;Abril;102
19 Guadalajara;Italia;Mayo;150
19 Guadalajara;Italia;Junio;140
19 Guadalajara;Italia;Julio;138
19 Guadalajara;Italia;Agosto;92
19 Guadalajara;Italia;Septiembre;135
19 Guadalajara;Italia;Octubre;166
19 Guadalajara;Italia;Noviembre;211
19 Guadalajara;Italia;Diciembre;60
19 Guadalajara;Luxemburgo;Total;76
19 Guadalajara;Luxemburgo;Enero;..
19 Guadalajara;Luxemburgo;Febrero;..
19 Guadalajara;Luxemburgo;Marzo;..
19 Guadalajara;Luxemburgo;Abril;..
19 Guadalajara;Luxemburgo;Mayo;..
19 Guadalajara;Luxemburgo;Junio;12
19 Guadalajara;Luxemburgo;Julio;..
19 Guadalajara;Luxemburgo;Agosto;13
19 Guadalajara;Luxemburgo;Septiembre;..
19 Guadalajara;Luxemburgo;Octubre;..
19 Guadalajara;Luxemburgo;Noviembre;..
19 Guadalajara;Luxemburgo;Diciembre;..
19 Guadalajara;Países Bajos;Total;519
19 Guadalajara;Países Bajos;Enero;..
19 Guadalajara;Países Bajos;Febrero;..
19 Guadalajara;Países Bajos;Marzo;..
19 Guadalajara;Países Bajos;Abril;..
19 Guadalajara;Países Bajos;Mayo;28
19 Guadalajara;Países Bajos;Junio;33
19 Guadalajara;Países Bajos;Julio;41
19 Guadalajara;Países Bajos;Agosto;42
19 Guadalajara;Países Bajos;Septiembre;150
19 Guadalajara;Países Bajos;Octubre;106
19 Guadalajara;Países Bajos;Noviembre;46
19 Guadalajara;Países Bajos;Diciembre;25
19 Guadalajara;Polonia;Total;161
19 Guadalajara;Polonia;Enero;..
19 Guadalajara;Polonia;Febrero;..
19 Guadalajara;Polonia;Marzo;..
19 Guadalajara;Polonia;Abril;..
19 Guadalajara;Polonia;Mayo;36
19 Guadalajara;Polonia;Junio;..
19 Guadalajara;Polonia;Julio;..
19 Guadalajara;Polonia;Agosto;..
19 Guadalajara;Polonia;Septiembre;12
19 Guadalajara;Polonia;Octubre;..
19 Guadalajara;Polonia;Noviembre;20
19 Guadalajara;Polonia;Diciembre;..
19 Guadalajara;Portugal;Total;2.048
19 Guadalajara;Portugal;Enero;206
19 Guadalajara;Portugal;Febrero;62
19 Guadalajara;Portugal;Marzo;97
19 Guadalajara;Portugal;Abril;122
19 Guadalajara;Portugal;Mayo;201
19 Guadalajara;Portugal;Junio;69
19 Guadalajara;Portugal;Julio;208
19 Guadalajara;Portugal;Agosto;199
19 Guadalajara;Portugal;Septiembre;212
19 Guadalajara;Portugal;Octubre;231
19 Guadalajara;Portugal;Noviembre;..
19 Guadalajara;Portugal;Diciembre;..
19 Guadalajara;República Checa;Total;59
19 Guadalajara;República Checa;Enero;..
19 Guadalajara;República Checa;Febrero;..
19 Guadalajara;República Checa;Marzo;..
19 Guadalajara;República Checa;Abril;..
19 Guadalajara;República Checa;Mayo;..
19 Guadalajara;República Checa;Junio;..
19 Guadalajara;República Checa;Julio;..
19 Guadalajara;República Checa;Agosto;23
19 Guadalajara;República Checa;Septiembre;..
19 Guadalajara;República Checa;Octubre;..
19 Guadalajara;República Checa;Noviembre;..
19 Guadalajara;República Checa;Diciembre;..
19 Guadalajara;Suecia;Total;237
19 Guadalajara;Suecia;Enero;..
19 Guadalajara;Suecia;Febrero;..
19 Guadalajara;Suecia;Marzo;20
19 Guadalajara;Suecia;Abril;..
19 Guadalajara;Suecia;Mayo;..
19 Guadalajara;Suecia;Junio;..
19 Guadalajara;Suecia;Julio;..
19 Guadalajara;Suecia;Agosto;..
19 Guadalajara;Suecia;Septiembre;129
19 Guadalajara;Suecia;Octubre;15
19 Guadalajara;Suecia;Noviembre;19
19 Guadalajara;Suecia;Diciembre;23
19 Guadalajara;Noruega;Total;20
19 Guadalajara;Noruega;Enero;..
19 Guadalajara;Noruega;Febrero;..
19 Guadalajara;Noruega;Marzo;..
19 Guadalajara;Noruega;Abril;..
19 Guadalajara;Noruega;Mayo;..
19 Guadalajara;Noruega;Junio;..
19 Guadalajara;Noruega;Julio;..
19 Guadalajara;Noruega;Agosto;..
19 Guadalajara;Noruega;Septiembre;..
19 Guadalajara;Noruega;Octubre;..
19 Guadalajara;Noruega;Noviembre;..
19 Guadalajara;Noruega;Diciembre;..
19 Guadalajara;Reino Unido;Total;888
19 Guadalajara;Reino Unido;Enero;19
19 Guadalajara;Reino Unido;Febrero;..
19 Guadalajara;Reino Unido;Marzo;..
19 Guadalajara;Reino Unido;Abril;67
19 Guadalajara;Reino Unido;Mayo;51
19 Guadalajara;Reino Unido;Junio;75
19 Guadalajara;Reino Unido;Julio;140
19 Guadalajara;Reino Unido;Agosto;95
19 Guadalajara;Reino Unido;Septiembre;199
19 Guadalajara;Reino Unido;Octubre;131
19 Guadalajara;Reino Unido;Noviembre;43
19 Guadalajara;Reino Unido;Diciembre;60
19 Guadalajara;Rusia;Total;306
19 Guadalajara;Rusia;Enero;..
19 Guadalajara;Rusia;Febrero;199
19 Guadalajara;Rusia;Marzo;..
19 Guadalajara;Rusia;Abril;21
19 Guadalajara;Rusia;Mayo;..
19 Guadalajara;Rusia;Junio;..
19 Guadalajara;Rusia;Julio;..
19 Guadalajara;Rusia;Agosto;..
19 Guadalajara;Rusia;Septiembre;..
19 Guadalajara;Rusia;Octubre;31
19 Guadalajara;Rusia;Noviembre;..
19 Guadalajara;Rusia;Diciembre;..
19 Guadalajara;Suiza;Total;294
19 Guadalajara;Suiza;Enero;..
19 Guadalajara;Suiza;Febrero;..
19 Guadalajara;Suiza;Marzo;..
19 Guadalajara;Suiza;Abril;..
19 Guadalajara;Suiza;Mayo;..
19 Guadalajara;Suiza;Junio;15
19 Guadalajara;Suiza;Julio;43
19 Guadalajara;Suiza;Agosto;89
19 Guadalajara;Suiza;Septiembre;59
19 Guadalajara;Suiza;Octubre;42
19 Guadalajara;Suiza;Noviembre;21
19 Guadalajara;Suiza;Diciembre;..
19 Guadalajara;Resto de Europa sin U.E.;Total;1.134
19 Guadalajara;Resto de Europa sin U.E.;Enero;..
19 Guadalajara;Resto de Europa sin U.E.;Febrero;..
19 Guadalajara;Resto de Europa sin U.E.;Marzo;25
19 Guadalajara;Resto de Europa sin U.E.;Abril;..
19 Guadalajara;Resto de Europa sin U.E.;Mayo;57
19 Guadalajara;Resto de Europa sin U.E.;Junio;..
19 Guadalajara;Resto de Europa sin U.E.;Julio;142
19 Guadalajara;Resto de Europa sin U.E.;Agosto;267
19 Guadalajara;Resto de Europa sin U.E.;Septiembre;173
19 Guadalajara;Resto de Europa sin U.E.;Octubre;163
19 Guadalajara;Resto de Europa sin U.E.;Noviembre;129
19 Guadalajara;Resto de Europa sin U.E.;Diciembre;94
19 Guadalajara;Japón;Total;30
19 Guadalajara;Japón;Enero;..
19 Guadalajara;Japón;Febrero;..
19 Guadalajara;Japón;Marzo;..
19 Guadalajara;Japón;Abril;..
19 Guadalajara;Japón;Mayo;..
19 Guadalajara;Japón;Junio;..
19 Guadalajara;Japón;Julio;..
19 Guadalajara;Japón;Agosto;..
19 Guadalajara;Japón;Septiembre;..
19 Guadalajara;Japón;Octubre;..
19 Guadalajara;Japón;Noviembre;..
19 Guadalajara;Japón;Diciembre;19
19 Guadalajara;República China;Total;157
19 Guadalajara;República China;Enero;..
19 Guadalajara;República China;Febrero;..
19 Guadalajara;República China;Marzo;20
19 Guadalajara;República China;Abril;..
19 Guadalajara;República China;Mayo;21
19 Guadalajara;República China;Junio;..
19 Guadalajara;República China;Julio;64
19 Guadalajara;República China;Agosto;..
19 Guadalajara;República China;Septiembre;..
19 Guadalajara;República China;Octubre;21
19 Guadalajara;República China;Noviembre;..
19 Guadalajara;República China;Diciembre;15
19 Guadalajara;Estados Unidos;Total;584
19 Guadalajara;Estados Unidos;Enero;..
19 Guadalajara;Estados Unidos;Febrero;10
19 Guadalajara;Estados Unidos;Marzo;..
19 Guadalajara;Estados Unidos;Abril;..
19 Guadalajara;Estados Unidos;Mayo;..
19 Guadalajara;Estados Unidos;Junio;23
19 Guadalajara;Estados Unidos;Julio;79
19 Guadalajara;Estados Unidos;Agosto;72
19 Guadalajara;Estados Unidos;Septiembre;107
19 Guadalajara;Estados Unidos;Octubre;108
19 Guadalajara;Estados Unidos;Noviembre;79
19 Guadalajara;Estados Unidos;Diciembre;87
19 Guadalajara;Resto de América;Total;1.683
19 Guadalajara;Resto de América;Enero;122
19 Guadalajara;Resto de América;Febrero;78
19 Guadalajara;Resto de América;Marzo;64
19 Guadalajara;Resto de América;Abril;118
19 Guadalajara;Resto de América;Mayo;66
19 Guadalajara;Resto de América;Junio;72
19 Guadalajara;Resto de América;Julio;154
19 Guadalajara;Resto de América;Agosto;223
19 Guadalajara;Resto de América;Septiembre;125
19 Guadalajara;Resto de América;Octubre;262
19 Guadalajara;Resto de América;Noviembre;195
19 Guadalajara;Resto de América;Diciembre;204
19 Guadalajara;Países africanos;Total;707
19 Guadalajara;Países africanos;Enero;..
19 Guadalajara;Países africanos;Febrero;..
19 Guadalajara;Países africanos;Marzo;66
19 Guadalajara;Países africanos;Abril;13
19 Guadalajara;Países africanos;Mayo;121
19 Guadalajara;Países africanos;Junio;50
19 Guadalajara;Países africanos;Julio;41
19 Guadalajara;Países africanos;Agosto;104
19 Guadalajara;Países africanos;Septiembre;28
19 Guadalajara;Países africanos;Octubre;91
19 Guadalajara;Países africanos;Noviembre;43
19 Guadalajara;Países africanos;Diciembre;14
21 Huelva;Total;Total;767.118
21 Huelva;Total;Enero;7.895
21 Huelva;Total;Febrero;6.467
21 Huelva;Total;Marzo;10.736
21 Huelva;Total;Abril;9.204
21 Huelva;Total;Mayo;36.432
21 Huelva;Total;Junio;122.823
21 Huelva;Total;Julio;157.307
21 Huelva;Total;Agosto;174.129
21 Huelva;Total;Septiembre;124.040
21 Huelva;Total;Octubre;69.108
21 Huelva;Total;Noviembre;28.741
21 Huelva;Total;Diciembre;20.237
21 Huelva;Residentes en España;Total;675.940
21 Huelva;Residentes en España;Enero;6.814
21 Huelva;Residentes en España;Febrero;5.895
21 Huelva;Residentes en España;Marzo;9.481
21 Huelva;Residentes en España;Abril;8.088
21 Huelva;Residentes en España;Mayo;33.599
21 Huelva;Residentes en España;Junio;108.203
21 Huelva;Residentes en España;Julio;146.112
21 Huelva;Residentes en España;Agosto;157.873
21 Huelva;Residentes en España;Septiembre;103.831
21 Huelva;Residentes en España;Octubre;54.581
21 Huelva;Residentes en España;Noviembre;23.478
21 Huelva;Residentes en España;Diciembre;17.984
21 Huelva;No residentes en España;Total;91.178
21 Huelva;No residentes en España;Enero;1.081
21 Huelva;No residentes en España;Febrero;571
21 Huelva;No residentes en España;Marzo;1.255
21 Huelva;No residentes en España;Abril;1.116
21 Huelva;No residentes en España;Mayo;2.834
21 Huelva;No residentes en España;Junio;14.619
21 Huelva;No residentes en España;Julio;11.194
21 Huelva;No residentes en España;Agosto;16.256
21 Huelva;No residentes en España;Septiembre;20.209
21 Huelva;No residentes en España;Octubre;14.526
21 Huelva;No residentes en España;Noviembre;5.263
21 Huelva;No residentes en España;Diciembre;2.252
21 Huelva;Unión Europea 27 (sin España);Total;69.275
21 Huelva;Unión Europea 27 (sin España);Enero;433
21 Huelva;Unión Europea 27 (sin España);Febrero;233
21 Huelva;Unión Europea 27 (sin España);Marzo;582
21 Huelva;Unión Europea 27 (sin España);Abril;486
21 Huelva;Unión Europea 27 (sin España);Mayo;1.381
21 Huelva;Unión Europea 27 (sin España);Junio;11.440
21 Huelva;Unión Europea 27 (sin España);Julio;8.861
21 Huelva;Unión Europea 27 (sin España);Agosto;13.281
21 Huelva;Unión Europea 27 (sin España);Septiembre;16.604
21 Huelva;Unión Europea 27 (sin España);Octubre;11.450
21 Huelva;Unión Europea 27 (sin España);Noviembre;3.327
21 Huelva;Unión Europea 27 (sin España);Diciembre;1.196
21 Huelva;Alemania;Total;7.634
21 Huelva;Alemania;Enero;14
21 Huelva;Alemania;Febrero;11
21 Huelva;Alemania;Marzo;69
21 Huelva;Alemania;Abril;40
21 Huelva;Alemania;Mayo;268
21 Huelva;Alemania;Junio;462
21 Huelva;Alemania;Julio;396
21 Huelva;Alemania;Agosto;794
21 Huelva;Alemania;Septiembre;2.544
21 Huelva;Alemania;Octubre;2.303
21 Huelva;Alemania;Noviembre;575
21 Huelva;Alemania;Diciembre;159
21 Huelva;Austria;Total;385
21 Huelva;Austria;Enero;..
21 Huelva;Austria;Febrero;..
21 Huelva;Austria;Marzo;..
21 Huelva;Austria;Abril;..
21 Huelva;Austria;Mayo;..
21 Huelva;Austria;Junio;80
21 Huelva;Austria;Julio;10
21 Huelva;Austria;Agosto;54
21 Huelva;Austria;Septiembre;31
21 Huelva;Austria;Octubre;65
21 Huelva;Austria;Noviembre;109
21 Huelva;Austria;Diciembre;25
21 Huelva;Bélgica;Total;1.745
21 Huelva;Bélgica;Enero;..
21 Huelva;Bélgica;Febrero;..
21 Huelva;Bélgica;Marzo;13
21 Huelva;Bélgica;Abril;32
21 Huelva;Bélgica;Mayo;58
21 Huelva;Bélgica;Junio;141
21 Huelva;Bélgica;Julio;243
21 Huelva;Bélgica;Agosto;190
21 Huelva;Bélgica;Septiembre;418
21 Huelva;Bélgica;Octubre;470
21 Huelva;Bélgica;Noviembre;126
21 Huelva;Bélgica;Diciembre;49
21 Huelva;Dinamarca;Total;1.314
21 Huelva;Dinamarca;Enero;..
21 Huelva;Dinamarca;Febrero;..
21 Huelva;Dinamarca;Marzo;..
21 Huelva;Dinamarca;Abril;..
21 Huelva;Dinamarca;Mayo;32
21 Huelva;Dinamarca;Junio;124
21 Huelva;Dinamarca;Julio;23
21 Huelva;Dinamarca;Agosto;68
21 Huelva;Dinamarca;Septiembre;251
21 Huelva;Dinamarca;Octubre;612
21 Huelva;Dinamarca;Noviembre;129
21 Huelva;Dinamarca;Diciembre;58
21 Huelva;Finlandia;Total;149
21 Huelva;Finlandia;Enero;..
21 Huelva;Finlandia;Febrero;..
21 Huelva;Finlandia;Marzo;..
21 Huelva;Finlandia;Abril;..
21 Huelva;Finlandia;Mayo;14
21 Huelva;Finlandia;Junio;33
21 Huelva;Finlandia;Julio;..
21 Huelva;Finlandia;Agosto;..
21 Huelva;Finlandia;Septiembre;13
21 Huelva;Finlandia;Octubre;18
21 Huelva;Finlandia;Noviembre;21
21 Huelva;Finlandia;Diciembre;..
21 Huelva;Francia;Total;9.115
21 Huelva;Francia;Enero;45
21 Huelva;Francia;Febrero;13
21 Huelva;Francia;Marzo;39
21 Huelva;Francia;Abril;83
21 Huelva;Francia;Mayo;225
21 Huelva;Francia;Junio;799
21 Huelva;Francia;Julio;1.378
21 Huelva;Francia;Agosto;2.419
21 Huelva;Francia;Septiembre;2.367
21 Huelva;Francia;Octubre;1.167
21 Huelva;Francia;Noviembre;364
21 Huelva;Francia;Diciembre;217
21 Huelva;Grecia;Total;123
21 Huelva;Grecia;Enero;..
21 Huelva;Grecia;Febrero;..
21 Huelva;Grecia;Marzo;..
21 Huelva;Grecia;Abril;..
21 Huelva;Grecia;Mayo;..
21 Huelva;Grecia;Junio;..
21 Huelva;Grecia;Julio;..
21 Huelva;Grecia;Agosto;11
21 Huelva;Grecia;Septiembre;..
21 Huelva;Grecia;Octubre;43
21 Huelva;Grecia;Noviembre;23
21 Huelva;Grecia;Diciembre;..
21 Huelva;Irlanda;Total;1.132
21 Huelva;Irlanda;Enero;..
21 Huelva;Irlanda;Febrero;..
21 Huelva;Irlanda;Marzo;23
21 Huelva;Irlanda;Abril;..
21 Huelva;Irlanda;Mayo;..
21 Huelva;Irlanda;Junio;116
21 Huelva;Irlanda;Julio;48
21 Huelva;Irlanda;Agosto;65
21 Huelva;Irlanda;Septiembre;520
21 Huelva;Irlanda;Octubre;250
21 Huelva;Irlanda;Noviembre;66
21 Huelva;Irlanda;Diciembre;15
21 Huelva;Italia;Total;2.134
21 Huelva;Italia;Enero;50
21 Huelva;Italia;Febrero;54
21 Huelva;Italia;Marzo;72
21 Huelva;Italia;Abril;66
21 Huelva;Italia;Mayo;93
21 Huelva;Italia;Junio;251
21 Huelva;Italia;Julio;189
21 Huelva;Italia;Agosto;184
21 Huelva;Italia;Septiembre;213
21 Huelva;Italia;Octubre;332
21 Huelva;Italia;Noviembre;526
21 Huelva;Italia;Diciembre;103
21 Huelva;Luxemburgo;Total;134
21 Huelva;Luxemburgo;Enero;..
21 Huelva;Luxemburgo;Febrero;..
21 Huelva;Luxemburgo;Marzo;..
21 Huelva;Luxemburgo;Abril;..
21 Huelva;Luxemburgo;Mayo;..
21 Huelva;Luxemburgo;Junio;11
21 Huelva;Luxemburgo;Julio;54
21 Huelva;Luxemburgo;Agosto;39
21 Huelva;Luxemburgo;Septiembre;15
21 Huelva;Luxemburgo;Octubre;13
21 Huelva;Luxemburgo;Noviembre;..
21 Huelva;Luxemburgo;Diciembre;..
21 Huelva;Países Bajos;Total;2.521
21 Huelva;Países Bajos;Enero;..
21 Huelva;Países Bajos;Febrero;..
21 Huelva;Países Bajos;Marzo;25
21 Huelva;Países Bajos;Abril;41
21 Huelva;Países Bajos;Mayo;59
21 Huelva;Países Bajos;Junio;315
21 Huelva;Países Bajos;Julio;208
21 Huelva;Países Bajos;Agosto;387
21 Huelva;Países Bajos;Septiembre;463
21 Huelva;Países Bajos;Octubre;616
21 Huelva;Países Bajos;Noviembre;294
21 Huelva;Países Bajos;Diciembre;103
21 Huelva;Polonia;Total;5.133
21 Huelva;Polonia;Enero;..
21 Huelva;Polonia;Febrero;25
21 Huelva;Polonia;Marzo;13
21 Huelva;Polonia;Abril;16
21 Huelva;Polonia;Mayo;..
21 Huelva;Polonia;Junio;923
21 Huelva;Polonia;Julio;1.286
21 Huelva;Polonia;Agosto;1.218
21 Huelva;Polonia;Septiembre;1.179
21 Huelva;Polonia;Octubre;196
21 Huelva;Polonia;Noviembre;234
21 Huelva;Polonia;Diciembre;25
21 Huelva;Portugal;Total;34.499
21 Huelva;Portugal;Enero;200
21 Huelva;Portugal;Febrero;59
21 Huelva;Portugal;Marzo;180
21 Huelva;Portugal;Abril;65
21 Huelva;Portugal;Mayo;405
21 Huelva;Portugal;Junio;7.801
21 Huelva;Portugal;Julio;4.457
21 Huelva;Portugal;Agosto;7.534
21 Huelva;Portugal;Septiembre;8.166
21 Huelva;Portugal;Octubre;4.871
21 Huelva;Portugal;Noviembre;445
21 Huelva;Portugal;Diciembre;315
21 Huelva;República Checa;Total;101
21 Huelva;República Checa;Enero;..
21 Huelva;República Checa;Febrero;..
21 Huelva;República Checa;Marzo;..
21 Huelva;República Checa;Abril;..
21 Huelva;República Checa;Mayo;..
21 Huelva;República Checa;Junio;41
21 Huelva;República Checa;Julio;..
21 Huelva;República Checa;Agosto;24
21 Huelva;República Checa;Septiembre;..
21 Huelva;República Checa;Octubre;..
21 Huelva;República Checa;Noviembre;11
21 Huelva;República Checa;Diciembre;..
21 Huelva;Suecia;Total;650
21 Huelva;Suecia;Enero;..
21 Huelva;Suecia;Febrero;..
21 Huelva;Suecia;Marzo;..
21 Huelva;Suecia;Abril;..
21 Huelva;Suecia;Mayo;..
21 Huelva;Suecia;Junio;41
21 Huelva;Suecia;Julio;45
21 Huelva;Suecia;Agosto;28
21 Huelva;Suecia;Septiembre;142
21 Huelva;Suecia;Octubre;208
21 Huelva;Suecia;Noviembre;147
21 Huelva;Suecia;Diciembre;25
21 Huelva;Noruega;Total;169
21 Huelva;Noruega;Enero;..
21 Huelva;Noruega;Febrero;..
21 Huelva;Noruega;Marzo;..
21 Huelva;Noruega;Abril;..
21 Huelva;Noruega;Mayo;..
21 Huelva;Noruega;Junio;..
21 Huelva;Noruega;Julio;..
21 Huelva;Noruega;Agosto;..
21 Huelva;Noruega;Septiembre;15
21 Huelva;Noruega;Octubre;22
21 Huelva;Noruega;Noviembre;96
21 Huelva;Noruega;Diciembre;..
21 Huelva;Reino Unido;Total;6.001
21 Huelva;Reino Unido;Enero;..
21 Huelva;Reino Unido;Febrero;..
21 Huelva;Reino Unido;Marzo;56
21 Huelva;Reino Unido;Abril;29
21 Huelva;Reino Unido;Mayo;57
21 Huelva;Reino Unido;Junio;447
21 Huelva;Reino Unido;Julio;366
21 Huelva;Reino Unido;Agosto;833
21 Huelva;Reino Unido;Septiembre;1.992
21 Huelva;Reino Unido;Octubre;1.271
21 Huelva;Reino Unido;Noviembre;464
21 Huelva;Reino Unido;Diciembre;460
21 Huelva;Rusia;Total;292
21 Huelva;Rusia;Enero;..
21 Huelva;Rusia;Febrero;..
21 Huelva;Rusia;Marzo;..
21 Huelva;Rusia;Abril;..
21 Huelva;Rusia;Mayo;..
21 Huelva;Rusia;Junio;39
21 Huelva;Rusia;Julio;58
21 Huelva;Rusia;Agosto;55
21 Huelva;Rusia;Septiembre;43
21 Huelva;Rusia;Octubre;25
21 Huelva;Rusia;Noviembre;..
21 Huelva;Rusia;Diciembre;30
21 Huelva;Suiza;Total;1.162
21 Huelva;Suiza;Enero;28
21 Huelva;Suiza;Febrero;..
21 Huelva;Suiza;Marzo;..
21 Huelva;Suiza;Abril;25
21 Huelva;Suiza;Mayo;65
21 Huelva;Suiza;Junio;77
21 Huelva;Suiza;Julio;203
21 Huelva;Suiza;Agosto;175
21 Huelva;Suiza;Septiembre;144
21 Huelva;Suiza;Octubre;310
21 Huelva;Suiza;Noviembre;98
21 Huelva;Suiza;Diciembre;33
21 Huelva;Resto de Europa sin U.E.;Total;2.223
21 Huelva;Resto de Europa sin U.E.;Enero;61
21 Huelva;Resto de Europa sin U.E.;Febrero;23
21 Huelva;Resto de Europa sin U.E.;Marzo;23
21 Huelva;Resto de Europa sin U.E.;Abril;51
21 Huelva;Resto de Europa sin U.E.;Mayo;70
21 Huelva;Resto de Europa sin U.E.;Junio;915
21 Huelva;Resto de Europa sin U.E.;Julio;199
21 Huelva;Resto de Europa sin U.E.;Agosto;274
21 Huelva;Resto de Europa sin U.E.;Septiembre;164
21 Huelva;Resto de Europa sin U.E.;Octubre;302
21 Huelva;Resto de Europa sin U.E.;Noviembre;98
21 Huelva;Resto de Europa sin U.E.;Diciembre;42
21 Huelva;Japón;Total;59
21 Huelva;Japón;Enero;..
21 Huelva;Japón;Febrero;30
21 Huelva;Japón;Marzo;..
21 Huelva;Japón;Abril;..
21 Huelva;Japón;Mayo;..
21 Huelva;Japón;Junio;..
21 Huelva;Japón;Julio;..
21 Huelva;Japón;Agosto;..
21 Huelva;Japón;Septiembre;..
21 Huelva;Japón;Octubre;..
21 Huelva;Japón;Noviembre;..
21 Huelva;Japón;Diciembre;..
21 Huelva;República China;Total;270
21 Huelva;República China;Enero;..
21 Huelva;República China;Febrero;..
21 Huelva;República China;Marzo;..
21 Huelva;República China;Abril;..
21 Huelva;República China;Mayo;..
21 Huelva;República China;Junio;65
21 Huelva;República China;Julio;11
21 Huelva;República China;Agosto;26
21 Huelva;República China;Septiembre;..
21 Huelva;República China;Octubre;16
21 Huelva;República China;Noviembre;64
21 Huelva;República China;Diciembre;43
21 Huelva;Estados Unidos;Total;821
21 Huelva;Estados Unidos;Enero;32
21 Huelva;Estados Unidos;Febrero;..
21 Huelva;Estados Unidos;Marzo;..
21 Huelva;Estados Unidos;Abril;..
21 Huelva;Estados Unidos;Mayo;..
21 Huelva;Estados Unidos;Junio;129
21 Huelva;Estados Unidos;Julio;183
21 Huelva;Estados Unidos;Agosto;83
21 Huelva;Estados Unidos;Septiembre;115
21 Huelva;Estados Unidos;Octubre;132
21 Huelva;Estados Unidos;Noviembre;72
21 Huelva;Estados Unidos;Diciembre;54
21 Huelva;Resto de América;Total;5.060
21 Huelva;Resto de América;Enero;150
21 Huelva;Resto de América;Febrero;47
21 Huelva;Resto de América;Marzo;74
21 Huelva;Resto de América;Abril;100
21 Huelva;Resto de América;Mayo;495
21 Huelva;Resto de América;Junio;841
21 Huelva;Resto de América;Julio;697
21 Huelva;Resto de América;Agosto;865
21 Huelva;Resto de América;Septiembre;681
21 Huelva;Resto de América;Octubre;540
21 Huelva;Resto de América;Noviembre;469
21 Huelva;Resto de América;Diciembre;102
21 Huelva;Países africanos;Total;1.244
21 Huelva;Países africanos;Enero;111
21 Huelva;Países africanos;Febrero;50
21 Huelva;Países africanos;Marzo;107
21 Huelva;Países africanos;Abril;101
21 Huelva;Países africanos;Mayo;127
21 Huelva;Países africanos;Junio;141
21 Huelva;Países africanos;Julio;45
21 Huelva;Países africanos;Agosto;141
21 Huelva;Países africanos;Septiembre;119
21 Huelva;Países africanos;Octubre;157
21 Huelva;Países africanos;Noviembre;97
21 Huelva;Países africanos;Diciembre;47
22 Huesca;Total;Total;614.019
22 Huesca;Total;Enero;5.676
22 Huesca;Total;Febrero;6.754
22 Huesca;Total;Marzo;16.993
22 Huesca;Total;Abril;24.896
22 Huesca;Total;Mayo;24.505
22 Huesca;Total;Junio;54.234
22 Huesca;Total;Julio;104.506
22 Huesca;Total;Agosto;136.837
22 Huesca;Total;Septiembre;80.384
22 Huesca;Total;Octubre;68.217
22 Huesca;Total;Noviembre;29.834
22 Huesca;Total;Diciembre;61.182
22 Huesca;Residentes en España;Total;535.604
22 Huesca;Residentes en España;Enero;5.163
22 Huesca;Residentes en España;Febrero;6.407
22 Huesca;Residentes en España;Marzo;15.847
22 Huesca;Residentes en España;Abril;23.554
22 Huesca;Residentes en España;Mayo;21.704
22 Huesca;Residentes en España;Junio;47.270
22 Huesca;Residentes en España;Julio;91.120
22 Huesca;Residentes en España;Agosto;121.473
22 Huesca;Residentes en España;Septiembre;64.501
22 Huesca;Residentes en España;Octubre;56.841
22 Huesca;Residentes en España;Noviembre;25.549
22 Huesca;Residentes en España;Diciembre;56.175
22 Huesca;No residentes en España;Total;78.415
22 Huesca;No residentes en España;Enero;513
22 Huesca;No residentes en España;Febrero;346
22 Huesca;No residentes en España;Marzo;1.146
22 Huesca;No residentes en España;Abril;1.342
22 Huesca;No residentes en España;Mayo;2.801
22 Huesca;No residentes en España;Junio;6.965
22 Huesca;No residentes en España;Julio;13.386
22 Huesca;No residentes en España;Agosto;15.364
22 Huesca;No residentes en España;Septiembre;15.883
22 Huesca;No residentes en España;Octubre;11.376
22 Huesca;No residentes en España;Noviembre;4.286
22 Huesca;No residentes en España;Diciembre;5.007
22 Huesca;Unión Europea 27 (sin España);Total;57.022
22 Huesca;Unión Europea 27 (sin España);Enero;308
22 Huesca;Unión Europea 27 (sin España);Febrero;175
22 Huesca;Unión Europea 27 (sin España);Marzo;628
22 Huesca;Unión Europea 27 (sin España);Abril;876
22 Huesca;Unión Europea 27 (sin España);Mayo;1.527
22 Huesca;Unión Europea 27 (sin España);Junio;4.865
22 Huesca;Unión Europea 27 (sin España);Julio;10.083
22 Huesca;Unión Europea 27 (sin España);Agosto;12.141
22 Huesca;Unión Europea 27 (sin España);Septiembre;11.586
22 Huesca;Unión Europea 27 (sin España);Octubre;8.561
22 Huesca;Unión Europea 27 (sin España);Noviembre;2.776
22 Huesca;Unión Europea 27 (sin España);Diciembre;3.495
22 Huesca;Alemania;Total;4.409
22 Huesca;Alemania;Enero;..
22 Huesca;Alemania;Febrero;..
22 Huesca;Alemania;Marzo;..
22 Huesca;Alemania;Abril;37
22 Huesca;Alemania;Mayo;84
22 Huesca;Alemania;Junio;297
22 Huesca;Alemania;Julio;723
22 Huesca;Alemania;Agosto;819
22 Huesca;Alemania;Septiembre;1.659
22 Huesca;Alemania;Octubre;414
22 Huesca;Alemania;Noviembre;140
22 Huesca;Alemania;Diciembre;215
22 Huesca;Austria;Total;440
22 Huesca;Austria;Enero;..
22 Huesca;Austria;Febrero;..
22 Huesca;Austria;Marzo;..
22 Huesca;Austria;Abril;..
22 Huesca;Austria;Mayo;..
22 Huesca;Austria;Junio;18
22 Huesca;Austria;Julio;51
22 Huesca;Austria;Agosto;98
22 Huesca;Austria;Septiembre;75
22 Huesca;Austria;Octubre;176
22 Huesca;Austria;Noviembre;..
22 Huesca;Austria;Diciembre;..
22 Huesca;Bélgica;Total;4.384
22 Huesca;Bélgica;Enero;28
22 Huesca;Bélgica;Febrero;..
22 Huesca;Bélgica;Marzo;..
22 Huesca;Bélgica;Abril;..
22 Huesca;Bélgica;Mayo;87
22 Huesca;Bélgica;Junio;296
22 Huesca;Bélgica;Julio;1.496
22 Huesca;Bélgica;Agosto;824
22 Huesca;Bélgica;Septiembre;974
22 Huesca;Bélgica;Octubre;441
22 Huesca;Bélgica;Noviembre;144
22 Huesca;Bélgica;Diciembre;79
22 Huesca;Dinamarca;Total;725
22 Huesca;Dinamarca;Enero;..
22 Huesca;Dinamarca;Febrero;..
22 Huesca;Dinamarca;Marzo;..
22 Huesca;Dinamarca;Abril;..
22 Huesca;Dinamarca;Mayo;..
22 Huesca;Dinamarca;Junio;25
22 Huesca;Dinamarca;Julio;129
22 Huesca;Dinamarca;Agosto;38
22 Huesca;Dinamarca;Septiembre;174
22 Huesca;Dinamarca;Octubre;307
22 Huesca;Dinamarca;Noviembre;..
22 Huesca;Dinamarca;Diciembre;45
22 Huesca;Finlandia;Total;84
22 Huesca;Finlandia;Enero;..
22 Huesca;Finlandia;Febrero;..
22 Huesca;Finlandia;Marzo;..
22 Huesca;Finlandia;Abril;..
22 Huesca;Finlandia;Mayo;..
22 Huesca;Finlandia;Junio;..
22 Huesca;Finlandia;Julio;19
22 Huesca;Finlandia;Agosto;23
22 Huesca;Finlandia;Septiembre;..
22 Huesca;Finlandia;Octubre;24
22 Huesca;Finlandia;Noviembre;..
22 Huesca;Finlandia;Diciembre;..
22 Huesca;Francia;Total;33.206
22 Huesca;Francia;Enero;94
22 Huesca;Francia;Febrero;86
22 Huesca;Francia;Marzo;242
22 Huesca;Francia;Abril;344
22 Huesca;Francia;Mayo;892
22 Huesca;Francia;Junio;3.103
22 Huesca;Francia;Julio;5.318
22 Huesca;Francia;Agosto;7.603
22 Huesca;Francia;Septiembre;6.361
22 Huesca;Francia;Octubre;5.386
22 Huesca;Francia;Noviembre;1.941
22 Huesca;Francia;Diciembre;1.836
22 Huesca;Grecia;Total;79
22 Huesca;Grecia;Enero;..
22 Huesca;Grecia;Febrero;..
22 Huesca;Grecia;Marzo;..
22 Huesca;Grecia;Abril;..
22 Huesca;Grecia;Mayo;..
22 Huesca;Grecia;Junio;..
22 Huesca;Grecia;Julio;33
22 Huesca;Grecia;Agosto;19
22 Huesca;Grecia;Septiembre;..
22 Huesca;Grecia;Octubre;..
22 Huesca;Grecia;Noviembre;14
22 Huesca;Grecia;Diciembre;..
22 Huesca;Irlanda;Total;573
22 Huesca;Irlanda;Enero;..
22 Huesca;Irlanda;Febrero;..
22 Huesca;Irlanda;Marzo;..
22 Huesca;Irlanda;Abril;..
22 Huesca;Irlanda;Mayo;..
22 Huesca;Irlanda;Junio;50
22 Huesca;Irlanda;Julio;77
22 Huesca;Irlanda;Agosto;54
22 Huesca;Irlanda;Septiembre;114
22 Huesca;Irlanda;Octubre;196
22 Huesca;Irlanda;Noviembre;..
22 Huesca;Irlanda;Diciembre;48
22 Huesca;Italia;Total;2.367
22 Huesca;Italia;Enero;32
22 Huesca;Italia;Febrero;16
22 Huesca;Italia;Marzo;80
22 Huesca;Italia;Abril;116
22 Huesca;Italia;Mayo;118
22 Huesca;Italia;Junio;125
22 Huesca;Italia;Julio;416
22 Huesca;Italia;Agosto;557
22 Huesca;Italia;Septiembre;299
22 Huesca;Italia;Octubre;228
22 Huesca;Italia;Noviembre;137
22 Huesca;Italia;Diciembre;242
22 Huesca;Luxemburgo;Total;109
22 Huesca;Luxemburgo;Enero;..
22 Huesca;Luxemburgo;Febrero;..
22 Huesca;Luxemburgo;Marzo;..
22 Huesca;Luxemburgo;Abril;..
22 Huesca;Luxemburgo;Mayo;..
22 Huesca;Luxemburgo;Junio;..
22 Huesca;Luxemburgo;Julio;..
22 Huesca;Luxemburgo;Agosto;35
22 Huesca;Luxemburgo;Septiembre;22
22 Huesca;Luxemburgo;Octubre;..
22 Huesca;Luxemburgo;Noviembre;..
22 Huesca;Luxemburgo;Diciembre;..
22 Huesca;Países Bajos;Total;4.320
22 Huesca;Países Bajos;Enero;..
22 Huesca;Países Bajos;Febrero;..
22 Huesca;Países Bajos;Marzo;25
22 Huesca;Países Bajos;Abril;41
22 Huesca;Países Bajos;Mayo;51
22 Huesca;Países Bajos;Junio;367
22 Huesca;Países Bajos;Julio;986
22 Huesca;Países Bajos;Agosto;971
22 Huesca;Países Bajos;Septiembre;1.091
22 Huesca;Países Bajos;Octubre;556
22 Huesca;Países Bajos;Noviembre;95
22 Huesca;Países Bajos;Diciembre;121
22 Huesca;Polonia;Total;781
22 Huesca;Polonia;Enero;..
22 Huesca;Polonia;Febrero;..
22 Huesca;Polonia;Marzo;35
22 Huesca;Polonia;Abril;..
22 Huesca;Polonia;Mayo;40
22 Huesca;Polonia;Junio;66
22 Huesca;Polonia;Julio;184
22 Huesca;Polonia;Agosto;143
22 Huesca;Polonia;Septiembre;77
22 Huesca;Polonia;Octubre;161
22 Huesca;Polonia;Noviembre;..
22 Huesca;Polonia;Diciembre;54
22 Huesca;Portugal;Total;2.051
22 Huesca;Portugal;Enero;..
22 Huesca;Portugal;Febrero;..
22 Huesca;Portugal;Marzo;105
22 Huesca;Portugal;Abril;70
22 Huesca;Portugal;Mayo;101
22 Huesca;Portugal;Junio;157
22 Huesca;Portugal;Julio;155
22 Huesca;Portugal;Agosto;391
22 Huesca;Portugal;Septiembre;282
22 Huesca;Portugal;Octubre;389
22 Huesca;Portugal;Noviembre;175
22 Huesca;Portugal;Diciembre;178
22 Huesca;República Checa;Total;188
22 Huesca;República Checa;Enero;..
22 Huesca;República Checa;Febrero;..
22 Huesca;República Checa;Marzo;..
22 Huesca;República Checa;Abril;..
22 Huesca;República Checa;Mayo;..
22 Huesca;República Checa;Junio;40
22 Huesca;República Checa;Julio;56
22 Huesca;República Checa;Agosto;27
22 Huesca;República Checa;Septiembre;32
22 Huesca;República Checa;Octubre;..
22 Huesca;República Checa;Noviembre;..
22 Huesca;República Checa;Diciembre;..
22 Huesca;Suecia;Total;331
22 Huesca;Suecia;Enero;14
22 Huesca;Suecia;Febrero;..
22 Huesca;Suecia;Marzo;..
22 Huesca;Suecia;Abril;..
22 Huesca;Suecia;Mayo;..
22 Huesca;Suecia;Junio;26
22 Huesca;Suecia;Julio;74
22 Huesca;Suecia;Agosto;64
22 Huesca;Suecia;Septiembre;86
22 Huesca;Suecia;Octubre;40
22 Huesca;Suecia;Noviembre;..
22 Huesca;Suecia;Diciembre;18
22 Huesca;Noruega;Total;205
22 Huesca;Noruega;Enero;..
22 Huesca;Noruega;Febrero;..
22 Huesca;Noruega;Marzo;..
22 Huesca;Noruega;Abril;..
22 Huesca;Noruega;Mayo;..
22 Huesca;Noruega;Junio;..
22 Huesca;Noruega;Julio;..
22 Huesca;Noruega;Agosto;48
22 Huesca;Noruega;Septiembre;67
22 Huesca;Noruega;Octubre;59
22 Huesca;Noruega;Noviembre;21
22 Huesca;Noruega;Diciembre;..
22 Huesca;Reino Unido;Total;3.962
22 Huesca;Reino Unido;Enero;..
22 Huesca;Reino Unido;Febrero;..
22 Huesca;Reino Unido;Marzo;52
22 Huesca;Reino Unido;Abril;48
22 Huesca;Reino Unido;Mayo;43
22 Huesca;Reino Unido;Junio;115
22 Huesca;Reino Unido;Julio;652
22 Huesca;Reino Unido;Agosto;588
22 Huesca;Reino Unido;Septiembre;1.164
22 Huesca;Reino Unido;Octubre;759
22 Huesca;Reino Unido;Noviembre;349
22 Huesca;Reino Unido;Diciembre;165
22 Huesca;Rusia;Total;442
22 Huesca;Rusia;Enero;..
22 Huesca;Rusia;Febrero;..
22 Huesca;Rusia;Marzo;..
22 Huesca;Rusia;Abril;10
22 Huesca;Rusia;Mayo;27
22 Huesca;Rusia;Junio;..
22 Huesca;Rusia;Julio;122
22 Huesca;Rusia;Agosto;70
22 Huesca;Rusia;Septiembre;19
22 Huesca;Rusia;Octubre;82
22 Huesca;Rusia;Noviembre;32
22 Huesca;Rusia;Diciembre;51
22 Huesca;Suiza;Total;1.110
22 Huesca;Suiza;Enero;..
22 Huesca;Suiza;Febrero;..
22 Huesca;Suiza;Marzo;..
22 Huesca;Suiza;Abril;..
22 Huesca;Suiza;Mayo;..
22 Huesca;Suiza;Junio;142
22 Huesca;Suiza;Julio;344
22 Huesca;Suiza;Agosto;245
22 Huesca;Suiza;Septiembre;253
22 Huesca;Suiza;Octubre;73
22 Huesca;Suiza;Noviembre;29
22 Huesca;Suiza;Diciembre;..
22 Huesca;Resto de Europa sin U.E.;Total;2.361
22 Huesca;Resto de Europa sin U.E.;Enero;40
22 Huesca;Resto de Europa sin U.E.;Febrero;25
22 Huesca;Resto de Europa sin U.E.;Marzo;99
22 Huesca;Resto de Europa sin U.E.;Abril;80
22 Huesca;Resto de Europa sin U.E.;Mayo;249
22 Huesca;Resto de Europa sin U.E.;Junio;193
22 Huesca;Resto de Europa sin U.E.;Julio;231
22 Huesca;Resto de Europa sin U.E.;Agosto;363
22 Huesca;Resto de Europa sin U.E.;Septiembre;330
22 Huesca;Resto de Europa sin U.E.;Octubre;220
22 Huesca;Resto de Europa sin U.E.;Noviembre;259
22 Huesca;Resto de Europa sin U.E.;Diciembre;272
22 Huesca;Japón;Total;104
22 Huesca;Japón;Enero;..
22 Huesca;Japón;Febrero;..
22 Huesca;Japón;Marzo;..
22 Huesca;Japón;Abril;..
22 Huesca;Japón;Mayo;..
22 Huesca;Japón;Junio;17
22 Huesca;Japón;Julio;32
22 Huesca;Japón;Agosto;14
22 Huesca;Japón;Septiembre;..
22 Huesca;Japón;Octubre;..
22 Huesca;Japón;Noviembre;..
22 Huesca;Japón;Diciembre;..
22 Huesca;República China;Total;260
22 Huesca;República China;Enero;..
22 Huesca;República China;Febrero;..
22 Huesca;República China;Marzo;..
22 Huesca;República China;Abril;..
22 Huesca;República China;Mayo;..
22 Huesca;República China;Junio;..
22 Huesca;República China;Julio;42
22 Huesca;República China;Agosto;43
22 Huesca;República China;Septiembre;..
22 Huesca;República China;Octubre;66
22 Huesca;República China;Noviembre;21
22 Huesca;República China;Diciembre;..
22 Huesca;Estados Unidos;Total;2.929
22 Huesca;Estados Unidos;Enero;..
22 Huesca;Estados Unidos;Febrero;..
22 Huesca;Estados Unidos;Marzo;..
22 Huesca;Estados Unidos;Abril;..
22 Huesca;Estados Unidos;Mayo;19
22 Huesca;Estados Unidos;Junio;23
22 Huesca;Estados Unidos;Julio;515
22 Huesca;Estados Unidos;Agosto;409
22 Huesca;Estados Unidos;Septiembre;1.257
22 Huesca;Estados Unidos;Octubre;368
22 Huesca;Estados Unidos;Noviembre;162
22 Huesca;Estados Unidos;Diciembre;168
22 Huesca;Resto de América;Total;4.828
22 Huesca;Resto de América;Enero;117
22 Huesca;Resto de América;Febrero;69
22 Huesca;Resto de América;Marzo;203
22 Huesca;Resto de América;Abril;240
22 Huesca;Resto de América;Mayo;296
22 Huesca;Resto de América;Junio;333
22 Huesca;Resto de América;Julio;742
22 Huesca;Resto de América;Agosto;662
22 Huesca;Resto de América;Septiembre;715
22 Huesca;Resto de América;Octubre;558
22 Huesca;Resto de América;Noviembre;362
22 Huesca;Resto de América;Diciembre;529
22 Huesca;Países africanos;Total;661
22 Huesca;Países africanos;Enero;35
22 Huesca;Países africanos;Febrero;..
22 Huesca;Países africanos;Marzo;..
22 Huesca;Países africanos;Abril;29
22 Huesca;Países africanos;Mayo;76
22 Huesca;Países africanos;Junio;83
22 Huesca;Países africanos;Julio;62
22 Huesca;Países africanos;Agosto;56
22 Huesca;Países africanos;Septiembre;18
22 Huesca;Países africanos;Octubre;38
22 Huesca;Países africanos;Noviembre;121
22 Huesca;Países africanos;Diciembre;64
23 Jaén;Total;Total;393.099
23 Jaén;Total;Enero;9.109
23 Jaén;Total;Febrero;9.569
23 Jaén;Total;Marzo;13.913
23 Jaén;Total;Abril;14.909
23 Jaén;Total;Mayo;27.497
23 Jaén;Total;Junio;32.538
23 Jaén;Total;Julio;41.306
23 Jaén;Total;Agosto;56.179
23 Jaén;Total;Septiembre;50.871
23 Jaén;Total;Octubre;58.183
23 Jaén;Total;Noviembre;44.757
23 Jaén;Total;Diciembre;34.269
23 Jaén;Residentes en España;Total;365.564
23 Jaén;Residentes en España;Enero;8.478
23 Jaén;Residentes en España;Febrero;9.150
23 Jaén;Residentes en España;Marzo;13.241
23 Jaén;Residentes en España;Abril;14.285
23 Jaén;Residentes en España;Mayo;25.337
23 Jaén;Residentes en España;Junio;30.752
23 Jaén;Residentes en España;Julio;39.040
23 Jaén;Residentes en España;Agosto;52.390
23 Jaén;Residentes en España;Septiembre;46.516
23 Jaén;Residentes en España;Octubre;52.856
23 Jaén;Residentes en España;Noviembre;41.615
23 Jaén;Residentes en España;Diciembre;31.905
23 Jaén;No residentes en España;Total;27.535
23 Jaén;No residentes en España;Enero;631
23 Jaén;No residentes en España;Febrero;419
23 Jaén;No residentes en España;Marzo;672
23 Jaén;No residentes en España;Abril;624
23 Jaén;No residentes en España;Mayo;2.159
23 Jaén;No residentes en España;Junio;1.787
23 Jaén;No residentes en España;Julio;2.266
23 Jaén;No residentes en España;Agosto;3.789
23 Jaén;No residentes en España;Septiembre;4.355
23 Jaén;No residentes en España;Octubre;5.328
23 Jaén;No residentes en España;Noviembre;3.142
23 Jaén;No residentes en España;Diciembre;2.364
23 Jaén;Unión Europea 27 (sin España);Total;17.456
23 Jaén;Unión Europea 27 (sin España);Enero;389
23 Jaén;Unión Europea 27 (sin España);Febrero;234
23 Jaén;Unión Europea 27 (sin España);Marzo;322
23 Jaén;Unión Europea 27 (sin España);Abril;339
23 Jaén;Unión Europea 27 (sin España);Mayo;1.424
23 Jaén;Unión Europea 27 (sin España);Junio;1.211
23 Jaén;Unión Europea 27 (sin España);Julio;1.501
23 Jaén;Unión Europea 27 (sin España);Agosto;2.631
23 Jaén;Unión Europea 27 (sin España);Septiembre;2.900
23 Jaén;Unión Europea 27 (sin España);Octubre;3.243
23 Jaén;Unión Europea 27 (sin España);Noviembre;1.897
23 Jaén;Unión Europea 27 (sin España);Diciembre;1.365
23 Jaén;Alemania;Total;2.165
23 Jaén;Alemania;Enero;16
23 Jaén;Alemania;Febrero;15
23 Jaén;Alemania;Marzo;62
23 Jaén;Alemania;Abril;45
23 Jaén;Alemania;Mayo;64
23 Jaén;Alemania;Junio;150
23 Jaén;Alemania;Julio;154
23 Jaén;Alemania;Agosto;399
23 Jaén;Alemania;Septiembre;367
23 Jaén;Alemania;Octubre;409
23 Jaén;Alemania;Noviembre;354
23 Jaén;Alemania;Diciembre;132
23 Jaén;Austria;Total;235
23 Jaén;Austria;Enero;..
23 Jaén;Austria;Febrero;..
23 Jaén;Austria;Marzo;..
23 Jaén;Austria;Abril;..
23 Jaén;Austria;Mayo;35
23 Jaén;Austria;Junio;..
23 Jaén;Austria;Julio;13
23 Jaén;Austria;Agosto;57
23 Jaén;Austria;Septiembre;26
23 Jaén;Austria;Octubre;63
23 Jaén;Austria;Noviembre;14
23 Jaén;Austria;Diciembre;16
23 Jaén;Bélgica;Total;1.466
23 Jaén;Bélgica;Enero;38
23 Jaén;Bélgica;Febrero;..
23 Jaén;Bélgica;Marzo;..
23 Jaén;Bélgica;Abril;20
23 Jaén;Bélgica;Mayo;82
23 Jaén;Bélgica;Junio;91
23 Jaén;Bélgica;Julio;230
23 Jaén;Bélgica;Agosto;187
23 Jaén;Bélgica;Septiembre;366
23 Jaén;Bélgica;Octubre;179
23 Jaén;Bélgica;Noviembre;119
23 Jaén;Bélgica;Diciembre;133
23 Jaén;Dinamarca;Total;350
23 Jaén;Dinamarca;Enero;..
23 Jaén;Dinamarca;Febrero;..
23 Jaén;Dinamarca;Marzo;..
23 Jaén;Dinamarca;Abril;11
23 Jaén;Dinamarca;Mayo;19
23 Jaén;Dinamarca;Junio;32
23 Jaén;Dinamarca;Julio;21
23 Jaén;Dinamarca;Agosto;55
23 Jaén;Dinamarca;Septiembre;55
23 Jaén;Dinamarca;Octubre;100
23 Jaén;Dinamarca;Noviembre;37
23 Jaén;Dinamarca;Diciembre;..
23 Jaén;Finlandia;Total;166
23 Jaén;Finlandia;Enero;..
23 Jaén;Finlandia;Febrero;..
23 Jaén;Finlandia;Marzo;..
23 Jaén;Finlandia;Abril;..
23 Jaén;Finlandia;Mayo;..
23 Jaén;Finlandia;Junio;..
23 Jaén;Finlandia;Julio;30
23 Jaén;Finlandia;Agosto;11
23 Jaén;Finlandia;Septiembre;28
23 Jaén;Finlandia;Octubre;32
23 Jaén;Finlandia;Noviembre;23
23 Jaén;Finlandia;Diciembre;22
23 Jaén;Francia;Total;4.735
23 Jaén;Francia;Enero;82
23 Jaén;Francia;Febrero;..
23 Jaén;Francia;Marzo;..
23 Jaén;Francia;Abril;77
23 Jaén;Francia;Mayo;215
23 Jaén;Francia;Junio;336
23 Jaén;Francia;Julio;470
23 Jaén;Francia;Agosto;774
23 Jaén;Francia;Septiembre;624
23 Jaén;Francia;Octubre;1.262
23 Jaén;Francia;Noviembre;497
23 Jaén;Francia;Diciembre;330
23 Jaén;Grecia;Total;19
23 Jaén;Grecia;Enero;..
23 Jaén;Grecia;Febrero;..
23 Jaén;Grecia;Marzo;..
23 Jaén;Grecia;Abril;..
23 Jaén;Grecia;Mayo;..
23 Jaén;Grecia;Junio;..
23 Jaén;Grecia;Julio;..
23 Jaén;Grecia;Agosto;..
23 Jaén;Grecia;Septiembre;..
23 Jaén;Grecia;Octubre;..
23 Jaén;Grecia;Noviembre;..
23 Jaén;Grecia;Diciembre;..
23 Jaén;Irlanda;Total;639
23 Jaén;Irlanda;Enero;44
23 Jaén;Irlanda;Febrero;24
23 Jaén;Irlanda;Marzo;..
23 Jaén;Irlanda;Abril;..
23 Jaén;Irlanda;Mayo;28
23 Jaén;Irlanda;Junio;30
23 Jaén;Irlanda;Julio;23
23 Jaén;Irlanda;Agosto;63
23 Jaén;Irlanda;Septiembre;136
23 Jaén;Irlanda;Octubre;163
23 Jaén;Irlanda;Noviembre;77
23 Jaén;Irlanda;Diciembre;41
23 Jaén;Italia;Total;2.003
23 Jaén;Italia;Enero;59
23 Jaén;Italia;Febrero;42
23 Jaén;Italia;Marzo;66
23 Jaén;Italia;Abril;61
23 Jaén;Italia;Mayo;106
23 Jaén;Italia;Junio;159
23 Jaén;Italia;Julio;106
23 Jaén;Italia;Agosto;419
23 Jaén;Italia;Septiembre;340
23 Jaén;Italia;Octubre;217
23 Jaén;Italia;Noviembre;162
23 Jaén;Italia;Diciembre;265
23 Jaén;Luxemburgo;Total;69
23 Jaén;Luxemburgo;Enero;..
23 Jaén;Luxemburgo;Febrero;..
23 Jaén;Luxemburgo;Marzo;..
23 Jaén;Luxemburgo;Abril;..
23 Jaén;Luxemburgo;Mayo;..
23 Jaén;Luxemburgo;Junio;..
23 Jaén;Luxemburgo;Julio;..
23 Jaén;Luxemburgo;Agosto;35
23 Jaén;Luxemburgo;Septiembre;10
23 Jaén;Luxemburgo;Octubre;..
23 Jaén;Luxemburgo;Noviembre;..
23 Jaén;Luxemburgo;Diciembre;..
23 Jaén;Países Bajos;Total;2.014
23 Jaén;Países Bajos;Enero;62
23 Jaén;Países Bajos;Febrero;..
23 Jaén;Países Bajos;Marzo;..
23 Jaén;Países Bajos;Abril;23
23 Jaén;Países Bajos;Mayo;95
23 Jaén;Países Bajos;Junio;69
23 Jaén;Países Bajos;Julio;141
23 Jaén;Países Bajos;Agosto;207
23 Jaén;Países Bajos;Septiembre;448
23 Jaén;Países Bajos;Octubre;469
23 Jaén;Países Bajos;Noviembre;330
23 Jaén;Países Bajos;Diciembre;134
23 Jaén;Polonia;Total;358
23 Jaén;Polonia;Enero;..
23 Jaén;Polonia;Febrero;..
23 Jaén;Polonia;Marzo;..
23 Jaén;Polonia;Abril;..
23 Jaén;Polonia;Mayo;..
23 Jaén;Polonia;Junio;43
23 Jaén;Polonia;Julio;75
23 Jaén;Polonia;Agosto;23
23 Jaén;Polonia;Septiembre;95
23 Jaén;Polonia;Octubre;42
23 Jaén;Polonia;Noviembre;12
23 Jaén;Polonia;Diciembre;19
23 Jaén;Portugal;Total;1.935
23 Jaén;Portugal;Enero;24
23 Jaén;Portugal;Febrero;40
23 Jaén;Portugal;Marzo;32
23 Jaén;Portugal;Abril;59
23 Jaén;Portugal;Mayo;585
23 Jaén;Portugal;Junio;192
23 Jaén;Portugal;Julio;94
23 Jaén;Portugal;Agosto;315
23 Jaén;Portugal;Septiembre;250
23 Jaén;Portugal;Octubre;123
23 Jaén;Portugal;Noviembre;110
23 Jaén;Portugal;Diciembre;112
23 Jaén;República Checa;Total;143
23 Jaén;República Checa;Enero;..
23 Jaén;República Checa;Febrero;..
23 Jaén;República Checa;Marzo;..
23 Jaén;República Checa;Abril;..
23 Jaén;República Checa;Mayo;56
23 Jaén;República Checa;Junio;..
23 Jaén;República Checa;Julio;31
23 Jaén;República Checa;Agosto;..
23 Jaén;República Checa;Septiembre;..
23 Jaén;República Checa;Octubre;19
23 Jaén;República Checa;Noviembre;..
23 Jaén;República Checa;Diciembre;..
23 Jaén;Suecia;Total;279
23 Jaén;Suecia;Enero;..
23 Jaén;Suecia;Febrero;..
23 Jaén;Suecia;Marzo;..
23 Jaén;Suecia;Abril;..
23 Jaén;Suecia;Mayo;20
23 Jaén;Suecia;Junio;..
23 Jaén;Suecia;Julio;36
23 Jaén;Suecia;Agosto;28
23 Jaén;Suecia;Septiembre;44
23 Jaén;Suecia;Octubre;59
23 Jaén;Suecia;Noviembre;49
23 Jaén;Suecia;Diciembre;34
23 Jaén;Noruega;Total;175
23 Jaén;Noruega;Enero;..
23 Jaén;Noruega;Febrero;..
23 Jaén;Noruega;Marzo;..
23 Jaén;Noruega;Abril;..
23 Jaén;Noruega;Mayo;..
23 Jaén;Noruega;Junio;..
23 Jaén;Noruega;Julio;17
23 Jaén;Noruega;Agosto;..
23 Jaén;Noruega;Septiembre;50
23 Jaén;Noruega;Octubre;54
23 Jaén;Noruega;Noviembre;34
23 Jaén;Noruega;Diciembre;..
23 Jaén;Reino Unido;Total;2.316
23 Jaén;Reino Unido;Enero;..
23 Jaén;Reino Unido;Febrero;..
23 Jaén;Reino Unido;Marzo;56
23 Jaén;Reino Unido;Abril;49
23 Jaén;Reino Unido;Mayo;256
23 Jaén;Reino Unido;Junio;164
23 Jaén;Reino Unido;Julio;187
23 Jaén;Reino Unido;Agosto;306
23 Jaén;Reino Unido;Septiembre;400
23 Jaén;Reino Unido;Octubre;453
23 Jaén;Reino Unido;Noviembre;280
23 Jaén;Reino Unido;Diciembre;128
23 Jaén;Rusia;Total;228
23 Jaén;Rusia;Enero;..
23 Jaén;Rusia;Febrero;..
23 Jaén;Rusia;Marzo;..
23 Jaén;Rusia;Abril;21
23 Jaén;Rusia;Mayo;25
23 Jaén;Rusia;Junio;..
23 Jaén;Rusia;Julio;37
23 Jaén;Rusia;Agosto;18
23 Jaén;Rusia;Septiembre;25
23 Jaén;Rusia;Octubre;34
23 Jaén;Rusia;Noviembre;..
23 Jaén;Rusia;Diciembre;..
23 Jaén;Suiza;Total;883
23 Jaén;Suiza;Enero;..
23 Jaén;Suiza;Febrero;..
23 Jaén;Suiza;Marzo;..
23 Jaén;Suiza;Abril;..
23 Jaén;Suiza;Mayo;31
23 Jaén;Suiza;Junio;77
23 Jaén;Suiza;Julio;51
23 Jaén;Suiza;Agosto;56
23 Jaén;Suiza;Septiembre;114
23 Jaén;Suiza;Octubre;389
23 Jaén;Suiza;Noviembre;94
23 Jaén;Suiza;Diciembre;38
23 Jaén;Resto de Europa sin U.E.;Total;1.007
23 Jaén;Resto de Europa sin U.E.;Enero;33
23 Jaén;Resto de Europa sin U.E.;Febrero;..
23 Jaén;Resto de Europa sin U.E.;Marzo;37
23 Jaén;Resto de Europa sin U.E.;Abril;..
23 Jaén;Resto de Europa sin U.E.;Mayo;152
23 Jaén;Resto de Europa sin U.E.;Junio;41
23 Jaén;Resto de Europa sin U.E.;Julio;52
23 Jaén;Resto de Europa sin U.E.;Agosto;190
23 Jaén;Resto de Europa sin U.E.;Septiembre;117
23 Jaén;Resto de Europa sin U.E.;Octubre;164
23 Jaén;Resto de Europa sin U.E.;Noviembre;89
23 Jaén;Resto de Europa sin U.E.;Diciembre;97
23 Jaén;Japón;Total;81
23 Jaén;Japón;Enero;..
23 Jaén;Japón;Febrero;..
23 Jaén;Japón;Marzo;..
23 Jaén;Japón;Abril;..
23 Jaén;Japón;Mayo;..
23 Jaén;Japón;Junio;..
23 Jaén;Japón;Julio;..
23 Jaén;Japón;Agosto;35
23 Jaén;Japón;Septiembre;18
23 Jaén;Japón;Octubre;..
23 Jaén;Japón;Noviembre;..
23 Jaén;Japón;Diciembre;..
23 Jaén;República China;Total;288
23 Jaén;República China;Enero;..
23 Jaén;República China;Febrero;16
23 Jaén;República China;Marzo;..
23 Jaén;República China;Abril;..
23 Jaén;República China;Mayo;19
23 Jaén;República China;Junio;..
23 Jaén;República China;Julio;24
23 Jaén;República China;Agosto;32
23 Jaén;República China;Septiembre;25
23 Jaén;República China;Octubre;25
23 Jaén;República China;Noviembre;30
23 Jaén;República China;Diciembre;53
23 Jaén;Estados Unidos;Total;981
23 Jaén;Estados Unidos;Enero;..
23 Jaén;Estados Unidos;Febrero;..
23 Jaén;Estados Unidos;Marzo;25
23 Jaén;Estados Unidos;Abril;13
23 Jaén;Estados Unidos;Mayo;15
23 Jaén;Estados Unidos;Junio;47
23 Jaén;Estados Unidos;Julio;74
23 Jaén;Estados Unidos;Agosto;114
23 Jaén;Estados Unidos;Septiembre;155
23 Jaén;Estados Unidos;Octubre;313
23 Jaén;Estados Unidos;Noviembre;118
23 Jaén;Estados Unidos;Diciembre;101
23 Jaén;Resto de América;Total;2.134
23 Jaén;Resto de América;Enero;86
23 Jaén;Resto de América;Febrero;86
23 Jaén;Resto de América;Marzo;83
23 Jaén;Resto de América;Abril;110
23 Jaén;Resto de América;Mayo;136
23 Jaén;Resto de América;Junio;110
23 Jaén;Resto de América;Julio;184
23 Jaén;Resto de América;Agosto;199
23 Jaén;Resto de América;Septiembre;300
23 Jaén;Resto de América;Octubre;253
23 Jaén;Resto de América;Noviembre;272
23 Jaén;Resto de América;Diciembre;315
23 Jaén;Países africanos;Total;662
23 Jaén;Países africanos;Enero;44
23 Jaén;Países africanos;Febrero;37
23 Jaén;Países africanos;Marzo;..
23 Jaén;Países africanos;Abril;..
23 Jaén;Países africanos;Mayo;31
23 Jaén;Países africanos;Junio;42
23 Jaén;Países africanos;Julio;66
23 Jaén;Países africanos;Agosto;60
23 Jaén;Países africanos;Septiembre;63
23 Jaén;Países africanos;Octubre;59
23 Jaén;Países africanos;Noviembre;71
23 Jaén;Países africanos;Diciembre;106
24 León;Total;Total;527.625
24 León;Total;Enero;8.690
24 León;Total;Febrero;8.700
24 León;Total;Marzo;16.145
24 León;Total;Abril;19.768
24 León;Total;Mayo;27.814
24 León;Total;Junio;42.093
24 León;Total;Julio;69.324
24 León;Total;Agosto;106.019
24 León;Total;Septiembre;75.403
24 León;Total;Octubre;74.184
24 León;Total;Noviembre;44.607
24 León;Total;Diciembre;34.876
24 León;Residentes en España;Total;462.696
24 León;Residentes en España;Enero;7.996
24 León;Residentes en España;Febrero;8.159
24 León;Residentes en España;Marzo;14.953
24 León;Residentes en España;Abril;18.803
24 León;Residentes en España;Mayo;25.673
24 León;Residentes en España;Junio;37.810
24 León;Residentes en España;Julio;61.004
24 León;Residentes en España;Agosto;95.422
24 León;Residentes en España;Septiembre;59.528
24 León;Residentes en España;Octubre;61.746
24 León;Residentes en España;Noviembre;39.687
24 León;Residentes en España;Diciembre;31.915
24 León;No residentes en España;Total;64.928
24 León;No residentes en España;Enero;694
24 León;No residentes en España;Febrero;541
24 León;No residentes en España;Marzo;1.192
24 León;No residentes en España;Abril;965
24 León;No residentes en España;Mayo;2.141
24 León;No residentes en España;Junio;4.283
24 León;No residentes en España;Julio;8.321
24 León;No residentes en España;Agosto;10.597
24 León;No residentes en España;Septiembre;15.875
24 León;No residentes en España;Octubre;12.438
24 León;No residentes en España;Noviembre;4.920
24 León;No residentes en España;Diciembre;2.962
24 León;Unión Europea 27 (sin España);Total;41.409
24 León;Unión Europea 27 (sin España);Enero;386
24 León;Unión Europea 27 (sin España);Febrero;352
24 León;Unión Europea 27 (sin España);Marzo;742
24 León;Unión Europea 27 (sin España);Abril;644
24 León;Unión Europea 27 (sin España);Mayo;1.449
24 León;Unión Europea 27 (sin España);Junio;3.078
24 León;Unión Europea 27 (sin España);Julio;5.159
24 León;Unión Europea 27 (sin España);Agosto;7.164
24 León;Unión Europea 27 (sin España);Septiembre;10.233
24 León;Unión Europea 27 (sin España);Octubre;7.391
24 León;Unión Europea 27 (sin España);Noviembre;2.930
24 León;Unión Europea 27 (sin España);Diciembre;1.880
24 León;Alemania;Total;6.375
24 León;Alemania;Enero;..
24 León;Alemania;Febrero;..
24 León;Alemania;Marzo;..
24 León;Alemania;Abril;42
24 León;Alemania;Mayo;52
24 León;Alemania;Junio;334
24 León;Alemania;Julio;719
24 León;Alemania;Agosto;791
24 León;Alemania;Septiembre;2.862
24 León;Alemania;Octubre;1.036
24 León;Alemania;Noviembre;366
24 León;Alemania;Diciembre;142
24 León;Austria;Total;654
24 León;Austria;Enero;..
24 León;Austria;Febrero;..
24 León;Austria;Marzo;60
24 León;Austria;Abril;..
24 León;Austria;Mayo;..
24 León;Austria;Junio;..
24 León;Austria;Julio;26
24 León;Austria;Agosto;22
24 León;Austria;Septiembre;197
24 León;Austria;Octubre;212
24 León;Austria;Noviembre;104
24 León;Austria;Diciembre;12
24 León;Bélgica;Total;1.839
24 León;Bélgica;Enero;..
24 León;Bélgica;Febrero;..
24 León;Bélgica;Marzo;..
24 León;Bélgica;Abril;..
24 León;Bélgica;Mayo;..
24 León;Bélgica;Junio;94
24 León;Bélgica;Julio;249
24 León;Bélgica;Agosto;239
24 León;Bélgica;Septiembre;462
24 León;Bélgica;Octubre;639
24 León;Bélgica;Noviembre;73
24 León;Bélgica;Diciembre;62
24 León;Dinamarca;Total;706
24 León;Dinamarca;Enero;..
24 León;Dinamarca;Febrero;..
24 León;Dinamarca;Marzo;14
24 León;Dinamarca;Abril;27
24 León;Dinamarca;Mayo;..
24 León;Dinamarca;Junio;83
24 León;Dinamarca;Julio;81
24 León;Dinamarca;Agosto;94
24 León;Dinamarca;Septiembre;210
24 León;Dinamarca;Octubre;136
24 León;Dinamarca;Noviembre;30
24 León;Dinamarca;Diciembre;27
24 León;Finlandia;Total;213
24 León;Finlandia;Enero;..
24 León;Finlandia;Febrero;..
24 León;Finlandia;Marzo;..
24 León;Finlandia;Abril;..
24 León;Finlandia;Mayo;..
24 León;Finlandia;Junio;..
24 León;Finlandia;Julio;102
24 León;Finlandia;Agosto;..
24 León;Finlandia;Septiembre;57
24 León;Finlandia;Octubre;..
24 León;Finlandia;Noviembre;..
24 León;Finlandia;Diciembre;29
24 León;Francia;Total;9.045
24 León;Francia;Enero;17
24 León;Francia;Febrero;18
24 León;Francia;Marzo;36
24 León;Francia;Abril;66
24 León;Francia;Mayo;432
24 León;Francia;Junio;643
24 León;Francia;Julio;1.663
24 León;Francia;Agosto;1.661
24 León;Francia;Septiembre;1.946
24 León;Francia;Octubre;1.538
24 León;Francia;Noviembre;661
24 León;Francia;Diciembre;363
24 León;Grecia;Total;32
24 León;Grecia;Enero;..
24 León;Grecia;Febrero;..
24 León;Grecia;Marzo;..
24 León;Grecia;Abril;..
24 León;Grecia;Mayo;..
24 León;Grecia;Junio;..
24 León;Grecia;Julio;..
24 León;Grecia;Agosto;23
24 León;Grecia;Septiembre;..
24 León;Grecia;Octubre;..
24 León;Grecia;Noviembre;..
24 León;Grecia;Diciembre;..
24 León;Irlanda;Total;1.173
24 León;Irlanda;Enero;..
24 León;Irlanda;Febrero;..
24 León;Irlanda;Marzo;..
24 León;Irlanda;Abril;44
24 León;Irlanda;Mayo;95
24 León;Irlanda;Junio;41
24 León;Irlanda;Julio;41
24 León;Irlanda;Agosto;153
24 León;Irlanda;Septiembre;382
24 León;Irlanda;Octubre;318
24 León;Irlanda;Noviembre;51
24 León;Irlanda;Diciembre;42
24 León;Italia;Total;4.407
24 León;Italia;Enero;11
24 León;Italia;Febrero;35
24 León;Italia;Marzo;27
24 León;Italia;Abril;56
24 León;Italia;Mayo;198
24 León;Italia;Junio;414
24 León;Italia;Julio;628
24 León;Italia;Agosto;821
24 León;Italia;Septiembre;866
24 León;Italia;Octubre;782
24 León;Italia;Noviembre;254
24 León;Italia;Diciembre;313
24 León;Luxemburgo;Total;142
24 León;Luxemburgo;Enero;..
24 León;Luxemburgo;Febrero;..
24 León;Luxemburgo;Marzo;..
24 León;Luxemburgo;Abril;..
24 León;Luxemburgo;Mayo;..
24 León;Luxemburgo;Junio;..
24 León;Luxemburgo;Julio;..
24 León;Luxemburgo;Agosto;71
24 León;Luxemburgo;Septiembre;37
24 León;Luxemburgo;Octubre;..
24 León;Luxemburgo;Noviembre;..
24 León;Luxemburgo;Diciembre;..
24 León;Países Bajos;Total;3.033
24 León;Países Bajos;Enero;..
24 León;Países Bajos;Febrero;..
24 León;Países Bajos;Marzo;122
24 León;Países Bajos;Abril;..
24 León;Países Bajos;Mayo;37
24 León;Países Bajos;Junio;193
24 León;Países Bajos;Julio;358
24 León;Países Bajos;Agosto;476
24 León;Países Bajos;Septiembre;792
24 León;Países Bajos;Octubre;668
24 León;Países Bajos;Noviembre;298
24 León;Países Bajos;Diciembre;60
24 León;Polonia;Total;613
24 León;Polonia;Enero;..
24 León;Polonia;Febrero;18
24 León;Polonia;Marzo;..
24 León;Polonia;Abril;..
24 León;Polonia;Mayo;..
24 León;Polonia;Junio;34
24 León;Polonia;Julio;76
24 León;Polonia;Agosto;77
24 León;Polonia;Septiembre;267
24 León;Polonia;Octubre;11
24 León;Polonia;Noviembre;73
24 León;Polonia;Diciembre;33
24 León;Portugal;Total;10.558
24 León;Portugal;Enero;300
24 León;Portugal;Febrero;214
24 León;Portugal;Marzo;365
24 León;Portugal;Abril;325
24 León;Portugal;Mayo;526
24 León;Portugal;Junio;990
24 León;Portugal;Julio;1.014
24 León;Portugal;Agosto;2.391
24 León;Portugal;Septiembre;1.573
24 León;Portugal;Octubre;1.458
24 León;Portugal;Noviembre;721
24 León;Portugal;Diciembre;680
24 León;República Checa;Total;277
24 León;República Checa;Enero;..
24 León;República Checa;Febrero;..
24 León;República Checa;Marzo;..
24 León;República Checa;Abril;..
24 León;República Checa;Mayo;..
24 León;República Checa;Junio;..
24 León;República Checa;Julio;43
24 León;República Checa;Agosto;..
24 León;República Checa;Septiembre;..
24 León;República Checa;Octubre;..
24 León;República Checa;Noviembre;..
24 León;República Checa;Diciembre;..
24 León;Suecia;Total;257
24 León;Suecia;Enero;..
24 León;Suecia;Febrero;..
24 León;Suecia;Marzo;..
24 León;Suecia;Abril;..
24 León;Suecia;Mayo;..
24 León;Suecia;Junio;..
24 León;Suecia;Julio;..
24 León;Suecia;Agosto;..
24 León;Suecia;Septiembre;81
24 León;Suecia;Octubre;138
24 León;Suecia;Noviembre;..
24 León;Suecia;Diciembre;..
24 León;Noruega;Total;466
24 León;Noruega;Enero;..
24 León;Noruega;Febrero;..
24 León;Noruega;Marzo;..
24 León;Noruega;Abril;..
24 León;Noruega;Mayo;..
24 León;Noruega;Junio;94
24 León;Noruega;Julio;..
24 León;Noruega;Agosto;..
24 León;Noruega;Septiembre;277
24 León;Noruega;Octubre;36
24 León;Noruega;Noviembre;..
24 León;Noruega;Diciembre;..
24 León;Reino Unido;Total;3.102
24 León;Reino Unido;Enero;..
24 León;Reino Unido;Febrero;..
24 León;Reino Unido;Marzo;43
24 León;Reino Unido;Abril;..
24 León;Reino Unido;Mayo;99
24 León;Reino Unido;Junio;149
24 León;Reino Unido;Julio;626
24 León;Reino Unido;Agosto;571
24 León;Reino Unido;Septiembre;758
24 León;Reino Unido;Octubre;668
24 León;Reino Unido;Noviembre;94
24 León;Reino Unido;Diciembre;78
24 León;Rusia;Total;251
24 León;Rusia;Enero;..
24 León;Rusia;Febrero;..
24 León;Rusia;Marzo;..
24 León;Rusia;Abril;58
24 León;Rusia;Mayo;..
24 León;Rusia;Junio;..
24 León;Rusia;Julio;29
24 León;Rusia;Agosto;..
24 León;Rusia;Septiembre;31
24 León;Rusia;Octubre;..
24 León;Rusia;Noviembre;20
24 León;Rusia;Diciembre;38
24 León;Suiza;Total;1.025
24 León;Suiza;Enero;..
24 León;Suiza;Febrero;..
24 León;Suiza;Marzo;..
24 León;Suiza;Abril;..
24 León;Suiza;Mayo;66
24 León;Suiza;Junio;107
24 León;Suiza;Julio;134
24 León;Suiza;Agosto;186
24 León;Suiza;Septiembre;198
24 León;Suiza;Octubre;298
24 León;Suiza;Noviembre;..
24 León;Suiza;Diciembre;..
24 León;Resto de Europa sin U.E.;Total;3.946
24 León;Resto de Europa sin U.E.;Enero;153
24 León;Resto de Europa sin U.E.;Febrero;..
24 León;Resto de Europa sin U.E.;Marzo;85
24 León;Resto de Europa sin U.E.;Abril;..
24 León;Resto de Europa sin U.E.;Mayo;132
24 León;Resto de Europa sin U.E.;Junio;216
24 León;Resto de Europa sin U.E.;Julio;465
24 León;Resto de Europa sin U.E.;Agosto;890
24 León;Resto de Europa sin U.E.;Septiembre;761
24 León;Resto de Europa sin U.E.;Octubre;623
24 León;Resto de Europa sin U.E.;Noviembre;354
24 León;Resto de Europa sin U.E.;Diciembre;241
24 León;Japón;Total;149
24 León;Japón;Enero;..
24 León;Japón;Febrero;..
24 León;Japón;Marzo;..
24 León;Japón;Abril;..
24 León;Japón;Mayo;..
24 León;Japón;Junio;..
24 León;Japón;Julio;..
24 León;Japón;Agosto;40
24 León;Japón;Septiembre;21
24 León;Japón;Octubre;..
24 León;Japón;Noviembre;..
24 León;Japón;Diciembre;..
24 León;República China;Total;334
24 León;República China;Enero;..
24 León;República China;Febrero;..
24 León;República China;Marzo;..
24 León;República China;Abril;..
24 León;República China;Mayo;15
24 León;República China;Junio;..
24 León;República China;Julio;22
24 León;República China;Agosto;..
24 León;República China;Septiembre;..
24 León;República China;Octubre;22
24 León;República China;Noviembre;36
24 León;República China;Diciembre;..
24 León;Estados Unidos;Total;6.337
24 León;Estados Unidos;Enero;22
24 León;Estados Unidos;Febrero;..
24 León;Estados Unidos;Marzo;29
24 León;Estados Unidos;Abril;..
24 León;Estados Unidos;Mayo;46
24 León;Estados Unidos;Junio;183
24 León;Estados Unidos;Julio;913
24 León;Estados Unidos;Agosto;778
24 León;Estados Unidos;Septiembre;2.168
24 León;Estados Unidos;Octubre;1.579
24 León;Estados Unidos;Noviembre;449
24 León;Estados Unidos;Diciembre;165
24 León;Resto de América;Total;5.549
24 León;Resto de América;Enero;77
24 León;Resto de América;Febrero;67
24 León;Resto de América;Marzo;179
24 León;Resto de América;Abril;112
24 León;Resto de América;Mayo;161
24 León;Resto de América;Junio;354
24 León;Resto de América;Julio;509
24 León;Resto de América;Agosto;580
24 León;Resto de América;Septiembre;1.139
24 León;Resto de América;Octubre;1.180
24 León;Resto de América;Noviembre;841
24 León;Resto de América;Diciembre;349
24 León;Países africanos;Total;656
24 León;Países africanos;Enero;..
24 León;Países africanos;Febrero;48
24 León;Países africanos;Marzo;63
24 León;Países africanos;Abril;..
24 León;Países africanos;Mayo;59
24 León;Países africanos;Junio;14
24 León;Países africanos;Julio;90
24 León;Países africanos;Agosto;56
24 León;Países africanos;Septiembre;97
24 León;Países africanos;Octubre;87
24 León;Países africanos;Noviembre;75
24 León;Países africanos;Diciembre;62
25 Lleida;Total;Total;644.351
25 Lleida;Total;Enero;22.045
25 Lleida;Total;Febrero;12.157
25 Lleida;Total;Marzo;29.011
25 Lleida;Total;Abril;24.883
25 Lleida;Total;Mayo;34.743
25 Lleida;Total;Junio;54.307
25 Lleida;Total;Julio;91.220
25 Lleida;Total;Agosto;118.385
25 Lleida;Total;Septiembre;71.162
25 Lleida;Total;Octubre;69.318
25 Lleida;Total;Noviembre;37.469
25 Lleida;Total;Diciembre;79.651
25 Lleida;Residentes en España;Total;570.316
25 Lleida;Residentes en España;Enero;19.559
25 Lleida;Residentes en España;Febrero;10.768
25 Lleida;Residentes en España;Marzo;26.637
25 Lleida;Residentes en España;Abril;23.235
25 Lleida;Residentes en España;Mayo;31.956
25 Lleida;Residentes en España;Junio;49.037
25 Lleida;Residentes en España;Julio;80.588
25 Lleida;Residentes en España;Agosto;106.190
25 Lleida;Residentes en España;Septiembre;60.160
25 Lleida;Residentes en España;Octubre;60.363
25 Lleida;Residentes en España;Noviembre;32.997
25 Lleida;Residentes en España;Diciembre;68.826
25 Lleida;No residentes en España;Total;74.035
25 Lleida;No residentes en España;Enero;2.486
25 Lleida;No residentes en España;Febrero;1.389
25 Lleida;No residentes en España;Marzo;2.374
25 Lleida;No residentes en España;Abril;1.648
25 Lleida;No residentes en España;Mayo;2.788
25 Lleida;No residentes en España;Junio;5.270
25 Lleida;No residentes en España;Julio;10.632
25 Lleida;No residentes en España;Agosto;12.194
25 Lleida;No residentes en España;Septiembre;11.002
25 Lleida;No residentes en España;Octubre;8.955
25 Lleida;No residentes en España;Noviembre;4.472
25 Lleida;No residentes en España;Diciembre;10.825
25 Lleida;Unión Europea 27 (sin España);Total;53.203
25 Lleida;Unión Europea 27 (sin España);Enero;1.571
25 Lleida;Unión Europea 27 (sin España);Febrero;852
25 Lleida;Unión Europea 27 (sin España);Marzo;1.320
25 Lleida;Unión Europea 27 (sin España);Abril;971
25 Lleida;Unión Europea 27 (sin España);Mayo;1.990
25 Lleida;Unión Europea 27 (sin España);Junio;3.953
25 Lleida;Unión Europea 27 (sin España);Julio;7.794
25 Lleida;Unión Europea 27 (sin España);Agosto;9.862
25 Lleida;Unión Europea 27 (sin España);Septiembre;8.172
25 Lleida;Unión Europea 27 (sin España);Octubre;5.950
25 Lleida;Unión Europea 27 (sin España);Noviembre;2.999
25 Lleida;Unión Europea 27 (sin España);Diciembre;7.767
25 Lleida;Alemania;Total;4.506
25 Lleida;Alemania;Enero;77
25 Lleida;Alemania;Febrero;36
25 Lleida;Alemania;Marzo;100
25 Lleida;Alemania;Abril;90
25 Lleida;Alemania;Mayo;164
25 Lleida;Alemania;Junio;379
25 Lleida;Alemania;Julio;786
25 Lleida;Alemania;Agosto;694
25 Lleida;Alemania;Septiembre;993
25 Lleida;Alemania;Octubre;782
25 Lleida;Alemania;Noviembre;207
25 Lleida;Alemania;Diciembre;197
25 Lleida;Austria;Total;226
25 Lleida;Austria;Enero;..
25 Lleida;Austria;Febrero;..
25 Lleida;Austria;Marzo;..
25 Lleida;Austria;Abril;..
25 Lleida;Austria;Mayo;18
25 Lleida;Austria;Junio;20
25 Lleida;Austria;Julio;57
25 Lleida;Austria;Agosto;24
25 Lleida;Austria;Septiembre;46
25 Lleida;Austria;Octubre;35
25 Lleida;Austria;Noviembre;..
25 Lleida;Austria;Diciembre;..
25 Lleida;Bélgica;Total;2.600
25 Lleida;Bélgica;Enero;47
25 Lleida;Bélgica;Febrero;31
25 Lleida;Bélgica;Marzo;17
25 Lleida;Bélgica;Abril;17
25 Lleida;Bélgica;Mayo;77
25 Lleida;Bélgica;Junio;139
25 Lleida;Bélgica;Julio;720
25 Lleida;Bélgica;Agosto;546
25 Lleida;Bélgica;Septiembre;452
25 Lleida;Bélgica;Octubre;240
25 Lleida;Bélgica;Noviembre;181
25 Lleida;Bélgica;Diciembre;134
25 Lleida;Dinamarca;Total;339
25 Lleida;Dinamarca;Enero;..
25 Lleida;Dinamarca;Febrero;..
25 Lleida;Dinamarca;Marzo;..
25 Lleida;Dinamarca;Abril;22
25 Lleida;Dinamarca;Mayo;..
25 Lleida;Dinamarca;Junio;33
25 Lleida;Dinamarca;Julio;69
25 Lleida;Dinamarca;Agosto;42
25 Lleida;Dinamarca;Septiembre;56
25 Lleida;Dinamarca;Octubre;30
25 Lleida;Dinamarca;Noviembre;37
25 Lleida;Dinamarca;Diciembre;38
25 Lleida;Finlandia;Total;805
25 Lleida;Finlandia;Enero;..
25 Lleida;Finlandia;Febrero;..
25 Lleida;Finlandia;Marzo;..
25 Lleida;Finlandia;Abril;..
25 Lleida;Finlandia;Mayo;..
25 Lleida;Finlandia;Junio;..
25 Lleida;Finlandia;Julio;..
25 Lleida;Finlandia;Agosto;683
25 Lleida;Finlandia;Septiembre;..
25 Lleida;Finlandia;Octubre;..
25 Lleida;Finlandia;Noviembre;..
25 Lleida;Finlandia;Diciembre;68
25 Lleida;Francia;Total;26.840
25 Lleida;Francia;Enero;651
25 Lleida;Francia;Febrero;382
25 Lleida;Francia;Marzo;369
25 Lleida;Francia;Abril;313
25 Lleida;Francia;Mayo;1.073
25 Lleida;Francia;Junio;2.024
25 Lleida;Francia;Julio;3.691
25 Lleida;Francia;Agosto;4.844
25 Lleida;Francia;Septiembre;3.816
25 Lleida;Francia;Octubre;2.818
25 Lleida;Francia;Noviembre;1.429
25 Lleida;Francia;Diciembre;5.429
25 Lleida;Grecia;Total;122
25 Lleida;Grecia;Enero;..
25 Lleida;Grecia;Febrero;..
25 Lleida;Grecia;Marzo;..
25 Lleida;Grecia;Abril;..
25 Lleida;Grecia;Mayo;..
25 Lleida;Grecia;Junio;..
25 Lleida;Grecia;Julio;..
25 Lleida;Grecia;Agosto;16
25 Lleida;Grecia;Septiembre;..
25 Lleida;Grecia;Octubre;39
25 Lleida;Grecia;Noviembre;18
25 Lleida;Grecia;Diciembre;..
25 Lleida;Irlanda;Total;482
25 Lleida;Irlanda;Enero;..
25 Lleida;Irlanda;Febrero;..
25 Lleida;Irlanda;Marzo;13
25 Lleida;Irlanda;Abril;25
25 Lleida;Irlanda;Mayo;23
25 Lleida;Irlanda;Junio;15
25 Lleida;Irlanda;Julio;69
25 Lleida;Irlanda;Agosto;54
25 Lleida;Irlanda;Septiembre;120
25 Lleida;Irlanda;Octubre;48
25 Lleida;Irlanda;Noviembre;37
25 Lleida;Irlanda;Diciembre;64
25 Lleida;Italia;Total;4.407
25 Lleida;Italia;Enero;117
25 Lleida;Italia;Febrero;82
25 Lleida;Italia;Marzo;196
25 Lleida;Italia;Abril;147
25 Lleida;Italia;Mayo;137
25 Lleida;Italia;Junio;299
25 Lleida;Italia;Julio;658
25 Lleida;Italia;Agosto;897
25 Lleida;Italia;Septiembre;497
25 Lleida;Italia;Octubre;537
25 Lleida;Italia;Noviembre;377
25 Lleida;Italia;Diciembre;464
25 Lleida;Luxemburgo;Total;107
25 Lleida;Luxemburgo;Enero;..
25 Lleida;Luxemburgo;Febrero;..
25 Lleida;Luxemburgo;Marzo;29
25 Lleida;Luxemburgo;Abril;15
25 Lleida;Luxemburgo;Mayo;..
25 Lleida;Luxemburgo;Junio;..
25 Lleida;Luxemburgo;Julio;..
25 Lleida;Luxemburgo;Agosto;13
25 Lleida;Luxemburgo;Septiembre;..
25 Lleida;Luxemburgo;Octubre;..
25 Lleida;Luxemburgo;Noviembre;..
25 Lleida;Luxemburgo;Diciembre;..
25 Lleida;Países Bajos;Total;3.558
25 Lleida;Países Bajos;Enero;..
25 Lleida;Países Bajos;Febrero;..
25 Lleida;Países Bajos;Marzo;141
25 Lleida;Países Bajos;Abril;39
25 Lleida;Países Bajos;Mayo;107
25 Lleida;Países Bajos;Junio;295
25 Lleida;Países Bajos;Julio;651
25 Lleida;Países Bajos;Agosto;673
25 Lleida;Países Bajos;Septiembre;928
25 Lleida;Países Bajos;Octubre;308
25 Lleida;Países Bajos;Noviembre;147
25 Lleida;Países Bajos;Diciembre;225
25 Lleida;Polonia;Total;749
25 Lleida;Polonia;Enero;..
25 Lleida;Polonia;Febrero;..
25 Lleida;Polonia;Marzo;28
25 Lleida;Polonia;Abril;45
25 Lleida;Polonia;Mayo;16
25 Lleida;Polonia;Junio;65
25 Lleida;Polonia;Julio;132
25 Lleida;Polonia;Agosto;138
25 Lleida;Polonia;Septiembre;60
25 Lleida;Polonia;Octubre;123
25 Lleida;Polonia;Noviembre;48
25 Lleida;Polonia;Diciembre;58
25 Lleida;Portugal;Total;3.249
25 Lleida;Portugal;Enero;155
25 Lleida;Portugal;Febrero;60
25 Lleida;Portugal;Marzo;138
25 Lleida;Portugal;Abril;92
25 Lleida;Portugal;Mayo;101
25 Lleida;Portugal;Junio;244
25 Lleida;Portugal;Julio;422
25 Lleida;Portugal;Agosto;647
25 Lleida;Portugal;Septiembre;351
25 Lleida;Portugal;Octubre;365
25 Lleida;Portugal;Noviembre;173
25 Lleida;Portugal;Diciembre;502
25 Lleida;República Checa;Total;359
25 Lleida;República Checa;Enero;43
25 Lleida;República Checa;Febrero;..
25 Lleida;República Checa;Marzo;..
25 Lleida;República Checa;Abril;..
25 Lleida;República Checa;Mayo;..
25 Lleida;República Checa;Junio;57
25 Lleida;República Checa;Julio;56
25 Lleida;República Checa;Agosto;44
25 Lleida;República Checa;Septiembre;51
25 Lleida;República Checa;Octubre;37
25 Lleida;República Checa;Noviembre;..
25 Lleida;República Checa;Diciembre;32
25 Lleida;Suecia;Total;579
25 Lleida;Suecia;Enero;37
25 Lleida;Suecia;Febrero;30
25 Lleida;Suecia;Marzo;33
25 Lleida;Suecia;Abril;35
25 Lleida;Suecia;Mayo;18
25 Lleida;Suecia;Junio;30
25 Lleida;Suecia;Julio;99
25 Lleida;Suecia;Agosto;54
25 Lleida;Suecia;Septiembre;145
25 Lleida;Suecia;Octubre;56
25 Lleida;Suecia;Noviembre;27
25 Lleida;Suecia;Diciembre;15
25 Lleida;Noruega;Total;217
25 Lleida;Noruega;Enero;68
25 Lleida;Noruega;Febrero;..
25 Lleida;Noruega;Marzo;14
25 Lleida;Noruega;Abril;..
25 Lleida;Noruega;Mayo;..
25 Lleida;Noruega;Junio;11
25 Lleida;Noruega;Julio;25
25 Lleida;Noruega;Agosto;12
25 Lleida;Noruega;Septiembre;39
25 Lleida;Noruega;Octubre;30
25 Lleida;Noruega;Noviembre;14
25 Lleida;Noruega;Diciembre;..
25 Lleida;Reino Unido;Total;2.829
25 Lleida;Reino Unido;Enero;62
25 Lleida;Reino Unido;Febrero;38
25 Lleida;Reino Unido;Marzo;84
25 Lleida;Reino Unido;Abril;24
25 Lleida;Reino Unido;Mayo;110
25 Lleida;Reino Unido;Junio;137
25 Lleida;Reino Unido;Julio;366
25 Lleida;Reino Unido;Agosto;440
25 Lleida;Reino Unido;Septiembre;596
25 Lleida;Reino Unido;Octubre;365
25 Lleida;Reino Unido;Noviembre;116
25 Lleida;Reino Unido;Diciembre;491
25 Lleida;Rusia;Total;651
25 Lleida;Rusia;Enero;133
25 Lleida;Rusia;Febrero;22
25 Lleida;Rusia;Marzo;30
25 Lleida;Rusia;Abril;47
25 Lleida;Rusia;Mayo;60
25 Lleida;Rusia;Junio;..
25 Lleida;Rusia;Julio;103
25 Lleida;Rusia;Agosto;61
25 Lleida;Rusia;Septiembre;46
25 Lleida;Rusia;Octubre;..
25 Lleida;Rusia;Noviembre;32
25 Lleida;Rusia;Diciembre;98
25 Lleida;Suiza;Total;1.218
25 Lleida;Suiza;Enero;18
25 Lleida;Suiza;Febrero;..
25 Lleida;Suiza;Marzo;..
25 Lleida;Suiza;Abril;63
25 Lleida;Suiza;Mayo;40
25 Lleida;Suiza;Junio;80
25 Lleida;Suiza;Julio;354
25 Lleida;Suiza;Agosto;179
25 Lleida;Suiza;Septiembre;222
25 Lleida;Suiza;Octubre;159
25 Lleida;Suiza;Noviembre;38
25 Lleida;Suiza;Diciembre;48
25 Lleida;Resto de Europa sin U.E.;Total;5.259
25 Lleida;Resto de Europa sin U.E.;Enero;215
25 Lleida;Resto de Europa sin U.E.;Febrero;166
25 Lleida;Resto de Europa sin U.E.;Marzo;336
25 Lleida;Resto de Europa sin U.E.;Abril;203
25 Lleida;Resto de Europa sin U.E.;Mayo;218
25 Lleida;Resto de Europa sin U.E.;Junio;348
25 Lleida;Resto de Europa sin U.E.;Julio;801
25 Lleida;Resto de Europa sin U.E.;Agosto;554
25 Lleida;Resto de Europa sin U.E.;Septiembre;537
25 Lleida;Resto de Europa sin U.E.;Octubre;775
25 Lleida;Resto de Europa sin U.E.;Noviembre;237
25 Lleida;Resto de Europa sin U.E.;Diciembre;870
25 Lleida;Japón;Total;96
25 Lleida;Japón;Enero;..
25 Lleida;Japón;Febrero;..
25 Lleida;Japón;Marzo;..
25 Lleida;Japón;Abril;..
25 Lleida;Japón;Mayo;..
25 Lleida;Japón;Junio;..
25 Lleida;Japón;Julio;55
25 Lleida;Japón;Agosto;..
25 Lleida;Japón;Septiembre;..
25 Lleida;Japón;Octubre;..
25 Lleida;Japón;Noviembre;..
25 Lleida;Japón;Diciembre;..
25 Lleida;República China;Total;293
25 Lleida;República China;Enero;44
25 Lleida;República China;Febrero;21
25 Lleida;República China;Marzo;16
25 Lleida;República China;Abril;..
25 Lleida;República China;Mayo;..
25 Lleida;República China;Junio;..
25 Lleida;República China;Julio;16
25 Lleida;República China;Agosto;42
25 Lleida;República China;Septiembre;21
25 Lleida;República China;Octubre;47
25 Lleida;República China;Noviembre;..
25 Lleida;República China;Diciembre;48
25 Lleida;Estados Unidos;Total;1.640
25 Lleida;Estados Unidos;Enero;18
25 Lleida;Estados Unidos;Febrero;35
25 Lleida;Estados Unidos;Marzo;58
25 Lleida;Estados Unidos;Abril;20
25 Lleida;Estados Unidos;Mayo;15
25 Lleida;Estados Unidos;Junio;157
25 Lleida;Estados Unidos;Julio;226
25 Lleida;Estados Unidos;Agosto;200
25 Lleida;Estados Unidos;Septiembre;340
25 Lleida;Estados Unidos;Octubre;230
25 Lleida;Estados Unidos;Noviembre;141
25 Lleida;Estados Unidos;Diciembre;200
25 Lleida;Resto de América;Total;4.354
25 Lleida;Resto de América;Enero;214
25 Lleida;Resto de América;Febrero;117
25 Lleida;Resto de América;Marzo;256
25 Lleida;Resto de América;Abril;188
25 Lleida;Resto de América;Mayo;127
25 Lleida;Resto de América;Junio;269
25 Lleida;Resto de América;Julio;428
25 Lleida;Resto de América;Agosto;362
25 Lleida;Resto de América;Septiembre;477
25 Lleida;Resto de América;Octubre;775
25 Lleida;Resto de América;Noviembre;455
25 Lleida;Resto de América;Diciembre;687
25 Lleida;Países africanos;Total;2.035
25 Lleida;Países africanos;Enero;86
25 Lleida;Países africanos;Febrero;85
25 Lleida;Países africanos;Marzo;145
25 Lleida;Países africanos;Abril;70
25 Lleida;Países africanos;Mayo;75
25 Lleida;Países africanos;Junio;174
25 Lleida;Países africanos;Julio;151
25 Lleida;Países africanos;Agosto;218
25 Lleida;Países africanos;Septiembre;200
25 Lleida;Países africanos;Octubre;413
25 Lleida;Países africanos;Noviembre;227
25 Lleida;Países africanos;Diciembre;190
27 Lugo;Total;Total;493.593
27 Lugo;Total;Enero;5.644
27 Lugo;Total;Febrero;5.092
27 Lugo;Total;Marzo;12.847
27 Lugo;Total;Abril;14.586
27 Lugo;Total;Mayo;26.151
27 Lugo;Total;Junio;43.258
27 Lugo;Total;Julio;82.268
27 Lugo;Total;Agosto;111.031
27 Lugo;Total;Septiembre;78.977
27 Lugo;Total;Octubre;63.333
27 Lugo;Total;Noviembre;29.958
27 Lugo;Total;Diciembre;20.448
27 Lugo;Residentes en España;Total;434.338
27 Lugo;Residentes en España;Enero;5.173
27 Lugo;Residentes en España;Febrero;4.735
27 Lugo;Residentes en España;Marzo;12.237
27 Lugo;Residentes en España;Abril;13.877
27 Lugo;Residentes en España;Mayo;24.045
27 Lugo;Residentes en España;Junio;39.225
27 Lugo;Residentes en España;Julio;73.480
27 Lugo;Residentes en España;Agosto;100.984
27 Lugo;Residentes en España;Septiembre;64.093
27 Lugo;Residentes en España;Octubre;50.773
27 Lugo;Residentes en España;Noviembre;26.657
27 Lugo;Residentes en España;Diciembre;19.059
27 Lugo;No residentes en España;Total;59.255
27 Lugo;No residentes en España;Enero;472
27 Lugo;No residentes en España;Febrero;357
27 Lugo;No residentes en España;Marzo;611
27 Lugo;No residentes en España;Abril;709
27 Lugo;No residentes en España;Mayo;2.105
27 Lugo;No residentes en España;Junio;4.033
27 Lugo;No residentes en España;Julio;8.789
27 Lugo;No residentes en España;Agosto;10.047
27 Lugo;No residentes en España;Septiembre;14.884
27 Lugo;No residentes en España;Octubre;12.560
27 Lugo;No residentes en España;Noviembre;3.302
27 Lugo;No residentes en España;Diciembre;1.389
27 Lugo;Unión Europea 27 (sin España);Total;33.086
27 Lugo;Unión Europea 27 (sin España);Enero;249
27 Lugo;Unión Europea 27 (sin España);Febrero;208
27 Lugo;Unión Europea 27 (sin España);Marzo;336
27 Lugo;Unión Europea 27 (sin España);Abril;407
27 Lugo;Unión Europea 27 (sin España);Mayo;1.202
27 Lugo;Unión Europea 27 (sin España);Junio;2.378
27 Lugo;Unión Europea 27 (sin España);Julio;5.165
27 Lugo;Unión Europea 27 (sin España);Agosto;6.981
27 Lugo;Unión Europea 27 (sin España);Septiembre;8.271
27 Lugo;Unión Europea 27 (sin España);Octubre;5.799
27 Lugo;Unión Europea 27 (sin España);Noviembre;1.375
27 Lugo;Unión Europea 27 (sin España);Diciembre;714
27 Lugo;Alemania;Total;5.737
27 Lugo;Alemania;Enero;..
27 Lugo;Alemania;Febrero;..
27 Lugo;Alemania;Marzo;30
27 Lugo;Alemania;Abril;57
27 Lugo;Alemania;Mayo;123
27 Lugo;Alemania;Junio;284
27 Lugo;Alemania;Julio;787
27 Lugo;Alemania;Agosto;1.220
27 Lugo;Alemania;Septiembre;1.907
27 Lugo;Alemania;Octubre;1.093
27 Lugo;Alemania;Noviembre;122
27 Lugo;Alemania;Diciembre;84
27 Lugo;Austria;Total;420
27 Lugo;Austria;Enero;..
27 Lugo;Austria;Febrero;..
27 Lugo;Austria;Marzo;..
27 Lugo;Austria;Abril;..
27 Lugo;Austria;Mayo;..
27 Lugo;Austria;Junio;..
27 Lugo;Austria;Julio;65
27 Lugo;Austria;Agosto;95
27 Lugo;Austria;Septiembre;150
27 Lugo;Austria;Octubre;78
27 Lugo;Austria;Noviembre;..
27 Lugo;Austria;Diciembre;..
27 Lugo;Bélgica;Total;1.506
27 Lugo;Bélgica;Enero;..
27 Lugo;Bélgica;Febrero;..
27 Lugo;Bélgica;Marzo;..
27 Lugo;Bélgica;Abril;..
27 Lugo;Bélgica;Mayo;..
27 Lugo;Bélgica;Junio;76
27 Lugo;Bélgica;Julio;229
27 Lugo;Bélgica;Agosto;263
27 Lugo;Bélgica;Septiembre;466
27 Lugo;Bélgica;Octubre;401
27 Lugo;Bélgica;Noviembre;22
27 Lugo;Bélgica;Diciembre;22
27 Lugo;Dinamarca;Total;880
27 Lugo;Dinamarca;Enero;..
27 Lugo;Dinamarca;Febrero;..
27 Lugo;Dinamarca;Marzo;..
27 Lugo;Dinamarca;Abril;..
27 Lugo;Dinamarca;Mayo;11
27 Lugo;Dinamarca;Junio;98
27 Lugo;Dinamarca;Julio;150
27 Lugo;Dinamarca;Agosto;107
27 Lugo;Dinamarca;Septiembre;199
27 Lugo;Dinamarca;Octubre;273
27 Lugo;Dinamarca;Noviembre;32
27 Lugo;Dinamarca;Diciembre;..
27 Lugo;Finlandia;Total;326
27 Lugo;Finlandia;Enero;..
27 Lugo;Finlandia;Febrero;..
27 Lugo;Finlandia;Marzo;..
27 Lugo;Finlandia;Abril;..
27 Lugo;Finlandia;Mayo;..
27 Lugo;Finlandia;Junio;23
27 Lugo;Finlandia;Julio;67
27 Lugo;Finlandia;Agosto;91
27 Lugo;Finlandia;Septiembre;69
27 Lugo;Finlandia;Octubre;36
27 Lugo;Finlandia;Noviembre;13
27 Lugo;Finlandia;Diciembre;..
27 Lugo;Francia;Total;7.163
27 Lugo;Francia;Enero;43
27 Lugo;Francia;Febrero;..
27 Lugo;Francia;Marzo;42
27 Lugo;Francia;Abril;..
27 Lugo;Francia;Mayo;160
27 Lugo;Francia;Junio;440
27 Lugo;Francia;Julio;1.277
27 Lugo;Francia;Agosto;1.494
27 Lugo;Francia;Septiembre;2.198
27 Lugo;Francia;Octubre;1.014
27 Lugo;Francia;Noviembre;294
27 Lugo;Francia;Diciembre;118
27 Lugo;Grecia;Total;218
27 Lugo;Grecia;Enero;..
27 Lugo;Grecia;Febrero;..
27 Lugo;Grecia;Marzo;..
27 Lugo;Grecia;Abril;10
27 Lugo;Grecia;Mayo;..
27 Lugo;Grecia;Junio;..
27 Lugo;Grecia;Julio;43
27 Lugo;Grecia;Agosto;..
27 Lugo;Grecia;Septiembre;..
27 Lugo;Grecia;Octubre;67
27 Lugo;Grecia;Noviembre;19
27 Lugo;Grecia;Diciembre;..
27 Lugo;Irlanda;Total;1.504
27 Lugo;Irlanda;Enero;..
27 Lugo;Irlanda;Febrero;..
27 Lugo;Irlanda;Marzo;..
27 Lugo;Irlanda;Abril;..
27 Lugo;Irlanda;Mayo;..
27 Lugo;Irlanda;Junio;31
27 Lugo;Irlanda;Julio;146
27 Lugo;Irlanda;Agosto;161
27 Lugo;Irlanda;Septiembre;453
27 Lugo;Irlanda;Octubre;671
27 Lugo;Irlanda;Noviembre;32
27 Lugo;Irlanda;Diciembre;..
27 Lugo;Italia;Total;4.638
27 Lugo;Italia;Enero;35
27 Lugo;Italia;Febrero;37
27 Lugo;Italia;Marzo;42
27 Lugo;Italia;Abril;35
27 Lugo;Italia;Mayo;312
27 Lugo;Italia;Junio;447
27 Lugo;Italia;Julio;906
27 Lugo;Italia;Agosto;1.129
27 Lugo;Italia;Septiembre;881
27 Lugo;Italia;Octubre;509
27 Lugo;Italia;Noviembre;256
27 Lugo;Italia;Diciembre;49
27 Lugo;Luxemburgo;Total;..
27 Lugo;Luxemburgo;Enero;..
27 Lugo;Luxemburgo;Febrero;..
27 Lugo;Luxemburgo;Marzo;..
27 Lugo;Luxemburgo;Abril;..
27 Lugo;Luxemburgo;Mayo;..
27 Lugo;Luxemburgo;Junio;..
27 Lugo;Luxemburgo;Julio;..
27 Lugo;Luxemburgo;Agosto;..
27 Lugo;Luxemburgo;Septiembre;..
27 Lugo;Luxemburgo;Octubre;..
27 Lugo;Luxemburgo;Noviembre;..
27 Lugo;Luxemburgo;Diciembre;..
27 Lugo;Países Bajos;Total;1.921
27 Lugo;Países Bajos;Enero;20
27 Lugo;Países Bajos;Febrero;..
27 Lugo;Países Bajos;Marzo;31
27 Lugo;Países Bajos;Abril;..
27 Lugo;Países Bajos;Mayo;20
27 Lugo;Países Bajos;Junio;133
27 Lugo;Países Bajos;Julio;395
27 Lugo;Países Bajos;Agosto;267
27 Lugo;Países Bajos;Septiembre;485
27 Lugo;Países Bajos;Octubre;418
27 Lugo;Países Bajos;Noviembre;81
27 Lugo;Países Bajos;Diciembre;47
27 Lugo;Polonia;Total;1.574
27 Lugo;Polonia;Enero;..
27 Lugo;Polonia;Febrero;..
27 Lugo;Polonia;Marzo;..
27 Lugo;Polonia;Abril;13
27 Lugo;Polonia;Mayo;22
27 Lugo;Polonia;Junio;..
27 Lugo;Polonia;Julio;189
27 Lugo;Polonia;Agosto;904
27 Lugo;Polonia;Septiembre;89
27 Lugo;Polonia;Octubre;295
27 Lugo;Polonia;Noviembre;..
27 Lugo;Polonia;Diciembre;..
27 Lugo;Portugal;Total;5.356
27 Lugo;Portugal;Enero;121
27 Lugo;Portugal;Febrero;80
27 Lugo;Portugal;Marzo;158
27 Lugo;Portugal;Abril;188
27 Lugo;Portugal;Mayo;416
27 Lugo;Portugal;Junio;611
27 Lugo;Portugal;Julio;663
27 Lugo;Portugal;Agosto;909
27 Lugo;Portugal;Septiembre;913
27 Lugo;Portugal;Octubre;600
27 Lugo;Portugal;Noviembre;374
27 Lugo;Portugal;Diciembre;323
27 Lugo;República Checa;Total;274
27 Lugo;República Checa;Enero;..
27 Lugo;República Checa;Febrero;..
27 Lugo;República Checa;Marzo;..
27 Lugo;República Checa;Abril;..
27 Lugo;República Checa;Mayo;..
27 Lugo;República Checa;Junio;..
27 Lugo;República Checa;Julio;49
27 Lugo;República Checa;Agosto;49
27 Lugo;República Checa;Septiembre;42
27 Lugo;República Checa;Octubre;..
27 Lugo;República Checa;Noviembre;..
27 Lugo;República Checa;Diciembre;..
27 Lugo;Suecia;Total;457
27 Lugo;Suecia;Enero;..
27 Lugo;Suecia;Febrero;..
27 Lugo;Suecia;Marzo;..
27 Lugo;Suecia;Abril;..
27 Lugo;Suecia;Mayo;..
27 Lugo;Suecia;Junio;..
27 Lugo;Suecia;Julio;20
27 Lugo;Suecia;Agosto;133
27 Lugo;Suecia;Septiembre;230
27 Lugo;Suecia;Octubre;48
27 Lugo;Suecia;Noviembre;15
27 Lugo;Suecia;Diciembre;..
27 Lugo;Noruega;Total;359
27 Lugo;Noruega;Enero;..
27 Lugo;Noruega;Febrero;..
27 Lugo;Noruega;Marzo;26
27 Lugo;Noruega;Abril;..
27 Lugo;Noruega;Mayo;..
27 Lugo;Noruega;Junio;..
27 Lugo;Noruega;Julio;25
27 Lugo;Noruega;Agosto;..
27 Lugo;Noruega;Septiembre;94
27 Lugo;Noruega;Octubre;172
27 Lugo;Noruega;Noviembre;12
27 Lugo;Noruega;Diciembre;14
27 Lugo;Reino Unido;Total;2.923
27 Lugo;Reino Unido;Enero;..
27 Lugo;Reino Unido;Febrero;..
27 Lugo;Reino Unido;Marzo;19
27 Lugo;Reino Unido;Abril;18
27 Lugo;Reino Unido;Mayo;76
27 Lugo;Reino Unido;Junio;175
27 Lugo;Reino Unido;Julio;401
27 Lugo;Reino Unido;Agosto;581
27 Lugo;Reino Unido;Septiembre;851
27 Lugo;Reino Unido;Octubre;654
27 Lugo;Reino Unido;Noviembre;121
27 Lugo;Reino Unido;Diciembre;23
27 Lugo;Rusia;Total;323
27 Lugo;Rusia;Enero;..
27 Lugo;Rusia;Febrero;..
27 Lugo;Rusia;Marzo;..
27 Lugo;Rusia;Abril;..
27 Lugo;Rusia;Mayo;28
27 Lugo;Rusia;Junio;44
27 Lugo;Rusia;Julio;79
27 Lugo;Rusia;Agosto;..
27 Lugo;Rusia;Septiembre;35
27 Lugo;Rusia;Octubre;..
27 Lugo;Rusia;Noviembre;41
27 Lugo;Rusia;Diciembre;..
27 Lugo;Suiza;Total;1.341
27 Lugo;Suiza;Enero;..
27 Lugo;Suiza;Febrero;..
27 Lugo;Suiza;Marzo;..
27 Lugo;Suiza;Abril;15
27 Lugo;Suiza;Mayo;121
27 Lugo;Suiza;Junio;150
27 Lugo;Suiza;Julio;216
27 Lugo;Suiza;Agosto;247
27 Lugo;Suiza;Septiembre;163
27 Lugo;Suiza;Octubre;377
27 Lugo;Suiza;Noviembre;..
27 Lugo;Suiza;Diciembre;49
27 Lugo;Resto de Europa sin U.E.;Total;1.317
27 Lugo;Resto de Europa sin U.E.;Enero;20
27 Lugo;Resto de Europa sin U.E.;Febrero;80
27 Lugo;Resto de Europa sin U.E.;Marzo;..
27 Lugo;Resto de Europa sin U.E.;Abril;..
27 Lugo;Resto de Europa sin U.E.;Mayo;..
27 Lugo;Resto de Europa sin U.E.;Junio;18
27 Lugo;Resto de Europa sin U.E.;Julio;99
27 Lugo;Resto de Europa sin U.E.;Agosto;157
27 Lugo;Resto de Europa sin U.E.;Septiembre;263
27 Lugo;Resto de Europa sin U.E.;Octubre;553
27 Lugo;Resto de Europa sin U.E.;Noviembre;69
27 Lugo;Resto de Europa sin U.E.;Diciembre;33
27 Lugo;Japón;Total;252
27 Lugo;Japón;Enero;..
27 Lugo;Japón;Febrero;..
27 Lugo;Japón;Marzo;..
27 Lugo;Japón;Abril;..
27 Lugo;Japón;Mayo;..
27 Lugo;Japón;Junio;..
27 Lugo;Japón;Julio;..
27 Lugo;Japón;Agosto;..
27 Lugo;Japón;Septiembre;..
27 Lugo;Japón;Octubre;..
27 Lugo;Japón;Noviembre;..
27 Lugo;Japón;Diciembre;94
27 Lugo;República China;Total;312
27 Lugo;República China;Enero;..
27 Lugo;República China;Febrero;..
27 Lugo;República China;Marzo;..
27 Lugo;República China;Abril;..
27 Lugo;República China;Mayo;22
27 Lugo;República China;Junio;22
27 Lugo;República China;Julio;23
27 Lugo;República China;Agosto;98
27 Lugo;República China;Septiembre;..
27 Lugo;República China;Octubre;45
27 Lugo;República China;Noviembre;..
27 Lugo;República China;Diciembre;..
27 Lugo;Estados Unidos;Total;6.427
27 Lugo;Estados Unidos;Enero;21
27 Lugo;Estados Unidos;Febrero;..
27 Lugo;Estados Unidos;Marzo;22
27 Lugo;Estados Unidos;Abril;..
27 Lugo;Estados Unidos;Mayo;..
27 Lugo;Estados Unidos;Junio;339
27 Lugo;Estados Unidos;Julio;771
27 Lugo;Estados Unidos;Agosto;589
27 Lugo;Estados Unidos;Septiembre;2.236
27 Lugo;Estados Unidos;Octubre;1.779
27 Lugo;Estados Unidos;Noviembre;507
27 Lugo;Estados Unidos;Diciembre;108
27 Lugo;Resto de América;Total;5.890
27 Lugo;Resto de América;Enero;52
27 Lugo;Resto de América;Febrero;43
27 Lugo;Resto de América;Marzo;72
27 Lugo;Resto de América;Abril;78
27 Lugo;Resto de América;Mayo;145
27 Lugo;Resto de América;Junio;299
27 Lugo;Resto de América;Julio;680
27 Lugo;Resto de América;Agosto;635
27 Lugo;Resto de América;Septiembre;1.412
27 Lugo;Resto de América;Octubre;1.558
27 Lugo;Resto de América;Noviembre;738
27 Lugo;Resto de América;Diciembre;176
27 Lugo;Países africanos;Total;504
27 Lugo;Países africanos;Enero;51
27 Lugo;Países africanos;Febrero;..
27 Lugo;Países africanos;Marzo;..
27 Lugo;Países africanos;Abril;..
27 Lugo;Países africanos;Mayo;13
27 Lugo;Países africanos;Junio;73
27 Lugo;Países africanos;Julio;23
27 Lugo;Países africanos;Agosto;58
27 Lugo;Países africanos;Septiembre;11
27 Lugo;Países africanos;Octubre;114
27 Lugo;Países africanos;Noviembre;42
27 Lugo;Países africanos;Diciembre;83
28 Madrid;Total;Total;6.265.505
28 Madrid;Total;Enero;227.901
28 Madrid;Total;Febrero;240.372
28 Madrid;Total;Marzo;296.799
28 Madrid;Total;Abril;293.955
28 Madrid;Total;Mayo;413.197
28 Madrid;Total;Junio;491.089
28 Madrid;Total;Julio;555.840
28 Madrid;Total;Agosto;557.806
28 Madrid;Total;Septiembre;709.463
28 Madrid;Total;Octubre;885.784
28 Madrid;Total;Noviembre;822.908
28 Madrid;Total;Diciembre;770.392
28 Madrid;Residentes en España;Total;4.348.367
28 Madrid;Residentes en España;Enero;181.252
28 Madrid;Residentes en España;Febrero;196.967
28 Madrid;Residentes en España;Marzo;235.502
28 Madrid;Residentes en España;Abril;232.440
28 Madrid;Residentes en España;Mayo;316.121
28 Madrid;Residentes en España;Junio;371.203
28 Madrid;Residentes en España;Julio;376.416
28 Madrid;Residentes en España;Agosto;363.898
28 Madrid;Residentes en España;Septiembre;452.686
28 Madrid;Residentes en España;Octubre;564.761
28 Madrid;Residentes en España;Noviembre;528.624
28 Madrid;Residentes en España;Diciembre;528.498
28 Madrid;No residentes en España;Total;1.917.138
28 Madrid;No residentes en España;Enero;46.649
28 Madrid;No residentes en España;Febrero;43.405
28 Madrid;No residentes en España;Marzo;61.297
28 Madrid;No residentes en España;Abril;61.516
28 Madrid;No residentes en España;Mayo;97.076
28 Madrid;No residentes en España;Junio;119.886
28 Madrid;No residentes en España;Julio;179.424
28 Madrid;No residentes en España;Agosto;193.907
28 Madrid;No residentes en España;Septiembre;256.777
28 Madrid;No residentes en España;Octubre;321.023
28 Madrid;No residentes en España;Noviembre;294.284
28 Madrid;No residentes en España;Diciembre;241.894
28 Madrid;Unión Europea 27 (sin España);Total;834.215
28 Madrid;Unión Europea 27 (sin España);Enero;20.837
28 Madrid;Unión Europea 27 (sin España);Febrero;23.024
28 Madrid;Unión Europea 27 (sin España);Marzo;33.016
28 Madrid;Unión Europea 27 (sin España);Abril;34.033
28 Madrid;Unión Europea 27 (sin España);Mayo;54.030
28 Madrid;Unión Europea 27 (sin España);Junio;62.426
28 Madrid;Unión Europea 27 (sin España);Julio;74.608
28 Madrid;Unión Europea 27 (sin España);Agosto;84.597
28 Madrid;Unión Europea 27 (sin España);Septiembre;101.041
28 Madrid;Unión Europea 27 (sin España);Octubre;136.747
28 Madrid;Unión Europea 27 (sin España);Noviembre;121.628
28 Madrid;Unión Europea 27 (sin España);Diciembre;88.231
28 Madrid;Alemania;Total;90.762
28 Madrid;Alemania;Enero;1.795
28 Madrid;Alemania;Febrero;2.240
28 Madrid;Alemania;Marzo;3.623
28 Madrid;Alemania;Abril;3.033
28 Madrid;Alemania;Mayo;5.991
28 Madrid;Alemania;Junio;7.132
28 Madrid;Alemania;Julio;8.056
28 Madrid;Alemania;Agosto;8.217
28 Madrid;Alemania;Septiembre;12.359
28 Madrid;Alemania;Octubre;15.824
28 Madrid;Alemania;Noviembre;13.534
28 Madrid;Alemania;Diciembre;8.958
28 Madrid;Austria;Total;11.941
28 Madrid;Austria;Enero;163
28 Madrid;Austria;Febrero;180
28 Madrid;Austria;Marzo;339
28 Madrid;Austria;Abril;375
28 Madrid;Austria;Mayo;593
28 Madrid;Austria;Junio;1.166
28 Madrid;Austria;Julio;1.766
28 Madrid;Austria;Agosto;925
28 Madrid;Austria;Septiembre;1.485
28 Madrid;Austria;Octubre;2.234
28 Madrid;Austria;Noviembre;1.437
28 Madrid;Austria;Diciembre;1.280
28 Madrid;Bélgica;Total;37.564
28 Madrid;Bélgica;Enero;710
28 Madrid;Bélgica;Febrero;689
28 Madrid;Bélgica;Marzo;1.101
28 Madrid;Bélgica;Abril;1.230
28 Madrid;Bélgica;Mayo;1.794
28 Madrid;Bélgica;Junio;2.956
28 Madrid;Bélgica;Julio;4.755
28 Madrid;Bélgica;Agosto;4.599
28 Madrid;Bélgica;Septiembre;5.729
28 Madrid;Bélgica;Octubre;5.519
28 Madrid;Bélgica;Noviembre;5.168
28 Madrid;Bélgica;Diciembre;3.312
28 Madrid;Dinamarca;Total;10.261
28 Madrid;Dinamarca;Enero;205
28 Madrid;Dinamarca;Febrero;104
28 Madrid;Dinamarca;Marzo;244
28 Madrid;Dinamarca;Abril;204
28 Madrid;Dinamarca;Mayo;555
28 Madrid;Dinamarca;Junio;548
28 Madrid;Dinamarca;Julio;990
28 Madrid;Dinamarca;Agosto;872
28 Madrid;Dinamarca;Septiembre;2.080
28 Madrid;Dinamarca;Octubre;2.065
28 Madrid;Dinamarca;Noviembre;1.592
28 Madrid;Dinamarca;Diciembre;804
28 Madrid;Finlandia;Total;6.267
28 Madrid;Finlandia;Enero;92
28 Madrid;Finlandia;Febrero;119
28 Madrid;Finlandia;Marzo;105
28 Madrid;Finlandia;Abril;73
28 Madrid;Finlandia;Mayo;176
28 Madrid;Finlandia;Junio;441
28 Madrid;Finlandia;Julio;405
28 Madrid;Finlandia;Agosto;184
28 Madrid;Finlandia;Septiembre;522
28 Madrid;Finlandia;Octubre;1.877
28 Madrid;Finlandia;Noviembre;1.277
28 Madrid;Finlandia;Diciembre;998
28 Madrid;Francia;Total;211.811
28 Madrid;Francia;Enero;5.575
28 Madrid;Francia;Febrero;7.687
28 Madrid;Francia;Marzo;11.588
28 Madrid;Francia;Abril;10.332
28 Madrid;Francia;Mayo;16.491
28 Madrid;Francia;Junio;16.496
28 Madrid;Francia;Julio;19.016
28 Madrid;Francia;Agosto;24.970
28 Madrid;Francia;Septiembre;21.266
28 Madrid;Francia;Octubre;30.087
28 Madrid;Francia;Noviembre;27.993
28 Madrid;Francia;Diciembre;20.311
28 Madrid;Grecia;Total;8.548
28 Madrid;Grecia;Enero;74
28 Madrid;Grecia;Febrero;84
28 Madrid;Grecia;Marzo;173
28 Madrid;Grecia;Abril;332
28 Madrid;Grecia;Mayo;327
28 Madrid;Grecia;Junio;435
28 Madrid;Grecia;Julio;823
28 Madrid;Grecia;Agosto;1.000
28 Madrid;Grecia;Septiembre;1.041
28 Madrid;Grecia;Octubre;1.592
28 Madrid;Grecia;Noviembre;1.314
28 Madrid;Grecia;Diciembre;1.352
28 Madrid;Irlanda;Total;16.874
28 Madrid;Irlanda;Enero;409
28 Madrid;Irlanda;Febrero;398
28 Madrid;Irlanda;Marzo;364
28 Madrid;Irlanda;Abril;403
28 Madrid;Irlanda;Mayo;673
28 Madrid;Irlanda;Junio;749
28 Madrid;Irlanda;Julio;1.513
28 Madrid;Irlanda;Agosto;1.345
28 Madrid;Irlanda;Septiembre;2.773
28 Madrid;Irlanda;Octubre;3.463
28 Madrid;Irlanda;Noviembre;3.519
28 Madrid;Irlanda;Diciembre;1.267
28 Madrid;Italia;Total;150.837
28 Madrid;Italia;Enero;3.884
28 Madrid;Italia;Febrero;4.406
28 Madrid;Italia;Marzo;6.227
28 Madrid;Italia;Abril;6.588
28 Madrid;Italia;Mayo;8.687
28 Madrid;Italia;Junio;9.749
28 Madrid;Italia;Julio;12.518
28 Madrid;Italia;Agosto;11.994
28 Madrid;Italia;Septiembre;17.145
28 Madrid;Italia;Octubre;26.839
28 Madrid;Italia;Noviembre;24.208
28 Madrid;Italia;Diciembre;18.592
28 Madrid;Luxemburgo;Total;2.973
28 Madrid;Luxemburgo;Enero;59
28 Madrid;Luxemburgo;Febrero;33
28 Madrid;Luxemburgo;Marzo;98
28 Madrid;Luxemburgo;Abril;160
28 Madrid;Luxemburgo;Mayo;171
28 Madrid;Luxemburgo;Junio;151
28 Madrid;Luxemburgo;Julio;179
28 Madrid;Luxemburgo;Agosto;244
28 Madrid;Luxemburgo;Septiembre;352
28 Madrid;Luxemburgo;Octubre;969
28 Madrid;Luxemburgo;Noviembre;292
28 Madrid;Luxemburgo;Diciembre;265
28 Madrid;Países Bajos;Total;57.286
28 Madrid;Países Bajos;Enero;890
28 Madrid;Países Bajos;Febrero;1.152
28 Madrid;Países Bajos;Marzo;1.552
28 Madrid;Países Bajos;Abril;1.772
28 Madrid;Países Bajos;Mayo;4.237
28 Madrid;Países Bajos;Junio;3.842
28 Madrid;Países Bajos;Julio;4.903
28 Madrid;Países Bajos;Agosto;7.663
28 Madrid;Países Bajos;Septiembre;6.427
28 Madrid;Países Bajos;Octubre;10.844
28 Madrid;Países Bajos;Noviembre;7.257
28 Madrid;Países Bajos;Diciembre;6.747
28 Madrid;Polonia;Total;21.408
28 Madrid;Polonia;Enero;702
28 Madrid;Polonia;Febrero;726
28 Madrid;Polonia;Marzo;854
28 Madrid;Polonia;Abril;751
28 Madrid;Polonia;Mayo;1.334
28 Madrid;Polonia;Junio;1.749
28 Madrid;Polonia;Julio;1.623
28 Madrid;Polonia;Agosto;1.838
28 Madrid;Polonia;Septiembre;3.336
28 Madrid;Polonia;Octubre;3.367
28 Madrid;Polonia;Noviembre;3.405
28 Madrid;Polonia;Diciembre;1.723
28 Madrid;Portugal;Total;111.990
28 Madrid;Portugal;Enero;2.675
28 Madrid;Portugal;Febrero;2.375
28 Madrid;Portugal;Marzo;3.146
28 Madrid;Portugal;Abril;3.911
28 Madrid;Portugal;Mayo;6.305
28 Madrid;Portugal;Junio;8.626
28 Madrid;Portugal;Julio;9.330
28 Madrid;Portugal;Agosto;12.309
28 Madrid;Portugal;Septiembre;15.784
28 Madrid;Portugal;Octubre;18.901
28 Madrid;Portugal;Noviembre;17.225
28 Madrid;Portugal;Diciembre;11.402
28 Madrid;República Checa;Total;7.673
28 Madrid;República Checa;Enero;181
28 Madrid;República Checa;Febrero;92
28 Madrid;República Checa;Marzo;183
28 Madrid;República Checa;Abril;189
28 Madrid;República Checa;Mayo;384
28 Madrid;República Checa;Junio;627
28 Madrid;República Checa;Julio;817
28 Madrid;República Checa;Agosto;932
28 Madrid;República Checa;Septiembre;1.194
28 Madrid;República Checa;Octubre;1.425
28 Madrid;República Checa;Noviembre;1.273
28 Madrid;República Checa;Diciembre;375
28 Madrid;Suecia;Total;13.856
28 Madrid;Suecia;Enero;384
28 Madrid;Suecia;Febrero;301
28 Madrid;Suecia;Marzo;413
28 Madrid;Suecia;Abril;606
28 Madrid;Suecia;Mayo;547
28 Madrid;Suecia;Junio;759
28 Madrid;Suecia;Julio;1.262
28 Madrid;Suecia;Agosto;1.364
28 Madrid;Suecia;Septiembre;1.958
28 Madrid;Suecia;Octubre;2.317
28 Madrid;Suecia;Noviembre;2.442
28 Madrid;Suecia;Diciembre;1.502
28 Madrid;Noruega;Total;5.699
28 Madrid;Noruega;Enero;140
28 Madrid;Noruega;Febrero;141
28 Madrid;Noruega;Marzo;113
28 Madrid;Noruega;Abril;172
28 Madrid;Noruega;Mayo;214
28 Madrid;Noruega;Junio;283
28 Madrid;Noruega;Julio;570
28 Madrid;Noruega;Agosto;424
28 Madrid;Noruega;Septiembre;649
28 Madrid;Noruega;Octubre;1.254
28 Madrid;Noruega;Noviembre;1.097
28 Madrid;Noruega;Diciembre;642
28 Madrid;Reino Unido;Total;86.661
28 Madrid;Reino Unido;Enero;1.353
28 Madrid;Reino Unido;Febrero;1.789
28 Madrid;Reino Unido;Marzo;1.842
28 Madrid;Reino Unido;Abril;1.774
28 Madrid;Reino Unido;Mayo;2.675
28 Madrid;Reino Unido;Junio;4.112
28 Madrid;Reino Unido;Julio;7.217
28 Madrid;Reino Unido;Agosto;8.781
28 Madrid;Reino Unido;Septiembre;13.736
28 Madrid;Reino Unido;Octubre;19.985
28 Madrid;Reino Unido;Noviembre;14.975
28 Madrid;Reino Unido;Diciembre;8.422
28 Madrid;Rusia;Total;17.118
28 Madrid;Rusia;Enero;449
28 Madrid;Rusia;Febrero;431
28 Madrid;Rusia;Marzo;774
28 Madrid;Rusia;Abril;776
28 Madrid;Rusia;Mayo;954
28 Madrid;Rusia;Junio;923
28 Madrid;Rusia;Julio;1.410
28 Madrid;Rusia;Agosto;1.535
28 Madrid;Rusia;Septiembre;2.227
28 Madrid;Rusia;Octubre;2.570
28 Madrid;Rusia;Noviembre;2.518
28 Madrid;Rusia;Diciembre;2.552
28 Madrid;Suiza;Total;27.202
28 Madrid;Suiza;Enero;752
28 Madrid;Suiza;Febrero;413
28 Madrid;Suiza;Marzo;688
28 Madrid;Suiza;Abril;1.290
28 Madrid;Suiza;Mayo;1.860
28 Madrid;Suiza;Junio;1.881
28 Madrid;Suiza;Julio;2.835
28 Madrid;Suiza;Agosto;2.131
28 Madrid;Suiza;Septiembre;3.826
28 Madrid;Suiza;Octubre;5.180
28 Madrid;Suiza;Noviembre;4.108
28 Madrid;Suiza;Diciembre;2.239
28 Madrid;Resto de Europa sin U.E.;Total;53.760
28 Madrid;Resto de Europa sin U.E.;Enero;1.884
28 Madrid;Resto de Europa sin U.E.;Febrero;1.526
28 Madrid;Resto de Europa sin U.E.;Marzo;2.394
28 Madrid;Resto de Europa sin U.E.;Abril;2.550
28 Madrid;Resto de Europa sin U.E.;Mayo;3.441
28 Madrid;Resto de Europa sin U.E.;Junio;3.768
28 Madrid;Resto de Europa sin U.E.;Julio;4.457
28 Madrid;Resto de Europa sin U.E.;Agosto;4.106
28 Madrid;Resto de Europa sin U.E.;Septiembre;6.893
28 Madrid;Resto de Europa sin U.E.;Octubre;7.999
28 Madrid;Resto de Europa sin U.E.;Noviembre;7.896
28 Madrid;Resto de Europa sin U.E.;Diciembre;6.845
28 Madrid;Japón;Total;4.840
28 Madrid;Japón;Enero;132
28 Madrid;Japón;Febrero;122
28 Madrid;Japón;Marzo;105
28 Madrid;Japón;Abril;139
28 Madrid;Japón;Mayo;209
28 Madrid;Japón;Junio;402
28 Madrid;Japón;Julio;348
28 Madrid;Japón;Agosto;332
28 Madrid;Japón;Septiembre;670
28 Madrid;Japón;Octubre;664
28 Madrid;Japón;Noviembre;799
28 Madrid;Japón;Diciembre;919
28 Madrid;República China;Total;26.500
28 Madrid;República China;Enero;1.278
28 Madrid;República China;Febrero;969
28 Madrid;República China;Marzo;1.354
28 Madrid;República China;Abril;1.449
28 Madrid;República China;Mayo;1.594
28 Madrid;República China;Junio;1.762
28 Madrid;República China;Julio;2.520
28 Madrid;República China;Agosto;2.308
28 Madrid;República China;Septiembre;3.439
28 Madrid;República China;Octubre;2.946
28 Madrid;República China;Noviembre;2.990
28 Madrid;República China;Diciembre;3.891
28 Madrid;Estados Unidos;Total;228.277
28 Madrid;Estados Unidos;Enero;1.899
28 Madrid;Estados Unidos;Febrero;1.312
28 Madrid;Estados Unidos;Marzo;2.113
28 Madrid;Estados Unidos;Abril;2.377
28 Madrid;Estados Unidos;Mayo;3.485
28 Madrid;Estados Unidos;Junio;10.573
28 Madrid;Estados Unidos;Julio;30.147
28 Madrid;Estados Unidos;Agosto;32.245
28 Madrid;Estados Unidos;Septiembre;36.931
28 Madrid;Estados Unidos;Octubre;41.297
28 Madrid;Estados Unidos;Noviembre;34.552
28 Madrid;Estados Unidos;Diciembre;31.347
28 Madrid;Resto de América;Total;418.429
28 Madrid;Resto de América;Enero;11.072
28 Madrid;Resto de América;Febrero;8.549
28 Madrid;Resto de América;Marzo;11.652
28 Madrid;Resto de América;Abril;10.746
28 Madrid;Resto de América;Mayo;13.797
28 Madrid;Resto de América;Junio;21.411
28 Madrid;Resto de América;Julio;38.320
28 Madrid;Resto de América;Agosto;38.083
28 Madrid;Resto de América;Septiembre;58.815
28 Madrid;Resto de América;Octubre;71.435
28 Madrid;Resto de América;Noviembre;69.465
28 Madrid;Resto de América;Diciembre;65.085
28 Madrid;Países africanos;Total;72.859
28 Madrid;Países africanos;Enero;3.109
28 Madrid;Países africanos;Febrero;2.643
28 Madrid;Países africanos;Marzo;3.702
28 Madrid;Países africanos;Abril;3.139
28 Madrid;Países africanos;Mayo;8.990
28 Madrid;Países africanos;Junio;5.162
28 Madrid;Países africanos;Julio;6.589
28 Madrid;Países africanos;Agosto;6.693
28 Madrid;Países africanos;Septiembre;7.504
28 Madrid;Países africanos;Octubre;8.944
28 Madrid;Países africanos;Noviembre;9.102
28 Madrid;Países africanos;Diciembre;7.280
29 Málaga;Total;Total;3.393.895
29 Málaga;Total;Enero;46.540
29 Málaga;Total;Febrero;41.999
29 Málaga;Total;Marzo;71.264
29 Málaga;Total;Abril;79.611
29 Málaga;Total;Mayo;178.362
29 Málaga;Total;Junio;342.013
29 Málaga;Total;Julio;556.796
29 Málaga;Total;Agosto;626.297
29 Málaga;Total;Septiembre;483.297
29 Málaga;Total;Octubre;451.642
29 Málaga;Total;Noviembre;280.935
29 Málaga;Total;Diciembre;235.138
29 Málaga;Residentes en España;Total;2.054.163
29 Málaga;Residentes en España;Enero;35.051
29 Málaga;Residentes en España;Febrero;32.358
29 Málaga;Residentes en España;Marzo;54.084
29 Málaga;Residentes en España;Abril;54.893
29 Málaga;Residentes en España;Mayo;124.090
29 Málaga;Residentes en España;Junio;252.019
29 Málaga;Residentes en España;Julio;381.978
29 Málaga;Residentes en España;Agosto;405.728
29 Málaga;Residentes en España;Septiembre;247.187
29 Málaga;Residentes en España;Octubre;186.441
29 Málaga;Residentes en España;Noviembre;137.552
29 Málaga;Residentes en España;Diciembre;142.779
29 Málaga;No residentes en España;Total;1.339.732
29 Málaga;No residentes en España;Enero;11.489
29 Málaga;No residentes en España;Febrero;9.641
29 Málaga;No residentes en España;Marzo;17.179
29 Málaga;No residentes en España;Abril;24.718
29 Málaga;No residentes en España;Mayo;54.272
29 Málaga;No residentes en España;Junio;89.994
29 Málaga;No residentes en España;Julio;174.818
29 Málaga;No residentes en España;Agosto;220.569
29 Málaga;No residentes en España;Septiembre;236.110
29 Málaga;No residentes en España;Octubre;265.201
29 Málaga;No residentes en España;Noviembre;143.382
29 Málaga;No residentes en España;Diciembre;92.359
29 Málaga;Unión Europea 27 (sin España);Total;838.498
29 Málaga;Unión Europea 27 (sin España);Enero;7.068
29 Málaga;Unión Europea 27 (sin España);Febrero;5.879
29 Málaga;Unión Europea 27 (sin España);Marzo;10.562
29 Málaga;Unión Europea 27 (sin España);Abril;16.394
29 Málaga;Unión Europea 27 (sin España);Mayo;37.631
29 Málaga;Unión Europea 27 (sin España);Junio;59.956
29 Málaga;Unión Europea 27 (sin España);Julio;110.776
29 Málaga;Unión Europea 27 (sin España);Agosto;143.162
29 Málaga;Unión Europea 27 (sin España);Septiembre;145.469
29 Málaga;Unión Europea 27 (sin España);Octubre;159.483
29 Málaga;Unión Europea 27 (sin España);Noviembre;86.680
29 Málaga;Unión Europea 27 (sin España);Diciembre;55.439
29 Málaga;Alemania;Total;90.588
29 Málaga;Alemania;Enero;623
29 Málaga;Alemania;Febrero;562
29 Málaga;Alemania;Marzo;1.056
29 Málaga;Alemania;Abril;1.341
29 Málaga;Alemania;Mayo;3.065
29 Málaga;Alemania;Junio;6.427
29 Málaga;Alemania;Julio;9.275
29 Málaga;Alemania;Agosto;8.564
29 Málaga;Alemania;Septiembre;15.127
29 Málaga;Alemania;Octubre;23.015
29 Málaga;Alemania;Noviembre;14.093
29 Málaga;Alemania;Diciembre;7.441
29 Málaga;Austria;Total;11.385
29 Málaga;Austria;Enero;49
29 Málaga;Austria;Febrero;72
29 Málaga;Austria;Marzo;149
29 Málaga;Austria;Abril;224
29 Málaga;Austria;Mayo;376
29 Málaga;Austria;Junio;781
29 Málaga;Austria;Julio;1.694
29 Málaga;Austria;Agosto;1.376
29 Málaga;Austria;Septiembre;1.607
29 Málaga;Austria;Octubre;3.079
29 Málaga;Austria;Noviembre;1.021
29 Málaga;Austria;Diciembre;957
29 Málaga;Bélgica;Total;83.851
29 Málaga;Bélgica;Enero;464
29 Málaga;Bélgica;Febrero;268
29 Málaga;Bélgica;Marzo;668
29 Málaga;Bélgica;Abril;1.264
29 Málaga;Bélgica;Mayo;3.521
29 Málaga;Bélgica;Junio;4.552
29 Málaga;Bélgica;Julio;11.250
29 Málaga;Bélgica;Agosto;11.976
29 Málaga;Bélgica;Septiembre;18.061
29 Málaga;Bélgica;Octubre;15.817
29 Málaga;Bélgica;Noviembre;9.413
29 Málaga;Bélgica;Diciembre;6.597
29 Málaga;Dinamarca;Total;45.042
29 Málaga;Dinamarca;Enero;246
29 Málaga;Dinamarca;Febrero;177
29 Málaga;Dinamarca;Marzo;514
29 Málaga;Dinamarca;Abril;627
29 Málaga;Dinamarca;Mayo;1.168
29 Málaga;Dinamarca;Junio;2.246
29 Málaga;Dinamarca;Julio;8.097
29 Málaga;Dinamarca;Agosto;5.751
29 Málaga;Dinamarca;Septiembre;9.448
29 Málaga;Dinamarca;Octubre;8.977
29 Málaga;Dinamarca;Noviembre;5.275
29 Málaga;Dinamarca;Diciembre;2.515
29 Málaga;Finlandia;Total;17.334
29 Málaga;Finlandia;Enero;153
29 Málaga;Finlandia;Febrero;127
29 Málaga;Finlandia;Marzo;325
29 Málaga;Finlandia;Abril;526
29 Málaga;Finlandia;Mayo;545
29 Málaga;Finlandia;Junio;932
29 Málaga;Finlandia;Julio;1.532
29 Málaga;Finlandia;Agosto;1.340
29 Málaga;Finlandia;Septiembre;2.141
29 Málaga;Finlandia;Octubre;4.402
29 Málaga;Finlandia;Noviembre;3.179
29 Málaga;Finlandia;Diciembre;2.133
29 Málaga;Francia;Total;169.116
29 Málaga;Francia;Enero;1.853
29 Málaga;Francia;Febrero;1.808
29 Málaga;Francia;Marzo;2.438
29 Málaga;Francia;Abril;4.189
29 Málaga;Francia;Mayo;12.969
29 Málaga;Francia;Junio;15.083
29 Málaga;Francia;Julio;24.148
29 Málaga;Francia;Agosto;38.771
29 Málaga;Francia;Septiembre;23.701
29 Málaga;Francia;Octubre;24.941
29 Málaga;Francia;Noviembre;11.087
29 Málaga;Francia;Diciembre;8.128
29 Málaga;Grecia;Total;2.523
29 Málaga;Grecia;Enero;..
29 Málaga;Grecia;Febrero;..
29 Málaga;Grecia;Marzo;39
29 Málaga;Grecia;Abril;33
29 Málaga;Grecia;Mayo;258
29 Málaga;Grecia;Junio;210
29 Málaga;Grecia;Julio;458
29 Málaga;Grecia;Agosto;346
29 Málaga;Grecia;Septiembre;302
29 Málaga;Grecia;Octubre;373
29 Málaga;Grecia;Noviembre;239
29 Málaga;Grecia;Diciembre;216
29 Málaga;Irlanda;Total;53.200
29 Málaga;Irlanda;Enero;249
29 Málaga;Irlanda;Febrero;301
29 Málaga;Irlanda;Marzo;232
29 Málaga;Irlanda;Abril;371
29 Málaga;Irlanda;Mayo;767
29 Málaga;Irlanda;Junio;1.310
29 Málaga;Irlanda;Julio;4.842
29 Málaga;Irlanda;Agosto;9.858
29 Málaga;Irlanda;Septiembre;13.593
29 Málaga;Irlanda;Octubre;13.479
29 Málaga;Irlanda;Noviembre;5.482
29 Málaga;Irlanda;Diciembre;2.714
29 Málaga;Italia;Total;50.669
29 Málaga;Italia;Enero;513
29 Málaga;Italia;Febrero;400
29 Málaga;Italia;Marzo;712
29 Málaga;Italia;Abril;935
29 Málaga;Italia;Mayo;1.919
29 Málaga;Italia;Junio;3.572
29 Málaga;Italia;Julio;6.303
29 Málaga;Italia;Agosto;9.936
29 Málaga;Italia;Septiembre;6.673
29 Málaga;Italia;Octubre;8.216
29 Málaga;Italia;Noviembre;6.594
29 Málaga;Italia;Diciembre;4.895
29 Málaga;Luxemburgo;Total;4.966
29 Málaga;Luxemburgo;Enero;69
29 Málaga;Luxemburgo;Febrero;22
29 Málaga;Luxemburgo;Marzo;70
29 Málaga;Luxemburgo;Abril;204
29 Málaga;Luxemburgo;Mayo;201
29 Málaga;Luxemburgo;Junio;242
29 Málaga;Luxemburgo;Julio;649
29 Málaga;Luxemburgo;Agosto;935
29 Málaga;Luxemburgo;Septiembre;897
29 Málaga;Luxemburgo;Octubre;838
29 Málaga;Luxemburgo;Noviembre;463
29 Málaga;Luxemburgo;Diciembre;376
29 Málaga;Países Bajos;Total;120.791
29 Málaga;Países Bajos;Enero;694
29 Málaga;Países Bajos;Febrero;803
29 Málaga;Países Bajos;Marzo;993
29 Málaga;Países Bajos;Abril;1.959
29 Málaga;Países Bajos;Mayo;4.751
29 Málaga;Países Bajos;Junio;6.386
29 Málaga;Países Bajos;Julio;12.395
29 Málaga;Países Bajos;Agosto;23.159
29 Málaga;Países Bajos;Septiembre;24.993
29 Málaga;Países Bajos;Octubre;26.062
29 Málaga;Países Bajos;Noviembre;10.865
29 Málaga;Países Bajos;Diciembre;7.728
29 Málaga;Polonia;Total;35.124
29 Málaga;Polonia;Enero;227
29 Málaga;Polonia;Febrero;153
29 Málaga;Polonia;Marzo;422
29 Málaga;Polonia;Abril;620
29 Málaga;Polonia;Mayo;1.855
29 Málaga;Polonia;Junio;3.508
29 Málaga;Polonia;Julio;6.921
29 Málaga;Polonia;Agosto;6.629
29 Málaga;Polonia;Septiembre;6.215
29 Málaga;Polonia;Octubre;4.979
29 Málaga;Polonia;Noviembre;2.352
29 Málaga;Polonia;Diciembre;1.244
29 Málaga;Portugal;Total;34.470
29 Málaga;Portugal;Enero;346
29 Málaga;Portugal;Febrero;161
29 Málaga;Portugal;Marzo;438
29 Málaga;Portugal;Abril;453
29 Málaga;Portugal;Mayo;1.254
29 Málaga;Portugal;Junio;4.167
29 Málaga;Portugal;Julio;4.291
29 Málaga;Portugal;Agosto;9.420
29 Málaga;Portugal;Septiembre;5.844
29 Málaga;Portugal;Octubre;4.823
29 Málaga;Portugal;Noviembre;1.854
29 Málaga;Portugal;Diciembre;1.418
29 Málaga;República Checa;Total;13.929
29 Málaga;República Checa;Enero;184
29 Málaga;República Checa;Febrero;76
29 Málaga;República Checa;Marzo;276
29 Málaga;República Checa;Abril;610
29 Málaga;República Checa;Mayo;733
29 Málaga;República Checa;Junio;1.476
29 Málaga;República Checa;Julio;2.874
29 Málaga;República Checa;Agosto;1.488
29 Málaga;República Checa;Septiembre;2.654
29 Málaga;República Checa;Octubre;1.590
29 Málaga;República Checa;Noviembre;1.029
29 Málaga;República Checa;Diciembre;938
29 Málaga;Suecia;Total;54.251
29 Málaga;Suecia;Enero;562
29 Málaga;Suecia;Febrero;392
29 Málaga;Suecia;Marzo;1.035
29 Málaga;Suecia;Abril;1.704
29 Málaga;Suecia;Mayo;1.991
29 Málaga;Suecia;Junio;3.362
29 Málaga;Suecia;Julio;8.159
29 Málaga;Suecia;Agosto;5.723
29 Málaga;Suecia;Septiembre;8.121
29 Málaga;Suecia;Octubre;11.104
29 Málaga;Suecia;Noviembre;8.286
29 Málaga;Suecia;Diciembre;3.812
29 Málaga;Noruega;Total;17.649
29 Málaga;Noruega;Enero;151
29 Málaga;Noruega;Febrero;60
29 Málaga;Noruega;Marzo;219
29 Málaga;Noruega;Abril;167
29 Málaga;Noruega;Mayo;194
29 Málaga;Noruega;Junio;544
29 Málaga;Noruega;Julio;1.584
29 Málaga;Noruega;Agosto;974
29 Málaga;Noruega;Septiembre;2.361
29 Málaga;Noruega;Octubre;5.618
29 Málaga;Noruega;Noviembre;4.359
29 Málaga;Noruega;Diciembre;1.417
29 Málaga;Reino Unido;Total;254.680
29 Málaga;Reino Unido;Enero;917
29 Málaga;Reino Unido;Febrero;818
29 Málaga;Reino Unido;Marzo;1.275
29 Málaga;Reino Unido;Abril;2.098
29 Málaga;Reino Unido;Mayo;4.280
29 Málaga;Reino Unido;Junio;11.361
29 Málaga;Reino Unido;Julio;27.174
29 Málaga;Reino Unido;Agosto;40.602
29 Málaga;Reino Unido;Septiembre;57.773
29 Málaga;Reino Unido;Octubre;64.513
29 Málaga;Reino Unido;Noviembre;28.646
29 Málaga;Reino Unido;Diciembre;15.223
29 Málaga;Rusia;Total;8.650
29 Málaga;Rusia;Enero;202
29 Málaga;Rusia;Febrero;218
29 Málaga;Rusia;Marzo;319
29 Málaga;Rusia;Abril;403
29 Málaga;Rusia;Mayo;476
29 Málaga;Rusia;Junio;874
29 Málaga;Rusia;Julio;1.112
29 Málaga;Rusia;Agosto;1.078
29 Málaga;Rusia;Septiembre;766
29 Málaga;Rusia;Octubre;1.240
29 Málaga;Rusia;Noviembre;816
29 Málaga;Rusia;Diciembre;1.145
29 Málaga;Suiza;Total;39.274
29 Málaga;Suiza;Enero;242
29 Málaga;Suiza;Febrero;86
29 Málaga;Suiza;Marzo;462
29 Málaga;Suiza;Abril;1.853
29 Málaga;Suiza;Mayo;2.748
29 Málaga;Suiza;Junio;3.067
29 Málaga;Suiza;Julio;6.664
29 Málaga;Suiza;Agosto;4.806
29 Málaga;Suiza;Septiembre;5.956
29 Málaga;Suiza;Octubre;8.674
29 Málaga;Suiza;Noviembre;3.339
29 Málaga;Suiza;Diciembre;1.376
29 Málaga;Resto de Europa sin U.E.;Total;22.346
29 Málaga;Resto de Europa sin U.E.;Enero;304
29 Málaga;Resto de Europa sin U.E.;Febrero;235
29 Málaga;Resto de Europa sin U.E.;Marzo;417
29 Málaga;Resto de Europa sin U.E.;Abril;614
29 Málaga;Resto de Europa sin U.E.;Mayo;915
29 Málaga;Resto de Europa sin U.E.;Junio;2.534
29 Málaga;Resto de Europa sin U.E.;Julio;3.758
29 Málaga;Resto de Europa sin U.E.;Agosto;4.138
29 Málaga;Resto de Europa sin U.E.;Septiembre;2.343
29 Málaga;Resto de Europa sin U.E.;Octubre;3.023
29 Málaga;Resto de Europa sin U.E.;Noviembre;2.030
29 Málaga;Resto de Europa sin U.E.;Diciembre;2.034
29 Málaga;Japón;Total;1.067
29 Málaga;Japón;Enero;14
29 Málaga;Japón;Febrero;..
29 Málaga;Japón;Marzo;..
29 Málaga;Japón;Abril;37
29 Málaga;Japón;Mayo;36
29 Málaga;Japón;Junio;38
29 Málaga;Japón;Julio;112
29 Málaga;Japón;Agosto;157
29 Málaga;Japón;Septiembre;101
29 Málaga;Japón;Octubre;128
29 Málaga;Japón;Noviembre;267
29 Málaga;Japón;Diciembre;162
29 Málaga;República China;Total;3.139
29 Málaga;República China;Enero;64
29 Málaga;República China;Febrero;65
29 Málaga;República China;Marzo;78
29 Málaga;República China;Abril;119
29 Málaga;República China;Mayo;160
29 Málaga;República China;Junio;256
29 Málaga;República China;Julio;436
29 Málaga;República China;Agosto;371
29 Málaga;República China;Septiembre;250
29 Málaga;República China;Octubre;364
29 Málaga;República China;Noviembre;351
29 Málaga;República China;Diciembre;626
29 Málaga;Estados Unidos;Total;35.406
29 Málaga;Estados Unidos;Enero;190
29 Málaga;Estados Unidos;Febrero;77
29 Málaga;Estados Unidos;Marzo;217
29 Málaga;Estados Unidos;Abril;304
29 Málaga;Estados Unidos;Mayo;1.104
29 Málaga;Estados Unidos;Junio;2.799
29 Málaga;Estados Unidos;Julio;5.861
29 Málaga;Estados Unidos;Agosto;5.326
29 Málaga;Estados Unidos;Septiembre;5.414
29 Málaga;Estados Unidos;Octubre;6.348
29 Málaga;Estados Unidos;Noviembre;4.305
29 Málaga;Estados Unidos;Diciembre;3.462
29 Málaga;Resto de América;Total;49.348
29 Málaga;Resto de América;Enero;828
29 Málaga;Resto de América;Febrero;811
29 Málaga;Resto de América;Marzo;1.390
29 Málaga;Resto de América;Abril;1.210
29 Málaga;Resto de América;Mayo;1.961
29 Málaga;Resto de América;Junio;3.116
29 Málaga;Resto de América;Julio;7.366
29 Málaga;Resto de América;Agosto;7.322
29 Málaga;Resto de América;Septiembre;6.443
29 Málaga;Resto de América;Octubre;7.795
29 Málaga;Resto de América;Noviembre;5.743
29 Málaga;Resto de América;Diciembre;5.364
29 Málaga;Países africanos;Total;28.156
29 Málaga;Países africanos;Enero;1.207
29 Málaga;Países africanos;Febrero;1.178
29 Málaga;Países africanos;Marzo;1.713
29 Málaga;Países africanos;Abril;792
29 Málaga;Países africanos;Mayo;1.640
29 Málaga;Países africanos;Junio;2.060
29 Málaga;Países africanos;Julio;3.759
29 Málaga;Países africanos;Agosto;4.492
29 Málaga;Países africanos;Septiembre;3.016
29 Málaga;Países africanos;Octubre;3.139
29 Málaga;Países africanos;Noviembre;2.812
29 Málaga;Países africanos;Diciembre;2.348
30 Murcia;Total;Total;897.321
30 Murcia;Total;Enero;21.771
30 Murcia;Total;Febrero;27.575
30 Murcia;Total;Marzo;41.004
30 Murcia;Total;Abril;44.937
30 Murcia;Total;Mayo;60.627
30 Murcia;Total;Junio;91.660
30 Murcia;Total;Julio;118.383
30 Murcia;Total;Agosto;136.106
30 Murcia;Total;Septiembre;104.700
30 Murcia;Total;Octubre;104.080
30 Murcia;Total;Noviembre;79.125
30 Murcia;Total;Diciembre;67.353
30 Murcia;Residentes en España;Total;746.741
30 Murcia;Residentes en España;Enero;19.148
30 Murcia;Residentes en España;Febrero;24.846
30 Murcia;Residentes en España;Marzo;37.164
30 Murcia;Residentes en España;Abril;40.665
30 Murcia;Residentes en España;Mayo;53.128
30 Murcia;Residentes en España;Junio;78.987
30 Murcia;Residentes en España;Julio;101.987
30 Murcia;Residentes en España;Agosto;112.310
30 Murcia;Residentes en España;Septiembre;82.343
30 Murcia;Residentes en España;Octubre;78.444
30 Murcia;Residentes en España;Noviembre;62.769
30 Murcia;Residentes en España;Diciembre;54.952
30 Murcia;No residentes en España;Total;150.579
30 Murcia;No residentes en España;Enero;2.623
30 Murcia;No residentes en España;Febrero;2.729
30 Murcia;No residentes en España;Marzo;3.840
30 Murcia;No residentes en España;Abril;4.272
30 Murcia;No residentes en España;Mayo;7.499
30 Murcia;No residentes en España;Junio;12.673
30 Murcia;No residentes en España;Julio;16.397
30 Murcia;No residentes en España;Agosto;23.796
30 Murcia;No residentes en España;Septiembre;22.357
30 Murcia;No residentes en España;Octubre;25.637
30 Murcia;No residentes en España;Noviembre;16.356
30 Murcia;No residentes en España;Diciembre;12.402
30 Murcia;Unión Europea 27 (sin España);Total;75.520
30 Murcia;Unión Europea 27 (sin España);Enero;1.460
30 Murcia;Unión Europea 27 (sin España);Febrero;1.324
30 Murcia;Unión Europea 27 (sin España);Marzo;1.937
30 Murcia;Unión Europea 27 (sin España);Abril;2.410
30 Murcia;Unión Europea 27 (sin España);Mayo;3.670
30 Murcia;Unión Europea 27 (sin España);Junio;6.134
30 Murcia;Unión Europea 27 (sin España);Julio;7.801
30 Murcia;Unión Europea 27 (sin España);Agosto;13.473
30 Murcia;Unión Europea 27 (sin España);Septiembre;11.423
30 Murcia;Unión Europea 27 (sin España);Octubre;12.108
30 Murcia;Unión Europea 27 (sin España);Noviembre;8.040
30 Murcia;Unión Europea 27 (sin España);Diciembre;5.740
30 Murcia;Alemania;Total;8.141
30 Murcia;Alemania;Enero;158
30 Murcia;Alemania;Febrero;160
30 Murcia;Alemania;Marzo;256
30 Murcia;Alemania;Abril;345
30 Murcia;Alemania;Mayo;388
30 Murcia;Alemania;Junio;545
30 Murcia;Alemania;Julio;735
30 Murcia;Alemania;Agosto;931
30 Murcia;Alemania;Septiembre;1.179
30 Murcia;Alemania;Octubre;1.612
30 Murcia;Alemania;Noviembre;1.048
30 Murcia;Alemania;Diciembre;782
30 Murcia;Austria;Total;934
30 Murcia;Austria;Enero;..
30 Murcia;Austria;Febrero;..
30 Murcia;Austria;Marzo;10
30 Murcia;Austria;Abril;48
30 Murcia;Austria;Mayo;59
30 Murcia;Austria;Junio;40
30 Murcia;Austria;Julio;131
30 Murcia;Austria;Agosto;80
30 Murcia;Austria;Septiembre;158
30 Murcia;Austria;Octubre;161
30 Murcia;Austria;Noviembre;158
30 Murcia;Austria;Diciembre;61
30 Murcia;Bélgica;Total;6.850
30 Murcia;Bélgica;Enero;44
30 Murcia;Bélgica;Febrero;30
30 Murcia;Bélgica;Marzo;99
30 Murcia;Bélgica;Abril;106
30 Murcia;Bélgica;Mayo;402
30 Murcia;Bélgica;Junio;485
30 Murcia;Bélgica;Julio;962
30 Murcia;Bélgica;Agosto;1.223
30 Murcia;Bélgica;Septiembre;791
30 Murcia;Bélgica;Octubre;1.344
30 Murcia;Bélgica;Noviembre;797
30 Murcia;Bélgica;Diciembre;567
30 Murcia;Dinamarca;Total;942
30 Murcia;Dinamarca;Enero;..
30 Murcia;Dinamarca;Febrero;..
30 Murcia;Dinamarca;Marzo;..
30 Murcia;Dinamarca;Abril;26
30 Murcia;Dinamarca;Mayo;18
30 Murcia;Dinamarca;Junio;54
30 Murcia;Dinamarca;Julio;156
30 Murcia;Dinamarca;Agosto;195
30 Murcia;Dinamarca;Septiembre;127
30 Murcia;Dinamarca;Octubre;208
30 Murcia;Dinamarca;Noviembre;90
30 Murcia;Dinamarca;Diciembre;51
30 Murcia;Finlandia;Total;1.137
30 Murcia;Finlandia;Enero;..
30 Murcia;Finlandia;Febrero;..
30 Murcia;Finlandia;Marzo;..
30 Murcia;Finlandia;Abril;14
30 Murcia;Finlandia;Mayo;32
30 Murcia;Finlandia;Junio;174
30 Murcia;Finlandia;Julio;27
30 Murcia;Finlandia;Agosto;71
30 Murcia;Finlandia;Septiembre;74
30 Murcia;Finlandia;Octubre;368
30 Murcia;Finlandia;Noviembre;173
30 Murcia;Finlandia;Diciembre;187
30 Murcia;Francia;Total;16.277
30 Murcia;Francia;Enero;330
30 Murcia;Francia;Febrero;257
30 Murcia;Francia;Marzo;409
30 Murcia;Francia;Abril;538
30 Murcia;Francia;Mayo;942
30 Murcia;Francia;Junio;1.214
30 Murcia;Francia;Julio;1.609
30 Murcia;Francia;Agosto;3.751
30 Murcia;Francia;Septiembre;2.115
30 Murcia;Francia;Octubre;2.482
30 Murcia;Francia;Noviembre;1.451
30 Murcia;Francia;Diciembre;1.180
30 Murcia;Grecia;Total;506
30 Murcia;Grecia;Enero;13
30 Murcia;Grecia;Febrero;19
30 Murcia;Grecia;Marzo;18
30 Murcia;Grecia;Abril;17
30 Murcia;Grecia;Mayo;21
30 Murcia;Grecia;Junio;20
30 Murcia;Grecia;Julio;48
30 Murcia;Grecia;Agosto;102
30 Murcia;Grecia;Septiembre;59
30 Murcia;Grecia;Octubre;68
30 Murcia;Grecia;Noviembre;69
30 Murcia;Grecia;Diciembre;51
30 Murcia;Irlanda;Total;2.839
30 Murcia;Irlanda;Enero;57
30 Murcia;Irlanda;Febrero;..
30 Murcia;Irlanda;Marzo;..
30 Murcia;Irlanda;Abril;28
30 Murcia;Irlanda;Mayo;54
30 Murcia;Irlanda;Junio;147
30 Murcia;Irlanda;Julio;243
30 Murcia;Irlanda;Agosto;359
30 Murcia;Irlanda;Septiembre;596
30 Murcia;Irlanda;Octubre;821
30 Murcia;Irlanda;Noviembre;271
30 Murcia;Irlanda;Diciembre;202
30 Murcia;Italia;Total;9.269
30 Murcia;Italia;Enero;203
30 Murcia;Italia;Febrero;206
30 Murcia;Italia;Marzo;338
30 Murcia;Italia;Abril;393
30 Murcia;Italia;Mayo;489
30 Murcia;Italia;Junio;1.105
30 Murcia;Italia;Julio;922
30 Murcia;Italia;Agosto;1.331
30 Murcia;Italia;Septiembre;1.187
30 Murcia;Italia;Octubre;1.197
30 Murcia;Italia;Noviembre;1.093
30 Murcia;Italia;Diciembre;805
30 Murcia;Luxemburgo;Total;294
30 Murcia;Luxemburgo;Enero;..
30 Murcia;Luxemburgo;Febrero;..
30 Murcia;Luxemburgo;Marzo;..
30 Murcia;Luxemburgo;Abril;..
30 Murcia;Luxemburgo;Mayo;..
30 Murcia;Luxemburgo;Junio;..
30 Murcia;Luxemburgo;Julio;14
30 Murcia;Luxemburgo;Agosto;124
30 Murcia;Luxemburgo;Septiembre;72
30 Murcia;Luxemburgo;Octubre;44
30 Murcia;Luxemburgo;Noviembre;..
30 Murcia;Luxemburgo;Diciembre;..
30 Murcia;Países Bajos;Total;7.242
30 Murcia;Países Bajos;Enero;91
30 Murcia;Países Bajos;Febrero;106
30 Murcia;Países Bajos;Marzo;120
30 Murcia;Países Bajos;Abril;154
30 Murcia;Países Bajos;Mayo;245
30 Murcia;Países Bajos;Junio;450
30 Murcia;Países Bajos;Julio;702
30 Murcia;Países Bajos;Agosto;1.351
30 Murcia;Países Bajos;Septiembre;1.254
30 Murcia;Países Bajos;Octubre;1.259
30 Murcia;Países Bajos;Noviembre;1.001
30 Murcia;Países Bajos;Diciembre;509
30 Murcia;Polonia;Total;2.231
30 Murcia;Polonia;Enero;120
30 Murcia;Polonia;Febrero;23
30 Murcia;Polonia;Marzo;62
30 Murcia;Polonia;Abril;81
30 Murcia;Polonia;Mayo;145
30 Murcia;Polonia;Junio;277
30 Murcia;Polonia;Julio;226
30 Murcia;Polonia;Agosto;289
30 Murcia;Polonia;Septiembre;315
30 Murcia;Polonia;Octubre;290
30 Murcia;Polonia;Noviembre;226
30 Murcia;Polonia;Diciembre;175
30 Murcia;Portugal;Total;6.298
30 Murcia;Portugal;Enero;151
30 Murcia;Portugal;Febrero;211
30 Murcia;Portugal;Marzo;186
30 Murcia;Portugal;Abril;264
30 Murcia;Portugal;Mayo;277
30 Murcia;Portugal;Junio;545
30 Murcia;Portugal;Julio;717
30 Murcia;Portugal;Agosto;1.477
30 Murcia;Portugal;Septiembre;1.181
30 Murcia;Portugal;Octubre;526
30 Murcia;Portugal;Noviembre;435
30 Murcia;Portugal;Diciembre;328
30 Murcia;República Checa;Total;1.785
30 Murcia;República Checa;Enero;12
30 Murcia;República Checa;Febrero;..
30 Murcia;República Checa;Marzo;..
30 Murcia;República Checa;Abril;14
30 Murcia;República Checa;Mayo;38
30 Murcia;República Checa;Junio;132
30 Murcia;República Checa;Julio;147
30 Murcia;República Checa;Agosto;161
30 Murcia;República Checa;Septiembre;1.022
30 Murcia;República Checa;Octubre;128
30 Murcia;República Checa;Noviembre;63
30 Murcia;República Checa;Diciembre;52
30 Murcia;Suecia;Total;3.073
30 Murcia;Suecia;Enero;14
30 Murcia;Suecia;Febrero;30
30 Murcia;Suecia;Marzo;17
30 Murcia;Suecia;Abril;51
30 Murcia;Suecia;Mayo;97
30 Murcia;Suecia;Junio;106
30 Murcia;Suecia;Julio;364
30 Murcia;Suecia;Agosto;338
30 Murcia;Suecia;Septiembre;498
30 Murcia;Suecia;Octubre;700
30 Murcia;Suecia;Noviembre;629
30 Murcia;Suecia;Diciembre;229
30 Murcia;Noruega;Total;1.299
30 Murcia;Noruega;Enero;..
30 Murcia;Noruega;Febrero;..
30 Murcia;Noruega;Marzo;..
30 Murcia;Noruega;Abril;..
30 Murcia;Noruega;Mayo;50
30 Murcia;Noruega;Junio;62
30 Murcia;Noruega;Julio;132
30 Murcia;Noruega;Agosto;82
30 Murcia;Noruega;Septiembre;150
30 Murcia;Noruega;Octubre;392
30 Murcia;Noruega;Noviembre;212
30 Murcia;Noruega;Diciembre;173
30 Murcia;Reino Unido;Total;24.979
30 Murcia;Reino Unido;Enero;131
30 Murcia;Reino Unido;Febrero;115
30 Murcia;Reino Unido;Marzo;285
30 Murcia;Reino Unido;Abril;284
30 Murcia;Reino Unido;Mayo;749
30 Murcia;Reino Unido;Junio;2.007
30 Murcia;Reino Unido;Julio;2.552
30 Murcia;Reino Unido;Agosto;4.029
30 Murcia;Reino Unido;Septiembre;5.324
30 Murcia;Reino Unido;Octubre;5.832
30 Murcia;Reino Unido;Noviembre;2.406
30 Murcia;Reino Unido;Diciembre;1.264
30 Murcia;Rusia;Total;2.027
30 Murcia;Rusia;Enero;65
30 Murcia;Rusia;Febrero;17
30 Murcia;Rusia;Marzo;73
30 Murcia;Rusia;Abril;75
30 Murcia;Rusia;Mayo;177
30 Murcia;Rusia;Junio;451
30 Murcia;Rusia;Julio;145
30 Murcia;Rusia;Agosto;246
30 Murcia;Rusia;Septiembre;148
30 Murcia;Rusia;Octubre;188
30 Murcia;Rusia;Noviembre;167
30 Murcia;Rusia;Diciembre;275
30 Murcia;Suiza;Total;2.394
30 Murcia;Suiza;Enero;49
30 Murcia;Suiza;Febrero;20
30 Murcia;Suiza;Marzo;26
30 Murcia;Suiza;Abril;68
30 Murcia;Suiza;Mayo;112
30 Murcia;Suiza;Junio;200
30 Murcia;Suiza;Julio;347
30 Murcia;Suiza;Agosto;360
30 Murcia;Suiza;Septiembre;269
30 Murcia;Suiza;Octubre;477
30 Murcia;Suiza;Noviembre;277
30 Murcia;Suiza;Diciembre;189
30 Murcia;Resto de Europa sin U.E.;Total;14.324
30 Murcia;Resto de Europa sin U.E.;Enero;150
30 Murcia;Resto de Europa sin U.E.;Febrero;268
30 Murcia;Resto de Europa sin U.E.;Marzo;346
30 Murcia;Resto de Europa sin U.E.;Abril;182
30 Murcia;Resto de Europa sin U.E.;Mayo;933
30 Murcia;Resto de Europa sin U.E.;Junio;1.321
30 Murcia;Resto de Europa sin U.E.;Julio;1.556
30 Murcia;Resto de Europa sin U.E.;Agosto;1.303
30 Murcia;Resto de Europa sin U.E.;Septiembre;1.714
30 Murcia;Resto de Europa sin U.E.;Octubre;2.839
30 Murcia;Resto de Europa sin U.E.;Noviembre;1.961
30 Murcia;Resto de Europa sin U.E.;Diciembre;1.753
30 Murcia;Japón;Total;220
30 Murcia;Japón;Enero;..
30 Murcia;Japón;Febrero;..
30 Murcia;Japón;Marzo;..
30 Murcia;Japón;Abril;..
30 Murcia;Japón;Mayo;23
30 Murcia;Japón;Junio;..
30 Murcia;Japón;Julio;14
30 Murcia;Japón;Agosto;25
30 Murcia;Japón;Septiembre;48
30 Murcia;Japón;Octubre;..
30 Murcia;Japón;Noviembre;37
30 Murcia;Japón;Diciembre;23
30 Murcia;República China;Total;1.070
30 Murcia;República China;Enero;34
30 Murcia;República China;Febrero;..
30 Murcia;República China;Marzo;58
30 Murcia;República China;Abril;49
30 Murcia;República China;Mayo;104
30 Murcia;República China;Junio;69
30 Murcia;República China;Julio;82
30 Murcia;República China;Agosto;179
30 Murcia;República China;Septiembre;99
30 Murcia;República China;Octubre;130
30 Murcia;República China;Noviembre;..
30 Murcia;República China;Diciembre;112
30 Murcia;Estados Unidos;Total;3.430
30 Murcia;Estados Unidos;Enero;23
30 Murcia;Estados Unidos;Febrero;25
30 Murcia;Estados Unidos;Marzo;33
30 Murcia;Estados Unidos;Abril;48
30 Murcia;Estados Unidos;Mayo;88
30 Murcia;Estados Unidos;Junio;210
30 Murcia;Estados Unidos;Julio;390
30 Murcia;Estados Unidos;Agosto;794
30 Murcia;Estados Unidos;Septiembre;518
30 Murcia;Estados Unidos;Octubre;546
30 Murcia;Estados Unidos;Noviembre;481
30 Murcia;Estados Unidos;Diciembre;274
30 Murcia;Resto de América;Total;12.328
30 Murcia;Resto de América;Enero;263
30 Murcia;Resto de América;Febrero;424
30 Murcia;Resto de América;Marzo;344
30 Murcia;Resto de América;Abril;487
30 Murcia;Resto de América;Mayo;668
30 Murcia;Resto de América;Junio;1.022
30 Murcia;Resto de América;Julio;1.650
30 Murcia;Resto de América;Agosto;1.979
30 Murcia;Resto de América;Septiembre;1.251
30 Murcia;Resto de América;Octubre;1.670
30 Murcia;Resto de América;Noviembre;1.248
30 Murcia;Resto de América;Diciembre;1.321
30 Murcia;Países africanos;Total;5.832
30 Murcia;Países africanos;Enero;270
30 Murcia;Países africanos;Febrero;323
30 Murcia;Países africanos;Marzo;450
30 Murcia;Países africanos;Abril;308
30 Murcia;Países africanos;Mayo;471
30 Murcia;Países africanos;Junio;551
30 Murcia;Países africanos;Julio;691
30 Murcia;Países africanos;Agosto;589
30 Murcia;Países africanos;Septiembre;591
30 Murcia;Países africanos;Octubre;624
30 Murcia;Países africanos;Noviembre;497
30 Murcia;Países africanos;Diciembre;468
31 Navarra;Total;Total;709.430
31 Navarra;Total;Enero;21.512
31 Navarra;Total;Febrero;26.215
31 Navarra;Total;Marzo;30.178
31 Navarra;Total;Abril;32.225
31 Navarra;Total;Mayo;45.337
31 Navarra;Total;Junio;55.582
31 Navarra;Total;Julio;82.225
31 Navarra;Total;Agosto;119.846
31 Navarra;Total;Septiembre;93.765
31 Navarra;Total;Octubre;94.672
31 Navarra;Total;Noviembre;61.101
31 Navarra;Total;Diciembre;46.771
31 Navarra;Residentes en España;Total;583.078
31 Navarra;Residentes en España;Enero;19.374
31 Navarra;Residentes en España;Febrero;23.930
31 Navarra;Residentes en España;Marzo;27.341
31 Navarra;Residentes en España;Abril;29.023
31 Navarra;Residentes en España;Mayo;39.412
31 Navarra;Residentes en España;Junio;47.726
31 Navarra;Residentes en España;Julio;65.830
31 Navarra;Residentes en España;Agosto;95.560
31 Navarra;Residentes en España;Septiembre;68.208
31 Navarra;Residentes en España;Octubre;76.267
31 Navarra;Residentes en España;Noviembre;50.216
31 Navarra;Residentes en España;Diciembre;40.190
31 Navarra;No residentes en España;Total;126.352
31 Navarra;No residentes en España;Enero;2.138
31 Navarra;No residentes en España;Febrero;2.285
31 Navarra;No residentes en España;Marzo;2.837
31 Navarra;No residentes en España;Abril;3.202
31 Navarra;No residentes en España;Mayo;5.925
31 Navarra;No residentes en España;Junio;7.856
31 Navarra;No residentes en España;Julio;16.395
31 Navarra;No residentes en España;Agosto;24.286
31 Navarra;No residentes en España;Septiembre;25.557
31 Navarra;No residentes en España;Octubre;18.405
31 Navarra;No residentes en España;Noviembre;10.885
31 Navarra;No residentes en España;Diciembre;6.581
31 Navarra;Unión Europea 27 (sin España);Total;91.210
31 Navarra;Unión Europea 27 (sin España);Enero;1.575
31 Navarra;Unión Europea 27 (sin España);Febrero;1.523
31 Navarra;Unión Europea 27 (sin España);Marzo;2.043
31 Navarra;Unión Europea 27 (sin España);Abril;2.209
31 Navarra;Unión Europea 27 (sin España);Mayo;4.711
31 Navarra;Unión Europea 27 (sin España);Junio;5.791
31 Navarra;Unión Europea 27 (sin España);Julio;12.761
31 Navarra;Unión Europea 27 (sin España);Agosto;18.544
31 Navarra;Unión Europea 27 (sin España);Septiembre;17.648
31 Navarra;Unión Europea 27 (sin España);Octubre;12.747
31 Navarra;Unión Europea 27 (sin España);Noviembre;7.512
31 Navarra;Unión Europea 27 (sin España);Diciembre;4.148
31 Navarra;Alemania;Total;8.096
31 Navarra;Alemania;Enero;65
31 Navarra;Alemania;Febrero;105
31 Navarra;Alemania;Marzo;163
31 Navarra;Alemania;Abril;115
31 Navarra;Alemania;Mayo;258
31 Navarra;Alemania;Junio;559
31 Navarra;Alemania;Julio;1.150
31 Navarra;Alemania;Agosto;1.425
31 Navarra;Alemania;Septiembre;2.153
31 Navarra;Alemania;Octubre;1.254
31 Navarra;Alemania;Noviembre;607
31 Navarra;Alemania;Diciembre;243
31 Navarra;Austria;Total;727
31 Navarra;Austria;Enero;..
31 Navarra;Austria;Febrero;..
31 Navarra;Austria;Marzo;14
31 Navarra;Austria;Abril;12
31 Navarra;Austria;Mayo;38
31 Navarra;Austria;Junio;48
31 Navarra;Austria;Julio;88
31 Navarra;Austria;Agosto;98
31 Navarra;Austria;Septiembre;161
31 Navarra;Austria;Octubre;195
31 Navarra;Austria;Noviembre;51
31 Navarra;Austria;Diciembre;15
31 Navarra;Bélgica;Total;4.320
31 Navarra;Bélgica;Enero;..
31 Navarra;Bélgica;Febrero;..
31 Navarra;Bélgica;Marzo;21
31 Navarra;Bélgica;Abril;100
31 Navarra;Bélgica;Mayo;280
31 Navarra;Bélgica;Junio;221
31 Navarra;Bélgica;Julio;1.282
31 Navarra;Bélgica;Agosto;970
31 Navarra;Bélgica;Septiembre;655
31 Navarra;Bélgica;Octubre;390
31 Navarra;Bélgica;Noviembre;227
31 Navarra;Bélgica;Diciembre;153
31 Navarra;Dinamarca;Total;1.032
31 Navarra;Dinamarca;Enero;..
31 Navarra;Dinamarca;Febrero;..
31 Navarra;Dinamarca;Marzo;16
31 Navarra;Dinamarca;Abril;96
31 Navarra;Dinamarca;Mayo;17
31 Navarra;Dinamarca;Junio;46
31 Navarra;Dinamarca;Julio;154
31 Navarra;Dinamarca;Agosto;90
31 Navarra;Dinamarca;Septiembre;168
31 Navarra;Dinamarca;Octubre;243
31 Navarra;Dinamarca;Noviembre;118
31 Navarra;Dinamarca;Diciembre;64
31 Navarra;Finlandia;Total;389
31 Navarra;Finlandia;Enero;71
31 Navarra;Finlandia;Febrero;..
31 Navarra;Finlandia;Marzo;15
31 Navarra;Finlandia;Abril;..
31 Navarra;Finlandia;Mayo;..
31 Navarra;Finlandia;Junio;..
31 Navarra;Finlandia;Julio;16
31 Navarra;Finlandia;Agosto;24
31 Navarra;Finlandia;Septiembre;190
31 Navarra;Finlandia;Octubre;25
31 Navarra;Finlandia;Noviembre;24
31 Navarra;Finlandia;Diciembre;..
31 Navarra;Francia;Total;43.675
31 Navarra;Francia;Enero;221
31 Navarra;Francia;Febrero;340
31 Navarra;Francia;Marzo;634
31 Navarra;Francia;Abril;577
31 Navarra;Francia;Mayo;2.346
31 Navarra;Francia;Junio;3.103
31 Navarra;Francia;Julio;6.552
31 Navarra;Francia;Agosto;9.872
31 Navarra;Francia;Septiembre;8.528
31 Navarra;Francia;Octubre;5.924
31 Navarra;Francia;Noviembre;3.738
31 Navarra;Francia;Diciembre;1.840
31 Navarra;Grecia;Total;230
31 Navarra;Grecia;Enero;..
31 Navarra;Grecia;Febrero;..
31 Navarra;Grecia;Marzo;..
31 Navarra;Grecia;Abril;10
31 Navarra;Grecia;Mayo;..
31 Navarra;Grecia;Junio;26
31 Navarra;Grecia;Julio;31
31 Navarra;Grecia;Agosto;71
31 Navarra;Grecia;Septiembre;36
31 Navarra;Grecia;Octubre;17
31 Navarra;Grecia;Noviembre;18
31 Navarra;Grecia;Diciembre;..
31 Navarra;Irlanda;Total;2.164
31 Navarra;Irlanda;Enero;..
31 Navarra;Irlanda;Febrero;..
31 Navarra;Irlanda;Marzo;32
31 Navarra;Irlanda;Abril;52
31 Navarra;Irlanda;Mayo;100
31 Navarra;Irlanda;Junio;57
31 Navarra;Irlanda;Julio;141
31 Navarra;Irlanda;Agosto;342
31 Navarra;Irlanda;Septiembre;791
31 Navarra;Irlanda;Octubre;432
31 Navarra;Irlanda;Noviembre;112
31 Navarra;Irlanda;Diciembre;55
31 Navarra;Italia;Total;7.364
31 Navarra;Italia;Enero;91
31 Navarra;Italia;Febrero;220
31 Navarra;Italia;Marzo;197
31 Navarra;Italia;Abril;254
31 Navarra;Italia;Mayo;421
31 Navarra;Italia;Junio;340
31 Navarra;Italia;Julio;719
31 Navarra;Italia;Agosto;1.906
31 Navarra;Italia;Septiembre;1.222
31 Navarra;Italia;Octubre;976
31 Navarra;Italia;Noviembre;673
31 Navarra;Italia;Diciembre;345
31 Navarra;Luxemburgo;Total;748
31 Navarra;Luxemburgo;Enero;..
31 Navarra;Luxemburgo;Febrero;..
31 Navarra;Luxemburgo;Marzo;..
31 Navarra;Luxemburgo;Abril;..
31 Navarra;Luxemburgo;Mayo;..
31 Navarra;Luxemburgo;Junio;..
31 Navarra;Luxemburgo;Julio;47
31 Navarra;Luxemburgo;Agosto;137
31 Navarra;Luxemburgo;Septiembre;272
31 Navarra;Luxemburgo;Octubre;71
31 Navarra;Luxemburgo;Noviembre;12
31 Navarra;Luxemburgo;Diciembre;22
31 Navarra;Países Bajos;Total;7.041
31 Navarra;Países Bajos;Enero;26
31 Navarra;Países Bajos;Febrero;68
31 Navarra;Países Bajos;Marzo;82
31 Navarra;Países Bajos;Abril;306
31 Navarra;Países Bajos;Mayo;238
31 Navarra;Países Bajos;Junio;494
31 Navarra;Países Bajos;Julio;1.019
31 Navarra;Países Bajos;Agosto;1.240
31 Navarra;Países Bajos;Septiembre;1.593
31 Navarra;Países Bajos;Octubre;1.339
31 Navarra;Países Bajos;Noviembre;456
31 Navarra;Países Bajos;Diciembre;181
31 Navarra;Polonia;Total;1.461
31 Navarra;Polonia;Enero;24
31 Navarra;Polonia;Febrero;39
31 Navarra;Polonia;Marzo;146
31 Navarra;Polonia;Abril;142
31 Navarra;Polonia;Mayo;175
31 Navarra;Polonia;Junio;101
31 Navarra;Polonia;Julio;187
31 Navarra;Polonia;Agosto;158
31 Navarra;Polonia;Septiembre;182
31 Navarra;Polonia;Octubre;99
31 Navarra;Polonia;Noviembre;157
31 Navarra;Polonia;Diciembre;52
31 Navarra;Portugal;Total;7.144
31 Navarra;Portugal;Enero;598
31 Navarra;Portugal;Febrero;202
31 Navarra;Portugal;Marzo;284
31 Navarra;Portugal;Abril;194
31 Navarra;Portugal;Mayo;416
31 Navarra;Portugal;Junio;464
31 Navarra;Portugal;Julio;546
31 Navarra;Portugal;Agosto;1.314
31 Navarra;Portugal;Septiembre;886
31 Navarra;Portugal;Octubre;1.076
31 Navarra;Portugal;Noviembre;789
31 Navarra;Portugal;Diciembre;375
31 Navarra;República Checa;Total;367
31 Navarra;República Checa;Enero;16
31 Navarra;República Checa;Febrero;..
31 Navarra;República Checa;Marzo;..
31 Navarra;República Checa;Abril;..
31 Navarra;República Checa;Mayo;21
31 Navarra;República Checa;Junio;14
31 Navarra;República Checa;Julio;127
31 Navarra;República Checa;Agosto;45
31 Navarra;República Checa;Septiembre;75
31 Navarra;República Checa;Octubre;..
31 Navarra;República Checa;Noviembre;21
31 Navarra;República Checa;Diciembre;33
31 Navarra;Suecia;Total;624
31 Navarra;Suecia;Enero;..
31 Navarra;Suecia;Febrero;..
31 Navarra;Suecia;Marzo;10
31 Navarra;Suecia;Abril;33
31 Navarra;Suecia;Mayo;23
31 Navarra;Suecia;Junio;29
31 Navarra;Suecia;Julio;111
31 Navarra;Suecia;Agosto;94
31 Navarra;Suecia;Septiembre;76
31 Navarra;Suecia;Octubre;140
31 Navarra;Suecia;Noviembre;51
31 Navarra;Suecia;Diciembre;47
31 Navarra;Noruega;Total;353
31 Navarra;Noruega;Enero;..
31 Navarra;Noruega;Febrero;..
31 Navarra;Noruega;Marzo;..
31 Navarra;Noruega;Abril;..
31 Navarra;Noruega;Mayo;18
31 Navarra;Noruega;Junio;..
31 Navarra;Noruega;Julio;..
31 Navarra;Noruega;Agosto;64
31 Navarra;Noruega;Septiembre;67
31 Navarra;Noruega;Octubre;110
31 Navarra;Noruega;Noviembre;..
31 Navarra;Noruega;Diciembre;..
31 Navarra;Reino Unido;Total;6.970
31 Navarra;Reino Unido;Enero;24
31 Navarra;Reino Unido;Febrero;53
31 Navarra;Reino Unido;Marzo;70
31 Navarra;Reino Unido;Abril;128
31 Navarra;Reino Unido;Mayo;127
31 Navarra;Reino Unido;Junio;489
31 Navarra;Reino Unido;Julio;688
31 Navarra;Reino Unido;Agosto;979
31 Navarra;Reino Unido;Septiembre;1.972
31 Navarra;Reino Unido;Octubre;1.203
31 Navarra;Reino Unido;Noviembre;783
31 Navarra;Reino Unido;Diciembre;455
31 Navarra;Rusia;Total;608
31 Navarra;Rusia;Enero;12
31 Navarra;Rusia;Febrero;..
31 Navarra;Rusia;Marzo;13
31 Navarra;Rusia;Abril;30
31 Navarra;Rusia;Mayo;34
31 Navarra;Rusia;Junio;..
31 Navarra;Rusia;Julio;115
31 Navarra;Rusia;Agosto;108
31 Navarra;Rusia;Septiembre;115
31 Navarra;Rusia;Octubre;72
31 Navarra;Rusia;Noviembre;52
31 Navarra;Rusia;Diciembre;47
31 Navarra;Suiza;Total;1.792
31 Navarra;Suiza;Enero;..
31 Navarra;Suiza;Febrero;..
31 Navarra;Suiza;Marzo;24
31 Navarra;Suiza;Abril;31
31 Navarra;Suiza;Mayo;48
31 Navarra;Suiza;Junio;135
31 Navarra;Suiza;Julio;322
31 Navarra;Suiza;Agosto;318
31 Navarra;Suiza;Septiembre;409
31 Navarra;Suiza;Octubre;362
31 Navarra;Suiza;Noviembre;102
31 Navarra;Suiza;Diciembre;20
31 Navarra;Resto de Europa sin U.E.;Total;2.079
31 Navarra;Resto de Europa sin U.E.;Enero;71
31 Navarra;Resto de Europa sin U.E.;Febrero;104
31 Navarra;Resto de Europa sin U.E.;Marzo;103
31 Navarra;Resto de Europa sin U.E.;Abril;121
31 Navarra;Resto de Europa sin U.E.;Mayo;168
31 Navarra;Resto de Europa sin U.E.;Junio;133
31 Navarra;Resto de Europa sin U.E.;Julio;308
31 Navarra;Resto de Europa sin U.E.;Agosto;270
31 Navarra;Resto de Europa sin U.E.;Septiembre;182
31 Navarra;Resto de Europa sin U.E.;Octubre;306
31 Navarra;Resto de Europa sin U.E.;Noviembre;150
31 Navarra;Resto de Europa sin U.E.;Diciembre;164
31 Navarra;Japón;Total;86
31 Navarra;Japón;Enero;..
31 Navarra;Japón;Febrero;..
31 Navarra;Japón;Marzo;..
31 Navarra;Japón;Abril;..
31 Navarra;Japón;Mayo;..
31 Navarra;Japón;Junio;..
31 Navarra;Japón;Julio;..
31 Navarra;Japón;Agosto;14
31 Navarra;Japón;Septiembre;..
31 Navarra;Japón;Octubre;25
31 Navarra;Japón;Noviembre;..
31 Navarra;Japón;Diciembre;..
31 Navarra;República China;Total;600
31 Navarra;República China;Enero;..
31 Navarra;República China;Febrero;..
31 Navarra;República China;Marzo;36
31 Navarra;República China;Abril;34
31 Navarra;República China;Mayo;47
31 Navarra;República China;Junio;69
31 Navarra;República China;Julio;59
31 Navarra;República China;Agosto;65
31 Navarra;República China;Septiembre;33
31 Navarra;República China;Octubre;75
31 Navarra;República China;Noviembre;82
31 Navarra;República China;Diciembre;55
31 Navarra;Estados Unidos;Total;7.127
31 Navarra;Estados Unidos;Enero;18
31 Navarra;Estados Unidos;Febrero;..
31 Navarra;Estados Unidos;Marzo;..
31 Navarra;Estados Unidos;Abril;36
31 Navarra;Estados Unidos;Mayo;84
31 Navarra;Estados Unidos;Junio;275
31 Navarra;Estados Unidos;Julio;753
31 Navarra;Estados Unidos;Agosto;1.410
31 Navarra;Estados Unidos;Septiembre;2.553
31 Navarra;Estados Unidos;Octubre;1.102
31 Navarra;Estados Unidos;Noviembre;583
31 Navarra;Estados Unidos;Diciembre;295
31 Navarra;Resto de América;Total;11.372
31 Navarra;Resto de América;Enero;217
31 Navarra;Resto de América;Febrero;432
31 Navarra;Resto de América;Marzo;263
31 Navarra;Resto de América;Abril;341
31 Navarra;Resto de América;Mayo;432
31 Navarra;Resto de América;Junio;646
31 Navarra;Resto de América;Julio;923
31 Navarra;Resto de América;Agosto;2.027
31 Navarra;Resto de América;Septiembre;2.006
31 Navarra;Resto de América;Octubre;1.931
31 Navarra;Resto de América;Noviembre;1.134
31 Navarra;Resto de América;Diciembre;1.022
31 Navarra;Países africanos;Total;1.919
31 Navarra;Países africanos;Enero;119
31 Navarra;Países africanos;Febrero;114
31 Navarra;Países africanos;Marzo;213
31 Navarra;Países africanos;Abril;106
31 Navarra;Países africanos;Mayo;126
31 Navarra;Países africanos;Junio;117
31 Navarra;Países africanos;Julio;210
31 Navarra;Países africanos;Agosto;260
31 Navarra;Países africanos;Septiembre;112
31 Navarra;Países africanos;Octubre;141
31 Navarra;Países africanos;Noviembre;250
31 Navarra;Países africanos;Diciembre;151
32 Ourense;Total;Total;264.175
32 Ourense;Total;Enero;7.266
32 Ourense;Total;Febrero;6.675
32 Ourense;Total;Marzo;12.788
32 Ourense;Total;Abril;15.741
32 Ourense;Total;Mayo;18.306
32 Ourense;Total;Junio;21.416
32 Ourense;Total;Julio;31.908
32 Ourense;Total;Agosto;43.368
32 Ourense;Total;Septiembre;31.983
32 Ourense;Total;Octubre;30.796
32 Ourense;Total;Noviembre;22.914
32 Ourense;Total;Diciembre;21.012
32 Ourense;Residentes en España;Total;243.045
32 Ourense;Residentes en España;Enero;6.801
32 Ourense;Residentes en España;Febrero;6.118
32 Ourense;Residentes en España;Marzo;12.148
32 Ourense;Residentes en España;Abril;14.687
32 Ourense;Residentes en España;Mayo;17.149
32 Ourense;Residentes en España;Junio;19.174
32 Ourense;Residentes en España;Julio;29.725
32 Ourense;Residentes en España;Agosto;39.765
32 Ourense;Residentes en España;Septiembre;28.985
32 Ourense;Residentes en España;Octubre;27.606
32 Ourense;Residentes en España;Noviembre;21.166
32 Ourense;Residentes en España;Diciembre;19.722
32 Ourense;No residentes en España;Total;21.131
32 Ourense;No residentes en España;Enero;465
32 Ourense;No residentes en España;Febrero;558
32 Ourense;No residentes en España;Marzo;640
32 Ourense;No residentes en España;Abril;1.054
32 Ourense;No residentes en España;Mayo;1.158
32 Ourense;No residentes en España;Junio;2.243
32 Ourense;No residentes en España;Julio;2.183
32 Ourense;No residentes en España;Agosto;3.603
32 Ourense;No residentes en España;Septiembre;2.998
32 Ourense;No residentes en España;Octubre;3.191
32 Ourense;No residentes en España;Noviembre;1.749
32 Ourense;No residentes en España;Diciembre;1.290
32 Ourense;Unión Europea 27 (sin España);Total;13.521
32 Ourense;Unión Europea 27 (sin España);Enero;272
32 Ourense;Unión Europea 27 (sin España);Febrero;123
32 Ourense;Unión Europea 27 (sin España);Marzo;333
32 Ourense;Unión Europea 27 (sin España);Abril;278
32 Ourense;Unión Europea 27 (sin España);Mayo;805
32 Ourense;Unión Europea 27 (sin España);Junio;1.685
32 Ourense;Unión Europea 27 (sin España);Julio;1.411
32 Ourense;Unión Europea 27 (sin España);Agosto;2.730
32 Ourense;Unión Europea 27 (sin España);Septiembre;2.213
32 Ourense;Unión Europea 27 (sin España);Octubre;1.685
32 Ourense;Unión Europea 27 (sin España);Noviembre;1.188
32 Ourense;Unión Europea 27 (sin España);Diciembre;798
32 Ourense;Alemania;Total;958
32 Ourense;Alemania;Enero;26
32 Ourense;Alemania;Febrero;..
32 Ourense;Alemania;Marzo;..
32 Ourense;Alemania;Abril;25
32 Ourense;Alemania;Mayo;31
32 Ourense;Alemania;Junio;121
32 Ourense;Alemania;Julio;120
32 Ourense;Alemania;Agosto;152
32 Ourense;Alemania;Septiembre;203
32 Ourense;Alemania;Octubre;180
32 Ourense;Alemania;Noviembre;38
32 Ourense;Alemania;Diciembre;38
32 Ourense;Austria;Total;128
32 Ourense;Austria;Enero;..
32 Ourense;Austria;Febrero;..
32 Ourense;Austria;Marzo;..
32 Ourense;Austria;Abril;..
32 Ourense;Austria;Mayo;..
32 Ourense;Austria;Junio;..
32 Ourense;Austria;Julio;..
32 Ourense;Austria;Agosto;24
32 Ourense;Austria;Septiembre;..
32 Ourense;Austria;Octubre;24
32 Ourense;Austria;Noviembre;..
32 Ourense;Austria;Diciembre;..
32 Ourense;Bélgica;Total;366
32 Ourense;Bélgica;Enero;..
32 Ourense;Bélgica;Febrero;..
32 Ourense;Bélgica;Marzo;..
32 Ourense;Bélgica;Abril;..
32 Ourense;Bélgica;Mayo;..
32 Ourense;Bélgica;Junio;15
32 Ourense;Bélgica;Julio;71
32 Ourense;Bélgica;Agosto;67
32 Ourense;Bélgica;Septiembre;128
32 Ourense;Bélgica;Octubre;28
32 Ourense;Bélgica;Noviembre;20
32 Ourense;Bélgica;Diciembre;14
32 Ourense;Dinamarca;Total;90
32 Ourense;Dinamarca;Enero;..
32 Ourense;Dinamarca;Febrero;..
32 Ourense;Dinamarca;Marzo;..
32 Ourense;Dinamarca;Abril;..
32 Ourense;Dinamarca;Mayo;..
32 Ourense;Dinamarca;Junio;..
32 Ourense;Dinamarca;Julio;13
32 Ourense;Dinamarca;Agosto;20
32 Ourense;Dinamarca;Septiembre;..
32 Ourense;Dinamarca;Octubre;..
32 Ourense;Dinamarca;Noviembre;..
32 Ourense;Dinamarca;Diciembre;..
32 Ourense;Finlandia;Total;19
32 Ourense;Finlandia;Enero;..
32 Ourense;Finlandia;Febrero;..
32 Ourense;Finlandia;Marzo;..
32 Ourense;Finlandia;Abril;..
32 Ourense;Finlandia;Mayo;..
32 Ourense;Finlandia;Junio;..
32 Ourense;Finlandia;Julio;..
32 Ourense;Finlandia;Agosto;..
32 Ourense;Finlandia;Septiembre;..
32 Ourense;Finlandia;Octubre;..
32 Ourense;Finlandia;Noviembre;..
32 Ourense;Finlandia;Diciembre;..
32 Ourense;Francia;Total;1.680
32 Ourense;Francia;Enero;35
32 Ourense;Francia;Febrero;18
32 Ourense;Francia;Marzo;29
32 Ourense;Francia;Abril;43
32 Ourense;Francia;Mayo;83
32 Ourense;Francia;Junio;194
32 Ourense;Francia;Julio;150
32 Ourense;Francia;Agosto;462
32 Ourense;Francia;Septiembre;207
32 Ourense;Francia;Octubre;197
32 Ourense;Francia;Noviembre;186
32 Ourense;Francia;Diciembre;75
32 Ourense;Grecia;Total;21
32 Ourense;Grecia;Enero;..
32 Ourense;Grecia;Febrero;..
32 Ourense;Grecia;Marzo;..
32 Ourense;Grecia;Abril;..
32 Ourense;Grecia;Mayo;..
32 Ourense;Grecia;Junio;..
32 Ourense;Grecia;Julio;..
32 Ourense;Grecia;Agosto;..
32 Ourense;Grecia;Septiembre;..
32 Ourense;Grecia;Octubre;..
32 Ourense;Grecia;Noviembre;..
32 Ourense;Grecia;Diciembre;..
32 Ourense;Irlanda;Total;184
32 Ourense;Irlanda;Enero;..
32 Ourense;Irlanda;Febrero;..
32 Ourense;Irlanda;Marzo;..
32 Ourense;Irlanda;Abril;..
32 Ourense;Irlanda;Mayo;..
32 Ourense;Irlanda;Junio;23
32 Ourense;Irlanda;Julio;17
32 Ourense;Irlanda;Agosto;43
32 Ourense;Irlanda;Septiembre;38
32 Ourense;Irlanda;Octubre;15
32 Ourense;Irlanda;Noviembre;..
32 Ourense;Irlanda;Diciembre;17
32 Ourense;Italia;Total;743
32 Ourense;Italia;Enero;..
32 Ourense;Italia;Febrero;19
32 Ourense;Italia;Marzo;..
32 Ourense;Italia;Abril;13
32 Ourense;Italia;Mayo;36
32 Ourense;Italia;Junio;96
32 Ourense;Italia;Julio;38
32 Ourense;Italia;Agosto;172
32 Ourense;Italia;Septiembre;118
32 Ourense;Italia;Octubre;79
32 Ourense;Italia;Noviembre;100
32 Ourense;Italia;Diciembre;51
32 Ourense;Luxemburgo;Total;71
32 Ourense;Luxemburgo;Enero;..
32 Ourense;Luxemburgo;Febrero;..
32 Ourense;Luxemburgo;Marzo;..
32 Ourense;Luxemburgo;Abril;..
32 Ourense;Luxemburgo;Mayo;..
32 Ourense;Luxemburgo;Junio;..
32 Ourense;Luxemburgo;Julio;..
32 Ourense;Luxemburgo;Agosto;..
32 Ourense;Luxemburgo;Septiembre;20
32 Ourense;Luxemburgo;Octubre;..
32 Ourense;Luxemburgo;Noviembre;..
32 Ourense;Luxemburgo;Diciembre;13
32 Ourense;Países Bajos;Total;676
32 Ourense;Países Bajos;Enero;..
32 Ourense;Países Bajos;Febrero;..
32 Ourense;Países Bajos;Marzo;..
32 Ourense;Países Bajos;Abril;..
32 Ourense;Países Bajos;Mayo;41
32 Ourense;Países Bajos;Junio;20
32 Ourense;Países Bajos;Julio;82
32 Ourense;Países Bajos;Agosto;318
32 Ourense;Países Bajos;Septiembre;124
32 Ourense;Países Bajos;Octubre;50
32 Ourense;Países Bajos;Noviembre;..
32 Ourense;Países Bajos;Diciembre;29
32 Ourense;Polonia;Total;164
32 Ourense;Polonia;Enero;..
32 Ourense;Polonia;Febrero;..
32 Ourense;Polonia;Marzo;13
32 Ourense;Polonia;Abril;..
32 Ourense;Polonia;Mayo;..
32 Ourense;Polonia;Junio;..
32 Ourense;Polonia;Julio;35
32 Ourense;Polonia;Agosto;..
32 Ourense;Polonia;Septiembre;..
32 Ourense;Polonia;Octubre;74
32 Ourense;Polonia;Noviembre;..
32 Ourense;Polonia;Diciembre;..
32 Ourense;Portugal;Total;7.730
32 Ourense;Portugal;Enero;177
32 Ourense;Portugal;Febrero;59
32 Ourense;Portugal;Marzo;198
32 Ourense;Portugal;Abril;169
32 Ourense;Portugal;Mayo;559
32 Ourense;Portugal;Junio;1.148
32 Ourense;Portugal;Julio;812
32 Ourense;Portugal;Agosto;1.363
32 Ourense;Portugal;Septiembre;1.116
32 Ourense;Portugal;Octubre;933
32 Ourense;Portugal;Noviembre;655
32 Ourense;Portugal;Diciembre;540
32 Ourense;República Checa;Total;129
32 Ourense;República Checa;Enero;..
32 Ourense;República Checa;Febrero;..
32 Ourense;República Checa;Marzo;17
32 Ourense;República Checa;Abril;..
32 Ourense;República Checa;Mayo;..
32 Ourense;República Checa;Junio;..
32 Ourense;República Checa;Julio;..
32 Ourense;República Checa;Agosto;..
32 Ourense;República Checa;Septiembre;..
32 Ourense;República Checa;Octubre;61
32 Ourense;República Checa;Noviembre;..
32 Ourense;República Checa;Diciembre;11
32 Ourense;Suecia;Total;199
32 Ourense;Suecia;Enero;..
32 Ourense;Suecia;Febrero;..
32 Ourense;Suecia;Marzo;..
32 Ourense;Suecia;Abril;..
32 Ourense;Suecia;Mayo;..
32 Ourense;Suecia;Junio;..
32 Ourense;Suecia;Julio;..
32 Ourense;Suecia;Agosto;37
32 Ourense;Suecia;Septiembre;80
32 Ourense;Suecia;Octubre;..
32 Ourense;Suecia;Noviembre;48
32 Ourense;Suecia;Diciembre;..
32 Ourense;Noruega;Total;39
32 Ourense;Noruega;Enero;..
32 Ourense;Noruega;Febrero;..
32 Ourense;Noruega;Marzo;..
32 Ourense;Noruega;Abril;..
32 Ourense;Noruega;Mayo;..
32 Ourense;Noruega;Junio;..
32 Ourense;Noruega;Julio;..
32 Ourense;Noruega;Agosto;..
32 Ourense;Noruega;Septiembre;..
32 Ourense;Noruega;Octubre;12
32 Ourense;Noruega;Noviembre;..
32 Ourense;Noruega;Diciembre;..
32 Ourense;Reino Unido;Total;636
32 Ourense;Reino Unido;Enero;..
32 Ourense;Reino Unido;Febrero;..
32 Ourense;Reino Unido;Marzo;..
32 Ourense;Reino Unido;Abril;23
32 Ourense;Reino Unido;Mayo;46
32 Ourense;Reino Unido;Junio;80
32 Ourense;Reino Unido;Julio;70
32 Ourense;Reino Unido;Agosto;75
32 Ourense;Reino Unido;Septiembre;166
32 Ourense;Reino Unido;Octubre;129
32 Ourense;Reino Unido;Noviembre;30
32 Ourense;Reino Unido;Diciembre;..
32 Ourense;Rusia;Total;66
32 Ourense;Rusia;Enero;..
32 Ourense;Rusia;Febrero;..
32 Ourense;Rusia;Marzo;..
32 Ourense;Rusia;Abril;..
32 Ourense;Rusia;Mayo;..
32 Ourense;Rusia;Junio;..
32 Ourense;Rusia;Julio;..
32 Ourense;Rusia;Agosto;..
32 Ourense;Rusia;Septiembre;17
32 Ourense;Rusia;Octubre;18
32 Ourense;Rusia;Noviembre;..
32 Ourense;Rusia;Diciembre;..
32 Ourense;Suiza;Total;507
32 Ourense;Suiza;Enero;..
32 Ourense;Suiza;Febrero;..
32 Ourense;Suiza;Marzo;..
32 Ourense;Suiza;Abril;..
32 Ourense;Suiza;Mayo;41
32 Ourense;Suiza;Junio;29
32 Ourense;Suiza;Julio;82
32 Ourense;Suiza;Agosto;191
32 Ourense;Suiza;Septiembre;41
32 Ourense;Suiza;Octubre;45
32 Ourense;Suiza;Noviembre;32
32 Ourense;Suiza;Diciembre;34
32 Ourense;Resto de Europa sin U.E.;Total;349
32 Ourense;Resto de Europa sin U.E.;Enero;..
32 Ourense;Resto de Europa sin U.E.;Febrero;15
32 Ourense;Resto de Europa sin U.E.;Marzo;..
32 Ourense;Resto de Europa sin U.E.;Abril;..
32 Ourense;Resto de Europa sin U.E.;Mayo;..
32 Ourense;Resto de Europa sin U.E.;Junio;12
32 Ourense;Resto de Europa sin U.E.;Julio;48
32 Ourense;Resto de Europa sin U.E.;Agosto;27
32 Ourense;Resto de Europa sin U.E.;Septiembre;59
32 Ourense;Resto de Europa sin U.E.;Octubre;97
32 Ourense;Resto de Europa sin U.E.;Noviembre;41
32 Ourense;Resto de Europa sin U.E.;Diciembre;..
32 Ourense;Japón;Total;72
32 Ourense;Japón;Enero;..
32 Ourense;Japón;Febrero;..
32 Ourense;Japón;Marzo;..
32 Ourense;Japón;Abril;..
32 Ourense;Japón;Mayo;..
32 Ourense;Japón;Junio;..
32 Ourense;Japón;Julio;..
32 Ourense;Japón;Agosto;58
32 Ourense;Japón;Septiembre;..
32 Ourense;Japón;Octubre;..
32 Ourense;Japón;Noviembre;..
32 Ourense;Japón;Diciembre;..
32 Ourense;República China;Total;174
32 Ourense;República China;Enero;..
32 Ourense;República China;Febrero;..
32 Ourense;República China;Marzo;..
32 Ourense;República China;Abril;..
32 Ourense;República China;Mayo;..
32 Ourense;República China;Junio;24
32 Ourense;República China;Julio;..
32 Ourense;República China;Agosto;..
32 Ourense;República China;Septiembre;20
32 Ourense;República China;Octubre;..
32 Ourense;República China;Noviembre;28
32 Ourense;República China;Diciembre;..
32 Ourense;Estados Unidos;Total;576
32 Ourense;Estados Unidos;Enero;..
32 Ourense;Estados Unidos;Febrero;..
32 Ourense;Estados Unidos;Marzo;..
32 Ourense;Estados Unidos;Abril;..
32 Ourense;Estados Unidos;Mayo;..
32 Ourense;Estados Unidos;Junio;38
32 Ourense;Estados Unidos;Julio;86
32 Ourense;Estados Unidos;Agosto;115
32 Ourense;Estados Unidos;Septiembre;98
32 Ourense;Estados Unidos;Octubre;97
32 Ourense;Estados Unidos;Noviembre;46
32 Ourense;Estados Unidos;Diciembre;64
32 Ourense;Resto de América;Total;2.193
32 Ourense;Resto de América;Enero;40
32 Ourense;Resto de América;Febrero;201
32 Ourense;Resto de América;Marzo;82
32 Ourense;Resto de América;Abril;147
32 Ourense;Resto de América;Mayo;111
32 Ourense;Resto de América;Junio;190
32 Ourense;Resto de América;Julio;367
32 Ourense;Resto de América;Agosto;193
32 Ourense;Resto de América;Septiembre;228
32 Ourense;Resto de América;Octubre;205
32 Ourense;Resto de América;Noviembre;245
32 Ourense;Resto de América;Diciembre;182
32 Ourense;Países africanos;Total;134
32 Ourense;Países africanos;Enero;23
32 Ourense;Países africanos;Febrero;..
32 Ourense;Países africanos;Marzo;..
32 Ourense;Países africanos;Abril;..
32 Ourense;Países africanos;Mayo;..
32 Ourense;Países africanos;Junio;..
32 Ourense;Países africanos;Julio;..
32 Ourense;Países africanos;Agosto;..
32 Ourense;Países africanos;Septiembre;..
32 Ourense;Países africanos;Octubre;..
32 Ourense;Países africanos;Noviembre;28
32 Ourense;Países africanos;Diciembre;..
34 Palencia;Total;Total;129.585
34 Palencia;Total;Enero;2.526
34 Palencia;Total;Febrero;2.984
34 Palencia;Total;Marzo;4.221
34 Palencia;Total;Abril;4.738
34 Palencia;Total;Mayo;7.991
34 Palencia;Total;Junio;11.452
34 Palencia;Total;Julio;16.840
34 Palencia;Total;Agosto;22.902
34 Palencia;Total;Septiembre;18.188
34 Palencia;Total;Octubre;18.166
34 Palencia;Total;Noviembre;11.334
34 Palencia;Total;Diciembre;8.242
34 Palencia;Residentes en España;Total;110.395
34 Palencia;Residentes en España;Enero;2.029
34 Palencia;Residentes en España;Febrero;2.631
34 Palencia;Residentes en España;Marzo;3.905
34 Palencia;Residentes en España;Abril;4.363
34 Palencia;Residentes en España;Mayo;6.758
34 Palencia;Residentes en España;Junio;10.330
34 Palencia;Residentes en España;Julio;14.097
34 Palencia;Residentes en España;Agosto;20.077
34 Palencia;Residentes en España;Septiembre;14.075
34 Palencia;Residentes en España;Octubre;14.786
34 Palencia;Residentes en España;Noviembre;9.758
34 Palencia;Residentes en España;Diciembre;7.585
34 Palencia;No residentes en España;Total;19.190
34 Palencia;No residentes en España;Enero;497
34 Palencia;No residentes en España;Febrero;353
34 Palencia;No residentes en España;Marzo;316
34 Palencia;No residentes en España;Abril;375
34 Palencia;No residentes en España;Mayo;1.233
34 Palencia;No residentes en España;Junio;1.122
34 Palencia;No residentes en España;Julio;2.743
34 Palencia;No residentes en España;Agosto;2.825
34 Palencia;No residentes en España;Septiembre;4.113
34 Palencia;No residentes en España;Octubre;3.380
34 Palencia;No residentes en España;Noviembre;1.576
34 Palencia;No residentes en España;Diciembre;657
34 Palencia;Unión Europea 27 (sin España);Total;12.469
34 Palencia;Unión Europea 27 (sin España);Enero;362
34 Palencia;Unión Europea 27 (sin España);Febrero;189
34 Palencia;Unión Europea 27 (sin España);Marzo;180
34 Palencia;Unión Europea 27 (sin España);Abril;306
34 Palencia;Unión Europea 27 (sin España);Mayo;931
34 Palencia;Unión Europea 27 (sin España);Junio;694
34 Palencia;Unión Europea 27 (sin España);Julio;1.805
34 Palencia;Unión Europea 27 (sin España);Agosto;1.838
34 Palencia;Unión Europea 27 (sin España);Septiembre;2.795
34 Palencia;Unión Europea 27 (sin España);Octubre;2.054
34 Palencia;Unión Europea 27 (sin España);Noviembre;867
34 Palencia;Unión Europea 27 (sin España);Diciembre;449
34 Palencia;Alemania;Total;1.283
34 Palencia;Alemania;Enero;37
34 Palencia;Alemania;Febrero;..
34 Palencia;Alemania;Marzo;..
34 Palencia;Alemania;Abril;31
34 Palencia;Alemania;Mayo;95
34 Palencia;Alemania;Junio;77
34 Palencia;Alemania;Julio;151
34 Palencia;Alemania;Agosto;174
34 Palencia;Alemania;Septiembre;319
34 Palencia;Alemania;Octubre;216
34 Palencia;Alemania;Noviembre;96
34 Palencia;Alemania;Diciembre;58
34 Palencia;Austria;Total;110
34 Palencia;Austria;Enero;..
34 Palencia;Austria;Febrero;..
34 Palencia;Austria;Marzo;..
34 Palencia;Austria;Abril;..
34 Palencia;Austria;Mayo;24
34 Palencia;Austria;Junio;..
34 Palencia;Austria;Julio;..
34 Palencia;Austria;Agosto;11
34 Palencia;Austria;Septiembre;44
34 Palencia;Austria;Octubre;..
34 Palencia;Austria;Noviembre;..
34 Palencia;Austria;Diciembre;..
34 Palencia;Bélgica;Total;569
34 Palencia;Bélgica;Enero;..
34 Palencia;Bélgica;Febrero;..
34 Palencia;Bélgica;Marzo;27
34 Palencia;Bélgica;Abril;11
34 Palencia;Bélgica;Mayo;22
34 Palencia;Bélgica;Junio;26
34 Palencia;Bélgica;Julio;143
34 Palencia;Bélgica;Agosto;61
34 Palencia;Bélgica;Septiembre;149
34 Palencia;Bélgica;Octubre;106
34 Palencia;Bélgica;Noviembre;..
34 Palencia;Bélgica;Diciembre;..
34 Palencia;Dinamarca;Total;238
34 Palencia;Dinamarca;Enero;..
34 Palencia;Dinamarca;Febrero;..
34 Palencia;Dinamarca;Marzo;..
34 Palencia;Dinamarca;Abril;..
34 Palencia;Dinamarca;Mayo;75
34 Palencia;Dinamarca;Junio;..
34 Palencia;Dinamarca;Julio;20
34 Palencia;Dinamarca;Agosto;..
34 Palencia;Dinamarca;Septiembre;91
34 Palencia;Dinamarca;Octubre;22
34 Palencia;Dinamarca;Noviembre;..
34 Palencia;Dinamarca;Diciembre;..
34 Palencia;Finlandia;Total;25
34 Palencia;Finlandia;Enero;..
34 Palencia;Finlandia;Febrero;..
34 Palencia;Finlandia;Marzo;..
34 Palencia;Finlandia;Abril;..
34 Palencia;Finlandia;Mayo;..
34 Palencia;Finlandia;Junio;..
34 Palencia;Finlandia;Julio;..
34 Palencia;Finlandia;Agosto;11
34 Palencia;Finlandia;Septiembre;..
34 Palencia;Finlandia;Octubre;..
34 Palencia;Finlandia;Noviembre;..
34 Palencia;Finlandia;Diciembre;..
34 Palencia;Francia;Total;4.515
34 Palencia;Francia;Enero;97
34 Palencia;Francia;Febrero;52
34 Palencia;Francia;Marzo;42
34 Palencia;Francia;Abril;126
34 Palencia;Francia;Mayo;252
34 Palencia;Francia;Junio;251
34 Palencia;Francia;Julio;647
34 Palencia;Francia;Agosto;729
34 Palencia;Francia;Septiembre;1.103
34 Palencia;Francia;Octubre;869
34 Palencia;Francia;Noviembre;253
34 Palencia;Francia;Diciembre;94
34 Palencia;Grecia;Total;18
34 Palencia;Grecia;Enero;..
34 Palencia;Grecia;Febrero;..
34 Palencia;Grecia;Marzo;..
34 Palencia;Grecia;Abril;..
34 Palencia;Grecia;Mayo;..
34 Palencia;Grecia;Junio;..
34 Palencia;Grecia;Julio;..
34 Palencia;Grecia;Agosto;..
34 Palencia;Grecia;Septiembre;..
34 Palencia;Grecia;Octubre;..
34 Palencia;Grecia;Noviembre;..
34 Palencia;Grecia;Diciembre;..
34 Palencia;Irlanda;Total;336
34 Palencia;Irlanda;Enero;..
34 Palencia;Irlanda;Febrero;..
34 Palencia;Irlanda;Marzo;..
34 Palencia;Irlanda;Abril;..
34 Palencia;Irlanda;Mayo;27
34 Palencia;Irlanda;Junio;..
34 Palencia;Irlanda;Julio;30
34 Palencia;Irlanda;Agosto;..
34 Palencia;Irlanda;Septiembre;150
34 Palencia;Irlanda;Octubre;104
34 Palencia;Irlanda;Noviembre;..
34 Palencia;Irlanda;Diciembre;..
34 Palencia;Italia;Total;650
34 Palencia;Italia;Enero;..
34 Palencia;Italia;Febrero;16
34 Palencia;Italia;Marzo;..
34 Palencia;Italia;Abril;16
34 Palencia;Italia;Mayo;52
34 Palencia;Italia;Junio;28
34 Palencia;Italia;Julio;67
34 Palencia;Italia;Agosto;95
34 Palencia;Italia;Septiembre;145
34 Palencia;Italia;Octubre;117
34 Palencia;Italia;Noviembre;88
34 Palencia;Italia;Diciembre;16
34 Palencia;Luxemburgo;Total;67
34 Palencia;Luxemburgo;Enero;..
34 Palencia;Luxemburgo;Febrero;..
34 Palencia;Luxemburgo;Marzo;..
34 Palencia;Luxemburgo;Abril;..
34 Palencia;Luxemburgo;Mayo;24
34 Palencia;Luxemburgo;Junio;..
34 Palencia;Luxemburgo;Julio;..
34 Palencia;Luxemburgo;Agosto;..
34 Palencia;Luxemburgo;Septiembre;..
34 Palencia;Luxemburgo;Octubre;..
34 Palencia;Luxemburgo;Noviembre;..
34 Palencia;Luxemburgo;Diciembre;..
34 Palencia;Países Bajos;Total;672
34 Palencia;Países Bajos;Enero;..
34 Palencia;Países Bajos;Febrero;..
34 Palencia;Países Bajos;Marzo;10
34 Palencia;Países Bajos;Abril;14
34 Palencia;Países Bajos;Mayo;37
34 Palencia;Países Bajos;Junio;22
34 Palencia;Países Bajos;Julio;105
34 Palencia;Países Bajos;Agosto;100
34 Palencia;Países Bajos;Septiembre;144
34 Palencia;Países Bajos;Octubre;126
34 Palencia;Países Bajos;Noviembre;73
34 Palencia;Países Bajos;Diciembre;31
34 Palencia;Polonia;Total;183
34 Palencia;Polonia;Enero;..
34 Palencia;Polonia;Febrero;..
34 Palencia;Polonia;Marzo;..
34 Palencia;Polonia;Abril;..
34 Palencia;Polonia;Mayo;24
34 Palencia;Polonia;Junio;..
34 Palencia;Polonia;Julio;36
34 Palencia;Polonia;Agosto;14
34 Palencia;Polonia;Septiembre;..
34 Palencia;Polonia;Octubre;22
34 Palencia;Polonia;Noviembre;..
34 Palencia;Polonia;Diciembre;40
34 Palencia;Portugal;Total;2.861
34 Palencia;Portugal;Enero;191
34 Palencia;Portugal;Febrero;72
34 Palencia;Portugal;Marzo;24
34 Palencia;Portugal;Abril;88
34 Palencia;Portugal;Mayo;209
34 Palencia;Portugal;Junio;170
34 Palencia;Portugal;Julio;444
34 Palencia;Portugal;Agosto;499
34 Palencia;Portugal;Septiembre;439
34 Palencia;Portugal;Octubre;327
34 Palencia;Portugal;Noviembre;251
34 Palencia;Portugal;Diciembre;148
34 Palencia;República Checa;Total;39
34 Palencia;República Checa;Enero;..
34 Palencia;República Checa;Febrero;..
34 Palencia;República Checa;Marzo;..
34 Palencia;República Checa;Abril;..
34 Palencia;República Checa;Mayo;..
34 Palencia;República Checa;Junio;..
34 Palencia;República Checa;Julio;..
34 Palencia;República Checa;Agosto;..
34 Palencia;República Checa;Septiembre;..
34 Palencia;República Checa;Octubre;..
34 Palencia;República Checa;Noviembre;..
34 Palencia;República Checa;Diciembre;..
34 Palencia;Suecia;Total;80
34 Palencia;Suecia;Enero;..
34 Palencia;Suecia;Febrero;..
34 Palencia;Suecia;Marzo;..
34 Palencia;Suecia;Abril;..
34 Palencia;Suecia;Mayo;..
34 Palencia;Suecia;Junio;..
34 Palencia;Suecia;Julio;..
34 Palencia;Suecia;Agosto;18
34 Palencia;Suecia;Septiembre;28
34 Palencia;Suecia;Octubre;29
34 Palencia;Suecia;Noviembre;..
34 Palencia;Suecia;Diciembre;..
34 Palencia;Noruega;Total;67
34 Palencia;Noruega;Enero;..
34 Palencia;Noruega;Febrero;..
34 Palencia;Noruega;Marzo;..
34 Palencia;Noruega;Abril;..
34 Palencia;Noruega;Mayo;..
34 Palencia;Noruega;Junio;..
34 Palencia;Noruega;Julio;..
34 Palencia;Noruega;Agosto;13
34 Palencia;Noruega;Septiembre;..
34 Palencia;Noruega;Octubre;29
34 Palencia;Noruega;Noviembre;..
34 Palencia;Noruega;Diciembre;..
34 Palencia;Reino Unido;Total;1.218
34 Palencia;Reino Unido;Enero;..
34 Palencia;Reino Unido;Febrero;..
34 Palencia;Reino Unido;Marzo;..
34 Palencia;Reino Unido;Abril;..
34 Palencia;Reino Unido;Mayo;23
34 Palencia;Reino Unido;Junio;91
34 Palencia;Reino Unido;Julio;150
34 Palencia;Reino Unido;Agosto;137
34 Palencia;Reino Unido;Septiembre;315
34 Palencia;Reino Unido;Octubre;348
34 Palencia;Reino Unido;Noviembre;62
34 Palencia;Reino Unido;Diciembre;46
34 Palencia;Rusia;Total;60
34 Palencia;Rusia;Enero;..
34 Palencia;Rusia;Febrero;..
34 Palencia;Rusia;Marzo;..
34 Palencia;Rusia;Abril;..
34 Palencia;Rusia;Mayo;..
34 Palencia;Rusia;Junio;..
34 Palencia;Rusia;Julio;26
34 Palencia;Rusia;Agosto;..
34 Palencia;Rusia;Septiembre;..
34 Palencia;Rusia;Octubre;..
34 Palencia;Rusia;Noviembre;..
34 Palencia;Rusia;Diciembre;..
34 Palencia;Suiza;Total;240
34 Palencia;Suiza;Enero;..
34 Palencia;Suiza;Febrero;..
34 Palencia;Suiza;Marzo;..
34 Palencia;Suiza;Abril;..
34 Palencia;Suiza;Mayo;..
34 Palencia;Suiza;Junio;28
34 Palencia;Suiza;Julio;47
34 Palencia;Suiza;Agosto;31
34 Palencia;Suiza;Septiembre;50
34 Palencia;Suiza;Octubre;69
34 Palencia;Suiza;Noviembre;..
34 Palencia;Suiza;Diciembre;..
34 Palencia;Resto de Europa sin U.E.;Total;252
34 Palencia;Resto de Europa sin U.E.;Enero;..
34 Palencia;Resto de Europa sin U.E.;Febrero;28
34 Palencia;Resto de Europa sin U.E.;Marzo;..
34 Palencia;Resto de Europa sin U.E.;Abril;..
34 Palencia;Resto de Europa sin U.E.;Mayo;..
34 Palencia;Resto de Europa sin U.E.;Junio;..
34 Palencia;Resto de Europa sin U.E.;Julio;..
34 Palencia;Resto de Europa sin U.E.;Agosto;16
34 Palencia;Resto de Europa sin U.E.;Septiembre;132
34 Palencia;Resto de Europa sin U.E.;Octubre;24
34 Palencia;Resto de Europa sin U.E.;Noviembre;13
34 Palencia;Resto de Europa sin U.E.;Diciembre;..
34 Palencia;Japón;Total;25
34 Palencia;Japón;Enero;..
34 Palencia;Japón;Febrero;..
34 Palencia;Japón;Marzo;..
34 Palencia;Japón;Abril;..
34 Palencia;Japón;Mayo;..
34 Palencia;Japón;Junio;..
34 Palencia;Japón;Julio;..
34 Palencia;Japón;Agosto;..
34 Palencia;Japón;Septiembre;..
34 Palencia;Japón;Octubre;10
34 Palencia;Japón;Noviembre;..
34 Palencia;Japón;Diciembre;..
34 Palencia;República China;Total;109
34 Palencia;República China;Enero;..
34 Palencia;República China;Febrero;..
34 Palencia;República China;Marzo;..
34 Palencia;República China;Abril;..
34 Palencia;República China;Mayo;14
34 Palencia;República China;Junio;..
34 Palencia;República China;Julio;38
34 Palencia;República China;Agosto;..
34 Palencia;República China;Septiembre;18
34 Palencia;República China;Octubre;..
34 Palencia;República China;Noviembre;22
34 Palencia;República China;Diciembre;..
34 Palencia;Estados Unidos;Total;730
34 Palencia;Estados Unidos;Enero;11
34 Palencia;Estados Unidos;Febrero;..
34 Palencia;Estados Unidos;Marzo;..
34 Palencia;Estados Unidos;Abril;..
34 Palencia;Estados Unidos;Mayo;..
34 Palencia;Estados Unidos;Junio;19
34 Palencia;Estados Unidos;Julio;62
34 Palencia;Estados Unidos;Agosto;49
34 Palencia;Estados Unidos;Septiembre;347
34 Palencia;Estados Unidos;Octubre;169
34 Palencia;Estados Unidos;Noviembre;53
34 Palencia;Estados Unidos;Diciembre;..
34 Palencia;Resto de América;Total;1.615
34 Palencia;Resto de América;Enero;50
34 Palencia;Resto de América;Febrero;32
34 Palencia;Resto de América;Marzo;44
34 Palencia;Resto de América;Abril;45
34 Palencia;Resto de América;Mayo;67
34 Palencia;Resto de América;Junio;56
34 Palencia;Resto de América;Julio;285
34 Palencia;Resto de América;Agosto;198
34 Palencia;Resto de América;Septiembre;280
34 Palencia;Resto de América;Octubre;342
34 Palencia;Resto de América;Noviembre;126
34 Palencia;Resto de América;Diciembre;90
34 Palencia;Países africanos;Total;362
34 Palencia;Países africanos;Enero;..
34 Palencia;Países africanos;Febrero;12
34 Palencia;Países africanos;Marzo;..
34 Palencia;Países africanos;Abril;..
34 Palencia;Países africanos;Mayo;48
34 Palencia;Países africanos;Junio;38
34 Palencia;Países africanos;Julio;71
34 Palencia;Países africanos;Agosto;30
34 Palencia;Países africanos;Septiembre;22
34 Palencia;Países africanos;Octubre;58
34 Palencia;Países africanos;Noviembre;44
34 Palencia;Países africanos;Diciembre;25
35 Palmas, Las;Total;Total;2.969.780
35 Palmas, Las;Total;Enero;51.311
35 Palmas, Las;Total;Febrero;47.678
35 Palmas, Las;Total;Marzo;70.156
35 Palmas, Las;Total;Abril;83.745
35 Palmas, Las;Total;Mayo;118.486
35 Palmas, Las;Total;Junio;184.869
35 Palmas, Las;Total;Julio;316.950
35 Palmas, Las;Total;Agosto;424.333
35 Palmas, Las;Total;Septiembre;368.389
35 Palmas, Las;Total;Octubre;496.682
35 Palmas, Las;Total;Noviembre;423.738
35 Palmas, Las;Total;Diciembre;383.443
35 Palmas, Las;Residentes en España;Total;1.027.505
35 Palmas, Las;Residentes en España;Enero;22.561
35 Palmas, Las;Residentes en España;Febrero;28.100
35 Palmas, Las;Residentes en España;Marzo;40.217
35 Palmas, Las;Residentes en España;Abril;50.344
35 Palmas, Las;Residentes en España;Mayo;68.670
35 Palmas, Las;Residentes en España;Junio;96.552
35 Palmas, Las;Residentes en España;Julio;149.497
35 Palmas, Las;Residentes en España;Agosto;193.222
35 Palmas, Las;Residentes en España;Septiembre;133.112
35 Palmas, Las;Residentes en España;Octubre;103.897
35 Palmas, Las;Residentes en España;Noviembre;66.627
35 Palmas, Las;Residentes en España;Diciembre;74.704
35 Palmas, Las;No residentes en España;Total;1.942.276
35 Palmas, Las;No residentes en España;Enero;28.751
35 Palmas, Las;No residentes en España;Febrero;19.578
35 Palmas, Las;No residentes en España;Marzo;29.938
35 Palmas, Las;No residentes en España;Abril;33.400
35 Palmas, Las;No residentes en España;Mayo;49.815
35 Palmas, Las;No residentes en España;Junio;88.317
35 Palmas, Las;No residentes en España;Julio;167.453
35 Palmas, Las;No residentes en España;Agosto;231.111
35 Palmas, Las;No residentes en España;Septiembre;235.277
35 Palmas, Las;No residentes en España;Octubre;392.785
35 Palmas, Las;No residentes en España;Noviembre;357.111
35 Palmas, Las;No residentes en España;Diciembre;308.739
35 Palmas, Las;Unión Europea 27 (sin España);Total;1.427.997
35 Palmas, Las;Unión Europea 27 (sin España);Enero;23.389
35 Palmas, Las;Unión Europea 27 (sin España);Febrero;15.872
35 Palmas, Las;Unión Europea 27 (sin España);Marzo;25.311
35 Palmas, Las;Unión Europea 27 (sin España);Abril;26.876
35 Palmas, Las;Unión Europea 27 (sin España);Mayo;43.109
35 Palmas, Las;Unión Europea 27 (sin España);Junio;78.061
35 Palmas, Las;Unión Europea 27 (sin España);Julio;137.723
35 Palmas, Las;Unión Europea 27 (sin España);Agosto;171.685
35 Palmas, Las;Unión Europea 27 (sin España);Septiembre;172.585
35 Palmas, Las;Unión Europea 27 (sin España);Octubre;261.830
35 Palmas, Las;Unión Europea 27 (sin España);Noviembre;247.001
35 Palmas, Las;Unión Europea 27 (sin España);Diciembre;224.556
35 Palmas, Las;Alemania;Total;611.204
35 Palmas, Las;Alemania;Enero;7.146
35 Palmas, Las;Alemania;Febrero;3.459
35 Palmas, Las;Alemania;Marzo;10.555
35 Palmas, Las;Alemania;Abril;9.211
35 Palmas, Las;Alemania;Mayo;17.228
35 Palmas, Las;Alemania;Junio;31.578
35 Palmas, Las;Alemania;Julio;60.557
35 Palmas, Las;Alemania;Agosto;71.634
35 Palmas, Las;Alemania;Septiembre;85.637
35 Palmas, Las;Alemania;Octubre;116.057
35 Palmas, Las;Alemania;Noviembre;112.893
35 Palmas, Las;Alemania;Diciembre;85.249
35 Palmas, Las;Austria;Total;15.319
35 Palmas, Las;Austria;Enero;301
35 Palmas, Las;Austria;Febrero;191
35 Palmas, Las;Austria;Marzo;227
35 Palmas, Las;Austria;Abril;282
35 Palmas, Las;Austria;Mayo;264
35 Palmas, Las;Austria;Junio;397
35 Palmas, Las;Austria;Julio;1.559
35 Palmas, Las;Austria;Agosto;1.827
35 Palmas, Las;Austria;Septiembre;1.292
35 Palmas, Las;Austria;Octubre;2.794
35 Palmas, Las;Austria;Noviembre;3.328
35 Palmas, Las;Austria;Diciembre;2.858
35 Palmas, Las;Bélgica;Total;69.822
35 Palmas, Las;Bélgica;Enero;1.579
35 Palmas, Las;Bélgica;Febrero;168
35 Palmas, Las;Bélgica;Marzo;239
35 Palmas, Las;Bélgica;Abril;613
35 Palmas, Las;Bélgica;Mayo;1.936
35 Palmas, Las;Bélgica;Junio;5.689
35 Palmas, Las;Bélgica;Julio;7.546
35 Palmas, Las;Bélgica;Agosto;9.019
35 Palmas, Las;Bélgica;Septiembre;10.402
35 Palmas, Las;Bélgica;Octubre;12.708
35 Palmas, Las;Bélgica;Noviembre;10.695
35 Palmas, Las;Bélgica;Diciembre;9.227
35 Palmas, Las;Dinamarca;Total;60.608
35 Palmas, Las;Dinamarca;Enero;141
35 Palmas, Las;Dinamarca;Febrero;102
35 Palmas, Las;Dinamarca;Marzo;124
35 Palmas, Las;Dinamarca;Abril;130
35 Palmas, Las;Dinamarca;Mayo;839
35 Palmas, Las;Dinamarca;Junio;3.003
35 Palmas, Las;Dinamarca;Julio;5.481
35 Palmas, Las;Dinamarca;Agosto;2.824
35 Palmas, Las;Dinamarca;Septiembre;2.717
35 Palmas, Las;Dinamarca;Octubre;16.460
35 Palmas, Las;Dinamarca;Noviembre;16.239
35 Palmas, Las;Dinamarca;Diciembre;12.548
35 Palmas, Las;Finlandia;Total;21.615
35 Palmas, Las;Finlandia;Enero;101
35 Palmas, Las;Finlandia;Febrero;70
35 Palmas, Las;Finlandia;Marzo;386
35 Palmas, Las;Finlandia;Abril;99
35 Palmas, Las;Finlandia;Mayo;36
35 Palmas, Las;Finlandia;Junio;69
35 Palmas, Las;Finlandia;Julio;200
35 Palmas, Las;Finlandia;Agosto;76
35 Palmas, Las;Finlandia;Septiembre;314
35 Palmas, Las;Finlandia;Octubre;3.961
35 Palmas, Las;Finlandia;Noviembre;7.259
35 Palmas, Las;Finlandia;Diciembre;9.043
35 Palmas, Las;Francia;Total;164.469
35 Palmas, Las;Francia;Enero;3.103
35 Palmas, Las;Francia;Febrero;3.780
35 Palmas, Las;Francia;Marzo;3.657
35 Palmas, Las;Francia;Abril;4.072
35 Palmas, Las;Francia;Mayo;9.021
35 Palmas, Las;Francia;Junio;9.016
35 Palmas, Las;Francia;Julio;19.770
35 Palmas, Las;Francia;Agosto;26.452
35 Palmas, Las;Francia;Septiembre;15.877
35 Palmas, Las;Francia;Octubre;27.354
35 Palmas, Las;Francia;Noviembre;18.068
35 Palmas, Las;Francia;Diciembre;24.298
35 Palmas, Las;Grecia;Total;1.602
35 Palmas, Las;Grecia;Enero;54
35 Palmas, Las;Grecia;Febrero;148
35 Palmas, Las;Grecia;Marzo;76
35 Palmas, Las;Grecia;Abril;84
35 Palmas, Las;Grecia;Mayo;67
35 Palmas, Las;Grecia;Junio;62
35 Palmas, Las;Grecia;Julio;107
35 Palmas, Las;Grecia;Agosto;141
35 Palmas, Las;Grecia;Septiembre;101
35 Palmas, Las;Grecia;Octubre;236
35 Palmas, Las;Grecia;Noviembre;330
35 Palmas, Las;Grecia;Diciembre;198
35 Palmas, Las;Irlanda;Total;48.154
35 Palmas, Las;Irlanda;Enero;968
35 Palmas, Las;Irlanda;Febrero;525
35 Palmas, Las;Irlanda;Marzo;176
35 Palmas, Las;Irlanda;Abril;209
35 Palmas, Las;Irlanda;Mayo;248
35 Palmas, Las;Irlanda;Junio;219
35 Palmas, Las;Irlanda;Julio;2.280
35 Palmas, Las;Irlanda;Agosto;6.457
35 Palmas, Las;Irlanda;Septiembre;7.683
35 Palmas, Las;Irlanda;Octubre;12.276
35 Palmas, Las;Irlanda;Noviembre;8.525
35 Palmas, Las;Irlanda;Diciembre;8.587
35 Palmas, Las;Italia;Total;71.763
35 Palmas, Las;Italia;Enero;1.226
35 Palmas, Las;Italia;Febrero;1.015
35 Palmas, Las;Italia;Marzo;1.433
35 Palmas, Las;Italia;Abril;2.779
35 Palmas, Las;Italia;Mayo;3.201
35 Palmas, Las;Italia;Junio;4.771
35 Palmas, Las;Italia;Julio;6.520
35 Palmas, Las;Italia;Agosto;10.639
35 Palmas, Las;Italia;Septiembre;8.286
35 Palmas, Las;Italia;Octubre;11.078
35 Palmas, Las;Italia;Noviembre;10.130
35 Palmas, Las;Italia;Diciembre;10.686
35 Palmas, Las;Luxemburgo;Total;12.015
35 Palmas, Las;Luxemburgo;Enero;464
35 Palmas, Las;Luxemburgo;Febrero;711
35 Palmas, Las;Luxemburgo;Marzo;614
35 Palmas, Las;Luxemburgo;Abril;1.726
35 Palmas, Las;Luxemburgo;Mayo;917
35 Palmas, Las;Luxemburgo;Junio;681
35 Palmas, Las;Luxemburgo;Julio;649
35 Palmas, Las;Luxemburgo;Agosto;1.658
35 Palmas, Las;Luxemburgo;Septiembre;1.115
35 Palmas, Las;Luxemburgo;Octubre;1.008
35 Palmas, Las;Luxemburgo;Noviembre;1.119
35 Palmas, Las;Luxemburgo;Diciembre;1.353
35 Palmas, Las;Países Bajos;Total;135.871
35 Palmas, Las;Países Bajos;Enero;479
35 Palmas, Las;Países Bajos;Febrero;350
35 Palmas, Las;Países Bajos;Marzo;644
35 Palmas, Las;Países Bajos;Abril;740
35 Palmas, Las;Países Bajos;Mayo;1.535
35 Palmas, Las;Países Bajos;Junio;10.031
35 Palmas, Las;Países Bajos;Julio;12.126
35 Palmas, Las;Países Bajos;Agosto;17.950
35 Palmas, Las;Países Bajos;Septiembre;19.684
35 Palmas, Las;Países Bajos;Octubre;30.706
35 Palmas, Las;Países Bajos;Noviembre;21.147
35 Palmas, Las;Países Bajos;Diciembre;20.480
35 Palmas, Las;Polonia;Total;85.986
35 Palmas, Las;Polonia;Enero;2.686
35 Palmas, Las;Polonia;Febrero;1.576
35 Palmas, Las;Polonia;Marzo;1.916
35 Palmas, Las;Polonia;Abril;2.758
35 Palmas, Las;Polonia;Mayo;3.295
35 Palmas, Las;Polonia;Junio;6.821
35 Palmas, Las;Polonia;Julio;13.164
35 Palmas, Las;Polonia;Agosto;13.745
35 Palmas, Las;Polonia;Septiembre;11.413
35 Palmas, Las;Polonia;Octubre;9.512
35 Palmas, Las;Polonia;Noviembre;9.325
35 Palmas, Las;Polonia;Diciembre;9.776
35 Palmas, Las;Portugal;Total;10.353
35 Palmas, Las;Portugal;Enero;220
35 Palmas, Las;Portugal;Febrero;145
35 Palmas, Las;Portugal;Marzo;172
35 Palmas, Las;Portugal;Abril;466
35 Palmas, Las;Portugal;Mayo;542
35 Palmas, Las;Portugal;Junio;761
35 Palmas, Las;Portugal;Julio;1.229
35 Palmas, Las;Portugal;Agosto;2.118
35 Palmas, Las;Portugal;Septiembre;1.757
35 Palmas, Las;Portugal;Octubre;1.175
35 Palmas, Las;Portugal;Noviembre;1.062
35 Palmas, Las;Portugal;Diciembre;707
35 Palmas, Las;República Checa;Total;21.064
35 Palmas, Las;República Checa;Enero;595
35 Palmas, Las;República Checa;Febrero;638
35 Palmas, Las;República Checa;Marzo;1.148
35 Palmas, Las;República Checa;Abril;1.405
35 Palmas, Las;República Checa;Mayo;1.380
35 Palmas, Las;República Checa;Junio;1.592
35 Palmas, Las;República Checa;Julio;2.436
35 Palmas, Las;República Checa;Agosto;2.680
35 Palmas, Las;República Checa;Septiembre;2.175
35 Palmas, Las;República Checa;Octubre;3.456
35 Palmas, Las;República Checa;Noviembre;1.695
35 Palmas, Las;República Checa;Diciembre;1.864
35 Palmas, Las;Suecia;Total;73.020
35 Palmas, Las;Suecia;Enero;3.668
35 Palmas, Las;Suecia;Febrero;2.018
35 Palmas, Las;Suecia;Marzo;2.718
35 Palmas, Las;Suecia;Abril;1.032
35 Palmas, Las;Suecia;Mayo;1.425
35 Palmas, Las;Suecia;Junio;1.902
35 Palmas, Las;Suecia;Julio;1.980
35 Palmas, Las;Suecia;Agosto;1.913
35 Palmas, Las;Suecia;Septiembre;1.809
35 Palmas, Las;Suecia;Octubre;9.856
35 Palmas, Las;Suecia;Noviembre;21.341
35 Palmas, Las;Suecia;Diciembre;23.358
35 Palmas, Las;Noruega;Total;33.818
35 Palmas, Las;Noruega;Enero;193
35 Palmas, Las;Noruega;Febrero;118
35 Palmas, Las;Noruega;Marzo;109
35 Palmas, Las;Noruega;Abril;91
35 Palmas, Las;Noruega;Mayo;121
35 Palmas, Las;Noruega;Junio;106
35 Palmas, Las;Noruega;Julio;774
35 Palmas, Las;Noruega;Agosto;743
35 Palmas, Las;Noruega;Septiembre;1.128
35 Palmas, Las;Noruega;Octubre;7.049
35 Palmas, Las;Noruega;Noviembre;12.071
35 Palmas, Las;Noruega;Diciembre;11.315
35 Palmas, Las;Reino Unido;Total;363.386
35 Palmas, Las;Reino Unido;Enero;1.299
35 Palmas, Las;Reino Unido;Febrero;950
35 Palmas, Las;Reino Unido;Marzo;765
35 Palmas, Las;Reino Unido;Abril;723
35 Palmas, Las;Reino Unido;Mayo;966
35 Palmas, Las;Reino Unido;Junio;2.309
35 Palmas, Las;Reino Unido;Julio;15.768
35 Palmas, Las;Reino Unido;Agosto;46.414
35 Palmas, Las;Reino Unido;Septiembre;49.862
35 Palmas, Las;Reino Unido;Octubre;104.902
35 Palmas, Las;Reino Unido;Noviembre;82.184
35 Palmas, Las;Reino Unido;Diciembre;57.244
35 Palmas, Las;Rusia;Total;3.583
35 Palmas, Las;Rusia;Enero;199
35 Palmas, Las;Rusia;Febrero;183
35 Palmas, Las;Rusia;Marzo;198
35 Palmas, Las;Rusia;Abril;233
35 Palmas, Las;Rusia;Mayo;227
35 Palmas, Las;Rusia;Junio;115
35 Palmas, Las;Rusia;Julio;374
35 Palmas, Las;Rusia;Agosto;345
35 Palmas, Las;Rusia;Septiembre;335
35 Palmas, Las;Rusia;Octubre;357
35 Palmas, Las;Rusia;Noviembre;442
35 Palmas, Las;Rusia;Diciembre;576
35 Palmas, Las;Suiza;Total;40.011
35 Palmas, Las;Suiza;Enero;719
35 Palmas, Las;Suiza;Febrero;266
35 Palmas, Las;Suiza;Marzo;488
35 Palmas, Las;Suiza;Abril;2.063
35 Palmas, Las;Suiza;Mayo;2.494
35 Palmas, Las;Suiza;Junio;1.975
35 Palmas, Las;Suiza;Julio;4.871
35 Palmas, Las;Suiza;Agosto;3.687
35 Palmas, Las;Suiza;Septiembre;3.600
35 Palmas, Las;Suiza;Octubre;9.536
35 Palmas, Las;Suiza;Noviembre;6.355
35 Palmas, Las;Suiza;Diciembre;3.955
35 Palmas, Las;Resto de Europa sin U.E.;Total;19.346
35 Palmas, Las;Resto de Europa sin U.E.;Enero;689
35 Palmas, Las;Resto de Europa sin U.E.;Febrero;455
35 Palmas, Las;Resto de Europa sin U.E.;Marzo;721
35 Palmas, Las;Resto de Europa sin U.E.;Abril;882
35 Palmas, Las;Resto de Europa sin U.E.;Mayo;626
35 Palmas, Las;Resto de Europa sin U.E.;Junio;1.531
35 Palmas, Las;Resto de Europa sin U.E.;Julio;1.814
35 Palmas, Las;Resto de Europa sin U.E.;Agosto;1.833
35 Palmas, Las;Resto de Europa sin U.E.;Septiembre;1.807
35 Palmas, Las;Resto de Europa sin U.E.;Octubre;2.661
35 Palmas, Las;Resto de Europa sin U.E.;Noviembre;2.685
35 Palmas, Las;Resto de Europa sin U.E.;Diciembre;3.642
35 Palmas, Las;Japón;Total;778
35 Palmas, Las;Japón;Enero;25
35 Palmas, Las;Japón;Febrero;21
35 Palmas, Las;Japón;Marzo;23
35 Palmas, Las;Japón;Abril;15
35 Palmas, Las;Japón;Mayo;17
35 Palmas, Las;Japón;Junio;37
35 Palmas, Las;Japón;Julio;86
35 Palmas, Las;Japón;Agosto;78
35 Palmas, Las;Japón;Septiembre;146
35 Palmas, Las;Japón;Octubre;60
35 Palmas, Las;Japón;Noviembre;90
35 Palmas, Las;Japón;Diciembre;178
35 Palmas, Las;República China;Total;2.198
35 Palmas, Las;República China;Enero;64
35 Palmas, Las;República China;Febrero;23
35 Palmas, Las;República China;Marzo;209
35 Palmas, Las;República China;Abril;71
35 Palmas, Las;República China;Mayo;109
35 Palmas, Las;República China;Junio;112
35 Palmas, Las;República China;Julio;185
35 Palmas, Las;República China;Agosto;171
35 Palmas, Las;República China;Septiembre;226
35 Palmas, Las;República China;Octubre;194
35 Palmas, Las;República China;Noviembre;178
35 Palmas, Las;República China;Diciembre;657
35 Palmas, Las;Estados Unidos;Total;7.441
35 Palmas, Las;Estados Unidos;Enero;200
35 Palmas, Las;Estados Unidos;Febrero;206
35 Palmas, Las;Estados Unidos;Marzo;117
35 Palmas, Las;Estados Unidos;Abril;278
35 Palmas, Las;Estados Unidos;Mayo;217
35 Palmas, Las;Estados Unidos;Junio;463
35 Palmas, Las;Estados Unidos;Julio;794
35 Palmas, Las;Estados Unidos;Agosto;987
35 Palmas, Las;Estados Unidos;Septiembre;784
35 Palmas, Las;Estados Unidos;Octubre;896
35 Palmas, Las;Estados Unidos;Noviembre;1.090
35 Palmas, Las;Estados Unidos;Diciembre;1.409
35 Palmas, Las;Resto de América;Total;12.579
35 Palmas, Las;Resto de América;Enero;579
35 Palmas, Las;Resto de América;Febrero;493
35 Palmas, Las;Resto de América;Marzo;516
35 Palmas, Las;Resto de América;Abril;616
35 Palmas, Las;Resto de América;Mayo;824
35 Palmas, Las;Resto de América;Junio;1.131
35 Palmas, Las;Resto de América;Julio;1.272
35 Palmas, Las;Resto de América;Agosto;1.557
35 Palmas, Las;Resto de América;Septiembre;1.408
35 Palmas, Las;Resto de América;Octubre;1.493
35 Palmas, Las;Resto de América;Noviembre;1.241
35 Palmas, Las;Resto de América;Diciembre;1.450
35 Palmas, Las;Países africanos;Total;10.708
35 Palmas, Las;Países africanos;Enero;455
35 Palmas, Las;Países africanos;Febrero;342
35 Palmas, Las;Países africanos;Marzo;550
35 Palmas, Las;Países africanos;Abril;545
35 Palmas, Las;Países africanos;Mayo;445
35 Palmas, Las;Países africanos;Junio;799
35 Palmas, Las;Países africanos;Julio;903
35 Palmas, Las;Países africanos;Agosto;1.464
35 Palmas, Las;Países africanos;Septiembre;1.492
35 Palmas, Las;Países africanos;Octubre;1.207
35 Palmas, Las;Países africanos;Noviembre;1.309
35 Palmas, Las;Países africanos;Diciembre;1.199
36 Pontevedra;Total;Total;1.036.909
36 Pontevedra;Total;Enero;12.643
36 Pontevedra;Total;Febrero;13.303
36 Pontevedra;Total;Marzo;27.575
36 Pontevedra;Total;Abril;28.722
36 Pontevedra;Total;Mayo;50.219
36 Pontevedra;Total;Junio;93.828
36 Pontevedra;Total;Julio;171.704
36 Pontevedra;Total;Agosto;224.848
36 Pontevedra;Total;Septiembre;148.061
36 Pontevedra;Total;Octubre;120.871
36 Pontevedra;Total;Noviembre;69.371
36 Pontevedra;Total;Diciembre;75.764
36 Pontevedra;Residentes en España;Total;883.750
36 Pontevedra;Residentes en España;Enero;10.899
36 Pontevedra;Residentes en España;Febrero;11.886
36 Pontevedra;Residentes en España;Marzo;25.730
36 Pontevedra;Residentes en España;Abril;26.433
36 Pontevedra;Residentes en España;Mayo;44.741
36 Pontevedra;Residentes en España;Junio;76.867
36 Pontevedra;Residentes en España;Julio;151.982
36 Pontevedra;Residentes en España;Agosto;194.589
36 Pontevedra;Residentes en España;Septiembre;117.065
36 Pontevedra;Residentes en España;Octubre;94.488
36 Pontevedra;Residentes en España;Noviembre;60.501
36 Pontevedra;Residentes en España;Diciembre;68.570
36 Pontevedra;No residentes en España;Total;153.159
36 Pontevedra;No residentes en España;Enero;1.743
36 Pontevedra;No residentes en España;Febrero;1.418
36 Pontevedra;No residentes en España;Marzo;1.845
36 Pontevedra;No residentes en España;Abril;2.289
36 Pontevedra;No residentes en España;Mayo;5.479
36 Pontevedra;No residentes en España;Junio;16.961
36 Pontevedra;No residentes en España;Julio;19.722
36 Pontevedra;No residentes en España;Agosto;30.259
36 Pontevedra;No residentes en España;Septiembre;30.996
36 Pontevedra;No residentes en España;Octubre;26.384
36 Pontevedra;No residentes en España;Noviembre;8.870
36 Pontevedra;No residentes en España;Diciembre;7.194
36 Pontevedra;Unión Europea 27 (sin España);Total;118.845
36 Pontevedra;Unión Europea 27 (sin España);Enero;1.044
36 Pontevedra;Unión Europea 27 (sin España);Febrero;778
36 Pontevedra;Unión Europea 27 (sin España);Marzo;1.264
36 Pontevedra;Unión Europea 27 (sin España);Abril;1.463
36 Pontevedra;Unión Europea 27 (sin España);Mayo;4.371
36 Pontevedra;Unión Europea 27 (sin España);Junio;14.192
36 Pontevedra;Unión Europea 27 (sin España);Julio;14.883
36 Pontevedra;Unión Europea 27 (sin España);Agosto;24.998
36 Pontevedra;Unión Europea 27 (sin España);Septiembre;24.047
36 Pontevedra;Unión Europea 27 (sin España);Octubre;20.109
36 Pontevedra;Unión Europea 27 (sin España);Noviembre;6.549
36 Pontevedra;Unión Europea 27 (sin España);Diciembre;5.147
36 Pontevedra;Alemania;Total;10.724
36 Pontevedra;Alemania;Enero;73
36 Pontevedra;Alemania;Febrero;52
36 Pontevedra;Alemania;Marzo;106
36 Pontevedra;Alemania;Abril;140
36 Pontevedra;Alemania;Mayo;251
36 Pontevedra;Alemania;Junio;825
36 Pontevedra;Alemania;Julio;1.370
36 Pontevedra;Alemania;Agosto;1.570
36 Pontevedra;Alemania;Septiembre;3.169
36 Pontevedra;Alemania;Octubre;2.176
36 Pontevedra;Alemania;Noviembre;628
36 Pontevedra;Alemania;Diciembre;365
36 Pontevedra;Austria;Total;1.361
36 Pontevedra;Austria;Enero;..
36 Pontevedra;Austria;Febrero;..
36 Pontevedra;Austria;Marzo;..
36 Pontevedra;Austria;Abril;..
36 Pontevedra;Austria;Mayo;..
36 Pontevedra;Austria;Junio;101
36 Pontevedra;Austria;Julio;40
36 Pontevedra;Austria;Agosto;275
36 Pontevedra;Austria;Septiembre;334
36 Pontevedra;Austria;Octubre;511
36 Pontevedra;Austria;Noviembre;38
36 Pontevedra;Austria;Diciembre;24
36 Pontevedra;Bélgica;Total;2.210
36 Pontevedra;Bélgica;Enero;52
36 Pontevedra;Bélgica;Febrero;19
36 Pontevedra;Bélgica;Marzo;..
36 Pontevedra;Bélgica;Abril;..
36 Pontevedra;Bélgica;Mayo;10
36 Pontevedra;Bélgica;Junio;106
36 Pontevedra;Bélgica;Julio;356
36 Pontevedra;Bélgica;Agosto;438
36 Pontevedra;Bélgica;Septiembre;637
36 Pontevedra;Bélgica;Octubre;408
36 Pontevedra;Bélgica;Noviembre;124
36 Pontevedra;Bélgica;Diciembre;42
36 Pontevedra;Dinamarca;Total;1.399
36 Pontevedra;Dinamarca;Enero;14
36 Pontevedra;Dinamarca;Febrero;..
36 Pontevedra;Dinamarca;Marzo;..
36 Pontevedra;Dinamarca;Abril;20
36 Pontevedra;Dinamarca;Mayo;41
36 Pontevedra;Dinamarca;Junio;57
36 Pontevedra;Dinamarca;Julio;264
36 Pontevedra;Dinamarca;Agosto;239
36 Pontevedra;Dinamarca;Septiembre;397
36 Pontevedra;Dinamarca;Octubre;274
36 Pontevedra;Dinamarca;Noviembre;54
36 Pontevedra;Dinamarca;Diciembre;29
36 Pontevedra;Finlandia;Total;242
36 Pontevedra;Finlandia;Enero;..
36 Pontevedra;Finlandia;Febrero;18
36 Pontevedra;Finlandia;Marzo;12
36 Pontevedra;Finlandia;Abril;..
36 Pontevedra;Finlandia;Mayo;..
36 Pontevedra;Finlandia;Junio;20
36 Pontevedra;Finlandia;Julio;..
36 Pontevedra;Finlandia;Agosto;29
36 Pontevedra;Finlandia;Septiembre;28
36 Pontevedra;Finlandia;Octubre;30
36 Pontevedra;Finlandia;Noviembre;34
36 Pontevedra;Finlandia;Diciembre;49
36 Pontevedra;Francia;Total;9.336
36 Pontevedra;Francia;Enero;184
36 Pontevedra;Francia;Febrero;96
36 Pontevedra;Francia;Marzo;160
36 Pontevedra;Francia;Abril;295
36 Pontevedra;Francia;Mayo;285
36 Pontevedra;Francia;Junio;561
36 Pontevedra;Francia;Julio;1.319
36 Pontevedra;Francia;Agosto;2.478
36 Pontevedra;Francia;Septiembre;1.328
36 Pontevedra;Francia;Octubre;1.740
36 Pontevedra;Francia;Noviembre;569
36 Pontevedra;Francia;Diciembre;322
36 Pontevedra;Grecia;Total;389
36 Pontevedra;Grecia;Enero;..
36 Pontevedra;Grecia;Febrero;..
36 Pontevedra;Grecia;Marzo;..
36 Pontevedra;Grecia;Abril;..
36 Pontevedra;Grecia;Mayo;14
36 Pontevedra;Grecia;Junio;10
36 Pontevedra;Grecia;Julio;28
36 Pontevedra;Grecia;Agosto;176
36 Pontevedra;Grecia;Septiembre;22
36 Pontevedra;Grecia;Octubre;96
36 Pontevedra;Grecia;Noviembre;..
36 Pontevedra;Grecia;Diciembre;17
36 Pontevedra;Irlanda;Total;1.981
36 Pontevedra;Irlanda;Enero;28
36 Pontevedra;Irlanda;Febrero;28
36 Pontevedra;Irlanda;Marzo;26
36 Pontevedra;Irlanda;Abril;..
36 Pontevedra;Irlanda;Mayo;..
36 Pontevedra;Irlanda;Junio;69
36 Pontevedra;Irlanda;Julio;185
36 Pontevedra;Irlanda;Agosto;282
36 Pontevedra;Irlanda;Septiembre;707
36 Pontevedra;Irlanda;Octubre;574
36 Pontevedra;Irlanda;Noviembre;30
36 Pontevedra;Irlanda;Diciembre;27
36 Pontevedra;Italia;Total;7.965
36 Pontevedra;Italia;Enero;74
36 Pontevedra;Italia;Febrero;59
36 Pontevedra;Italia;Marzo;111
36 Pontevedra;Italia;Abril;146
36 Pontevedra;Italia;Mayo;240
36 Pontevedra;Italia;Junio;347
36 Pontevedra;Italia;Julio;1.050
36 Pontevedra;Italia;Agosto;2.044
36 Pontevedra;Italia;Septiembre;1.567
36 Pontevedra;Italia;Octubre;1.454
36 Pontevedra;Italia;Noviembre;506
36 Pontevedra;Italia;Diciembre;366
36 Pontevedra;Luxemburgo;Total;240
36 Pontevedra;Luxemburgo;Enero;..
36 Pontevedra;Luxemburgo;Febrero;..
36 Pontevedra;Luxemburgo;Marzo;..
36 Pontevedra;Luxemburgo;Abril;..
36 Pontevedra;Luxemburgo;Mayo;..
36 Pontevedra;Luxemburgo;Junio;..
36 Pontevedra;Luxemburgo;Julio;88
36 Pontevedra;Luxemburgo;Agosto;35
36 Pontevedra;Luxemburgo;Septiembre;..
36 Pontevedra;Luxemburgo;Octubre;..
36 Pontevedra;Luxemburgo;Noviembre;33
36 Pontevedra;Luxemburgo;Diciembre;16
36 Pontevedra;Países Bajos;Total;4.300
36 Pontevedra;Países Bajos;Enero;40
36 Pontevedra;Países Bajos;Febrero;23
36 Pontevedra;Países Bajos;Marzo;38
36 Pontevedra;Países Bajos;Abril;67
36 Pontevedra;Países Bajos;Mayo;99
36 Pontevedra;Países Bajos;Junio;239
36 Pontevedra;Países Bajos;Julio;526
36 Pontevedra;Países Bajos;Agosto;640
36 Pontevedra;Países Bajos;Septiembre;1.292
36 Pontevedra;Países Bajos;Octubre;818
36 Pontevedra;Países Bajos;Noviembre;378
36 Pontevedra;Países Bajos;Diciembre;140
36 Pontevedra;Polonia;Total;1.713
36 Pontevedra;Polonia;Enero;25
36 Pontevedra;Polonia;Febrero;15
36 Pontevedra;Polonia;Marzo;43
36 Pontevedra;Polonia;Abril;25
36 Pontevedra;Polonia;Mayo;77
36 Pontevedra;Polonia;Junio;116
36 Pontevedra;Polonia;Julio;198
36 Pontevedra;Polonia;Agosto;272
36 Pontevedra;Polonia;Septiembre;339
36 Pontevedra;Polonia;Octubre;367
36 Pontevedra;Polonia;Noviembre;177
36 Pontevedra;Polonia;Diciembre;58
36 Pontevedra;Portugal;Total;72.043
36 Pontevedra;Portugal;Enero;445
36 Pontevedra;Portugal;Febrero;265
36 Pontevedra;Portugal;Marzo;633
36 Pontevedra;Portugal;Abril;547
36 Pontevedra;Portugal;Mayo;3.065
36 Pontevedra;Portugal;Junio;11.137
36 Pontevedra;Portugal;Julio;8.629
36 Pontevedra;Portugal;Agosto;15.638
36 Pontevedra;Portugal;Septiembre;13.458
36 Pontevedra;Portugal;Octubre;11.060
36 Pontevedra;Portugal;Noviembre;3.700
36 Pontevedra;Portugal;Diciembre;3.466
36 Pontevedra;República Checa;Total;748
36 Pontevedra;República Checa;Enero;29
36 Pontevedra;República Checa;Febrero;..
36 Pontevedra;República Checa;Marzo;..
36 Pontevedra;República Checa;Abril;20
36 Pontevedra;República Checa;Mayo;14
36 Pontevedra;República Checa;Junio;243
36 Pontevedra;República Checa;Julio;209
36 Pontevedra;República Checa;Agosto;51
36 Pontevedra;República Checa;Septiembre;81
36 Pontevedra;República Checa;Octubre;65
36 Pontevedra;República Checa;Noviembre;24
36 Pontevedra;República Checa;Diciembre;..
36 Pontevedra;Suecia;Total;569
36 Pontevedra;Suecia;Enero;..
36 Pontevedra;Suecia;Febrero;14
36 Pontevedra;Suecia;Marzo;..
36 Pontevedra;Suecia;Abril;..
36 Pontevedra;Suecia;Mayo;35
36 Pontevedra;Suecia;Junio;39
36 Pontevedra;Suecia;Julio;104
36 Pontevedra;Suecia;Agosto;92
36 Pontevedra;Suecia;Septiembre;60
36 Pontevedra;Suecia;Octubre;88
36 Pontevedra;Suecia;Noviembre;93
36 Pontevedra;Suecia;Diciembre;22
36 Pontevedra;Noruega;Total;332
36 Pontevedra;Noruega;Enero;13
36 Pontevedra;Noruega;Febrero;..
36 Pontevedra;Noruega;Marzo;..
36 Pontevedra;Noruega;Abril;16
36 Pontevedra;Noruega;Mayo;..
36 Pontevedra;Noruega;Junio;22
36 Pontevedra;Noruega;Julio;21
36 Pontevedra;Noruega;Agosto;26
36 Pontevedra;Noruega;Septiembre;65
36 Pontevedra;Noruega;Octubre;67
36 Pontevedra;Noruega;Noviembre;89
36 Pontevedra;Noruega;Diciembre;..
36 Pontevedra;Reino Unido;Total;3.431
36 Pontevedra;Reino Unido;Enero;95
36 Pontevedra;Reino Unido;Febrero;107
36 Pontevedra;Reino Unido;Marzo;28
36 Pontevedra;Reino Unido;Abril;42
36 Pontevedra;Reino Unido;Mayo;65
36 Pontevedra;Reino Unido;Junio;182
36 Pontevedra;Reino Unido;Julio;453
36 Pontevedra;Reino Unido;Agosto;724
36 Pontevedra;Reino Unido;Septiembre;737
36 Pontevedra;Reino Unido;Octubre;733
36 Pontevedra;Reino Unido;Noviembre;188
36 Pontevedra;Reino Unido;Diciembre;76
36 Pontevedra;Rusia;Total;787
36 Pontevedra;Rusia;Enero;..
36 Pontevedra;Rusia;Febrero;..
36 Pontevedra;Rusia;Marzo;15
36 Pontevedra;Rusia;Abril;63
36 Pontevedra;Rusia;Mayo;50
36 Pontevedra;Rusia;Junio;13
36 Pontevedra;Rusia;Julio;135
36 Pontevedra;Rusia;Agosto;193
36 Pontevedra;Rusia;Septiembre;112
36 Pontevedra;Rusia;Octubre;129
36 Pontevedra;Rusia;Noviembre;32
36 Pontevedra;Rusia;Diciembre;37
36 Pontevedra;Suiza;Total;2.425
36 Pontevedra;Suiza;Enero;..
36 Pontevedra;Suiza;Febrero;..
36 Pontevedra;Suiza;Marzo;..
36 Pontevedra;Suiza;Abril;60
36 Pontevedra;Suiza;Mayo;78
36 Pontevedra;Suiza;Junio;186
36 Pontevedra;Suiza;Julio;836
36 Pontevedra;Suiza;Agosto;273
36 Pontevedra;Suiza;Septiembre;447
36 Pontevedra;Suiza;Octubre;317
36 Pontevedra;Suiza;Noviembre;115
36 Pontevedra;Suiza;Diciembre;100
36 Pontevedra;Resto de Europa sin U.E.;Total;2.706
36 Pontevedra;Resto de Europa sin U.E.;Enero;101
36 Pontevedra;Resto de Europa sin U.E.;Febrero;108
36 Pontevedra;Resto de Europa sin U.E.;Marzo;157
36 Pontevedra;Resto de Europa sin U.E.;Abril;99
36 Pontevedra;Resto de Europa sin U.E.;Mayo;137
36 Pontevedra;Resto de Europa sin U.E.;Junio;264
36 Pontevedra;Resto de Europa sin U.E.;Julio;389
36 Pontevedra;Resto de Europa sin U.E.;Agosto;364
36 Pontevedra;Resto de Europa sin U.E.;Septiembre;387
36 Pontevedra;Resto de Europa sin U.E.;Octubre;440
36 Pontevedra;Resto de Europa sin U.E.;Noviembre;170
36 Pontevedra;Resto de Europa sin U.E.;Diciembre;89
36 Pontevedra;Japón;Total;241
36 Pontevedra;Japón;Enero;..
36 Pontevedra;Japón;Febrero;..
36 Pontevedra;Japón;Marzo;..
36 Pontevedra;Japón;Abril;..
36 Pontevedra;Japón;Mayo;..
36 Pontevedra;Japón;Junio;..
36 Pontevedra;Japón;Julio;48
36 Pontevedra;Japón;Agosto;37
36 Pontevedra;Japón;Septiembre;76
36 Pontevedra;Japón;Octubre;28
36 Pontevedra;Japón;Noviembre;17
36 Pontevedra;Japón;Diciembre;27
36 Pontevedra;República China;Total;572
36 Pontevedra;República China;Enero;..
36 Pontevedra;República China;Febrero;..
36 Pontevedra;República China;Marzo;..
36 Pontevedra;República China;Abril;..
36 Pontevedra;República China;Mayo;17
36 Pontevedra;República China;Junio;68
36 Pontevedra;República China;Julio;99
36 Pontevedra;República China;Agosto;130
36 Pontevedra;República China;Septiembre;42
36 Pontevedra;República China;Octubre;129
36 Pontevedra;República China;Noviembre;35
36 Pontevedra;República China;Diciembre;29
36 Pontevedra;Estados Unidos;Total;7.414
36 Pontevedra;Estados Unidos;Enero;11
36 Pontevedra;Estados Unidos;Febrero;10
36 Pontevedra;Estados Unidos;Marzo;23
36 Pontevedra;Estados Unidos;Abril;42
36 Pontevedra;Estados Unidos;Mayo;65
36 Pontevedra;Estados Unidos;Junio;246
36 Pontevedra;Estados Unidos;Julio;1.136
36 Pontevedra;Estados Unidos;Agosto;1.240
36 Pontevedra;Estados Unidos;Septiembre;2.316
36 Pontevedra;Estados Unidos;Octubre;1.361
36 Pontevedra;Estados Unidos;Noviembre;430
36 Pontevedra;Estados Unidos;Diciembre;533
36 Pontevedra;Resto de América;Total;12.073
36 Pontevedra;Resto de América;Enero;382
36 Pontevedra;Resto de América;Febrero;320
36 Pontevedra;Resto de América;Marzo;228
36 Pontevedra;Resto de América;Abril;323
36 Pontevedra;Resto de América;Mayo;383
36 Pontevedra;Resto de América;Junio;1.249
36 Pontevedra;Resto de América;Julio;1.283
36 Pontevedra;Resto de América;Agosto;1.743
36 Pontevedra;Resto de América;Septiembre;1.942
36 Pontevedra;Resto de América;Octubre;2.250
36 Pontevedra;Resto de América;Noviembre;1.077
36 Pontevedra;Resto de América;Diciembre;894
36 Pontevedra;Países africanos;Total;1.307
36 Pontevedra;Países africanos;Enero;60
36 Pontevedra;Países africanos;Febrero;66
36 Pontevedra;Países africanos;Marzo;21
36 Pontevedra;Países africanos;Abril;86
36 Pontevedra;Países africanos;Mayo;33
36 Pontevedra;Países africanos;Junio;123
36 Pontevedra;Países africanos;Julio;164
36 Pontevedra;Países africanos;Agosto;211
36 Pontevedra;Países africanos;Septiembre;95
36 Pontevedra;Países africanos;Octubre;308
36 Pontevedra;Países africanos;Noviembre;83
36 Pontevedra;Países africanos;Diciembre;58
26 Rioja, La;Total;Total;362.305
26 Rioja, La;Total;Enero;4.615
26 Rioja, La;Total;Febrero;4.946
26 Rioja, La;Total;Marzo;9.907
26 Rioja, La;Total;Abril;9.608
26 Rioja, La;Total;Mayo;19.413
26 Rioja, La;Total;Junio;27.579
26 Rioja, La;Total;Julio;42.681
26 Rioja, La;Total;Agosto;71.197
26 Rioja, La;Total;Septiembre;53.443
26 Rioja, La;Total;Octubre;53.830
26 Rioja, La;Total;Noviembre;36.940
26 Rioja, La;Total;Diciembre;28.147
26 Rioja, La;Residentes en España;Total;309.246
26 Rioja, La;Residentes en España;Enero;4.127
26 Rioja, La;Residentes en España;Febrero;4.493
26 Rioja, La;Residentes en España;Marzo;8.978
26 Rioja, La;Residentes en España;Abril;8.558
26 Rioja, La;Residentes en España;Mayo;17.531
26 Rioja, La;Residentes en España;Junio;23.854
26 Rioja, La;Residentes en España;Julio;36.695
26 Rioja, La;Residentes en España;Agosto;61.963
26 Rioja, La;Residentes en España;Septiembre;40.716
26 Rioja, La;Residentes en España;Octubre;44.285
26 Rioja, La;Residentes en España;Noviembre;33.031
26 Rioja, La;Residentes en España;Diciembre;25.015
26 Rioja, La;No residentes en España;Total;53.060
26 Rioja, La;No residentes en España;Enero;487
26 Rioja, La;No residentes en España;Febrero;453
26 Rioja, La;No residentes en España;Marzo;929
26 Rioja, La;No residentes en España;Abril;1.050
26 Rioja, La;No residentes en España;Mayo;1.881
26 Rioja, La;No residentes en España;Junio;3.725
26 Rioja, La;No residentes en España;Julio;5.986
26 Rioja, La;No residentes en España;Agosto;9.234
26 Rioja, La;No residentes en España;Septiembre;12.728
26 Rioja, La;No residentes en España;Octubre;9.545
26 Rioja, La;No residentes en España;Noviembre;3.909
26 Rioja, La;No residentes en España;Diciembre;3.132
26 Rioja, La;Unión Europea 27 (sin España);Total;32.717
26 Rioja, La;Unión Europea 27 (sin España);Enero;262
26 Rioja, La;Unión Europea 27 (sin España);Febrero;327
26 Rioja, La;Unión Europea 27 (sin España);Marzo;642
26 Rioja, La;Unión Europea 27 (sin España);Abril;732
26 Rioja, La;Unión Europea 27 (sin España);Mayo;1.163
26 Rioja, La;Unión Europea 27 (sin España);Junio;2.230
26 Rioja, La;Unión Europea 27 (sin España);Julio;3.770
26 Rioja, La;Unión Europea 27 (sin España);Agosto;6.124
26 Rioja, La;Unión Europea 27 (sin España);Septiembre;7.885
26 Rioja, La;Unión Europea 27 (sin España);Octubre;5.646
26 Rioja, La;Unión Europea 27 (sin España);Noviembre;2.245
26 Rioja, La;Unión Europea 27 (sin España);Diciembre;1.690
26 Rioja, La;Alemania;Total;3.372
26 Rioja, La;Alemania;Enero;25
26 Rioja, La;Alemania;Febrero;15
26 Rioja, La;Alemania;Marzo;73
26 Rioja, La;Alemania;Abril;40
26 Rioja, La;Alemania;Mayo;128
26 Rioja, La;Alemania;Junio;255
26 Rioja, La;Alemania;Julio;409
26 Rioja, La;Alemania;Agosto;741
26 Rioja, La;Alemania;Septiembre;836
26 Rioja, La;Alemania;Octubre;574
26 Rioja, La;Alemania;Noviembre;216
26 Rioja, La;Alemania;Diciembre;59
26 Rioja, La;Austria;Total;461
26 Rioja, La;Austria;Enero;..
26 Rioja, La;Austria;Febrero;..
26 Rioja, La;Austria;Marzo;..
26 Rioja, La;Austria;Abril;..
26 Rioja, La;Austria;Mayo;..
26 Rioja, La;Austria;Junio;..
26 Rioja, La;Austria;Julio;27
26 Rioja, La;Austria;Agosto;99
26 Rioja, La;Austria;Septiembre;126
26 Rioja, La;Austria;Octubre;156
26 Rioja, La;Austria;Noviembre;..
26 Rioja, La;Austria;Diciembre;..
26 Rioja, La;Bélgica;Total;1.933
26 Rioja, La;Bélgica;Enero;..
26 Rioja, La;Bélgica;Febrero;..
26 Rioja, La;Bélgica;Marzo;..
26 Rioja, La;Bélgica;Abril;36
26 Rioja, La;Bélgica;Mayo;27
26 Rioja, La;Bélgica;Junio;94
26 Rioja, La;Bélgica;Julio;334
26 Rioja, La;Bélgica;Agosto;409
26 Rioja, La;Bélgica;Septiembre;442
26 Rioja, La;Bélgica;Octubre;430
26 Rioja, La;Bélgica;Noviembre;109
26 Rioja, La;Bélgica;Diciembre;26
26 Rioja, La;Dinamarca;Total;820
26 Rioja, La;Dinamarca;Enero;..
26 Rioja, La;Dinamarca;Febrero;..
26 Rioja, La;Dinamarca;Marzo;..
26 Rioja, La;Dinamarca;Abril;..
26 Rioja, La;Dinamarca;Mayo;..
26 Rioja, La;Dinamarca;Junio;..
26 Rioja, La;Dinamarca;Julio;146
26 Rioja, La;Dinamarca;Agosto;106
26 Rioja, La;Dinamarca;Septiembre;370
26 Rioja, La;Dinamarca;Octubre;127
26 Rioja, La;Dinamarca;Noviembre;46
26 Rioja, La;Dinamarca;Diciembre;..
26 Rioja, La;Finlandia;Total;227
26 Rioja, La;Finlandia;Enero;..
26 Rioja, La;Finlandia;Febrero;..
26 Rioja, La;Finlandia;Marzo;..
26 Rioja, La;Finlandia;Abril;..
26 Rioja, La;Finlandia;Mayo;..
26 Rioja, La;Finlandia;Junio;24
26 Rioja, La;Finlandia;Julio;..
26 Rioja, La;Finlandia;Agosto;21
26 Rioja, La;Finlandia;Septiembre;103
26 Rioja, La;Finlandia;Octubre;55
26 Rioja, La;Finlandia;Noviembre;..
26 Rioja, La;Finlandia;Diciembre;..
26 Rioja, La;Francia;Total;12.398
26 Rioja, La;Francia;Enero;72
26 Rioja, La;Francia;Febrero;79
26 Rioja, La;Francia;Marzo;173
26 Rioja, La;Francia;Abril;289
26 Rioja, La;Francia;Mayo;405
26 Rioja, La;Francia;Junio;985
26 Rioja, La;Francia;Julio;1.216
26 Rioja, La;Francia;Agosto;2.249
26 Rioja, La;Francia;Septiembre;2.943
26 Rioja, La;Francia;Octubre;2.459
26 Rioja, La;Francia;Noviembre;903
26 Rioja, La;Francia;Diciembre;626
26 Rioja, La;Grecia;Total;107
26 Rioja, La;Grecia;Enero;..
26 Rioja, La;Grecia;Febrero;..
26 Rioja, La;Grecia;Marzo;..
26 Rioja, La;Grecia;Abril;..
26 Rioja, La;Grecia;Mayo;..
26 Rioja, La;Grecia;Junio;..
26 Rioja, La;Grecia;Julio;..
26 Rioja, La;Grecia;Agosto;..
26 Rioja, La;Grecia;Septiembre;46
26 Rioja, La;Grecia;Octubre;40
26 Rioja, La;Grecia;Noviembre;..
26 Rioja, La;Grecia;Diciembre;..
26 Rioja, La;Irlanda;Total;1.240
26 Rioja, La;Irlanda;Enero;..
26 Rioja, La;Irlanda;Febrero;22
26 Rioja, La;Irlanda;Marzo;..
26 Rioja, La;Irlanda;Abril;..
26 Rioja, La;Irlanda;Mayo;63
26 Rioja, La;Irlanda;Junio;43
26 Rioja, La;Irlanda;Julio;86
26 Rioja, La;Irlanda;Agosto;286
26 Rioja, La;Irlanda;Septiembre;375
26 Rioja, La;Irlanda;Octubre;252
26 Rioja, La;Irlanda;Noviembre;89
26 Rioja, La;Irlanda;Diciembre;19
26 Rioja, La;Italia;Total;2.909
26 Rioja, La;Italia;Enero;32
26 Rioja, La;Italia;Febrero;46
26 Rioja, La;Italia;Marzo;60
26 Rioja, La;Italia;Abril;103
26 Rioja, La;Italia;Mayo;150
26 Rioja, La;Italia;Junio;240
26 Rioja, La;Italia;Julio;280
26 Rioja, La;Italia;Agosto;668
26 Rioja, La;Italia;Septiembre;440
26 Rioja, La;Italia;Octubre;429
26 Rioja, La;Italia;Noviembre;235
26 Rioja, La;Italia;Diciembre;225
26 Rioja, La;Luxemburgo;Total;82
26 Rioja, La;Luxemburgo;Enero;..
26 Rioja, La;Luxemburgo;Febrero;..
26 Rioja, La;Luxemburgo;Marzo;..
26 Rioja, La;Luxemburgo;Abril;..
26 Rioja, La;Luxemburgo;Mayo;..
26 Rioja, La;Luxemburgo;Junio;..
26 Rioja, La;Luxemburgo;Julio;..
26 Rioja, La;Luxemburgo;Agosto;24
26 Rioja, La;Luxemburgo;Septiembre;..
26 Rioja, La;Luxemburgo;Octubre;..
26 Rioja, La;Luxemburgo;Noviembre;..
26 Rioja, La;Luxemburgo;Diciembre;..
26 Rioja, La;Países Bajos;Total;2.892
26 Rioja, La;Países Bajos;Enero;..
26 Rioja, La;Países Bajos;Febrero;..
26 Rioja, La;Países Bajos;Marzo;26
26 Rioja, La;Países Bajos;Abril;20
26 Rioja, La;Países Bajos;Mayo;70
26 Rioja, La;Países Bajos;Junio;138
26 Rioja, La;Países Bajos;Julio;388
26 Rioja, La;Países Bajos;Agosto;639
26 Rioja, La;Países Bajos;Septiembre;1.053
26 Rioja, La;Países Bajos;Octubre;328
26 Rioja, La;Países Bajos;Noviembre;145
26 Rioja, La;Países Bajos;Diciembre;72
26 Rioja, La;Polonia;Total;554
26 Rioja, La;Polonia;Enero;..
26 Rioja, La;Polonia;Febrero;..
26 Rioja, La;Polonia;Marzo;62
26 Rioja, La;Polonia;Abril;13
26 Rioja, La;Polonia;Mayo;24
26 Rioja, La;Polonia;Junio;41
26 Rioja, La;Polonia;Julio;100
26 Rioja, La;Polonia;Agosto;45
26 Rioja, La;Polonia;Septiembre;74
26 Rioja, La;Polonia;Octubre;85
26 Rioja, La;Polonia;Noviembre;58
26 Rioja, La;Polonia;Diciembre;44
26 Rioja, La;Portugal;Total;2.789
26 Rioja, La;Portugal;Enero;68
26 Rioja, La;Portugal;Febrero;40
26 Rioja, La;Portugal;Marzo;112
26 Rioja, La;Portugal;Abril;79
26 Rioja, La;Portugal;Mayo;126
26 Rioja, La;Portugal;Junio;227
26 Rioja, La;Portugal;Julio;383
26 Rioja, La;Portugal;Agosto;389
26 Rioja, La;Portugal;Septiembre;531
26 Rioja, La;Portugal;Octubre;293
26 Rioja, La;Portugal;Noviembre;199
26 Rioja, La;Portugal;Diciembre;341
26 Rioja, La;República Checa;Total;359
26 Rioja, La;República Checa;Enero;..
26 Rioja, La;República Checa;Febrero;..
26 Rioja, La;República Checa;Marzo;..
26 Rioja, La;República Checa;Abril;..
26 Rioja, La;República Checa;Mayo;..
26 Rioja, La;República Checa;Junio;48
26 Rioja, La;República Checa;Julio;56
26 Rioja, La;República Checa;Agosto;55
26 Rioja, La;República Checa;Septiembre;136
26 Rioja, La;República Checa;Octubre;27
26 Rioja, La;República Checa;Noviembre;..
26 Rioja, La;República Checa;Diciembre;..
26 Rioja, La;Suecia;Total;532
26 Rioja, La;Suecia;Enero;..
26 Rioja, La;Suecia;Febrero;..
26 Rioja, La;Suecia;Marzo;..
26 Rioja, La;Suecia;Abril;..
26 Rioja, La;Suecia;Mayo;34
26 Rioja, La;Suecia;Junio;21
26 Rioja, La;Suecia;Julio;71
26 Rioja, La;Suecia;Agosto;38
26 Rioja, La;Suecia;Septiembre;132
26 Rioja, La;Suecia;Octubre;166
26 Rioja, La;Suecia;Noviembre;27
26 Rioja, La;Suecia;Diciembre;27
26 Rioja, La;Noruega;Total;574
26 Rioja, La;Noruega;Enero;..
26 Rioja, La;Noruega;Febrero;..
26 Rioja, La;Noruega;Marzo;..
26 Rioja, La;Noruega;Abril;..
26 Rioja, La;Noruega;Mayo;60
26 Rioja, La;Noruega;Junio;47
26 Rioja, La;Noruega;Julio;89
26 Rioja, La;Noruega;Agosto;60
26 Rioja, La;Noruega;Septiembre;143
26 Rioja, La;Noruega;Octubre;120
26 Rioja, La;Noruega;Noviembre;..
26 Rioja, La;Noruega;Diciembre;17
26 Rioja, La;Reino Unido;Total;4.290
26 Rioja, La;Reino Unido;Enero;..
26 Rioja, La;Reino Unido;Febrero;..
26 Rioja, La;Reino Unido;Marzo;34
26 Rioja, La;Reino Unido;Abril;25
26 Rioja, La;Reino Unido;Mayo;41
26 Rioja, La;Reino Unido;Junio;290
26 Rioja, La;Reino Unido;Julio;446
26 Rioja, La;Reino Unido;Agosto;837
26 Rioja, La;Reino Unido;Septiembre;1.257
26 Rioja, La;Reino Unido;Octubre;815
26 Rioja, La;Reino Unido;Noviembre;366
26 Rioja, La;Reino Unido;Diciembre;144
26 Rioja, La;Rusia;Total;235
26 Rioja, La;Rusia;Enero;..
26 Rioja, La;Rusia;Febrero;..
26 Rioja, La;Rusia;Marzo;..
26 Rioja, La;Rusia;Abril;..
26 Rioja, La;Rusia;Mayo;..
26 Rioja, La;Rusia;Junio;39
26 Rioja, La;Rusia;Julio;26
26 Rioja, La;Rusia;Agosto;54
26 Rioja, La;Rusia;Septiembre;..
26 Rioja, La;Rusia;Octubre;22
26 Rioja, La;Rusia;Noviembre;42
26 Rioja, La;Rusia;Diciembre;..
26 Rioja, La;Suiza;Total;975
26 Rioja, La;Suiza;Enero;..
26 Rioja, La;Suiza;Febrero;..
26 Rioja, La;Suiza;Marzo;..
26 Rioja, La;Suiza;Abril;..
26 Rioja, La;Suiza;Mayo;54
26 Rioja, La;Suiza;Junio;93
26 Rioja, La;Suiza;Julio;94
26 Rioja, La;Suiza;Agosto;174
26 Rioja, La;Suiza;Septiembre;237
26 Rioja, La;Suiza;Octubre;226
26 Rioja, La;Suiza;Noviembre;40
26 Rioja, La;Suiza;Diciembre;37
26 Rioja, La;Resto de Europa sin U.E.;Total;1.291
26 Rioja, La;Resto de Europa sin U.E.;Enero;..
26 Rioja, La;Resto de Europa sin U.E.;Febrero;..
26 Rioja, La;Resto de Europa sin U.E.;Marzo;34
26 Rioja, La;Resto de Europa sin U.E.;Abril;52
26 Rioja, La;Resto de Europa sin U.E.;Mayo;49
26 Rioja, La;Resto de Europa sin U.E.;Junio;81
26 Rioja, La;Resto de Europa sin U.E.;Julio;291
26 Rioja, La;Resto de Europa sin U.E.;Agosto;134
26 Rioja, La;Resto de Europa sin U.E.;Septiembre;216
26 Rioja, La;Resto de Europa sin U.E.;Octubre;177
26 Rioja, La;Resto de Europa sin U.E.;Noviembre;138
26 Rioja, La;Resto de Europa sin U.E.;Diciembre;100
26 Rioja, La;Japón;Total;152
26 Rioja, La;Japón;Enero;..
26 Rioja, La;Japón;Febrero;..
26 Rioja, La;Japón;Marzo;..
26 Rioja, La;Japón;Abril;..
26 Rioja, La;Japón;Mayo;..
26 Rioja, La;Japón;Junio;..
26 Rioja, La;Japón;Julio;..
26 Rioja, La;Japón;Agosto;14
26 Rioja, La;Japón;Septiembre;76
26 Rioja, La;Japón;Octubre;15
26 Rioja, La;Japón;Noviembre;..
26 Rioja, La;Japón;Diciembre;19
26 Rioja, La;República China;Total;416
26 Rioja, La;República China;Enero;..
26 Rioja, La;República China;Febrero;..
26 Rioja, La;República China;Marzo;23
26 Rioja, La;República China;Abril;53
26 Rioja, La;República China;Mayo;28
26 Rioja, La;República China;Junio;22
26 Rioja, La;República China;Julio;44
26 Rioja, La;República China;Agosto;65
26 Rioja, La;República China;Septiembre;33
26 Rioja, La;República China;Octubre;71
26 Rioja, La;República China;Noviembre;48
26 Rioja, La;República China;Diciembre;..
26 Rioja, La;Estados Unidos;Total;4.630
26 Rioja, La;Estados Unidos;Enero;..
26 Rioja, La;Estados Unidos;Febrero;..
26 Rioja, La;Estados Unidos;Marzo;..
26 Rioja, La;Estados Unidos;Abril;..
26 Rioja, La;Estados Unidos;Mayo;35
26 Rioja, La;Estados Unidos;Junio;231
26 Rioja, La;Estados Unidos;Julio;449
26 Rioja, La;Estados Unidos;Agosto;755
26 Rioja, La;Estados Unidos;Septiembre;1.556
26 Rioja, La;Estados Unidos;Octubre;1.040
26 Rioja, La;Estados Unidos;Noviembre;260
26 Rioja, La;Estados Unidos;Diciembre;275
26 Rioja, La;Resto de América;Total;5.693
26 Rioja, La;Resto de América;Enero;95
26 Rioja, La;Resto de América;Febrero;48
26 Rioja, La;Resto de América;Marzo;107
26 Rioja, La;Resto de América;Abril;126
26 Rioja, La;Resto de América;Mayo;345
26 Rioja, La;Resto de América;Junio;273
26 Rioja, La;Resto de América;Julio;586
26 Rioja, La;Resto de América;Agosto;781
26 Rioja, La;Resto de América;Septiembre;1.039
26 Rioja, La;Resto de América;Octubre;1.178
26 Rioja, La;Resto de América;Noviembre;624
26 Rioja, La;Resto de América;Diciembre;490
26 Rioja, La;Países africanos;Total;842
26 Rioja, La;Países africanos;Enero;27
26 Rioja, La;Países africanos;Febrero;23
26 Rioja, La;Países africanos;Marzo;35
26 Rioja, La;Países africanos;Abril;20
26 Rioja, La;Países africanos;Mayo;79
26 Rioja, La;Países africanos;Junio;128
26 Rioja, La;Países africanos;Julio;106
26 Rioja, La;Países africanos;Agosto;109
26 Rioja, La;Países africanos;Septiembre;83
26 Rioja, La;Países africanos;Octubre;91
26 Rioja, La;Países africanos;Noviembre;38
26 Rioja, La;Países africanos;Diciembre;103
37 Salamanca;Total;Total;590.941
37 Salamanca;Total;Enero;7.867
37 Salamanca;Total;Febrero;9.553
37 Salamanca;Total;Marzo;15.416
37 Salamanca;Total;Abril;16.190
37 Salamanca;Total;Mayo;32.670
37 Salamanca;Total;Junio;47.145
37 Salamanca;Total;Julio;75.183
37 Salamanca;Total;Agosto;106.591
37 Salamanca;Total;Septiembre;82.435
37 Salamanca;Total;Octubre;86.709
37 Salamanca;Total;Noviembre;58.326
37 Salamanca;Total;Diciembre;52.856
37 Salamanca;Residentes en España;Total;484.389
37 Salamanca;Residentes en España;Enero;6.753
37 Salamanca;Residentes en España;Febrero;8.729
37 Salamanca;Residentes en España;Marzo;14.084
37 Salamanca;Residentes en España;Abril;14.908
37 Salamanca;Residentes en España;Mayo;28.438
37 Salamanca;Residentes en España;Junio;39.554
37 Salamanca;Residentes en España;Julio;61.599
37 Salamanca;Residentes en España;Agosto;86.629
37 Salamanca;Residentes en España;Septiembre;66.541
37 Salamanca;Residentes en España;Octubre;66.314
37 Salamanca;Residentes en España;Noviembre;47.090
37 Salamanca;Residentes en España;Diciembre;43.750
37 Salamanca;No residentes en España;Total;106.552
37 Salamanca;No residentes en España;Enero;1.114
37 Salamanca;No residentes en España;Febrero;824
37 Salamanca;No residentes en España;Marzo;1.332
37 Salamanca;No residentes en España;Abril;1.282
37 Salamanca;No residentes en España;Mayo;4.231
37 Salamanca;No residentes en España;Junio;7.592
37 Salamanca;No residentes en España;Julio;13.584
37 Salamanca;No residentes en España;Agosto;19.962
37 Salamanca;No residentes en España;Septiembre;15.894
37 Salamanca;No residentes en España;Octubre;20.395
37 Salamanca;No residentes en España;Noviembre;11.236
37 Salamanca;No residentes en España;Diciembre;9.107
37 Salamanca;Unión Europea 27 (sin España);Total;73.572
37 Salamanca;Unión Europea 27 (sin España);Enero;863
37 Salamanca;Unión Europea 27 (sin España);Febrero;496
37 Salamanca;Unión Europea 27 (sin España);Marzo;857
37 Salamanca;Unión Europea 27 (sin España);Abril;781
37 Salamanca;Unión Europea 27 (sin España);Mayo;3.183
37 Salamanca;Unión Europea 27 (sin España);Junio;5.651
37 Salamanca;Unión Europea 27 (sin España);Julio;9.873
37 Salamanca;Unión Europea 27 (sin España);Agosto;15.479
37 Salamanca;Unión Europea 27 (sin España);Septiembre;10.422
37 Salamanca;Unión Europea 27 (sin España);Octubre;13.645
37 Salamanca;Unión Europea 27 (sin España);Noviembre;7.182
37 Salamanca;Unión Europea 27 (sin España);Diciembre;5.142
37 Salamanca;Alemania;Total;5.524
37 Salamanca;Alemania;Enero;62
37 Salamanca;Alemania;Febrero;68
37 Salamanca;Alemania;Marzo;62
37 Salamanca;Alemania;Abril;56
37 Salamanca;Alemania;Mayo;230
37 Salamanca;Alemania;Junio;437
37 Salamanca;Alemania;Julio;631
37 Salamanca;Alemania;Agosto;813
37 Salamanca;Alemania;Septiembre;912
37 Salamanca;Alemania;Octubre;1.358
37 Salamanca;Alemania;Noviembre;627
37 Salamanca;Alemania;Diciembre;268
37 Salamanca;Austria;Total;456
37 Salamanca;Austria;Enero;..
37 Salamanca;Austria;Febrero;..
37 Salamanca;Austria;Marzo;..
37 Salamanca;Austria;Abril;..
37 Salamanca;Austria;Mayo;..
37 Salamanca;Austria;Junio;41
37 Salamanca;Austria;Julio;..
37 Salamanca;Austria;Agosto;51
37 Salamanca;Austria;Septiembre;96
37 Salamanca;Austria;Octubre;140
37 Salamanca;Austria;Noviembre;72
37 Salamanca;Austria;Diciembre;32
37 Salamanca;Bélgica;Total;3.994
37 Salamanca;Bélgica;Enero;32
37 Salamanca;Bélgica;Febrero;16
37 Salamanca;Bélgica;Marzo;40
37 Salamanca;Bélgica;Abril;31
37 Salamanca;Bélgica;Mayo;197
37 Salamanca;Bélgica;Junio;311
37 Salamanca;Bélgica;Julio;688
37 Salamanca;Bélgica;Agosto;804
37 Salamanca;Bélgica;Septiembre;728
37 Salamanca;Bélgica;Octubre;545
37 Salamanca;Bélgica;Noviembre;483
37 Salamanca;Bélgica;Diciembre;118
37 Salamanca;Dinamarca;Total;400
37 Salamanca;Dinamarca;Enero;..
37 Salamanca;Dinamarca;Febrero;..
37 Salamanca;Dinamarca;Marzo;..
37 Salamanca;Dinamarca;Abril;..
37 Salamanca;Dinamarca;Mayo;10
37 Salamanca;Dinamarca;Junio;30
37 Salamanca;Dinamarca;Julio;79
37 Salamanca;Dinamarca;Agosto;36
37 Salamanca;Dinamarca;Septiembre;99
37 Salamanca;Dinamarca;Octubre;77
37 Salamanca;Dinamarca;Noviembre;..
37 Salamanca;Dinamarca;Diciembre;26
37 Salamanca;Finlandia;Total;446
37 Salamanca;Finlandia;Enero;..
37 Salamanca;Finlandia;Febrero;..
37 Salamanca;Finlandia;Marzo;..
37 Salamanca;Finlandia;Abril;..
37 Salamanca;Finlandia;Mayo;..
37 Salamanca;Finlandia;Junio;..
37 Salamanca;Finlandia;Julio;11
37 Salamanca;Finlandia;Agosto;238
37 Salamanca;Finlandia;Septiembre;33
37 Salamanca;Finlandia;Octubre;85
37 Salamanca;Finlandia;Noviembre;..
37 Salamanca;Finlandia;Diciembre;42
37 Salamanca;Francia;Total;23.658
37 Salamanca;Francia;Enero;225
37 Salamanca;Francia;Febrero;96
37 Salamanca;Francia;Marzo;221
37 Salamanca;Francia;Abril;180
37 Salamanca;Francia;Mayo;1.122
37 Salamanca;Francia;Junio;1.479
37 Salamanca;Francia;Julio;4.170
37 Salamanca;Francia;Agosto;6.053
37 Salamanca;Francia;Septiembre;3.072
37 Salamanca;Francia;Octubre;3.794
37 Salamanca;Francia;Noviembre;1.964
37 Salamanca;Francia;Diciembre;1.281
37 Salamanca;Grecia;Total;146
37 Salamanca;Grecia;Enero;..
37 Salamanca;Grecia;Febrero;..
37 Salamanca;Grecia;Marzo;..
37 Salamanca;Grecia;Abril;..
37 Salamanca;Grecia;Mayo;..
37 Salamanca;Grecia;Junio;..
37 Salamanca;Grecia;Julio;..
37 Salamanca;Grecia;Agosto;13
37 Salamanca;Grecia;Septiembre;..
37 Salamanca;Grecia;Octubre;12
37 Salamanca;Grecia;Noviembre;16
37 Salamanca;Grecia;Diciembre;13
37 Salamanca;Irlanda;Total;1.524
37 Salamanca;Irlanda;Enero;..
37 Salamanca;Irlanda;Febrero;..
37 Salamanca;Irlanda;Marzo;17
37 Salamanca;Irlanda;Abril;27
37 Salamanca;Irlanda;Mayo;35
37 Salamanca;Irlanda;Junio;83
37 Salamanca;Irlanda;Julio;122
37 Salamanca;Irlanda;Agosto;259
37 Salamanca;Irlanda;Septiembre;264
37 Salamanca;Irlanda;Octubre;336
37 Salamanca;Irlanda;Noviembre;242
37 Salamanca;Irlanda;Diciembre;118
37 Salamanca;Italia;Total;4.951
37 Salamanca;Italia;Enero;35
37 Salamanca;Italia;Febrero;43
37 Salamanca;Italia;Marzo;56
37 Salamanca;Italia;Abril;60
37 Salamanca;Italia;Mayo;158
37 Salamanca;Italia;Junio;228
37 Salamanca;Italia;Julio;960
37 Salamanca;Italia;Agosto;861
37 Salamanca;Italia;Septiembre;422
37 Salamanca;Italia;Octubre;556
37 Salamanca;Italia;Noviembre;1.022
37 Salamanca;Italia;Diciembre;549
37 Salamanca;Luxemburgo;Total;159
37 Salamanca;Luxemburgo;Enero;..
37 Salamanca;Luxemburgo;Febrero;..
37 Salamanca;Luxemburgo;Marzo;..
37 Salamanca;Luxemburgo;Abril;..
37 Salamanca;Luxemburgo;Mayo;..
37 Salamanca;Luxemburgo;Junio;..
37 Salamanca;Luxemburgo;Julio;16
37 Salamanca;Luxemburgo;Agosto;64
37 Salamanca;Luxemburgo;Septiembre;18
37 Salamanca;Luxemburgo;Octubre;..
37 Salamanca;Luxemburgo;Noviembre;..
37 Salamanca;Luxemburgo;Diciembre;..
37 Salamanca;Países Bajos;Total;5.475
37 Salamanca;Países Bajos;Enero;..
37 Salamanca;Países Bajos;Febrero;..
37 Salamanca;Países Bajos;Marzo;68
37 Salamanca;Países Bajos;Abril;61
37 Salamanca;Países Bajos;Mayo;110
37 Salamanca;Países Bajos;Junio;365
37 Salamanca;Países Bajos;Julio;527
37 Salamanca;Países Bajos;Agosto;1.073
37 Salamanca;Países Bajos;Septiembre;993
37 Salamanca;Países Bajos;Octubre;1.211
37 Salamanca;Países Bajos;Noviembre;565
37 Salamanca;Países Bajos;Diciembre;433
37 Salamanca;Polonia;Total;1.016
37 Salamanca;Polonia;Enero;..
37 Salamanca;Polonia;Febrero;..
37 Salamanca;Polonia;Marzo;..
37 Salamanca;Polonia;Abril;18
37 Salamanca;Polonia;Mayo;71
37 Salamanca;Polonia;Junio;44
37 Salamanca;Polonia;Julio;218
37 Salamanca;Polonia;Agosto;138
37 Salamanca;Polonia;Septiembre;229
37 Salamanca;Polonia;Octubre;145
37 Salamanca;Polonia;Noviembre;86
37 Salamanca;Polonia;Diciembre;49
37 Salamanca;Portugal;Total;21.820
37 Salamanca;Portugal;Enero;367
37 Salamanca;Portugal;Febrero;163
37 Salamanca;Portugal;Marzo;205
37 Salamanca;Portugal;Abril;206
37 Salamanca;Portugal;Mayo;982
37 Salamanca;Portugal;Junio;2.183
37 Salamanca;Portugal;Julio;1.922
37 Salamanca;Portugal;Agosto;4.398
37 Salamanca;Portugal;Septiembre;3.041
37 Salamanca;Portugal;Octubre;4.910
37 Salamanca;Portugal;Noviembre;1.673
37 Salamanca;Portugal;Diciembre;1.768
37 Salamanca;República Checa;Total;342
37 Salamanca;República Checa;Enero;..
37 Salamanca;República Checa;Febrero;..
37 Salamanca;República Checa;Marzo;..
37 Salamanca;República Checa;Abril;..
37 Salamanca;República Checa;Mayo;..
37 Salamanca;República Checa;Junio;63
37 Salamanca;República Checa;Julio;69
37 Salamanca;República Checa;Agosto;57
37 Salamanca;República Checa;Septiembre;62
37 Salamanca;República Checa;Octubre;21
37 Salamanca;República Checa;Noviembre;..
37 Salamanca;República Checa;Diciembre;25
37 Salamanca;Suecia;Total;825
37 Salamanca;Suecia;Enero;..
37 Salamanca;Suecia;Febrero;..
37 Salamanca;Suecia;Marzo;..
37 Salamanca;Suecia;Abril;..
37 Salamanca;Suecia;Mayo;19
37 Salamanca;Suecia;Junio;63
37 Salamanca;Suecia;Julio;192
37 Salamanca;Suecia;Agosto;124
37 Salamanca;Suecia;Septiembre;142
37 Salamanca;Suecia;Octubre;102
37 Salamanca;Suecia;Noviembre;70
37 Salamanca;Suecia;Diciembre;90
37 Salamanca;Noruega;Total;274
37 Salamanca;Noruega;Enero;..
37 Salamanca;Noruega;Febrero;..
37 Salamanca;Noruega;Marzo;..
37 Salamanca;Noruega;Abril;..
37 Salamanca;Noruega;Mayo;..
37 Salamanca;Noruega;Junio;30
37 Salamanca;Noruega;Julio;26
37 Salamanca;Noruega;Agosto;50
37 Salamanca;Noruega;Septiembre;34
37 Salamanca;Noruega;Octubre;101
37 Salamanca;Noruega;Noviembre;..
37 Salamanca;Noruega;Diciembre;22
37 Salamanca;Reino Unido;Total;9.049
37 Salamanca;Reino Unido;Enero;94
37 Salamanca;Reino Unido;Febrero;114
37 Salamanca;Reino Unido;Marzo;161
37 Salamanca;Reino Unido;Abril;186
37 Salamanca;Reino Unido;Mayo;250
37 Salamanca;Reino Unido;Junio;624
37 Salamanca;Reino Unido;Julio;938
37 Salamanca;Reino Unido;Agosto;1.458
37 Salamanca;Reino Unido;Septiembre;1.859
37 Salamanca;Reino Unido;Octubre;1.854
37 Salamanca;Reino Unido;Noviembre;886
37 Salamanca;Reino Unido;Diciembre;625
37 Salamanca;Rusia;Total;790
37 Salamanca;Rusia;Enero;..
37 Salamanca;Rusia;Febrero;..
37 Salamanca;Rusia;Marzo;..
37 Salamanca;Rusia;Abril;..
37 Salamanca;Rusia;Mayo;17
37 Salamanca;Rusia;Junio;..
37 Salamanca;Rusia;Julio;157
37 Salamanca;Rusia;Agosto;166
37 Salamanca;Rusia;Septiembre;72
37 Salamanca;Rusia;Octubre;139
37 Salamanca;Rusia;Noviembre;46
37 Salamanca;Rusia;Diciembre;174
37 Salamanca;Suiza;Total;1.345
37 Salamanca;Suiza;Enero;..
37 Salamanca;Suiza;Febrero;..
37 Salamanca;Suiza;Marzo;..
37 Salamanca;Suiza;Abril;44
37 Salamanca;Suiza;Mayo;92
37 Salamanca;Suiza;Junio;90
37 Salamanca;Suiza;Julio;260
37 Salamanca;Suiza;Agosto;254
37 Salamanca;Suiza;Septiembre;197
37 Salamanca;Suiza;Octubre;258
37 Salamanca;Suiza;Noviembre;101
37 Salamanca;Suiza;Diciembre;22
37 Salamanca;Resto de Europa sin U.E.;Total;2.135
37 Salamanca;Resto de Europa sin U.E.;Enero;16
37 Salamanca;Resto de Europa sin U.E.;Febrero;26
37 Salamanca;Resto de Europa sin U.E.;Marzo;79
37 Salamanca;Resto de Europa sin U.E.;Abril;13
37 Salamanca;Resto de Europa sin U.E.;Mayo;83
37 Salamanca;Resto de Europa sin U.E.;Junio;140
37 Salamanca;Resto de Europa sin U.E.;Julio;127
37 Salamanca;Resto de Europa sin U.E.;Agosto;215
37 Salamanca;Resto de Europa sin U.E.;Septiembre;221
37 Salamanca;Resto de Europa sin U.E.;Octubre;359
37 Salamanca;Resto de Europa sin U.E.;Noviembre;523
37 Salamanca;Resto de Europa sin U.E.;Diciembre;331
37 Salamanca;Japón;Total;203
37 Salamanca;Japón;Enero;..
37 Salamanca;Japón;Febrero;..
37 Salamanca;Japón;Marzo;..
37 Salamanca;Japón;Abril;..
37 Salamanca;Japón;Mayo;..
37 Salamanca;Japón;Junio;20
37 Salamanca;Japón;Julio;..
37 Salamanca;Japón;Agosto;37
37 Salamanca;Japón;Septiembre;30
37 Salamanca;Japón;Octubre;34
37 Salamanca;Japón;Noviembre;30
37 Salamanca;Japón;Diciembre;39
37 Salamanca;República China;Total;501
37 Salamanca;República China;Enero;..
37 Salamanca;República China;Febrero;..
37 Salamanca;República China;Marzo;28
37 Salamanca;República China;Abril;..
37 Salamanca;República China;Mayo;..
37 Salamanca;República China;Junio;34
37 Salamanca;República China;Julio;82
37 Salamanca;República China;Agosto;71
37 Salamanca;República China;Septiembre;42
37 Salamanca;República China;Octubre;51
37 Salamanca;República China;Noviembre;55
37 Salamanca;República China;Diciembre;100
37 Salamanca;Estados Unidos;Total;5.537
37 Salamanca;Estados Unidos;Enero;..
37 Salamanca;Estados Unidos;Febrero;..
37 Salamanca;Estados Unidos;Marzo;..
37 Salamanca;Estados Unidos;Abril;12
37 Salamanca;Estados Unidos;Mayo;150
37 Salamanca;Estados Unidos;Junio;262
37 Salamanca;Estados Unidos;Julio;628
37 Salamanca;Estados Unidos;Agosto;795
37 Salamanca;Estados Unidos;Septiembre;1.090
37 Salamanca;Estados Unidos;Octubre;1.270
37 Salamanca;Estados Unidos;Noviembre;554
37 Salamanca;Estados Unidos;Diciembre;747
37 Salamanca;Resto de América;Total;10.743
37 Salamanca;Resto de América;Enero;87
37 Salamanca;Resto de América;Febrero;81
37 Salamanca;Resto de América;Marzo;123
37 Salamanca;Resto de América;Abril;156
37 Salamanca;Resto de América;Mayo;381
37 Salamanca;Resto de América;Junio;484
37 Salamanca;Resto de América;Julio;1.151
37 Salamanca;Resto de América;Agosto;1.120
37 Salamanca;Resto de América;Septiembre;1.650
37 Salamanca;Resto de América;Octubre;2.234
37 Salamanca;Resto de América;Noviembre;1.648
37 Salamanca;Resto de América;Diciembre;1.628
37 Salamanca;Países africanos;Total;678
37 Salamanca;Países africanos;Enero;18
37 Salamanca;Países africanos;Febrero;12
37 Salamanca;Países africanos;Marzo;37
37 Salamanca;Países africanos;Abril;39
37 Salamanca;Países africanos;Mayo;20
37 Salamanca;Países africanos;Junio;152
37 Salamanca;Países africanos;Julio;102
37 Salamanca;Países africanos;Agosto;82
37 Salamanca;Países africanos;Septiembre;51
37 Salamanca;Países africanos;Octubre;70
37 Salamanca;Países africanos;Noviembre;46
37 Salamanca;Países africanos;Diciembre;49
38 Santa Cruz de Tenerife;Total;Total;2.100.508
38 Santa Cruz de Tenerife;Total;Enero;37.452
38 Santa Cruz de Tenerife;Total;Febrero;48.902
38 Santa Cruz de Tenerife;Total;Marzo;63.864
38 Santa Cruz de Tenerife;Total;Abril;71.003
38 Santa Cruz de Tenerife;Total;Mayo;93.892
38 Santa Cruz de Tenerife;Total;Junio;121.838
38 Santa Cruz de Tenerife;Total;Julio;208.923
38 Santa Cruz de Tenerife;Total;Agosto;287.647
38 Santa Cruz de Tenerife;Total;Septiembre;260.379
38 Santa Cruz de Tenerife;Total;Octubre;331.192
38 Santa Cruz de Tenerife;Total;Noviembre;298.234
38 Santa Cruz de Tenerife;Total;Diciembre;277.182
38 Santa Cruz de Tenerife;Residentes en España;Total;885.393
38 Santa Cruz de Tenerife;Residentes en España;Enero;19.366
38 Santa Cruz de Tenerife;Residentes en España;Febrero;29.344
38 Santa Cruz de Tenerife;Residentes en España;Marzo;38.329
38 Santa Cruz de Tenerife;Residentes en España;Abril;38.697
38 Santa Cruz de Tenerife;Residentes en España;Mayo;56.402
38 Santa Cruz de Tenerife;Residentes en España;Junio;75.420
38 Santa Cruz de Tenerife;Residentes en España;Julio;121.343
38 Santa Cruz de Tenerife;Residentes en España;Agosto;151.804
38 Santa Cruz de Tenerife;Residentes en España;Septiembre;106.741
38 Santa Cruz de Tenerife;Residentes en España;Octubre;99.379
38 Santa Cruz de Tenerife;Residentes en España;Noviembre;70.673
38 Santa Cruz de Tenerife;Residentes en España;Diciembre;77.897
38 Santa Cruz de Tenerife;No residentes en España;Total;1.215.115
38 Santa Cruz de Tenerife;No residentes en España;Enero;18.085
38 Santa Cruz de Tenerife;No residentes en España;Febrero;19.558
38 Santa Cruz de Tenerife;No residentes en España;Marzo;25.536
38 Santa Cruz de Tenerife;No residentes en España;Abril;32.306
38 Santa Cruz de Tenerife;No residentes en España;Mayo;37.490
38 Santa Cruz de Tenerife;No residentes en España;Junio;46.418
38 Santa Cruz de Tenerife;No residentes en España;Julio;87.580
38 Santa Cruz de Tenerife;No residentes en España;Agosto;135.843
38 Santa Cruz de Tenerife;No residentes en España;Septiembre;153.639
38 Santa Cruz de Tenerife;No residentes en España;Octubre;231.814
38 Santa Cruz de Tenerife;No residentes en España;Noviembre;227.561
38 Santa Cruz de Tenerife;No residentes en España;Diciembre;199.285
38 Santa Cruz de Tenerife;Unión Europea 27 (sin España);Total;740.654
38 Santa Cruz de Tenerife;Unión Europea 27 (sin España);Enero;13.555
38 Santa Cruz de Tenerife;Unión Europea 27 (sin España);Febrero;15.623
38 Santa Cruz de Tenerife;Unión Europea 27 (sin España);Marzo;20.810
38 Santa Cruz de Tenerife;Unión Europea 27 (sin España);Abril;24.044
38 Santa Cruz de Tenerife;Unión Europea 27 (sin España);Mayo;29.979
38 Santa Cruz de Tenerife;Unión Europea 27 (sin España);Junio;36.565
38 Santa Cruz de Tenerife;Unión Europea 27 (sin España);Julio;62.523
38 Santa Cruz de Tenerife;Unión Europea 27 (sin España);Agosto;84.894
38 Santa Cruz de Tenerife;Unión Europea 27 (sin España);Septiembre;89.661
38 Santa Cruz de Tenerife;Unión Europea 27 (sin España);Octubre;118.283
38 Santa Cruz de Tenerife;Unión Europea 27 (sin España);Noviembre;127.458
38 Santa Cruz de Tenerife;Unión Europea 27 (sin España);Diciembre;117.257
38 Santa Cruz de Tenerife;Alemania;Total;201.868
38 Santa Cruz de Tenerife;Alemania;Enero;3.383
38 Santa Cruz de Tenerife;Alemania;Febrero;3.247
38 Santa Cruz de Tenerife;Alemania;Marzo;5.405
38 Santa Cruz de Tenerife;Alemania;Abril;4.326
38 Santa Cruz de Tenerife;Alemania;Mayo;6.515
38 Santa Cruz de Tenerife;Alemania;Junio;8.921
38 Santa Cruz de Tenerife;Alemania;Julio;16.633
38 Santa Cruz de Tenerife;Alemania;Agosto;19.298
38 Santa Cruz de Tenerife;Alemania;Septiembre;26.663
38 Santa Cruz de Tenerife;Alemania;Octubre;35.744
38 Santa Cruz de Tenerife;Alemania;Noviembre;40.858
38 Santa Cruz de Tenerife;Alemania;Diciembre;30.877
38 Santa Cruz de Tenerife;Austria;Total;13.109
38 Santa Cruz de Tenerife;Austria;Enero;241
38 Santa Cruz de Tenerife;Austria;Febrero;228
38 Santa Cruz de Tenerife;Austria;Marzo;298
38 Santa Cruz de Tenerife;Austria;Abril;433
38 Santa Cruz de Tenerife;Austria;Mayo;453
38 Santa Cruz de Tenerife;Austria;Junio;439
38 Santa Cruz de Tenerife;Austria;Julio;1.499
38 Santa Cruz de Tenerife;Austria;Agosto;1.665
38 Santa Cruz de Tenerife;Austria;Septiembre;1.393
38 Santa Cruz de Tenerife;Austria;Octubre;1.973
38 Santa Cruz de Tenerife;Austria;Noviembre;2.124
38 Santa Cruz de Tenerife;Austria;Diciembre;2.363
38 Santa Cruz de Tenerife;Bélgica;Total;87.653
38 Santa Cruz de Tenerife;Bélgica;Enero;922
38 Santa Cruz de Tenerife;Bélgica;Febrero;460
38 Santa Cruz de Tenerife;Bélgica;Marzo;437
38 Santa Cruz de Tenerife;Bélgica;Abril;1.132
38 Santa Cruz de Tenerife;Bélgica;Mayo;2.954
38 Santa Cruz de Tenerife;Bélgica;Junio;4.880
38 Santa Cruz de Tenerife;Bélgica;Julio;7.010
38 Santa Cruz de Tenerife;Bélgica;Agosto;9.708
38 Santa Cruz de Tenerife;Bélgica;Septiembre;14.137
38 Santa Cruz de Tenerife;Bélgica;Octubre;16.634
38 Santa Cruz de Tenerife;Bélgica;Noviembre;15.156
38 Santa Cruz de Tenerife;Bélgica;Diciembre;14.222
38 Santa Cruz de Tenerife;Dinamarca;Total;15.573
38 Santa Cruz de Tenerife;Dinamarca;Enero;68
38 Santa Cruz de Tenerife;Dinamarca;Febrero;65
38 Santa Cruz de Tenerife;Dinamarca;Marzo;62
38 Santa Cruz de Tenerife;Dinamarca;Abril;70
38 Santa Cruz de Tenerife;Dinamarca;Mayo;66
38 Santa Cruz de Tenerife;Dinamarca;Junio;98
38 Santa Cruz de Tenerife;Dinamarca;Julio;565
38 Santa Cruz de Tenerife;Dinamarca;Agosto;549
38 Santa Cruz de Tenerife;Dinamarca;Septiembre;629
38 Santa Cruz de Tenerife;Dinamarca;Octubre;2.552
38 Santa Cruz de Tenerife;Dinamarca;Noviembre;5.777
38 Santa Cruz de Tenerife;Dinamarca;Diciembre;5.072
38 Santa Cruz de Tenerife;Finlandia;Total;12.691
38 Santa Cruz de Tenerife;Finlandia;Enero;92
38 Santa Cruz de Tenerife;Finlandia;Febrero;85
38 Santa Cruz de Tenerife;Finlandia;Marzo;158
38 Santa Cruz de Tenerife;Finlandia;Abril;139
38 Santa Cruz de Tenerife;Finlandia;Mayo;100
38 Santa Cruz de Tenerife;Finlandia;Junio;64
38 Santa Cruz de Tenerife;Finlandia;Julio;87
38 Santa Cruz de Tenerife;Finlandia;Agosto;81
38 Santa Cruz de Tenerife;Finlandia;Septiembre;262
38 Santa Cruz de Tenerife;Finlandia;Octubre;1.658
38 Santa Cruz de Tenerife;Finlandia;Noviembre;4.598
38 Santa Cruz de Tenerife;Finlandia;Diciembre;5.367
38 Santa Cruz de Tenerife;Francia;Total;100.521
38 Santa Cruz de Tenerife;Francia;Enero;3.003
38 Santa Cruz de Tenerife;Francia;Febrero;4.422
38 Santa Cruz de Tenerife;Francia;Marzo;5.477
38 Santa Cruz de Tenerife;Francia;Abril;5.485
38 Santa Cruz de Tenerife;Francia;Mayo;7.754
38 Santa Cruz de Tenerife;Francia;Junio;5.654
38 Santa Cruz de Tenerife;Francia;Julio;9.109
38 Santa Cruz de Tenerife;Francia;Agosto;13.221
38 Santa Cruz de Tenerife;Francia;Septiembre;9.330
38 Santa Cruz de Tenerife;Francia;Octubre;13.077
38 Santa Cruz de Tenerife;Francia;Noviembre;11.876
38 Santa Cruz de Tenerife;Francia;Diciembre;12.112
38 Santa Cruz de Tenerife;Grecia;Total;1.101
38 Santa Cruz de Tenerife;Grecia;Enero;43
38 Santa Cruz de Tenerife;Grecia;Febrero;41
38 Santa Cruz de Tenerife;Grecia;Marzo;43
38 Santa Cruz de Tenerife;Grecia;Abril;53
38 Santa Cruz de Tenerife;Grecia;Mayo;23
38 Santa Cruz de Tenerife;Grecia;Junio;75
38 Santa Cruz de Tenerife;Grecia;Julio;41
38 Santa Cruz de Tenerife;Grecia;Agosto;167
38 Santa Cruz de Tenerife;Grecia;Septiembre;173
38 Santa Cruz de Tenerife;Grecia;Octubre;174
38 Santa Cruz de Tenerife;Grecia;Noviembre;146
38 Santa Cruz de Tenerife;Grecia;Diciembre;121
38 Santa Cruz de Tenerife;Irlanda;Total;34.340
38 Santa Cruz de Tenerife;Irlanda;Enero;549
38 Santa Cruz de Tenerife;Irlanda;Febrero;332
38 Santa Cruz de Tenerife;Irlanda;Marzo;513
38 Santa Cruz de Tenerife;Irlanda;Abril;291
38 Santa Cruz de Tenerife;Irlanda;Mayo;219
38 Santa Cruz de Tenerife;Irlanda;Junio;345
38 Santa Cruz de Tenerife;Irlanda;Julio;1.724
38 Santa Cruz de Tenerife;Irlanda;Agosto;4.688
38 Santa Cruz de Tenerife;Irlanda;Septiembre;5.716
38 Santa Cruz de Tenerife;Irlanda;Octubre;6.944
38 Santa Cruz de Tenerife;Irlanda;Noviembre;6.710
38 Santa Cruz de Tenerife;Irlanda;Diciembre;6.309
38 Santa Cruz de Tenerife;Italia;Total;55.369
38 Santa Cruz de Tenerife;Italia;Enero;818
38 Santa Cruz de Tenerife;Italia;Febrero;1.006
38 Santa Cruz de Tenerife;Italia;Marzo;1.624
38 Santa Cruz de Tenerife;Italia;Abril;2.643
38 Santa Cruz de Tenerife;Italia;Mayo;2.747
38 Santa Cruz de Tenerife;Italia;Junio;3.043
38 Santa Cruz de Tenerife;Italia;Julio;4.055
38 Santa Cruz de Tenerife;Italia;Agosto;7.977
38 Santa Cruz de Tenerife;Italia;Septiembre;5.866
38 Santa Cruz de Tenerife;Italia;Octubre;7.627
38 Santa Cruz de Tenerife;Italia;Noviembre;8.634
38 Santa Cruz de Tenerife;Italia;Diciembre;9.328
38 Santa Cruz de Tenerife;Luxemburgo;Total;5.578
38 Santa Cruz de Tenerife;Luxemburgo;Enero;154
38 Santa Cruz de Tenerife;Luxemburgo;Febrero;413
38 Santa Cruz de Tenerife;Luxemburgo;Marzo;361
38 Santa Cruz de Tenerife;Luxemburgo;Abril;881
38 Santa Cruz de Tenerife;Luxemburgo;Mayo;456
38 Santa Cruz de Tenerife;Luxemburgo;Junio;294
38 Santa Cruz de Tenerife;Luxemburgo;Julio;304
38 Santa Cruz de Tenerife;Luxemburgo;Agosto;467
38 Santa Cruz de Tenerife;Luxemburgo;Septiembre;344
38 Santa Cruz de Tenerife;Luxemburgo;Octubre;682
38 Santa Cruz de Tenerife;Luxemburgo;Noviembre;529
38 Santa Cruz de Tenerife;Luxemburgo;Diciembre;693
38 Santa Cruz de Tenerife;Países Bajos;Total;78.299
38 Santa Cruz de Tenerife;Países Bajos;Enero;1.117
38 Santa Cruz de Tenerife;Países Bajos;Febrero;1.404
38 Santa Cruz de Tenerife;Países Bajos;Marzo;1.257
38 Santa Cruz de Tenerife;Países Bajos;Abril;1.814
38 Santa Cruz de Tenerife;Países Bajos;Mayo;2.384
38 Santa Cruz de Tenerife;Países Bajos;Junio;5.045
38 Santa Cruz de Tenerife;Países Bajos;Julio;6.426
38 Santa Cruz de Tenerife;Países Bajos;Agosto;10.681
38 Santa Cruz de Tenerife;Países Bajos;Septiembre;11.932
38 Santa Cruz de Tenerife;Países Bajos;Octubre;14.308
38 Santa Cruz de Tenerife;Países Bajos;Noviembre;11.627
38 Santa Cruz de Tenerife;Países Bajos;Diciembre;10.305
38 Santa Cruz de Tenerife;Polonia;Total;47.715
38 Santa Cruz de Tenerife;Polonia;Enero;1.100
38 Santa Cruz de Tenerife;Polonia;Febrero;977
38 Santa Cruz de Tenerife;Polonia;Marzo;1.469
38 Santa Cruz de Tenerife;Polonia;Abril;2.388
38 Santa Cruz de Tenerife;Polonia;Mayo;2.755
38 Santa Cruz de Tenerife;Polonia;Junio;3.477
38 Santa Cruz de Tenerife;Polonia;Julio;7.130
38 Santa Cruz de Tenerife;Polonia;Agosto;7.399
38 Santa Cruz de Tenerife;Polonia;Septiembre;6.045
38 Santa Cruz de Tenerife;Polonia;Octubre;4.859
38 Santa Cruz de Tenerife;Polonia;Noviembre;4.984
38 Santa Cruz de Tenerife;Polonia;Diciembre;5.132
38 Santa Cruz de Tenerife;Portugal;Total;10.032
38 Santa Cruz de Tenerife;Portugal;Enero;145
38 Santa Cruz de Tenerife;Portugal;Febrero;132
38 Santa Cruz de Tenerife;Portugal;Marzo;261
38 Santa Cruz de Tenerife;Portugal;Abril;430
38 Santa Cruz de Tenerife;Portugal;Mayo;341
38 Santa Cruz de Tenerife;Portugal;Junio;530
38 Santa Cruz de Tenerife;Portugal;Julio;1.256
38 Santa Cruz de Tenerife;Portugal;Agosto;2.178
38 Santa Cruz de Tenerife;Portugal;Septiembre;1.748
38 Santa Cruz de Tenerife;Portugal;Octubre;1.025
38 Santa Cruz de Tenerife;Portugal;Noviembre;1.191
38 Santa Cruz de Tenerife;Portugal;Diciembre;794
38 Santa Cruz de Tenerife;República Checa;Total;15.756
38 Santa Cruz de Tenerife;República Checa;Enero;448
38 Santa Cruz de Tenerife;República Checa;Febrero;834
38 Santa Cruz de Tenerife;República Checa;Marzo;1.242
38 Santa Cruz de Tenerife;República Checa;Abril;1.263
38 Santa Cruz de Tenerife;República Checa;Mayo;1.212
38 Santa Cruz de Tenerife;República Checa;Junio;1.077
38 Santa Cruz de Tenerife;República Checa;Julio;1.608
38 Santa Cruz de Tenerife;República Checa;Agosto;1.394
38 Santa Cruz de Tenerife;República Checa;Septiembre;1.298
38 Santa Cruz de Tenerife;República Checa;Octubre;2.104
38 Santa Cruz de Tenerife;República Checa;Noviembre;1.685
38 Santa Cruz de Tenerife;República Checa;Diciembre;1.591
38 Santa Cruz de Tenerife;Suecia;Total;16.600
38 Santa Cruz de Tenerife;Suecia;Enero;224
38 Santa Cruz de Tenerife;Suecia;Febrero;182
38 Santa Cruz de Tenerife;Suecia;Marzo;268
38 Santa Cruz de Tenerife;Suecia;Abril;211
38 Santa Cruz de Tenerife;Suecia;Mayo;145
38 Santa Cruz de Tenerife;Suecia;Junio;92
38 Santa Cruz de Tenerife;Suecia;Julio;183
38 Santa Cruz de Tenerife;Suecia;Agosto;238
38 Santa Cruz de Tenerife;Suecia;Septiembre;185
38 Santa Cruz de Tenerife;Suecia;Octubre;3.355
38 Santa Cruz de Tenerife;Suecia;Noviembre;5.561
38 Santa Cruz de Tenerife;Suecia;Diciembre;5.957
38 Santa Cruz de Tenerife;Noruega;Total;6.064
38 Santa Cruz de Tenerife;Noruega;Enero;57
38 Santa Cruz de Tenerife;Noruega;Febrero;47
38 Santa Cruz de Tenerife;Noruega;Marzo;15
38 Santa Cruz de Tenerife;Noruega;Abril;59
38 Santa Cruz de Tenerife;Noruega;Mayo;53
38 Santa Cruz de Tenerife;Noruega;Junio;36
38 Santa Cruz de Tenerife;Noruega;Julio;152
38 Santa Cruz de Tenerife;Noruega;Agosto;42
38 Santa Cruz de Tenerife;Noruega;Septiembre;63
38 Santa Cruz de Tenerife;Noruega;Octubre;566
38 Santa Cruz de Tenerife;Noruega;Noviembre;2.626
38 Santa Cruz de Tenerife;Noruega;Diciembre;2.346
38 Santa Cruz de Tenerife;Reino Unido;Total;340.670
38 Santa Cruz de Tenerife;Reino Unido;Enero;909
38 Santa Cruz de Tenerife;Reino Unido;Febrero;822
38 Santa Cruz de Tenerife;Reino Unido;Marzo;876
38 Santa Cruz de Tenerife;Reino Unido;Abril;1.410
38 Santa Cruz de Tenerife;Reino Unido;Mayo;1.456
38 Santa Cruz de Tenerife;Reino Unido;Junio;2.718
38 Santa Cruz de Tenerife;Reino Unido;Julio;12.231
38 Santa Cruz de Tenerife;Reino Unido;Agosto;38.917
38 Santa Cruz de Tenerife;Reino Unido;Septiembre;49.666
38 Santa Cruz de Tenerife;Reino Unido;Octubre;90.944
38 Santa Cruz de Tenerife;Reino Unido;Noviembre;80.847
38 Santa Cruz de Tenerife;Reino Unido;Diciembre;59.876
38 Santa Cruz de Tenerife;Rusia;Total;4.971
38 Santa Cruz de Tenerife;Rusia;Enero;215
38 Santa Cruz de Tenerife;Rusia;Febrero;255
38 Santa Cruz de Tenerife;Rusia;Marzo;333
38 Santa Cruz de Tenerife;Rusia;Abril;269
38 Santa Cruz de Tenerife;Rusia;Mayo;258
38 Santa Cruz de Tenerife;Rusia;Junio;269
38 Santa Cruz de Tenerife;Rusia;Julio;354
38 Santa Cruz de Tenerife;Rusia;Agosto;467
38 Santa Cruz de Tenerife;Rusia;Septiembre;427
38 Santa Cruz de Tenerife;Rusia;Octubre;662
38 Santa Cruz de Tenerife;Rusia;Noviembre;722
38 Santa Cruz de Tenerife;Rusia;Diciembre;740
38 Santa Cruz de Tenerife;Suiza;Total;29.829
38 Santa Cruz de Tenerife;Suiza;Enero;674
38 Santa Cruz de Tenerife;Suiza;Febrero;409
38 Santa Cruz de Tenerife;Suiza;Marzo;539
38 Santa Cruz de Tenerife;Suiza;Abril;2.268
38 Santa Cruz de Tenerife;Suiza;Mayo;2.401
38 Santa Cruz de Tenerife;Suiza;Junio;1.464
38 Santa Cruz de Tenerife;Suiza;Julio;2.830
38 Santa Cruz de Tenerife;Suiza;Agosto;2.472
38 Santa Cruz de Tenerife;Suiza;Septiembre;2.848
38 Santa Cruz de Tenerife;Suiza;Octubre;6.210
38 Santa Cruz de Tenerife;Suiza;Noviembre;4.759
38 Santa Cruz de Tenerife;Suiza;Diciembre;2.956
38 Santa Cruz de Tenerife;Resto de Europa sin U.E.;Total;44.602
38 Santa Cruz de Tenerife;Resto de Europa sin U.E.;Enero;1.037
38 Santa Cruz de Tenerife;Resto de Europa sin U.E.;Febrero;820
38 Santa Cruz de Tenerife;Resto de Europa sin U.E.;Marzo;1.052
38 Santa Cruz de Tenerife;Resto de Europa sin U.E.;Abril;2.292
38 Santa Cruz de Tenerife;Resto de Europa sin U.E.;Mayo;1.706
38 Santa Cruz de Tenerife;Resto de Europa sin U.E.;Junio;2.144
38 Santa Cruz de Tenerife;Resto de Europa sin U.E.;Julio;5.089
38 Santa Cruz de Tenerife;Resto de Europa sin U.E.;Agosto;3.498
38 Santa Cruz de Tenerife;Resto de Europa sin U.E.;Septiembre;5.649
38 Santa Cruz de Tenerife;Resto de Europa sin U.E.;Octubre;7.580
38 Santa Cruz de Tenerife;Resto de Europa sin U.E.;Noviembre;4.984
38 Santa Cruz de Tenerife;Resto de Europa sin U.E.;Diciembre;8.749
38 Santa Cruz de Tenerife;Japón;Total;892
38 Santa Cruz de Tenerife;Japón;Enero;15
38 Santa Cruz de Tenerife;Japón;Febrero;35
38 Santa Cruz de Tenerife;Japón;Marzo;82
38 Santa Cruz de Tenerife;Japón;Abril;95
38 Santa Cruz de Tenerife;Japón;Mayo;79
38 Santa Cruz de Tenerife;Japón;Junio;23
38 Santa Cruz de Tenerife;Japón;Julio;62
38 Santa Cruz de Tenerife;Japón;Agosto;79
38 Santa Cruz de Tenerife;Japón;Septiembre;72
38 Santa Cruz de Tenerife;Japón;Octubre;102
38 Santa Cruz de Tenerife;Japón;Noviembre;84
38 Santa Cruz de Tenerife;Japón;Diciembre;164
38 Santa Cruz de Tenerife;República China;Total;2.972
38 Santa Cruz de Tenerife;República China;Enero;139
38 Santa Cruz de Tenerife;República China;Febrero;343
38 Santa Cruz de Tenerife;República China;Marzo;276
38 Santa Cruz de Tenerife;República China;Abril;236
38 Santa Cruz de Tenerife;República China;Mayo;69
38 Santa Cruz de Tenerife;República China;Junio;200
38 Santa Cruz de Tenerife;República China;Julio;118
38 Santa Cruz de Tenerife;República China;Agosto;156
38 Santa Cruz de Tenerife;República China;Septiembre;269
38 Santa Cruz de Tenerife;República China;Octubre;283
38 Santa Cruz de Tenerife;República China;Noviembre;240
38 Santa Cruz de Tenerife;República China;Diciembre;643
38 Santa Cruz de Tenerife;Estados Unidos;Total;8.323
38 Santa Cruz de Tenerife;Estados Unidos;Enero;199
38 Santa Cruz de Tenerife;Estados Unidos;Febrero;260
38 Santa Cruz de Tenerife;Estados Unidos;Marzo;244
38 Santa Cruz de Tenerife;Estados Unidos;Abril;327
38 Santa Cruz de Tenerife;Estados Unidos;Mayo;253
38 Santa Cruz de Tenerife;Estados Unidos;Junio;421
38 Santa Cruz de Tenerife;Estados Unidos;Julio;966
38 Santa Cruz de Tenerife;Estados Unidos;Agosto;826
38 Santa Cruz de Tenerife;Estados Unidos;Septiembre;1.038
38 Santa Cruz de Tenerife;Estados Unidos;Octubre;1.067
38 Santa Cruz de Tenerife;Estados Unidos;Noviembre;1.410
38 Santa Cruz de Tenerife;Estados Unidos;Diciembre;1.312
38 Santa Cruz de Tenerife;Resto de América;Total;11.497
38 Santa Cruz de Tenerife;Resto de América;Enero;543
38 Santa Cruz de Tenerife;Resto de América;Febrero;353
38 Santa Cruz de Tenerife;Resto de América;Marzo;388
38 Santa Cruz de Tenerife;Resto de América;Abril;574
38 Santa Cruz de Tenerife;Resto de América;Mayo;544
38 Santa Cruz de Tenerife;Resto de América;Junio;862
38 Santa Cruz de Tenerife;Resto de América;Julio;1.235
38 Santa Cruz de Tenerife;Resto de América;Agosto;1.282
38 Santa Cruz de Tenerife;Resto de América;Septiembre;1.244
38 Santa Cruz de Tenerife;Resto de América;Octubre;1.652
38 Santa Cruz de Tenerife;Resto de América;Noviembre;1.379
38 Santa Cruz de Tenerife;Resto de América;Diciembre;1.440
38 Santa Cruz de Tenerife;Países africanos;Total;2.323
38 Santa Cruz de Tenerife;Países africanos;Enero;69
38 Santa Cruz de Tenerife;Países africanos;Febrero;77
38 Santa Cruz de Tenerife;Países africanos;Marzo;100
38 Santa Cruz de Tenerife;Países africanos;Abril;135
38 Santa Cruz de Tenerife;Países africanos;Mayo;165
38 Santa Cruz de Tenerife;Países africanos;Junio;148
38 Santa Cruz de Tenerife;Países africanos;Julio;265
38 Santa Cruz de Tenerife;Países africanos;Agosto;254
38 Santa Cruz de Tenerife;Países africanos;Septiembre;211
38 Santa Cruz de Tenerife;Países africanos;Octubre;234
38 Santa Cruz de Tenerife;Países africanos;Noviembre;365
38 Santa Cruz de Tenerife;Países africanos;Diciembre;297
40 Segovia;Total;Total;298.242
40 Segovia;Total;Enero;1.979
40 Segovia;Total;Febrero;2.727
40 Segovia;Total;Marzo;5.965
40 Segovia;Total;Abril;5.734
40 Segovia;Total;Mayo;15.089
40 Segovia;Total;Junio;24.977
40 Segovia;Total;Julio;45.588
40 Segovia;Total;Agosto;62.167
40 Segovia;Total;Septiembre;38.452
40 Segovia;Total;Octubre;43.415
40 Segovia;Total;Noviembre;27.750
40 Segovia;Total;Diciembre;24.398
40 Segovia;Residentes en España;Total;263.241
40 Segovia;Residentes en España;Enero;1.799
40 Segovia;Residentes en España;Febrero;2.374
40 Segovia;Residentes en España;Marzo;5.491
40 Segovia;Residentes en España;Abril;5.316
40 Segovia;Residentes en España;Mayo;13.721
40 Segovia;Residentes en España;Junio;22.788
40 Segovia;Residentes en España;Julio;40.941
40 Segovia;Residentes en España;Agosto;56.120
40 Segovia;Residentes en España;Septiembre;31.690
40 Segovia;Residentes en España;Octubre;37.595
40 Segovia;Residentes en España;Noviembre;23.758
40 Segovia;Residentes en España;Diciembre;21.647
40 Segovia;No residentes en España;Total;35.001
40 Segovia;No residentes en España;Enero;181
40 Segovia;No residentes en España;Febrero;353
40 Segovia;No residentes en España;Marzo;473
40 Segovia;No residentes en España;Abril;419
40 Segovia;No residentes en España;Mayo;1.368
40 Segovia;No residentes en España;Junio;2.189
40 Segovia;No residentes en España;Julio;4.647
40 Segovia;No residentes en España;Agosto;6.047
40 Segovia;No residentes en España;Septiembre;6.762
40 Segovia;No residentes en España;Octubre;5.820
40 Segovia;No residentes en España;Noviembre;3.992
40 Segovia;No residentes en España;Diciembre;2.751
40 Segovia;Unión Europea 27 (sin España);Total;18.310
40 Segovia;Unión Europea 27 (sin España);Enero;129
40 Segovia;Unión Europea 27 (sin España);Febrero;199
40 Segovia;Unión Europea 27 (sin España);Marzo;234
40 Segovia;Unión Europea 27 (sin España);Abril;275
40 Segovia;Unión Europea 27 (sin España);Mayo;863
40 Segovia;Unión Europea 27 (sin España);Junio;1.231
40 Segovia;Unión Europea 27 (sin España);Julio;2.341
40 Segovia;Unión Europea 27 (sin España);Agosto;3.525
40 Segovia;Unión Europea 27 (sin España);Septiembre;3.496
40 Segovia;Unión Europea 27 (sin España);Octubre;3.170
40 Segovia;Unión Europea 27 (sin España);Noviembre;1.809
40 Segovia;Unión Europea 27 (sin España);Diciembre;1.037
40 Segovia;Alemania;Total;2.163
40 Segovia;Alemania;Enero;..
40 Segovia;Alemania;Febrero;..
40 Segovia;Alemania;Marzo;29
40 Segovia;Alemania;Abril;25
40 Segovia;Alemania;Mayo;147
40 Segovia;Alemania;Junio;140
40 Segovia;Alemania;Julio;228
40 Segovia;Alemania;Agosto;312
40 Segovia;Alemania;Septiembre;672
40 Segovia;Alemania;Octubre;250
40 Segovia;Alemania;Noviembre;261
40 Segovia;Alemania;Diciembre;67
40 Segovia;Austria;Total;148
40 Segovia;Austria;Enero;..
40 Segovia;Austria;Febrero;..
40 Segovia;Austria;Marzo;..
40 Segovia;Austria;Abril;..
40 Segovia;Austria;Mayo;..
40 Segovia;Austria;Junio;..
40 Segovia;Austria;Julio;71
40 Segovia;Austria;Agosto;11
40 Segovia;Austria;Septiembre;13
40 Segovia;Austria;Octubre;25
40 Segovia;Austria;Noviembre;..
40 Segovia;Austria;Diciembre;..
40 Segovia;Bélgica;Total;1.351
40 Segovia;Bélgica;Enero;..
40 Segovia;Bélgica;Febrero;..
40 Segovia;Bélgica;Marzo;36
40 Segovia;Bélgica;Abril;20
40 Segovia;Bélgica;Mayo;34
40 Segovia;Bélgica;Junio;56
40 Segovia;Bélgica;Julio;231
40 Segovia;Bélgica;Agosto;204
40 Segovia;Bélgica;Septiembre;292
40 Segovia;Bélgica;Octubre;276
40 Segovia;Bélgica;Noviembre;181
40 Segovia;Bélgica;Diciembre;23
40 Segovia;Dinamarca;Total;270
40 Segovia;Dinamarca;Enero;..
40 Segovia;Dinamarca;Febrero;..
40 Segovia;Dinamarca;Marzo;..
40 Segovia;Dinamarca;Abril;..
40 Segovia;Dinamarca;Mayo;..
40 Segovia;Dinamarca;Junio;..
40 Segovia;Dinamarca;Julio;74
40 Segovia;Dinamarca;Agosto;19
40 Segovia;Dinamarca;Septiembre;51
40 Segovia;Dinamarca;Octubre;42
40 Segovia;Dinamarca;Noviembre;66
40 Segovia;Dinamarca;Diciembre;..
40 Segovia;Finlandia;Total;142
40 Segovia;Finlandia;Enero;..
40 Segovia;Finlandia;Febrero;..
40 Segovia;Finlandia;Marzo;..
40 Segovia;Finlandia;Abril;..
40 Segovia;Finlandia;Mayo;..
40 Segovia;Finlandia;Junio;13
40 Segovia;Finlandia;Julio;..
40 Segovia;Finlandia;Agosto;24
40 Segovia;Finlandia;Septiembre;42
40 Segovia;Finlandia;Octubre;..
40 Segovia;Finlandia;Noviembre;15
40 Segovia;Finlandia;Diciembre;..
40 Segovia;Francia;Total;4.812
40 Segovia;Francia;Enero;25
40 Segovia;Francia;Febrero;33
40 Segovia;Francia;Marzo;31
40 Segovia;Francia;Abril;66
40 Segovia;Francia;Mayo;240
40 Segovia;Francia;Junio;310
40 Segovia;Francia;Julio;697
40 Segovia;Francia;Agosto;1.121
40 Segovia;Francia;Septiembre;670
40 Segovia;Francia;Octubre;834
40 Segovia;Francia;Noviembre;513
40 Segovia;Francia;Diciembre;271
40 Segovia;Grecia;Total;48
40 Segovia;Grecia;Enero;..
40 Segovia;Grecia;Febrero;..
40 Segovia;Grecia;Marzo;..
40 Segovia;Grecia;Abril;..
40 Segovia;Grecia;Mayo;..
40 Segovia;Grecia;Junio;..
40 Segovia;Grecia;Julio;..
40 Segovia;Grecia;Agosto;..
40 Segovia;Grecia;Septiembre;14
40 Segovia;Grecia;Octubre;..
40 Segovia;Grecia;Noviembre;..
40 Segovia;Grecia;Diciembre;..
40 Segovia;Irlanda;Total;528
40 Segovia;Irlanda;Enero;..
40 Segovia;Irlanda;Febrero;..
40 Segovia;Irlanda;Marzo;22
40 Segovia;Irlanda;Abril;..
40 Segovia;Irlanda;Mayo;..
40 Segovia;Irlanda;Junio;14
40 Segovia;Irlanda;Julio;68
40 Segovia;Irlanda;Agosto;83
40 Segovia;Irlanda;Septiembre;106
40 Segovia;Irlanda;Octubre;140
40 Segovia;Irlanda;Noviembre;56
40 Segovia;Irlanda;Diciembre;28
40 Segovia;Italia;Total;2.265
40 Segovia;Italia;Enero;22
40 Segovia;Italia;Febrero;61
40 Segovia;Italia;Marzo;18
40 Segovia;Italia;Abril;68
40 Segovia;Italia;Mayo;96
40 Segovia;Italia;Junio;165
40 Segovia;Italia;Julio;257
40 Segovia;Italia;Agosto;467
40 Segovia;Italia;Septiembre;515
40 Segovia;Italia;Octubre;225
40 Segovia;Italia;Noviembre;180
40 Segovia;Italia;Diciembre;191
40 Segovia;Luxemburgo;Total;48
40 Segovia;Luxemburgo;Enero;..
40 Segovia;Luxemburgo;Febrero;..
40 Segovia;Luxemburgo;Marzo;..
40 Segovia;Luxemburgo;Abril;..
40 Segovia;Luxemburgo;Mayo;..
40 Segovia;Luxemburgo;Junio;..
40 Segovia;Luxemburgo;Julio;..
40 Segovia;Luxemburgo;Agosto;17
40 Segovia;Luxemburgo;Septiembre;11
40 Segovia;Luxemburgo;Octubre;..
40 Segovia;Luxemburgo;Noviembre;..
40 Segovia;Luxemburgo;Diciembre;..
40 Segovia;Países Bajos;Total;1.544
40 Segovia;Países Bajos;Enero;..
40 Segovia;Países Bajos;Febrero;..
40 Segovia;Países Bajos;Marzo;..
40 Segovia;Países Bajos;Abril;..
40 Segovia;Países Bajos;Mayo;..
40 Segovia;Países Bajos;Junio;173
40 Segovia;Países Bajos;Julio;293
40 Segovia;Países Bajos;Agosto;192
40 Segovia;Países Bajos;Septiembre;352
40 Segovia;Países Bajos;Octubre;332
40 Segovia;Países Bajos;Noviembre;84
40 Segovia;Países Bajos;Diciembre;95
40 Segovia;Polonia;Total;354
40 Segovia;Polonia;Enero;..
40 Segovia;Polonia;Febrero;30
40 Segovia;Polonia;Marzo;..
40 Segovia;Polonia;Abril;..
40 Segovia;Polonia;Mayo;..
40 Segovia;Polonia;Junio;27
40 Segovia;Polonia;Julio;60
40 Segovia;Polonia;Agosto;41
40 Segovia;Polonia;Septiembre;61
40 Segovia;Polonia;Octubre;49
40 Segovia;Polonia;Noviembre;53
40 Segovia;Polonia;Diciembre;13
40 Segovia;Portugal;Total;3.180
40 Segovia;Portugal;Enero;23
40 Segovia;Portugal;Febrero;28
40 Segovia;Portugal;Marzo;41
40 Segovia;Portugal;Abril;35
40 Segovia;Portugal;Mayo;188
40 Segovia;Portugal;Junio;201
40 Segovia;Portugal;Julio;193
40 Segovia;Portugal;Agosto;806
40 Segovia;Portugal;Septiembre;496
40 Segovia;Portugal;Octubre;670
40 Segovia;Portugal;Noviembre;248
40 Segovia;Portugal;Diciembre;252
40 Segovia;República Checa;Total;294
40 Segovia;República Checa;Enero;..
40 Segovia;República Checa;Febrero;..
40 Segovia;República Checa;Marzo;..
40 Segovia;República Checa;Abril;..
40 Segovia;República Checa;Mayo;..
40 Segovia;República Checa;Junio;20
40 Segovia;República Checa;Julio;..
40 Segovia;República Checa;Agosto;..
40 Segovia;República Checa;Septiembre;84
40 Segovia;República Checa;Octubre;133
40 Segovia;República Checa;Noviembre;17
40 Segovia;República Checa;Diciembre;..
40 Segovia;Suecia;Total;195
40 Segovia;Suecia;Enero;..
40 Segovia;Suecia;Febrero;..
40 Segovia;Suecia;Marzo;..
40 Segovia;Suecia;Abril;..
40 Segovia;Suecia;Mayo;27
40 Segovia;Suecia;Junio;..
40 Segovia;Suecia;Julio;60
40 Segovia;Suecia;Agosto;39
40 Segovia;Suecia;Septiembre;17
40 Segovia;Suecia;Octubre;..
40 Segovia;Suecia;Noviembre;24
40 Segovia;Suecia;Diciembre;..
40 Segovia;Noruega;Total;102
40 Segovia;Noruega;Enero;..
40 Segovia;Noruega;Febrero;..
40 Segovia;Noruega;Marzo;..
40 Segovia;Noruega;Abril;..
40 Segovia;Noruega;Mayo;..
40 Segovia;Noruega;Junio;18
40 Segovia;Noruega;Julio;31
40 Segovia;Noruega;Agosto;..
40 Segovia;Noruega;Septiembre;25
40 Segovia;Noruega;Octubre;..
40 Segovia;Noruega;Noviembre;..
40 Segovia;Noruega;Diciembre;..
40 Segovia;Reino Unido;Total;3.042
40 Segovia;Reino Unido;Enero;..
40 Segovia;Reino Unido;Febrero;35
40 Segovia;Reino Unido;Marzo;88
40 Segovia;Reino Unido;Abril;..
40 Segovia;Reino Unido;Mayo;118
40 Segovia;Reino Unido;Junio;286
40 Segovia;Reino Unido;Julio;336
40 Segovia;Reino Unido;Agosto;342
40 Segovia;Reino Unido;Septiembre;766
40 Segovia;Reino Unido;Octubre;522
40 Segovia;Reino Unido;Noviembre;275
40 Segovia;Reino Unido;Diciembre;253
40 Segovia;Rusia;Total;476
40 Segovia;Rusia;Enero;..
40 Segovia;Rusia;Febrero;..
40 Segovia;Rusia;Marzo;..
40 Segovia;Rusia;Abril;..
40 Segovia;Rusia;Mayo;17
40 Segovia;Rusia;Junio;89
40 Segovia;Rusia;Julio;93
40 Segovia;Rusia;Agosto;71
40 Segovia;Rusia;Septiembre;38
40 Segovia;Rusia;Octubre;60
40 Segovia;Rusia;Noviembre;64
40 Segovia;Rusia;Diciembre;29
40 Segovia;Suiza;Total;713
40 Segovia;Suiza;Enero;..
40 Segovia;Suiza;Febrero;..
40 Segovia;Suiza;Marzo;..
40 Segovia;Suiza;Abril;15
40 Segovia;Suiza;Mayo;..
40 Segovia;Suiza;Junio;57
40 Segovia;Suiza;Julio;209
40 Segovia;Suiza;Agosto;92
40 Segovia;Suiza;Septiembre;124
40 Segovia;Suiza;Octubre;131
40 Segovia;Suiza;Noviembre;40
40 Segovia;Suiza;Diciembre;30
40 Segovia;Resto de Europa sin U.E.;Total;1.125
40 Segovia;Resto de Europa sin U.E.;Enero;..
40 Segovia;Resto de Europa sin U.E.;Febrero;13
40 Segovia;Resto de Europa sin U.E.;Marzo;22
40 Segovia;Resto de Europa sin U.E.;Abril;19
40 Segovia;Resto de Europa sin U.E.;Mayo;67
40 Segovia;Resto de Europa sin U.E.;Junio;50
40 Segovia;Resto de Europa sin U.E.;Julio;..
40 Segovia;Resto de Europa sin U.E.;Agosto;289
40 Segovia;Resto de Europa sin U.E.;Septiembre;110
40 Segovia;Resto de Europa sin U.E.;Octubre;199
40 Segovia;Resto de Europa sin U.E.;Noviembre;45
40 Segovia;Resto de Europa sin U.E.;Diciembre;103
40 Segovia;Japón;Total;37
40 Segovia;Japón;Enero;..
40 Segovia;Japón;Febrero;..
40 Segovia;Japón;Marzo;..
40 Segovia;Japón;Abril;..
40 Segovia;Japón;Mayo;..
40 Segovia;Japón;Junio;..
40 Segovia;Japón;Julio;..
40 Segovia;Japón;Agosto;..
40 Segovia;Japón;Septiembre;15
40 Segovia;Japón;Octubre;..
40 Segovia;Japón;Noviembre;..
40 Segovia;Japón;Diciembre;..
40 Segovia;República China;Total;196
40 Segovia;República China;Enero;..
40 Segovia;República China;Febrero;..
40 Segovia;República China;Marzo;..
40 Segovia;República China;Abril;..
40 Segovia;República China;Mayo;..
40 Segovia;República China;Junio;..
40 Segovia;República China;Julio;22
40 Segovia;República China;Agosto;44
40 Segovia;República China;Septiembre;14
40 Segovia;República China;Octubre;..
40 Segovia;República China;Noviembre;..
40 Segovia;República China;Diciembre;39
40 Segovia;Estados Unidos;Total;3.562
40 Segovia;Estados Unidos;Enero;..
40 Segovia;Estados Unidos;Febrero;12
40 Segovia;Estados Unidos;Marzo;..
40 Segovia;Estados Unidos;Abril;..
40 Segovia;Estados Unidos;Mayo;67
40 Segovia;Estados Unidos;Junio;151
40 Segovia;Estados Unidos;Julio;505
40 Segovia;Estados Unidos;Agosto;642
40 Segovia;Estados Unidos;Septiembre;800
40 Segovia;Estados Unidos;Octubre;455
40 Segovia;Estados Unidos;Noviembre;573
40 Segovia;Estados Unidos;Diciembre;339
40 Segovia;Resto de América;Total;5.511
40 Segovia;Resto de América;Enero;19
40 Segovia;Resto de América;Febrero;28
40 Segovia;Resto de América;Marzo;80
40 Segovia;Resto de América;Abril;56
40 Segovia;Resto de América;Mayo;186
40 Segovia;Resto de América;Junio;185
40 Segovia;Resto de América;Julio;717
40 Segovia;Resto de América;Agosto;798
40 Segovia;Resto de América;Septiembre;1.049
40 Segovia;Resto de América;Octubre;912
40 Segovia;Resto de América;Noviembre;791
40 Segovia;Resto de América;Diciembre;690
40 Segovia;Países africanos;Total;310
40 Segovia;Países africanos;Enero;..
40 Segovia;Países africanos;Febrero;30
40 Segovia;Países africanos;Marzo;22
40 Segovia;Países africanos;Abril;..
40 Segovia;Países africanos;Mayo;..
40 Segovia;Países africanos;Junio;..
40 Segovia;Países africanos;Julio;28
40 Segovia;Países africanos;Agosto;24
40 Segovia;Países africanos;Septiembre;45
40 Segovia;Países africanos;Octubre;57
40 Segovia;Países africanos;Noviembre;48
40 Segovia;Países africanos;Diciembre;35
41 Sevilla;Total;Total;1.801.558
41 Sevilla;Total;Enero;47.473
41 Sevilla;Total;Febrero;50.381
41 Sevilla;Total;Marzo;65.969
41 Sevilla;Total;Abril;75.686
41 Sevilla;Total;Mayo;117.815
41 Sevilla;Total;Junio;155.094
41 Sevilla;Total;Julio;177.516
41 Sevilla;Total;Agosto;205.076
41 Sevilla;Total;Septiembre;215.467
41 Sevilla;Total;Octubre;259.341
41 Sevilla;Total;Noviembre;231.148
41 Sevilla;Total;Diciembre;200.593
41 Sevilla;Residentes en España;Total;1.238.085
41 Sevilla;Residentes en España;Enero;42.298
41 Sevilla;Residentes en España;Febrero;46.715
41 Sevilla;Residentes en España;Marzo;60.181
41 Sevilla;Residentes en España;Abril;65.594
41 Sevilla;Residentes en España;Mayo;93.758
41 Sevilla;Residentes en España;Junio;113.507
41 Sevilla;Residentes en España;Julio;122.330
41 Sevilla;Residentes en España;Agosto;130.389
41 Sevilla;Residentes en España;Septiembre;133.622
41 Sevilla;Residentes en España;Octubre;152.279
41 Sevilla;Residentes en España;Noviembre;144.322
41 Sevilla;Residentes en España;Diciembre;133.089
41 Sevilla;No residentes en España;Total;563.473
41 Sevilla;No residentes en España;Enero;5.175
41 Sevilla;No residentes en España;Febrero;3.666
41 Sevilla;No residentes en España;Marzo;5.788
41 Sevilla;No residentes en España;Abril;10.092
41 Sevilla;No residentes en España;Mayo;24.057
41 Sevilla;No residentes en España;Junio;41.587
41 Sevilla;No residentes en España;Julio;55.186
41 Sevilla;No residentes en España;Agosto;74.687
41 Sevilla;No residentes en España;Septiembre;81.845
41 Sevilla;No residentes en España;Octubre;107.062
41 Sevilla;No residentes en España;Noviembre;86.826
41 Sevilla;No residentes en España;Diciembre;67.503
41 Sevilla;Unión Europea 27 (sin España);Total;355.881
41 Sevilla;Unión Europea 27 (sin España);Enero;3.024
41 Sevilla;Unión Europea 27 (sin España);Febrero;2.177
41 Sevilla;Unión Europea 27 (sin España);Marzo;3.355
41 Sevilla;Unión Europea 27 (sin España);Abril;6.257
41 Sevilla;Unión Europea 27 (sin España);Mayo;16.965
41 Sevilla;Unión Europea 27 (sin España);Junio;29.284
41 Sevilla;Unión Europea 27 (sin España);Julio;36.817
41 Sevilla;Unión Europea 27 (sin España);Agosto;53.757
41 Sevilla;Unión Europea 27 (sin España);Septiembre;50.400
41 Sevilla;Unión Europea 27 (sin España);Octubre;64.720
41 Sevilla;Unión Europea 27 (sin España);Noviembre;51.987
41 Sevilla;Unión Europea 27 (sin España);Diciembre;37.137
41 Sevilla;Alemania;Total;31.893
41 Sevilla;Alemania;Enero;296
41 Sevilla;Alemania;Febrero;181
41 Sevilla;Alemania;Marzo;398
41 Sevilla;Alemania;Abril;514
41 Sevilla;Alemania;Mayo;1.143
41 Sevilla;Alemania;Junio;2.011
41 Sevilla;Alemania;Julio;2.846
41 Sevilla;Alemania;Agosto;2.413
41 Sevilla;Alemania;Septiembre;5.224
41 Sevilla;Alemania;Octubre;7.792
41 Sevilla;Alemania;Noviembre;5.939
41 Sevilla;Alemania;Diciembre;3.137
41 Sevilla;Austria;Total;3.591
41 Sevilla;Austria;Enero;..
41 Sevilla;Austria;Febrero;..
41 Sevilla;Austria;Marzo;23
41 Sevilla;Austria;Abril;48
41 Sevilla;Austria;Mayo;183
41 Sevilla;Austria;Junio;221
41 Sevilla;Austria;Julio;379
41 Sevilla;Austria;Agosto;326
41 Sevilla;Austria;Septiembre;502
41 Sevilla;Austria;Octubre;1.180
41 Sevilla;Austria;Noviembre;408
41 Sevilla;Austria;Diciembre;296
41 Sevilla;Bélgica;Total;17.591
41 Sevilla;Bélgica;Enero;184
41 Sevilla;Bélgica;Febrero;133
41 Sevilla;Bélgica;Marzo;162
41 Sevilla;Bélgica;Abril;260
41 Sevilla;Bélgica;Mayo;770
41 Sevilla;Bélgica;Junio;2.024
41 Sevilla;Bélgica;Julio;2.114
41 Sevilla;Bélgica;Agosto;1.924
41 Sevilla;Bélgica;Septiembre;2.402
41 Sevilla;Bélgica;Octubre;3.338
41 Sevilla;Bélgica;Noviembre;2.870
41 Sevilla;Bélgica;Diciembre;1.410
41 Sevilla;Dinamarca;Total;4.251
41 Sevilla;Dinamarca;Enero;17
41 Sevilla;Dinamarca;Febrero;18
41 Sevilla;Dinamarca;Marzo;26
41 Sevilla;Dinamarca;Abril;116
41 Sevilla;Dinamarca;Mayo;98
41 Sevilla;Dinamarca;Junio;330
41 Sevilla;Dinamarca;Julio;488
41 Sevilla;Dinamarca;Agosto;294
41 Sevilla;Dinamarca;Septiembre;529
41 Sevilla;Dinamarca;Octubre;1.145
41 Sevilla;Dinamarca;Noviembre;838
41 Sevilla;Dinamarca;Diciembre;351
41 Sevilla;Finlandia;Total;1.911
41 Sevilla;Finlandia;Enero;..
41 Sevilla;Finlandia;Febrero;..
41 Sevilla;Finlandia;Marzo;11
41 Sevilla;Finlandia;Abril;55
41 Sevilla;Finlandia;Mayo;52
41 Sevilla;Finlandia;Junio;54
41 Sevilla;Finlandia;Julio;79
41 Sevilla;Finlandia;Agosto;143
41 Sevilla;Finlandia;Septiembre;262
41 Sevilla;Finlandia;Octubre;408
41 Sevilla;Finlandia;Noviembre;577
41 Sevilla;Finlandia;Diciembre;251
41 Sevilla;Francia;Total;108.588
41 Sevilla;Francia;Enero;823
41 Sevilla;Francia;Febrero;589
41 Sevilla;Francia;Marzo;1.074
41 Sevilla;Francia;Abril;2.477
41 Sevilla;Francia;Mayo;8.248
41 Sevilla;Francia;Junio;7.503
41 Sevilla;Francia;Julio;10.991
41 Sevilla;Francia;Agosto;17.169
41 Sevilla;Francia;Septiembre;14.061
41 Sevilla;Francia;Octubre;19.193
41 Sevilla;Francia;Noviembre;13.707
41 Sevilla;Francia;Diciembre;12.753
41 Sevilla;Grecia;Total;2.139
41 Sevilla;Grecia;Enero;..
41 Sevilla;Grecia;Febrero;..
41 Sevilla;Grecia;Marzo;14
41 Sevilla;Grecia;Abril;49
41 Sevilla;Grecia;Mayo;52
41 Sevilla;Grecia;Junio;101
41 Sevilla;Grecia;Julio;180
41 Sevilla;Grecia;Agosto;377
41 Sevilla;Grecia;Septiembre;204
41 Sevilla;Grecia;Octubre;589
41 Sevilla;Grecia;Noviembre;407
41 Sevilla;Grecia;Diciembre;147
41 Sevilla;Irlanda;Total;6.171
41 Sevilla;Irlanda;Enero;40
41 Sevilla;Irlanda;Febrero;20
41 Sevilla;Irlanda;Marzo;55
41 Sevilla;Irlanda;Abril;83
41 Sevilla;Irlanda;Mayo;184
41 Sevilla;Irlanda;Junio;304
41 Sevilla;Irlanda;Julio;534
41 Sevilla;Irlanda;Agosto;651
41 Sevilla;Irlanda;Septiembre;1.167
41 Sevilla;Irlanda;Octubre;1.492
41 Sevilla;Irlanda;Noviembre;894
41 Sevilla;Irlanda;Diciembre;747
41 Sevilla;Italia;Total;51.123
41 Sevilla;Italia;Enero;463
41 Sevilla;Italia;Febrero;289
41 Sevilla;Italia;Marzo;473
41 Sevilla;Italia;Abril;758
41 Sevilla;Italia;Mayo;1.320
41 Sevilla;Italia;Junio;3.228
41 Sevilla;Italia;Julio;5.347
41 Sevilla;Italia;Agosto;7.203
41 Sevilla;Italia;Septiembre;6.274
41 Sevilla;Italia;Octubre;8.353
41 Sevilla;Italia;Noviembre;9.169
41 Sevilla;Italia;Diciembre;8.245
41 Sevilla;Luxemburgo;Total;609
41 Sevilla;Luxemburgo;Enero;..
41 Sevilla;Luxemburgo;Febrero;..
41 Sevilla;Luxemburgo;Marzo;..
41 Sevilla;Luxemburgo;Abril;15
41 Sevilla;Luxemburgo;Mayo;46
41 Sevilla;Luxemburgo;Junio;20
41 Sevilla;Luxemburgo;Julio;56
41 Sevilla;Luxemburgo;Agosto;106
41 Sevilla;Luxemburgo;Septiembre;66
41 Sevilla;Luxemburgo;Octubre;135
41 Sevilla;Luxemburgo;Noviembre;105
41 Sevilla;Luxemburgo;Diciembre;44
41 Sevilla;Países Bajos;Total;32.955
41 Sevilla;Países Bajos;Enero;113
41 Sevilla;Países Bajos;Febrero;180
41 Sevilla;Países Bajos;Marzo;167
41 Sevilla;Países Bajos;Abril;304
41 Sevilla;Países Bajos;Mayo;936
41 Sevilla;Países Bajos;Junio;1.352
41 Sevilla;Países Bajos;Julio;2.628
41 Sevilla;Países Bajos;Agosto;3.390
41 Sevilla;Países Bajos;Septiembre;5.934
41 Sevilla;Países Bajos;Octubre;8.783
41 Sevilla;Países Bajos;Noviembre;5.879
41 Sevilla;Países Bajos;Diciembre;3.288
41 Sevilla;Polonia;Total;10.328
41 Sevilla;Polonia;Enero;118
41 Sevilla;Polonia;Febrero;38
41 Sevilla;Polonia;Marzo;66
41 Sevilla;Polonia;Abril;138
41 Sevilla;Polonia;Mayo;279
41 Sevilla;Polonia;Junio;3.127
41 Sevilla;Polonia;Julio;1.419
41 Sevilla;Polonia;Agosto;1.033
41 Sevilla;Polonia;Septiembre;1.243
41 Sevilla;Polonia;Octubre;1.097
41 Sevilla;Polonia;Noviembre;1.093
41 Sevilla;Polonia;Diciembre;677
41 Sevilla;Portugal;Total;58.429
41 Sevilla;Portugal;Enero;632
41 Sevilla;Portugal;Febrero;346
41 Sevilla;Portugal;Marzo;501
41 Sevilla;Portugal;Abril;799
41 Sevilla;Portugal;Mayo;2.324
41 Sevilla;Portugal;Junio;5.870
41 Sevilla;Portugal;Julio;7.066
41 Sevilla;Portugal;Agosto;15.943
41 Sevilla;Portugal;Septiembre;9.619
41 Sevilla;Portugal;Octubre;7.175
41 Sevilla;Portugal;Noviembre;4.580
41 Sevilla;Portugal;Diciembre;3.576
41 Sevilla;República Checa;Total;2.478
41 Sevilla;República Checa;Enero;..
41 Sevilla;República Checa;Febrero;..
41 Sevilla;República Checa;Marzo;25
41 Sevilla;República Checa;Abril;66
41 Sevilla;República Checa;Mayo;195
41 Sevilla;República Checa;Junio;137
41 Sevilla;República Checa;Julio;233
41 Sevilla;República Checa;Agosto;147
41 Sevilla;República Checa;Septiembre;470
41 Sevilla;República Checa;Octubre;540
41 Sevilla;República Checa;Noviembre;523
41 Sevilla;República Checa;Diciembre;111
41 Sevilla;Suecia;Total;6.595
41 Sevilla;Suecia;Enero;45
41 Sevilla;Suecia;Febrero;41
41 Sevilla;Suecia;Marzo;43
41 Sevilla;Suecia;Abril;64
41 Sevilla;Suecia;Mayo;143
41 Sevilla;Suecia;Junio;1.198
41 Sevilla;Suecia;Julio;584
41 Sevilla;Suecia;Agosto;316
41 Sevilla;Suecia;Septiembre;388
41 Sevilla;Suecia;Octubre;887
41 Sevilla;Suecia;Noviembre;2.469
41 Sevilla;Suecia;Diciembre;418
41 Sevilla;Noruega;Total;1.795
41 Sevilla;Noruega;Enero;20
41 Sevilla;Noruega;Febrero;..
41 Sevilla;Noruega;Marzo;..
41 Sevilla;Noruega;Abril;56
41 Sevilla;Noruega;Mayo;47
41 Sevilla;Noruega;Junio;59
41 Sevilla;Noruega;Julio;98
41 Sevilla;Noruega;Agosto;107
41 Sevilla;Noruega;Septiembre;209
41 Sevilla;Noruega;Octubre;422
41 Sevilla;Noruega;Noviembre;484
41 Sevilla;Noruega;Diciembre;290
41 Sevilla;Reino Unido;Total;38.907
41 Sevilla;Reino Unido;Enero;149
41 Sevilla;Reino Unido;Febrero;129
41 Sevilla;Reino Unido;Marzo;218
41 Sevilla;Reino Unido;Abril;422
41 Sevilla;Reino Unido;Mayo;839
41 Sevilla;Reino Unido;Junio;1.833
41 Sevilla;Reino Unido;Julio;2.823
41 Sevilla;Reino Unido;Agosto;4.109
41 Sevilla;Reino Unido;Septiembre;6.598
41 Sevilla;Reino Unido;Octubre;10.739
41 Sevilla;Reino Unido;Noviembre;7.294
41 Sevilla;Reino Unido;Diciembre;3.753
41 Sevilla;Rusia;Total;2.973
41 Sevilla;Rusia;Enero;28
41 Sevilla;Rusia;Febrero;67
41 Sevilla;Rusia;Marzo;48
41 Sevilla;Rusia;Abril;77
41 Sevilla;Rusia;Mayo;188
41 Sevilla;Rusia;Junio;260
41 Sevilla;Rusia;Julio;202
41 Sevilla;Rusia;Agosto;233
41 Sevilla;Rusia;Septiembre;384
41 Sevilla;Rusia;Octubre;478
41 Sevilla;Rusia;Noviembre;527
41 Sevilla;Rusia;Diciembre;483
41 Sevilla;Suiza;Total;11.392
41 Sevilla;Suiza;Enero;41
41 Sevilla;Suiza;Febrero;23
41 Sevilla;Suiza;Marzo;109
41 Sevilla;Suiza;Abril;591
41 Sevilla;Suiza;Mayo;624
41 Sevilla;Suiza;Junio;1.079
41 Sevilla;Suiza;Julio;1.127
41 Sevilla;Suiza;Agosto;938
41 Sevilla;Suiza;Septiembre;1.699
41 Sevilla;Suiza;Octubre;3.076
41 Sevilla;Suiza;Noviembre;1.350
41 Sevilla;Suiza;Diciembre;736
41 Sevilla;Resto de Europa sin U.E.;Total;15.431
41 Sevilla;Resto de Europa sin U.E.;Enero;244
41 Sevilla;Resto de Europa sin U.E.;Febrero;212
41 Sevilla;Resto de Europa sin U.E.;Marzo;315
41 Sevilla;Resto de Europa sin U.E.;Abril;739
41 Sevilla;Resto de Europa sin U.E.;Mayo;700
41 Sevilla;Resto de Europa sin U.E.;Junio;1.583
41 Sevilla;Resto de Europa sin U.E.;Julio;1.344
41 Sevilla;Resto de Europa sin U.E.;Agosto;1.313
41 Sevilla;Resto de Europa sin U.E.;Septiembre;1.873
41 Sevilla;Resto de Europa sin U.E.;Octubre;2.344
41 Sevilla;Resto de Europa sin U.E.;Noviembre;2.811
41 Sevilla;Resto de Europa sin U.E.;Diciembre;1.953
41 Sevilla;Japón;Total;817
41 Sevilla;Japón;Enero;12
41 Sevilla;Japón;Febrero;..
41 Sevilla;Japón;Marzo;..
41 Sevilla;Japón;Abril;54
41 Sevilla;Japón;Mayo;55
41 Sevilla;Japón;Junio;80
41 Sevilla;Japón;Julio;86
41 Sevilla;Japón;Agosto;126
41 Sevilla;Japón;Septiembre;64
41 Sevilla;Japón;Octubre;80
41 Sevilla;Japón;Noviembre;128
41 Sevilla;Japón;Diciembre;118
41 Sevilla;República China;Total;4.415
41 Sevilla;República China;Enero;85
41 Sevilla;República China;Febrero;39
41 Sevilla;República China;Marzo;104
41 Sevilla;República China;Abril;135
41 Sevilla;República China;Mayo;109
41 Sevilla;República China;Junio;580
41 Sevilla;República China;Julio;282
41 Sevilla;República China;Agosto;321
41 Sevilla;República China;Septiembre;387
41 Sevilla;República China;Octubre;253
41 Sevilla;República China;Noviembre;537
41 Sevilla;República China;Diciembre;1.582
41 Sevilla;Estados Unidos;Total;47.861
41 Sevilla;Estados Unidos;Enero;215
41 Sevilla;Estados Unidos;Febrero;73
41 Sevilla;Estados Unidos;Marzo;278
41 Sevilla;Estados Unidos;Abril;424
41 Sevilla;Estados Unidos;Mayo;1.100
41 Sevilla;Estados Unidos;Junio;2.252
41 Sevilla;Estados Unidos;Julio;5.349
41 Sevilla;Estados Unidos;Agosto;4.430
41 Sevilla;Estados Unidos;Septiembre;7.620
41 Sevilla;Estados Unidos;Octubre;9.313
41 Sevilla;Estados Unidos;Noviembre;8.474
41 Sevilla;Estados Unidos;Diciembre;8.335
41 Sevilla;Resto de América;Total;51.197
41 Sevilla;Resto de América;Enero;536
41 Sevilla;Resto de América;Febrero;389
41 Sevilla;Resto de América;Marzo;786
41 Sevilla;Resto de América;Abril;846
41 Sevilla;Resto de América;Mayo;1.744
41 Sevilla;Resto de América;Junio;2.760
41 Sevilla;Resto de América;Julio;4.665
41 Sevilla;Resto de América;Agosto;4.946
41 Sevilla;Resto de América;Septiembre;8.351
41 Sevilla;Resto de América;Octubre;9.240
41 Sevilla;Resto de América;Noviembre;8.499
41 Sevilla;Resto de América;Diciembre;8.435
41 Sevilla;Países africanos;Total;7.801
41 Sevilla;Países africanos;Enero;593
41 Sevilla;Países africanos;Febrero;402
41 Sevilla;Países africanos;Marzo;331
41 Sevilla;Países africanos;Abril;198
41 Sevilla;Países africanos;Mayo;383
41 Sevilla;Países africanos;Junio;707
41 Sevilla;Países africanos;Julio;718
41 Sevilla;Países africanos;Agosto;856
41 Sevilla;Países africanos;Septiembre;869
41 Sevilla;Países africanos;Octubre;962
41 Sevilla;Países africanos;Noviembre;999
41 Sevilla;Países africanos;Diciembre;783
42 Soria;Total;Total;161.783
42 Soria;Total;Enero;2.373
42 Soria;Total;Febrero;2.728
42 Soria;Total;Marzo;4.925
42 Soria;Total;Abril;6.378
42 Soria;Total;Mayo;10.105
42 Soria;Total;Junio;16.871
42 Soria;Total;Julio;21.495
42 Soria;Total;Agosto;28.621
42 Soria;Total;Septiembre;21.514
42 Soria;Total;Octubre;21.549
42 Soria;Total;Noviembre;14.510
42 Soria;Total;Diciembre;10.716
42 Soria;Residentes en España;Total;151.178
42 Soria;Residentes en España;Enero;2.151
42 Soria;Residentes en España;Febrero;2.517
42 Soria;Residentes en España;Marzo;4.672
42 Soria;Residentes en España;Abril;6.224
42 Soria;Residentes en España;Mayo;9.587
42 Soria;Residentes en España;Junio;16.086
42 Soria;Residentes en España;Julio;20.352
42 Soria;Residentes en España;Agosto;27.213
42 Soria;Residentes en España;Septiembre;19.798
42 Soria;Residentes en España;Octubre;19.913
42 Soria;Residentes en España;Noviembre;12.899
42 Soria;Residentes en España;Diciembre;9.765
42 Soria;No residentes en España;Total;10.605
42 Soria;No residentes en España;Enero;222
42 Soria;No residentes en España;Febrero;210
42 Soria;No residentes en España;Marzo;253
42 Soria;No residentes en España;Abril;153
42 Soria;No residentes en España;Mayo;518
42 Soria;No residentes en España;Junio;785
42 Soria;No residentes en España;Julio;1.143
42 Soria;No residentes en España;Agosto;1.407
42 Soria;No residentes en España;Septiembre;1.716
42 Soria;No residentes en España;Octubre;1.637
42 Soria;No residentes en España;Noviembre;1.611
42 Soria;No residentes en España;Diciembre;951
42 Soria;Unión Europea 27 (sin España);Total;7.159
42 Soria;Unión Europea 27 (sin España);Enero;158
42 Soria;Unión Europea 27 (sin España);Febrero;185
42 Soria;Unión Europea 27 (sin España);Marzo;157
42 Soria;Unión Europea 27 (sin España);Abril;115
42 Soria;Unión Europea 27 (sin España);Mayo;376
42 Soria;Unión Europea 27 (sin España);Junio;536
42 Soria;Unión Europea 27 (sin España);Julio;789
42 Soria;Unión Europea 27 (sin España);Agosto;1.033
42 Soria;Unión Europea 27 (sin España);Septiembre;1.143
42 Soria;Unión Europea 27 (sin España);Octubre;1.058
42 Soria;Unión Europea 27 (sin España);Noviembre;1.148
42 Soria;Unión Europea 27 (sin España);Diciembre;462
42 Soria;Alemania;Total;744
42 Soria;Alemania;Enero;..
42 Soria;Alemania;Febrero;..
42 Soria;Alemania;Marzo;..
42 Soria;Alemania;Abril;10
42 Soria;Alemania;Mayo;29
42 Soria;Alemania;Junio;63
42 Soria;Alemania;Julio;88
42 Soria;Alemania;Agosto;120
42 Soria;Alemania;Septiembre;173
42 Soria;Alemania;Octubre;131
42 Soria;Alemania;Noviembre;54
42 Soria;Alemania;Diciembre;67
42 Soria;Austria;Total;74
42 Soria;Austria;Enero;..
42 Soria;Austria;Febrero;..
42 Soria;Austria;Marzo;..
42 Soria;Austria;Abril;..
42 Soria;Austria;Mayo;..
42 Soria;Austria;Junio;..
42 Soria;Austria;Julio;..
42 Soria;Austria;Agosto;..
42 Soria;Austria;Septiembre;19
42 Soria;Austria;Octubre;..
42 Soria;Austria;Noviembre;29
42 Soria;Austria;Diciembre;..
42 Soria;Bélgica;Total;556
42 Soria;Bélgica;Enero;..
42 Soria;Bélgica;Febrero;..
42 Soria;Bélgica;Marzo;..
42 Soria;Bélgica;Abril;..
42 Soria;Bélgica;Mayo;..
42 Soria;Bélgica;Junio;27
42 Soria;Bélgica;Julio;138
42 Soria;Bélgica;Agosto;29
42 Soria;Bélgica;Septiembre;97
42 Soria;Bélgica;Octubre;71
42 Soria;Bélgica;Noviembre;171
42 Soria;Bélgica;Diciembre;..
42 Soria;Dinamarca;Total;124
42 Soria;Dinamarca;Enero;16
42 Soria;Dinamarca;Febrero;..
42 Soria;Dinamarca;Marzo;..
42 Soria;Dinamarca;Abril;..
42 Soria;Dinamarca;Mayo;..
42 Soria;Dinamarca;Junio;..
42 Soria;Dinamarca;Julio;..
42 Soria;Dinamarca;Agosto;..
42 Soria;Dinamarca;Septiembre;..
42 Soria;Dinamarca;Octubre;12
42 Soria;Dinamarca;Noviembre;32
42 Soria;Dinamarca;Diciembre;18
42 Soria;Finlandia;Total;58
42 Soria;Finlandia;Enero;..
42 Soria;Finlandia;Febrero;..
42 Soria;Finlandia;Marzo;..
42 Soria;Finlandia;Abril;..
42 Soria;Finlandia;Mayo;22
42 Soria;Finlandia;Junio;..
42 Soria;Finlandia;Julio;..
42 Soria;Finlandia;Agosto;..
42 Soria;Finlandia;Septiembre;..
42 Soria;Finlandia;Octubre;..
42 Soria;Finlandia;Noviembre;..
42 Soria;Finlandia;Diciembre;..
42 Soria;Francia;Total;2.101
42 Soria;Francia;Enero;40
42 Soria;Francia;Febrero;91
42 Soria;Francia;Marzo;..
42 Soria;Francia;Abril;..
42 Soria;Francia;Mayo;171
42 Soria;Francia;Junio;132
42 Soria;Francia;Julio;210
42 Soria;Francia;Agosto;422
42 Soria;Francia;Septiembre;393
42 Soria;Francia;Octubre;306
42 Soria;Francia;Noviembre;178
42 Soria;Francia;Diciembre;130
42 Soria;Grecia;Total;33
42 Soria;Grecia;Enero;..
42 Soria;Grecia;Febrero;..
42 Soria;Grecia;Marzo;..
42 Soria;Grecia;Abril;..
42 Soria;Grecia;Mayo;..
42 Soria;Grecia;Junio;..
42 Soria;Grecia;Julio;11
42 Soria;Grecia;Agosto;..
42 Soria;Grecia;Septiembre;..
42 Soria;Grecia;Octubre;..
42 Soria;Grecia;Noviembre;..
42 Soria;Grecia;Diciembre;..
42 Soria;Irlanda;Total;147
42 Soria;Irlanda;Enero;..
42 Soria;Irlanda;Febrero;..
42 Soria;Irlanda;Marzo;..
42 Soria;Irlanda;Abril;..
42 Soria;Irlanda;Mayo;..
42 Soria;Irlanda;Junio;..
42 Soria;Irlanda;Julio;..
42 Soria;Irlanda;Agosto;21
42 Soria;Irlanda;Septiembre;36
42 Soria;Irlanda;Octubre;27
42 Soria;Irlanda;Noviembre;..
42 Soria;Irlanda;Diciembre;..
42 Soria;Italia;Total;812
42 Soria;Italia;Enero;13
42 Soria;Italia;Febrero;13
42 Soria;Italia;Marzo;17
42 Soria;Italia;Abril;..
42 Soria;Italia;Mayo;..
42 Soria;Italia;Junio;52
42 Soria;Italia;Julio;64
42 Soria;Italia;Agosto;97
42 Soria;Italia;Septiembre;57
42 Soria;Italia;Octubre;51
42 Soria;Italia;Noviembre;378
42 Soria;Italia;Diciembre;50
42 Soria;Luxemburgo;Total;14
42 Soria;Luxemburgo;Enero;..
42 Soria;Luxemburgo;Febrero;..
42 Soria;Luxemburgo;Marzo;..
42 Soria;Luxemburgo;Abril;..
42 Soria;Luxemburgo;Mayo;..
42 Soria;Luxemburgo;Junio;..
42 Soria;Luxemburgo;Julio;..
42 Soria;Luxemburgo;Agosto;..
42 Soria;Luxemburgo;Septiembre;..
42 Soria;Luxemburgo;Octubre;..
42 Soria;Luxemburgo;Noviembre;..
42 Soria;Luxemburgo;Diciembre;..
42 Soria;Países Bajos;Total;523
42 Soria;Países Bajos;Enero;..
42 Soria;Países Bajos;Febrero;..
42 Soria;Países Bajos;Marzo;..
42 Soria;Países Bajos;Abril;..
42 Soria;Países Bajos;Mayo;..
42 Soria;Países Bajos;Junio;12
42 Soria;Países Bajos;Julio;..
42 Soria;Países Bajos;Agosto;39
42 Soria;Países Bajos;Septiembre;151
42 Soria;Países Bajos;Octubre;221
42 Soria;Países Bajos;Noviembre;25
42 Soria;Países Bajos;Diciembre;23
42 Soria;Polonia;Total;118
42 Soria;Polonia;Enero;12
42 Soria;Polonia;Febrero;..
42 Soria;Polonia;Marzo;..
42 Soria;Polonia;Abril;..
42 Soria;Polonia;Mayo;..
42 Soria;Polonia;Junio;..
42 Soria;Polonia;Julio;..
42 Soria;Polonia;Agosto;22
42 Soria;Polonia;Septiembre;16
42 Soria;Polonia;Octubre;..
42 Soria;Polonia;Noviembre;13
42 Soria;Polonia;Diciembre;..
42 Soria;Portugal;Total;1.128
42 Soria;Portugal;Enero;56
42 Soria;Portugal;Febrero;..
42 Soria;Portugal;Marzo;47
42 Soria;Portugal;Abril;..
42 Soria;Portugal;Mayo;56
42 Soria;Portugal;Junio;133
42 Soria;Portugal;Julio;132
42 Soria;Portugal;Agosto;219
42 Soria;Portugal;Septiembre;63
42 Soria;Portugal;Octubre;164
42 Soria;Portugal;Noviembre;104
42 Soria;Portugal;Diciembre;105
42 Soria;República Checa;Total;36
42 Soria;República Checa;Enero;..
42 Soria;República Checa;Febrero;..
42 Soria;República Checa;Marzo;..
42 Soria;República Checa;Abril;..
42 Soria;República Checa;Mayo;..
42 Soria;República Checa;Junio;..
42 Soria;República Checa;Julio;..
42 Soria;República Checa;Agosto;..
42 Soria;República Checa;Septiembre;..
42 Soria;República Checa;Octubre;..
42 Soria;República Checa;Noviembre;..
42 Soria;República Checa;Diciembre;..
42 Soria;Suecia;Total;43
42 Soria;Suecia;Enero;..
42 Soria;Suecia;Febrero;..
42 Soria;Suecia;Marzo;..
42 Soria;Suecia;Abril;..
42 Soria;Suecia;Mayo;..
42 Soria;Suecia;Junio;..
42 Soria;Suecia;Julio;..
42 Soria;Suecia;Agosto;..
42 Soria;Suecia;Septiembre;..
42 Soria;Suecia;Octubre;..
42 Soria;Suecia;Noviembre;..
42 Soria;Suecia;Diciembre;..
42 Soria;Noruega;Total;49
42 Soria;Noruega;Enero;..
42 Soria;Noruega;Febrero;..
42 Soria;Noruega;Marzo;..
42 Soria;Noruega;Abril;..
42 Soria;Noruega;Mayo;..
42 Soria;Noruega;Junio;..
42 Soria;Noruega;Julio;..
42 Soria;Noruega;Agosto;..
42 Soria;Noruega;Septiembre;..
42 Soria;Noruega;Octubre;..
42 Soria;Noruega;Noviembre;..
42 Soria;Noruega;Diciembre;..
42 Soria;Reino Unido;Total;837
42 Soria;Reino Unido;Enero;..
42 Soria;Reino Unido;Febrero;..
42 Soria;Reino Unido;Marzo;..
42 Soria;Reino Unido;Abril;..
42 Soria;Reino Unido;Mayo;..
42 Soria;Reino Unido;Junio;86
42 Soria;Reino Unido;Julio;56
42 Soria;Reino Unido;Agosto;149
42 Soria;Reino Unido;Septiembre;279
42 Soria;Reino Unido;Octubre;152
42 Soria;Reino Unido;Noviembre;59
42 Soria;Reino Unido;Diciembre;24
42 Soria;Rusia;Total;14
42 Soria;Rusia;Enero;..
42 Soria;Rusia;Febrero;..
42 Soria;Rusia;Marzo;..
42 Soria;Rusia;Abril;..
42 Soria;Rusia;Mayo;..
42 Soria;Rusia;Junio;..
42 Soria;Rusia;Julio;..
42 Soria;Rusia;Agosto;..
42 Soria;Rusia;Septiembre;..
42 Soria;Rusia;Octubre;..
42 Soria;Rusia;Noviembre;..
42 Soria;Rusia;Diciembre;..
42 Soria;Suiza;Total;145
42 Soria;Suiza;Enero;..
42 Soria;Suiza;Febrero;..
42 Soria;Suiza;Marzo;..
42 Soria;Suiza;Abril;..
42 Soria;Suiza;Mayo;15
42 Soria;Suiza;Junio;22
42 Soria;Suiza;Julio;17
42 Soria;Suiza;Agosto;29
42 Soria;Suiza;Septiembre;29
42 Soria;Suiza;Octubre;..
42 Soria;Suiza;Noviembre;..
42 Soria;Suiza;Diciembre;..
42 Soria;Resto de Europa sin U.E.;Total;281
42 Soria;Resto de Europa sin U.E.;Enero;..
42 Soria;Resto de Europa sin U.E.;Febrero;..
42 Soria;Resto de Europa sin U.E.;Marzo;..
42 Soria;Resto de Europa sin U.E.;Abril;..
42 Soria;Resto de Europa sin U.E.;Mayo;..
42 Soria;Resto de Europa sin U.E.;Junio;..
42 Soria;Resto de Europa sin U.E.;Julio;26
42 Soria;Resto de Europa sin U.E.;Agosto;44
42 Soria;Resto de Europa sin U.E.;Septiembre;38
42 Soria;Resto de Europa sin U.E.;Octubre;40
42 Soria;Resto de Europa sin U.E.;Noviembre;..
42 Soria;Resto de Europa sin U.E.;Diciembre;36
42 Soria;Japón;Total;..
42 Soria;Japón;Enero;..
42 Soria;Japón;Febrero;..
42 Soria;Japón;Marzo;..
42 Soria;Japón;Abril;..
42 Soria;Japón;Mayo;..
42 Soria;Japón;Junio;..
42 Soria;Japón;Julio;..
42 Soria;Japón;Agosto;..
42 Soria;Japón;Septiembre;..
42 Soria;Japón;Octubre;..
42 Soria;Japón;Noviembre;..
42 Soria;Japón;Diciembre;..
42 Soria;República China;Total;134
42 Soria;República China;Enero;..
42 Soria;República China;Febrero;..
42 Soria;República China;Marzo;..
42 Soria;República China;Abril;..
42 Soria;República China;Mayo;..
42 Soria;República China;Junio;..
42 Soria;República China;Julio;..
42 Soria;República China;Agosto;..
42 Soria;República China;Septiembre;..
42 Soria;República China;Octubre;29
42 Soria;República China;Noviembre;65
42 Soria;República China;Diciembre;..
42 Soria;Estados Unidos;Total;231
42 Soria;Estados Unidos;Enero;..
42 Soria;Estados Unidos;Febrero;..
42 Soria;Estados Unidos;Marzo;..
42 Soria;Estados Unidos;Abril;..
42 Soria;Estados Unidos;Mayo;..
42 Soria;Estados Unidos;Junio;14
42 Soria;Estados Unidos;Julio;34
42 Soria;Estados Unidos;Agosto;26
42 Soria;Estados Unidos;Septiembre;13
42 Soria;Estados Unidos;Octubre;96
42 Soria;Estados Unidos;Noviembre;32
42 Soria;Estados Unidos;Diciembre;16
42 Soria;Resto de América;Total;1.283
42 Soria;Resto de América;Enero;12
42 Soria;Resto de América;Febrero;..
42 Soria;Resto de América;Marzo;37
42 Soria;Resto de América;Abril;..
42 Soria;Resto de América;Mayo;56
42 Soria;Resto de América;Junio;63
42 Soria;Resto de América;Julio;165
42 Soria;Resto de América;Agosto;102
42 Soria;Resto de América;Septiembre;134
42 Soria;Resto de América;Octubre;202
42 Soria;Resto de América;Noviembre;130
42 Soria;Resto de América;Diciembre;362
42 Soria;Países africanos;Total;229
42 Soria;Países africanos;Enero;26
42 Soria;Países africanos;Febrero;..
42 Soria;Países africanos;Marzo;26
42 Soria;Países africanos;Abril;..
42 Soria;Países africanos;Mayo;27
42 Soria;Países africanos;Junio;18
42 Soria;Países africanos;Julio;..
42 Soria;Países africanos;Agosto;..
42 Soria;Países africanos;Septiembre;37
42 Soria;Países africanos;Octubre;19
42 Soria;Países africanos;Noviembre;28
42 Soria;Países africanos;Diciembre;22
43 Tarragona;Total;Total;1.866.734
43 Tarragona;Total;Enero;11.362
43 Tarragona;Total;Febrero;12.574
43 Tarragona;Total;Marzo;26.424
43 Tarragona;Total;Abril;34.708
43 Tarragona;Total;Mayo;84.960
43 Tarragona;Total;Junio;229.467
43 Tarragona;Total;Julio;371.129
43 Tarragona;Total;Agosto;458.705
43 Tarragona;Total;Septiembre;272.001
43 Tarragona;Total;Octubre;214.720
43 Tarragona;Total;Noviembre;71.831
43 Tarragona;Total;Diciembre;78.853
43 Tarragona;Residentes en España;Total;1.463.049
43 Tarragona;Residentes en España;Enero;9.267
43 Tarragona;Residentes en España;Febrero;10.914
43 Tarragona;Residentes en España;Marzo;23.379
43 Tarragona;Residentes en España;Abril;30.568
43 Tarragona;Residentes en España;Mayo;73.839
43 Tarragona;Residentes en España;Junio;201.551
43 Tarragona;Residentes en España;Julio;298.021
43 Tarragona;Residentes en España;Agosto;349.236
43 Tarragona;Residentes en España;Septiembre;208.406
43 Tarragona;Residentes en España;Octubre;143.337
43 Tarragona;Residentes en España;Noviembre;51.846
43 Tarragona;Residentes en España;Diciembre;62.684
43 Tarragona;No residentes en España;Total;403.685
43 Tarragona;No residentes en España;Enero;2.095
43 Tarragona;No residentes en España;Febrero;1.660
43 Tarragona;No residentes en España;Marzo;3.045
43 Tarragona;No residentes en España;Abril;4.139
43 Tarragona;No residentes en España;Mayo;11.122
43 Tarragona;No residentes en España;Junio;27.916
43 Tarragona;No residentes en España;Julio;73.108
43 Tarragona;No residentes en España;Agosto;109.468
43 Tarragona;No residentes en España;Septiembre;63.595
43 Tarragona;No residentes en España;Octubre;71.383
43 Tarragona;No residentes en España;Noviembre;19.985
43 Tarragona;No residentes en España;Diciembre;16.169
43 Tarragona;Unión Europea 27 (sin España);Total;319.393
43 Tarragona;Unión Europea 27 (sin España);Enero;1.224
43 Tarragona;Unión Europea 27 (sin España);Febrero;865
43 Tarragona;Unión Europea 27 (sin España);Marzo;1.730
43 Tarragona;Unión Europea 27 (sin España);Abril;2.674
43 Tarragona;Unión Europea 27 (sin España);Mayo;8.300
43 Tarragona;Unión Europea 27 (sin España);Junio;20.782
43 Tarragona;Unión Europea 27 (sin España);Julio;58.231
43 Tarragona;Unión Europea 27 (sin España);Agosto;90.772
43 Tarragona;Unión Europea 27 (sin España);Septiembre;48.844
43 Tarragona;Unión Europea 27 (sin España);Octubre;58.779
43 Tarragona;Unión Europea 27 (sin España);Noviembre;15.490
43 Tarragona;Unión Europea 27 (sin España);Diciembre;11.702
43 Tarragona;Alemania;Total;18.632
43 Tarragona;Alemania;Enero;150
43 Tarragona;Alemania;Febrero;121
43 Tarragona;Alemania;Marzo;156
43 Tarragona;Alemania;Abril;175
43 Tarragona;Alemania;Mayo;568
43 Tarragona;Alemania;Junio;1.288
43 Tarragona;Alemania;Julio;2.618
43 Tarragona;Alemania;Agosto;3.819
43 Tarragona;Alemania;Septiembre;3.940
43 Tarragona;Alemania;Octubre;4.016
43 Tarragona;Alemania;Noviembre;1.036
43 Tarragona;Alemania;Diciembre;746
43 Tarragona;Austria;Total;1.210
43 Tarragona;Austria;Enero;..
43 Tarragona;Austria;Febrero;..
43 Tarragona;Austria;Marzo;16
43 Tarragona;Austria;Abril;24
43 Tarragona;Austria;Mayo;44
43 Tarragona;Austria;Junio;87
43 Tarragona;Austria;Julio;145
43 Tarragona;Austria;Agosto;209
43 Tarragona;Austria;Septiembre;136
43 Tarragona;Austria;Octubre;326
43 Tarragona;Austria;Noviembre;90
43 Tarragona;Austria;Diciembre;116
43 Tarragona;Bélgica;Total;18.791
43 Tarragona;Bélgica;Enero;106
43 Tarragona;Bélgica;Febrero;64
43 Tarragona;Bélgica;Marzo;57
43 Tarragona;Bélgica;Abril;147
43 Tarragona;Bélgica;Mayo;304
43 Tarragona;Bélgica;Junio;1.209
43 Tarragona;Bélgica;Julio;4.686
43 Tarragona;Bélgica;Agosto;4.382
43 Tarragona;Bélgica;Septiembre;4.151
43 Tarragona;Bélgica;Octubre;2.570
43 Tarragona;Bélgica;Noviembre;589
43 Tarragona;Bélgica;Diciembre;527
43 Tarragona;Dinamarca;Total;2.021
43 Tarragona;Dinamarca;Enero;..
43 Tarragona;Dinamarca;Febrero;..
43 Tarragona;Dinamarca;Marzo;36
43 Tarragona;Dinamarca;Abril;..
43 Tarragona;Dinamarca;Mayo;42
43 Tarragona;Dinamarca;Junio;82
43 Tarragona;Dinamarca;Julio;458
43 Tarragona;Dinamarca;Agosto;154
43 Tarragona;Dinamarca;Septiembre;641
43 Tarragona;Dinamarca;Octubre;453
43 Tarragona;Dinamarca;Noviembre;72
43 Tarragona;Dinamarca;Diciembre;41
43 Tarragona;Finlandia;Total;1.542
43 Tarragona;Finlandia;Enero;..
43 Tarragona;Finlandia;Febrero;..
43 Tarragona;Finlandia;Marzo;..
43 Tarragona;Finlandia;Abril;227
43 Tarragona;Finlandia;Mayo;52
43 Tarragona;Finlandia;Junio;95
43 Tarragona;Finlandia;Julio;110
43 Tarragona;Finlandia;Agosto;63
43 Tarragona;Finlandia;Septiembre;234
43 Tarragona;Finlandia;Octubre;519
43 Tarragona;Finlandia;Noviembre;120
43 Tarragona;Finlandia;Diciembre;114
43 Tarragona;Francia;Total;185.715
43 Tarragona;Francia;Enero;428
43 Tarragona;Francia;Febrero;259
43 Tarragona;Francia;Marzo;585
43 Tarragona;Francia;Abril;667
43 Tarragona;Francia;Mayo;4.750
43 Tarragona;Francia;Junio;12.000
43 Tarragona;Francia;Julio;32.346
43 Tarragona;Francia;Agosto;58.207
43 Tarragona;Francia;Septiembre;20.508
43 Tarragona;Francia;Octubre;38.020
43 Tarragona;Francia;Noviembre;10.287
43 Tarragona;Francia;Diciembre;7.658
43 Tarragona;Grecia;Total;439
43 Tarragona;Grecia;Enero;..
43 Tarragona;Grecia;Febrero;..
43 Tarragona;Grecia;Marzo;..
43 Tarragona;Grecia;Abril;..
43 Tarragona;Grecia;Mayo;30
43 Tarragona;Grecia;Junio;21
43 Tarragona;Grecia;Julio;32
43 Tarragona;Grecia;Agosto;96
43 Tarragona;Grecia;Septiembre;109
43 Tarragona;Grecia;Octubre;68
43 Tarragona;Grecia;Noviembre;48
43 Tarragona;Grecia;Diciembre;..
43 Tarragona;Irlanda;Total;13.936
43 Tarragona;Irlanda;Enero;21
43 Tarragona;Irlanda;Febrero;..
43 Tarragona;Irlanda;Marzo;..
43 Tarragona;Irlanda;Abril;41
43 Tarragona;Irlanda;Mayo;99
43 Tarragona;Irlanda;Junio;132
43 Tarragona;Irlanda;Julio;1.652
43 Tarragona;Irlanda;Agosto;3.392
43 Tarragona;Irlanda;Septiembre;4.617
43 Tarragona;Irlanda;Octubre;3.780
43 Tarragona;Irlanda;Noviembre;112
43 Tarragona;Irlanda;Diciembre;79
43 Tarragona;Italia;Total;12.495
43 Tarragona;Italia;Enero;149
43 Tarragona;Italia;Febrero;151
43 Tarragona;Italia;Marzo;327
43 Tarragona;Italia;Abril;565
43 Tarragona;Italia;Mayo;634
43 Tarragona;Italia;Junio;1.102
43 Tarragona;Italia;Julio;2.080
43 Tarragona;Italia;Agosto;2.383
43 Tarragona;Italia;Septiembre;1.779
43 Tarragona;Italia;Octubre;1.608
43 Tarragona;Italia;Noviembre;907
43 Tarragona;Italia;Diciembre;810
43 Tarragona;Luxemburgo;Total;624
43 Tarragona;Luxemburgo;Enero;..
43 Tarragona;Luxemburgo;Febrero;..
43 Tarragona;Luxemburgo;Marzo;..
43 Tarragona;Luxemburgo;Abril;..
43 Tarragona;Luxemburgo;Mayo;28
43 Tarragona;Luxemburgo;Junio;..
43 Tarragona;Luxemburgo;Julio;125
43 Tarragona;Luxemburgo;Agosto;184
43 Tarragona;Luxemburgo;Septiembre;106
43 Tarragona;Luxemburgo;Octubre;76
43 Tarragona;Luxemburgo;Noviembre;48
43 Tarragona;Luxemburgo;Diciembre;..
43 Tarragona;Países Bajos;Total;19.745
43 Tarragona;Países Bajos;Enero;50
43 Tarragona;Países Bajos;Febrero;51
43 Tarragona;Países Bajos;Marzo;101
43 Tarragona;Países Bajos;Abril;132
43 Tarragona;Países Bajos;Mayo;452
43 Tarragona;Países Bajos;Junio;828
43 Tarragona;Países Bajos;Julio;3.912
43 Tarragona;Países Bajos;Agosto;6.093
43 Tarragona;Países Bajos;Septiembre;4.550
43 Tarragona;Países Bajos;Octubre;2.528
43 Tarragona;Países Bajos;Noviembre;599
43 Tarragona;Países Bajos;Diciembre;448
43 Tarragona;Polonia;Total;5.658
43 Tarragona;Polonia;Enero;25
43 Tarragona;Polonia;Febrero;39
43 Tarragona;Polonia;Marzo;45
43 Tarragona;Polonia;Abril;88
43 Tarragona;Polonia;Mayo;151
43 Tarragona;Polonia;Junio;697
43 Tarragona;Polonia;Julio;859
43 Tarragona;Polonia;Agosto;1.240
43 Tarragona;Polonia;Septiembre;1.147
43 Tarragona;Polonia;Octubre;987
43 Tarragona;Polonia;Noviembre;264
43 Tarragona;Polonia;Diciembre;118
43 Tarragona;Portugal;Total;11.945
43 Tarragona;Portugal;Enero;55
43 Tarragona;Portugal;Febrero;63
43 Tarragona;Portugal;Marzo;143
43 Tarragona;Portugal;Abril;126
43 Tarragona;Portugal;Mayo;334
43 Tarragona;Portugal;Junio;755
43 Tarragona;Portugal;Julio;2.148
43 Tarragona;Portugal;Agosto;3.857
43 Tarragona;Portugal;Septiembre;2.884
43 Tarragona;Portugal;Octubre;972
43 Tarragona;Portugal;Noviembre;338
43 Tarragona;Portugal;Diciembre;271
43 Tarragona;República Checa;Total;1.224
43 Tarragona;República Checa;Enero;..
43 Tarragona;República Checa;Febrero;..
43 Tarragona;República Checa;Marzo;19
43 Tarragona;República Checa;Abril;..
43 Tarragona;República Checa;Mayo;51
43 Tarragona;República Checa;Junio;73
43 Tarragona;República Checa;Julio;269
43 Tarragona;República Checa;Agosto;194
43 Tarragona;República Checa;Septiembre;342
43 Tarragona;República Checa;Octubre;163
43 Tarragona;República Checa;Noviembre;48
43 Tarragona;República Checa;Diciembre;41
43 Tarragona;Suecia;Total;2.635
43 Tarragona;Suecia;Enero;59
43 Tarragona;Suecia;Febrero;..
43 Tarragona;Suecia;Marzo;..
43 Tarragona;Suecia;Abril;28
43 Tarragona;Suecia;Mayo;61
43 Tarragona;Suecia;Junio;145
43 Tarragona;Suecia;Julio;640
43 Tarragona;Suecia;Agosto;273
43 Tarragona;Suecia;Septiembre;381
43 Tarragona;Suecia;Octubre;665
43 Tarragona;Suecia;Noviembre;215
43 Tarragona;Suecia;Diciembre;162
43 Tarragona;Noruega;Total;624
43 Tarragona;Noruega;Enero;..
43 Tarragona;Noruega;Febrero;..
43 Tarragona;Noruega;Marzo;22
43 Tarragona;Noruega;Abril;..
43 Tarragona;Noruega;Mayo;..
43 Tarragona;Noruega;Junio;38
43 Tarragona;Noruega;Julio;94
43 Tarragona;Noruega;Agosto;43
43 Tarragona;Noruega;Septiembre;110
43 Tarragona;Noruega;Octubre;226
43 Tarragona;Noruega;Noviembre;50
43 Tarragona;Noruega;Diciembre;11
43 Tarragona;Reino Unido;Total;16.188
43 Tarragona;Reino Unido;Enero;53
43 Tarragona;Reino Unido;Febrero;93
43 Tarragona;Reino Unido;Marzo;97
43 Tarragona;Reino Unido;Abril;131
43 Tarragona;Reino Unido;Mayo;237
43 Tarragona;Reino Unido;Junio;795
43 Tarragona;Reino Unido;Julio;1.867
43 Tarragona;Reino Unido;Agosto;4.894
43 Tarragona;Reino Unido;Septiembre;3.339
43 Tarragona;Reino Unido;Octubre;3.440
43 Tarragona;Reino Unido;Noviembre;722
43 Tarragona;Reino Unido;Diciembre;521
43 Tarragona;Rusia;Total;3.624
43 Tarragona;Rusia;Enero;63
43 Tarragona;Rusia;Febrero;29
43 Tarragona;Rusia;Marzo;43
43 Tarragona;Rusia;Abril;74
43 Tarragona;Rusia;Mayo;151
43 Tarragona;Rusia;Junio;435
43 Tarragona;Rusia;Julio;823
43 Tarragona;Rusia;Agosto;641
43 Tarragona;Rusia;Septiembre;524
43 Tarragona;Rusia;Octubre;518
43 Tarragona;Rusia;Noviembre;140
43 Tarragona;Rusia;Diciembre;183
43 Tarragona;Suiza;Total;10.961
43 Tarragona;Suiza;Enero;74
43 Tarragona;Suiza;Febrero;24
43 Tarragona;Suiza;Marzo;52
43 Tarragona;Suiza;Abril;100
43 Tarragona;Suiza;Mayo;246
43 Tarragona;Suiza;Junio;623
43 Tarragona;Suiza;Julio;3.132
43 Tarragona;Suiza;Agosto;1.857
43 Tarragona;Suiza;Septiembre;1.803
43 Tarragona;Suiza;Octubre;2.160
43 Tarragona;Suiza;Noviembre;439
43 Tarragona;Suiza;Diciembre;453
43 Tarragona;Resto de Europa sin U.E.;Total;17.557
43 Tarragona;Resto de Europa sin U.E.;Enero;124
43 Tarragona;Resto de Europa sin U.E.;Febrero;134
43 Tarragona;Resto de Europa sin U.E.;Marzo;283
43 Tarragona;Resto de Europa sin U.E.;Abril;354
43 Tarragona;Resto de Europa sin U.E.;Mayo;881
43 Tarragona;Resto de Europa sin U.E.;Junio;1.890
43 Tarragona;Resto de Europa sin U.E.;Julio;3.089
43 Tarragona;Resto de Europa sin U.E.;Agosto;3.619
43 Tarragona;Resto de Europa sin U.E.;Septiembre;3.783
43 Tarragona;Resto de Europa sin U.E.;Octubre;1.926
43 Tarragona;Resto de Europa sin U.E.;Noviembre;725
43 Tarragona;Resto de Europa sin U.E.;Diciembre;749
43 Tarragona;Japón;Total;371
43 Tarragona;Japón;Enero;..
43 Tarragona;Japón;Febrero;..
43 Tarragona;Japón;Marzo;..
43 Tarragona;Japón;Abril;..
43 Tarragona;Japón;Mayo;102
43 Tarragona;Japón;Junio;33
43 Tarragona;Japón;Julio;66
43 Tarragona;Japón;Agosto;..
43 Tarragona;Japón;Septiembre;62
43 Tarragona;Japón;Octubre;41
43 Tarragona;Japón;Noviembre;..
43 Tarragona;Japón;Diciembre;24
43 Tarragona;República China;Total;906
43 Tarragona;República China;Enero;..
43 Tarragona;República China;Febrero;..
43 Tarragona;República China;Marzo;31
43 Tarragona;República China;Abril;19
43 Tarragona;República China;Mayo;35
43 Tarragona;República China;Junio;94
43 Tarragona;República China;Julio;88
43 Tarragona;República China;Agosto;102
43 Tarragona;República China;Septiembre;161
43 Tarragona;República China;Octubre;195
43 Tarragona;República China;Noviembre;80
43 Tarragona;República China;Diciembre;91
43 Tarragona;Estados Unidos;Total;3.831
43 Tarragona;Estados Unidos;Enero;..
43 Tarragona;Estados Unidos;Febrero;..
43 Tarragona;Estados Unidos;Marzo;41
43 Tarragona;Estados Unidos;Abril;27
43 Tarragona;Estados Unidos;Mayo;60
43 Tarragona;Estados Unidos;Junio;255
43 Tarragona;Estados Unidos;Julio;797
43 Tarragona;Estados Unidos;Agosto;685
43 Tarragona;Estados Unidos;Septiembre;476
43 Tarragona;Estados Unidos;Octubre;736
43 Tarragona;Estados Unidos;Noviembre;445
43 Tarragona;Estados Unidos;Diciembre;298
43 Tarragona;Resto de América;Total;16.325
43 Tarragona;Resto de América;Enero;244
43 Tarragona;Resto de América;Febrero;179
43 Tarragona;Resto de América;Marzo;363
43 Tarragona;Resto de América;Abril;429
43 Tarragona;Resto de América;Mayo;449
43 Tarragona;Resto de América;Junio;1.368
43 Tarragona;Resto de América;Julio;2.771
43 Tarragona;Resto de América;Agosto;3.732
43 Tarragona;Resto de América;Septiembre;2.566
43 Tarragona;Resto de América;Octubre;2.013
43 Tarragona;Resto de América;Noviembre;1.025
43 Tarragona;Resto de América;Diciembre;1.186
43 Tarragona;Países africanos;Total;5.937
43 Tarragona;Países africanos;Enero;177
43 Tarragona;Países africanos;Febrero;119
43 Tarragona;Países africanos;Marzo;199
43 Tarragona;Países africanos;Abril;159
43 Tarragona;Países africanos;Mayo;217
43 Tarragona;Países africanos;Junio;663
43 Tarragona;Países africanos;Julio;890
43 Tarragona;Países africanos;Agosto;1.347
43 Tarragona;Países africanos;Septiembre;860
43 Tarragona;Países africanos;Octubre;629
43 Tarragona;Países africanos;Noviembre;287
43 Tarragona;Países africanos;Diciembre;388
44 Teruel;Total;Total;309.194
44 Teruel;Total;Enero;3.014
44 Teruel;Total;Febrero;3.722
44 Teruel;Total;Marzo;6.899
44 Teruel;Total;Abril;9.521
44 Teruel;Total;Mayo;17.961
44 Teruel;Total;Junio;29.270
44 Teruel;Total;Julio;40.994
44 Teruel;Total;Agosto;56.963
44 Teruel;Total;Septiembre;41.625
44 Teruel;Total;Octubre;44.609
44 Teruel;Total;Noviembre;27.701
44 Teruel;Total;Diciembre;26.915
44 Teruel;Residentes en España;Total;280.333
44 Teruel;Residentes en España;Enero;2.594
44 Teruel;Residentes en España;Febrero;3.348
44 Teruel;Residentes en España;Marzo;6.123
44 Teruel;Residentes en España;Abril;8.671
44 Teruel;Residentes en España;Mayo;16.008
44 Teruel;Residentes en España;Junio;26.841
44 Teruel;Residentes en España;Julio;36.922
44 Teruel;Residentes en España;Agosto;53.609
44 Teruel;Residentes en España;Septiembre;36.167
44 Teruel;Residentes en España;Octubre;40.006
44 Teruel;Residentes en España;Noviembre;25.034
44 Teruel;Residentes en España;Diciembre;25.012
44 Teruel;No residentes en España;Total;28.861
44 Teruel;No residentes en España;Enero;421
44 Teruel;No residentes en España;Febrero;374
44 Teruel;No residentes en España;Marzo;776
44 Teruel;No residentes en España;Abril;850
44 Teruel;No residentes en España;Mayo;1.954
44 Teruel;No residentes en España;Junio;2.429
44 Teruel;No residentes en España;Julio;4.071
44 Teruel;No residentes en España;Agosto;3.355
44 Teruel;No residentes en España;Septiembre;5.458
44 Teruel;No residentes en España;Octubre;4.603
44 Teruel;No residentes en España;Noviembre;2.667
44 Teruel;No residentes en España;Diciembre;1.903
44 Teruel;Unión Europea 27 (sin España);Total;19.866
44 Teruel;Unión Europea 27 (sin España);Enero;273
44 Teruel;Unión Europea 27 (sin España);Febrero;227
44 Teruel;Unión Europea 27 (sin España);Marzo;557
44 Teruel;Unión Europea 27 (sin España);Abril;536
44 Teruel;Unión Europea 27 (sin España);Mayo;1.407
44 Teruel;Unión Europea 27 (sin España);Junio;1.749
44 Teruel;Unión Europea 27 (sin España);Julio;3.041
44 Teruel;Unión Europea 27 (sin España);Agosto;2.372
44 Teruel;Unión Europea 27 (sin España);Septiembre;3.532
44 Teruel;Unión Europea 27 (sin España);Octubre;3.294
44 Teruel;Unión Europea 27 (sin España);Noviembre;1.642
44 Teruel;Unión Europea 27 (sin España);Diciembre;1.237
44 Teruel;Alemania;Total;2.029
44 Teruel;Alemania;Enero;40
44 Teruel;Alemania;Febrero;16
44 Teruel;Alemania;Marzo;103
44 Teruel;Alemania;Abril;43
44 Teruel;Alemania;Mayo;191
44 Teruel;Alemania;Junio;126
44 Teruel;Alemania;Julio;502
44 Teruel;Alemania;Agosto;162
44 Teruel;Alemania;Septiembre;296
44 Teruel;Alemania;Octubre;293
44 Teruel;Alemania;Noviembre;163
44 Teruel;Alemania;Diciembre;93
44 Teruel;Austria;Total;229
44 Teruel;Austria;Enero;12
44 Teruel;Austria;Febrero;..
44 Teruel;Austria;Marzo;31
44 Teruel;Austria;Abril;27
44 Teruel;Austria;Mayo;17
44 Teruel;Austria;Junio;27
44 Teruel;Austria;Julio;23
44 Teruel;Austria;Agosto;..
44 Teruel;Austria;Septiembre;38
44 Teruel;Austria;Octubre;22
44 Teruel;Austria;Noviembre;..
44 Teruel;Austria;Diciembre;..
44 Teruel;Bélgica;Total;1.856
44 Teruel;Bélgica;Enero;..
44 Teruel;Bélgica;Febrero;..
44 Teruel;Bélgica;Marzo;44
44 Teruel;Bélgica;Abril;34
44 Teruel;Bélgica;Mayo;97
44 Teruel;Bélgica;Junio;188
44 Teruel;Bélgica;Julio;247
44 Teruel;Bélgica;Agosto;214
44 Teruel;Bélgica;Septiembre;424
44 Teruel;Bélgica;Octubre;259
44 Teruel;Bélgica;Noviembre;216
44 Teruel;Bélgica;Diciembre;119
44 Teruel;Dinamarca;Total;215
44 Teruel;Dinamarca;Enero;..
44 Teruel;Dinamarca;Febrero;..
44 Teruel;Dinamarca;Marzo;..
44 Teruel;Dinamarca;Abril;..
44 Teruel;Dinamarca;Mayo;..
44 Teruel;Dinamarca;Junio;126
44 Teruel;Dinamarca;Julio;20
44 Teruel;Dinamarca;Agosto;..
44 Teruel;Dinamarca;Septiembre;19
44 Teruel;Dinamarca;Octubre;..
44 Teruel;Dinamarca;Noviembre;..
44 Teruel;Dinamarca;Diciembre;..
44 Teruel;Finlandia;Total;68
44 Teruel;Finlandia;Enero;..
44 Teruel;Finlandia;Febrero;..
44 Teruel;Finlandia;Marzo;..
44 Teruel;Finlandia;Abril;..
44 Teruel;Finlandia;Mayo;..
44 Teruel;Finlandia;Junio;..
44 Teruel;Finlandia;Julio;..
44 Teruel;Finlandia;Agosto;..
44 Teruel;Finlandia;Septiembre;..
44 Teruel;Finlandia;Octubre;..
44 Teruel;Finlandia;Noviembre;33
44 Teruel;Finlandia;Diciembre;..
44 Teruel;Francia;Total;8.079
44 Teruel;Francia;Enero;80
44 Teruel;Francia;Febrero;98
44 Teruel;Francia;Marzo;83
44 Teruel;Francia;Abril;109
44 Teruel;Francia;Mayo;410
44 Teruel;Francia;Junio;766
44 Teruel;Francia;Julio;1.181
44 Teruel;Francia;Agosto;1.229
44 Teruel;Francia;Septiembre;1.533
44 Teruel;Francia;Octubre;1.598
44 Teruel;Francia;Noviembre;655
44 Teruel;Francia;Diciembre;336
44 Teruel;Grecia;Total;66
44 Teruel;Grecia;Enero;..
44 Teruel;Grecia;Febrero;..
44 Teruel;Grecia;Marzo;..
44 Teruel;Grecia;Abril;..
44 Teruel;Grecia;Mayo;..
44 Teruel;Grecia;Junio;..
44 Teruel;Grecia;Julio;16
44 Teruel;Grecia;Agosto;..
44 Teruel;Grecia;Septiembre;16
44 Teruel;Grecia;Octubre;..
44 Teruel;Grecia;Noviembre;..
44 Teruel;Grecia;Diciembre;..
44 Teruel;Irlanda;Total;417
44 Teruel;Irlanda;Enero;..
44 Teruel;Irlanda;Febrero;..
44 Teruel;Irlanda;Marzo;..
44 Teruel;Irlanda;Abril;14
44 Teruel;Irlanda;Mayo;..
44 Teruel;Irlanda;Junio;29
44 Teruel;Irlanda;Julio;43
44 Teruel;Irlanda;Agosto;..
44 Teruel;Irlanda;Septiembre;87
44 Teruel;Irlanda;Octubre;115
44 Teruel;Irlanda;Noviembre;26
44 Teruel;Irlanda;Diciembre;29
44 Teruel;Italia;Total;1.976
44 Teruel;Italia;Enero;20
44 Teruel;Italia;Febrero;35
44 Teruel;Italia;Marzo;66
44 Teruel;Italia;Abril;135
44 Teruel;Italia;Mayo;297
44 Teruel;Italia;Junio;129
44 Teruel;Italia;Julio;373
44 Teruel;Italia;Agosto;216
44 Teruel;Italia;Septiembre;318
44 Teruel;Italia;Octubre;174
44 Teruel;Italia;Noviembre;142
44 Teruel;Italia;Diciembre;72
44 Teruel;Luxemburgo;Total;48
44 Teruel;Luxemburgo;Enero;..
44 Teruel;Luxemburgo;Febrero;..
44 Teruel;Luxemburgo;Marzo;..
44 Teruel;Luxemburgo;Abril;..
44 Teruel;Luxemburgo;Mayo;..
44 Teruel;Luxemburgo;Junio;..
44 Teruel;Luxemburgo;Julio;..
44 Teruel;Luxemburgo;Agosto;..
44 Teruel;Luxemburgo;Septiembre;..
44 Teruel;Luxemburgo;Octubre;..
44 Teruel;Luxemburgo;Noviembre;..
44 Teruel;Luxemburgo;Diciembre;..
44 Teruel;Países Bajos;Total;1.501
44 Teruel;Países Bajos;Enero;..
44 Teruel;Países Bajos;Febrero;..
44 Teruel;Países Bajos;Marzo;41
44 Teruel;Países Bajos;Abril;60
44 Teruel;Países Bajos;Mayo;103
44 Teruel;Países Bajos;Junio;102
44 Teruel;Países Bajos;Julio;159
44 Teruel;Países Bajos;Agosto;183
44 Teruel;Países Bajos;Septiembre;429
44 Teruel;Países Bajos;Octubre;256
44 Teruel;Países Bajos;Noviembre;65
44 Teruel;Países Bajos;Diciembre;87
44 Teruel;Polonia;Total;401
44 Teruel;Polonia;Enero;..
44 Teruel;Polonia;Febrero;..
44 Teruel;Polonia;Marzo;19
44 Teruel;Polonia;Abril;..
44 Teruel;Polonia;Mayo;25
44 Teruel;Polonia;Junio;13
44 Teruel;Polonia;Julio;76
44 Teruel;Polonia;Agosto;18
44 Teruel;Polonia;Septiembre;33
44 Teruel;Polonia;Octubre;159
44 Teruel;Polonia;Noviembre;22
44 Teruel;Polonia;Diciembre;22
44 Teruel;Portugal;Total;953
44 Teruel;Portugal;Enero;51
44 Teruel;Portugal;Febrero;..
44 Teruel;Portugal;Marzo;..
44 Teruel;Portugal;Abril;17
44 Teruel;Portugal;Mayo;97
44 Teruel;Portugal;Junio;81
44 Teruel;Portugal;Julio;204
44 Teruel;Portugal;Agosto;104
44 Teruel;Portugal;Septiembre;94
44 Teruel;Portugal;Octubre;102
44 Teruel;Portugal;Noviembre;149
44 Teruel;Portugal;Diciembre;27
44 Teruel;República Checa;Total;138
44 Teruel;República Checa;Enero;..
44 Teruel;República Checa;Febrero;..
44 Teruel;República Checa;Marzo;..
44 Teruel;República Checa;Abril;..
44 Teruel;República Checa;Mayo;..
44 Teruel;República Checa;Junio;38
44 Teruel;República Checa;Julio;40
44 Teruel;República Checa;Agosto;30
44 Teruel;República Checa;Septiembre;..
44 Teruel;República Checa;Octubre;..
44 Teruel;República Checa;Noviembre;..
44 Teruel;República Checa;Diciembre;..
44 Teruel;Suecia;Total;162
44 Teruel;Suecia;Enero;..
44 Teruel;Suecia;Febrero;..
44 Teruel;Suecia;Marzo;19
44 Teruel;Suecia;Abril;..
44 Teruel;Suecia;Mayo;..
44 Teruel;Suecia;Junio;18
44 Teruel;Suecia;Julio;37
44 Teruel;Suecia;Agosto;..
44 Teruel;Suecia;Septiembre;19
44 Teruel;Suecia;Octubre;41
44 Teruel;Suecia;Noviembre;..
44 Teruel;Suecia;Diciembre;..
44 Teruel;Noruega;Total;159
44 Teruel;Noruega;Enero;..
44 Teruel;Noruega;Febrero;..
44 Teruel;Noruega;Marzo;..
44 Teruel;Noruega;Abril;..
44 Teruel;Noruega;Mayo;..
44 Teruel;Noruega;Junio;49
44 Teruel;Noruega;Julio;37
44 Teruel;Noruega;Agosto;..
44 Teruel;Noruega;Septiembre;19
44 Teruel;Noruega;Octubre;..
44 Teruel;Noruega;Noviembre;..
44 Teruel;Noruega;Diciembre;..
44 Teruel;Reino Unido;Total;3.473
44 Teruel;Reino Unido;Enero;..
44 Teruel;Reino Unido;Febrero;32
44 Teruel;Reino Unido;Marzo;..
44 Teruel;Reino Unido;Abril;83
44 Teruel;Reino Unido;Mayo;180
44 Teruel;Reino Unido;Junio;211
44 Teruel;Reino Unido;Julio;277
44 Teruel;Reino Unido;Agosto;401
44 Teruel;Reino Unido;Septiembre;1.178
44 Teruel;Reino Unido;Octubre;500
44 Teruel;Reino Unido;Noviembre;412
44 Teruel;Reino Unido;Diciembre;148
44 Teruel;Rusia;Total;259
44 Teruel;Rusia;Enero;..
44 Teruel;Rusia;Febrero;..
44 Teruel;Rusia;Marzo;21
44 Teruel;Rusia;Abril;14
44 Teruel;Rusia;Mayo;20
44 Teruel;Rusia;Junio;33
44 Teruel;Rusia;Julio;29
44 Teruel;Rusia;Agosto;22
44 Teruel;Rusia;Septiembre;38
44 Teruel;Rusia;Octubre;36
44 Teruel;Rusia;Noviembre;32
44 Teruel;Rusia;Diciembre;..
44 Teruel;Suiza;Total;787
44 Teruel;Suiza;Enero;..
44 Teruel;Suiza;Febrero;10
44 Teruel;Suiza;Marzo;18
44 Teruel;Suiza;Abril;49
44 Teruel;Suiza;Mayo;49
44 Teruel;Suiza;Junio;66
44 Teruel;Suiza;Julio;68
44 Teruel;Suiza;Agosto;126
44 Teruel;Suiza;Septiembre;81
44 Teruel;Suiza;Octubre;226
44 Teruel;Suiza;Noviembre;80
44 Teruel;Suiza;Diciembre;..
44 Teruel;Resto de Europa sin U.E.;Total;576
44 Teruel;Resto de Europa sin U.E.;Enero;..
44 Teruel;Resto de Europa sin U.E.;Febrero;..
44 Teruel;Resto de Europa sin U.E.;Marzo;..
44 Teruel;Resto de Europa sin U.E.;Abril;40
44 Teruel;Resto de Europa sin U.E.;Mayo;99
44 Teruel;Resto de Europa sin U.E.;Junio;67
44 Teruel;Resto de Europa sin U.E.;Julio;56
44 Teruel;Resto de Europa sin U.E.;Agosto;63
44 Teruel;Resto de Europa sin U.E.;Septiembre;72
44 Teruel;Resto de Europa sin U.E.;Octubre;47
44 Teruel;Resto de Europa sin U.E.;Noviembre;60
44 Teruel;Resto de Europa sin U.E.;Diciembre;54
44 Teruel;Japón;Total;163
44 Teruel;Japón;Enero;16
44 Teruel;Japón;Febrero;..
44 Teruel;Japón;Marzo;..
44 Teruel;Japón;Abril;13
44 Teruel;Japón;Mayo;18
44 Teruel;Japón;Junio;..
44 Teruel;Japón;Julio;27
44 Teruel;Japón;Agosto;..
44 Teruel;Japón;Septiembre;74
44 Teruel;Japón;Octubre;..
44 Teruel;Japón;Noviembre;..
44 Teruel;Japón;Diciembre;..
44 Teruel;República China;Total;128
44 Teruel;República China;Enero;..
44 Teruel;República China;Febrero;..
44 Teruel;República China;Marzo;..
44 Teruel;República China;Abril;..
44 Teruel;República China;Mayo;..
44 Teruel;República China;Junio;..
44 Teruel;República China;Julio;55
44 Teruel;República China;Agosto;17
44 Teruel;República China;Septiembre;..
44 Teruel;República China;Octubre;..
44 Teruel;República China;Noviembre;..
44 Teruel;República China;Diciembre;20
44 Teruel;Estados Unidos;Total;602
44 Teruel;Estados Unidos;Enero;..
44 Teruel;Estados Unidos;Febrero;11
44 Teruel;Estados Unidos;Marzo;..
44 Teruel;Estados Unidos;Abril;..
44 Teruel;Estados Unidos;Mayo;12
44 Teruel;Estados Unidos;Junio;25
44 Teruel;Estados Unidos;Julio;100
44 Teruel;Estados Unidos;Agosto;30
44 Teruel;Estados Unidos;Septiembre;143
44 Teruel;Estados Unidos;Octubre;60
44 Teruel;Estados Unidos;Noviembre;101
44 Teruel;Estados Unidos;Diciembre;105
44 Teruel;Resto de América;Total;1.946
44 Teruel;Resto de América;Enero;45
44 Teruel;Resto de América;Febrero;38
44 Teruel;Resto de América;Marzo;66
44 Teruel;Resto de América;Abril;62
44 Teruel;Resto de América;Mayo;91
44 Teruel;Resto de América;Junio;147
44 Teruel;Resto de América;Julio;221
44 Teruel;Resto de América;Agosto;210
44 Teruel;Resto de América;Septiembre;203
44 Teruel;Resto de América;Octubre;289
44 Teruel;Resto de América;Noviembre;298
44 Teruel;Resto de América;Diciembre;274
44 Teruel;Países africanos;Total;359
44 Teruel;Países africanos;Enero;..
44 Teruel;Países africanos;Febrero;..
44 Teruel;Países africanos;Marzo;31
44 Teruel;Países africanos;Abril;27
44 Teruel;Países africanos;Mayo;44
44 Teruel;Países africanos;Junio;19
44 Teruel;Países africanos;Julio;20
44 Teruel;Países africanos;Agosto;45
44 Teruel;Países africanos;Septiembre;35
44 Teruel;Países africanos;Octubre;36
44 Teruel;Países africanos;Noviembre;31
44 Teruel;Países africanos;Diciembre;29
45 Toledo;Total;Total;521.998
45 Toledo;Total;Enero;9.475
45 Toledo;Total;Febrero;12.162
45 Toledo;Total;Marzo;17.092
45 Toledo;Total;Abril;18.751
45 Toledo;Total;Mayo;34.016
45 Toledo;Total;Junio;47.913
45 Toledo;Total;Julio;60.016
45 Toledo;Total;Agosto;77.458
45 Toledo;Total;Septiembre;66.191
45 Toledo;Total;Octubre;73.357
45 Toledo;Total;Noviembre;53.879
45 Toledo;Total;Diciembre;51.688
45 Toledo;Residentes en España;Total;449.928
45 Toledo;Residentes en España;Enero;8.541
45 Toledo;Residentes en España;Febrero;11.136
45 Toledo;Residentes en España;Marzo;15.820
45 Toledo;Residentes en España;Abril;17.204
45 Toledo;Residentes en España;Mayo;30.671
45 Toledo;Residentes en España;Junio;42.385
45 Toledo;Residentes en España;Julio;50.867
45 Toledo;Residentes en España;Agosto;66.187
45 Toledo;Residentes en España;Septiembre;55.526
45 Toledo;Residentes en España;Octubre;62.256
45 Toledo;Residentes en España;Noviembre;45.443
45 Toledo;Residentes en España;Diciembre;43.891
45 Toledo;No residentes en España;Total;72.070
45 Toledo;No residentes en España;Enero;935
45 Toledo;No residentes en España;Febrero;1.026
45 Toledo;No residentes en España;Marzo;1.272
45 Toledo;No residentes en España;Abril;1.547
45 Toledo;No residentes en España;Mayo;3.345
45 Toledo;No residentes en España;Junio;5.528
45 Toledo;No residentes en España;Julio;9.149
45 Toledo;No residentes en España;Agosto;11.271
45 Toledo;No residentes en España;Septiembre;10.665
45 Toledo;No residentes en España;Octubre;11.100
45 Toledo;No residentes en España;Noviembre;8.436
45 Toledo;No residentes en España;Diciembre;7.797
45 Toledo;Unión Europea 27 (sin España);Total;39.388
45 Toledo;Unión Europea 27 (sin España);Enero;560
45 Toledo;Unión Europea 27 (sin España);Febrero;536
45 Toledo;Unión Europea 27 (sin España);Marzo;821
45 Toledo;Unión Europea 27 (sin España);Abril;963
45 Toledo;Unión Europea 27 (sin España);Mayo;2.164
45 Toledo;Unión Europea 27 (sin España);Junio;3.328
45 Toledo;Unión Europea 27 (sin España);Julio;5.557
45 Toledo;Unión Europea 27 (sin España);Agosto;7.102
45 Toledo;Unión Europea 27 (sin España);Septiembre;5.278
45 Toledo;Unión Europea 27 (sin España);Octubre;5.888
45 Toledo;Unión Europea 27 (sin España);Noviembre;4.145
45 Toledo;Unión Europea 27 (sin España);Diciembre;3.046
45 Toledo;Alemania;Total;3.755
45 Toledo;Alemania;Enero;13
45 Toledo;Alemania;Febrero;65
45 Toledo;Alemania;Marzo;166
45 Toledo;Alemania;Abril;94
45 Toledo;Alemania;Mayo;130
45 Toledo;Alemania;Junio;346
45 Toledo;Alemania;Julio;555
45 Toledo;Alemania;Agosto;649
45 Toledo;Alemania;Septiembre;461
45 Toledo;Alemania;Octubre;691
45 Toledo;Alemania;Noviembre;446
45 Toledo;Alemania;Diciembre;140
45 Toledo;Austria;Total;481
45 Toledo;Austria;Enero;..
45 Toledo;Austria;Febrero;..
45 Toledo;Austria;Marzo;..
45 Toledo;Austria;Abril;..
45 Toledo;Austria;Mayo;42
45 Toledo;Austria;Junio;95
45 Toledo;Austria;Julio;85
45 Toledo;Austria;Agosto;71
45 Toledo;Austria;Septiembre;77
45 Toledo;Austria;Octubre;31
45 Toledo;Austria;Noviembre;50
45 Toledo;Austria;Diciembre;29
45 Toledo;Bélgica;Total;2.361
45 Toledo;Bélgica;Enero;..
45 Toledo;Bélgica;Febrero;24
45 Toledo;Bélgica;Marzo;..
45 Toledo;Bélgica;Abril;16
45 Toledo;Bélgica;Mayo;132
45 Toledo;Bélgica;Junio;268
45 Toledo;Bélgica;Julio;612
45 Toledo;Bélgica;Agosto;339
45 Toledo;Bélgica;Septiembre;388
45 Toledo;Bélgica;Octubre;294
45 Toledo;Bélgica;Noviembre;146
45 Toledo;Bélgica;Diciembre;135
45 Toledo;Dinamarca;Total;325
45 Toledo;Dinamarca;Enero;..
45 Toledo;Dinamarca;Febrero;..
45 Toledo;Dinamarca;Marzo;..
45 Toledo;Dinamarca;Abril;..
45 Toledo;Dinamarca;Mayo;..
45 Toledo;Dinamarca;Junio;59
45 Toledo;Dinamarca;Julio;59
45 Toledo;Dinamarca;Agosto;29
45 Toledo;Dinamarca;Septiembre;50
45 Toledo;Dinamarca;Octubre;65
45 Toledo;Dinamarca;Noviembre;40
45 Toledo;Dinamarca;Diciembre;..
45 Toledo;Finlandia;Total;419
45 Toledo;Finlandia;Enero;..
45 Toledo;Finlandia;Febrero;..
45 Toledo;Finlandia;Marzo;..
45 Toledo;Finlandia;Abril;48
45 Toledo;Finlandia;Mayo;..
45 Toledo;Finlandia;Junio;21
45 Toledo;Finlandia;Julio;74
45 Toledo;Finlandia;Agosto;116
45 Toledo;Finlandia;Septiembre;37
45 Toledo;Finlandia;Octubre;64
45 Toledo;Finlandia;Noviembre;26
45 Toledo;Finlandia;Diciembre;..
45 Toledo;Francia;Total;12.292
45 Toledo;Francia;Enero;115
45 Toledo;Francia;Febrero;162
45 Toledo;Francia;Marzo;132
45 Toledo;Francia;Abril;334
45 Toledo;Francia;Mayo;760
45 Toledo;Francia;Junio;822
45 Toledo;Francia;Julio;1.504
45 Toledo;Francia;Agosto;2.601
45 Toledo;Francia;Septiembre;1.800
45 Toledo;Francia;Octubre;1.829
45 Toledo;Francia;Noviembre;1.404
45 Toledo;Francia;Diciembre;830
45 Toledo;Grecia;Total;202
45 Toledo;Grecia;Enero;..
45 Toledo;Grecia;Febrero;..
45 Toledo;Grecia;Marzo;..
45 Toledo;Grecia;Abril;..
45 Toledo;Grecia;Mayo;..
45 Toledo;Grecia;Junio;..
45 Toledo;Grecia;Julio;30
45 Toledo;Grecia;Agosto;..
45 Toledo;Grecia;Septiembre;46
45 Toledo;Grecia;Octubre;68
45 Toledo;Grecia;Noviembre;31
45 Toledo;Grecia;Diciembre;..
45 Toledo;Irlanda;Total;783
45 Toledo;Irlanda;Enero;..
45 Toledo;Irlanda;Febrero;..
45 Toledo;Irlanda;Marzo;..
45 Toledo;Irlanda;Abril;..
45 Toledo;Irlanda;Mayo;49
45 Toledo;Irlanda;Junio;60
45 Toledo;Irlanda;Julio;57
45 Toledo;Irlanda;Agosto;152
45 Toledo;Irlanda;Septiembre;137
45 Toledo;Irlanda;Octubre;158
45 Toledo;Irlanda;Noviembre;70
45 Toledo;Irlanda;Diciembre;71
45 Toledo;Italia;Total;4.815
45 Toledo;Italia;Enero;59
45 Toledo;Italia;Febrero;78
45 Toledo;Italia;Marzo;145
45 Toledo;Italia;Abril;154
45 Toledo;Italia;Mayo;199
45 Toledo;Italia;Junio;585
45 Toledo;Italia;Julio;720
45 Toledo;Italia;Agosto;874
45 Toledo;Italia;Septiembre;508
45 Toledo;Italia;Octubre;508
45 Toledo;Italia;Noviembre;595
45 Toledo;Italia;Diciembre;390
45 Toledo;Luxemburgo;Total;82
45 Toledo;Luxemburgo;Enero;..
45 Toledo;Luxemburgo;Febrero;..
45 Toledo;Luxemburgo;Marzo;..
45 Toledo;Luxemburgo;Abril;..
45 Toledo;Luxemburgo;Mayo;..
45 Toledo;Luxemburgo;Junio;..
45 Toledo;Luxemburgo;Julio;20
45 Toledo;Luxemburgo;Agosto;22
45 Toledo;Luxemburgo;Septiembre;..
45 Toledo;Luxemburgo;Octubre;..
45 Toledo;Luxemburgo;Noviembre;..
45 Toledo;Luxemburgo;Diciembre;..
45 Toledo;Países Bajos;Total;2.372
45 Toledo;Países Bajos;Enero;26
45 Toledo;Países Bajos;Febrero;..
45 Toledo;Países Bajos;Marzo;..
45 Toledo;Países Bajos;Abril;18
45 Toledo;Países Bajos;Mayo;81
45 Toledo;Países Bajos;Junio;87
45 Toledo;Países Bajos;Julio;275
45 Toledo;Países Bajos;Agosto;285
45 Toledo;Países Bajos;Septiembre;555
45 Toledo;Países Bajos;Octubre;639
45 Toledo;Países Bajos;Noviembre;236
45 Toledo;Países Bajos;Diciembre;147
45 Toledo;Polonia;Total;801
45 Toledo;Polonia;Enero;..
45 Toledo;Polonia;Febrero;..
45 Toledo;Polonia;Marzo;28
45 Toledo;Polonia;Abril;11
45 Toledo;Polonia;Mayo;61
45 Toledo;Polonia;Junio;40
45 Toledo;Polonia;Julio;168
45 Toledo;Polonia;Agosto;64
45 Toledo;Polonia;Septiembre;105
45 Toledo;Polonia;Octubre;139
45 Toledo;Polonia;Noviembre;109
45 Toledo;Polonia;Diciembre;58
45 Toledo;Portugal;Total;6.642
45 Toledo;Portugal;Enero;237
45 Toledo;Portugal;Febrero;137
45 Toledo;Portugal;Marzo;187
45 Toledo;Portugal;Abril;113
45 Toledo;Portugal;Mayo;432
45 Toledo;Portugal;Junio;544
45 Toledo;Portugal;Julio;778
45 Toledo;Portugal;Agosto;1.561
45 Toledo;Portugal;Septiembre;654
45 Toledo;Portugal;Octubre;756
45 Toledo;Portugal;Noviembre;539
45 Toledo;Portugal;Diciembre;702
45 Toledo;República Checa;Total;419
45 Toledo;República Checa;Enero;..
45 Toledo;República Checa;Febrero;..
45 Toledo;República Checa;Marzo;..
45 Toledo;República Checa;Abril;..
45 Toledo;República Checa;Mayo;..
45 Toledo;República Checa;Junio;78
45 Toledo;República Checa;Julio;66
45 Toledo;República Checa;Agosto;38
45 Toledo;República Checa;Septiembre;70
45 Toledo;República Checa;Octubre;..
45 Toledo;República Checa;Noviembre;62
45 Toledo;República Checa;Diciembre;11
45 Toledo;Suecia;Total;748
45 Toledo;Suecia;Enero;..
45 Toledo;Suecia;Febrero;..
45 Toledo;Suecia;Marzo;..
45 Toledo;Suecia;Abril;..
45 Toledo;Suecia;Mayo;60
45 Toledo;Suecia;Junio;48
45 Toledo;Suecia;Julio;89
45 Toledo;Suecia;Agosto;97
45 Toledo;Suecia;Septiembre;156
45 Toledo;Suecia;Octubre;121
45 Toledo;Suecia;Noviembre;62
45 Toledo;Suecia;Diciembre;96
45 Toledo;Noruega;Total;290
45 Toledo;Noruega;Enero;..
45 Toledo;Noruega;Febrero;..
45 Toledo;Noruega;Marzo;..
45 Toledo;Noruega;Abril;..
45 Toledo;Noruega;Mayo;..
45 Toledo;Noruega;Junio;15
45 Toledo;Noruega;Julio;..
45 Toledo;Noruega;Agosto;28
45 Toledo;Noruega;Septiembre;63
45 Toledo;Noruega;Octubre;112
45 Toledo;Noruega;Noviembre;17
45 Toledo;Noruega;Diciembre;..
45 Toledo;Reino Unido;Total;3.703
45 Toledo;Reino Unido;Enero;..
45 Toledo;Reino Unido;Febrero;..
45 Toledo;Reino Unido;Marzo;22
45 Toledo;Reino Unido;Abril;34
45 Toledo;Reino Unido;Mayo;85
45 Toledo;Reino Unido;Junio;324
45 Toledo;Reino Unido;Julio;335
45 Toledo;Reino Unido;Agosto;661
45 Toledo;Reino Unido;Septiembre;665
45 Toledo;Reino Unido;Octubre;918
45 Toledo;Reino Unido;Noviembre;416
45 Toledo;Reino Unido;Diciembre;215
45 Toledo;Rusia;Total;664
45 Toledo;Rusia;Enero;..
45 Toledo;Rusia;Febrero;..
45 Toledo;Rusia;Marzo;..
45 Toledo;Rusia;Abril;..
45 Toledo;Rusia;Mayo;..
45 Toledo;Rusia;Junio;76
45 Toledo;Rusia;Julio;78
45 Toledo;Rusia;Agosto;104
45 Toledo;Rusia;Septiembre;72
45 Toledo;Rusia;Octubre;133
45 Toledo;Rusia;Noviembre;104
45 Toledo;Rusia;Diciembre;76
45 Toledo;Suiza;Total;1.505
45 Toledo;Suiza;Enero;17
45 Toledo;Suiza;Febrero;..
45 Toledo;Suiza;Marzo;..
45 Toledo;Suiza;Abril;32
45 Toledo;Suiza;Mayo;92
45 Toledo;Suiza;Junio;111
45 Toledo;Suiza;Julio;131
45 Toledo;Suiza;Agosto;301
45 Toledo;Suiza;Septiembre;378
45 Toledo;Suiza;Octubre;209
45 Toledo;Suiza;Noviembre;149
45 Toledo;Suiza;Diciembre;72
45 Toledo;Resto de Europa sin U.E.;Total;2.376
45 Toledo;Resto de Europa sin U.E.;Enero;154
45 Toledo;Resto de Europa sin U.E.;Febrero;52
45 Toledo;Resto de Europa sin U.E.;Marzo;44
45 Toledo;Resto de Europa sin U.E.;Abril;62
45 Toledo;Resto de Europa sin U.E.;Mayo;92
45 Toledo;Resto de Europa sin U.E.;Junio;151
45 Toledo;Resto de Europa sin U.E.;Julio;472
45 Toledo;Resto de Europa sin U.E.;Agosto;180
45 Toledo;Resto de Europa sin U.E.;Septiembre;514
45 Toledo;Resto de Europa sin U.E.;Octubre;219
45 Toledo;Resto de Europa sin U.E.;Noviembre;190
45 Toledo;Resto de Europa sin U.E.;Diciembre;247
45 Toledo;Japón;Total;262
45 Toledo;Japón;Enero;51
45 Toledo;Japón;Febrero;..
45 Toledo;Japón;Marzo;..
45 Toledo;Japón;Abril;..
45 Toledo;Japón;Mayo;..
45 Toledo;Japón;Junio;..
45 Toledo;Japón;Julio;14
45 Toledo;Japón;Agosto;44
45 Toledo;Japón;Septiembre;24
45 Toledo;Japón;Octubre;26
45 Toledo;Japón;Noviembre;29
45 Toledo;Japón;Diciembre;50
45 Toledo;República China;Total;505
45 Toledo;República China;Enero;..
45 Toledo;República China;Febrero;..
45 Toledo;República China;Marzo;..
45 Toledo;República China;Abril;..
45 Toledo;República China;Mayo;62
45 Toledo;República China;Junio;34
45 Toledo;República China;Julio;64
45 Toledo;República China;Agosto;71
45 Toledo;República China;Septiembre;48
45 Toledo;República China;Octubre;81
45 Toledo;República China;Noviembre;..
45 Toledo;República China;Diciembre;90
45 Toledo;Estados Unidos;Total;5.566
45 Toledo;Estados Unidos;Enero;..
45 Toledo;Estados Unidos;Febrero;..
45 Toledo;Estados Unidos;Marzo;..
45 Toledo;Estados Unidos;Abril;25
45 Toledo;Estados Unidos;Mayo;60
45 Toledo;Estados Unidos;Junio;372
45 Toledo;Estados Unidos;Julio;710
45 Toledo;Estados Unidos;Agosto;644
45 Toledo;Estados Unidos;Septiembre;959
45 Toledo;Estados Unidos;Octubre;1.032
45 Toledo;Estados Unidos;Noviembre;750
45 Toledo;Estados Unidos;Diciembre;1.004
45 Toledo;Resto de América;Total;10.097
45 Toledo;Resto de América;Enero;68
45 Toledo;Resto de América;Febrero;237
45 Toledo;Resto de América;Marzo;195
45 Toledo;Resto de América;Abril;226
45 Toledo;Resto de América;Mayo;409
45 Toledo;Resto de América;Junio;625
45 Toledo;Resto de América;Julio;1.044
45 Toledo;Resto de América;Agosto;1.069
45 Toledo;Resto de América;Septiembre;1.365
45 Toledo;Resto de América;Octubre;1.528
45 Toledo;Resto de América;Noviembre;1.536
45 Toledo;Resto de América;Diciembre;1.796
45 Toledo;Países africanos;Total;2.030
45 Toledo;Países africanos;Enero;..
45 Toledo;Países africanos;Febrero;..
45 Toledo;Países africanos;Marzo;77
45 Toledo;Países africanos;Abril;52
45 Toledo;Países africanos;Mayo;223
45 Toledo;Países africanos;Junio;168
45 Toledo;Países africanos;Julio;266
45 Toledo;Países africanos;Agosto;371
45 Toledo;Países africanos;Septiembre;342
45 Toledo;Países africanos;Octubre;128
45 Toledo;Países africanos;Noviembre;166
45 Toledo;Países africanos;Diciembre;163
46 Valencia/València;Total;Total;2.146.474
46 Valencia/València;Total;Enero;48.238
46 Valencia/València;Total;Febrero;50.306
46 Valencia/València;Total;Marzo;76.967
46 Valencia/València;Total;Abril;89.777
46 Valencia/València;Total;Mayo;146.600
46 Valencia/València;Total;Junio;208.702
46 Valencia/València;Total;Julio;287.626
46 Valencia/València;Total;Agosto;328.433
46 Valencia/València;Total;Septiembre;265.602
46 Valencia/València;Total;Octubre;259.740
46 Valencia/València;Total;Noviembre;205.291
46 Valencia/València;Total;Diciembre;179.192
46 Valencia/València;Residentes en España;Total;1.495.551
46 Valencia/València;Residentes en España;Enero;38.843
46 Valencia/València;Residentes en España;Febrero;42.170
46 Valencia/València;Residentes en España;Marzo;64.460
46 Valencia/València;Residentes en España;Abril;74.992
46 Valencia/València;Residentes en España;Mayo;119.752
46 Valencia/València;Residentes en España;Junio;164.909
46 Valencia/València;Residentes en España;Julio;199.856
46 Valencia/València;Residentes en España;Agosto;218.372
46 Valencia/València;Residentes en España;Septiembre;171.396
46 Valencia/València;Residentes en España;Octubre;159.452
46 Valencia/València;Residentes en España;Noviembre;124.807
46 Valencia/València;Residentes en España;Diciembre;116.542
46 Valencia/València;No residentes en España;Total;650.923
46 Valencia/València;No residentes en España;Enero;9.394
46 Valencia/València;No residentes en España;Febrero;8.136
46 Valencia/València;No residentes en España;Marzo;12.506
46 Valencia/València;No residentes en España;Abril;14.785
46 Valencia/València;No residentes en España;Mayo;26.848
46 Valencia/València;No residentes en España;Junio;43.793
46 Valencia/València;No residentes en España;Julio;87.770
46 Valencia/València;No residentes en España;Agosto;110.061
46 Valencia/València;No residentes en España;Septiembre;94.206
46 Valencia/València;No residentes en España;Octubre;100.288
46 Valencia/València;No residentes en España;Noviembre;80.484
46 Valencia/València;No residentes en España;Diciembre;62.649
46 Valencia/València;Unión Europea 27 (sin España);Total;436.939
46 Valencia/València;Unión Europea 27 (sin España);Enero;5.279
46 Valencia/València;Unión Europea 27 (sin España);Febrero;5.037
46 Valencia/València;Unión Europea 27 (sin España);Marzo;7.330
46 Valencia/València;Unión Europea 27 (sin España);Abril;9.149
46 Valencia/València;Unión Europea 27 (sin España);Mayo;18.604
46 Valencia/València;Unión Europea 27 (sin España);Junio;30.784
46 Valencia/València;Unión Europea 27 (sin España);Julio;60.646
46 Valencia/València;Unión Europea 27 (sin España);Agosto;78.841
46 Valencia/València;Unión Europea 27 (sin España);Septiembre;62.102
46 Valencia/València;Unión Europea 27 (sin España);Octubre;68.217
46 Valencia/València;Unión Europea 27 (sin España);Noviembre;52.282
46 Valencia/València;Unión Europea 27 (sin España);Diciembre;38.668
46 Valencia/València;Alemania;Total;49.320
46 Valencia/València;Alemania;Enero;526
46 Valencia/València;Alemania;Febrero;528
46 Valencia/València;Alemania;Marzo;817
46 Valencia/València;Alemania;Abril;1.270
46 Valencia/València;Alemania;Mayo;2.446
46 Valencia/València;Alemania;Junio;4.184
46 Valencia/València;Alemania;Julio;6.494
46 Valencia/València;Alemania;Agosto;5.618
46 Valencia/València;Alemania;Septiembre;7.321
46 Valencia/València;Alemania;Octubre;8.675
46 Valencia/València;Alemania;Noviembre;6.565
46 Valencia/València;Alemania;Diciembre;4.876
46 Valencia/València;Austria;Total;6.317
46 Valencia/València;Austria;Enero;98
46 Valencia/València;Austria;Febrero;93
46 Valencia/València;Austria;Marzo;85
46 Valencia/València;Austria;Abril;168
46 Valencia/València;Austria;Mayo;178
46 Valencia/València;Austria;Junio;512
46 Valencia/València;Austria;Julio;1.202
46 Valencia/València;Austria;Agosto;830
46 Valencia/València;Austria;Septiembre;945
46 Valencia/València;Austria;Octubre;968
46 Valencia/València;Austria;Noviembre;679
46 Valencia/València;Austria;Diciembre;558
46 Valencia/València;Bélgica;Total;33.181
46 Valencia/València;Bélgica;Enero;261
46 Valencia/València;Bélgica;Febrero;294
46 Valencia/València;Bélgica;Marzo;355
46 Valencia/València;Bélgica;Abril;573
46 Valencia/València;Bélgica;Mayo;1.674
46 Valencia/València;Bélgica;Junio;2.391
46 Valencia/València;Bélgica;Julio;5.294
46 Valencia/València;Bélgica;Agosto;5.604
46 Valencia/València;Bélgica;Septiembre;5.356
46 Valencia/València;Bélgica;Octubre;5.455
46 Valencia/València;Bélgica;Noviembre;3.834
46 Valencia/València;Bélgica;Diciembre;2.090
46 Valencia/València;Dinamarca;Total;4.258
46 Valencia/València;Dinamarca;Enero;42
46 Valencia/València;Dinamarca;Febrero;46
46 Valencia/València;Dinamarca;Marzo;91
46 Valencia/València;Dinamarca;Abril;53
46 Valencia/València;Dinamarca;Mayo;123
46 Valencia/València;Dinamarca;Junio;182
46 Valencia/València;Dinamarca;Julio;1.411
46 Valencia/València;Dinamarca;Agosto;367
46 Valencia/València;Dinamarca;Septiembre;686
46 Valencia/València;Dinamarca;Octubre;701
46 Valencia/València;Dinamarca;Noviembre;401
46 Valencia/València;Dinamarca;Diciembre;156
46 Valencia/València;Finlandia;Total;1.988
46 Valencia/València;Finlandia;Enero;15
46 Valencia/València;Finlandia;Febrero;11
46 Valencia/València;Finlandia;Marzo;121
46 Valencia/València;Finlandia;Abril;127
46 Valencia/València;Finlandia;Mayo;219
46 Valencia/València;Finlandia;Junio;83
46 Valencia/València;Finlandia;Julio;121
46 Valencia/València;Finlandia;Agosto;118
46 Valencia/València;Finlandia;Septiembre;267
46 Valencia/València;Finlandia;Octubre;411
46 Valencia/València;Finlandia;Noviembre;327
46 Valencia/València;Finlandia;Diciembre;167
46 Valencia/València;Francia;Total;88.968
46 Valencia/València;Francia;Enero;1.510
46 Valencia/València;Francia;Febrero;1.102
46 Valencia/València;Francia;Marzo;1.903
46 Valencia/València;Francia;Abril;1.995
46 Valencia/València;Francia;Mayo;5.319
46 Valencia/València;Francia;Junio;5.781
46 Valencia/València;Francia;Julio;13.461
46 Valencia/València;Francia;Agosto;20.348
46 Valencia/València;Francia;Septiembre;9.553
46 Valencia/València;Francia;Octubre;10.987
46 Valencia/València;Francia;Noviembre;9.513
46 Valencia/València;Francia;Diciembre;7.494
46 Valencia/València;Grecia;Total;2.099
46 Valencia/València;Grecia;Enero;18
46 Valencia/València;Grecia;Febrero;34
46 Valencia/València;Grecia;Marzo;98
46 Valencia/València;Grecia;Abril;114
46 Valencia/València;Grecia;Mayo;98
46 Valencia/València;Grecia;Junio;159
46 Valencia/València;Grecia;Julio;210
46 Valencia/València;Grecia;Agosto;439
46 Valencia/València;Grecia;Septiembre;223
46 Valencia/València;Grecia;Octubre;301
46 Valencia/València;Grecia;Noviembre;191
46 Valencia/València;Grecia;Diciembre;214
46 Valencia/València;Irlanda;Total;7.396
46 Valencia/València;Irlanda;Enero;141
46 Valencia/València;Irlanda;Febrero;117
46 Valencia/València;Irlanda;Marzo;85
46 Valencia/València;Irlanda;Abril;179
46 Valencia/València;Irlanda;Mayo;198
46 Valencia/València;Irlanda;Junio;365
46 Valencia/València;Irlanda;Julio;675
46 Valencia/València;Irlanda;Agosto;1.277
46 Valencia/València;Irlanda;Septiembre;1.488
46 Valencia/València;Irlanda;Octubre;1.254
46 Valencia/València;Irlanda;Noviembre;1.183
46 Valencia/València;Irlanda;Diciembre;435
46 Valencia/València;Italia;Total;79.104
46 Valencia/València;Italia;Enero;898
46 Valencia/València;Italia;Febrero;1.041
46 Valencia/València;Italia;Marzo;1.076
46 Valencia/València;Italia;Abril;1.232
46 Valencia/València;Italia;Mayo;2.277
46 Valencia/València;Italia;Junio;5.224
46 Valencia/València;Italia;Julio;9.745
46 Valencia/València;Italia;Agosto;12.344
46 Valencia/València;Italia;Septiembre;10.189
46 Valencia/València;Italia;Octubre;12.238
46 Valencia/València;Italia;Noviembre;12.956
46 Valencia/València;Italia;Diciembre;9.884
46 Valencia/València;Luxemburgo;Total;794
46 Valencia/València;Luxemburgo;Enero;..
46 Valencia/València;Luxemburgo;Febrero;..
46 Valencia/València;Luxemburgo;Marzo;19
46 Valencia/València;Luxemburgo;Abril;10
46 Valencia/València;Luxemburgo;Mayo;17
46 Valencia/València;Luxemburgo;Junio;60
46 Valencia/València;Luxemburgo;Julio;108
46 Valencia/València;Luxemburgo;Agosto;152
46 Valencia/València;Luxemburgo;Septiembre;59
46 Valencia/València;Luxemburgo;Octubre;33
46 Valencia/València;Luxemburgo;Noviembre;189
46 Valencia/València;Luxemburgo;Diciembre;137
46 Valencia/València;Países Bajos;Total;74.846
46 Valencia/València;Países Bajos;Enero;355
46 Valencia/València;Países Bajos;Febrero;259
46 Valencia/València;Países Bajos;Marzo;399
46 Valencia/València;Países Bajos;Abril;704
46 Valencia/València;Países Bajos;Mayo;1.624
46 Valencia/València;Países Bajos;Junio;3.068
46 Valencia/València;Países Bajos;Julio;8.359
46 Valencia/València;Países Bajos;Agosto;17.246
46 Valencia/València;Países Bajos;Septiembre;14.384
46 Valencia/València;Países Bajos;Octubre;15.716
46 Valencia/València;Países Bajos;Noviembre;7.333
46 Valencia/València;Países Bajos;Diciembre;5.400
46 Valencia/València;Polonia;Total;12.648
46 Valencia/València;Polonia;Enero;197
46 Valencia/València;Polonia;Febrero;221
46 Valencia/València;Polonia;Marzo;172
46 Valencia/València;Polonia;Abril;311
46 Valencia/València;Polonia;Mayo;370
46 Valencia/València;Polonia;Junio;1.366
46 Valencia/València;Polonia;Julio;1.432
46 Valencia/València;Polonia;Agosto;1.871
46 Valencia/València;Polonia;Septiembre;2.198
46 Valencia/València;Polonia;Octubre;1.433
46 Valencia/València;Polonia;Noviembre;1.759
46 Valencia/València;Polonia;Diciembre;1.319
46 Valencia/València;Portugal;Total;18.616
46 Valencia/València;Portugal;Enero;332
46 Valencia/València;Portugal;Febrero;308
46 Valencia/València;Portugal;Marzo;653
46 Valencia/València;Portugal;Abril;587
46 Valencia/València;Portugal;Mayo;1.082
46 Valencia/València;Portugal;Junio;1.618
46 Valencia/València;Portugal;Julio;2.199
46 Valencia/València;Portugal;Agosto;3.570
46 Valencia/València;Portugal;Septiembre;2.581
46 Valencia/València;Portugal;Octubre;2.286
46 Valencia/València;Portugal;Noviembre;2.245
46 Valencia/València;Portugal;Diciembre;1.152
46 Valencia/València;República Checa;Total;2.881
46 Valencia/València;República Checa;Enero;14
46 Valencia/València;República Checa;Febrero;27
46 Valencia/València;República Checa;Marzo;164
46 Valencia/València;República Checa;Abril;60
46 Valencia/València;República Checa;Mayo;135
46 Valencia/València;República Checa;Junio;229
46 Valencia/València;República Checa;Julio;450
46 Valencia/València;República Checa;Agosto;468
46 Valencia/València;República Checa;Septiembre;378
46 Valencia/València;República Checa;Octubre;497
46 Valencia/València;República Checa;Noviembre;241
46 Valencia/València;República Checa;Diciembre;218
46 Valencia/València;Suecia;Total;6.340
46 Valencia/València;Suecia;Enero;65
46 Valencia/València;Suecia;Febrero;107
46 Valencia/València;Suecia;Marzo;194
46 Valencia/València;Suecia;Abril;191
46 Valencia/València;Suecia;Mayo;252
46 Valencia/València;Suecia;Junio;497
46 Valencia/València;Suecia;Julio;801
46 Valencia/València;Suecia;Agosto;654
46 Valencia/València;Suecia;Septiembre;877
46 Valencia/València;Suecia;Octubre;1.138
46 Valencia/València;Suecia;Noviembre;760
46 Valencia/València;Suecia;Diciembre;804
46 Valencia/València;Noruega;Total;3.024
46 Valencia/València;Noruega;Enero;21
46 Valencia/València;Noruega;Febrero;26
46 Valencia/València;Noruega;Marzo;67
46 Valencia/València;Noruega;Abril;55
46 Valencia/València;Noruega;Mayo;95
46 Valencia/València;Noruega;Junio;80
46 Valencia/València;Noruega;Julio;324
46 Valencia/València;Noruega;Agosto;84
46 Valencia/València;Noruega;Septiembre;310
46 Valencia/València;Noruega;Octubre;1.087
46 Valencia/València;Noruega;Noviembre;380
46 Valencia/València;Noruega;Diciembre;495
46 Valencia/València;Reino Unido;Total;36.140
46 Valencia/València;Reino Unido;Enero;289
46 Valencia/València;Reino Unido;Febrero;373
46 Valencia/València;Reino Unido;Marzo;570
46 Valencia/València;Reino Unido;Abril;866
46 Valencia/València;Reino Unido;Mayo;1.156
46 Valencia/València;Reino Unido;Junio;2.122
46 Valencia/València;Reino Unido;Julio;3.326
46 Valencia/València;Reino Unido;Agosto;5.106
46 Valencia/València;Reino Unido;Septiembre;6.808
46 Valencia/València;Reino Unido;Octubre;6.421
46 Valencia/València;Reino Unido;Noviembre;6.404
46 Valencia/València;Reino Unido;Diciembre;2.698
46 Valencia/València;Rusia;Total;6.564
46 Valencia/València;Rusia;Enero;207
46 Valencia/València;Rusia;Febrero;245
46 Valencia/València;Rusia;Marzo;332
46 Valencia/València;Rusia;Abril;295
46 Valencia/València;Rusia;Mayo;550
46 Valencia/València;Rusia;Junio;331
46 Valencia/València;Rusia;Julio;725
46 Valencia/València;Rusia;Agosto;657
46 Valencia/València;Rusia;Septiembre;801
46 Valencia/València;Rusia;Octubre;896
46 Valencia/València;Rusia;Noviembre;684
46 Valencia/València;Rusia;Diciembre;841
46 Valencia/València;Suiza;Total;16.455
46 Valencia/València;Suiza;Enero;183
46 Valencia/València;Suiza;Febrero;166
46 Valencia/València;Suiza;Marzo;212
46 Valencia/València;Suiza;Abril;492
46 Valencia/València;Suiza;Mayo;758
46 Valencia/València;Suiza;Junio;952
46 Valencia/València;Suiza;Julio;3.018
46 Valencia/València;Suiza;Agosto;2.237
46 Valencia/València;Suiza;Septiembre;2.234
46 Valencia/València;Suiza;Octubre;3.379
46 Valencia/València;Suiza;Noviembre;2.012
46 Valencia/València;Suiza;Diciembre;812
46 Valencia/València;Resto de Europa sin U.E.;Total;25.051
46 Valencia/València;Resto de Europa sin U.E.;Enero;682
46 Valencia/València;Resto de Europa sin U.E.;Febrero;466
46 Valencia/València;Resto de Europa sin U.E.;Marzo;1.090
46 Valencia/València;Resto de Europa sin U.E.;Abril;997
46 Valencia/València;Resto de Europa sin U.E.;Mayo;1.522
46 Valencia/València;Resto de Europa sin U.E.;Junio;1.467
46 Valencia/València;Resto de Europa sin U.E.;Julio;3.426
46 Valencia/València;Resto de Europa sin U.E.;Agosto;3.138
46 Valencia/València;Resto de Europa sin U.E.;Septiembre;3.269
46 Valencia/València;Resto de Europa sin U.E.;Octubre;3.328
46 Valencia/València;Resto de Europa sin U.E.;Noviembre;3.075
46 Valencia/València;Resto de Europa sin U.E.;Diciembre;2.589
46 Valencia/València;Japón;Total;1.127
46 Valencia/València;Japón;Enero;13
46 Valencia/València;Japón;Febrero;37
46 Valencia/València;Japón;Marzo;27
46 Valencia/València;Japón;Abril;30
46 Valencia/València;Japón;Mayo;36
46 Valencia/València;Japón;Junio;60
46 Valencia/València;Japón;Julio;102
46 Valencia/València;Japón;Agosto;114
46 Valencia/València;Japón;Septiembre;286
46 Valencia/València;Japón;Octubre;142
46 Valencia/València;Japón;Noviembre;163
46 Valencia/València;Japón;Diciembre;118
46 Valencia/València;República China;Total;4.539
46 Valencia/València;República China;Enero;72
46 Valencia/València;República China;Febrero;63
46 Valencia/València;República China;Marzo;173
46 Valencia/València;República China;Abril;234
46 Valencia/València;República China;Mayo;186
46 Valencia/València;República China;Junio;380
46 Valencia/València;República China;Julio;699
46 Valencia/València;República China;Agosto;591
46 Valencia/València;República China;Septiembre;615
46 Valencia/València;República China;Octubre;467
46 Valencia/València;República China;Noviembre;443
46 Valencia/València;República China;Diciembre;615
46 Valencia/València;Estados Unidos;Total;27.464
46 Valencia/València;Estados Unidos;Enero;148
46 Valencia/València;Estados Unidos;Febrero;137
46 Valencia/València;Estados Unidos;Marzo;266
46 Valencia/València;Estados Unidos;Abril;389
46 Valencia/València;Estados Unidos;Mayo;448
46 Valencia/València;Estados Unidos;Junio;1.503
46 Valencia/València;Estados Unidos;Julio;4.521
46 Valencia/València;Estados Unidos;Agosto;4.221
46 Valencia/València;Estados Unidos;Septiembre;4.656
46 Valencia/València;Estados Unidos;Octubre;4.242
46 Valencia/València;Estados Unidos;Noviembre;3.467
46 Valencia/València;Estados Unidos;Diciembre;3.467
46 Valencia/València;Resto de América;Total;61.718
46 Valencia/València;Resto de América;Enero;1.931
46 Valencia/València;Resto de América;Febrero;935
46 Valencia/València;Resto de América;Marzo;1.390
46 Valencia/València;Resto de América;Abril;1.380
46 Valencia/València;Resto de América;Mayo;2.322
46 Valencia/València;Resto de América;Junio;3.653
46 Valencia/València;Resto de América;Julio;7.600
46 Valencia/València;Resto de América;Agosto;9.660
46 Valencia/València;Resto de América;Septiembre;8.957
46 Valencia/València;Resto de América;Octubre;8.706
46 Valencia/València;Resto de América;Noviembre;7.223
46 Valencia/València;Resto de América;Diciembre;7.960
46 Valencia/València;Países africanos;Total;11.876
46 Valencia/València;Países africanos;Enero;330
46 Valencia/València;Países africanos;Febrero;261
46 Valencia/València;Países africanos;Marzo;717
46 Valencia/València;Países africanos;Abril;264
46 Valencia/València;Países africanos;Mayo;444
46 Valencia/València;Países africanos;Junio;855
46 Valencia/València;Países africanos;Julio;1.232
46 Valencia/València;Países africanos;Agosto;2.375
46 Valencia/València;Países africanos;Septiembre;1.569
46 Valencia/València;Países africanos;Octubre;1.247
46 Valencia/València;Países africanos;Noviembre;1.095
46 Valencia/València;Países africanos;Diciembre;1.488
47 Valladolid;Total;Total;497.014
47 Valladolid;Total;Enero;10.485
47 Valladolid;Total;Febrero;13.193
47 Valladolid;Total;Marzo;21.426
47 Valladolid;Total;Abril;17.668
47 Valladolid;Total;Mayo;33.449
47 Valladolid;Total;Junio;48.556
47 Valladolid;Total;Julio;52.479
47 Valladolid;Total;Agosto;71.709
47 Valladolid;Total;Septiembre;60.753
47 Valladolid;Total;Octubre;64.917
47 Valladolid;Total;Noviembre;59.337
47 Valladolid;Total;Diciembre;43.041
47 Valladolid;Residentes en España;Total;431.087
47 Valladolid;Residentes en España;Enero;9.277
47 Valladolid;Residentes en España;Febrero;12.231
47 Valladolid;Residentes en España;Marzo;20.034
47 Valladolid;Residentes en España;Abril;16.292
47 Valladolid;Residentes en España;Mayo;30.700
47 Valladolid;Residentes en España;Junio;43.781
47 Valladolid;Residentes en España;Julio;44.703
47 Valladolid;Residentes en España;Agosto;58.233
47 Valladolid;Residentes en España;Septiembre;51.085
47 Valladolid;Residentes en España;Octubre;54.431
47 Valladolid;Residentes en España;Noviembre;52.281
47 Valladolid;Residentes en España;Diciembre;38.038
47 Valladolid;No residentes en España;Total;65.928
47 Valladolid;No residentes en España;Enero;1.208
47 Valladolid;No residentes en España;Febrero;963
47 Valladolid;No residentes en España;Marzo;1.392
47 Valladolid;No residentes en España;Abril;1.375
47 Valladolid;No residentes en España;Mayo;2.750
47 Valladolid;No residentes en España;Junio;4.774
47 Valladolid;No residentes en España;Julio;7.776
47 Valladolid;No residentes en España;Agosto;13.476
47 Valladolid;No residentes en España;Septiembre;9.669
47 Valladolid;No residentes en España;Octubre;10.485
47 Valladolid;No residentes en España;Noviembre;7.056
47 Valladolid;No residentes en España;Diciembre;5.003
47 Valladolid;Unión Europea 27 (sin España);Total;44.189
47 Valladolid;Unión Europea 27 (sin España);Enero;906
47 Valladolid;Unión Europea 27 (sin España);Febrero;632
47 Valladolid;Unión Europea 27 (sin España);Marzo;987
47 Valladolid;Unión Europea 27 (sin España);Abril;930
47 Valladolid;Unión Europea 27 (sin España);Mayo;1.902
47 Valladolid;Unión Europea 27 (sin España);Junio;3.216
47 Valladolid;Unión Europea 27 (sin España);Julio;5.341
47 Valladolid;Unión Europea 27 (sin España);Agosto;10.617
47 Valladolid;Unión Europea 27 (sin España);Septiembre;6.365
47 Valladolid;Unión Europea 27 (sin España);Octubre;5.796
47 Valladolid;Unión Europea 27 (sin España);Noviembre;4.348
47 Valladolid;Unión Europea 27 (sin España);Diciembre;3.148
47 Valladolid;Alemania;Total;3.363
47 Valladolid;Alemania;Enero;68
47 Valladolid;Alemania;Febrero;72
47 Valladolid;Alemania;Marzo;96
47 Valladolid;Alemania;Abril;58
47 Valladolid;Alemania;Mayo;127
47 Valladolid;Alemania;Junio;237
47 Valladolid;Alemania;Julio;281
47 Valladolid;Alemania;Agosto;397
47 Valladolid;Alemania;Septiembre;713
47 Valladolid;Alemania;Octubre;615
47 Valladolid;Alemania;Noviembre;393
47 Valladolid;Alemania;Diciembre;305
47 Valladolid;Austria;Total;267
47 Valladolid;Austria;Enero;..
47 Valladolid;Austria;Febrero;..
47 Valladolid;Austria;Marzo;..
47 Valladolid;Austria;Abril;..
47 Valladolid;Austria;Mayo;..
47 Valladolid;Austria;Junio;14
47 Valladolid;Austria;Julio;30
47 Valladolid;Austria;Agosto;87
47 Valladolid;Austria;Septiembre;32
47 Valladolid;Austria;Octubre;41
47 Valladolid;Austria;Noviembre;24
47 Valladolid;Austria;Diciembre;..
47 Valladolid;Bélgica;Total;2.418
47 Valladolid;Bélgica;Enero;32
47 Valladolid;Bélgica;Febrero;28
47 Valladolid;Bélgica;Marzo;..
47 Valladolid;Bélgica;Abril;..
47 Valladolid;Bélgica;Mayo;64
47 Valladolid;Bélgica;Junio;178
47 Valladolid;Bélgica;Julio;406
47 Valladolid;Bélgica;Agosto;714
47 Valladolid;Bélgica;Septiembre;318
47 Valladolid;Bélgica;Octubre;323
47 Valladolid;Bélgica;Noviembre;174
47 Valladolid;Bélgica;Diciembre;146
47 Valladolid;Dinamarca;Total;482
47 Valladolid;Dinamarca;Enero;..
47 Valladolid;Dinamarca;Febrero;..
47 Valladolid;Dinamarca;Marzo;..
47 Valladolid;Dinamarca;Abril;..
47 Valladolid;Dinamarca;Mayo;..
47 Valladolid;Dinamarca;Junio;30
47 Valladolid;Dinamarca;Julio;94
47 Valladolid;Dinamarca;Agosto;63
47 Valladolid;Dinamarca;Septiembre;194
47 Valladolid;Dinamarca;Octubre;..
47 Valladolid;Dinamarca;Noviembre;61
47 Valladolid;Dinamarca;Diciembre;..
47 Valladolid;Finlandia;Total;250
47 Valladolid;Finlandia;Enero;..
47 Valladolid;Finlandia;Febrero;..
47 Valladolid;Finlandia;Marzo;..
47 Valladolid;Finlandia;Abril;..
47 Valladolid;Finlandia;Mayo;..
47 Valladolid;Finlandia;Junio;..
47 Valladolid;Finlandia;Julio;30
47 Valladolid;Finlandia;Agosto;13
47 Valladolid;Finlandia;Septiembre;91
47 Valladolid;Finlandia;Octubre;53
47 Valladolid;Finlandia;Noviembre;34
47 Valladolid;Finlandia;Diciembre;10
47 Valladolid;Francia;Total;16.576
47 Valladolid;Francia;Enero;348
47 Valladolid;Francia;Febrero;185
47 Valladolid;Francia;Marzo;225
47 Valladolid;Francia;Abril;316
47 Valladolid;Francia;Mayo;706
47 Valladolid;Francia;Junio;1.020
47 Valladolid;Francia;Julio;2.364
47 Valladolid;Francia;Agosto;5.224
47 Valladolid;Francia;Septiembre;1.926
47 Valladolid;Francia;Octubre;2.062
47 Valladolid;Francia;Noviembre;1.328
47 Valladolid;Francia;Diciembre;870
47 Valladolid;Grecia;Total;112
47 Valladolid;Grecia;Enero;..
47 Valladolid;Grecia;Febrero;..
47 Valladolid;Grecia;Marzo;..
47 Valladolid;Grecia;Abril;..
47 Valladolid;Grecia;Mayo;..
47 Valladolid;Grecia;Junio;..
47 Valladolid;Grecia;Julio;27
47 Valladolid;Grecia;Agosto;12
47 Valladolid;Grecia;Septiembre;18
47 Valladolid;Grecia;Octubre;16
47 Valladolid;Grecia;Noviembre;22
47 Valladolid;Grecia;Diciembre;12
47 Valladolid;Irlanda;Total;725
47 Valladolid;Irlanda;Enero;..
47 Valladolid;Irlanda;Febrero;..
47 Valladolid;Irlanda;Marzo;..
47 Valladolid;Irlanda;Abril;..
47 Valladolid;Irlanda;Mayo;..
47 Valladolid;Irlanda;Junio;70
47 Valladolid;Irlanda;Julio;43
47 Valladolid;Irlanda;Agosto;80
47 Valladolid;Irlanda;Septiembre;128
47 Valladolid;Irlanda;Octubre;206
47 Valladolid;Irlanda;Noviembre;80
47 Valladolid;Irlanda;Diciembre;89
47 Valladolid;Italia;Total;3.669
47 Valladolid;Italia;Enero;65
47 Valladolid;Italia;Febrero;56
47 Valladolid;Italia;Marzo;86
47 Valladolid;Italia;Abril;62
47 Valladolid;Italia;Mayo;133
47 Valladolid;Italia;Junio;202
47 Valladolid;Italia;Julio;340
47 Valladolid;Italia;Agosto;790
47 Valladolid;Italia;Septiembre;596
47 Valladolid;Italia;Octubre;541
47 Valladolid;Italia;Noviembre;513
47 Valladolid;Italia;Diciembre;285
47 Valladolid;Luxemburgo;Total;113
47 Valladolid;Luxemburgo;Enero;..
47 Valladolid;Luxemburgo;Febrero;..
47 Valladolid;Luxemburgo;Marzo;..
47 Valladolid;Luxemburgo;Abril;..
47 Valladolid;Luxemburgo;Mayo;..
47 Valladolid;Luxemburgo;Junio;17
47 Valladolid;Luxemburgo;Julio;..
47 Valladolid;Luxemburgo;Agosto;12
47 Valladolid;Luxemburgo;Septiembre;..
47 Valladolid;Luxemburgo;Octubre;20
47 Valladolid;Luxemburgo;Noviembre;..
47 Valladolid;Luxemburgo;Diciembre;..
47 Valladolid;Países Bajos;Total;2.517
47 Valladolid;Países Bajos;Enero;..
47 Valladolid;Países Bajos;Febrero;..
47 Valladolid;Países Bajos;Marzo;39
47 Valladolid;Países Bajos;Abril;40
47 Valladolid;Países Bajos;Mayo;58
47 Valladolid;Países Bajos;Junio;211
47 Valladolid;Países Bajos;Julio;279
47 Valladolid;Países Bajos;Agosto;549
47 Valladolid;Países Bajos;Septiembre;500
47 Valladolid;Países Bajos;Octubre;336
47 Valladolid;Países Bajos;Noviembre;227
47 Valladolid;Países Bajos;Diciembre;247
47 Valladolid;Polonia;Total;726
47 Valladolid;Polonia;Enero;14
47 Valladolid;Polonia;Febrero;20
47 Valladolid;Polonia;Marzo;35
47 Valladolid;Polonia;Abril;18
47 Valladolid;Polonia;Mayo;30
47 Valladolid;Polonia;Junio;84
47 Valladolid;Polonia;Julio;86
47 Valladolid;Polonia;Agosto;100
47 Valladolid;Polonia;Septiembre;61
47 Valladolid;Polonia;Octubre;68
47 Valladolid;Polonia;Noviembre;95
47 Valladolid;Polonia;Diciembre;114
47 Valladolid;Portugal;Total;9.410
47 Valladolid;Portugal;Enero;222
47 Valladolid;Portugal;Febrero;136
47 Valladolid;Portugal;Marzo;278
47 Valladolid;Portugal;Abril;246
47 Valladolid;Portugal;Mayo;488
47 Valladolid;Portugal;Junio;870
47 Valladolid;Portugal;Julio;1.008
47 Valladolid;Portugal;Agosto;2.089
47 Valladolid;Portugal;Septiembre;1.246
47 Valladolid;Portugal;Octubre;1.073
47 Valladolid;Portugal;Noviembre;1.014
47 Valladolid;Portugal;Diciembre;739
47 Valladolid;República Checa;Total;157
47 Valladolid;República Checa;Enero;..
47 Valladolid;República Checa;Febrero;..
47 Valladolid;República Checa;Marzo;..
47 Valladolid;República Checa;Abril;..
47 Valladolid;República Checa;Mayo;36
47 Valladolid;República Checa;Junio;..
47 Valladolid;República Checa;Julio;..
47 Valladolid;República Checa;Agosto;43
47 Valladolid;República Checa;Septiembre;16
47 Valladolid;República Checa;Octubre;..
47 Valladolid;República Checa;Noviembre;..
47 Valladolid;República Checa;Diciembre;..
47 Valladolid;Suecia;Total;517
47 Valladolid;Suecia;Enero;11
47 Valladolid;Suecia;Febrero;..
47 Valladolid;Suecia;Marzo;..
47 Valladolid;Suecia;Abril;..
47 Valladolid;Suecia;Mayo;..
47 Valladolid;Suecia;Junio;46
47 Valladolid;Suecia;Julio;43
47 Valladolid;Suecia;Agosto;98
47 Valladolid;Suecia;Septiembre;146
47 Valladolid;Suecia;Octubre;84
47 Valladolid;Suecia;Noviembre;33
47 Valladolid;Suecia;Diciembre;15
47 Valladolid;Noruega;Total;205
47 Valladolid;Noruega;Enero;..
47 Valladolid;Noruega;Febrero;..
47 Valladolid;Noruega;Marzo;..
47 Valladolid;Noruega;Abril;..
47 Valladolid;Noruega;Mayo;..
47 Valladolid;Noruega;Junio;..
47 Valladolid;Noruega;Julio;16
47 Valladolid;Noruega;Agosto;27
47 Valladolid;Noruega;Septiembre;21
47 Valladolid;Noruega;Octubre;28
47 Valladolid;Noruega;Noviembre;52
47 Valladolid;Noruega;Diciembre;..
47 Valladolid;Reino Unido;Total;4.513
47 Valladolid;Reino Unido;Enero;57
47 Valladolid;Reino Unido;Febrero;97
47 Valladolid;Reino Unido;Marzo;96
47 Valladolid;Reino Unido;Abril;69
47 Valladolid;Reino Unido;Mayo;125
47 Valladolid;Reino Unido;Junio;300
47 Valladolid;Reino Unido;Julio;493
47 Valladolid;Reino Unido;Agosto;709
47 Valladolid;Reino Unido;Septiembre;846
47 Valladolid;Reino Unido;Octubre;841
47 Valladolid;Reino Unido;Noviembre;563
47 Valladolid;Reino Unido;Diciembre;316
47 Valladolid;Rusia;Total;607
47 Valladolid;Rusia;Enero;..
47 Valladolid;Rusia;Febrero;..
47 Valladolid;Rusia;Marzo;..
47 Valladolid;Rusia;Abril;..
47 Valladolid;Rusia;Mayo;..
47 Valladolid;Rusia;Junio;36
47 Valladolid;Rusia;Julio;64
47 Valladolid;Rusia;Agosto;28
47 Valladolid;Rusia;Septiembre;44
47 Valladolid;Rusia;Octubre;157
47 Valladolid;Rusia;Noviembre;31
47 Valladolid;Rusia;Diciembre;228
47 Valladolid;Suiza;Total;1.091
47 Valladolid;Suiza;Enero;..
47 Valladolid;Suiza;Febrero;..
47 Valladolid;Suiza;Marzo;20
47 Valladolid;Suiza;Abril;23
47 Valladolid;Suiza;Mayo;77
47 Valladolid;Suiza;Junio;146
47 Valladolid;Suiza;Julio;120
47 Valladolid;Suiza;Agosto;248
47 Valladolid;Suiza;Septiembre;132
47 Valladolid;Suiza;Octubre;232
47 Valladolid;Suiza;Noviembre;48
47 Valladolid;Suiza;Diciembre;25
47 Valladolid;Resto de Europa sin U.E.;Total;1.202
47 Valladolid;Resto de Europa sin U.E.;Enero;24
47 Valladolid;Resto de Europa sin U.E.;Febrero;32
47 Valladolid;Resto de Europa sin U.E.;Marzo;37
47 Valladolid;Resto de Europa sin U.E.;Abril;25
47 Valladolid;Resto de Europa sin U.E.;Mayo;89
47 Valladolid;Resto de Europa sin U.E.;Junio;142
47 Valladolid;Resto de Europa sin U.E.;Julio;94
47 Valladolid;Resto de Europa sin U.E.;Agosto;205
47 Valladolid;Resto de Europa sin U.E.;Septiembre;179
47 Valladolid;Resto de Europa sin U.E.;Octubre;145
47 Valladolid;Resto de Europa sin U.E.;Noviembre;119
47 Valladolid;Resto de Europa sin U.E.;Diciembre;111
47 Valladolid;Japón;Total;92
47 Valladolid;Japón;Enero;..
47 Valladolid;Japón;Febrero;..
47 Valladolid;Japón;Marzo;..
47 Valladolid;Japón;Abril;..
47 Valladolid;Japón;Mayo;..
47 Valladolid;Japón;Junio;..
47 Valladolid;Japón;Julio;..
47 Valladolid;Japón;Agosto;31
47 Valladolid;Japón;Septiembre;..
47 Valladolid;Japón;Octubre;..
47 Valladolid;Japón;Noviembre;..
47 Valladolid;Japón;Diciembre;..
47 Valladolid;República China;Total;294
47 Valladolid;República China;Enero;..
47 Valladolid;República China;Febrero;22
47 Valladolid;República China;Marzo;..
47 Valladolid;República China;Abril;16
47 Valladolid;República China;Mayo;24
47 Valladolid;República China;Junio;..
47 Valladolid;República China;Julio;34
47 Valladolid;República China;Agosto;57
47 Valladolid;República China;Septiembre;11
47 Valladolid;República China;Octubre;27
47 Valladolid;República China;Noviembre;..
47 Valladolid;República China;Diciembre;..
47 Valladolid;Estados Unidos;Total;2.965
47 Valladolid;Estados Unidos;Enero;25
47 Valladolid;Estados Unidos;Febrero;21
47 Valladolid;Estados Unidos;Marzo;..
47 Valladolid;Estados Unidos;Abril;..
47 Valladolid;Estados Unidos;Mayo;41
47 Valladolid;Estados Unidos;Junio;278
47 Valladolid;Estados Unidos;Julio;496
47 Valladolid;Estados Unidos;Agosto;378
47 Valladolid;Estados Unidos;Septiembre;546
47 Valladolid;Estados Unidos;Octubre;631
47 Valladolid;Estados Unidos;Noviembre;361
47 Valladolid;Estados Unidos;Diciembre;157
47 Valladolid;Resto de América;Total;8.400
47 Valladolid;Resto de América;Enero;112
47 Valladolid;Resto de América;Febrero;91
47 Valladolid;Resto de América;Marzo;121
47 Valladolid;Resto de América;Abril;168
47 Valladolid;Resto de América;Mayo;361
47 Valladolid;Resto de América;Junio;456
47 Valladolid;Resto de América;Julio;810
47 Valladolid;Resto de América;Agosto;963
47 Valladolid;Resto de América;Septiembre;1.234
47 Valladolid;Resto de América;Octubre;2.217
47 Valladolid;Resto de América;Noviembre;1.172
47 Valladolid;Resto de América;Diciembre;695
47 Valladolid;Países africanos;Total;855
47 Valladolid;Países africanos;Enero;34
47 Valladolid;Países africanos;Febrero;25
47 Valladolid;Países africanos;Marzo;63
47 Valladolid;Países africanos;Abril;33
47 Valladolid;Países africanos;Mayo;63
47 Valladolid;Países africanos;Junio;87
47 Valladolid;Países africanos;Julio;46
47 Valladolid;Países africanos;Agosto;93
47 Valladolid;Países africanos;Septiembre;180
47 Valladolid;Países africanos;Octubre;70
47 Valladolid;Países africanos;Noviembre;67
47 Valladolid;Países africanos;Diciembre;93
49 Zamora;Total;Total;177.622
49 Zamora;Total;Enero;2.781
49 Zamora;Total;Febrero;3.094
49 Zamora;Total;Marzo;5.194
49 Zamora;Total;Abril;5.998
49 Zamora;Total;Mayo;9.336
49 Zamora;Total;Junio;14.591
49 Zamora;Total;Julio;25.581
49 Zamora;Total;Agosto;32.659
49 Zamora;Total;Septiembre;25.554
49 Zamora;Total;Octubre;24.843
49 Zamora;Total;Noviembre;15.439
49 Zamora;Total;Diciembre;12.551
49 Zamora;Residentes en España;Total;163.484
49 Zamora;Residentes en España;Enero;2.580
49 Zamora;Residentes en España;Febrero;2.833
49 Zamora;Residentes en España;Marzo;4.871
49 Zamora;Residentes en España;Abril;5.625
49 Zamora;Residentes en España;Mayo;8.600
49 Zamora;Residentes en España;Junio;13.332
49 Zamora;Residentes en España;Julio;23.579
49 Zamora;Residentes en España;Agosto;30.381
49 Zamora;Residentes en España;Septiembre;22.615
49 Zamora;Residentes en España;Octubre;22.779
49 Zamora;Residentes en España;Noviembre;14.410
49 Zamora;Residentes en España;Diciembre;11.879
49 Zamora;No residentes en España;Total;14.139
49 Zamora;No residentes en España;Enero;201
49 Zamora;No residentes en España;Febrero;261
49 Zamora;No residentes en España;Marzo;323
49 Zamora;No residentes en España;Abril;374
49 Zamora;No residentes en España;Mayo;737
49 Zamora;No residentes en España;Junio;1.260
49 Zamora;No residentes en España;Julio;2.002
49 Zamora;No residentes en España;Agosto;2.278
49 Zamora;No residentes en España;Septiembre;2.939
49 Zamora;No residentes en España;Octubre;2.063
49 Zamora;No residentes en España;Noviembre;1.029
49 Zamora;No residentes en España;Diciembre;672
49 Zamora;Unión Europea 27 (sin España);Total;9.231
49 Zamora;Unión Europea 27 (sin España);Enero;162
49 Zamora;Unión Europea 27 (sin España);Febrero;126
49 Zamora;Unión Europea 27 (sin España);Marzo;232
49 Zamora;Unión Europea 27 (sin España);Abril;218
49 Zamora;Unión Europea 27 (sin España);Mayo;515
49 Zamora;Unión Europea 27 (sin España);Junio;815
49 Zamora;Unión Europea 27 (sin España);Julio;1.346
49 Zamora;Unión Europea 27 (sin España);Agosto;1.659
49 Zamora;Unión Europea 27 (sin España);Septiembre;1.734
49 Zamora;Unión Europea 27 (sin España);Octubre;1.355
49 Zamora;Unión Europea 27 (sin España);Noviembre;635
49 Zamora;Unión Europea 27 (sin España);Diciembre;436
49 Zamora;Alemania;Total;817
49 Zamora;Alemania;Enero;..
49 Zamora;Alemania;Febrero;..
49 Zamora;Alemania;Marzo;10
49 Zamora;Alemania;Abril;..
49 Zamora;Alemania;Mayo;24
49 Zamora;Alemania;Junio;114
49 Zamora;Alemania;Julio;138
49 Zamora;Alemania;Agosto;119
49 Zamora;Alemania;Septiembre;165
49 Zamora;Alemania;Octubre;163
49 Zamora;Alemania;Noviembre;45
49 Zamora;Alemania;Diciembre;28
49 Zamora;Austria;Total;74
49 Zamora;Austria;Enero;..
49 Zamora;Austria;Febrero;..
49 Zamora;Austria;Marzo;..
49 Zamora;Austria;Abril;..
49 Zamora;Austria;Mayo;..
49 Zamora;Austria;Junio;..
49 Zamora;Austria;Julio;..
49 Zamora;Austria;Agosto;..
49 Zamora;Austria;Septiembre;37
49 Zamora;Austria;Octubre;..
49 Zamora;Austria;Noviembre;..
49 Zamora;Austria;Diciembre;..
49 Zamora;Bélgica;Total;490
49 Zamora;Bélgica;Enero;..
49 Zamora;Bélgica;Febrero;..
49 Zamora;Bélgica;Marzo;..
49 Zamora;Bélgica;Abril;..
49 Zamora;Bélgica;Mayo;..
49 Zamora;Bélgica;Junio;40
49 Zamora;Bélgica;Julio;107
49 Zamora;Bélgica;Agosto;98
49 Zamora;Bélgica;Septiembre;95
49 Zamora;Bélgica;Octubre;87
49 Zamora;Bélgica;Noviembre;39
49 Zamora;Bélgica;Diciembre;..
49 Zamora;Dinamarca;Total;60
49 Zamora;Dinamarca;Enero;..
49 Zamora;Dinamarca;Febrero;..
49 Zamora;Dinamarca;Marzo;..
49 Zamora;Dinamarca;Abril;..
49 Zamora;Dinamarca;Mayo;..
49 Zamora;Dinamarca;Junio;..
49 Zamora;Dinamarca;Julio;..
49 Zamora;Dinamarca;Agosto;..
49 Zamora;Dinamarca;Septiembre;21
49 Zamora;Dinamarca;Octubre;..
49 Zamora;Dinamarca;Noviembre;..
49 Zamora;Dinamarca;Diciembre;..
49 Zamora;Finlandia;Total;38
49 Zamora;Finlandia;Enero;..
49 Zamora;Finlandia;Febrero;..
49 Zamora;Finlandia;Marzo;..
49 Zamora;Finlandia;Abril;..
49 Zamora;Finlandia;Mayo;..
49 Zamora;Finlandia;Junio;..
49 Zamora;Finlandia;Julio;..
49 Zamora;Finlandia;Agosto;..
49 Zamora;Finlandia;Septiembre;..
49 Zamora;Finlandia;Octubre;..
49 Zamora;Finlandia;Noviembre;..
49 Zamora;Finlandia;Diciembre;..
49 Zamora;Francia;Total;1.991
49 Zamora;Francia;Enero;..
49 Zamora;Francia;Febrero;15
49 Zamora;Francia;Marzo;..
49 Zamora;Francia;Abril;53
49 Zamora;Francia;Mayo;80
49 Zamora;Francia;Junio;137
49 Zamora;Francia;Julio;249
49 Zamora;Francia;Agosto;473
49 Zamora;Francia;Septiembre;286
49 Zamora;Francia;Octubre;405
49 Zamora;Francia;Noviembre;147
49 Zamora;Francia;Diciembre;124
49 Zamora;Grecia;Total;29
49 Zamora;Grecia;Enero;..
49 Zamora;Grecia;Febrero;..
49 Zamora;Grecia;Marzo;..
49 Zamora;Grecia;Abril;..
49 Zamora;Grecia;Mayo;..
49 Zamora;Grecia;Junio;..
49 Zamora;Grecia;Julio;..
49 Zamora;Grecia;Agosto;..
49 Zamora;Grecia;Septiembre;..
49 Zamora;Grecia;Octubre;..
49 Zamora;Grecia;Noviembre;..
49 Zamora;Grecia;Diciembre;..
49 Zamora;Irlanda;Total;207
49 Zamora;Irlanda;Enero;..
49 Zamora;Irlanda;Febrero;..
49 Zamora;Irlanda;Marzo;..
49 Zamora;Irlanda;Abril;..
49 Zamora;Irlanda;Mayo;..
49 Zamora;Irlanda;Junio;..
49 Zamora;Irlanda;Julio;..
49 Zamora;Irlanda;Agosto;18
49 Zamora;Irlanda;Septiembre;94
49 Zamora;Irlanda;Octubre;22
49 Zamora;Irlanda;Noviembre;21
49 Zamora;Irlanda;Diciembre;..
49 Zamora;Italia;Total;523
49 Zamora;Italia;Enero;..
49 Zamora;Italia;Febrero;..
49 Zamora;Italia;Marzo;..
49 Zamora;Italia;Abril;..
49 Zamora;Italia;Mayo;50
49 Zamora;Italia;Junio;41
49 Zamora;Italia;Julio;55
49 Zamora;Italia;Agosto;102
49 Zamora;Italia;Septiembre;78
49 Zamora;Italia;Octubre;62
49 Zamora;Italia;Noviembre;32
49 Zamora;Italia;Diciembre;57
49 Zamora;Luxemburgo;Total;43
49 Zamora;Luxemburgo;Enero;..
49 Zamora;Luxemburgo;Febrero;..
49 Zamora;Luxemburgo;Marzo;..
49 Zamora;Luxemburgo;Abril;..
49 Zamora;Luxemburgo;Mayo;..
49 Zamora;Luxemburgo;Junio;..
49 Zamora;Luxemburgo;Julio;..
49 Zamora;Luxemburgo;Agosto;..
49 Zamora;Luxemburgo;Septiembre;..
49 Zamora;Luxemburgo;Octubre;..
49 Zamora;Luxemburgo;Noviembre;..
49 Zamora;Luxemburgo;Diciembre;..
49 Zamora;Países Bajos;Total;600
49 Zamora;Países Bajos;Enero;24
49 Zamora;Países Bajos;Febrero;..
49 Zamora;Países Bajos;Marzo;31
49 Zamora;Países Bajos;Abril;22
49 Zamora;Países Bajos;Mayo;..
49 Zamora;Países Bajos;Junio;42
49 Zamora;Países Bajos;Julio;111
49 Zamora;Países Bajos;Agosto;57
49 Zamora;Países Bajos;Septiembre;158
49 Zamora;Países Bajos;Octubre;70
49 Zamora;Países Bajos;Noviembre;51
49 Zamora;Países Bajos;Diciembre;..
49 Zamora;Polonia;Total;151
49 Zamora;Polonia;Enero;..
49 Zamora;Polonia;Febrero;..
49 Zamora;Polonia;Marzo;..
49 Zamora;Polonia;Abril;..
49 Zamora;Polonia;Mayo;..
49 Zamora;Polonia;Junio;..
49 Zamora;Polonia;Julio;21
49 Zamora;Polonia;Agosto;42
49 Zamora;Polonia;Septiembre;38
49 Zamora;Polonia;Octubre;..
49 Zamora;Polonia;Noviembre;..
49 Zamora;Polonia;Diciembre;..
49 Zamora;Portugal;Total;3.435
49 Zamora;Portugal;Enero;74
49 Zamora;Portugal;Febrero;59
49 Zamora;Portugal;Marzo;92
49 Zamora;Portugal;Abril;57
49 Zamora;Portugal;Mayo;215
49 Zamora;Portugal;Junio;311
49 Zamora;Portugal;Julio;526
49 Zamora;Portugal;Agosto;659
49 Zamora;Portugal;Septiembre;620
49 Zamora;Portugal;Octubre;437
49 Zamora;Portugal;Noviembre;228
49 Zamora;Portugal;Diciembre;159
49 Zamora;República Checa;Total;51
49 Zamora;República Checa;Enero;..
49 Zamora;República Checa;Febrero;..
49 Zamora;República Checa;Marzo;..
49 Zamora;República Checa;Abril;..
49 Zamora;República Checa;Mayo;..
49 Zamora;República Checa;Junio;20
49 Zamora;República Checa;Julio;..
49 Zamora;República Checa;Agosto;..
49 Zamora;República Checa;Septiembre;17
49 Zamora;República Checa;Octubre;..
49 Zamora;República Checa;Noviembre;..
49 Zamora;República Checa;Diciembre;..
49 Zamora;Suecia;Total;..
49 Zamora;Suecia;Enero;..
49 Zamora;Suecia;Febrero;..
49 Zamora;Suecia;Marzo;..
49 Zamora;Suecia;Abril;..
49 Zamora;Suecia;Mayo;..
49 Zamora;Suecia;Junio;..
49 Zamora;Suecia;Julio;..
49 Zamora;Suecia;Agosto;..
49 Zamora;Suecia;Septiembre;..
49 Zamora;Suecia;Octubre;..
49 Zamora;Suecia;Noviembre;..
49 Zamora;Suecia;Diciembre;..
49 Zamora;Noruega;Total;35
49 Zamora;Noruega;Enero;..
49 Zamora;Noruega;Febrero;..
49 Zamora;Noruega;Marzo;..
49 Zamora;Noruega;Abril;..
49 Zamora;Noruega;Mayo;..
49 Zamora;Noruega;Junio;..
49 Zamora;Noruega;Julio;..
49 Zamora;Noruega;Agosto;..
49 Zamora;Noruega;Septiembre;16
49 Zamora;Noruega;Octubre;11
49 Zamora;Noruega;Noviembre;..
49 Zamora;Noruega;Diciembre;..
49 Zamora;Reino Unido;Total;909
49 Zamora;Reino Unido;Enero;..
49 Zamora;Reino Unido;Febrero;..
49 Zamora;Reino Unido;Marzo;..
49 Zamora;Reino Unido;Abril;..
49 Zamora;Reino Unido;Mayo;11
49 Zamora;Reino Unido;Junio;52
49 Zamora;Reino Unido;Julio;104
49 Zamora;Reino Unido;Agosto;120
49 Zamora;Reino Unido;Septiembre;330
49 Zamora;Reino Unido;Octubre;185
49 Zamora;Reino Unido;Noviembre;70
49 Zamora;Reino Unido;Diciembre;24
49 Zamora;Rusia;Total;92
49 Zamora;Rusia;Enero;..
49 Zamora;Rusia;Febrero;..
49 Zamora;Rusia;Marzo;..
49 Zamora;Rusia;Abril;..
49 Zamora;Rusia;Mayo;..
49 Zamora;Rusia;Junio;..
49 Zamora;Rusia;Julio;..
49 Zamora;Rusia;Agosto;19
49 Zamora;Rusia;Septiembre;..
49 Zamora;Rusia;Octubre;..
49 Zamora;Rusia;Noviembre;18
49 Zamora;Rusia;Diciembre;..
49 Zamora;Suiza;Total;261
49 Zamora;Suiza;Enero;..
49 Zamora;Suiza;Febrero;..
49 Zamora;Suiza;Marzo;..
49 Zamora;Suiza;Abril;..
49 Zamora;Suiza;Mayo;..
49 Zamora;Suiza;Junio;57
49 Zamora;Suiza;Julio;57
49 Zamora;Suiza;Agosto;36
49 Zamora;Suiza;Septiembre;49
49 Zamora;Suiza;Octubre;15
49 Zamora;Suiza;Noviembre;17
49 Zamora;Suiza;Diciembre;..
49 Zamora;Resto de Europa sin U.E.;Total;331
49 Zamora;Resto de Europa sin U.E.;Enero;15
49 Zamora;Resto de Europa sin U.E.;Febrero;..
49 Zamora;Resto de Europa sin U.E.;Marzo;..
49 Zamora;Resto de Europa sin U.E.;Abril;..
49 Zamora;Resto de Europa sin U.E.;Mayo;34
49 Zamora;Resto de Europa sin U.E.;Junio;41
49 Zamora;Resto de Europa sin U.E.;Julio;..
49 Zamora;Resto de Europa sin U.E.;Agosto;95
49 Zamora;Resto de Europa sin U.E.;Septiembre;35
49 Zamora;Resto de Europa sin U.E.;Octubre;49
49 Zamora;Resto de Europa sin U.E.;Noviembre;..
49 Zamora;Resto de Europa sin U.E.;Diciembre;..
49 Zamora;Japón;Total;..
49 Zamora;Japón;Enero;..
49 Zamora;Japón;Febrero;..
49 Zamora;Japón;Marzo;..
49 Zamora;Japón;Abril;..
49 Zamora;Japón;Mayo;..
49 Zamora;Japón;Junio;..
49 Zamora;Japón;Julio;..
49 Zamora;Japón;Agosto;..
49 Zamora;Japón;Septiembre;..
49 Zamora;Japón;Octubre;..
49 Zamora;Japón;Noviembre;..
49 Zamora;Japón;Diciembre;..
49 Zamora;República China;Total;49
49 Zamora;República China;Enero;..
49 Zamora;República China;Febrero;..
49 Zamora;República China;Marzo;..
49 Zamora;República China;Abril;..
49 Zamora;República China;Mayo;..
49 Zamora;República China;Junio;..
49 Zamora;República China;Julio;..
49 Zamora;República China;Agosto;..
49 Zamora;República China;Septiembre;..
49 Zamora;República China;Octubre;..
49 Zamora;República China;Noviembre;..
49 Zamora;República China;Diciembre;..
49 Zamora;Estados Unidos;Total;600
49 Zamora;Estados Unidos;Enero;..
49 Zamora;Estados Unidos;Febrero;..
49 Zamora;Estados Unidos;Marzo;..
49 Zamora;Estados Unidos;Abril;..
49 Zamora;Estados Unidos;Mayo;..
49 Zamora;Estados Unidos;Junio;16
49 Zamora;Estados Unidos;Julio;89
49 Zamora;Estados Unidos;Agosto;78
49 Zamora;Estados Unidos;Septiembre;184
49 Zamora;Estados Unidos;Octubre;103
49 Zamora;Estados Unidos;Noviembre;73
49 Zamora;Estados Unidos;Diciembre;42
49 Zamora;Resto de América;Total;1.415
49 Zamora;Resto de América;Enero;..
49 Zamora;Resto de América;Febrero;..
49 Zamora;Resto de América;Marzo;35
49 Zamora;Resto de América;Abril;102
49 Zamora;Resto de América;Mayo;101
49 Zamora;Resto de América;Junio;103
49 Zamora;Resto de América;Julio;149
49 Zamora;Resto de América;Agosto;164
49 Zamora;Resto de América;Septiembre;296
49 Zamora;Resto de América;Octubre;215
49 Zamora;Resto de América;Noviembre;104
49 Zamora;Resto de América;Diciembre;113
49 Zamora;Países africanos;Total;247
49 Zamora;Países africanos;Enero;..
49 Zamora;Países africanos;Febrero;..
49 Zamora;Países africanos;Marzo;16
49 Zamora;Países africanos;Abril;..
49 Zamora;Países africanos;Mayo;14
49 Zamora;Países africanos;Junio;32
49 Zamora;Países africanos;Julio;..
49 Zamora;Países africanos;Agosto;33
49 Zamora;Países africanos;Septiembre;56
49 Zamora;Países africanos;Octubre;32
49 Zamora;Países africanos;Noviembre;36
49 Zamora;Países africanos;Diciembre;..
50 Zaragoza;Total;Total;960.598
50 Zaragoza;Total;Enero;29.245
50 Zaragoza;Total;Febrero;32.874
50 Zaragoza;Total;Marzo;40.354
50 Zaragoza;Total;Abril;39.323
50 Zaragoza;Total;Mayo;61.646
50 Zaragoza;Total;Junio;77.341
50 Zaragoza;Total;Julio;103.571
50 Zaragoza;Total;Agosto;136.748
50 Zaragoza;Total;Septiembre;120.396
50 Zaragoza;Total;Octubre;129.277
50 Zaragoza;Total;Noviembre;103.801
50 Zaragoza;Total;Diciembre;86.023
50 Zaragoza;Residentes en España;Total;796.529
50 Zaragoza;Residentes en España;Enero;25.518
50 Zaragoza;Residentes en España;Febrero;29.545
50 Zaragoza;Residentes en España;Marzo;36.086
50 Zaragoza;Residentes en España;Abril;35.486
50 Zaragoza;Residentes en España;Mayo;53.811
50 Zaragoza;Residentes en España;Junio;66.744
50 Zaragoza;Residentes en España;Julio;82.567
50 Zaragoza;Residentes en España;Agosto;108.589
50 Zaragoza;Residentes en España;Septiembre;96.322
50 Zaragoza;Residentes en España;Octubre;106.221
50 Zaragoza;Residentes en España;Noviembre;84.238
50 Zaragoza;Residentes en España;Diciembre;71.402
50 Zaragoza;No residentes en España;Total;164.069
50 Zaragoza;No residentes en España;Enero;3.726
50 Zaragoza;No residentes en España;Febrero;3.329
50 Zaragoza;No residentes en España;Marzo;4.268
50 Zaragoza;No residentes en España;Abril;3.838
50 Zaragoza;No residentes en España;Mayo;7.835
50 Zaragoza;No residentes en España;Junio;10.597
50 Zaragoza;No residentes en España;Julio;21.004
50 Zaragoza;No residentes en España;Agosto;28.159
50 Zaragoza;No residentes en España;Septiembre;24.074
50 Zaragoza;No residentes en España;Octubre;23.056
50 Zaragoza;No residentes en España;Noviembre;19.563
50 Zaragoza;No residentes en España;Diciembre;14.620
50 Zaragoza;Unión Europea 27 (sin España);Total;107.155
50 Zaragoza;Unión Europea 27 (sin España);Enero;2.406
50 Zaragoza;Unión Europea 27 (sin España);Febrero;1.762
50 Zaragoza;Unión Europea 27 (sin España);Marzo;2.302
50 Zaragoza;Unión Europea 27 (sin España);Abril;2.380
50 Zaragoza;Unión Europea 27 (sin España);Mayo;4.734
50 Zaragoza;Unión Europea 27 (sin España);Junio;7.388
50 Zaragoza;Unión Europea 27 (sin España);Julio;14.704
50 Zaragoza;Unión Europea 27 (sin España);Agosto;20.961
50 Zaragoza;Unión Europea 27 (sin España);Septiembre;15.590
50 Zaragoza;Unión Europea 27 (sin España);Octubre;14.417
50 Zaragoza;Unión Europea 27 (sin España);Noviembre;12.500
50 Zaragoza;Unión Europea 27 (sin España);Diciembre;8.012
50 Zaragoza;Alemania;Total;7.560
50 Zaragoza;Alemania;Enero;73
50 Zaragoza;Alemania;Febrero;85
50 Zaragoza;Alemania;Marzo;151
50 Zaragoza;Alemania;Abril;70
50 Zaragoza;Alemania;Mayo;295
50 Zaragoza;Alemania;Junio;580
50 Zaragoza;Alemania;Julio;1.123
50 Zaragoza;Alemania;Agosto;1.244
50 Zaragoza;Alemania;Septiembre;1.208
50 Zaragoza;Alemania;Octubre;1.220
50 Zaragoza;Alemania;Noviembre;1.002
50 Zaragoza;Alemania;Diciembre;510
50 Zaragoza;Austria;Total;966
50 Zaragoza;Austria;Enero;..
50 Zaragoza;Austria;Febrero;43
50 Zaragoza;Austria;Marzo;..
50 Zaragoza;Austria;Abril;26
50 Zaragoza;Austria;Mayo;59
50 Zaragoza;Austria;Junio;121
50 Zaragoza;Austria;Julio;138
50 Zaragoza;Austria;Agosto;97
50 Zaragoza;Austria;Septiembre;87
50 Zaragoza;Austria;Octubre;51
50 Zaragoza;Austria;Noviembre;257
50 Zaragoza;Austria;Diciembre;59
50 Zaragoza;Bélgica;Total;5.285
50 Zaragoza;Bélgica;Enero;73
50 Zaragoza;Bélgica;Febrero;25
50 Zaragoza;Bélgica;Marzo;28
50 Zaragoza;Bélgica;Abril;84
50 Zaragoza;Bélgica;Mayo;162
50 Zaragoza;Bélgica;Junio;419
50 Zaragoza;Bélgica;Julio;1.046
50 Zaragoza;Bélgica;Agosto;825
50 Zaragoza;Bélgica;Septiembre;1.122
50 Zaragoza;Bélgica;Octubre;757
50 Zaragoza;Bélgica;Noviembre;479
50 Zaragoza;Bélgica;Diciembre;265
50 Zaragoza;Dinamarca;Total;672
50 Zaragoza;Dinamarca;Enero;..
50 Zaragoza;Dinamarca;Febrero;..
50 Zaragoza;Dinamarca;Marzo;..
50 Zaragoza;Dinamarca;Abril;61
50 Zaragoza;Dinamarca;Mayo;14
50 Zaragoza;Dinamarca;Junio;19
50 Zaragoza;Dinamarca;Julio;97
50 Zaragoza;Dinamarca;Agosto;111
50 Zaragoza;Dinamarca;Septiembre;77
50 Zaragoza;Dinamarca;Octubre;117
50 Zaragoza;Dinamarca;Noviembre;94
50 Zaragoza;Dinamarca;Diciembre;61
50 Zaragoza;Finlandia;Total;499
50 Zaragoza;Finlandia;Enero;..
50 Zaragoza;Finlandia;Febrero;..
50 Zaragoza;Finlandia;Marzo;..
50 Zaragoza;Finlandia;Abril;..
50 Zaragoza;Finlandia;Mayo;15
50 Zaragoza;Finlandia;Junio;14
50 Zaragoza;Finlandia;Julio;156
50 Zaragoza;Finlandia;Agosto;29
50 Zaragoza;Finlandia;Septiembre;49
50 Zaragoza;Finlandia;Octubre;107
50 Zaragoza;Finlandia;Noviembre;86
50 Zaragoza;Finlandia;Diciembre;22
50 Zaragoza;Francia;Total;43.824
50 Zaragoza;Francia;Enero;513
50 Zaragoza;Francia;Febrero;344
50 Zaragoza;Francia;Marzo;620
50 Zaragoza;Francia;Abril;628
50 Zaragoza;Francia;Mayo;2.022
50 Zaragoza;Francia;Junio;2.691
50 Zaragoza;Francia;Julio;6.702
50 Zaragoza;Francia;Agosto;11.274
50 Zaragoza;Francia;Septiembre;5.923
50 Zaragoza;Francia;Octubre;6.213
50 Zaragoza;Francia;Noviembre;4.385
50 Zaragoza;Francia;Diciembre;2.507
50 Zaragoza;Grecia;Total;672
50 Zaragoza;Grecia;Enero;23
50 Zaragoza;Grecia;Febrero;..
50 Zaragoza;Grecia;Marzo;..
50 Zaragoza;Grecia;Abril;52
50 Zaragoza;Grecia;Mayo;..
50 Zaragoza;Grecia;Junio;24
50 Zaragoza;Grecia;Julio;42
50 Zaragoza;Grecia;Agosto;60
50 Zaragoza;Grecia;Septiembre;113
50 Zaragoza;Grecia;Octubre;116
50 Zaragoza;Grecia;Noviembre;167
50 Zaragoza;Grecia;Diciembre;52
50 Zaragoza;Irlanda;Total;2.156
50 Zaragoza;Irlanda;Enero;28
50 Zaragoza;Irlanda;Febrero;19
50 Zaragoza;Irlanda;Marzo;36
50 Zaragoza;Irlanda;Abril;37
50 Zaragoza;Irlanda;Mayo;43
50 Zaragoza;Irlanda;Junio;203
50 Zaragoza;Irlanda;Julio;203
50 Zaragoza;Irlanda;Agosto;223
50 Zaragoza;Irlanda;Septiembre;431
50 Zaragoza;Irlanda;Octubre;374
50 Zaragoza;Irlanda;Noviembre;452
50 Zaragoza;Irlanda;Diciembre;107
50 Zaragoza;Italia;Total;12.633
50 Zaragoza;Italia;Enero;290
50 Zaragoza;Italia;Febrero;266
50 Zaragoza;Italia;Marzo;384
50 Zaragoza;Italia;Abril;374
50 Zaragoza;Italia;Mayo;523
50 Zaragoza;Italia;Junio;853
50 Zaragoza;Italia;Julio;1.249
50 Zaragoza;Italia;Agosto;2.101
50 Zaragoza;Italia;Septiembre;1.761
50 Zaragoza;Italia;Octubre;1.377
50 Zaragoza;Italia;Noviembre;2.010
50 Zaragoza;Italia;Diciembre;1.446
50 Zaragoza;Luxemburgo;Total;164
50 Zaragoza;Luxemburgo;Enero;..
50 Zaragoza;Luxemburgo;Febrero;..
50 Zaragoza;Luxemburgo;Marzo;..
50 Zaragoza;Luxemburgo;Abril;..
50 Zaragoza;Luxemburgo;Mayo;..
50 Zaragoza;Luxemburgo;Junio;..
50 Zaragoza;Luxemburgo;Julio;..
50 Zaragoza;Luxemburgo;Agosto;59
50 Zaragoza;Luxemburgo;Septiembre;37
50 Zaragoza;Luxemburgo;Octubre;..
50 Zaragoza;Luxemburgo;Noviembre;13
50 Zaragoza;Luxemburgo;Diciembre;..
50 Zaragoza;Países Bajos;Total;6.108
50 Zaragoza;Países Bajos;Enero;43
50 Zaragoza;Países Bajos;Febrero;53
50 Zaragoza;Países Bajos;Marzo;101
50 Zaragoza;Países Bajos;Abril;35
50 Zaragoza;Países Bajos;Mayo;423
50 Zaragoza;Países Bajos;Junio;435
50 Zaragoza;Países Bajos;Julio;771
50 Zaragoza;Países Bajos;Agosto;1.221
50 Zaragoza;Países Bajos;Septiembre;1.169
50 Zaragoza;Países Bajos;Octubre;927
50 Zaragoza;Países Bajos;Noviembre;516
50 Zaragoza;Países Bajos;Diciembre;415
50 Zaragoza;Polonia;Total;2.498
50 Zaragoza;Polonia;Enero;87
50 Zaragoza;Polonia;Febrero;63
50 Zaragoza;Polonia;Marzo;65
50 Zaragoza;Polonia;Abril;118
50 Zaragoza;Polonia;Mayo;85
50 Zaragoza;Polonia;Junio;158
50 Zaragoza;Polonia;Julio;276
50 Zaragoza;Polonia;Agosto;402
50 Zaragoza;Polonia;Septiembre;360
50 Zaragoza;Polonia;Octubre;280
50 Zaragoza;Polonia;Noviembre;373
50 Zaragoza;Polonia;Diciembre;232
50 Zaragoza;Portugal;Total;11.355
50 Zaragoza;Portugal;Enero;608
50 Zaragoza;Portugal;Febrero;198
50 Zaragoza;Portugal;Marzo;271
50 Zaragoza;Portugal;Abril;260
50 Zaragoza;Portugal;Mayo;344
50 Zaragoza;Portugal;Junio;780
50 Zaragoza;Portugal;Julio;1.518
50 Zaragoza;Portugal;Agosto;1.872
50 Zaragoza;Portugal;Septiembre;1.744
50 Zaragoza;Portugal;Octubre;1.246
50 Zaragoza;Portugal;Noviembre;1.179
50 Zaragoza;Portugal;Diciembre;1.336
50 Zaragoza;República Checa;Total;784
50 Zaragoza;República Checa;Enero;..
50 Zaragoza;República Checa;Febrero;..
50 Zaragoza;República Checa;Marzo;56
50 Zaragoza;República Checa;Abril;38
50 Zaragoza;República Checa;Mayo;37
50 Zaragoza;República Checa;Junio;55
50 Zaragoza;República Checa;Julio;57
50 Zaragoza;República Checa;Agosto;106
50 Zaragoza;República Checa;Septiembre;67
50 Zaragoza;República Checa;Octubre;133
50 Zaragoza;República Checa;Noviembre;143
50 Zaragoza;República Checa;Diciembre;45
50 Zaragoza;Suecia;Total;1.133
50 Zaragoza;Suecia;Enero;105
50 Zaragoza;Suecia;Febrero;..
50 Zaragoza;Suecia;Marzo;..
50 Zaragoza;Suecia;Abril;68
50 Zaragoza;Suecia;Mayo;65
50 Zaragoza;Suecia;Junio;85
50 Zaragoza;Suecia;Julio;168
50 Zaragoza;Suecia;Agosto;91
50 Zaragoza;Suecia;Septiembre;132
50 Zaragoza;Suecia;Octubre;164
50 Zaragoza;Suecia;Noviembre;106
50 Zaragoza;Suecia;Diciembre;76
50 Zaragoza;Noruega;Total;485
50 Zaragoza;Noruega;Enero;18
50 Zaragoza;Noruega;Febrero;..
50 Zaragoza;Noruega;Marzo;..
50 Zaragoza;Noruega;Abril;..
50 Zaragoza;Noruega;Mayo;..
50 Zaragoza;Noruega;Junio;40
50 Zaragoza;Noruega;Julio;63
50 Zaragoza;Noruega;Agosto;56
50 Zaragoza;Noruega;Septiembre;89
50 Zaragoza;Noruega;Octubre;61
50 Zaragoza;Noruega;Noviembre;117
50 Zaragoza;Noruega;Diciembre;18
50 Zaragoza;Reino Unido;Total;10.220
50 Zaragoza;Reino Unido;Enero;114
50 Zaragoza;Reino Unido;Febrero;84
50 Zaragoza;Reino Unido;Marzo;202
50 Zaragoza;Reino Unido;Abril;89
50 Zaragoza;Reino Unido;Mayo;685
50 Zaragoza;Reino Unido;Junio;696
50 Zaragoza;Reino Unido;Julio;1.163
50 Zaragoza;Reino Unido;Agosto;1.449
50 Zaragoza;Reino Unido;Septiembre;2.236
50 Zaragoza;Reino Unido;Octubre;1.772
50 Zaragoza;Reino Unido;Noviembre;1.012
50 Zaragoza;Reino Unido;Diciembre;716
50 Zaragoza;Rusia;Total;1.924
50 Zaragoza;Rusia;Enero;..
50 Zaragoza;Rusia;Febrero;53
50 Zaragoza;Rusia;Marzo;102
50 Zaragoza;Rusia;Abril;80
50 Zaragoza;Rusia;Mayo;..
50 Zaragoza;Rusia;Junio;146
50 Zaragoza;Rusia;Julio;240
50 Zaragoza;Rusia;Agosto;220
50 Zaragoza;Rusia;Septiembre;221
50 Zaragoza;Rusia;Octubre;291
50 Zaragoza;Rusia;Noviembre;191
50 Zaragoza;Rusia;Diciembre;258
50 Zaragoza;Suiza;Total;2.068
50 Zaragoza;Suiza;Enero;34
50 Zaragoza;Suiza;Febrero;21
50 Zaragoza;Suiza;Marzo;32
50 Zaragoza;Suiza;Abril;59
50 Zaragoza;Suiza;Mayo;109
50 Zaragoza;Suiza;Junio;157
50 Zaragoza;Suiza;Julio;306
50 Zaragoza;Suiza;Agosto;315
50 Zaragoza;Suiza;Septiembre;350
50 Zaragoza;Suiza;Octubre;430
50 Zaragoza;Suiza;Noviembre;177
50 Zaragoza;Suiza;Diciembre;79
50 Zaragoza;Resto de Europa sin U.E.;Total;5.625
50 Zaragoza;Resto de Europa sin U.E.;Enero;115
50 Zaragoza;Resto de Europa sin U.E.;Febrero;273
50 Zaragoza;Resto de Europa sin U.E.;Marzo;214
50 Zaragoza;Resto de Europa sin U.E.;Abril;207
50 Zaragoza;Resto de Europa sin U.E.;Mayo;386
50 Zaragoza;Resto de Europa sin U.E.;Junio;374
50 Zaragoza;Resto de Europa sin U.E.;Julio;554
50 Zaragoza;Resto de Europa sin U.E.;Agosto;598
50 Zaragoza;Resto de Europa sin U.E.;Septiembre;861
50 Zaragoza;Resto de Europa sin U.E.;Octubre;649
50 Zaragoza;Resto de Europa sin U.E.;Noviembre;690
50 Zaragoza;Resto de Europa sin U.E.;Diciembre;704
50 Zaragoza;Japón;Total;385
50 Zaragoza;Japón;Enero;..
50 Zaragoza;Japón;Febrero;..
50 Zaragoza;Japón;Marzo;..
50 Zaragoza;Japón;Abril;..
50 Zaragoza;Japón;Mayo;22
50 Zaragoza;Japón;Junio;19
50 Zaragoza;Japón;Julio;49
50 Zaragoza;Japón;Agosto;62
50 Zaragoza;Japón;Septiembre;52
50 Zaragoza;Japón;Octubre;48
50 Zaragoza;Japón;Noviembre;58
50 Zaragoza;Japón;Diciembre;69
50 Zaragoza;República China;Total;2.085
50 Zaragoza;República China;Enero;83
50 Zaragoza;República China;Febrero;111
50 Zaragoza;República China;Marzo;110
50 Zaragoza;República China;Abril;68
50 Zaragoza;República China;Mayo;163
50 Zaragoza;República China;Junio;156
50 Zaragoza;República China;Julio;112
50 Zaragoza;República China;Agosto;343
50 Zaragoza;República China;Septiembre;237
50 Zaragoza;República China;Octubre;167
50 Zaragoza;República China;Noviembre;180
50 Zaragoza;República China;Diciembre;357
50 Zaragoza;Estados Unidos;Total;6.114
50 Zaragoza;Estados Unidos;Enero;93
50 Zaragoza;Estados Unidos;Febrero;117
50 Zaragoza;Estados Unidos;Marzo;110
50 Zaragoza;Estados Unidos;Abril;99
50 Zaragoza;Estados Unidos;Mayo;140
50 Zaragoza;Estados Unidos;Junio;236
50 Zaragoza;Estados Unidos;Julio;775
50 Zaragoza;Estados Unidos;Agosto;788
50 Zaragoza;Estados Unidos;Septiembre;948
50 Zaragoza;Estados Unidos;Octubre;1.101
50 Zaragoza;Estados Unidos;Noviembre;825
50 Zaragoza;Estados Unidos;Diciembre;882
50 Zaragoza;Resto de América;Total;18.240
50 Zaragoza;Resto de América;Enero;465
50 Zaragoza;Resto de América;Febrero;588
50 Zaragoza;Resto de América;Marzo;603
50 Zaragoza;Resto de América;Abril;514
50 Zaragoza;Resto de América;Mayo;963
50 Zaragoza;Resto de América;Junio;971
50 Zaragoza;Resto de América;Julio;2.001
50 Zaragoza;Resto de América;Agosto;2.067
50 Zaragoza;Resto de América;Septiembre;2.279
50 Zaragoza;Resto de América;Octubre;3.055
50 Zaragoza;Resto de América;Noviembre;2.516
50 Zaragoza;Resto de América;Diciembre;2.218
50 Zaragoza;Países africanos;Total;4.962
50 Zaragoza;Países africanos;Enero;267
50 Zaragoza;Países africanos;Febrero;202
50 Zaragoza;Países africanos;Marzo;450
50 Zaragoza;Países africanos;Abril;225
50 Zaragoza;Países africanos;Mayo;347
50 Zaragoza;Países africanos;Junio;237
50 Zaragoza;Países africanos;Julio;494
50 Zaragoza;Países africanos;Agosto;638
50 Zaragoza;Países africanos;Septiembre;435
50 Zaragoza;Países africanos;Octubre;533
50 Zaragoza;Países africanos;Noviembre;592
50 Zaragoza;Países africanos;Diciembre;540
51 Ceuta;Total;Total;39.234
51 Ceuta;Total;Enero;1.643
51 Ceuta;Total;Febrero;2.135
51 Ceuta;Total;Marzo;2.467
51 Ceuta;Total;Abril;2.209
51 Ceuta;Total;Mayo;3.195
51 Ceuta;Total;Junio;4.605
51 Ceuta;Total;Julio;4.265
51 Ceuta;Total;Agosto;4.617
51 Ceuta;Total;Septiembre;3.988
51 Ceuta;Total;Octubre;3.997
51 Ceuta;Total;Noviembre;3.597
51 Ceuta;Total;Diciembre;2.515
51 Ceuta;Residentes en España;Total;36.508
51 Ceuta;Residentes en España;Enero;1.534
51 Ceuta;Residentes en España;Febrero;2.035
51 Ceuta;Residentes en España;Marzo;2.322
51 Ceuta;Residentes en España;Abril;2.109
51 Ceuta;Residentes en España;Mayo;3.035
51 Ceuta;Residentes en España;Junio;4.384
51 Ceuta;Residentes en España;Julio;3.999
51 Ceuta;Residentes en España;Agosto;4.180
51 Ceuta;Residentes en España;Septiembre;3.650
51 Ceuta;Residentes en España;Octubre;3.667
51 Ceuta;Residentes en España;Noviembre;3.298
51 Ceuta;Residentes en España;Diciembre;2.296
51 Ceuta;No residentes en España;Total;2.726
51 Ceuta;No residentes en España;Enero;..
51 Ceuta;No residentes en España;Febrero;..
51 Ceuta;No residentes en España;Marzo;144
51 Ceuta;No residentes en España;Abril;100
51 Ceuta;No residentes en España;Mayo;160
51 Ceuta;No residentes en España;Junio;221
51 Ceuta;No residentes en España;Julio;266
51 Ceuta;No residentes en España;Agosto;437
51 Ceuta;No residentes en España;Septiembre;338
51 Ceuta;No residentes en España;Octubre;330
51 Ceuta;No residentes en España;Noviembre;300
51 Ceuta;No residentes en España;Diciembre;219
51 Ceuta;Unión Europea 27 (sin España);Total;1.276
51 Ceuta;Unión Europea 27 (sin España);Enero;..
51 Ceuta;Unión Europea 27 (sin España);Febrero;..
51 Ceuta;Unión Europea 27 (sin España);Marzo;46
51 Ceuta;Unión Europea 27 (sin España);Abril;62
51 Ceuta;Unión Europea 27 (sin España);Mayo;126
51 Ceuta;Unión Europea 27 (sin España);Junio;106
51 Ceuta;Unión Europea 27 (sin España);Julio;138
51 Ceuta;Unión Europea 27 (sin España);Agosto;233
51 Ceuta;Unión Europea 27 (sin España);Septiembre;141
51 Ceuta;Unión Europea 27 (sin España);Octubre;168
51 Ceuta;Unión Europea 27 (sin España);Noviembre;107
51 Ceuta;Unión Europea 27 (sin España);Diciembre;83
51 Ceuta;Alemania;Total;116
51 Ceuta;Alemania;Enero;..
51 Ceuta;Alemania;Febrero;..
51 Ceuta;Alemania;Marzo;..
51 Ceuta;Alemania;Abril;..
51 Ceuta;Alemania;Mayo;16
51 Ceuta;Alemania;Junio;..
51 Ceuta;Alemania;Julio;..
51 Ceuta;Alemania;Agosto;18
51 Ceuta;Alemania;Septiembre;..
51 Ceuta;Alemania;Octubre;19
51 Ceuta;Alemania;Noviembre;22
51 Ceuta;Alemania;Diciembre;..
51 Ceuta;Austria;Total;..
51 Ceuta;Austria;Enero;..
51 Ceuta;Austria;Febrero;..
51 Ceuta;Austria;Marzo;..
51 Ceuta;Austria;Abril;..
51 Ceuta;Austria;Mayo;..
51 Ceuta;Austria;Junio;..
51 Ceuta;Austria;Julio;..
51 Ceuta;Austria;Agosto;..
51 Ceuta;Austria;Septiembre;..
51 Ceuta;Austria;Octubre;..
51 Ceuta;Austria;Noviembre;..
51 Ceuta;Austria;Diciembre;..
51 Ceuta;Bélgica;Total;81
51 Ceuta;Bélgica;Enero;..
51 Ceuta;Bélgica;Febrero;..
51 Ceuta;Bélgica;Marzo;..
51 Ceuta;Bélgica;Abril;..
51 Ceuta;Bélgica;Mayo;..
51 Ceuta;Bélgica;Junio;..
51 Ceuta;Bélgica;Julio;..
51 Ceuta;Bélgica;Agosto;..
51 Ceuta;Bélgica;Septiembre;..
51 Ceuta;Bélgica;Octubre;..
51 Ceuta;Bélgica;Noviembre;..
51 Ceuta;Bélgica;Diciembre;32
51 Ceuta;Dinamarca;Total;..
51 Ceuta;Dinamarca;Enero;..
51 Ceuta;Dinamarca;Febrero;..
51 Ceuta;Dinamarca;Marzo;..
51 Ceuta;Dinamarca;Abril;..
51 Ceuta;Dinamarca;Mayo;..
51 Ceuta;Dinamarca;Junio;..
51 Ceuta;Dinamarca;Julio;..
51 Ceuta;Dinamarca;Agosto;..
51 Ceuta;Dinamarca;Septiembre;..
51 Ceuta;Dinamarca;Octubre;..
51 Ceuta;Dinamarca;Noviembre;..
51 Ceuta;Dinamarca;Diciembre;..
51 Ceuta;Finlandia;Total;..
51 Ceuta;Finlandia;Enero;..
51 Ceuta;Finlandia;Febrero;..
51 Ceuta;Finlandia;Marzo;..
51 Ceuta;Finlandia;Abril;..
51 Ceuta;Finlandia;Mayo;..
51 Ceuta;Finlandia;Junio;..
51 Ceuta;Finlandia;Julio;..
51 Ceuta;Finlandia;Agosto;..
51 Ceuta;Finlandia;Septiembre;..
51 Ceuta;Finlandia;Octubre;..
51 Ceuta;Finlandia;Noviembre;..
51 Ceuta;Finlandia;Diciembre;..
51 Ceuta;Francia;Total;267
51 Ceuta;Francia;Enero;..
51 Ceuta;Francia;Febrero;..
51 Ceuta;Francia;Marzo;22
51 Ceuta;Francia;Abril;..
51 Ceuta;Francia;Mayo;24
51 Ceuta;Francia;Junio;25
51 Ceuta;Francia;Julio;25
51 Ceuta;Francia;Agosto;47
51 Ceuta;Francia;Septiembre;34
51 Ceuta;Francia;Octubre;29
51 Ceuta;Francia;Noviembre;..
51 Ceuta;Francia;Diciembre;..
51 Ceuta;Grecia;Total;..
51 Ceuta;Grecia;Enero;..
51 Ceuta;Grecia;Febrero;..
51 Ceuta;Grecia;Marzo;..
51 Ceuta;Grecia;Abril;..
51 Ceuta;Grecia;Mayo;..
51 Ceuta;Grecia;Junio;..
51 Ceuta;Grecia;Julio;..
51 Ceuta;Grecia;Agosto;..
51 Ceuta;Grecia;Septiembre;..
51 Ceuta;Grecia;Octubre;..
51 Ceuta;Grecia;Noviembre;..
51 Ceuta;Grecia;Diciembre;..
51 Ceuta;Irlanda;Total;..
51 Ceuta;Irlanda;Enero;..
51 Ceuta;Irlanda;Febrero;..
51 Ceuta;Irlanda;Marzo;..
51 Ceuta;Irlanda;Abril;..
51 Ceuta;Irlanda;Mayo;..
51 Ceuta;Irlanda;Junio;..
51 Ceuta;Irlanda;Julio;..
51 Ceuta;Irlanda;Agosto;..
51 Ceuta;Irlanda;Septiembre;..
51 Ceuta;Irlanda;Octubre;..
51 Ceuta;Irlanda;Noviembre;..
51 Ceuta;Irlanda;Diciembre;..
51 Ceuta;Italia;Total;155
51 Ceuta;Italia;Enero;..
51 Ceuta;Italia;Febrero;..
51 Ceuta;Italia;Marzo;..
51 Ceuta;Italia;Abril;26
51 Ceuta;Italia;Mayo;17
51 Ceuta;Italia;Junio;11
51 Ceuta;Italia;Julio;17
51 Ceuta;Italia;Agosto;17
51 Ceuta;Italia;Septiembre;..
51 Ceuta;Italia;Octubre;29
51 Ceuta;Italia;Noviembre;16
51 Ceuta;Italia;Diciembre;..
51 Ceuta;Luxemburgo;Total;..
51 Ceuta;Luxemburgo;Enero;..
51 Ceuta;Luxemburgo;Febrero;..
51 Ceuta;Luxemburgo;Marzo;..
51 Ceuta;Luxemburgo;Abril;..
51 Ceuta;Luxemburgo;Mayo;..
51 Ceuta;Luxemburgo;Junio;..
51 Ceuta;Luxemburgo;Julio;..
51 Ceuta;Luxemburgo;Agosto;..
51 Ceuta;Luxemburgo;Septiembre;..
51 Ceuta;Luxemburgo;Octubre;..
51 Ceuta;Luxemburgo;Noviembre;..
51 Ceuta;Luxemburgo;Diciembre;..
51 Ceuta;Países Bajos;Total;96
51 Ceuta;Países Bajos;Enero;..
51 Ceuta;Países Bajos;Febrero;..
51 Ceuta;Países Bajos;Marzo;..
51 Ceuta;Países Bajos;Abril;..
51 Ceuta;Países Bajos;Mayo;..
51 Ceuta;Países Bajos;Junio;..
51 Ceuta;Países Bajos;Julio;..
51 Ceuta;Países Bajos;Agosto;25
51 Ceuta;Países Bajos;Septiembre;..
51 Ceuta;Países Bajos;Octubre;36
51 Ceuta;Países Bajos;Noviembre;..
51 Ceuta;Países Bajos;Diciembre;..
51 Ceuta;Polonia;Total;51
51 Ceuta;Polonia;Enero;..
51 Ceuta;Polonia;Febrero;..
51 Ceuta;Polonia;Marzo;..
51 Ceuta;Polonia;Abril;..
51 Ceuta;Polonia;Mayo;..
51 Ceuta;Polonia;Junio;..
51 Ceuta;Polonia;Julio;..
51 Ceuta;Polonia;Agosto;..
51 Ceuta;Polonia;Septiembre;..
51 Ceuta;Polonia;Octubre;..
51 Ceuta;Polonia;Noviembre;..
51 Ceuta;Polonia;Diciembre;..
51 Ceuta;Portugal;Total;252
51 Ceuta;Portugal;Enero;..
51 Ceuta;Portugal;Febrero;..
51 Ceuta;Portugal;Marzo;..
51 Ceuta;Portugal;Abril;..
51 Ceuta;Portugal;Mayo;48
51 Ceuta;Portugal;Junio;13
51 Ceuta;Portugal;Julio;32
51 Ceuta;Portugal;Agosto;66
51 Ceuta;Portugal;Septiembre;34
51 Ceuta;Portugal;Octubre;..
51 Ceuta;Portugal;Noviembre;..
51 Ceuta;Portugal;Diciembre;..
51 Ceuta;República Checa;Total;..
51 Ceuta;República Checa;Enero;..
51 Ceuta;República Checa;Febrero;..
51 Ceuta;República Checa;Marzo;..
51 Ceuta;República Checa;Abril;..
51 Ceuta;República Checa;Mayo;..
51 Ceuta;República Checa;Junio;..
51 Ceuta;República Checa;Julio;..
51 Ceuta;República Checa;Agosto;..
51 Ceuta;República Checa;Septiembre;..
51 Ceuta;República Checa;Octubre;..
51 Ceuta;República Checa;Noviembre;..
51 Ceuta;República Checa;Diciembre;..
51 Ceuta;Suecia;Total;45
51 Ceuta;Suecia;Enero;..
51 Ceuta;Suecia;Febrero;..
51 Ceuta;Suecia;Marzo;..
51 Ceuta;Suecia;Abril;..
51 Ceuta;Suecia;Mayo;..
51 Ceuta;Suecia;Junio;..
51 Ceuta;Suecia;Julio;33
51 Ceuta;Suecia;Agosto;..
51 Ceuta;Suecia;Septiembre;..
51 Ceuta;Suecia;Octubre;..
51 Ceuta;Suecia;Noviembre;..
51 Ceuta;Suecia;Diciembre;..
51 Ceuta;Noruega;Total;..
51 Ceuta;Noruega;Enero;..
51 Ceuta;Noruega;Febrero;..
51 Ceuta;Noruega;Marzo;..
51 Ceuta;Noruega;Abril;..
51 Ceuta;Noruega;Mayo;..
51 Ceuta;Noruega;Junio;..
51 Ceuta;Noruega;Julio;..
51 Ceuta;Noruega;Agosto;..
51 Ceuta;Noruega;Septiembre;..
51 Ceuta;Noruega;Octubre;..
51 Ceuta;Noruega;Noviembre;..
51 Ceuta;Noruega;Diciembre;..
51 Ceuta;Reino Unido;Total;289
51 Ceuta;Reino Unido;Enero;..
51 Ceuta;Reino Unido;Febrero;30
51 Ceuta;Reino Unido;Marzo;..
51 Ceuta;Reino Unido;Abril;..
51 Ceuta;Reino Unido;Mayo;..
51 Ceuta;Reino Unido;Junio;57
51 Ceuta;Reino Unido;Julio;30
51 Ceuta;Reino Unido;Agosto;..
51 Ceuta;Reino Unido;Septiembre;47
51 Ceuta;Reino Unido;Octubre;..
51 Ceuta;Reino Unido;Noviembre;38
51 Ceuta;Reino Unido;Diciembre;13
51 Ceuta;Rusia;Total;40
51 Ceuta;Rusia;Enero;..
51 Ceuta;Rusia;Febrero;..
51 Ceuta;Rusia;Marzo;..
51 Ceuta;Rusia;Abril;..
51 Ceuta;Rusia;Mayo;..
51 Ceuta;Rusia;Junio;..
51 Ceuta;Rusia;Julio;..
51 Ceuta;Rusia;Agosto;..
51 Ceuta;Rusia;Septiembre;..
51 Ceuta;Rusia;Octubre;..
51 Ceuta;Rusia;Noviembre;..
51 Ceuta;Rusia;Diciembre;..
51 Ceuta;Suiza;Total;32
51 Ceuta;Suiza;Enero;..
51 Ceuta;Suiza;Febrero;..
51 Ceuta;Suiza;Marzo;..
51 Ceuta;Suiza;Abril;..
51 Ceuta;Suiza;Mayo;..
51 Ceuta;Suiza;Junio;..
51 Ceuta;Suiza;Julio;..
51 Ceuta;Suiza;Agosto;..
51 Ceuta;Suiza;Septiembre;14
51 Ceuta;Suiza;Octubre;..
51 Ceuta;Suiza;Noviembre;..
51 Ceuta;Suiza;Diciembre;..
51 Ceuta;Resto de Europa sin U.E.;Total;87
51 Ceuta;Resto de Europa sin U.E.;Enero;..
51 Ceuta;Resto de Europa sin U.E.;Febrero;..
51 Ceuta;Resto de Europa sin U.E.;Marzo;..
51 Ceuta;Resto de Europa sin U.E.;Abril;..
51 Ceuta;Resto de Europa sin U.E.;Mayo;..
51 Ceuta;Resto de Europa sin U.E.;Junio;..
51 Ceuta;Resto de Europa sin U.E.;Julio;..
51 Ceuta;Resto de Europa sin U.E.;Agosto;..
51 Ceuta;Resto de Europa sin U.E.;Septiembre;34
51 Ceuta;Resto de Europa sin U.E.;Octubre;..
51 Ceuta;Resto de Europa sin U.E.;Noviembre;..
51 Ceuta;Resto de Europa sin U.E.;Diciembre;20
51 Ceuta;Japón;Total;..
51 Ceuta;Japón;Enero;..
51 Ceuta;Japón;Febrero;..
51 Ceuta;Japón;Marzo;..
51 Ceuta;Japón;Abril;..
51 Ceuta;Japón;Mayo;..
51 Ceuta;Japón;Junio;..
51 Ceuta;Japón;Julio;..
51 Ceuta;Japón;Agosto;..
51 Ceuta;Japón;Septiembre;..
51 Ceuta;Japón;Octubre;..
51 Ceuta;Japón;Noviembre;..
51 Ceuta;Japón;Diciembre;..
51 Ceuta;República China;Total;..
51 Ceuta;República China;Enero;..
51 Ceuta;República China;Febrero;..
51 Ceuta;República China;Marzo;..
51 Ceuta;República China;Abril;..
51 Ceuta;República China;Mayo;..
51 Ceuta;República China;Junio;..
51 Ceuta;República China;Julio;..
51 Ceuta;República China;Agosto;..
51 Ceuta;República China;Septiembre;..
51 Ceuta;República China;Octubre;..
51 Ceuta;República China;Noviembre;..
51 Ceuta;República China;Diciembre;..
51 Ceuta;Estados Unidos;Total;114
51 Ceuta;Estados Unidos;Enero;..
51 Ceuta;Estados Unidos;Febrero;..
51 Ceuta;Estados Unidos;Marzo;..
51 Ceuta;Estados Unidos;Abril;..
51 Ceuta;Estados Unidos;Mayo;..
51 Ceuta;Estados Unidos;Junio;26
51 Ceuta;Estados Unidos;Julio;29
51 Ceuta;Estados Unidos;Agosto;..
51 Ceuta;Estados Unidos;Septiembre;..
51 Ceuta;Estados Unidos;Octubre;..
51 Ceuta;Estados Unidos;Noviembre;..
51 Ceuta;Estados Unidos;Diciembre;..
51 Ceuta;Resto de América;Total;237
51 Ceuta;Resto de América;Enero;..
51 Ceuta;Resto de América;Febrero;22
51 Ceuta;Resto de América;Marzo;..
51 Ceuta;Resto de América;Abril;11
51 Ceuta;Resto de América;Mayo;..
51 Ceuta;Resto de América;Junio;..
51 Ceuta;Resto de América;Julio;..
51 Ceuta;Resto de América;Agosto;30
51 Ceuta;Resto de América;Septiembre;..
51 Ceuta;Resto de América;Octubre;..
51 Ceuta;Resto de América;Noviembre;41
51 Ceuta;Resto de América;Diciembre;43
51 Ceuta;Países africanos;Total;565
51 Ceuta;Países africanos;Enero;..
51 Ceuta;Países africanos;Febrero;24
51 Ceuta;Países africanos;Marzo;50
51 Ceuta;Países africanos;Abril;..
51 Ceuta;Países africanos;Mayo;..
51 Ceuta;Países africanos;Junio;17
51 Ceuta;Países africanos;Julio;65
51 Ceuta;Países africanos;Agosto;76
51 Ceuta;Países africanos;Septiembre;66
51 Ceuta;Países africanos;Octubre;78
51 Ceuta;Países africanos;Noviembre;86
51 Ceuta;Países africanos;Diciembre;42
52 Melilla;Total;Total;33.091
52 Melilla;Total;Enero;1.716
52 Melilla;Total;Febrero;1.912
52 Melilla;Total;Marzo;2.094
52 Melilla;Total;Abril;2.167
52 Melilla;Total;Mayo;2.483
52 Melilla;Total;Junio;2.754
52 Melilla;Total;Julio;3.095
52 Melilla;Total;Agosto;3.437
52 Melilla;Total;Septiembre;3.274
52 Melilla;Total;Octubre;3.772
52 Melilla;Total;Noviembre;3.614
52 Melilla;Total;Diciembre;2.775
52 Melilla;Residentes en España;Total;28.949
52 Melilla;Residentes en España;Enero;1.549
52 Melilla;Residentes en España;Febrero;1.752
52 Melilla;Residentes en España;Marzo;1.907
52 Melilla;Residentes en España;Abril;1.762
52 Melilla;Residentes en España;Mayo;2.151
52 Melilla;Residentes en España;Junio;2.418
52 Melilla;Residentes en España;Julio;2.726
52 Melilla;Residentes en España;Agosto;3.041
52 Melilla;Residentes en España;Septiembre;2.819
52 Melilla;Residentes en España;Octubre;3.125
52 Melilla;Residentes en España;Noviembre;3.272
52 Melilla;Residentes en España;Diciembre;2.428
52 Melilla;No residentes en España;Total;4.142
52 Melilla;No residentes en España;Enero;167
52 Melilla;No residentes en España;Febrero;160
52 Melilla;No residentes en España;Marzo;187
52 Melilla;No residentes en España;Abril;405
52 Melilla;No residentes en España;Mayo;332
52 Melilla;No residentes en España;Junio;336
52 Melilla;No residentes en España;Julio;369
52 Melilla;No residentes en España;Agosto;396
52 Melilla;No residentes en España;Septiembre;455
52 Melilla;No residentes en España;Octubre;647
52 Melilla;No residentes en España;Noviembre;342
52 Melilla;No residentes en España;Diciembre;347
52 Melilla;Unión Europea 27 (sin España);Total;1.225
52 Melilla;Unión Europea 27 (sin España);Enero;29
52 Melilla;Unión Europea 27 (sin España);Febrero;43
52 Melilla;Unión Europea 27 (sin España);Marzo;68
52 Melilla;Unión Europea 27 (sin España);Abril;181
52 Melilla;Unión Europea 27 (sin España);Mayo;86
52 Melilla;Unión Europea 27 (sin España);Junio;64
52 Melilla;Unión Europea 27 (sin España);Julio;125
52 Melilla;Unión Europea 27 (sin España);Agosto;152
52 Melilla;Unión Europea 27 (sin España);Septiembre;156
52 Melilla;Unión Europea 27 (sin España);Octubre;142
52 Melilla;Unión Europea 27 (sin España);Noviembre;109
52 Melilla;Unión Europea 27 (sin España);Diciembre;70
52 Melilla;Alemania;Total;167
52 Melilla;Alemania;Enero;..
52 Melilla;Alemania;Febrero;..
52 Melilla;Alemania;Marzo;..
52 Melilla;Alemania;Abril;..
52 Melilla;Alemania;Mayo;30
52 Melilla;Alemania;Junio;..
52 Melilla;Alemania;Julio;20
52 Melilla;Alemania;Agosto;30
52 Melilla;Alemania;Septiembre;23
52 Melilla;Alemania;Octubre;20
52 Melilla;Alemania;Noviembre;16
52 Melilla;Alemania;Diciembre;..
52 Melilla;Austria;Total;..
52 Melilla;Austria;Enero;..
52 Melilla;Austria;Febrero;..
52 Melilla;Austria;Marzo;..
52 Melilla;Austria;Abril;..
52 Melilla;Austria;Mayo;..
52 Melilla;Austria;Junio;..
52 Melilla;Austria;Julio;..
52 Melilla;Austria;Agosto;..
52 Melilla;Austria;Septiembre;..
52 Melilla;Austria;Octubre;..
52 Melilla;Austria;Noviembre;..
52 Melilla;Austria;Diciembre;..
52 Melilla;Bélgica;Total;133
52 Melilla;Bélgica;Enero;..
52 Melilla;Bélgica;Febrero;..
52 Melilla;Bélgica;Marzo;..
52 Melilla;Bélgica;Abril;29
52 Melilla;Bélgica;Mayo;14
52 Melilla;Bélgica;Junio;..
52 Melilla;Bélgica;Julio;11
52 Melilla;Bélgica;Agosto;17
52 Melilla;Bélgica;Septiembre;11
52 Melilla;Bélgica;Octubre;..
52 Melilla;Bélgica;Noviembre;14
52 Melilla;Bélgica;Diciembre;16
52 Melilla;Dinamarca;Total;12
52 Melilla;Dinamarca;Enero;..
52 Melilla;Dinamarca;Febrero;..
52 Melilla;Dinamarca;Marzo;..
52 Melilla;Dinamarca;Abril;..
52 Melilla;Dinamarca;Mayo;..
52 Melilla;Dinamarca;Junio;..
52 Melilla;Dinamarca;Julio;..
52 Melilla;Dinamarca;Agosto;..
52 Melilla;Dinamarca;Septiembre;..
52 Melilla;Dinamarca;Octubre;..
52 Melilla;Dinamarca;Noviembre;..
52 Melilla;Dinamarca;Diciembre;..
52 Melilla;Finlandia;Total;14
52 Melilla;Finlandia;Enero;..
52 Melilla;Finlandia;Febrero;..
52 Melilla;Finlandia;Marzo;..
52 Melilla;Finlandia;Abril;..
52 Melilla;Finlandia;Mayo;..
52 Melilla;Finlandia;Junio;..
52 Melilla;Finlandia;Julio;..
52 Melilla;Finlandia;Agosto;..
52 Melilla;Finlandia;Septiembre;..
52 Melilla;Finlandia;Octubre;..
52 Melilla;Finlandia;Noviembre;..
52 Melilla;Finlandia;Diciembre;..
52 Melilla;Francia;Total;315
52 Melilla;Francia;Enero;..
52 Melilla;Francia;Febrero;..
52 Melilla;Francia;Marzo;23
52 Melilla;Francia;Abril;91
52 Melilla;Francia;Mayo;27
52 Melilla;Francia;Junio;26
52 Melilla;Francia;Julio;25
52 Melilla;Francia;Agosto;14
52 Melilla;Francia;Septiembre;29
52 Melilla;Francia;Octubre;18
52 Melilla;Francia;Noviembre;31
52 Melilla;Francia;Diciembre;16
52 Melilla;Grecia;Total;..
52 Melilla;Grecia;Enero;..
52 Melilla;Grecia;Febrero;..
52 Melilla;Grecia;Marzo;..
52 Melilla;Grecia;Abril;..
52 Melilla;Grecia;Mayo;..
52 Melilla;Grecia;Junio;..
52 Melilla;Grecia;Julio;..
52 Melilla;Grecia;Agosto;..
52 Melilla;Grecia;Septiembre;..
52 Melilla;Grecia;Octubre;..
52 Melilla;Grecia;Noviembre;..
52 Melilla;Grecia;Diciembre;..
52 Melilla;Irlanda;Total;39
52 Melilla;Irlanda;Enero;..
52 Melilla;Irlanda;Febrero;..
52 Melilla;Irlanda;Marzo;..
52 Melilla;Irlanda;Abril;..
52 Melilla;Irlanda;Mayo;..
52 Melilla;Irlanda;Junio;..
52 Melilla;Irlanda;Julio;14
52 Melilla;Irlanda;Agosto;..
52 Melilla;Irlanda;Septiembre;..
52 Melilla;Irlanda;Octubre;15
52 Melilla;Irlanda;Noviembre;..
52 Melilla;Irlanda;Diciembre;..
52 Melilla;Italia;Total;118
52 Melilla;Italia;Enero;..
52 Melilla;Italia;Febrero;13
52 Melilla;Italia;Marzo;..
52 Melilla;Italia;Abril;..
52 Melilla;Italia;Mayo;..
52 Melilla;Italia;Junio;..
52 Melilla;Italia;Julio;..
52 Melilla;Italia;Agosto;..
52 Melilla;Italia;Septiembre;26
52 Melilla;Italia;Octubre;15
52 Melilla;Italia;Noviembre;13
52 Melilla;Italia;Diciembre;12
52 Melilla;Luxemburgo;Total;..
52 Melilla;Luxemburgo;Enero;..
52 Melilla;Luxemburgo;Febrero;..
52 Melilla;Luxemburgo;Marzo;..
52 Melilla;Luxemburgo;Abril;..
52 Melilla;Luxemburgo;Mayo;..
52 Melilla;Luxemburgo;Junio;..
52 Melilla;Luxemburgo;Julio;..
52 Melilla;Luxemburgo;Agosto;..
52 Melilla;Luxemburgo;Septiembre;..
52 Melilla;Luxemburgo;Octubre;..
52 Melilla;Luxemburgo;Noviembre;..
52 Melilla;Luxemburgo;Diciembre;..
52 Melilla;Países Bajos;Total;126
52 Melilla;Países Bajos;Enero;..
52 Melilla;Países Bajos;Febrero;..
52 Melilla;Países Bajos;Marzo;..
52 Melilla;Países Bajos;Abril;..
52 Melilla;Países Bajos;Mayo;..
52 Melilla;Países Bajos;Junio;..
52 Melilla;Países Bajos;Julio;17
52 Melilla;Países Bajos;Agosto;38
52 Melilla;Países Bajos;Septiembre;15
52 Melilla;Países Bajos;Octubre;..
52 Melilla;Países Bajos;Noviembre;20
52 Melilla;Países Bajos;Diciembre;..
52 Melilla;Polonia;Total;18
52 Melilla;Polonia;Enero;..
52 Melilla;Polonia;Febrero;..
52 Melilla;Polonia;Marzo;..
52 Melilla;Polonia;Abril;12
52 Melilla;Polonia;Mayo;..
52 Melilla;Polonia;Junio;..
52 Melilla;Polonia;Julio;..
52 Melilla;Polonia;Agosto;..
52 Melilla;Polonia;Septiembre;..
52 Melilla;Polonia;Octubre;..
52 Melilla;Polonia;Noviembre;..
52 Melilla;Polonia;Diciembre;..
52 Melilla;Portugal;Total;71
52 Melilla;Portugal;Enero;..
52 Melilla;Portugal;Febrero;..
52 Melilla;Portugal;Marzo;..
52 Melilla;Portugal;Abril;20
52 Melilla;Portugal;Mayo;..
52 Melilla;Portugal;Junio;..
52 Melilla;Portugal;Julio;13
52 Melilla;Portugal;Agosto;16
52 Melilla;Portugal;Septiembre;..
52 Melilla;Portugal;Octubre;13
52 Melilla;Portugal;Noviembre;..
52 Melilla;Portugal;Diciembre;..
52 Melilla;República Checa;Total;..
52 Melilla;República Checa;Enero;..
52 Melilla;República Checa;Febrero;..
52 Melilla;República Checa;Marzo;..
52 Melilla;República Checa;Abril;..
52 Melilla;República Checa;Mayo;..
52 Melilla;República Checa;Junio;..
52 Melilla;República Checa;Julio;..
52 Melilla;República Checa;Agosto;..
52 Melilla;República Checa;Septiembre;..
52 Melilla;República Checa;Octubre;..
52 Melilla;República Checa;Noviembre;..
52 Melilla;República Checa;Diciembre;..
52 Melilla;Suecia;Total;22
52 Melilla;Suecia;Enero;..
52 Melilla;Suecia;Febrero;..
52 Melilla;Suecia;Marzo;..
52 Melilla;Suecia;Abril;..
52 Melilla;Suecia;Mayo;..
52 Melilla;Suecia;Junio;..
52 Melilla;Suecia;Julio;..
52 Melilla;Suecia;Agosto;..
52 Melilla;Suecia;Septiembre;..
52 Melilla;Suecia;Octubre;..
52 Melilla;Suecia;Noviembre;..
52 Melilla;Suecia;Diciembre;..
52 Melilla;Noruega;Total;..
52 Melilla;Noruega;Enero;..
52 Melilla;Noruega;Febrero;..
52 Melilla;Noruega;Marzo;..
52 Melilla;Noruega;Abril;..
52 Melilla;Noruega;Mayo;..
52 Melilla;Noruega;Junio;..
52 Melilla;Noruega;Julio;..
52 Melilla;Noruega;Agosto;..
52 Melilla;Noruega;Septiembre;..
52 Melilla;Noruega;Octubre;..
52 Melilla;Noruega;Noviembre;..
52 Melilla;Noruega;Diciembre;..
52 Melilla;Reino Unido;Total;73
52 Melilla;Reino Unido;Enero;..
52 Melilla;Reino Unido;Febrero;..
52 Melilla;Reino Unido;Marzo;..
52 Melilla;Reino Unido;Abril;..
52 Melilla;Reino Unido;Mayo;..
52 Melilla;Reino Unido;Junio;15
52 Melilla;Reino Unido;Julio;..
52 Melilla;Reino Unido;Agosto;..
52 Melilla;Reino Unido;Septiembre;19
52 Melilla;Reino Unido;Octubre;..
52 Melilla;Reino Unido;Noviembre;..
52 Melilla;Reino Unido;Diciembre;..
52 Melilla;Rusia;Total;..
52 Melilla;Rusia;Enero;..
52 Melilla;Rusia;Febrero;..
52 Melilla;Rusia;Marzo;..
52 Melilla;Rusia;Abril;..
52 Melilla;Rusia;Mayo;..
52 Melilla;Rusia;Junio;..
52 Melilla;Rusia;Julio;..
52 Melilla;Rusia;Agosto;..
52 Melilla;Rusia;Septiembre;..
52 Melilla;Rusia;Octubre;..
52 Melilla;Rusia;Noviembre;..
52 Melilla;Rusia;Diciembre;..
52 Melilla;Suiza;Total;22
52 Melilla;Suiza;Enero;..
52 Melilla;Suiza;Febrero;..
52 Melilla;Suiza;Marzo;..
52 Melilla;Suiza;Abril;..
52 Melilla;Suiza;Mayo;..
52 Melilla;Suiza;Junio;..
52 Melilla;Suiza;Julio;..
52 Melilla;Suiza;Agosto;..
52 Melilla;Suiza;Septiembre;..
52 Melilla;Suiza;Octubre;..
52 Melilla;Suiza;Noviembre;..
52 Melilla;Suiza;Diciembre;..
52 Melilla;Resto de Europa sin U.E.;Total;121
52 Melilla;Resto de Europa sin U.E.;Enero;..
52 Melilla;Resto de Europa sin U.E.;Febrero;..
52 Melilla;Resto de Europa sin U.E.;Marzo;..
52 Melilla;Resto de Europa sin U.E.;Abril;63
52 Melilla;Resto de Europa sin U.E.;Mayo;..
52 Melilla;Resto de Europa sin U.E.;Junio;..
52 Melilla;Resto de Europa sin U.E.;Julio;..
52 Melilla;Resto de Europa sin U.E.;Agosto;10
52 Melilla;Resto de Europa sin U.E.;Septiembre;..
52 Melilla;Resto de Europa sin U.E.;Octubre;..
52 Melilla;Resto de Europa sin U.E.;Noviembre;21
52 Melilla;Resto de Europa sin U.E.;Diciembre;..
52 Melilla;Japón;Total;..
52 Melilla;Japón;Enero;..
52 Melilla;Japón;Febrero;..
52 Melilla;Japón;Marzo;..
52 Melilla;Japón;Abril;..
52 Melilla;Japón;Mayo;..
52 Melilla;Japón;Junio;..
52 Melilla;Japón;Julio;..
52 Melilla;Japón;Agosto;..
52 Melilla;Japón;Septiembre;..
52 Melilla;Japón;Octubre;..
52 Melilla;Japón;Noviembre;..
52 Melilla;Japón;Diciembre;..
52 Melilla;República China;Total;..
52 Melilla;República China;Enero;..
52 Melilla;República China;Febrero;..
52 Melilla;República China;Marzo;..
52 Melilla;República China;Abril;..
52 Melilla;República China;Mayo;..
52 Melilla;República China;Junio;..
52 Melilla;República China;Julio;..
52 Melilla;República China;Agosto;..
52 Melilla;República China;Septiembre;..
52 Melilla;República China;Octubre;..
52 Melilla;República China;Noviembre;..
52 Melilla;República China;Diciembre;..
52 Melilla;Estados Unidos;Total;78
52 Melilla;Estados Unidos;Enero;..
52 Melilla;Estados Unidos;Febrero;..
52 Melilla;Estados Unidos;Marzo;..
52 Melilla;Estados Unidos;Abril;..
52 Melilla;Estados Unidos;Mayo;..
52 Melilla;Estados Unidos;Junio;..
52 Melilla;Estados Unidos;Julio;..
52 Melilla;Estados Unidos;Agosto;..
52 Melilla;Estados Unidos;Septiembre;..
52 Melilla;Estados Unidos;Octubre;32
52 Melilla;Estados Unidos;Noviembre;..
52 Melilla;Estados Unidos;Diciembre;..
52 Melilla;Resto de América;Total;222
52 Melilla;Resto de América;Enero;26
52 Melilla;Resto de América;Febrero;11
52 Melilla;Resto de América;Marzo;..
52 Melilla;Resto de América;Abril;20
52 Melilla;Resto de América;Mayo;12
52 Melilla;Resto de América;Junio;..
52 Melilla;Resto de América;Julio;..
52 Melilla;Resto de América;Agosto;..
52 Melilla;Resto de América;Septiembre;28
52 Melilla;Resto de América;Octubre;54
52 Melilla;Resto de América;Noviembre;21
52 Melilla;Resto de América;Diciembre;28
52 Melilla;Países africanos;Total;2.157
52 Melilla;Países africanos;Enero;103
52 Melilla;Países africanos;Febrero;83
52 Melilla;Países africanos;Marzo;96
52 Melilla;Países africanos;Abril;71
52 Melilla;Países africanos;Mayo;208
52 Melilla;Países africanos;Junio;229
52 Melilla;Países africanos;Julio;210
52 Melilla;Países africanos;Agosto;206
52 Melilla;Países africanos;Septiembre;187
52 Melilla;Países africanos;Octubre;378
52 Melilla;Países africanos;Noviembre;165
52 Melilla;Países africanos;Diciembre;223
